{
  "ablation": "ct-UAE removal",
  "experiment": "P0 leave-one-G6-host-out",
  "per_fold": {
    "MoS2": {
      "with_uae": 0.5221874117851257,
      "no_uae": 0.5395660400390625,
      "delta": 0.017378628253936768
    },
    "MoSe2": {
      "with_uae": 0.376726359128952,
      "no_uae": 0.3598347306251526,
      "delta": -0.01689162850379944
    },
    "MoTe2": {
      "with_uae": 0.480378657579422,
      "no_uae": 0.42980536818504333,
      "delta": -0.05057328939437866
    },
    "WS2": {
      "with_uae": 0.758820652961731,
      "no_uae": 0.6390246748924255,
      "delta": -0.11979597806930542
    },
    "WSe2": {
      "with_uae": 0.6532977819442749,
      "no_uae": 0.44009536504745483,
      "delta": -0.21320241689682007
    },
    "WTe2": {
      "with_uae": 0.5059505701065063,
      "no_uae": 0.5618366599082947,
      "delta": 0.05588608980178833
    },
    "MoSSe": {
      "with_uae": 0.4835100471973419,
      "no_uae": 0.4810679852962494,
      "delta": -0.0024420619010925293
    }
  },
  "mean_with_uae": 0.5401244972433362,
  "mean_no_uae": 0.4930329748562404,
  "delta_mean": -0.0470915223870958,
  "paired_ttest_p": 0.223518218469087,
  "wilcoxon_p": 0.375,
  "conclusion": "no-UAE better for OOD"
}