host,dopant,dopant_Z,dopant_period,n_sites,true_preference,predicted_preference,preference_eligible,preference_correct,true_margin_eV,predicted_margin_eV,margin_absolute_error_eV,true_global_best,n_tied_true_global_best_sites,predicted_global_best,global_site_correct,global_uniform_exact_expectation,global_screening_regret_eV,majority_preference_correct,preference_gain_over_majority,global_exact_gain_over_uniform
As2,Ag,47,5,4,adsorbate,adsorbate,1,1,2.256500849999995,3.3721920251846313,1.1156911751846366,adsorbate:ads2,1,adsorbate:ads2,1,0.25,0.0,1,0,0.75
As2,Al,13,3,4,adsorbate,adsorbate,1,1,1.9435646299999976,1.8603928089141846,0.083171821085813,adsorbate:ads2,1,adsorbate:ads2,1,0.25,0.0,1,0,0.75
As2,Au,79,6,4,adsorbate,adsorbate,1,1,1.8303445399999982,2.3201651573181152,0.489820617318117,adsorbate:ads2,1,adsorbate:ads2,1,0.25,0.0,1,0,0.75
As2,B,5,2,5,adsorbate,adsorbate,1,1,1.080271210000006,0.37904858589172363,0.7012226241082824,adsorbate:ads2,1,adsorbate:ads1,0,0.2,0.14302157999999565,1,0,-0.2
As2,Ba,56,6,4,adsorbate,adsorbate,1,1,0.806667570000002,1.2670743465423584,0.4604067765423564,adsorbate:ads1,1,adsorbate:ads2,0,0.25,0.049801680000001625,1,0,-0.25
As2,Be,4,2,5,adsorbate,adsorbate,1,1,1.8497335999999929,0.5776019096374512,1.2721316903625417,adsorbate:ads1,1,adsorbate:ads2,0,0.2,0.5289901499999985,1,0,-0.2
As2,C,6,2,5,adsorbate,adsorbate,1,1,1.1581801699999943,0.6417465209960938,0.5164336490039005,adsorbate:ads1,1,adsorbate:ads1,1,0.2,0.0,1,0,0.8
As2,Ca,20,4,4,adsorbate,adsorbate,1,1,3.6351497600000044,4.067352294921875,0.43220253492187055,adsorbate:ads1,1,adsorbate:ads2,0,0.25,0.0006650700000108145,1,0,-0.25
As2,Cd,48,5,4,adsorbate,adsorbate,1,1,4.681915230000001,4.088396072387695,0.593519157612306,adsorbate:ads2,1,adsorbate:ads2,1,0.25,0.0,1,0,0.75
As2,Cl,17,3,4,adsorbate,adsorbate,1,1,4.768567119999999,4.908483028411865,0.13991590841186596,adsorbate:ads2,1,adsorbate:ads1,0,0.25,0.2599469999999967,1,0,-0.25
As2,Co,27,4,3,interstitial,interstitial,1,1,-1.5361832799999888,-1.5865416526794434,0.05035837267945453,interstitial:int1,1,interstitial:int1,1,0.3333333333333333,0.0,0,1,0.6666666666666667
As2,Cr,24,4,4,interstitial,interstitial,1,1,-0.6290403999999938,-0.17476439476013184,0.454276005239862,interstitial:int1,1,interstitial:int1,1,0.25,0.0,0,1,0.75
As2,Cs,55,6,4,adsorbate,adsorbate,1,1,3.144244630000003,7.794782876968384,4.650538246968381,adsorbate:ads2,1,adsorbate:ads0,0,0.25,0.4285358300000014,1,0,-0.25
As2,Cu,29,4,4,adsorbate,interstitial,1,0,0.5378127999999975,-0.21273624897003174,0.7505490489700293,adsorbate:ads2,1,interstitial:int1,0,0.25,0.5378127999999975,1,-1,-0.25
As2,F,9,2,5,adsorbate,adsorbate,1,1,1.6950706099999877,1.5375010967254639,0.15756951327452384,adsorbate:ads0,1,adsorbate:ads1,0,0.2,1.1021541599999978,1,0,-0.2
As2,Fe,26,4,3,interstitial,interstitial,1,1,-0.1433014200000009,-0.5357403755187988,0.3924389555187979,interstitial:int1,1,interstitial:int1,1,0.3333333333333333,0.0,0,1,0.6666666666666667
As2,Ga,31,4,3,adsorbate,adsorbate,1,1,2.869291650000008,2.41651713848114,0.45277451151886794,adsorbate:ads1,1,adsorbate:ads1,1,0.3333333333333333,0.0,1,0,0.6666666666666667
As2,Ge,32,4,4,adsorbate,adsorbate,1,1,2.8672165100000058,2.098716616630554,0.7684998933694516,adsorbate:ads2,1,adsorbate:ads2,1,0.25,0.0,1,0,0.75
As2,H,1,1,5,adsorbate,adsorbate,1,1,0.08537502000000086,0.21658718585968018,0.13121216585967932,adsorbate:ads1,1,adsorbate:ads0,0,0.2,0.2897075000000059,1,0,-0.2
As2,Hf,72,6,3,adsorbate,adsorbate,1,1,0.410631070000008,0.1745612621307373,0.23606980786927068,adsorbate:ads2,1,adsorbate:ads2,1,0.3333333333333333,0.0,1,0,0.6666666666666667
As2,Hg,80,6,4,adsorbate,adsorbate,1,1,5.369364360000006,5.5407397747039795,0.17137541470397366,adsorbate:ads2,1,adsorbate:ads1,0,0.25,0.0408556400000037,1,0,-0.25
As2,Ir,77,6,2,interstitial,interstitial,1,1,-3.696281529999993,-2.545461654663086,1.1508198753369072,interstitial:int1,1,interstitial:int1,1,0.5,0.0,0,1,0.5
As2,K,19,4,4,adsorbate,adsorbate,1,1,6.147208030000001,6.3333656787872314,0.18615764878723073,adsorbate:ads2,1,adsorbate:ads2,1,0.25,0.0,1,0,0.75
As2,Li,3,2,4,adsorbate,adsorbate,1,1,1.3507470899999987,0.8790135383605957,0.471733551639403,adsorbate:ads2,1,adsorbate:ads2,1,0.25,0.0,1,0,0.75
As2,Lu,71,6,4,adsorbate,adsorbate,1,1,1.865256830000007,1.0391432046890259,0.8261136253109811,adsorbate:ads2,1,adsorbate:ads2,1,0.25,0.0,1,0,0.75
As2,Mn,25,4,4,adsorbate,interstitial,1,0,0.3776742300000111,-0.3490943908691406,0.7267686208691517,adsorbate:ads2,1,interstitial:int1,0,0.25,0.3776742300000111,1,-1,-0.25
As2,Mo,42,5,4,interstitial,interstitial,1,1,-1.2870306200000101,-1.4816265106201172,0.19459589062010707,interstitial:int1,1,interstitial:int1,1,0.25,0.0,0,1,0.75
As2,N,7,2,4,adsorbate,adsorbate,1,1,2.0386540900000085,2.5137240886688232,0.4750699986688147,adsorbate:ads1,1,adsorbate:ads2,0,0.25,0.3576956200000012,1,0,-0.25
As2,Nb,41,5,4,interstitial,interstitial,1,1,-0.16561070000000155,-0.3710911273956299,0.20548042739562833,interstitial:int1,1,interstitial:int1,1,0.25,0.0,0,1,0.75
As2,Ni,28,4,3,interstitial,interstitial,1,1,-1.2055803900000086,-0.7651711702346802,0.44040921976532843,interstitial:int1,1,interstitial:int1,1,0.3333333333333333,0.0,0,1,0.6666666666666667
As2,O,8,2,4,adsorbate,adsorbate,1,1,2.619294410000009,2.3837286233901978,0.2355657866098113,adsorbate:ads0,1,adsorbate:ads0,1,0.25,0.0,1,0,0.75
As2,Os,76,6,3,interstitial,interstitial,1,1,-0.09569983000000093,-0.24252867698669434,0.1468288469866934,interstitial:int1,1,interstitial:int1,1,0.3333333333333333,0.0,0,1,0.6666666666666667
As2,P,15,3,4,adsorbate,adsorbate,1,1,1.7102183900000085,2.1593759059906006,0.44915751599059206,adsorbate:ads1,1,adsorbate:ads2,0,0.25,0.03268855000000315,1,0,-0.25
As2,Pb,82,6,4,adsorbate,adsorbate,1,1,1.985555669999997,4.725059270858765,2.7395036008587677,adsorbate:ads2,1,adsorbate:ads2,1,0.25,0.0,1,0,0.75
As2,Pd,46,5,4,interstitial,adsorbate,1,0,-0.33993166000000463,0.6290498971939087,0.9689815571939133,interstitial:int1,1,adsorbate:ads2,0,0.25,0.33993166000000463,0,0,-0.25
As2,Pt,78,6,3,adsorbate,interstitial,1,0,0.44481310999999835,-0.058545589447021484,0.5033586994470198,adsorbate:ads1,1,interstitial:int1,0,0.3333333333333333,0.44481310999999835,1,-1,-0.3333333333333333
As2,Re,75,6,3,interstitial,adsorbate,1,0,-1.0135894600000066,0.22191715240478516,1.2355066124047918,interstitial:int1,1,adsorbate:ads2,0,0.3333333333333333,1.0135894600000066,0,0,-0.3333333333333333
As2,Rh,45,5,3,interstitial,interstitial,1,1,-0.2343215099999867,-0.15983664989471436,0.07448486010527233,interstitial:int1,1,interstitial:int1,1,0.3333333333333333,0.0,0,1,0.6666666666666667
As2,Ru,44,5,4,adsorbate,interstitial,1,0,0.24829848000000254,-0.4213540554046631,0.6696525354046656,adsorbate:ads2,1,interstitial:int1,0,0.25,0.24829848000000254,1,-1,-0.25
As2,S,16,3,4,adsorbate,adsorbate,1,1,3.648949729999998,3.0156924724578857,0.633257257542112,adsorbate:ads1,1,adsorbate:ads0,0,0.25,0.30450912000000585,1,0,-0.25
As2,Sb,51,5,3,adsorbate,adsorbate,1,1,4.897663299999991,4.146981358528137,0.7506819414718535,adsorbate:ads2,1,adsorbate:ads2,1,0.3333333333333333,0.0,1,0,0.6666666666666667
As2,Sc,21,4,3,adsorbate,adsorbate,1,1,1.7972155500000042,1.2062236070632935,0.5909919429367108,adsorbate:ads2,1,adsorbate:ads2,1,0.3333333333333333,0.0,1,0,0.6666666666666667
As2,Se,34,4,4,adsorbate,adsorbate,1,1,4.305187090000004,4.744601249694824,0.4394141596948202,adsorbate:ads1,1,adsorbate:ads0,0,0.25,0.2352251500000051,1,0,-0.25
As2,Si,14,3,4,adsorbate,adsorbate,1,1,1.3104113400000015,0.7435435056686401,0.5668678343313613,adsorbate:ads2,1,adsorbate:ads1,0,0.25,0.0854656300000014,1,0,-0.25
As2,Sn,50,5,4,adsorbate,adsorbate,1,1,5.435144080000001,4.085082650184631,1.3500614298153693,adsorbate:ads2,1,adsorbate:ads2,1,0.25,0.0,1,0,0.75
As2,Sr,38,5,4,adsorbate,adsorbate,1,1,5.060271459999996,4.497133016586304,0.5631384434136919,adsorbate:ads1,1,adsorbate:ads1,1,0.25,0.0,1,0,0.75
As2,Ta,73,6,3,interstitial,interstitial,1,1,-1.1048331599999983,-1.201270580291748,0.09643742029174973,interstitial:int1,1,interstitial:int1,1,0.3333333333333333,0.0,0,1,0.6666666666666667
As2,Tc,43,5,3,interstitial,interstitial,1,1,-1.3920699300000052,-2.2846806049346924,0.8926106749346872,interstitial:int1,1,interstitial:int1,1,0.3333333333333333,0.0,0,1,0.6666666666666667
As2,Te,52,5,4,adsorbate,adsorbate,1,1,5.821253629999987,5.593189001083374,0.22806462891661283,adsorbate:ads1,1,adsorbate:ads1,1,0.25,0.0,1,0,0.75
As2,Ti,22,4,3,interstitial,adsorbate,1,0,-0.0005295699999978698,0.3377338647842407,0.3382634347842386,interstitial:int1,1,adsorbate:ads2,0,0.3333333333333333,0.0005295699999978698,0,0,-0.3333333333333333
As2,Tl,81,6,3,adsorbate,adsorbate,1,1,5.6149968,6.258147478103638,0.6431506781036376,adsorbate:ads1,1,adsorbate:ads1,1,0.3333333333333333,0.0,1,0,0.6666666666666667
As2,V,23,4,4,adsorbate,interstitial,1,0,0.1784415399999939,-0.23696064949035645,0.41540218949035035,adsorbate:ads2,1,interstitial:int1,0,0.25,0.1784415399999939,1,-1,-0.25
As2,W,74,6,3,interstitial,interstitial,1,1,-0.4353704800000031,-0.9565796852111816,0.5212092052111785,interstitial:int1,1,interstitial:int1,1,0.3333333333333333,0.0,0,1,0.6666666666666667
As2,Xe,54,5,4,adsorbate,adsorbate,1,1,10.61932257000001,2.843104600906372,7.776217969093638,adsorbate:ads1,1,adsorbate:ads2,0,0.25,0.07554054000000579,1,0,-0.25
As2,Y,39,5,4,adsorbate,adsorbate,1,1,1.6286774400000041,2.0466606616973877,0.41798322169738356,adsorbate:ads1,1,adsorbate:ads1,1,0.25,0.0,1,0,0.75
As2,Zn,30,4,4,adsorbate,adsorbate,1,1,2.722906909999992,2.5439658164978027,0.17894109350218912,adsorbate:ads2,1,adsorbate:ads2,1,0.25,0.0,1,0,0.75
As2,Zr,40,5,4,adsorbate,adsorbate,1,1,0.5017570400000011,0.2661247253417969,0.23563231465820422,adsorbate:ads1,1,adsorbate:ads2,0,0.25,0.3015454900000094,1,0,-0.25
Bi2I6,K,19,4,3,interstitial,interstitial,1,1,-1.08081928,-0.1642627716064453,0.9165565083935547,interstitial:int4,1,interstitial:int4,1,0.3333333333333333,0.0,0,1,0.6666666666666667
Bi2I6,Lu,71,6,7,interstitial,interstitial,1,1,-2.1447613299999944,-1.14461088180542,1.0001504481945744,interstitial:int4,1,interstitial:int4,1,0.14285714285714285,0.0,0,1,0.8571428571428572
Bi2I6,Mg,12,3,2,interstitial,interstitial,1,1,-3.9073918999999933,-5.530852317810059,1.6234604178100653,interstitial:int4,1,interstitial:int4,1,0.5,0.0,0,1,0.5
Bi2I6,Re,75,6,8,interstitial,adsorbate,1,0,-2.2606197500000054,2.1661834716796875,4.426803221679693,interstitial:int2,1,adsorbate:ads1,0,0.125,2.2606197500000054,0,0,-0.125
Bi2I6,Ru,44,5,2,interstitial,adsorbate,1,0,-0.18449435999998798,1.7762422561645508,1.9607366161645388,interstitial:int0,1,adsorbate:ads0,0,0.5,0.18449435999998798,0,0,-0.5
Bi2I6,Xe,54,5,8,adsorbate,adsorbate,1,1,0.9765776800000054,1.7035942077636719,0.7270165277636664,adsorbate:ads0,1,adsorbate:ads2,0,0.125,0.019531069999999318,1,0,-0.125
BiITe,Al,13,3,3,adsorbate,adsorbate,1,1,6.0180840700000005,3.107903242111206,2.9101808278887944,adsorbate:ads5,1,adsorbate:ads5,1,0.3333333333333333,0.0,1,0,0.6666666666666667
BiITe,B,5,2,2,adsorbate,interstitial,1,0,2.24987908,-0.2858295440673828,2.5357086240673827,adsorbate:ads0,1,interstitial:int2,0,0.5,2.24987908,1,-1,-0.5
BiITe,Ge,32,4,3,adsorbate,adsorbate,1,1,0.6190227200000047,2.8049482107162476,2.185925490716243,adsorbate:ads2,1,adsorbate:ads2,1,0.3333333333333333,0.0,1,0,0.6666666666666667
BiITe,Lu,71,6,7,adsorbate,interstitial,1,0,0.16885888000000238,-1.181445598602295,1.3503044786022973,adsorbate:ads5,1,interstitial:int3,0,0.14285714285714285,0.16885888000000238,1,-1,-0.14285714285714285
BiITe,Re,75,6,8,interstitial,adsorbate,1,0,-1.468013270000001,0.17637228965759277,1.6443855596575938,interstitial:int1,1,adsorbate:ads3,0,0.125,2.699079019999999,0,0,-0.125
BiITe,Xe,54,5,8,adsorbate,adsorbate,1,1,5.092111250000002,2.3213346004486084,2.7707766495513937,adsorbate:ads0,1,adsorbate:ads0,1,0.125,0.0,1,0,0.875
C2H2,B,5,2,5,adsorbate,adsorbate,1,1,5.945688879999979,5.92771053314209,0.01797834685788935,adsorbate:ads0,1,adsorbate:ads0,1,0.2,0.0,1,0,0.8
C2H2,Be,4,2,3,adsorbate,adsorbate,1,1,6.412731620000047,2.201694965362549,4.211036654637498,adsorbate:ads2,1,adsorbate:ads0,0,0.3333333333333333,0.0005839000000373851,1,0,-0.3333333333333333
C2H2,Cu,29,4,5,adsorbate,adsorbate,1,1,11.021983869999985,15.178892135620117,4.156908265620132,adsorbate:ads2,1,adsorbate:ads2,1,0.2,0.0,1,0,0.8
C2H2,F,9,2,5,adsorbate,adsorbate,1,1,14.605953080000006,14.441826343536377,0.16412673646362919,adsorbate:ads2,1,adsorbate:ads1,0,0.2,0.1119551099999967,1,0,-0.2
C2H2,Li,3,2,6,adsorbate,adsorbate,1,1,6.069230759999982,10.245331883430481,4.176101123430499,adsorbate:ads0,1,adsorbate:ads2,0,0.16666666666666666,0.00928793999997879,1,0,-0.16666666666666666
C2H2,Mg,12,3,6,adsorbate,adsorbate,1,1,16.423768999999993,13.377691984176636,3.046077015823357,adsorbate:ads1,1,adsorbate:ads2,0,0.16666666666666666,0.0047016999999982545,1,0,-0.16666666666666666
C2H2,N,7,2,5,adsorbate,adsorbate,1,1,11.359218890000028,9.355782508850098,2.00343638114993,adsorbate:int2,1,adsorbate:int2,1,0.2,0.0,1,0,0.8
C2H2,Na,11,3,4,adsorbate,adsorbate,1,1,16.682952739999962,16.51721680164337,0.1657359383565904,adsorbate:ads2,1,adsorbate:ads1,0,0.25,0.007741679999980988,1,0,-0.25
C2H2,O,8,2,6,adsorbate,adsorbate,1,1,13.107206890000045,11.255347490310669,1.851859399689376,adsorbate:ads0,1,adsorbate:ads0,1,0.16666666666666666,0.0,1,0,0.8333333333333334
C2H2,Zn,30,4,4,adsorbate,adsorbate,1,1,17.584542779999992,13.430448174476624,4.154094605523369,adsorbate:ads2,1,adsorbate:ads1,0,0.25,0.07065742999998292,1,0,-0.25
Cr2I6,Ag,47,5,6,interstitial,interstitial,1,1,-0.14921013000000005,-0.26574862003326416,0.11653849003326411,interstitial:int3,1,interstitial:int3,1,0.16666666666666666,0.0,0,1,0.8333333333333334
Cr2I6,Al,13,3,6,interstitial,interstitial,1,1,-0.33687574000001064,-0.8714888095855713,0.5346130695855607,interstitial:int3,1,interstitial:int3,1,0.16666666666666666,0.0,0,1,0.8333333333333334
Cr2I6,As,33,4,6,adsorbate,adsorbate,1,1,0.011579390000008516,0.5552196502685547,0.5436402602685462,adsorbate:ads2,1,adsorbate:ads1,0,0.16666666666666666,0.2466350100000061,1,0,-0.16666666666666666
Cr2I6,Au,79,6,6,interstitial,adsorbate,1,0,-0.036047969999998486,0.46270322799682617,0.49875119799682466,interstitial:int1,1,adsorbate:ads1,0,0.16666666666666666,0.036047969999998486,0,0,-0.16666666666666666
Cr2I6,B,5,2,7,interstitial,interstitial,1,1,-0.8267634300000006,-1.5762133598327637,0.749449929832763,interstitial:int0,1,interstitial:int0,1,0.14285714285714285,0.0,0,1,0.8571428571428572
Cr2I6,Ba,56,6,4,interstitial,interstitial,1,1,-0.8043481700000257,-0.7751646041870117,0.029183565813013956,interstitial:int3,1,interstitial:int3,1,0.25,0.0,0,1,0.75
Cr2I6,Be,4,2,6,interstitial,interstitial,1,1,-2.492316790000004,-2.1397784948349,0.35253829516510393,interstitial:ads2,1,interstitial:int1,0,0.16666666666666666,1.6254035999999985,0,1,-0.16666666666666666
Cr2I6,Br,35,4,5,adsorbate,adsorbate,1,1,1.3128035100000086,2.043765425682068,0.7309619156820593,adsorbate:ads2,1,adsorbate:ads0,0,0.2,0.12334940000000916,1,0,-0.2
Cr2I6,C,6,2,6,interstitial,interstitial,1,1,-1.6303027500000251,-1.0814595222473145,0.5488432277527107,interstitial:int0,1,interstitial:int0,1,0.16666666666666666,0.0,0,1,0.8333333333333334
Cr2I6,Ca,20,4,6,interstitial,interstitial,1,1,-1.5422137399999936,-0.8763628005981445,0.665850939401849,interstitial:int3,1,interstitial:int3,1,0.16666666666666666,0.0,0,1,0.8333333333333334
Cr2I6,Cd,48,5,5,interstitial,adsorbate,1,0,-0.17680792000000167,0.8556041717529297,1.0324120917529314,interstitial:int3,1,adsorbate:ads0,0,0.2,0.17680792000000167,0,0,-0.2
Cr2I6,Cl,17,3,6,adsorbate,adsorbate,1,1,0.9750438599999993,0.8415515422821045,0.13349231771789483,adsorbate:ads2,1,adsorbate:ads2,1,0.16666666666666666,0.0,1,0,0.8333333333333334
Cr2I6,Co,27,4,6,interstitial,interstitial,1,1,-0.3360406000000187,-0.4253866672515869,0.08934606725156824,interstitial:int3,1,interstitial:int1,0,0.16666666666666666,0.4238158800000069,0,1,-0.16666666666666666
Cr2I6,Cs,55,6,5,adsorbate,adsorbate,1,1,1.2245581199999833,1.1969001293182373,0.027657990681746014,adsorbate:ads1,1,adsorbate:ads1,1,0.2,0.0,1,0,0.8
Cr2I6,Cu,29,4,6,adsorbate,interstitial,1,0,0.16077849000001265,-0.2492896318435669,0.41006812184357955,adsorbate:ads1,1,interstitial:int1,0,0.16666666666666666,0.4230015200000139,1,-1,-0.16666666666666666
Cr2I6,F,9,2,7,interstitial,interstitial,1,1,-0.6303288699999994,-0.033017635345458984,0.5973112346545404,interstitial:int2,1,interstitial:int3,0,0.14285714285714285,0.7027349900000102,0,1,-0.14285714285714285
Cr2I6,Fe,26,4,6,interstitial,interstitial,1,1,-0.4106988700000045,-0.23055219650268555,0.18014667349731894,interstitial:int1,1,interstitial:int1,1,0.16666666666666666,0.0,0,1,0.8333333333333334
Cr2I6,Ga,31,4,4,interstitial,interstitial,1,1,-0.04012632000001304,-0.1388481855392456,0.09872186553923257,interstitial:int3,1,interstitial:int3,1,0.25,0.0,0,1,0.75
Cr2I6,Ge,32,4,4,adsorbate,adsorbate,1,1,0.376999310000002,0.3889193534851074,0.011920043485105447,adsorbate:ads2,1,adsorbate:ads2,1,0.25,0.0,1,0,0.75
Cr2I6,H,1,1,7,interstitial,interstitial,1,1,-0.19010283000000072,-0.019885659217834473,0.17021717078216625,interstitial:int1,1,interstitial:int2,0,0.14285714285714285,3.611083100000001,0,1,-0.14285714285714285
Cr2I6,Hf,72,6,4,interstitial,interstitial,1,1,-2.2623377299999845,-2.0239336490631104,0.23840408093687415,interstitial:int3,1,interstitial:int3,1,0.25,0.0,0,1,0.75
Cr2I6,Hg,80,6,5,adsorbate,adsorbate,1,1,1.2537379600000094,1.9665749073028564,0.7128369473028471,adsorbate:ads2,1,adsorbate:ads2,1,0.2,0.0,1,0,0.8
Cr2I6,Ir,77,6,6,interstitial,interstitial,1,1,-0.740712340000016,-1.5695793628692627,0.8288670228692467,interstitial:int1,1,interstitial:int1,1,0.16666666666666666,0.0,0,1,0.8333333333333334
Cr2I6,K,19,4,6,adsorbate,adsorbate,1,1,0.15812846000000036,0.6250309944152832,0.46690253441528284,adsorbate:ads1,1,adsorbate:ads2,0,0.16666666666666666,0.03156618999997818,1,0,-0.16666666666666666
Cr2I6,Li,3,2,5,interstitial,interstitial,1,1,-0.4741861300000211,-0.06627535820007324,0.40791077179994784,interstitial:int3,1,interstitial:int3,1,0.2,0.0,0,1,0.8
Cr2I6,Lu,71,6,6,interstitial,interstitial,1,1,-2.3038741999999957,-1.3189470767974854,0.9849271232025103,interstitial:int3,1,interstitial:int3,1,0.16666666666666666,0.0,0,1,0.8333333333333334
Cr2I6,Mg,12,3,5,interstitial,interstitial,1,1,-0.6313231399999921,-0.2769589424133301,0.35436419758666204,interstitial:int3,1,interstitial:int3,1,0.2,0.0,0,1,0.8
Cr2I6,Mn,25,4,5,interstitial,interstitial,1,1,-0.6955135100000119,-0.234177827835083,0.46133568216492893,interstitial:int3,1,interstitial:int3,1,0.2,0.0,0,1,0.8
Cr2I6,Mo,42,5,5,interstitial,interstitial,1,1,-1.6239566299999812,-1.6799397468566895,0.055983116856708204,interstitial:int1,1,interstitial:int1,1,0.2,0.0,0,1,0.8
Cr2I6,N,7,2,6,interstitial,interstitial,1,1,-1.499398670000005,-2.1389472484588623,0.6395485784588573,interstitial:int0,1,interstitial:int0,1,0.16666666666666666,0.0,0,1,0.8333333333333334
Cr2I6,Nb,41,5,5,interstitial,interstitial,1,1,-2.195241710000005,-1.202402114868164,0.9928395951318407,interstitial:int3,1,interstitial:int3,1,0.2,0.0,0,1,0.8
Cr2I6,Ni,28,4,6,interstitial,interstitial,1,1,-0.20837270999999213,-0.8132531642913818,0.6048804542913897,interstitial:int3,1,interstitial:ads1,0,0.16666666666666666,0.8848414800000057,0,1,-0.16666666666666666
Cr2I6,O,8,2,6,interstitial,interstitial,1,1,-0.13607149000000618,-1.2439132928848267,1.1078418028848205,interstitial:int1,1,interstitial:int1,1,0.16666666666666666,0.0,0,1,0.8333333333333334
Cr2I6,Os,76,6,5,interstitial,interstitial,1,1,-1.6842170999999846,-1.1845853328704834,0.4996317671295012,interstitial:int1,1,interstitial:int1,1,0.2,0.0,0,1,0.8
Cr2I6,P,15,3,6,interstitial,interstitial,1,1,-0.22668651999998657,-0.37119579315185547,0.1445092731518689,interstitial:int0,1,interstitial:int1,0,0.16666666666666666,0.2198452299999758,0,1,-0.16666666666666666
Cr2I6,Pb,82,6,2,adsorbate,interstitial,1,0,13.963456499999992,-1.1871477365493774,15.15060423654937,adsorbate:ads0,1,interstitial:int3,0,0.5,13.963456499999992,1,-1,-0.5
Cr2I6,Pd,46,5,5,adsorbate,adsorbate,1,1,0.0739030400000047,0.16539287567138672,0.09148983567138202,adsorbate:ads1,1,adsorbate:ads1,1,0.2,0.0,1,0,0.8
Cr2I6,Pt,78,6,5,interstitial,interstitial,1,1,-0.12009741000000007,-0.5053942203521729,0.3852968103521728,interstitial:int1,1,interstitial:int1,1,0.2,0.0,0,1,0.8
Cr2I6,Rb,37,5,6,adsorbate,adsorbate,1,1,0.654730910000012,0.8848578929901123,0.23012698299010026,adsorbate:ads1,1,adsorbate:ads1,1,0.16666666666666666,0.0,1,0,0.8333333333333334
Cr2I6,Re,75,6,5,interstitial,interstitial,1,1,-2.081581760000006,-1.1587028503417969,0.9228789096582091,interstitial:int1,1,interstitial:int1,1,0.2,0.0,0,1,0.8
Cr2I6,Rh,45,5,6,interstitial,interstitial,1,1,-0.499246959999994,-0.21504521369934082,0.2842017463006532,interstitial:int1,1,interstitial:int1,1,0.16666666666666666,0.0,0,1,0.8333333333333334
Cr2I6,Ru,44,5,6,interstitial,interstitial,1,1,-0.9756180999999917,-0.46204566955566406,0.5135724304443277,interstitial:int1,1,interstitial:int1,1,0.16666666666666666,0.0,0,1,0.8333333333333334
Cr2I6,S,16,3,6,interstitial,interstitial,1,1,-0.40163405999999213,-0.011232137680053711,0.3904019223199384,interstitial:int1,1,interstitial:int1,1,0.16666666666666666,0.0,0,1,0.8333333333333334
Cr2I6,Sb,51,5,6,interstitial,adsorbate,1,0,-0.05403153000000316,1.0567419528961182,1.1107734828961213,interstitial:int1,1,adsorbate:ads2,0,0.16666666666666666,0.05403153000000316,0,0,-0.16666666666666666
Cr2I6,Sc,21,4,6,interstitial,interstitial,1,1,-1.865539749999982,-1.813066005706787,0.052473744293194846,interstitial:int3,1,interstitial:int3,1,0.16666666666666666,0.0,0,1,0.8333333333333334
Cr2I6,Se,34,4,6,adsorbate,adsorbate,1,1,0.28382277000000067,0.09259641170501709,0.19122635829498358,adsorbate:ads0,1,adsorbate:ads0,1,0.16666666666666666,0.0,1,0,0.8333333333333334
Cr2I6,Si,14,3,6,interstitial,interstitial,1,1,-0.2862854600000162,-0.5813686847686768,0.29508322476866056,interstitial:int3,1,interstitial:int3,1,0.16666666666666666,0.0,0,1,0.8333333333333334
Cr2I6,Sn,50,5,4,adsorbate,adsorbate,1,1,0.5600411499999893,2.1009854078292847,1.5409442578292953,adsorbate:ads2,1,adsorbate:ads2,1,0.25,0.0,1,0,0.75
Cr2I6,Sr,38,5,5,interstitial,interstitial,1,1,-1.3012108599999974,-0.6070067882537842,0.6942040717462132,interstitial:int3,1,interstitial:int3,1,0.2,0.0,0,1,0.8
Cr2I6,Ta,73,6,5,interstitial,interstitial,1,1,-1.9158512900000058,-2.2952537536621094,0.3794024636621036,interstitial:int1,1,interstitial:int3,0,0.2,0.08834859999998956,0,1,-0.2
Cr2I6,Tc,43,5,6,interstitial,interstitial,1,1,-1.8837921599999845,-0.30509257316589355,1.578699586834091,interstitial:int1,1,interstitial:int1,1,0.16666666666666666,0.0,0,1,0.8333333333333334
Cr2I6,Te,52,5,6,adsorbate,adsorbate,1,1,1.2607431999999932,0.5636320114135742,0.697111188586419,adsorbate:ads0,1,adsorbate:ads0,1,0.16666666666666666,0.0,1,0,0.8333333333333334
Cr2I6,Ti,22,4,6,interstitial,interstitial,1,1,-0.8852676699999902,-1.177527904510498,0.29226023451050787,interstitial:int1,1,interstitial:int3,0,0.16666666666666666,0.13404407999999546,0,1,-0.16666666666666666
Cr2I6,Tl,81,6,3,interstitial,adsorbate,1,0,-0.020995620000007875,1.0542845726013184,1.0752801926013262,interstitial:int3,1,adsorbate:ads0,0,0.3333333333333333,0.020995620000007875,0,0,-0.3333333333333333
Cr2I6,V,23,4,4,interstitial,interstitial,1,1,-0.8528379500000085,-0.6904590129852295,0.162378937014779,interstitial:int1,1,interstitial:int3,0,0.25,0.34387171000000194,0,1,-0.25
Cr2I6,W,74,6,4,interstitial,interstitial,1,1,-2.1539753599999756,-1.4019720554351807,0.7520033045647949,interstitial:int1,1,interstitial:int1,1,0.25,0.0,0,1,0.75
Cr2I6,Xe,54,5,6,adsorbate,adsorbate,1,1,2.879437260000003,2.2451436519622803,0.6342936080377228,adsorbate:ads1,1,adsorbate:ads0,0,0.16666666666666666,0.009897949999995596,1,0,-0.16666666666666666
Cr2I6,Y,39,5,6,interstitial,interstitial,1,1,-2.250760350000008,-2.1475861072540283,0.10317424274597986,interstitial:int3,1,interstitial:int3,1,0.16666666666666666,0.0,0,1,0.8333333333333334
Cr2I6,Zn,30,4,3,interstitial,interstitial,1,1,-0.2855103899999989,-1.0313804149627686,0.7458700249627697,interstitial:int1,1,interstitial:int3,0,0.3333333333333333,0.12673678000000177,0,1,-0.3333333333333333
Cr2I6,Zr,40,5,4,interstitial,interstitial,1,1,-1.875778969999999,-2.4823288917541504,0.6065499217541515,interstitial:int3,1,interstitial:int3,1,0.25,0.0,0,1,0.75
Ge2,Al,13,3,3,adsorbate,adsorbate,1,1,0.9827807699999911,0.6686927080154419,0.3140880619845492,adsorbate:ads1,1,adsorbate:ads1,1,0.3333333333333333,0.0,1,0,0.6666666666666667
Ge2,B,5,2,4,adsorbate,adsorbate,1,1,1.417141049999998,1.7489086389541626,0.3317675889541647,adsorbate:ads1,1,adsorbate:ads1,1,0.25,0.0,1,0,0.75
Ge2,Be,4,2,3,interstitial,interstitial,1,1,-1.29199349000001,-1.6015344858169556,0.3095409958169455,interstitial:int1,1,interstitial:ads2,0,0.3333333333333333,0.0026059400000093547,0,1,-0.3333333333333333
Ge2,Br,35,4,4,adsorbate,adsorbate,1,1,4.371593050000001,4.610839128494263,0.23924607849426138,adsorbate:ads1,1,adsorbate:ads1,1,0.25,0.0,1,0,0.75
Ge2,C,6,2,3,interstitial,interstitial,1,1,-0.9102862799999931,-0.8678412437438965,0.042445036256096635,interstitial:int1,1,interstitial:int1,1,0.3333333333333333,0.0,0,1,0.6666666666666667
Ge2,Ca,20,4,4,adsorbate,adsorbate,1,1,1.672239730000001,1.8639640808105469,0.19172435081054595,adsorbate:ads2,1,adsorbate:ads2,1,0.25,0.0,1,0,0.75
Ge2,Cd,48,5,4,adsorbate,adsorbate,1,1,2.0056699100000093,2.4610087871551514,0.4553388771551421,adsorbate:ads1,1,adsorbate:ads1,1,0.25,0.0,1,0,0.75
Ge2,Cl,17,3,4,adsorbate,adsorbate,1,1,4.27648764,3.2169318199157715,1.0595558200842286,adsorbate:ads1,1,adsorbate:ads1,1,0.25,0.0,1,0,0.75
Ge2,Co,27,4,3,interstitial,interstitial,1,1,-1.8779773799999901,-1.5232257843017578,0.35475159569823234,interstitial:int1,1,interstitial:int1,1,0.3333333333333333,0.0,0,1,0.6666666666666667
Ge2,Cs,55,6,3,adsorbate,adsorbate,1,1,7.265927140000004,6.768481969833374,0.49744517016663004,adsorbate:ads2,1,adsorbate:ads2,1,0.3333333333333333,0.0,1,0,0.6666666666666667
Ge2,F,9,2,4,adsorbate,adsorbate,1,1,2.777708880000006,2.0762338638305664,0.7014750161694394,adsorbate:ads1,1,adsorbate:ads1,1,0.25,0.0,1,0,0.75
Ge2,Ga,31,4,3,adsorbate,adsorbate,1,1,1.4874255900000009,2.375995635986328,0.8885700459863273,adsorbate:ads1,1,adsorbate:ads1,1,0.3333333333333333,0.0,1,0,0.6666666666666667
Ge2,H,1,1,3,adsorbate,adsorbate,1,1,1.4663501600000046,1.2618012428283691,0.20454891717163548,adsorbate:ads0,1,adsorbate:ads0,1,0.3333333333333333,0.0,1,0,0.6666666666666667
Ge2,Hf,72,6,4,adsorbate,interstitial,1,0,0.26955777999999964,-0.03390383720397949,0.30346161720397913,adsorbate:ads2,1,interstitial:int1,0,0.25,0.26955777999999964,1,-1,-0.25
Ge2,K,19,4,3,adsorbate,adsorbate,1,1,4.408730689999999,5.197007179260254,0.7882764892602552,adsorbate:ads1,1,adsorbate:ads1,1,0.3333333333333333,0.0,1,0,0.6666666666666667
Ge2,Li,3,2,3,adsorbate,adsorbate,1,1,0.4489012599999996,1.1872509717941284,0.7383497117941289,adsorbate:ads2,1,adsorbate:ads2,1,0.3333333333333333,0.0,1,0,0.6666666666666667
Ge2,Lu,71,6,3,interstitial,interstitial,1,1,-0.836666919999999,-0.239790678024292,0.596876241975707,interstitial:int1,1,interstitial:int1,1,0.3333333333333333,0.0,0,1,0.6666666666666667
Ge2,Mg,12,3,4,adsorbate,adsorbate,1,1,0.7502157999999921,0.8509933948516846,0.10077759485169246,adsorbate:ads2,1,adsorbate:ads2,1,0.25,0.0,1,0,0.75
Ge2,Mn,25,4,3,interstitial,interstitial,1,1,-2.340959120000008,-2.2675106525421143,0.07344846745789368,interstitial:int1,1,interstitial:int1,1,0.3333333333333333,0.0,0,1,0.6666666666666667
Ge2,Mo,42,5,3,interstitial,interstitial,1,1,-4.148255459999987,-2.7440695762634277,1.4041858837365595,interstitial:int1,1,interstitial:int1,1,0.3333333333333333,0.0,0,1,0.6666666666666667
Ge2,N,7,2,3,interstitial,interstitial,1,1,-1.4494885299999964,-1.063223123550415,0.3862654064495814,interstitial:ads1,1,interstitial:ads1,1,0.3333333333333333,0.0,0,1,0.6666666666666667
Ge2,Na,11,3,4,adsorbate,adsorbate,1,1,2.0281418499999977,1.841736078262329,0.1864057717376686,adsorbate:ads2,1,adsorbate:ads2,1,0.25,0.0,1,0,0.75
Ge2,Ni,28,4,4,interstitial,interstitial,1,1,-1.0239564700000017,-1.3968106508255005,0.3728541808254988,interstitial:ads2,1,interstitial:int1,0,0.25,0.004773679999999558,0,1,-0.25
Ge2,O,8,2,4,adsorbate,adsorbate,1,1,3.5934020699999962,3.0726113319396973,0.520790738060299,adsorbate:ads1,1,adsorbate:ads1,1,0.25,0.0,1,0,0.75
Ge2,Os,76,6,3,interstitial,interstitial,1,1,-2.829408029999996,-2.933271646499634,0.1038636164996376,interstitial:int1,1,interstitial:int1,1,0.3333333333333333,0.0,0,1,0.6666666666666667
Ge2,Pd,46,5,3,adsorbate,interstitial,1,0,0.3732842000000005,-0.29656386375427246,0.669848063754273,adsorbate:ads2,1,interstitial:int1,0,0.3333333333333333,0.3732842000000005,1,-1,-0.3333333333333333
Ge2,Pt,78,6,2,interstitial,interstitial,1,1,-0.1719332300000077,-0.6175297498703003,0.4455965198702926,interstitial:int1,1,interstitial:int1,1,0.5,0.0,0,1,0.5
Ge2,Rb,37,5,4,adsorbate,adsorbate,1,1,5.556573529999994,6.670527219772339,1.1139536897723445,adsorbate:ads2,1,adsorbate:ads2,1,0.25,0.0,1,0,0.75
Ge2,Re,75,6,3,interstitial,interstitial,1,1,-3.3333472500000028,-3.0877641439437866,0.24558310605621614,interstitial:int1,1,interstitial:int1,1,0.3333333333333333,0.0,0,1,0.6666666666666667
Ge2,Rh,45,5,2,interstitial,interstitial,1,1,-2.034411689999999,-1.2929149866104126,0.7414967033895863,interstitial:int1,1,interstitial:int1,1,0.5,0.0,0,1,0.5
Ge2,Ru,44,5,3,interstitial,interstitial,1,1,-2.305684069999998,-2.697627067565918,0.3919429975659199,interstitial:int1,1,interstitial:int1,1,0.3333333333333333,0.0,0,1,0.6666666666666667
Ge2,S,16,3,3,adsorbate,adsorbate,1,1,1.6044906900000055,1.5699877738952637,0.034502916104741876,adsorbate:ads2,1,adsorbate:ads2,1,0.3333333333333333,0.0,1,0,0.6666666666666667
Ge2,Sb,51,5,4,adsorbate,adsorbate,1,1,2.4210285299999867,2.0648887157440186,0.3561398142559682,adsorbate:ads2,1,adsorbate:ads1,0,0.25,0.127155579999993,1,0,-0.25
Ge2,Sc,21,4,4,adsorbate,adsorbate,1,1,0.5421231100000057,0.18000245094299316,0.3621206590570125,adsorbate:ads2,1,adsorbate:ads2,1,0.25,0.0,1,0,0.75
Ge2,Si,14,3,4,adsorbate,adsorbate,1,1,0.4464928200000031,0.5815929174423218,0.13510009744231866,adsorbate:ads1,1,adsorbate:ads1,1,0.25,0.0,1,0,0.75
Ge2,Ta,73,6,3,interstitial,interstitial,1,1,-6.016637379999992,-5.9722442626953125,0.04439311730467921,interstitial:int1,1,interstitial:int1,1,0.3333333333333333,0.0,0,1,0.6666666666666667
Ge2,Tc,43,5,4,interstitial,interstitial,1,1,-3.407777259999989,-3.1285400390625,0.27923722093748893,interstitial:ads2,1,interstitial:int1,0,0.25,0.4686140499999993,0,1,-0.25
Ge2,Ti,22,4,4,interstitial,interstitial,1,1,-2.618556769999998,-2.357910633087158,0.26064613691283967,interstitial:ads2,1,interstitial:ads2,1,0.25,0.0,0,1,0.75
Ge2,V,23,4,2,interstitial,interstitial,1,1,-4.697028000000003,-4.790657043457031,0.09362904345702816,interstitial:int1,1,interstitial:int1,1,0.5,0.0,0,1,0.5
Ge2,W,74,6,3,interstitial,interstitial,1,1,-4.544579470000003,-3.921687602996826,0.6228918670031769,interstitial:int1,1,interstitial:int1,1,0.3333333333333333,0.0,0,1,0.6666666666666667
Ge2,Xe,54,5,4,adsorbate,adsorbate,1,1,6.858125610000002,3.0658371448516846,3.7922884651483173,adsorbate:ads1,1,adsorbate:ads2,0,0.25,0.045456670000007096,1,0,-0.25
Ge2,Zr,40,5,4,adsorbate,interstitial,1,0,0.44153775000000905,-0.20924711227416992,0.650784862274179,adsorbate:ads2,1,interstitial:int1,0,0.25,0.44153775000000905,1,-1,-0.25
Ge2H2,Al,13,3,4,interstitial,adsorbate,1,0,-0.1859286000000111,0.23740887641906738,0.4233374764190785,interstitial:ads2,1,adsorbate:ads1,0,0.25,0.1859286000000111,0,0,-0.25
Ge2H2,B,5,2,3,interstitial,adsorbate,1,0,-0.8906999900000026,0.3247098922729492,1.2154098822729518,interstitial:ads1,1,adsorbate:ads0,0,0.3333333333333333,0.8906999900000026,0,0,-0.3333333333333333
Ge2H2,Be,4,2,3,interstitial,interstitial,1,1,-0.6064849900000113,-0.5648586750030518,0.04162631499695957,interstitial:ads2,1,interstitial:ads2,1,0.3333333333333333,0.0,0,1,0.6666666666666667
Ge2H2,C,6,2,4,interstitial,adsorbate,1,0,-1.368581459999973,0.16895675659179688,1.53753821659177,interstitial:int0,1,adsorbate:ads0,0,0.25,1.368581459999973,0,0,-0.25
Ge2H2,Ca,20,4,4,interstitial,interstitial,1,1,-0.3997914299999934,-0.5420992374420166,0.1423078074420232,interstitial:ads2,1,interstitial:ads2,1,0.25,0.0,0,1,0.75
Ge2H2,Co,27,4,4,interstitial,interstitial,1,1,-0.7789264600000076,-2.024174451828003,1.2452479918279953,interstitial:ads1,1,interstitial:ads2,0,0.25,0.0445245900000093,0,1,-0.25
Ge2H2,Cr,24,4,3,interstitial,adsorbate,1,0,-0.6080038599999962,0.09179234504699707,0.6997962050469932,interstitial:ads2,1,adsorbate:ads1,0,0.3333333333333333,0.6080038599999962,0,0,-0.3333333333333333
Ge2H2,F,9,2,4,interstitial,interstitial,1,1,-0.09738353000000188,-7.408244848251343,7.310861318251341,interstitial:ads2,1,interstitial:ads1,0,0.25,0.3175293699999884,0,1,-0.25
Ge2H2,Ga,31,4,2,interstitial,adsorbate,1,0,-0.7622208899999805,0.0028123855590820312,0.7650332755590625,interstitial:ads2,1,adsorbate:ads0,0,0.5,0.7622208899999805,0,0,-0.5
Ge2H2,Hf,72,6,2,interstitial,interstitial,1,1,-0.18773312000001763,-2.0634472370147705,1.8757141170147529,interstitial:ads2,1,interstitial:ads2,1,0.5,0.0,0,1,0.5
Ge2H2,Li,3,2,4,adsorbate,interstitial,1,0,0.014515549999998698,-0.3451378345489502,0.3596533845489489,adsorbate:ads1,1,interstitial:ads2,0,0.25,0.014515549999998698,1,-1,-0.25
Ge2H2,Lu,71,6,3,interstitial,interstitial,1,1,-1.1589729099999886,-0.7183287143707275,0.44064419562926105,interstitial:ads2,1,interstitial:ads2,1,0.3333333333333333,0.0,0,1,0.6666666666666667
Ge2H2,Mn,25,4,4,interstitial,interstitial,1,1,-0.20208278000001245,-0.25414371490478516,0.052060934904772704,interstitial:ads2,1,interstitial:ads2,1,0.25,0.0,0,1,0.75
Ge2H2,Mo,42,5,4,interstitial,interstitial,1,1,-1.535270890000021,-1.8483753204345703,0.3131044304345494,interstitial:ads1,1,interstitial:ads1,1,0.25,0.0,0,1,0.75
Ge2H2,N,7,2,3,adsorbate,adsorbate,1,1,0.5165095700000109,0.4536590576171875,0.06285051238282335,adsorbate:ads0,1,adsorbate:ads1,0,0.3333333333333333,0.5125520299999948,1,0,-0.3333333333333333
Ge2H2,Nb,41,5,2,interstitial,interstitial,1,1,-8.09861090999999,-6.951972961425781,1.1466379485742095,interstitial:ads2,1,interstitial:ads2,1,0.5,0.0,0,1,0.5
Ge2H2,Ni,28,4,3,interstitial,interstitial,1,1,-1.2718430799999965,-1.4040026664733887,0.1321595864733922,interstitial:ads1,1,interstitial:ads1,1,0.3333333333333333,0.0,0,1,0.6666666666666667
Ge2H2,O,8,2,5,interstitial,interstitial,1,1,-1.6928123000000141,-0.04326045513153076,1.6495518448684834,interstitial:int1,1,interstitial:int1,1,0.2,0.0,0,1,0.8
Ge2H2,Pd,46,5,4,interstitial,interstitial,1,1,-1.4176026800000159,-0.514671802520752,0.9029308774792639,interstitial:ads1,1,interstitial:ads1,1,0.25,0.0,0,1,0.75
Ge2H2,Pt,78,6,5,interstitial,interstitial,1,1,-0.9533043000000121,-0.8068032264709473,0.14650107352906483,interstitial:ads2,1,interstitial:ads2,1,0.2,0.0,0,1,0.8
Ge2H2,Rh,45,5,3,interstitial,interstitial,1,1,-2.2358246000000004,-1.4018774032592773,0.833947196740723,interstitial:ads1,1,interstitial:ads1,1,0.3333333333333333,0.0,0,1,0.6666666666666667
Ge2H2,Ru,44,5,4,interstitial,interstitial,1,1,-2.8121656099999943,-1.580672264099121,1.2314933459008732,interstitial:ads1,1,interstitial:ads2,0,0.25,0.502388939999975,0,1,-0.25
Ge2H2,Sc,21,4,4,interstitial,adsorbate,1,0,-0.6110542400000156,0.16370105743408203,0.7747552974340977,interstitial:ads2,1,adsorbate:ads1,0,0.25,0.6110542400000156,0,0,-0.25
Ge2H2,Si,14,3,3,adsorbate,interstitial,1,0,0.17476352999997857,-0.4728846549987793,0.6476481849987579,adsorbate:ads1,1,interstitial:ads2,0,0.3333333333333333,0.17476352999997857,1,-1,-0.3333333333333333
Ge2H2,Ta,73,6,4,interstitial,interstitial,1,1,-2.2596740099999986,-1.6575112342834473,0.6021627757165513,interstitial:ads1,1,interstitial:ads1,1,0.25,0.0,0,1,0.75
Ge2H2,Tc,43,5,5,interstitial,interstitial,1,1,-2.009097939999976,-2.6914689540863037,0.6823710140863275,interstitial:ads1,1,interstitial:ads2,0,0.2,0.147131129999992,0,1,-0.2
Ge2H2,Ti,22,4,3,interstitial,interstitial,1,1,-2.7566368399999988,-2.0328807830810547,0.7237560569189441,interstitial:ads2,1,interstitial:ads2,1,0.3333333333333333,0.0,0,1,0.6666666666666667
Ge2H2,V,23,4,4,interstitial,interstitial,1,1,-2.3195423599999856,-1.8485033512115479,0.47103900878843774,interstitial:ads2,1,interstitial:ads1,0,0.25,0.4326276500000006,0,1,-0.25
Ge2H2,Y,39,5,4,interstitial,interstitial,1,1,-0.7940037500000017,-0.9898605346679688,0.19585678466796708,interstitial:ads2,1,interstitial:ads2,1,0.25,0.0,0,1,0.75
Hf2Te6,Ag,47,5,7,interstitial,interstitial,1,1,-0.5601924900000199,-0.7191954851150513,0.15900299511503135,interstitial:int0,1,interstitial:int1,0,0.14285714285714285,0.001750940000022183,0,1,-0.14285714285714285
Hf2Te6,Al,13,3,7,interstitial,interstitial,1,1,-0.5274107500000014,-0.6669512987136841,0.1395405487136827,interstitial:int1,1,interstitial:int1,1,0.14285714285714285,0.0,0,1,0.8571428571428572
Hf2Te6,As,33,4,8,interstitial,interstitial,1,1,-1.4482622200000037,-1.4630807638168335,0.014818543816829788,interstitial:int0,1,interstitial:int1,0,0.125,0.00035637999997095715,0,1,-0.125
Hf2Te6,Au,79,6,6,interstitial,interstitial,1,1,-1.1169342900000176,-1.4666187763214111,0.3496844863213935,interstitial:int1,1,interstitial:int1,1,0.16666666666666666,0.0,0,1,0.8333333333333334
Hf2Te6,B,5,2,8,interstitial,interstitial,1,1,-2.4608910300000275,-1.5622172355651855,0.898673794434842,interstitial:int3,1,interstitial:int5,0,0.125,0.10587765000002403,0,1,-0.125
Hf2Te6,Ba,56,6,4,adsorbate,adsorbate,1,1,1.592694999999992,1.8696273565292358,0.27693235652924386,adsorbate:ads1,1,adsorbate:ads1,1,0.25,0.0,1,0,0.75
Hf2Te6,Be,4,2,7,interstitial,interstitial,1,1,-1.8760629800000288,-0.9486141204833984,0.9274488595166304,interstitial:int1,1,interstitial:int1,1,0.14285714285714285,0.0,0,1,0.8571428571428572
Hf2Te6,Br,35,4,7,adsorbate,adsorbate,1,1,0.1812492200000407,0.49890315532684326,0.31765393532680253,adsorbate:ads2,1,adsorbate:ads2,1,0.14285714285714285,0.0,1,0,0.8571428571428572
Hf2Te6,C,6,2,8,interstitial,interstitial,1,1,-1.8443407499999571,-2.0188560485839844,0.17451529858402726,interstitial:int4,1,interstitial:int4,1,0.125,0.0,0,1,0.875
Hf2Te6,Ca,20,4,7,interstitial,interstitial,1,1,-0.47954162000002043,-0.26187896728515625,0.21766265271486418,interstitial:int1,1,interstitial:int1,1,0.14285714285714285,0.0,0,1,0.8571428571428572
Hf2Te6,Cd,48,5,6,adsorbate,adsorbate,1,1,0.29510415999999406,1.2746130228042603,0.9795088628042662,adsorbate:ads1,1,adsorbate:ads1,1,0.16666666666666666,0.0,1,0,0.8333333333333334
Hf2Te6,Cl,17,3,6,interstitial,interstitial,1,1,-0.16347661999998322,-0.27794361114501953,0.1144669911450363,interstitial:int5,1,interstitial:int5,1,0.16666666666666666,0.0,0,1,0.8333333333333334
Hf2Te6,Co,27,4,7,interstitial,interstitial,1,1,-2.4769425499999898,-2.226337432861328,0.2506051171386616,interstitial:int1,1,interstitial:int1,1,0.14285714285714285,0.0,0,1,0.8571428571428572
Hf2Te6,Cr,24,4,7,interstitial,interstitial,1,1,-1.8683441300000254,-1.837408185005188,0.030935944994837428,interstitial:int1,1,interstitial:int1,1,0.14285714285714285,0.0,0,1,0.8571428571428572
Hf2Te6,Cs,55,6,6,adsorbate,adsorbate,1,1,4.37891879,4.583013296127319,0.20409450612731916,adsorbate:ads1,1,adsorbate:ads1,1,0.16666666666666666,0.0,1,0,0.8333333333333334
Hf2Te6,Cu,29,4,8,interstitial,interstitial,1,1,-1.2926535500000114,-0.856374979019165,0.4362785709808463,interstitial:int3,1,interstitial:int1,0,0.125,0.4610897100000102,0,1,-0.125
Hf2Te6,F,9,2,7,interstitial,interstitial,1,1,-0.9521331400000008,-1.274348258972168,0.32221511897216715,interstitial:ads1,1,interstitial:ads1,1,0.14285714285714285,0.0,0,1,0.8571428571428572
Hf2Te6,Fe,26,4,8,interstitial,interstitial,1,1,-1.636720319999995,-2.0184720754623413,0.3817517554623464,interstitial:int4,1,interstitial:int0,0,0.125,0.19486581000001024,0,1,-0.125
Hf2Te6,Ga,31,4,9,interstitial,adsorbate,1,0,-0.2388747100000046,0.13103175163269043,0.369906461632695,interstitial:int1,1,adsorbate:ads1,0,0.1111111111111111,0.2388747100000046,0,0,-0.1111111111111111
Hf2Te6,Ge,32,4,6,interstitial,interstitial,1,1,-1.051242239999965,-0.669430136680603,0.381812103319362,interstitial:int1,1,interstitial:int1,1,0.16666666666666666,0.0,0,1,0.8333333333333334
Hf2Te6,H,1,1,9,interstitial,interstitial,1,1,-0.49724326999995583,-0.7502543926239014,0.25301112262394554,interstitial:int4,1,interstitial:int4,1,0.1111111111111111,0.0,0,1,0.8888888888888888
Hf2Te6,Hg,80,6,7,adsorbate,adsorbate,1,1,0.8034780999999498,2.466899871826172,1.663421771826222,adsorbate:ads0,1,adsorbate:ads1,0,0.14285714285714285,0.0019255699999689013,1,0,-0.14285714285714285
Hf2Te6,I,53,5,6,adsorbate,adsorbate,1,1,1.6136139899999764,1.6616742610931396,0.04806027109316324,adsorbate:ads2,1,adsorbate:ads1,0,0.16666666666666666,0.0790750900000034,1,0,-0.16666666666666666
Hf2Te6,Ir,77,6,6,interstitial,interstitial,1,1,-3.6145325900000103,-3.1054909229278564,0.5090416670721538,interstitial:int0,1,interstitial:int0,1,0.16666666666666666,0.0,0,1,0.8333333333333334
Hf2Te6,K,19,4,7,adsorbate,adsorbate,1,1,2.0823838200000178,1.6729557514190674,0.4094280685809504,adsorbate:ads1,1,adsorbate:ads1,1,0.14285714285714285,0.0,1,0,0.8571428571428572
Hf2Te6,Li,3,2,8,interstitial,adsorbate,1,0,-0.032634680000001,0.24347567558288574,0.27611035558288677,interstitial:int1,1,adsorbate:ads2,0,0.125,0.4927881600000319,0,0,-0.125
Hf2Te6,Lu,71,6,6,interstitial,interstitial,1,1,-2.657186490000015,-2.5357353687286377,0.12145112127137736,interstitial:int1,1,interstitial:int1,1,0.16666666666666666,0.0,0,1,0.8333333333333334
Hf2Te6,Mg,12,3,7,interstitial,interstitial,1,1,-0.6528433700000278,-0.5225136280059814,0.13032974199404634,interstitial:int1,1,interstitial:int1,1,0.14285714285714285,0.0,0,1,0.8571428571428572
Hf2Te6,Mn,25,4,7,interstitial,interstitial,1,1,-2.0336827099999937,-1.8556709289550781,0.17801178104491555,interstitial:int0,1,interstitial:int1,0,0.14285714285714285,0.01030108999998447,0,1,-0.14285714285714285
Hf2Te6,Mo,42,5,6,interstitial,interstitial,1,1,-3.5126977299999567,-3.764550566673279,0.25185283667332214,interstitial:int1,1,interstitial:int1,1,0.16666666666666666,0.0,0,1,0.8333333333333334
Hf2Te6,N,7,2,8,interstitial,interstitial,1,1,-2.599709580000025,-2.8764657974243164,0.27675621742429124,interstitial:int4,1,interstitial:int4,1,0.125,0.0,0,1,0.875
Hf2Te6,Na,11,3,7,adsorbate,adsorbate,1,1,1.0189556800000332,0.4572114944458008,0.5617441855542324,adsorbate:ads1,1,adsorbate:ads1,1,0.14285714285714285,0.0,1,0,0.8571428571428572
Hf2Te6,Nb,41,5,7,interstitial,interstitial,1,1,-3.3439546600000085,-3.441550374031067,0.09759571403105838,interstitial:int1,1,interstitial:int0,0,0.14285714285714285,0.05697753999999122,0,1,-0.14285714285714285
Hf2Te6,Ni,28,4,6,interstitial,interstitial,1,1,-2.342682239999988,-2.4392731189727783,0.0965908789727905,interstitial:int0,1,interstitial:int5,0,0.16666666666666666,0.6340167600000086,0,1,-0.16666666666666666
Hf2Te6,O,8,2,7,interstitial,interstitial,1,1,-2.016266669999993,-1.850123405456543,0.1661432645434502,interstitial:int5,1,interstitial:int5,1,0.14285714285714285,0.0,0,1,0.8571428571428572
Hf2Te6,Os,76,6,7,interstitial,interstitial,1,1,-4.457089689999975,-3.862907290458679,0.594182399541296,interstitial:int0,1,interstitial:int1,0,0.14285714285714285,0.00010539999999537031,0,1,-0.14285714285714285
Hf2Te6,P,15,3,7,interstitial,interstitial,1,1,-1.9098795699999869,-0.6620254516601562,1.2478541183398306,interstitial:int0,1,interstitial:int1,0,0.14285714285714285,0.0018429200000014134,0,1,-0.14285714285714285
Hf2Te6,Pd,46,5,7,interstitial,interstitial,1,1,-1.6504130400000465,-1.1694817543029785,0.480931285697068,interstitial:int0,1,interstitial:int5,0,0.14285714285714285,0.4557621200000312,0,1,-0.14285714285714285
Hf2Te6,Pt,78,6,6,interstitial,interstitial,1,1,-2.5425630299999966,-2.6814334392547607,0.13887040925476413,interstitial:int1,1,interstitial:int0,0,0.16666666666666666,0.0031499599999732994,0,1,-0.16666666666666666
Hf2Te6,Rb,37,5,6,adsorbate,adsorbate,1,1,2.5781749999999874,2.2686095237731934,0.3095654762267941,adsorbate:ads1,1,adsorbate:ads1,1,0.16666666666666666,0.0,1,0,0.8333333333333334
Hf2Te6,Re,75,6,7,interstitial,interstitial,1,1,-4.962699980000026,-4.53889799118042,0.42380198881960585,interstitial:int1,1,interstitial:int1,1,0.14285714285714285,0.0,0,1,0.8571428571428572
Hf2Te6,Rh,45,5,6,interstitial,interstitial,1,1,-4.054326870000011,-3.590236186981201,0.46409068301881007,interstitial:int1,1,interstitial:int0,0,0.16666666666666666,0.0007166100000403908,0,1,-0.16666666666666666
Hf2Te6,Ru,44,5,7,interstitial,interstitial,1,1,-3.509000130000004,-3.7650556564331055,0.2560555264331015,interstitial:int1,1,interstitial:int1,1,0.14285714285714285,0.0,0,1,0.8571428571428572
Hf2Te6,S,16,3,9,interstitial,interstitial,1,1,-1.1258913199999938,-0.8907045125961304,0.23518680740386344,interstitial:int5,1,interstitial:int1,0,0.1111111111111111,0.6889292000000182,0,1,-0.1111111111111111
Hf2Te6,Sb,51,5,7,interstitial,interstitial,1,1,-0.7274889299999927,-1.001273512840271,0.2737845828402783,interstitial:int1,1,interstitial:int0,0,0.14285714285714285,0.01805176999999958,0,1,-0.14285714285714285
Hf2Te6,Sc,21,4,6,interstitial,interstitial,1,1,-2.252309450000041,-2.360260248184204,0.10795079818416298,interstitial:int5,1,interstitial:int1,0,0.16666666666666666,0.16452983999999998,0,1,-0.16666666666666666
Hf2Te6,Se,34,4,6,interstitial,interstitial,1,1,-0.6282933799999455,-0.1978459358215332,0.4304474441784123,interstitial:int0,1,interstitial:int0,1,0.16666666666666666,0.0,0,1,0.8333333333333334
Hf2Te6,Si,14,3,7,interstitial,interstitial,1,1,-1.5599329099999866,-1.0401325225830078,0.5198003874169788,interstitial:int1,1,interstitial:int1,1,0.14285714285714285,0.0,0,1,0.8571428571428572
Hf2Te6,Sn,50,5,5,interstitial,interstitial,1,1,-0.4787431999999967,-0.20843064785003662,0.2703125521499601,interstitial:int0,1,interstitial:int0,1,0.2,0.0,0,1,0.8
Hf2Te6,Sr,38,5,7,adsorbate,adsorbate,1,1,0.1038444600000047,0.12698936462402344,0.023144904624018733,adsorbate:ads1,1,adsorbate:ads1,1,0.14285714285714285,0.0,1,0,0.8571428571428572
Hf2Te6,Ta,73,6,6,interstitial,interstitial,1,1,-3.9929058700000146,-4.105967879295349,0.1130620092953345,interstitial:int1,1,interstitial:int1,1,0.16666666666666666,0.0,0,1,0.8333333333333334
Hf2Te6,Tc,43,5,6,interstitial,interstitial,1,1,-4.640694110000028,-4.426935911178589,0.21375819882143876,interstitial:int0,1,interstitial:int0,1,0.16666666666666666,0.0,0,1,0.8333333333333334
Hf2Te6,Ti,22,4,8,interstitial,interstitial,1,1,-2.5357823900000085,-2.6233253479003906,0.08754295790038213,interstitial:int0,1,interstitial:int0,1,0.125,0.0,0,1,0.875
Hf2Te6,Tl,81,6,5,adsorbate,adsorbate,1,1,1.0485655900000097,2.147676944732666,1.0991113547326563,adsorbate:ads1,1,adsorbate:ads1,1,0.2,0.0,1,0,0.8
Hf2Te6,V,23,4,8,interstitial,interstitial,1,1,-2.3001409999999964,-2.471450090408325,0.17130909040832876,interstitial:int0,1,interstitial:int1,0,0.125,0.0015091600000116667,0,1,-0.125
Hf2Te6,W,74,6,7,interstitial,interstitial,1,1,-4.374918430000036,-4.229120492935181,0.145797937064855,interstitial:int0,1,interstitial:int1,0,0.14285714285714285,0.0007695500000295397,0,1,-0.14285714285714285
Hf2Te6,Xe,54,5,7,adsorbate,adsorbate,1,1,3.43978635000002,3.1729607582092285,0.26682559179079135,adsorbate:ads1,1,adsorbate:ads1,1,0.14285714285714285,0.0,1,0,0.8571428571428572
Hf2Te6,Y,39,5,7,interstitial,interstitial,1,1,-2.6121418699999595,-2.5383341312408447,0.07380773875911473,interstitial:int1,1,interstitial:int1,1,0.14285714285714285,0.0,0,1,0.8571428571428572
Hf2Te6,Zn,30,4,7,adsorbate,interstitial,1,0,0.196594330000039,-0.20353913307189941,0.4001334630719384,adsorbate:ads2,1,interstitial:int1,0,0.14285714285714285,0.22073760000000675,1,-1,-0.14285714285714285
Hf2Te6,Zr,40,5,7,interstitial,interstitial,1,1,-3.5792922100000055,-3.242762804031372,0.33652940596863345,interstitial:int0,1,interstitial:int0,1,0.14285714285714285,0.0,0,1,0.8571428571428572
HfS2,Ag,47,5,5,adsorbate,adsorbate,1,1,3.6430432100000023,3.7972593307495117,0.1542161207495094,adsorbate:ads2,1,adsorbate:ads2,1,0.2,0.0,1,0,0.8
HfS2,Al,13,3,4,adsorbate,interstitial,1,0,0.5436685500000067,-0.15249574184417725,0.6961642918441839,adsorbate:ads2,1,interstitial:int2,0,0.25,0.5436685500000067,1,-1,-0.25
HfS2,As,33,4,5,adsorbate,adsorbate,1,1,1.850273010000023,1.5910189151763916,0.2592540948236315,adsorbate:ads1,1,adsorbate:ads1,1,0.2,0.0,1,0,0.8
HfS2,B,5,2,5,interstitial,interstitial,1,1,-2.192698930000005,-2.538394808769226,0.34569587876922103,interstitial:ads2,1,interstitial:int2,0,0.2,0.1401001899999974,0,1,-0.2
HfS2,Be,4,2,5,adsorbate,adsorbate,1,1,0.27933143000001337,0.27028799057006836,0.00904343942994501,adsorbate:ads2,1,adsorbate:ads2,1,0.2,0.0,1,0,0.8
HfS2,Br,35,4,5,adsorbate,adsorbate,1,1,4.705066960000011,5.143713712692261,0.4386467526922502,adsorbate:ads1,1,adsorbate:ads1,1,0.2,0.0,1,0,0.8
HfS2,C,6,2,5,adsorbate,interstitial,1,0,0.22289290999998368,-0.14211034774780273,0.3650032577477864,adsorbate:ads1,1,interstitial:int0,0,0.2,0.22289290999998368,1,-1,-0.2
HfS2,Ca,20,4,5,adsorbate,adsorbate,1,1,5.293893520000012,5.7989723682403564,0.5050788482403448,adsorbate:ads2,1,adsorbate:int2,0,0.2,0.0018410600000038357,1,0,-0.2
HfS2,Cl,17,3,4,adsorbate,adsorbate,1,1,4.104212270000005,4.7433788776397705,0.6391666076397655,adsorbate:ads1,1,adsorbate:ads1,1,0.25,0.0,1,0,0.75
HfS2,Co,27,4,5,adsorbate,adsorbate,1,1,0.048599830000000455,0.11950528621673584,0.07090545621673539,adsorbate:ads2,1,adsorbate:ads2,1,0.2,0.0,1,0,0.8
HfS2,Cr,24,4,5,interstitial,interstitial,1,1,-1.4933595900000112,-0.6763869524002075,0.8169726375998037,interstitial:ads2,1,interstitial:ads2,1,0.2,0.0,0,1,0.8
HfS2,Cs,55,6,4,adsorbate,adsorbate,1,1,10.631082759999998,10.276516199111938,0.3545665608880597,adsorbate:ads2,1,adsorbate:ads2,1,0.25,0.0,1,0,0.75
HfS2,Cu,29,4,4,adsorbate,adsorbate,1,1,2.71319170000001,2.9135169982910156,0.20032529829100554,adsorbate:ads2,1,adsorbate:ads2,1,0.25,0.0,1,0,0.75
HfS2,F,9,2,6,adsorbate,adsorbate,1,1,0.5405095700000118,0.23776459693908691,0.30274497306092485,adsorbate:ads1,1,adsorbate:ads1,1,0.16666666666666666,0.0,1,0,0.8333333333333334
HfS2,Fe,26,4,5,adsorbate,adsorbate,1,1,0.5514388200000155,0.5098625421524048,0.041576277847610754,adsorbate:ads2,1,adsorbate:ads2,1,0.2,0.0,1,0,0.8
HfS2,Ga,31,4,3,adsorbate,adsorbate,1,1,4.568815970000004,4.206576824188232,0.3622391458117713,adsorbate:ads1,1,adsorbate:ads1,1,0.3333333333333333,0.0,1,0,0.6666666666666667
HfS2,Ge,32,4,4,adsorbate,adsorbate,1,1,4.060220559999976,4.244048237800598,0.1838276778006218,adsorbate:ads1,1,adsorbate:ads1,1,0.25,0.0,1,0,0.75
HfS2,H,1,1,6,adsorbate,adsorbate,1,1,0.9682335400000002,0.527055025100708,0.44117851489929216,adsorbate:ads0,1,adsorbate:int1,0,0.16666666666666666,0.21276269000000558,1,0,-0.16666666666666666
HfS2,Ir,77,6,5,adsorbate,adsorbate,1,1,0.6388980499999946,0.5377461910247803,0.10115185897521428,adsorbate:ads2,1,adsorbate:ads2,1,0.2,0.0,1,0,0.8
HfS2,K,19,4,5,adsorbate,adsorbate,1,1,7.901996129999986,8.219614744186401,0.317618614186415,adsorbate:int2,1,adsorbate:int2,1,0.2,0.0,1,0,0.8
HfS2,Li,3,2,5,adsorbate,adsorbate,1,1,3.9041742699999986,4.092559814453125,0.18838554445312639,adsorbate:ads2,1,adsorbate:ads2,1,0.2,0.0,1,0,0.8
HfS2,Lu,71,6,5,adsorbate,adsorbate,1,1,3.6818896799999834,3.8636491298675537,0.1817594498675703,adsorbate:ads2,1,adsorbate:ads2,1,0.2,0.0,1,0,0.8
HfS2,Mg,12,3,5,adsorbate,adsorbate,1,1,3.892534699999999,4.227662563323975,0.3351278633239758,adsorbate:ads2,1,adsorbate:ads2,1,0.2,0.0,1,0,0.8
HfS2,Mn,25,4,5,adsorbate,adsorbate,1,1,3.9764018900000044,3.5264930725097656,0.4499088174902388,adsorbate:int2,1,adsorbate:int2,1,0.2,0.0,1,0,0.8
HfS2,Mo,42,5,5,adsorbate,adsorbate,1,1,4.011037309999978,2.650082588195801,1.3609547218041769,adsorbate:ads2,1,adsorbate:int2,0,0.2,1.0188566500000038,1,0,-0.2
HfS2,N,7,2,4,interstitial,interstitial,1,1,-1.0178456900000015,-0.951805591583252,0.06604009841674952,interstitial:int2,1,interstitial:int2,1,0.25,0.0,0,1,0.75
HfS2,Na,11,3,2,adsorbate,adsorbate,1,1,5.650509710000023,4.877788066864014,0.7727216431360091,adsorbate:int2,1,adsorbate:int2,1,0.5,0.0,1,0,0.5
HfS2,Nb,41,5,4,adsorbate,adsorbate,1,1,3.3175974700000097,3.1239871978759766,0.19361027212403314,adsorbate:ads2,1,adsorbate:ads2,1,0.25,0.0,1,0,0.75
HfS2,Ni,28,4,5,adsorbate,interstitial,1,0,0.3081362500000182,-0.14593935012817383,0.45407560012819204,adsorbate:ads2,1,interstitial:int2,0,0.2,0.3081362500000182,1,-1,-0.2
HfS2,O,8,2,6,interstitial,interstitial,1,1,-0.0005764900000144735,-0.9745068550109863,0.9739303650109719,interstitial:ads2,1,interstitial:ads2,1,0.16666666666666666,0.0,0,1,0.8333333333333334
HfS2,Os,76,6,5,adsorbate,adsorbate,1,1,0.9368276200000025,1.0303781032562256,0.09355048325622306,adsorbate:ads2,1,adsorbate:ads2,1,0.2,0.0,1,0,0.8
HfS2,P,15,3,5,adsorbate,adsorbate,1,1,1.8692627799999855,1.4511828422546387,0.4180799377453468,adsorbate:ads1,1,adsorbate:ads1,1,0.2,0.0,1,0,0.8
HfS2,Pb,82,6,4,adsorbate,adsorbate,1,1,6.57468111,4.120864391326904,2.453816718673096,adsorbate:ads2,1,adsorbate:ads1,0,0.25,0.10840627999999697,1,0,-0.25
HfS2,Pd,46,5,5,adsorbate,adsorbate,1,1,0.04439175000001683,0.867039680480957,0.8226479304809402,adsorbate:ads2,1,adsorbate:ads2,1,0.2,0.0,1,0,0.8
HfS2,Pt,78,6,3,adsorbate,adsorbate,1,1,2.7359844899999923,1.8597230911254883,0.876261398874504,adsorbate:ads2,1,adsorbate:ads2,1,0.3333333333333333,0.0,1,0,0.6666666666666667
HfS2,Rb,37,5,5,adsorbate,adsorbate,1,1,9.115932380000004,8.945523738861084,0.17040864113891985,adsorbate:int2,1,adsorbate:ads2,0,0.2,0.007422859999991704,1,0,-0.2
HfS2,Re,75,6,5,adsorbate,adsorbate,1,1,0.7400326300000013,0.9712514877319336,0.2312188577319323,adsorbate:ads2,1,adsorbate:ads2,1,0.2,0.0,1,0,0.8
HfS2,Rh,45,5,5,adsorbate,adsorbate,1,1,0.619151009999996,0.17014002799987793,0.449010982000118,adsorbate:ads2,1,adsorbate:ads1,0,0.2,0.8571030899999812,1,0,-0.2
HfS2,Ru,44,5,4,adsorbate,adsorbate,1,1,3.683093860000014,2.712496519088745,0.9705973409112687,adsorbate:ads2,1,adsorbate:ads2,1,0.25,0.0,1,0,0.75
HfS2,Sc,21,4,4,adsorbate,adsorbate,1,1,3.5643369699999994,3.768280267715454,0.20394329771545472,adsorbate:ads2,1,adsorbate:ads2,1,0.25,0.0,1,0,0.75
HfS2,Se,34,4,5,adsorbate,adsorbate,1,1,2.972034649999984,1.7941352128982544,1.1778994371017295,adsorbate:ads1,1,adsorbate:ads1,1,0.2,0.0,1,0,0.8
HfS2,Si,14,3,5,adsorbate,adsorbate,1,1,1.801923869999996,1.3070869445800781,0.49483692541991786,adsorbate:ads1,1,adsorbate:ads2,0,0.2,0.49540792999999894,1,0,-0.2
HfS2,Sn,50,5,4,adsorbate,adsorbate,1,1,5.705187120000004,4.992054343223572,0.7131327767764324,adsorbate:ads1,1,adsorbate:ads1,1,0.25,0.0,1,0,0.75
HfS2,Sr,38,5,5,adsorbate,adsorbate,1,1,6.446944709999997,7.043521881103516,0.5965771711035188,adsorbate:ads2,1,adsorbate:int2,0,0.2,0.03076927000000751,1,0,-0.2
HfS2,Ta,73,6,5,adsorbate,adsorbate,1,1,2.443196580000007,2.319329023361206,0.123867556638801,adsorbate:int2,1,adsorbate:ads2,0,0.2,5.694932890000018,1,0,-0.2
HfS2,Tc,43,5,4,adsorbate,adsorbate,1,1,0.8205155500000108,0.02695941925048828,0.7935561307495225,adsorbate:ads2,1,adsorbate:ads2,1,0.25,0.0,1,0,0.75
HfS2,Ti,22,4,5,adsorbate,adsorbate,1,1,3.1618620899999996,3.3762431144714355,0.21438102447143592,adsorbate:ads2,1,adsorbate:ads2,1,0.2,0.0,1,0,0.8
HfS2,V,23,4,5,interstitial,adsorbate,1,0,-0.7355603499999859,0.3179064989089966,1.0534668489089825,interstitial:int2,1,adsorbate:ads2,0,0.2,3.592854520000003,0,0,-0.2
HfS2,W,74,6,5,adsorbate,adsorbate,1,1,2.9555858999999884,3.1287002563476562,0.1731143563476678,adsorbate:ads2,1,adsorbate:ads2,1,0.2,0.0,1,0,0.8
HfS2,Y,39,5,5,adsorbate,adsorbate,1,1,4.200891349999978,4.135592460632324,0.0652988893676536,adsorbate:ads2,1,adsorbate:int2,0,0.2,0.00018629999999564273,1,0,-0.2
HfS2,Zn,30,4,3,adsorbate,adsorbate,1,1,3.3551329599999917,2.9123058319091797,0.44282712809081204,adsorbate:ads0,1,adsorbate:ads0,1,0.3333333333333333,0.0,1,0,0.6666666666666667
HfS2,Zr,40,5,5,adsorbate,adsorbate,1,1,3.2387031899999954,3.0394585132598877,0.1992446767401077,adsorbate:ads2,1,adsorbate:ads2,1,0.2,0.0,1,0,0.8
HfSe2,Ag,47,5,5,adsorbate,adsorbate,1,1,2.1160172099999954,2.0781794786453247,0.03783773135467072,adsorbate:int2,1,adsorbate:int2,1,0.2,0.0,1,0,0.8
HfSe2,Al,13,3,5,adsorbate,adsorbate,1,1,0.12703308000001812,0.20274603366851807,0.07571295366849995,adsorbate:ads2,1,adsorbate:ads2,1,0.2,0.0,1,0,0.8
HfSe2,As,33,4,5,adsorbate,adsorbate,1,1,1.7748918399999802,1.9428755044937134,0.16798366449373314,adsorbate:ads2,1,adsorbate:ads1,0,0.2,0.02468517999997699,1,0,-0.2
HfSe2,Au,79,6,5,adsorbate,adsorbate,1,1,1.5598716800000147,1.9904887676239014,0.4306170876238866,adsorbate:int2,1,adsorbate:int2,1,0.2,0.0,1,0,0.8
HfSe2,B,5,2,5,interstitial,interstitial,1,1,-2.412047599999994,-2.9470043182373047,0.5349567182373107,interstitial:ads2,1,interstitial:ads2,1,0.2,0.0,0,1,0.8
HfSe2,Be,4,2,5,interstitial,adsorbate,1,0,-0.0008067200000141939,0.0777885913848877,0.07859531138490189,interstitial:int2,1,adsorbate:ads2,0,0.2,0.0008067200000141939,0,0,-0.2
HfSe2,Br,35,4,5,adsorbate,adsorbate,1,1,3.33680407,3.3331451416015625,0.0036589283984374,adsorbate:ads2,1,adsorbate:ads2,1,0.2,0.0,1,0,0.8
HfSe2,C,6,2,5,interstitial,interstitial,1,1,-1.1934188399999934,-1.1905791759490967,0.0028396640508967508,interstitial:int2,1,interstitial:int2,1,0.2,0.0,0,1,0.8
HfSe2,Ca,20,4,5,adsorbate,adsorbate,1,1,3.7251674899999907,3.5020177364349365,0.22314975356505418,adsorbate:ads1,1,adsorbate:ads2,0,0.2,0.0008133700000032551,1,0,-0.2
HfSe2,Cd,48,5,5,adsorbate,adsorbate,1,1,1.4371356599999956,2.007519841194153,0.5703841811941572,adsorbate:ads2,1,adsorbate:ads0,0,0.2,0.10961137999998982,1,0,-0.2
HfSe2,Cl,17,3,5,adsorbate,adsorbate,1,1,2.6828556499999934,2.7706072330474854,0.08775158304749198,adsorbate:ads2,1,adsorbate:ads1,0,0.2,0.5210905200000013,1,0,-0.2
HfSe2,Co,27,4,5,interstitial,interstitial,1,1,-0.13479935000000864,-0.9842542409896851,0.8494548909896764,interstitial:int2,1,interstitial:int2,1,0.2,0.0,0,1,0.8
HfSe2,Cr,24,4,5,interstitial,adsorbate,1,0,-0.807236429999989,0.02172231674194336,0.8289587467419324,interstitial:int2,1,adsorbate:ads2,0,0.2,2.643442399999998,0,0,-0.2
HfSe2,Cs,55,6,4,adsorbate,adsorbate,1,1,8.43979976,8.047999620437622,0.3918001395623776,adsorbate:ads1,1,adsorbate:ads2,0,0.25,0.07303294999999821,1,0,-0.25
HfSe2,Cu,29,4,5,adsorbate,interstitial,1,0,0.1429297899999824,-0.05991184711456299,0.2028416371145454,adsorbate:ads2,1,interstitial:int2,0,0.2,0.1429297899999824,1,-1,-0.2
HfSe2,F,9,2,5,interstitial,adsorbate,1,0,-0.10248419999999259,0.24805212020874023,0.3505363202087328,interstitial:int2,1,adsorbate:ads1,0,0.2,0.10248419999999259,0,0,-0.2
HfSe2,Fe,26,4,5,adsorbate,interstitial,1,0,0.25351659999998344,-0.9528903961181641,1.2064069961181474,adsorbate:ads2,1,interstitial:int2,0,0.2,0.25351659999998344,1,-1,-0.2
HfSe2,Ga,31,4,2,adsorbate,adsorbate,1,1,2.783708160000002,2.06930935382843,0.7143988061715718,adsorbate:ads0,1,adsorbate:ads0,1,0.5,0.0,1,0,0.5
HfSe2,Ge,32,4,5,adsorbate,adsorbate,1,1,1.8471573299999875,2.2721424102783203,0.4249850802783328,adsorbate:ads1,1,adsorbate:ads1,1,0.2,0.0,1,0,0.8
HfSe2,H,1,1,6,interstitial,interstitial,1,1,-0.02954753999998183,-0.41876041889190674,0.3892128788919249,interstitial:int1,1,interstitial:int2,0,0.16666666666666666,0.17108787999998776,0,1,-0.16666666666666666
HfSe2,Hg,80,6,5,adsorbate,adsorbate,1,1,4.613217350000013,4.646716117858887,0.03349876785887407,adsorbate:ads2,1,adsorbate:ads1,0,0.2,0.1902465400000038,1,0,-0.2
HfSe2,Ir,77,6,3,interstitial,interstitial,1,1,-3.9187405700000113,-4.14252233505249,0.22378176505247893,interstitial:int2,1,interstitial:int2,1,0.3333333333333333,0.0,0,1,0.6666666666666667
HfSe2,K,19,4,4,adsorbate,adsorbate,1,1,6.215321220000021,6.044863224029541,0.17045799597048017,adsorbate:ads2,1,adsorbate:ads2,1,0.25,0.0,1,0,0.75
HfSe2,Li,3,2,6,adsorbate,adsorbate,1,1,0.5808662599999934,0.34601831436157227,0.23484794563842115,adsorbate:int1,1,adsorbate:ads2,0,0.16666666666666666,0.069005489999995,1,0,-0.16666666666666666
HfSe2,Lu,71,6,5,adsorbate,adsorbate,1,1,2.1382677,1.7613840103149414,0.3768836896850587,adsorbate:ads2,1,adsorbate:int2,0,0.2,0.09001048999999739,1,0,-0.2
HfSe2,Mg,12,3,5,adsorbate,adsorbate,1,1,2.4566112599999883,2.8217222690582275,0.36511100905823923,adsorbate:int2,1,adsorbate:ads2,0,0.2,0.0015119199999844013,1,0,-0.2
HfSe2,Mn,25,4,4,interstitial,interstitial,1,1,-0.6487536000000202,-0.4948772192001343,0.15387638079988597,interstitial:int2,1,interstitial:int2,1,0.25,0.0,0,1,0.75
HfSe2,Mo,42,5,5,interstitial,adsorbate,1,0,-1.1517474700000028,0.4818449020385742,1.633592372038577,interstitial:int2,1,adsorbate:ads2,0,0.2,2.7231855599999895,0,0,-0.2
HfSe2,N,7,2,5,interstitial,interstitial,1,1,-1.6284334900000204,-1.5611209869384766,0.0673125030615438,interstitial:int2,1,interstitial:int2,1,0.2,0.0,0,1,0.8
HfSe2,Nb,41,5,4,adsorbate,adsorbate,1,1,1.825694309999989,1.7276759147644043,0.09801839523558464,adsorbate:ads2,1,adsorbate:ads2,1,0.25,0.0,1,0,0.75
HfSe2,Ni,28,4,4,interstitial,interstitial,1,1,-0.10577815000002039,-0.40959036350250244,0.30381221350248205,interstitial:int2,1,interstitial:int2,1,0.25,0.0,0,1,0.75
HfSe2,O,8,2,4,interstitial,interstitial,1,1,-0.6858986000000016,-0.7817113399505615,0.09581273995055994,interstitial:int2,1,interstitial:int2,1,0.25,0.0,0,1,0.75
HfSe2,Os,76,6,5,adsorbate,adsorbate,1,1,0.3485684000000058,0.25771307945251465,0.09085532054749113,adsorbate:ads2,1,adsorbate:ads2,1,0.2,0.0,1,0,0.8
HfSe2,P,15,3,5,adsorbate,adsorbate,1,1,1.3240839900000194,0.8372372388839722,0.48684675111604725,adsorbate:ads2,1,adsorbate:ads2,1,0.2,0.0,1,0,0.8
HfSe2,Pb,82,6,4,adsorbate,adsorbate,1,1,7.226631679999999,4.389175772666931,2.8374559073330676,adsorbate:ads2,1,adsorbate:ads2,1,0.25,0.0,1,0,0.75
HfSe2,Pd,46,5,3,interstitial,interstitial,1,1,-0.03939245000000813,-0.05086934566497803,0.0114768956649699,interstitial:int2,1,interstitial:int2,1,0.3333333333333333,0.0,0,1,0.6666666666666667
HfSe2,Pt,78,6,5,adsorbate,interstitial,1,0,0.6086468700000012,-0.3354778289794922,0.9441246989794934,adsorbate:ads2,1,interstitial:int2,0,0.2,0.6086468700000012,1,-1,-0.2
HfSe2,Rb,37,5,4,adsorbate,adsorbate,1,1,7.287308139999992,7.06430721282959,0.22300092717040254,adsorbate:ads2,1,adsorbate:ads2,1,0.25,0.0,1,0,0.75
HfSe2,Re,75,6,5,interstitial,adsorbate,1,0,-1.254563260000026,0.28950929641723633,1.5440725564172624,interstitial:int2,1,adsorbate:ads2,0,0.2,3.0888780000000224,0,0,-0.2
HfSe2,Rh,45,5,4,interstitial,interstitial,1,1,-0.6484647999999993,-0.8428729772567749,0.19440817725677562,interstitial:int2,1,interstitial:int2,1,0.25,0.0,0,1,0.75
HfSe2,Ru,44,5,4,interstitial,interstitial,1,1,-0.7859655099999823,-0.13613855838775635,0.6498269516122259,interstitial:int2,1,interstitial:int2,1,0.25,0.0,0,1,0.75
HfSe2,S,16,3,5,adsorbate,adsorbate,1,1,1.5259321499999885,1.3343336582183838,0.1915984917816047,adsorbate:ads1,1,adsorbate:ads2,0,0.2,0.3967340199999967,1,0,-0.2
HfSe2,Sb,51,5,4,adsorbate,adsorbate,1,1,2.8757873000000123,2.9363789558410645,0.060591655841052194,adsorbate:ads2,1,adsorbate:ads1,0,0.25,0.3006045200000078,1,0,-0.25
HfSe2,Sc,21,4,4,adsorbate,adsorbate,1,1,2.141762110000002,2.5725345611572266,0.4307724511572246,adsorbate:ads2,1,adsorbate:ads2,1,0.25,0.0,1,0,0.75
HfSe2,Si,14,3,5,adsorbate,adsorbate,1,1,1.1922587500000077,0.7685480117797852,0.42371073822022254,adsorbate:ads1,1,adsorbate:ads1,1,0.2,0.0,1,0,0.8
HfSe2,Sn,50,5,5,adsorbate,adsorbate,1,1,2.632077129999999,1.6387450695037842,0.9933320604962148,adsorbate:ads1,1,adsorbate:ads1,1,0.2,0.0,1,0,0.8
HfSe2,Ta,73,6,3,interstitial,interstitial,1,1,-0.6446933000000006,-0.22014832496643066,0.4245449750335699,interstitial:int0,1,interstitial:int0,1,0.3333333333333333,0.0,0,1,0.6666666666666667
HfSe2,Tc,43,5,4,interstitial,interstitial,1,1,-1.014828929999993,-0.8420956134796143,0.17273331652037882,interstitial:int2,1,interstitial:int2,1,0.25,0.0,0,1,0.75
HfSe2,Te,52,5,4,adsorbate,adsorbate,1,1,2.8365215899999896,3.1116888523101807,0.27516726231019106,adsorbate:ads0,1,adsorbate:ads0,1,0.25,0.0,1,0,0.75
HfSe2,Ti,22,4,5,adsorbate,adsorbate,1,1,1.9814358299999808,1.7550889253616333,0.2263469046383475,adsorbate:int2,1,adsorbate:ads2,0,0.2,0.1802330599999777,1,0,-0.2
HfSe2,V,23,4,5,adsorbate,adsorbate,1,1,0.22215177000001074,0.42591845989227295,0.2037666898922622,adsorbate:ads2,1,adsorbate:ads2,1,0.2,0.0,1,0,0.8
HfSe2,W,74,6,5,adsorbate,interstitial,1,0,0.7889234099999944,-0.3464164733886719,1.1353398833886663,adsorbate:ads2,1,interstitial:int2,0,0.2,0.7889234099999944,1,-1,-0.2
HfSe2,Xe,54,5,5,adsorbate,adsorbate,1,1,6.185301029999977,6.092578172683716,0.09272285731626084,adsorbate:ads1,1,adsorbate:ads1,1,0.2,0.0,1,0,0.8
HfSe2,Zn,30,4,4,adsorbate,adsorbate,1,1,1.981704890000003,2.35077166557312,0.3690667755731172,adsorbate:ads2,1,adsorbate:int2,0,0.25,0.07461714000001507,1,0,-0.25
HfSe2,Zr,40,5,5,adsorbate,adsorbate,1,1,0.08462856999997831,0.3882296085357666,0.3036010385357883,adsorbate:ads2,1,adsorbate:ads2,1,0.2,0.0,1,0,0.8
Mo2CO2,Al,13,3,3,adsorbate,adsorbate,1,1,3.726110360000007,7.991156339645386,4.265045979645379,adsorbate:ads1,1,adsorbate:ads1,1,0.3333333333333333,0.0,1,0,0.6666666666666667
Mo2CO2,B,5,2,3,interstitial,adsorbate,1,0,-3.5250698300000067,2.4583003520965576,5.983370182096564,interstitial:int1,1,adsorbate:ads2,0,0.3333333333333333,6.643266799999992,0,0,-0.3333333333333333
Mo2CO2,Br,35,4,4,adsorbate,adsorbate,1,1,16.21521261999999,16.574640154838562,0.3594275348385736,adsorbate:ads0,1,adsorbate:ads2,0,0.25,0.1953730699999594,1,0,-0.25
Mo2CO2,Ca,20,4,4,adsorbate,adsorbate,1,1,16.528501310000024,16.534469842910767,0.005968532910742397,adsorbate:ads2,1,adsorbate:ads2,1,0.25,0.0,1,0,0.75
Mo2CO2,Co,27,4,3,adsorbate,adsorbate,1,1,11.94905029000006,9.819634199142456,2.129416090857603,adsorbate:ads2,1,adsorbate:ads2,1,0.3333333333333333,0.0,1,0,0.6666666666666667
Mo2CO2,Cu,29,4,4,adsorbate,adsorbate,1,1,3.6839366500000783,7.274327993392944,3.590391343392866,adsorbate:ads2,1,adsorbate:ads2,1,0.25,0.0,1,0,0.75
Mo2CO2,F,9,2,3,adsorbate,adsorbate,1,1,8.16063480999992,7.5290772914886475,0.6315575185112721,adsorbate:ads1,1,adsorbate:ads1,1,0.3333333333333333,0.0,1,0,0.6666666666666667
Mo2CO2,Fe,26,4,4,adsorbate,adsorbate,1,1,10.290270889999988,11.510179877281189,1.219908987281201,adsorbate:ads2,1,adsorbate:ads2,1,0.25,0.0,1,0,0.75
Mo2CO2,Ga,31,4,4,adsorbate,adsorbate,1,1,10.505796400000005,8.663095474243164,1.8427009257568407,adsorbate:ads2,1,adsorbate:ads2,1,0.25,0.0,1,0,0.75
Mo2CO2,Ge,32,4,3,adsorbate,adsorbate,1,1,11.677599510000054,13.878969430923462,2.2013699209234083,adsorbate:ads2,1,adsorbate:ads2,1,0.3333333333333333,0.0,1,0,0.6666666666666667
Mo2CO2,H,1,1,4,interstitial,adsorbate,1,0,-0.06312339999999494,1.4250632524490356,1.4881866524490306,interstitial:int1,1,adsorbate:ads0,0,0.25,0.06312339999999494,0,0,-0.25
Mo2CO2,Hf,72,6,2,adsorbate,adsorbate,1,1,5.737201130000013,9.22285270690918,3.4856515769091665,adsorbate:ads1,1,adsorbate:ads1,1,0.5,0.0,1,0,0.5
Mo2CO2,I,53,5,4,adsorbate,adsorbate,1,1,17.752896669999927,16.256576418876648,1.4963202511232794,adsorbate:ads2,1,adsorbate:ads0,0,0.25,0.0780576500000052,1,0,-0.25
Mo2CO2,Mg,12,3,4,adsorbate,adsorbate,1,1,5.36704764000001,9.279704570770264,3.912656930770254,adsorbate:ads2,1,adsorbate:ads2,1,0.25,0.0,1,0,0.75
Mo2CO2,Mn,25,4,4,adsorbate,adsorbate,1,1,4.046213979999948,2.97729754447937,1.0689164355205776,adsorbate:ads2,1,adsorbate:ads2,1,0.25,0.0,1,0,0.75
Mo2CO2,N,7,2,4,adsorbate,interstitial,1,0,0.9210602699999981,-0.4481325149536133,1.3691927849536114,adsorbate:ads2,1,interstitial:int1,0,0.25,0.9210602699999981,1,-1,-0.25
Mo2CO2,Na,11,3,3,adsorbate,adsorbate,1,1,0.4681281500000982,0.6335334777832031,0.1654053277831049,adsorbate:ads2,1,adsorbate:ads2,1,0.3333333333333333,0.0,1,0,0.6666666666666667
Mo2CO2,Ni,28,4,3,adsorbate,adsorbate,1,1,6.9908422199999904,6.360306620597839,0.6305355994021511,adsorbate:ads1,1,adsorbate:ads2,0,0.3333333333333333,0.12450181999997789,1,0,-0.3333333333333333
Mo2CO2,P,15,3,4,adsorbate,adsorbate,1,1,13.391113730000027,7.382948160171509,6.008165569828519,adsorbate:ads1,1,adsorbate:ads1,1,0.25,0.0,1,0,0.75
Mo2CO2,Rb,37,5,4,adsorbate,adsorbate,1,1,21.97378797000011,17.018115520477295,4.955672449522815,adsorbate:ads2,1,adsorbate:ads2,1,0.25,0.0,1,0,0.75
Mo2CO2,Sc,21,4,2,adsorbate,adsorbate,1,1,8.54070503999992,5.422859191894531,3.1178458481053895,adsorbate:ads0,1,adsorbate:ads0,1,0.5,0.0,1,0,0.5
Mo2CO2,Si,14,3,2,adsorbate,adsorbate,1,1,12.896854599999985,8.291068077087402,4.605786522912583,adsorbate:ads2,1,adsorbate:ads2,1,0.5,0.0,1,0,0.5
Mo2CO2,Sr,38,5,2,adsorbate,adsorbate,1,1,20.454159640000057,15.910245895385742,4.543913744614315,adsorbate:ads0,1,adsorbate:ads0,1,0.5,0.0,1,0,0.5
Mo2CO2,Tc,43,5,3,adsorbate,adsorbate,1,1,9.535257460000027,10.1509428024292,0.6156853424291722,adsorbate:ads2,1,adsorbate:ads2,1,0.3333333333333333,0.0,1,0,0.6666666666666667
Mo2CO2,Te,52,5,3,adsorbate,adsorbate,1,1,16.692919080000024,16.274598360061646,0.4183207199383787,adsorbate:ads1,1,adsorbate:ads1,1,0.3333333333333333,0.0,1,0,0.6666666666666667
Mo2CO2,V,23,4,3,adsorbate,adsorbate,1,1,7.209941960000036,6.664013624191284,0.5459283358087514,adsorbate:ads1,1,adsorbate:ads1,1,0.3333333333333333,0.0,1,0,0.6666666666666667
Mo2CO2,Zn,30,4,4,adsorbate,adsorbate,1,1,11.588511779999976,7.200817584991455,4.387694195008521,adsorbate:ads2,1,adsorbate:ads2,1,0.25,0.0,1,0,0.75
Mo2CO2,Zr,40,5,3,adsorbate,adsorbate,1,1,11.674315709999973,12.23072862625122,0.5564129162512472,adsorbate:ads1,1,adsorbate:ads1,1,0.3333333333333333,0.0,1,0,0.6666666666666667
MoS2,Ag,47,5,6,adsorbate,adsorbate,1,1,8.43309462000002,8.262044191360474,0.17105042863954623,adsorbate:ads2,1,adsorbate:ads1,0,0.16666666666666666,0.040788770000006025,1,0,-0.16666666666666666
MoS2,Al,13,3,6,adsorbate,adsorbate,1,1,3.823897480000029,3.6308364868164062,0.1930609931836229,adsorbate:ads1,1,adsorbate:ads2,0,0.16666666666666666,0.12260833000004823,1,0,-0.16666666666666666
MoS2,As,33,4,5,adsorbate,adsorbate,1,1,5.456655339999997,5.632173776626587,0.17551843662659028,adsorbate:ads0,1,adsorbate:ads0,1,0.2,0.0,1,0,0.8
MoS2,Au,79,6,4,adsorbate,adsorbate,1,1,6.522864729999978,7.800187110900879,1.2773223809009009,adsorbate:ads0,1,adsorbate:ads0,1,0.25,0.0,1,0,0.75
MoS2,B,5,2,6,interstitial,interstitial,1,1,-0.8495103900000345,-0.9030814170837402,0.05357102708370576,interstitial:ads2,1,interstitial:int0,0,0.16666666666666666,0.13100417000003972,0,1,-0.16666666666666666
MoS2,Ba,56,6,4,adsorbate,adsorbate,1,1,18.788996870000005,16.475104093551636,2.3138927764483697,adsorbate:ads1,1,adsorbate:ads1,1,0.25,0.0,1,0,0.75
MoS2,Be,4,2,7,adsorbate,adsorbate,1,1,1.1935525399999847,0.8864283561706543,0.3071241838293304,adsorbate:ads2,1,adsorbate:ads2,1,0.14285714285714285,0.0,1,0,0.8571428571428572
MoS2,Br,35,4,4,adsorbate,adsorbate,1,1,11.038546099999962,11.339525938034058,0.30097983803409534,adsorbate:ads0,1,adsorbate:ads0,1,0.25,0.0,1,0,0.75
MoS2,C,6,2,5,interstitial,interstitial,1,1,-0.7997629600000113,-0.9472665786743164,0.14750361867430506,interstitial:int4,1,interstitial:int4,1,0.2,0.0,0,1,0.8
MoS2,Ca,20,4,6,adsorbate,adsorbate,1,1,9.280816909999999,9.784392595291138,0.503575685291139,adsorbate:ads2,1,adsorbate:ads2,1,0.16666666666666666,0.0,1,0,0.8333333333333334
MoS2,Cd,48,5,5,adsorbate,adsorbate,1,1,10.676527739999983,10.231667399406433,0.44486034059355006,adsorbate:ads2,1,adsorbate:ads2,1,0.2,0.0,1,0,0.8
MoS2,Cl,17,3,5,adsorbate,adsorbate,1,1,8.015945709999986,8.639116406440735,0.6231706964407486,adsorbate:ads0,1,adsorbate:ads0,1,0.2,0.0,1,0,0.8
MoS2,Co,27,4,4,adsorbate,adsorbate,1,1,1.5845477100000371,1.9924068450927734,0.4078591350927363,adsorbate:ads2,1,adsorbate:ads2,1,0.25,0.0,1,0,0.75
MoS2,Cr,24,4,6,adsorbate,adsorbate,1,1,1.9926998900000399,2.1544435024261475,0.16174361242610757,adsorbate:ads2,1,adsorbate:ads2,1,0.16666666666666666,0.0,1,0,0.8333333333333334
MoS2,Cs,55,6,4,adsorbate,adsorbate,1,1,20.24431336999999,18.22008490562439,2.0242284643756,adsorbate:ads2,1,adsorbate:ads2,1,0.25,0.0,1,0,0.75
MoS2,Cu,29,4,4,adsorbate,adsorbate,1,1,4.28241362,4.111167669296265,0.17124595070373516,adsorbate:ads2,1,adsorbate:ads2,1,0.25,0.0,1,0,0.75
MoS2,F,9,2,5,adsorbate,adsorbate,1,1,2.3024068299999954,2.269698977470398,0.0327078525295974,adsorbate:ads0,1,adsorbate:ads0,1,0.2,0.0,1,0,0.8
MoS2,Fe,26,4,6,adsorbate,adsorbate,1,1,1.6818090000000439,1.0947585105895996,0.5870504894104442,adsorbate:ads2,1,adsorbate:ads2,1,0.16666666666666666,0.0,1,0,0.8333333333333334
MoS2,Ga,31,4,5,adsorbate,adsorbate,1,1,5.690588289999995,5.40262246131897,0.28796582868102494,adsorbate:ads1,1,adsorbate:ads1,1,0.2,0.0,1,0,0.8
MoS2,Ge,32,4,4,adsorbate,adsorbate,1,1,4.421153329999982,4.388654708862305,0.03249862113767765,adsorbate:ads0,1,adsorbate:ads2,0,0.25,0.10357129999999914,1,0,-0.25
MoS2,H,1,1,8,adsorbate,interstitial,1,0,0.023380009999983242,-0.0005624294281005859,0.023942439428083828,adsorbate:ads0,1,interstitial:int0,0,0.125,0.023380009999983242,1,-1,-0.125
MoS2,I,53,5,4,adsorbate,adsorbate,1,1,14.209552740000051,11.705675482749939,2.503877257250112,adsorbate:ads0,1,adsorbate:ads0,1,0.25,0.0,1,0,0.75
MoS2,Ir,77,6,4,adsorbate,adsorbate,1,1,3.9731791099999887,4.129311561584473,0.15613245158448397,adsorbate:ads1,1,adsorbate:ads1,1,0.25,0.0,1,0,0.75
MoS2,Li,3,2,5,adsorbate,adsorbate,1,1,4.075302190000002,4.039113998413086,0.03618819158691622,adsorbate:ads2,1,adsorbate:ads2,1,0.2,0.0,1,0,0.8
MoS2,Lu,71,6,5,adsorbate,adsorbate,1,1,6.724333849999995,6.4193830490112305,0.3049508009887649,adsorbate:ads2,1,adsorbate:ads1,0,0.2,0.05476221999998554,1,0,-0.2
MoS2,Mg,12,3,6,adsorbate,adsorbate,1,1,6.276386930000001,5.978244304656982,0.2981426253430186,adsorbate:ads2,1,adsorbate:ads2,1,0.16666666666666666,0.0,1,0,0.8333333333333334
MoS2,Mn,25,4,6,adsorbate,adsorbate,1,1,1.61651956999998,2.008260488510132,0.3917409185101519,adsorbate:ads2,1,adsorbate:ads2,1,0.16666666666666666,0.0,1,0,0.8333333333333334
MoS2,N,7,2,6,adsorbate,adsorbate,1,1,0.5464237500000309,0.18182682991027832,0.36459692008975253,adsorbate:ads0,1,adsorbate:ads0,1,0.16666666666666666,0.0,1,0,0.8333333333333334
MoS2,Nb,41,5,5,adsorbate,adsorbate,1,1,2.306649219999997,1.7499394416809082,0.5567097783190889,adsorbate:ads2,1,adsorbate:ads2,1,0.2,0.0,1,0,0.8
MoS2,Ni,28,4,4,adsorbate,adsorbate,1,1,9.131682350000005,10.21582555770874,1.0841432077087347,adsorbate:ads2,1,adsorbate:ads2,1,0.25,0.0,1,0,0.75
MoS2,O,8,2,7,adsorbate,adsorbate,1,1,1.9732600899999968,1.3155148029327393,0.6577452870672575,adsorbate:ads0,1,adsorbate:ads0,1,0.14285714285714285,0.0,1,0,0.8571428571428572
MoS2,Os,76,6,5,adsorbate,adsorbate,1,1,2.1847692999999735,1.6261401176452637,0.5586291823547098,adsorbate:ads1,1,adsorbate:ads2,0,0.2,0.13244658999997228,1,0,-0.2
MoS2,P,15,3,6,adsorbate,adsorbate,1,1,3.1609668599999745,3.1344892978668213,0.02647756213315322,adsorbate:ads0,1,adsorbate:ads0,1,0.16666666666666666,0.0,1,0,0.8333333333333334
MoS2,Pd,46,5,4,adsorbate,adsorbate,1,1,6.358515200000002,6.128727197647095,0.2297880023529073,adsorbate:ads1,1,adsorbate:ads1,1,0.25,0.0,1,0,0.75
MoS2,Rb,37,5,5,adsorbate,adsorbate,1,1,16.28972723999999,15.824827432632446,0.4648998073675443,adsorbate:ads2,1,adsorbate:ads1,0,0.2,0.01566121999996989,1,0,-0.2
MoS2,Re,75,6,5,adsorbate,adsorbate,1,1,1.056419959999971,1.7245607376098633,0.6681407776098922,adsorbate:ads2,1,adsorbate:ads2,1,0.2,0.0,1,0,0.8
MoS2,Ru,44,5,6,adsorbate,adsorbate,1,1,3.161178329999986,2.691925048828125,0.46925328117186105,adsorbate:ads2,1,adsorbate:ads1,0,0.16666666666666666,0.06729178000000502,1,0,-0.16666666666666666
MoS2,Sc,21,4,5,adsorbate,adsorbate,1,1,4.39771632999998,4.603245258331299,0.20552892833131864,adsorbate:ads2,1,adsorbate:ads2,1,0.2,0.0,1,0,0.8
MoS2,Se,34,4,6,adsorbate,adsorbate,1,1,8.643029920000005,8.10145628452301,0.5415736354769951,adsorbate:ads0,1,adsorbate:ads0,1,0.16666666666666666,0.0,1,0,0.8333333333333334
MoS2,Si,14,3,5,adsorbate,adsorbate,1,1,1.8225337100000165,1.9959545135498047,0.17342080354978817,adsorbate:ads0,1,adsorbate:ads0,1,0.2,0.0,1,0,0.8
MoS2,Sn,50,5,4,adsorbate,adsorbate,1,1,16.795711440000048,15.253474473953247,1.5422369660468007,adsorbate:ads0,1,adsorbate:ads0,1,0.25,0.0,1,0,0.75
MoS2,Sr,38,5,5,adsorbate,adsorbate,1,1,12.819409099999971,13.150686502456665,0.3312774024566938,adsorbate:ads2,1,adsorbate:ads2,1,0.2,0.0,1,0,0.8
MoS2,Tc,43,5,4,adsorbate,adsorbate,1,1,1.717970820000005,2.353200912475586,0.6352300924755809,adsorbate:ads2,1,adsorbate:ads2,1,0.25,0.0,1,0,0.75
MoS2,Ti,22,4,6,adsorbate,adsorbate,1,1,2.189986850000026,1.4703927040100098,0.7195941459900164,adsorbate:ads2,1,adsorbate:ads2,1,0.16666666666666666,0.0,1,0,0.8333333333333334
MoS2,V,23,4,7,adsorbate,adsorbate,1,1,1.256765659999985,1.5047955513000488,0.2480298913000638,adsorbate:ads2,1,adsorbate:ads2,1,0.14285714285714285,0.0,1,0,0.8571428571428572
MoS2,Y,39,5,4,adsorbate,adsorbate,1,1,7.7148990100000105,7.154014587402344,0.5608844225976668,adsorbate:ads2,1,adsorbate:ads2,1,0.25,0.0,1,0,0.75
MoS2,Zn,30,4,5,adsorbate,adsorbate,1,1,6.285276710000003,6.9231196641922,0.6378429541921964,adsorbate:ads1,1,adsorbate:ads0,0,0.2,0.009191419999979189,1,0,-0.2
MoS2,Zr,40,5,4,adsorbate,adsorbate,1,1,13.289325730000032,12.066007137298584,1.2233185927014478,adsorbate:ads2,1,adsorbate:ads2,1,0.25,0.0,1,0,0.75
MoSSe,Al,13,3,9,adsorbate,adsorbate,1,1,2.4631536100000075,2.1070716381073,0.35608197189270774,adsorbate:ads1,1,adsorbate:ads1,1,0.1111111111111111,0.0,1,0,0.8888888888888888
MoSSe,As,33,4,7,adsorbate,adsorbate,1,1,4.128880559999972,3.685669422149658,0.4432111378503141,adsorbate:ads0,1,adsorbate:ads0,1,0.14285714285714285,0.0,1,0,0.8571428571428572
MoSSe,B,5,2,10,interstitial,interstitial,1,1,-0.3960266099999785,-1.0039114952087402,0.6078848852087617,interstitial:int3,1,interstitial:int3,1,0.1,0.0,0,1,0.9
MoSSe,Ba,56,6,7,adsorbate,adsorbate,1,1,10.430710260000012,11.129331827163696,0.6986215671636842,adsorbate:ads2,1,adsorbate:ads1,0,0.14285714285714285,0.009687649999989403,1,0,-0.14285714285714285
MoSSe,Be,4,2,10,interstitial,adsorbate,1,0,-0.12253520000001572,0.4996492862701416,0.6221844862701573,interstitial:int3,1,adsorbate:ads2,0,0.1,0.12253520000001572,0,0,-0.1
MoSSe,Br,35,4,7,adsorbate,adsorbate,1,1,8.462342540000009,9.456318855285645,0.9939763152856358,adsorbate:ads3,1,adsorbate:ads3,1,0.14285714285714285,0.0,1,0,0.8571428571428572
MoSSe,C,6,2,9,interstitial,interstitial,1,1,-1.3441925500000016,-0.9131698608398438,0.43102268916015785,interstitial:int3,1,interstitial:int3,1,0.1111111111111111,0.0,0,1,0.8888888888888888
MoSSe,Ca,20,4,8,adsorbate,adsorbate,1,1,8.13891602000001,7.909229874610901,0.2296861453891097,adsorbate:ads2,1,adsorbate:ads1,0,0.125,0.1608659899999907,1,0,-0.125
MoSSe,Cl,17,3,9,adsorbate,adsorbate,1,1,6.014965990000007,5.459095001220703,0.5558709887793043,adsorbate:ads3,1,adsorbate:ads3,1,0.1111111111111111,0.0,1,0,0.8888888888888888
MoSSe,Co,27,4,9,adsorbate,adsorbate,1,1,1.6092197300000057,1.153364658355713,0.45585507164429284,adsorbate:ads1,1,adsorbate:int3,0,0.1111111111111111,0.1293248200000212,1,0,-0.1111111111111111
MoSSe,Cr,24,4,9,adsorbate,adsorbate,1,1,2.0661529000000196,1.5895087718963623,0.4766441281036573,adsorbate:ads2,1,adsorbate:int3,0,0.1111111111111111,0.9695418100000097,1,0,-0.1111111111111111
MoSSe,Cu,29,4,9,adsorbate,adsorbate,1,1,1.2820318899999856,4.755936145782471,3.473904255782485,adsorbate:ads2,1,adsorbate:ads4,0,0.1111111111111111,0.09817381999999952,1,0,-0.1111111111111111
MoSSe,F,9,2,10,adsorbate,adsorbate,1,1,1.7242046000000073,1.8833959102630615,0.15919131026305422,adsorbate:ads3,1,adsorbate:ads0,0,0.1,0.037899140000035914,1,0,-0.1
MoSSe,Fe,26,4,9,interstitial,adsorbate,1,0,-0.026690830000006827,0.2552046775817871,0.28189550758179394,interstitial:int3,1,adsorbate:ads4,0,0.1111111111111111,0.026690830000006827,0,0,-0.1111111111111111
MoSSe,Ga,31,4,6,adsorbate,adsorbate,1,1,3.9249205899999993,4.957093119621277,1.0321725296212776,adsorbate:ads1,1,adsorbate:ads4,0,0.16666666666666666,0.25491672000003973,1,0,-0.16666666666666666
MoSSe,Ge,32,4,8,adsorbate,adsorbate,1,1,3.0670736600000055,3.713594675064087,0.6465210150640814,adsorbate:ads0,1,adsorbate:ads1,0,0.125,0.04769787999998698,1,0,-0.125
MoSSe,H,1,1,10,interstitial,interstitial,1,1,-0.08567326999997227,-0.22200453281402588,0.1363312628140536,interstitial:int0,1,interstitial:int0,1,0.1,0.0,0,1,0.9
MoSSe,Hf,72,6,7,adsorbate,adsorbate,1,1,1.414538270000036,0.5709414482116699,0.843596821788366,adsorbate:ads4,1,adsorbate:ads2,0,0.14285714285714285,0.041770770000027824,1,0,-0.14285714285714285
MoSSe,I,53,5,7,adsorbate,adsorbate,1,1,10.90101493000003,8.335939764976501,2.5650751650235293,adsorbate:ads3,1,adsorbate:ads0,0,0.14285714285714285,0.03604211999999063,1,0,-0.14285714285714285
MoSSe,Ir,77,6,5,adsorbate,adsorbate,1,1,2.6597538400000085,2.9071202278137207,0.24736638781371223,adsorbate:ads4,1,adsorbate:ads4,1,0.2,0.0,1,0,0.8
MoSSe,K,19,4,8,adsorbate,adsorbate,1,1,12.337684060000017,10.97897744178772,1.358706618212297,adsorbate:ads2,1,adsorbate:ads2,1,0.125,0.0,1,0,0.875
MoSSe,Li,3,2,9,adsorbate,adsorbate,1,1,3.6301962000000003,3.7847611904144287,0.1545649904144284,adsorbate:int3,1,adsorbate:ads2,0,0.1111111111111111,0.033985570000027096,1,0,-0.1111111111111111
MoSSe,Mg,12,3,7,adsorbate,adsorbate,1,1,5.349124329999995,5.009429097175598,0.33969523282439695,adsorbate:ads2,1,adsorbate:ads1,0,0.14285714285714285,0.05845881999999869,1,0,-0.14285714285714285
MoSSe,Mn,25,4,9,adsorbate,adsorbate,1,1,0.9528978799999663,1.1810548305511475,0.22815695055118113,adsorbate:int3,1,adsorbate:int3,1,0.1111111111111111,0.0,1,0,0.8888888888888888
MoSSe,N,7,2,10,interstitial,interstitial,1,1,-0.07132111999999369,-0.16109609603881836,0.08977497603882467,interstitial:int3,1,interstitial:int2,0,0.1,0.0003118299999864682,0,1,-0.1
MoSSe,Ni,28,4,8,adsorbate,adsorbate,1,1,1.5155541599999651,0.9825091361999512,0.533045023800014,adsorbate:ads2,1,adsorbate:ads4,0,0.125,0.3809226600000102,1,0,-0.125
MoSSe,O,8,2,10,adsorbate,adsorbate,1,1,1.366851850000046,1.1180685758590698,0.24878327414097612,adsorbate:ads0,1,adsorbate:ads0,1,0.1,0.0,1,0,0.9
MoSSe,P,15,3,9,adsorbate,adsorbate,1,1,2.0940075700000325,1.8763606548309326,0.21764691516909984,adsorbate:ads0,1,adsorbate:ads0,1,0.1111111111111111,0.0,1,0,0.8888888888888888
MoSSe,Rb,37,5,7,adsorbate,adsorbate,1,1,12.949587870000016,13.033490896224976,0.08390302622495938,adsorbate:ads2,1,adsorbate:ads1,0,0.14285714285714285,0.02519059000002244,1,0,-0.14285714285714285
MoSSe,Re,75,6,7,adsorbate,adsorbate,1,1,0.26349575999995434,1.1921977996826172,0.9287020396826628,adsorbate:int3,1,adsorbate:int3,1,0.14285714285714285,0.0,1,0,0.8571428571428572
MoSSe,Rh,45,5,7,adsorbate,adsorbate,1,1,2.9178307399999985,1.9352529048919678,0.9825778351080308,adsorbate:ads4,1,adsorbate:ads4,1,0.14285714285714285,0.0,1,0,0.8571428571428572
MoSSe,Ru,44,5,7,adsorbate,adsorbate,1,1,2.8734611500000264,0.796104907989502,2.0773562420105245,adsorbate:ads4,1,adsorbate:ads1,0,0.14285714285714285,0.6153308500000207,1,0,-0.14285714285714285
MoSSe,Sb,51,5,7,adsorbate,adsorbate,1,1,4.651922969999987,5.2106101512908936,0.5586871812909067,adsorbate:ads0,1,adsorbate:ads0,1,0.14285714285714285,0.0,1,0,0.8571428571428572
MoSSe,Sc,21,4,9,adsorbate,adsorbate,1,1,4.441558269999972,4.089430570602417,0.3521276993975553,adsorbate:int3,1,adsorbate:int3,1,0.1111111111111111,0.0,1,0,0.8888888888888888
MoSSe,Si,14,3,9,adsorbate,adsorbate,1,1,0.8268023699999958,0.7346804141998291,0.09212195580016669,adsorbate:ads1,1,adsorbate:ads4,0,0.1111111111111111,0.6211373099999951,1,0,-0.1111111111111111
MoSSe,Sn,50,5,8,adsorbate,adsorbate,1,1,5.9236050900000246,4.6294708251953125,1.294134264804712,adsorbate:ads0,1,adsorbate:ads2,0,0.125,0.2303228400000421,1,0,-0.125
MoSSe,Sr,38,5,7,adsorbate,adsorbate,1,1,10.250978480000015,9.735751390457153,0.5152270895428614,adsorbate:ads2,1,adsorbate:ads2,1,0.14285714285714285,0.0,1,0,0.8571428571428572
MoSSe,Ta,73,6,7,interstitial,adsorbate,1,0,-0.34972143999999794,1.5075044631958008,1.8572259031957987,interstitial:int3,1,adsorbate:ads4,0,0.14285714285714285,0.7449978600000131,0,0,-0.14285714285714285
MoSSe,Ti,22,4,7,interstitial,interstitial,1,1,-0.1251972499999856,-0.565032958984375,0.4398357089843894,interstitial:int3,1,interstitial:int3,1,0.14285714285714285,0.0,0,1,0.8571428571428572
MoSSe,Tl,81,6,7,adsorbate,adsorbate,1,1,8.161664140000024,8.673044800758362,0.5113806607583378,adsorbate:ads1,1,adsorbate:ads2,0,0.14285714285714285,0.06374221000004365,1,0,-0.14285714285714285
MoSSe,V,23,4,8,adsorbate,adsorbate,1,1,0.5941946000000371,0.16796112060546875,0.42623347939456835,adsorbate:ads2,1,adsorbate:ads2,1,0.125,0.0,1,0,0.875
MoSSe,W,74,6,7,adsorbate,adsorbate,1,1,0.7944133099999799,0.6270637512207031,0.16734955877927682,adsorbate:ads2,1,adsorbate:ads2,1,0.14285714285714285,0.0,1,0,0.8571428571428572
MoSSe,Y,39,5,7,adsorbate,adsorbate,1,1,6.448960739999961,4.824591159820557,1.6243695801794047,adsorbate:ads2,1,adsorbate:ads1,0,0.14285714285714285,0.312373569999977,1,0,-0.14285714285714285
MoSSe,Zn,30,4,7,adsorbate,adsorbate,1,1,3.9298672500000293,2.32650089263916,1.6033663573608692,adsorbate:ads4,1,adsorbate:ads0,0,0.14285714285714285,0.017497280000043247,1,0,-0.14285714285714285
MoSSe,Zr,40,5,7,adsorbate,adsorbate,1,1,1.8207065600000187,0.6330959796905518,1.187610580309467,adsorbate:ads2,1,adsorbate:ads4,0,0.14285714285714285,0.23763522000001513,1,0,-0.14285714285714285
MoSe2,Ag,47,5,5,adsorbate,adsorbate,1,1,5.900899320000008,5.751189112663269,0.14971020733673868,adsorbate:ads2,1,adsorbate:ads1,0,0.2,0.033290739999984,1,0,-0.2
MoSe2,Al,13,3,5,adsorbate,adsorbate,1,1,1.8681809699999694,1.567859172821045,0.3003217971789245,adsorbate:ads1,1,adsorbate:ads1,1,0.2,0.0,1,0,0.8
MoSe2,As,33,4,4,adsorbate,adsorbate,1,1,2.99782823999999,3.012591600418091,0.014763360418101001,adsorbate:ads0,1,adsorbate:ads0,1,0.25,0.0,1,0,0.75
MoSe2,Au,79,6,4,adsorbate,adsorbate,1,1,10.486092700000025,9.356369018554688,1.1297236814453377,adsorbate:ads2,1,adsorbate:ads1,0,0.25,0.08322358000003716,1,0,-0.25
MoSe2,B,5,2,8,interstitial,interstitial,1,1,-0.7873781099999633,-1.0050485134124756,0.21767040341251231,interstitial:int4,1,interstitial:int3,0,0.125,0.00020620999998754996,0,1,-0.125
MoSe2,Ba,56,6,4,adsorbate,adsorbate,1,1,12.92231516000004,14.532233715057373,1.6099185550573338,adsorbate:ads1,1,adsorbate:ads1,1,0.25,0.0,1,0,0.75
MoSe2,Be,4,2,8,adsorbate,adsorbate,1,1,0.16363448999999264,0.6367394924163818,0.4731050024163892,adsorbate:ads1,1,adsorbate:ads1,1,0.125,0.0,1,0,0.875
MoSe2,Br,35,4,4,adsorbate,adsorbate,1,1,8.297089079999978,8.208276867866516,0.0888122121334618,adsorbate:ads0,1,adsorbate:ads0,1,0.25,0.0,1,0,0.75
MoSe2,C,6,2,7,interstitial,interstitial,1,1,-2.389137170000027,-1.9372239112854004,0.4519132587146264,interstitial:int3,1,interstitial:int4,0,0.14285714285714285,0.00024783000003436584,0,1,-0.14285714285714285
MoSe2,Cd,48,5,5,adsorbate,adsorbate,1,1,7.7244614100000035,6.723269701004028,1.0011917089959752,adsorbate:ads1,1,adsorbate:ads0,0,0.2,0.021977090000007138,1,0,-0.2
MoSe2,Cl,17,3,6,adsorbate,adsorbate,1,1,5.802628230000039,5.752268314361572,0.050359915638466646,adsorbate:ads0,1,adsorbate:ads0,1,0.16666666666666666,0.0,1,0,0.8333333333333334
MoSe2,Co,27,4,7,adsorbate,adsorbate,1,1,0.38079034000003276,0.45992493629455566,0.07913459629452291,adsorbate:ads1,1,adsorbate:ads1,1,0.14285714285714285,0.0,1,0,0.8571428571428572
MoSe2,Cr,24,4,6,adsorbate,adsorbate,1,1,0.4199548499999537,0.3408620357513428,0.07909281424861092,adsorbate:ads1,1,adsorbate:ads1,1,0.16666666666666666,0.0,1,0,0.8333333333333334
MoSe2,Cs,55,6,5,adsorbate,adsorbate,1,1,12.299386229999982,14.711634397506714,2.412248167506732,adsorbate:ads1,1,adsorbate:ads1,1,0.2,0.0,1,0,0.8
MoSe2,Cu,29,4,5,adsorbate,adsorbate,1,1,0.8932618899999634,0.8351840972900391,0.0580777927099243,adsorbate:ads1,1,adsorbate:ads1,1,0.2,0.0,1,0,0.8
MoSe2,F,9,2,7,adsorbate,adsorbate,1,1,1.2619601299999772,1.4338123798370361,0.17185224983705893,adsorbate:ads0,1,adsorbate:ads0,1,0.14285714285714285,0.0,1,0,0.8571428571428572
MoSe2,Fe,26,4,5,adsorbate,interstitial,1,0,0.04275262000004432,-0.15673208236694336,0.19948470236698768,adsorbate:ads1,1,interstitial:int4,0,0.2,0.04275262000004432,1,-1,-0.2
MoSe2,Ga,31,4,5,adsorbate,adsorbate,1,1,3.391074449999963,3.43046498298645,0.03939053298648698,adsorbate:ads1,1,adsorbate:ads2,0,0.2,0.13734429999999564,1,0,-0.2
MoSe2,H,1,1,8,interstitial,interstitial,1,1,-0.6632557799999859,-0.5832983255386353,0.07995745446135061,interstitial:int0,1,interstitial:int3,0,0.125,0.000212550000014744,0,1,-0.125
MoSe2,Hf,72,6,4,adsorbate,adsorbate,1,1,9.997225929999956,10.928138732910156,0.9309128029101998,adsorbate:ads1,1,adsorbate:ads1,1,0.25,0.0,1,0,0.75
MoSe2,Hg,80,6,4,adsorbate,adsorbate,1,1,14.602321580000023,17.155725240707397,2.5534036607073745,adsorbate:ads1,1,adsorbate:ads1,1,0.25,0.0,1,0,0.75
MoSe2,I,53,5,4,adsorbate,adsorbate,1,1,13.176609690000019,14.884923696517944,1.7083140065179254,adsorbate:ads0,1,adsorbate:ads0,1,0.25,0.0,1,0,0.75
MoSe2,Ir,77,6,5,adsorbate,adsorbate,1,1,2.0719426499999827,2.0691161155700684,0.002826534429914318,adsorbate:ads1,1,adsorbate:ads1,1,0.2,0.0,1,0,0.8
MoSe2,K,19,4,4,adsorbate,adsorbate,1,1,14.142739489999997,11.364207744598389,2.778531745401608,adsorbate:ads1,1,adsorbate:ads1,1,0.25,0.0,1,0,0.75
MoSe2,Li,3,2,7,adsorbate,adsorbate,1,1,2.7262773900000075,3.21470046043396,0.4884230704339525,adsorbate:ads1,1,adsorbate:ads1,1,0.14285714285714285,0.0,1,0,0.8571428571428572
MoSe2,Lu,71,6,5,adsorbate,adsorbate,1,1,3.9558873700000268,2.800523281097412,1.1553640889026147,adsorbate:ads1,1,adsorbate:ads1,1,0.2,0.0,1,0,0.8
MoSe2,Mg,12,3,5,adsorbate,adsorbate,1,1,4.123512449999964,3.9724777936935425,0.15103465630642177,adsorbate:ads1,1,adsorbate:ads1,1,0.2,0.0,1,0,0.8
MoSe2,Mn,25,4,5,adsorbate,adsorbate,1,1,0.03373113000003469,0.39641380310058594,0.36268267310055124,adsorbate:ads1,1,adsorbate:ads1,1,0.2,0.0,1,0,0.8
MoSe2,N,7,2,8,interstitial,interstitial,1,1,-1.3483856499999538,-1.4943318367004395,0.14594618670048565,interstitial:int4,1,interstitial:int4,1,0.125,0.0,0,1,0.875
MoSe2,Nb,41,5,4,adsorbate,adsorbate,1,1,0.2956781099999821,0.3608384132385254,0.06516030323854327,adsorbate:ads1,1,adsorbate:ads2,0,0.25,0.6949237599999947,1,0,-0.25
MoSe2,Ni,28,4,5,adsorbate,adsorbate,1,1,0.5485016200000248,0.4767954349517822,0.07170618504824255,adsorbate:ads1,1,adsorbate:ads1,1,0.2,0.0,1,0,0.8
MoSe2,O,8,2,7,adsorbate,interstitial,1,0,0.0835508099999629,-0.06392621994018555,0.14747702994014844,adsorbate:ads0,1,interstitial:int4,0,0.14285714285714285,0.08405738999999818,1,-1,-0.14285714285714285
MoSe2,Os,76,6,4,adsorbate,adsorbate,1,1,0.8040138199999669,0.6236491203308105,0.18036469966915636,adsorbate:ads1,1,adsorbate:ads1,1,0.25,0.0,1,0,0.75
MoSe2,P,15,3,6,adsorbate,adsorbate,1,1,0.9826545999999885,0.8750524520874023,0.10760214791258615,adsorbate:ads0,1,adsorbate:ads0,1,0.16666666666666666,0.0,1,0,0.8333333333333334
MoSe2,Pd,46,5,5,adsorbate,adsorbate,1,1,3.9830779899999706,4.045612573623657,0.06253458362368658,adsorbate:ads1,1,adsorbate:ads1,1,0.2,0.0,1,0,0.8
MoSe2,Pt,78,6,5,adsorbate,adsorbate,1,1,3.547058240000013,4.095915079116821,0.5488568391168083,adsorbate:ads1,1,adsorbate:ads1,1,0.2,0.0,1,0,0.8
MoSe2,Re,75,6,4,interstitial,interstitial,1,1,-1.2675764500000373,-0.8491697311401367,0.41840671885990055,interstitial:int4,1,interstitial:int4,1,0.25,0.0,0,1,0.75
MoSe2,Rh,45,5,4,adsorbate,adsorbate,1,1,13.816341679999994,13.41792917251587,0.3984125074841245,adsorbate:ads1,1,adsorbate:ads1,1,0.25,0.0,1,0,0.75
MoSe2,Ru,44,5,5,adsorbate,adsorbate,1,1,1.5166911500000406,1.2501096725463867,0.2665814774536539,adsorbate:ads1,1,adsorbate:ads1,1,0.2,0.0,1,0,0.8
MoSe2,S,16,3,6,adsorbate,adsorbate,1,1,3.846021809999968,3.4970221519470215,0.3489996580529464,adsorbate:ads0,1,adsorbate:ads0,1,0.16666666666666666,0.0,1,0,0.8333333333333334
MoSe2,Sb,51,5,4,adsorbate,adsorbate,1,1,10.093749520000017,10.281491041183472,0.18774152118345455,adsorbate:ads2,1,adsorbate:ads0,0,0.25,0.008313200000031884,1,0,-0.25
MoSe2,Sc,21,4,5,adsorbate,adsorbate,1,1,2.3266269199999674,2.5620267391204834,0.235399819120516,adsorbate:ads1,1,adsorbate:ads1,1,0.2,0.0,1,0,0.8
MoSe2,Si,14,3,5,interstitial,interstitial,1,1,-0.1110035300000054,-0.09203791618347168,0.018965613816533722,interstitial:int3,1,interstitial:int3,1,0.2,0.0,0,1,0.8
MoSe2,Sr,38,5,4,adsorbate,adsorbate,1,1,13.180390670000008,13.951745629310608,0.7713549593105995,adsorbate:ads1,1,adsorbate:ads1,1,0.25,0.0,1,0,0.75
MoSe2,Tc,43,5,5,adsorbate,adsorbate,1,1,0.2993942300000194,0.4948906898498535,0.1954964598498341,adsorbate:ads1,1,adsorbate:ads1,1,0.2,0.0,1,0,0.8
MoSe2,Ti,22,4,5,interstitial,interstitial,1,1,-0.8450841100000157,-0.3306312561035156,0.5144528538965001,interstitial:int4,1,interstitial:int4,1,0.2,0.0,0,1,0.8
MoSe2,Tl,81,6,5,adsorbate,adsorbate,1,1,8.936652379999998,8.831376314163208,0.10527606583679017,adsorbate:ads1,1,adsorbate:ads2,0,0.2,0.045129780000024766,1,0,-0.2
MoSe2,V,23,4,5,interstitial,interstitial,1,1,-0.2947415599999772,-0.520728588104248,0.22598702810427085,interstitial:int4,1,interstitial:int4,1,0.2,0.0,0,1,0.8
MoSe2,W,74,6,4,interstitial,interstitial,1,1,-0.8419636699999833,-0.9961109161376953,0.15414724613771202,interstitial:int4,1,interstitial:int4,1,0.25,0.0,0,1,0.75
MoSe2,Y,39,5,4,adsorbate,adsorbate,1,1,8.532994599999995,12.425737619400024,3.8927430194000294,adsorbate:ads1,1,adsorbate:ads1,1,0.25,0.0,1,0,0.75
MoSe2,Zn,30,4,4,adsorbate,adsorbate,1,1,4.112288219999982,4.816286087036133,0.7039978670361506,adsorbate:ads1,1,adsorbate:ads2,0,0.25,0.010387780000030489,1,0,-0.25
MoTe2,Ag,47,5,4,adsorbate,adsorbate,1,1,3.8403608700000125,5.190831184387207,1.3504703143871946,adsorbate:ads2,1,adsorbate:ads2,1,0.25,0.0,1,0,0.75
MoTe2,Al,13,3,5,adsorbate,interstitial,1,0,0.0038460300000040526,-0.09393644332885742,0.09778247332886147,adsorbate:ads1,1,interstitial:int4,0,0.2,0.0038460300000040526,1,-1,-0.2
MoTe2,Au,79,6,4,adsorbate,adsorbate,1,1,2.418264970000025,3.428445816040039,1.0101808460400141,adsorbate:ads2,1,adsorbate:ads2,1,0.25,0.0,1,0,0.75
MoTe2,B,5,2,7,interstitial,interstitial,1,1,-3.2011829900000066,-2.541280508041382,0.6599024819586248,interstitial:int4,1,interstitial:int0,0,0.14285714285714285,0.05866525000001843,0,1,-0.14285714285714285
MoTe2,Be,4,2,7,interstitial,interstitial,1,1,-1.556222660000003,-1.2590564489364624,0.2971662110635407,interstitial:int0,1,interstitial:int4,0,0.14285714285714285,0.03359156999999868,0,1,-0.14285714285714285
MoTe2,Br,35,4,6,adsorbate,adsorbate,1,1,5.708966029999999,5.80412483215332,0.09515880215332118,adsorbate:ads2,1,adsorbate:ads2,1,0.16666666666666666,0.0,1,0,0.8333333333333334
MoTe2,C,6,2,7,interstitial,interstitial,1,1,-3.734217199999989,-3.8712282180786133,0.13701101807862415,interstitial:int4,1,interstitial:int0,0,0.14285714285714285,0.002772920000012391,0,1,-0.14285714285714285
MoTe2,Ca,20,4,5,adsorbate,adsorbate,1,1,4.388169130000024,3.216411590576172,1.1717575394238517,adsorbate:ads1,1,adsorbate:ads1,1,0.2,0.0,1,0,0.8
MoTe2,Cl,17,3,5,adsorbate,adsorbate,1,1,3.748960720000012,3.751894474029541,0.002933754029529112,adsorbate:ads2,1,adsorbate:ads2,1,0.2,0.0,1,0,0.8
MoTe2,Co,27,4,6,interstitial,interstitial,1,1,-1.1791879000000167,-1.0488228797912598,0.13036502020875695,interstitial:int4,1,interstitial:int4,1,0.16666666666666666,0.0,0,1,0.8333333333333334
MoTe2,Cr,24,4,5,interstitial,interstitial,1,1,-1.1275266899999967,-1.5133105516433716,0.38578386164337486,interstitial:int4,1,interstitial:int4,1,0.2,0.0,0,1,0.8
MoTe2,Cu,29,4,6,adsorbate,adsorbate,1,1,0.18181340999998952,0.401569128036499,0.2197557180365095,adsorbate:ads1,1,adsorbate:ads1,1,0.16666666666666666,0.0,1,0,0.8333333333333334
MoTe2,F,9,2,5,adsorbate,adsorbate,1,1,0.33389334000000304,0.26564455032348633,0.06824878967651671,adsorbate:ads0,1,adsorbate:ads0,1,0.2,0.0,1,0,0.8
MoTe2,Fe,26,4,6,interstitial,interstitial,1,1,-1.9533720100000096,-1.891244649887085,0.062127360112924634,interstitial:int4,1,interstitial:int4,1,0.16666666666666666,0.0,0,1,0.8333333333333334
MoTe2,Ga,31,4,3,adsorbate,adsorbate,1,1,0.8330880000000032,1.1361119747161865,0.30302397471618336,adsorbate:ads0,1,adsorbate:ads0,1,0.3333333333333333,0.0,1,0,0.6666666666666667
MoTe2,Ge,32,4,4,adsorbate,adsorbate,1,1,3.9528945899999997,2.109476089477539,1.8434185005224606,adsorbate:ads0,1,adsorbate:ads1,0,0.25,0.11646349000000056,1,0,-0.25
MoTe2,H,1,1,8,interstitial,interstitial,1,1,-1.5227454200000068,-1.4650838375091553,0.057661582490851515,interstitial:int4,1,interstitial:int4,1,0.125,0.0,0,1,0.875
MoTe2,Hf,72,6,5,interstitial,interstitial,1,1,-0.16468516000000477,-0.25061559677124023,0.08593043677123546,interstitial:int0,1,interstitial:int0,1,0.2,0.0,0,1,0.8
MoTe2,Hg,80,6,3,adsorbate,adsorbate,1,1,9.26211504,7.919465065002441,1.342649974997558,adsorbate:ads1,1,adsorbate:ads1,1,0.3333333333333333,0.0,1,0,0.6666666666666667
MoTe2,Ir,77,6,4,interstitial,interstitial,1,1,-1.6154814399999964,-1.5863983631134033,0.029083076886593062,interstitial:int4,1,interstitial:int4,1,0.25,0.0,0,1,0.75
MoTe2,K,19,4,5,adsorbate,adsorbate,1,1,8.544882970000003,8.6074800491333,0.06259707913329748,adsorbate:ads1,1,adsorbate:ads1,1,0.2,0.0,1,0,0.8
MoTe2,Li,3,2,5,adsorbate,adsorbate,1,1,1.4419968200000142,2.354994535446167,0.9129977154461528,adsorbate:ads1,1,adsorbate:ads2,0,0.2,0.1711120600000129,1,0,-0.2
MoTe2,Mg,12,3,5,adsorbate,adsorbate,1,1,2.124597279999989,2.4264572858810425,0.30186000588105344,adsorbate:ads1,1,adsorbate:ads0,0,0.2,0.12111984000000575,1,0,-0.2
MoTe2,Mn,25,4,5,interstitial,interstitial,1,1,-1.8382430599999964,-1.3657846450805664,0.47245841491942997,interstitial:int4,1,interstitial:int4,1,0.2,0.0,0,1,0.8
MoTe2,N,7,2,7,interstitial,interstitial,1,1,-2.294004120000012,-3.464993953704834,1.1709898337048221,interstitial:int4,1,interstitial:int4,1,0.14285714285714285,0.0,0,1,0.8571428571428572
MoTe2,Nb,41,5,4,interstitial,interstitial,1,1,-0.6454122600000005,-1.3718223571777344,0.7264100971777339,interstitial:int0,1,interstitial:int0,1,0.25,0.0,0,1,0.75
MoTe2,Ni,28,4,4,interstitial,interstitial,1,1,-0.39926687000001926,-0.5084519386291504,0.10918506862913113,interstitial:int4,1,interstitial:int4,1,0.25,0.0,0,1,0.75
MoTe2,O,8,2,7,interstitial,interstitial,1,1,-0.9625832700000103,-1.1456727981567383,0.18308952815672797,interstitial:int4,1,interstitial:int4,1,0.14285714285714285,0.0,0,1,0.8571428571428572
MoTe2,Os,76,6,4,interstitial,interstitial,1,1,-3.1320125000000028,-3.0777182579040527,0.05429424209595002,interstitial:int4,1,interstitial:int4,1,0.25,0.0,0,1,0.75
MoTe2,P,15,3,5,interstitial,interstitial,1,1,-1.2414076000000023,-0.9852437973022461,0.2561638026977562,interstitial:int4,1,interstitial:int4,1,0.2,0.0,0,1,0.8
MoTe2,Pt,78,6,3,adsorbate,adsorbate,1,1,0.10939370999997822,0.6074912548065186,0.49809754480654034,adsorbate:ads2,1,adsorbate:ads2,1,0.3333333333333333,0.0,1,0,0.6666666666666667
MoTe2,Rb,37,5,4,adsorbate,adsorbate,1,1,9.285483309999991,8.079813718795776,1.2056695912042148,adsorbate:ads1,1,adsorbate:ads2,0,0.25,0.029481739999994205,1,0,-0.25
MoTe2,Rh,45,5,4,interstitial,interstitial,1,1,-0.8378580500000226,-0.8197708129882812,0.01808723701174131,interstitial:int4,1,interstitial:int4,1,0.25,0.0,0,1,0.75
MoTe2,Ru,44,5,4,adsorbate,adsorbate,1,1,1.6135196000000165,0.9981789588928223,0.6153406411071942,adsorbate:ads1,1,adsorbate:ads1,1,0.25,0.0,1,0,0.75
MoTe2,S,16,3,4,adsorbate,adsorbate,1,1,1.7908225999999843,0.6744683980941772,1.116354201905807,adsorbate:ads0,1,adsorbate:ads0,1,0.25,0.0,1,0,0.75
MoTe2,Sb,51,5,5,adsorbate,adsorbate,1,1,3.1895073999999957,2.9076149463653564,0.2818924536346392,adsorbate:ads0,1,adsorbate:ads0,1,0.2,0.0,1,0,0.8
MoTe2,Sc,21,4,6,adsorbate,adsorbate,1,1,0.30714652999998204,0.6938588619232178,0.38671233192323573,adsorbate:ads1,1,adsorbate:ads1,1,0.16666666666666666,0.0,1,0,0.8333333333333334
MoTe2,Si,14,3,5,interstitial,interstitial,1,1,-2.002891909999988,-1.7311124801635742,0.27177942983641357,interstitial:int4,1,interstitial:int4,1,0.2,0.0,0,1,0.8
MoTe2,Sn,50,5,4,adsorbate,adsorbate,1,1,4.7855136000000025,6.850397109985352,2.064883509985349,adsorbate:ads0,1,adsorbate:ads1,0,0.25,0.054414239999999836,1,0,-0.25
MoTe2,Ti,22,4,4,adsorbate,adsorbate,1,1,0.8534878899999967,1.4308655261993408,0.5773776361993441,adsorbate:ads1,1,adsorbate:ads1,1,0.25,0.0,1,0,0.75
MoTe2,V,23,4,3,interstitial,interstitial,1,1,-1.955028900000002,-1.718638300895691,0.23639059910431115,interstitial:int4,1,interstitial:int4,1,0.3333333333333333,0.0,0,1,0.6666666666666667
MoTe2,W,74,6,5,interstitial,interstitial,1,1,-3.172208850000006,-2.4752118587493896,0.6969969912506162,interstitial:int4,1,interstitial:int4,1,0.2,0.0,0,1,0.8
MoTe2,Zr,40,5,4,interstitial,interstitial,1,1,-0.8435532999999955,-0.18672609329223633,0.6568272067077592,interstitial:int4,1,interstitial:int4,1,0.25,0.0,0,1,0.75
Nb2CO2,Al,13,3,4,adsorbate,adsorbate,1,1,8.326128579999931,8.739226818084717,0.4130982380847854,adsorbate:ads2,1,adsorbate:ads2,1,0.25,0.0,1,0,0.75
Nb2CO2,B,5,2,4,adsorbate,adsorbate,1,1,0.649653719999947,1.3851606845855713,0.7355069645856243,adsorbate:ads0,1,adsorbate:ads0,1,0.25,0.0,1,0,0.75
Nb2CO2,Be,4,2,5,adsorbate,adsorbate,1,1,4.735654509999904,3.9355876445770264,0.8000668654228775,adsorbate:ads2,1,adsorbate:ads2,1,0.2,0.0,1,0,0.8
Nb2CO2,Ca,20,4,4,adsorbate,adsorbate,1,1,13.045980200000031,12.24526071548462,0.8007194845154118,adsorbate:ads2,1,adsorbate:ads2,1,0.25,0.0,1,0,0.75
Nb2CO2,Cl,17,3,4,adsorbate,adsorbate,1,1,13.055147269999907,10.840839385986328,2.2143078840135786,adsorbate:ads1,1,adsorbate:ads1,1,0.25,0.0,1,0,0.75
Nb2CO2,Co,27,4,4,adsorbate,adsorbate,1,1,7.021679519999907,7.152883052825928,0.13120353282602082,adsorbate:ads2,1,adsorbate:ads2,1,0.25,0.0,1,0,0.75
Nb2CO2,Cr,24,4,5,adsorbate,adsorbate,1,1,3.4467195199999874,3.835927963256836,0.38920844325684856,adsorbate:ads2,1,adsorbate:ads1,0,0.2,0.12294729000006965,1,0,-0.2
Nb2CO2,Cu,29,4,4,adsorbate,adsorbate,1,1,7.312207960000023,7.588048934936523,0.27584097493650006,adsorbate:ads2,1,adsorbate:ads2,1,0.25,0.0,1,0,0.75
Nb2CO2,F,9,2,5,adsorbate,adsorbate,1,1,1.8124835200000007,2.550042152404785,0.7375586324047845,adsorbate:ads1,1,adsorbate:ads1,1,0.2,0.0,1,0,0.8
Nb2CO2,Fe,26,4,4,adsorbate,adsorbate,1,1,6.970493080000095,7.61030912399292,0.6398160439928251,adsorbate:ads2,1,adsorbate:ads2,1,0.25,0.0,1,0,0.75
Nb2CO2,Ga,31,4,4,adsorbate,adsorbate,1,1,9.718073390000084,9.60697865486145,0.111094735138634,adsorbate:ads2,1,adsorbate:ads2,1,0.25,0.0,1,0,0.75
Nb2CO2,H,1,1,5,adsorbate,adsorbate,1,1,1.8131287400000249,1.4972440004348755,0.3158847395651494,adsorbate:ads0,1,adsorbate:ads0,1,0.2,0.0,1,0,0.8
Nb2CO2,K,19,4,4,adsorbate,adsorbate,1,1,16.867917710000032,13.256978034973145,3.610939675026888,adsorbate:ads2,1,adsorbate:ads2,1,0.25,0.0,1,0,0.75
Nb2CO2,Li,3,2,5,adsorbate,adsorbate,1,1,6.746555080000007,7.682773590087891,0.9362185100878833,adsorbate:ads2,1,adsorbate:ads2,1,0.2,0.0,1,0,0.8
Nb2CO2,Mg,12,3,4,adsorbate,adsorbate,1,1,10.122309270000073,10.168576717376709,0.04626744737663557,adsorbate:ads2,1,adsorbate:ads2,1,0.25,0.0,1,0,0.75
Nb2CO2,Mn,25,4,5,adsorbate,adsorbate,1,1,2.7353476399999863,3.9030016660690308,1.1676540260690444,adsorbate:ads2,1,adsorbate:ads2,1,0.2,0.0,1,0,0.8
Nb2CO2,N,7,2,3,adsorbate,adsorbate,1,1,1.5196373200000153,1.234358310699463,0.2852790093005524,adsorbate:ads2,1,adsorbate:ads2,1,0.3333333333333333,0.0,1,0,0.6666666666666667
Nb2CO2,Ni,28,4,3,adsorbate,adsorbate,1,1,6.100128980000024,6.730256795883179,0.6301278158831547,adsorbate:ads0,1,adsorbate:ads1,0,0.3333333333333333,0.6569487099999378,1,0,-0.3333333333333333
Nb2CO2,P,15,3,4,adsorbate,adsorbate,1,1,8.602352509999946,8.13823914527893,0.4641133647210154,adsorbate:ads1,1,adsorbate:ads1,1,0.25,0.0,1,0,0.75
Nb2CO2,Rh,45,5,4,adsorbate,adsorbate,1,1,7.011752239999964,7.0212321281433105,0.009479888143346216,adsorbate:ads1,1,adsorbate:ads2,0,0.25,0.21127064999995948,1,0,-0.25
Nb2CO2,S,16,3,3,adsorbate,adsorbate,1,1,9.59164079999994,9.501798272132874,0.08984252786706648,adsorbate:ads2,1,adsorbate:ads2,1,0.3333333333333333,0.0,1,0,0.6666666666666667
Nb2CO2,Sc,21,4,4,adsorbate,adsorbate,1,1,8.975263329999963,10.394732236862183,1.4194689068622193,adsorbate:ads2,1,adsorbate:ads2,1,0.25,0.0,1,0,0.75
Nb2CO2,Si,14,3,4,adsorbate,adsorbate,1,1,8.673281269999961,8.440200328826904,0.233080941173057,adsorbate:ads2,1,adsorbate:ads2,1,0.25,0.0,1,0,0.75
Nb2CO2,Ta,73,6,3,adsorbate,adsorbate,1,1,11.625860439999991,5.567629814147949,6.058230625852042,adsorbate:ads0,1,adsorbate:ads0,1,0.3333333333333333,0.0,1,0,0.6666666666666667
Nb2CO2,Tc,43,5,3,adsorbate,adsorbate,1,1,6.525942509999934,6.158416271209717,0.3675262387902176,adsorbate:ads1,1,adsorbate:ads1,1,0.3333333333333333,0.0,1,0,0.6666666666666667
Nb2CO2,V,23,4,4,adsorbate,adsorbate,1,1,7.120632819999969,8.157582521438599,1.0369497014386297,adsorbate:ads2,1,adsorbate:ads2,1,0.25,0.0,1,0,0.75
Nb2CO2,W,74,6,3,adsorbate,adsorbate,1,1,6.668266730000032,5.323381423950195,1.3448853060498367,adsorbate:ads0,1,adsorbate:ads0,1,0.3333333333333333,0.0,1,0,0.6666666666666667
Nb2CO2,Zn,30,4,4,adsorbate,adsorbate,1,1,8.470842240000026,8.863466262817383,0.39262402281735653,adsorbate:ads1,1,adsorbate:ads2,0,0.25,0.16716386999996757,1,0,-0.25
Nb2CO2,Zr,40,5,3,adsorbate,adsorbate,1,1,13.604435109999942,9.311923503875732,4.29251160612421,adsorbate:ads0,1,adsorbate:ads0,1,0.3333333333333333,0.0,1,0,0.6666666666666667
Nb4C3,Al,13,3,5,adsorbate,adsorbate,1,1,3.0607433400000446,8.877910375595093,5.817167035595048,adsorbate:ads2,1,adsorbate:ads2,1,0.2,0.0,1,0,0.8
Nb4C3,B,5,2,6,adsorbate,adsorbate,1,1,2.971220789999961,1.479341983795166,1.4918788062047952,adsorbate:ads2,1,adsorbate:ads2,1,0.16666666666666666,0.0,1,0,0.8333333333333334
Nb4C3,Be,4,2,6,adsorbate,adsorbate,1,1,2.382469949999859,4.327507734298706,1.9450377842988469,adsorbate:ads2,1,adsorbate:ads2,1,0.16666666666666666,0.0,1,0,0.8333333333333334
Nb4C3,Cl,17,3,4,adsorbate,adsorbate,1,1,15.567339680000034,14.89456558227539,0.672774097724643,adsorbate:ads2,1,adsorbate:ads1,0,0.25,0.28620393000005695,1,0,-0.25
Nb4C3,Co,27,4,4,adsorbate,adsorbate,1,1,5.374392069999884,5.895119071006775,0.5207270010068905,adsorbate:ads2,1,adsorbate:ads2,1,0.25,0.0,1,0,0.75
Nb4C3,Cr,24,4,6,adsorbate,adsorbate,1,1,5.6817243699999835,6.34845495223999,0.6667305822400067,adsorbate:ads1,1,adsorbate:ads2,0,0.16666666666666666,0.7335688799998927,1,0,-0.16666666666666666
Nb4C3,Cu,29,4,5,adsorbate,adsorbate,1,1,4.265429359999871,6.865555286407471,2.6001259264075998,adsorbate:ads2,1,adsorbate:ads2,1,0.2,0.0,1,0,0.8
Nb4C3,F,9,2,5,adsorbate,adsorbate,1,1,9.344512990000112,9.685835838317871,0.34132284831775905,adsorbate:ads2,1,adsorbate:ads1,0,0.2,0.17532491000019945,1,0,-0.2
Nb4C3,Fe,26,4,4,adsorbate,adsorbate,1,1,5.754682749999803,5.966316342353821,0.21163359235401824,adsorbate:ads2,1,adsorbate:ads2,1,0.25,0.0,1,0,0.75
Nb4C3,H,1,1,6,adsorbate,adsorbate,1,1,3.2755599399999937,2.1680996417999268,1.107460298200067,adsorbate:ads2,1,adsorbate:ads1,0,0.16666666666666666,0.29713510999999926,1,0,-0.16666666666666666
Nb4C3,I,53,5,4,adsorbate,adsorbate,1,1,22.473705119999973,14.598603248596191,7.875101871403782,adsorbate:ads2,1,adsorbate:ads2,1,0.25,0.0,1,0,0.75
Nb4C3,K,19,4,4,adsorbate,adsorbate,1,1,17.652819440000027,14.852128982543945,2.8006904574560814,adsorbate:ads2,1,adsorbate:ads2,1,0.25,0.0,1,0,0.75
Nb4C3,Li,3,2,6,adsorbate,adsorbate,1,1,6.000447760000044,7.585837364196777,1.5853896041967337,adsorbate:ads2,1,adsorbate:ads1,0,0.16666666666666666,0.04947005000008181,1,0,-0.16666666666666666
Nb4C3,Mg,12,3,4,adsorbate,adsorbate,1,1,10.28397257000006,7.40560507774353,2.8783674922565297,adsorbate:ads2,1,adsorbate:ads2,1,0.25,0.0,1,0,0.75
Nb4C3,Mn,25,4,5,adsorbate,adsorbate,1,1,6.119950089999976,6.097947120666504,0.02200296933347179,adsorbate:ads2,1,adsorbate:ads2,1,0.2,0.0,1,0,0.8
Nb4C3,N,7,2,6,adsorbate,adsorbate,1,1,6.394594760000018,5.048632860183716,1.3459618998163023,adsorbate:ads2,1,adsorbate:ads2,1,0.16666666666666666,0.0,1,0,0.8333333333333334
Nb4C3,Ni,28,4,4,adsorbate,adsorbate,1,1,6.07399147000001,5.404812335968018,0.6691791340319924,adsorbate:ads2,1,adsorbate:ads2,1,0.25,0.0,1,0,0.75
Nb4C3,O,8,2,5,adsorbate,adsorbate,1,1,8.479436480000004,9.841628551483154,1.3621920714831504,adsorbate:ads2,1,adsorbate:ads2,1,0.2,0.0,1,0,0.8
Nb4C3,P,15,3,4,adsorbate,adsorbate,1,1,11.394025840000038,11.009706974029541,0.38431886597049747,adsorbate:ads1,1,adsorbate:ads1,1,0.25,0.0,1,0,0.75
Nb4C3,S,16,3,4,adsorbate,adsorbate,1,1,13.579794589999892,13.393322944641113,0.18647164535877891,adsorbate:ads2,1,adsorbate:ads1,0,0.25,0.17002063999984784,1,0,-0.25
Nb4C3,Si,14,3,4,adsorbate,adsorbate,1,1,9.810454700000037,9.828256130218506,0.01780143021846925,adsorbate:ads2,1,adsorbate:ads1,0,0.25,0.048984170000039795,1,0,-0.25
Nb4C3,Sr,38,5,4,adsorbate,adsorbate,1,1,18.155275770000117,15.1806480884552,2.9746276815449164,adsorbate:ads2,1,adsorbate:ads1,0,0.25,0.09824185999991647,1,0,-0.25
Nb4C3,Te,52,5,5,adsorbate,adsorbate,1,1,19.840470900000128,13.26995038986206,6.570520510138067,adsorbate:ads2,1,adsorbate:ads0,0,0.2,1.04773866000005,1,0,-0.2
Nb4C3,V,23,4,4,adsorbate,adsorbate,1,1,7.224394580000082,7.621058225631714,0.3966636456316319,adsorbate:ads2,1,adsorbate:ads2,1,0.25,0.0,1,0,0.75
Nb4C3,Y,39,5,4,adsorbate,adsorbate,1,1,14.387529539999834,12.315520524978638,2.0720090150211963,adsorbate:ads1,1,adsorbate:ads1,1,0.25,0.0,1,0,0.75
NbS2,Ag,47,5,5,adsorbate,adsorbate,1,1,6.118506580000004,5.4754719734191895,0.6430346065808141,adsorbate:ads2,1,adsorbate:ads2,1,0.2,0.0,1,0,0.8
NbS2,Al,13,3,6,adsorbate,adsorbate,1,1,4.001899580000014,3.4767227172851562,0.5251768627148579,adsorbate:ads2,1,adsorbate:ads2,1,0.16666666666666666,0.0,1,0,0.8333333333333334
NbS2,As,33,4,7,adsorbate,adsorbate,1,1,4.708990070000026,4.750153303146362,0.041163233146336076,adsorbate:ads1,1,adsorbate:ads1,1,0.14285714285714285,0.0,1,0,0.8571428571428572
NbS2,Au,79,6,6,adsorbate,adsorbate,1,1,5.767753519999986,4.538227319717407,1.2295262002825789,adsorbate:ads1,1,adsorbate:ads1,1,0.16666666666666666,0.0,1,0,0.8333333333333334
NbS2,B,5,2,8,interstitial,interstitial,1,1,-1.7401225100000204,-0.11543774604797363,1.6246847639520468,interstitial:ads2,1,interstitial:ads2,1,0.125,0.0,0,1,0.875
NbS2,Ba,56,6,5,adsorbate,adsorbate,1,1,13.963159860000019,13.908834218978882,0.05432564102113702,adsorbate:ads2,1,adsorbate:ads2,1,0.2,0.0,1,0,0.8
NbS2,Be,4,2,8,adsorbate,adsorbate,1,1,3.863551760000007,3.1933945417404175,0.6701572182595896,adsorbate:ads2,1,adsorbate:ads2,1,0.125,0.0,1,0,0.875
NbS2,Br,35,4,8,adsorbate,adsorbate,1,1,6.905379219999986,6.817322492599487,0.08805672740049886,adsorbate:ads0,1,adsorbate:ads0,1,0.125,0.0,1,0,0.875
NbS2,C,6,2,8,interstitial,interstitial,1,1,-0.9897039299999899,-0.6817212104797363,0.3079827195202536,interstitial:int0,1,interstitial:ads2,0,0.125,0.26256942000000594,0,1,-0.125
NbS2,Ca,20,4,7,adsorbate,adsorbate,1,1,9.314261140000013,9.818949699401855,0.504688559401842,adsorbate:ads2,1,adsorbate:ads2,1,0.14285714285714285,0.0,1,0,0.8571428571428572
NbS2,Cd,48,5,5,adsorbate,adsorbate,1,1,7.06590349999999,6.680876016616821,0.38502748338316906,adsorbate:ads2,1,adsorbate:ads2,1,0.2,0.0,1,0,0.8
NbS2,Cl,17,3,5,adsorbate,adsorbate,1,1,5.27639707999998,5.137923240661621,0.1384738393383591,adsorbate:ads0,1,adsorbate:ads0,1,0.2,0.0,1,0,0.8
NbS2,Co,27,4,7,adsorbate,adsorbate,1,1,0.6352490699999864,2.254502058029175,1.6192529880291884,adsorbate:ads1,1,adsorbate:ads2,0,0.14285714285714285,3.38604989999999,1,0,-0.14285714285714285
NbS2,Cr,24,4,7,adsorbate,adsorbate,1,1,2.7907440399999928,2.3357808589935303,0.4549631810064625,adsorbate:ads2,1,adsorbate:ads2,1,0.14285714285714285,0.0,1,0,0.8571428571428572
NbS2,Cs,55,6,4,adsorbate,adsorbate,1,1,15.144330189999977,13.89197301864624,1.2523571713537365,adsorbate:ads2,1,adsorbate:ads1,0,0.25,0.03454782999997974,1,0,-0.25
NbS2,Cu,29,4,7,adsorbate,adsorbate,1,1,3.654399640000008,3.294907331466675,0.359492308533333,adsorbate:ads2,1,adsorbate:ads2,1,0.14285714285714285,0.0,1,0,0.8571428571428572
NbS2,F,9,2,7,adsorbate,adsorbate,1,1,0.6164597700000058,0.559199333190918,0.05726043680908788,adsorbate:ads0,1,adsorbate:ads1,0,0.14285714285714285,0.7391964100000052,1,0,-0.14285714285714285
NbS2,Fe,26,4,7,adsorbate,adsorbate,1,1,2.262985020000002,2.2599761486053467,0.0030088713946554435,adsorbate:ads2,1,adsorbate:ads2,1,0.14285714285714285,0.0,1,0,0.8571428571428572
NbS2,Ga,31,4,3,adsorbate,adsorbate,1,1,4.461879189999991,4.041401147842407,0.42047804215758333,adsorbate:ads0,1,adsorbate:ads0,1,0.3333333333333333,0.0,1,0,0.6666666666666667
NbS2,Ge,32,4,3,adsorbate,adsorbate,1,1,0.0349375999999778,2.132723093032837,2.097785493032859,adsorbate:ads1,1,adsorbate:ads1,1,0.3333333333333333,0.0,1,0,0.6666666666666667
NbS2,H,1,1,8,interstitial,adsorbate,1,0,-0.2960501200000181,0.966471791267395,1.262521911267413,interstitial:int4,1,adsorbate:ads0,0,0.125,0.2960501200000181,0,0,-0.125
NbS2,Hf,72,6,5,adsorbate,adsorbate,1,1,4.423194020000011,4.113592863082886,0.3096011569171253,adsorbate:ads1,1,adsorbate:ads1,1,0.2,0.0,1,0,0.8
NbS2,Hg,80,6,5,adsorbate,adsorbate,1,1,7.8645745500000155,8.390380144119263,0.5258055941192472,adsorbate:ads0,1,adsorbate:ads2,0,0.2,0.04855008000001251,1,0,-0.2
NbS2,I,53,5,5,adsorbate,adsorbate,1,1,8.842183479999987,8.408086061477661,0.43409741852232564,adsorbate:ads0,1,adsorbate:ads0,1,0.2,0.0,1,0,0.8
NbS2,Ir,77,6,5,adsorbate,adsorbate,1,1,1.7015283800000138,1.027012586593628,0.6745157934063859,adsorbate:ads2,1,adsorbate:ads2,1,0.2,0.0,1,0,0.8
NbS2,K,19,4,6,adsorbate,adsorbate,1,1,11.06850069000001,11.778602600097656,0.7101019100976469,adsorbate:ads2,1,adsorbate:ads2,1,0.16666666666666666,0.0,1,0,0.8333333333333334
NbS2,Li,3,2,7,adsorbate,adsorbate,1,1,4.398778740000012,4.481224298477173,0.08244555847716128,adsorbate:ads2,1,adsorbate:ads2,1,0.14285714285714285,0.0,1,0,0.8571428571428572
NbS2,Lu,71,6,4,adsorbate,adsorbate,1,1,7.456430940000018,7.326988220214844,0.12944271978517463,adsorbate:ads1,1,adsorbate:ads1,1,0.25,0.0,1,0,0.75
NbS2,Mg,12,3,7,adsorbate,adsorbate,1,1,5.8482722300000205,4.648562669754028,1.1997095602459922,adsorbate:ads2,1,adsorbate:ads2,1,0.14285714285714285,0.0,1,0,0.8571428571428572
NbS2,Mn,25,4,6,adsorbate,adsorbate,1,1,2.5415895200000023,2.604074716567993,0.0624851965679909,adsorbate:ads2,1,adsorbate:ads2,1,0.16666666666666666,0.0,1,0,0.8333333333333334
NbS2,Mo,42,5,3,adsorbate,adsorbate,1,1,2.9668727799999886,2.7153964042663574,0.25147637573363113,adsorbate:ads2,1,adsorbate:ads2,1,0.3333333333333333,0.0,1,0,0.6666666666666667
NbS2,N,7,2,8,interstitial,interstitial,1,1,-0.6599861899999837,-0.2699313163757324,0.3900548736242513,interstitial:int0,1,interstitial:int0,1,0.125,0.0,0,1,0.875
NbS2,Ni,28,4,7,adsorbate,adsorbate,1,1,0.2225428899999998,0.12592363357543945,0.09661925642456035,adsorbate:ads2,1,adsorbate:ads2,1,0.14285714285714285,0.0,1,0,0.8571428571428572
NbS2,O,8,2,6,adsorbate,adsorbate,1,1,0.23188626000001022,0.08390402793884277,0.14798223206116745,adsorbate:ads0,1,adsorbate:ads1,0,0.16666666666666666,0.9818672000000106,1,0,-0.16666666666666666
NbS2,Os,76,6,5,adsorbate,adsorbate,1,1,0.9096349399999895,0.4309871196746826,0.47864782032530684,adsorbate:ads2,1,adsorbate:ads2,1,0.2,0.0,1,0,0.8
NbS2,P,15,3,7,adsorbate,adsorbate,1,1,3.250319829999995,2.351675271987915,0.8986445580120801,adsorbate:ads1,1,adsorbate:ads1,1,0.14285714285714285,0.0,1,0,0.8571428571428572
NbS2,Pb,82,6,4,adsorbate,adsorbate,1,1,10.143644750000021,9.229941129684448,0.9137036203155731,adsorbate:ads2,1,adsorbate:ads2,1,0.25,0.0,1,0,0.75
NbS2,Pd,46,5,4,adsorbate,adsorbate,1,1,9.678994700000004,9.664841771125793,0.014152928874210602,adsorbate:ads1,1,adsorbate:ads1,1,0.25,0.0,1,0,0.75
NbS2,Pt,78,6,6,adsorbate,adsorbate,1,1,3.475532490000007,4.067855715751648,0.5923232257516409,adsorbate:ads1,1,adsorbate:ads1,1,0.16666666666666666,0.0,1,0,0.8333333333333334
NbS2,Rb,37,5,5,adsorbate,adsorbate,1,1,12.970837320000014,12.571564435958862,0.39927288404115124,adsorbate:ads2,1,adsorbate:ads2,1,0.2,0.0,1,0,0.8
NbS2,Re,75,6,5,adsorbate,adsorbate,1,1,0.13149386999998747,0.25552821159362793,0.12403434159364046,adsorbate:ads1,1,adsorbate:ads2,0,0.2,3.2715840600000083,1,0,-0.2
NbS2,Rh,45,5,7,adsorbate,adsorbate,1,1,2.334518970000005,2.598961353302002,0.2644423833019971,adsorbate:ads1,1,adsorbate:ads1,1,0.14285714285714285,0.0,1,0,0.8571428571428572
NbS2,Ru,44,5,6,adsorbate,adsorbate,1,1,1.4378244000000102,1.2526028156280518,0.18522158437195846,adsorbate:ads2,1,adsorbate:ads2,1,0.16666666666666666,0.0,1,0,0.8333333333333334
NbS2,Sb,51,5,7,adsorbate,adsorbate,1,1,6.82125499,6.981472969055176,0.16021797905517587,adsorbate:ads1,1,adsorbate:ads1,1,0.14285714285714285,0.0,1,0,0.8571428571428572
NbS2,Sc,21,4,7,adsorbate,adsorbate,1,1,5.951596550000005,6.4031758308410645,0.45157928084105947,adsorbate:ads2,1,adsorbate:ads2,1,0.14285714285714285,0.0,1,0,0.8571428571428572
NbS2,Se,34,4,5,adsorbate,adsorbate,1,1,4.351871279999983,5.116426587104797,0.7645553071048141,adsorbate:ads1,1,adsorbate:ads0,0,0.2,0.053714819999981955,1,0,-0.2
NbS2,Si,14,3,7,adsorbate,interstitial,1,0,0.20982753999999204,-0.1730482578277588,0.38287579782775083,adsorbate:ads2,1,interstitial:int2,0,0.14285714285714285,0.20982753999999204,1,-1,-0.14285714285714285
NbS2,Sr,38,5,4,adsorbate,adsorbate,1,1,11.51145323,12.201308250427246,0.6898550204272453,adsorbate:ads2,1,adsorbate:ads2,1,0.25,0.0,1,0,0.75
NbS2,Ta,73,6,5,adsorbate,adsorbate,1,1,2.4800687900000193,1.9251141548156738,0.5549546351843455,adsorbate:ads1,1,adsorbate:ads2,0,0.2,5.419134860000013,1,0,-0.2
NbS2,Tc,43,5,6,adsorbate,adsorbate,1,1,0.7607353799999999,0.6779708862304688,0.0827644937695311,adsorbate:ads1,1,adsorbate:ads1,1,0.16666666666666666,0.0,1,0,0.8333333333333334
NbS2,Te,52,5,5,adsorbate,adsorbate,1,1,6.456956850000012,6.347910046577454,0.10904680342255801,adsorbate:ads1,1,adsorbate:ads0,0,0.2,0.060540540000005305,1,0,-0.2
NbS2,Tl,81,6,4,adsorbate,adsorbate,1,1,9.42194957000001,9.647842407226562,0.22589283722655296,adsorbate:ads2,1,adsorbate:ads2,1,0.25,0.0,1,0,0.75
NbS2,V,23,4,6,adsorbate,adsorbate,1,1,3.3124587599999984,3.2839295864105225,0.02852917358947593,adsorbate:ads2,1,adsorbate:ads2,1,0.16666666666666666,0.0,1,0,0.8333333333333334
NbS2,W,74,6,6,adsorbate,adsorbate,1,1,2.7225359200000137,1.5188393592834473,1.2036965607165664,adsorbate:ads2,1,adsorbate:ads2,1,0.16666666666666666,0.0,1,0,0.8333333333333334
NbS2,Y,39,5,4,adsorbate,adsorbate,1,1,9.208389470000014,8.440589427947998,0.7678000420520164,adsorbate:ads2,1,adsorbate:ads2,1,0.25,0.0,1,0,0.75
NbS2,Zn,30,4,7,adsorbate,adsorbate,1,1,4.5557776900000135,4.8947460651397705,0.33896837513975697,adsorbate:ads2,1,adsorbate:ads2,1,0.14285714285714285,0.0,1,0,0.8571428571428572
NbS2,Zr,40,5,6,adsorbate,adsorbate,1,1,6.669551949999999,5.517091512680054,1.1524604373199452,adsorbate:ads2,1,adsorbate:ads2,1,0.16666666666666666,0.0,1,0,0.8333333333333334
NbSe2,Ag,47,5,6,adsorbate,adsorbate,1,1,4.292160319999994,3.5662622451782227,0.7258980748217709,adsorbate:ads2,1,adsorbate:ads2,1,0.16666666666666666,0.0,1,0,0.8333333333333334
NbSe2,Al,13,3,5,adsorbate,adsorbate,1,1,1.8484289799999942,2.5267884731292725,0.6783594931292782,adsorbate:ads2,1,adsorbate:ads2,1,0.2,0.0,1,0,0.8
NbSe2,As,33,4,5,adsorbate,adsorbate,1,1,0.9429213900000095,1.2865102291107178,0.34358883911070826,adsorbate:ads2,1,adsorbate:ads2,1,0.2,0.0,1,0,0.8
NbSe2,Au,79,6,7,adsorbate,adsorbate,1,1,3.5197443799999935,2.8703988790512085,0.649345500948785,adsorbate:ads1,1,adsorbate:ads1,1,0.14285714285714285,0.0,1,0,0.8571428571428572
NbSe2,B,5,2,5,interstitial,interstitial,1,1,-4.307852709999992,-2.7485018968582153,1.5593508131417764,interstitial:ads2,1,interstitial:int0,0,0.2,1.592532460000001,0,1,-0.2
NbSe2,Ba,56,6,6,adsorbate,adsorbate,1,1,11.071314890000027,10.63214111328125,0.43917377671877667,adsorbate:ads2,1,adsorbate:ads2,1,0.16666666666666666,0.0,1,0,0.8333333333333334
NbSe2,Be,4,2,8,interstitial,adsorbate,1,0,-1.226766409999982,0.12652373313903809,1.35329014313902,interstitial:ads2,1,adsorbate:ads1,0,0.125,1.226766409999982,0,0,-0.125
NbSe2,Br,35,4,6,adsorbate,adsorbate,1,1,5.088830229999985,5.104777812957764,0.01594758295777865,adsorbate:ads0,1,adsorbate:ads0,1,0.16666666666666666,0.0,1,0,0.8333333333333334
NbSe2,C,6,2,6,interstitial,interstitial,1,1,-3.982923580000005,-2.0564286708831787,1.9264949091168262,interstitial:int0,1,interstitial:ads2,0,0.16666666666666666,0.8171786800000118,0,1,-0.16666666666666666
NbSe2,Ca,20,4,6,adsorbate,adsorbate,1,1,7.18664923999998,6.516179323196411,0.6704699168035688,adsorbate:ads2,1,adsorbate:ads2,1,0.16666666666666666,0.0,1,0,0.8333333333333334
NbSe2,Cd,48,5,7,adsorbate,adsorbate,1,1,4.798747840000004,4.5054097175598145,0.29333812244018986,adsorbate:ads2,1,adsorbate:ads2,1,0.14285714285714285,0.0,1,0,0.8571428571428572
NbSe2,Cl,17,3,5,adsorbate,adsorbate,1,1,3.6039728899999943,3.0989017486572266,0.5050711413427678,adsorbate:ads0,1,adsorbate:ads0,1,0.2,0.0,1,0,0.8
NbSe2,Co,27,4,6,interstitial,adsorbate,1,0,-0.023908919999997114,0.2415013313293457,0.2654102513293428,interstitial:int4,1,adsorbate:ads1,0,0.16666666666666666,0.023908919999997114,0,0,-0.16666666666666666
NbSe2,Cr,24,4,6,adsorbate,adsorbate,1,1,1.2347558900000024,1.0472137928009033,0.1875420971990991,adsorbate:ads2,1,adsorbate:ads2,1,0.16666666666666666,0.0,1,0,0.8333333333333334
NbSe2,Cs,55,6,6,adsorbate,adsorbate,1,1,12.416736449999975,13.606514692306519,1.1897782423065433,adsorbate:ads2,1,adsorbate:ads1,0,0.16666666666666666,0.03080462999997824,1,0,-0.16666666666666666
NbSe2,Cu,29,4,7,adsorbate,adsorbate,1,1,1.8382775299999992,1.9270015954971313,0.08872406549713219,adsorbate:ads2,1,adsorbate:ads2,1,0.14285714285714285,0.0,1,0,0.8571428571428572
NbSe2,F,9,2,6,interstitial,interstitial,1,1,-0.19447458000001916,-0.45809412002563477,0.2636195400256156,interstitial:int3,1,interstitial:int0,0,0.16666666666666666,0.004126170000006368,0,1,-0.16666666666666666
NbSe2,Fe,26,4,6,interstitial,adsorbate,1,0,-0.018361290000001418,0.9540458917617798,0.9724071817617812,interstitial:int3,1,adsorbate:ads2,0,0.16666666666666666,0.19461018000001218,0,0,-0.16666666666666666
NbSe2,Ga,31,4,5,adsorbate,adsorbate,1,1,2.8849449600000128,3.3263814449310303,0.4414364849310175,adsorbate:ads1,1,adsorbate:ads1,1,0.2,0.0,1,0,0.8
NbSe2,H,1,1,7,interstitial,interstitial,1,1,-0.9281250399999976,-0.7386560440063477,0.18946899599364997,interstitial:int4,1,interstitial:int0,0,0.14285714285714285,1.567131499999988,0,1,-0.14285714285714285
NbSe2,Hf,72,6,5,interstitial,interstitial,1,1,-0.8354906899999999,-0.22620797157287598,0.6092827184271239,interstitial:int0,1,interstitial:int3,0,0.2,0.3106483199999843,0,1,-0.2
NbSe2,Hg,80,6,6,adsorbate,adsorbate,1,1,5.7462626899999805,6.050296068191528,0.30403337819154785,adsorbate:ads2,1,adsorbate:ads1,0,0.16666666666666666,0.005159219999995912,1,0,-0.16666666666666666
NbSe2,I,53,5,6,adsorbate,adsorbate,1,1,6.631890060000017,6.990922689437866,0.3590326294378494,adsorbate:ads0,1,adsorbate:ads0,1,0.16666666666666666,0.0,1,0,0.8333333333333334
NbSe2,In,49,5,3,adsorbate,adsorbate,1,1,9.220344789999984,5.311647653579712,3.9086971364202725,adsorbate:ads2,1,adsorbate:ads2,1,0.3333333333333333,0.0,1,0,0.6666666666666667
NbSe2,Ir,77,6,5,interstitial,interstitial,1,1,-2.6992297099999965,-2.292828321456909,0.40640138854308727,interstitial:int3,1,interstitial:int4,0,0.2,1.2799999922208372e-06,0,1,-0.2
NbSe2,K,19,4,6,adsorbate,adsorbate,1,1,9.149321260000022,9.228849411010742,0.0795281510107202,adsorbate:ads2,1,adsorbate:ads2,1,0.16666666666666666,0.0,1,0,0.8333333333333334
NbSe2,Li,3,2,7,adsorbate,adsorbate,1,1,2.1055237900000066,1.444387674331665,0.6611361156683415,adsorbate:ads2,1,adsorbate:ads2,1,0.14285714285714285,0.0,1,0,0.8571428571428572
NbSe2,Lu,71,6,6,adsorbate,adsorbate,1,1,5.721146149999981,5.166553497314453,0.5545926526855283,adsorbate:ads2,1,adsorbate:ads2,1,0.16666666666666666,0.0,1,0,0.8333333333333334
NbSe2,Mg,12,3,6,adsorbate,adsorbate,1,1,3.9922710499999994,3.5084948539733887,0.4837761960266107,adsorbate:ads2,1,adsorbate:ads1,0,0.16666666666666666,0.37230586000001153,1,0,-0.16666666666666666
NbSe2,Mn,25,4,6,adsorbate,adsorbate,1,1,1.1342156300000001,1.4632513523101807,0.3290357223101805,adsorbate:ads2,1,adsorbate:ads2,1,0.16666666666666666,0.0,1,0,0.8333333333333334
NbSe2,Mo,42,5,5,adsorbate,interstitial,1,0,0.8018510599999904,-0.3224954605102539,1.1243465205102443,adsorbate:ads2,1,interstitial:int4,0,0.2,1.0128974099999937,1,-1,-0.2
NbSe2,N,7,2,6,interstitial,interstitial,1,1,-3.05169251000001,-3.126128911972046,0.07443640197203605,interstitial:int0,1,interstitial:ads2,0,0.16666666666666666,0.6697514800000022,0,1,-0.16666666666666666
NbSe2,Ni,28,4,7,adsorbate,adsorbate,1,1,0.6048651600000023,0.4553568363189697,0.14950832368103262,adsorbate:ads2,1,adsorbate:ads2,1,0.14285714285714285,0.0,1,0,0.8571428571428572
NbSe2,O,8,2,7,interstitial,interstitial,1,1,-1.167163979999998,-1.4045822620391846,0.23741828203918658,interstitial:int0,1,interstitial:ads2,0,0.14285714285714285,0.007764420000000882,0,1,-0.14285714285714285
NbSe2,Os,76,6,3,interstitial,interstitial,1,1,-5.529640360000002,-3.5617148876190186,1.9679254723809834,interstitial:int4,1,interstitial:int4,1,0.3333333333333333,0.0,0,1,0.6666666666666667
NbSe2,P,15,3,6,adsorbate,adsorbate,1,1,0.22261505999998144,0.9381017684936523,0.7154867084936709,adsorbate:ads1,1,adsorbate:ads2,0,0.16666666666666666,0.34681428999999775,1,0,-0.16666666666666666
NbSe2,Pb,82,6,5,adsorbate,adsorbate,1,1,6.039049839999991,6.599752902984619,0.5607030629846284,adsorbate:ads2,1,adsorbate:ads2,1,0.2,0.0,1,0,0.8
NbSe2,Pd,46,5,6,adsorbate,adsorbate,1,1,1.4090269600000056,1.6257176399230957,0.2166906799230901,adsorbate:ads1,1,adsorbate:ads1,1,0.16666666666666666,0.0,1,0,0.8333333333333334
NbSe2,Pt,78,6,7,adsorbate,adsorbate,1,1,0.12463037999998505,0.752617597579956,0.627987217579971,adsorbate:ads1,1,adsorbate:ads1,1,0.14285714285714285,0.0,1,0,0.8571428571428572
NbSe2,Rb,37,5,6,adsorbate,adsorbate,1,1,10.619611609999993,11.368383646011353,0.7487720360113599,adsorbate:ads2,1,adsorbate:ads1,0,0.16666666666666666,0.04627868000000035,1,0,-0.16666666666666666
NbSe2,Re,75,6,5,interstitial,interstitial,1,1,-1.7079736999999966,-1.3286511898040771,0.37932251019591945,interstitial:int3,1,interstitial:int3,1,0.2,0.0,0,1,0.8
NbSe2,Rh,45,5,6,interstitial,adsorbate,1,0,-0.2754086099999986,0.3113222122192383,0.5867308222192369,interstitial:int3,1,adsorbate:ads2,0,0.16666666666666666,0.4346080199999838,0,0,-0.16666666666666666
NbSe2,Ru,44,5,5,interstitial,interstitial,1,1,-0.4353581500000132,-0.5657415390014648,0.13038338900145163,interstitial:int0,1,interstitial:int3,0,0.2,0.30721271000001593,0,1,-0.2
NbSe2,S,16,3,6,adsorbate,adsorbate,1,1,1.0043834899999806,1.0819960832595825,0.0776125932596019,adsorbate:ads0,1,adsorbate:ads0,1,0.16666666666666666,0.0,1,0,0.8333333333333334
NbSe2,Sb,51,5,5,adsorbate,adsorbate,1,1,4.17645268999999,3.3538111448287964,0.8226415451711935,adsorbate:ads1,1,adsorbate:ads2,0,0.2,1.1389236100000062,1,0,-0.2
NbSe2,Sc,21,4,7,adsorbate,adsorbate,1,1,4.653433679999978,4.752708435058594,0.09927475505861594,adsorbate:ads2,1,adsorbate:ads2,1,0.14285714285714285,0.0,1,0,0.8571428571428572
NbSe2,Si,14,3,6,adsorbate,adsorbate,1,1,1.2021416999999985,1.199541687965393,0.00260001203460547,adsorbate:ads2,1,adsorbate:ads1,0,0.16666666666666666,0.18591951999999878,1,0,-0.16666666666666666
NbSe2,Sr,38,5,5,adsorbate,adsorbate,1,1,9.060914210000021,8.966526508331299,0.09438770166872246,adsorbate:ads2,1,adsorbate:ads2,1,0.2,0.0,1,0,0.8
NbSe2,Ta,73,6,4,interstitial,interstitial,1,1,-2.3812497400000163,-3.25343656539917,0.8721868253991536,interstitial:int4,1,interstitial:int4,1,0.25,0.0,0,1,0.75
NbSe2,Tc,43,5,5,interstitial,interstitial,1,1,-1.010918810000021,-0.5586056709289551,0.45231313907106596,interstitial:int3,1,interstitial:int0,0,0.2,0.008134570000009944,0,1,-0.2
NbSe2,Te,52,5,6,adsorbate,adsorbate,1,1,3.9967712300000073,4.632816195487976,0.6360449654879687,adsorbate:ads0,1,adsorbate:ads0,1,0.16666666666666666,0.0,1,0,0.8333333333333334
NbSe2,Ti,22,4,5,adsorbate,adsorbate,1,1,3.104707520000005,2.9358971118927,0.16881040810730497,adsorbate:ads2,1,adsorbate:ads2,1,0.2,0.0,1,0,0.8
NbSe2,Tl,81,6,6,adsorbate,adsorbate,1,1,6.865397649999976,7.112637042999268,0.24723939299929132,adsorbate:ads2,1,adsorbate:ads2,1,0.16666666666666666,0.0,1,0,0.8333333333333334
NbSe2,V,23,4,6,adsorbate,adsorbate,1,1,1.1793804600000044,0.9449925422668457,0.2343879177331587,adsorbate:ads2,1,adsorbate:ads2,1,0.16666666666666666,0.0,1,0,0.8333333333333334
NbSe2,W,74,6,7,interstitial,interstitial,1,1,-0.7438447499999943,-1.221395492553711,0.47755074255371666,interstitial:int0,1,interstitial:int4,0,0.14285714285714285,0.12509277999998858,0,1,-0.14285714285714285
NbSe2,Xe,54,5,6,adsorbate,adsorbate,1,1,11.640120209999994,7.2437005043029785,4.396419705697015,adsorbate:ads2,1,adsorbate:ads2,1,0.16666666666666666,0.0,1,0,0.8333333333333334
NbSe2,Y,39,5,7,adsorbate,adsorbate,1,1,5.598257799999999,6.611356735229492,1.0130989352294932,adsorbate:ads1,1,adsorbate:ads2,0,0.14285714285714285,5.021279990000012,1,0,-0.14285714285714285
NbSe2,Zn,30,4,6,adsorbate,adsorbate,1,1,2.6056149199999936,3.154998540878296,0.5493836208783023,adsorbate:ads2,1,adsorbate:ads1,0,0.16666666666666666,0.2411491200000171,1,0,-0.16666666666666666
NbSe2,Zr,40,5,6,adsorbate,adsorbate,1,1,3.7412563999999975,2.663573741912842,1.0776826580871557,adsorbate:ads2,1,adsorbate:ads2,1,0.16666666666666666,0.0,1,0,0.8333333333333334
NiSe2,Ag,47,5,5,adsorbate,adsorbate,1,1,0.2523622900000082,0.3323547840118408,0.07999249401183262,adsorbate:ads2,1,adsorbate:ads2,1,0.2,0.0,1,0,0.8
NiSe2,Al,13,3,4,interstitial,adsorbate,1,0,-0.43453572999999324,0.26627445220947266,0.7008101822094659,interstitial:int2,1,adsorbate:ads2,0,0.25,0.46370550999999693,0,0,-0.25
NiSe2,As,33,4,4,adsorbate,adsorbate,1,1,2.79500917,2.3736265897750854,0.4213825802249147,adsorbate:ads2,1,adsorbate:ads2,1,0.25,0.0,1,0,0.75
NiSe2,Au,79,6,4,adsorbate,adsorbate,1,1,0.3581434099999963,0.2580169439315796,0.10012646606841669,adsorbate:ads0,1,adsorbate:ads2,0,0.25,0.02500844000000746,1,0,-0.25
NiSe2,B,5,2,5,interstitial,interstitial,1,1,-0.3628790300000022,-0.24628615379333496,0.11659287620666725,interstitial:int2,1,interstitial:int0,0,0.2,0.6569780800000018,0,1,-0.2
NiSe2,Be,4,2,5,interstitial,interstitial,1,1,-0.6680945000000095,-0.033269405364990234,0.6348250946350192,interstitial:int2,1,interstitial:int2,1,0.2,0.0,0,1,0.8
NiSe2,Br,35,4,4,adsorbate,adsorbate,1,1,3.8390840099999943,3.3697781562805176,0.46930585371947675,adsorbate:ads0,1,adsorbate:ads2,0,0.25,0.03746226999999183,1,0,-0.25
NiSe2,C,6,2,5,adsorbate,adsorbate,1,1,0.9455155299999944,0.03540682792663574,0.9101087020733587,adsorbate:ads1,1,adsorbate:ads1,1,0.2,0.0,1,0,0.8
NiSe2,Ca,20,4,5,adsorbate,adsorbate,1,1,0.863784620000004,0.9359414577484131,0.07215683774840909,adsorbate:ads2,1,adsorbate:int2,0,0.2,1.0949821700000086,1,0,-0.2
NiSe2,Cd,48,5,5,adsorbate,adsorbate,1,1,1.2512746400000059,0.5913442373275757,0.6599304026724302,adsorbate:ads1,1,adsorbate:ads1,1,0.2,0.0,1,0,0.8
NiSe2,Co,27,4,4,interstitial,interstitial,1,1,-1.4635368800000068,-1.0357635021209717,0.42777337787903513,interstitial:int2,1,interstitial:int2,1,0.25,0.0,0,1,0.75
NiSe2,Cr,24,4,5,interstitial,interstitial,1,1,-1.5381326299999927,-1.1152771711349487,0.42285545886504394,interstitial:int2,1,interstitial:int2,1,0.2,0.0,0,1,0.8
NiSe2,Cu,29,4,4,adsorbate,interstitial,1,0,0.08581268999999758,-0.3448570966720581,0.4306697866720557,adsorbate:ads2,1,interstitial:int2,0,0.25,0.08581268999999758,1,-1,-0.25
NiSe2,F,9,2,6,adsorbate,adsorbate,1,1,2.5712552399999993,2.7316325902938843,0.160377350293885,adsorbate:ads0,1,adsorbate:ads2,0,0.16666666666666666,0.20661993999999595,1,0,-0.16666666666666666
NiSe2,Fe,26,4,3,interstitial,interstitial,1,1,-2.2057847700000086,-2.1526012420654297,0.05318352793457892,interstitial:int2,1,interstitial:int2,1,0.3333333333333333,0.0,0,1,0.6666666666666667
NiSe2,Ga,31,4,2,adsorbate,adsorbate,1,1,1.2779196799999963,1.0123052597045898,0.2656144202954065,adsorbate:ads0,1,adsorbate:ads0,1,0.5,0.0,1,0,0.5
NiSe2,Ge,32,4,5,adsorbate,adsorbate,1,1,1.4850004299999995,1.5390071868896484,0.054006756889648955,adsorbate:ads2,1,adsorbate:ads1,0,0.2,0.275305110000005,1,0,-0.2
NiSe2,H,1,1,6,interstitial,adsorbate,1,0,-0.08506694999999809,0.6692947149276733,0.7543616649276714,interstitial:int1,1,adsorbate:ads0,0,0.16666666666666666,0.08506694999999809,0,0,-0.16666666666666666
NiSe2,Hf,72,6,3,interstitial,interstitial,1,1,-2.4866419400000126,-3.0674021244049072,0.5807601844048946,interstitial:int2,1,interstitial:int2,1,0.3333333333333333,0.0,0,1,0.6666666666666667
NiSe2,Hg,80,6,4,adsorbate,adsorbate,1,1,1.4716017000000077,2.9474456310272217,1.475843931027214,adsorbate:ads1,1,adsorbate:ads1,1,0.25,0.0,1,0,0.75
NiSe2,I,53,5,4,adsorbate,adsorbate,1,1,3.698190909999994,4.898982286453247,1.2007913764532532,adsorbate:ads0,1,adsorbate:ads1,0,0.25,0.0391727599999995,1,0,-0.25
NiSe2,Ir,77,6,4,interstitial,interstitial,1,1,-1.381719620000013,-1.5374977588653564,0.15577813886534342,interstitial:int2,1,interstitial:int2,1,0.25,0.0,0,1,0.75
NiSe2,K,19,4,5,adsorbate,adsorbate,1,1,3.658856450000002,3.4148919582366943,0.24396449176330748,adsorbate:ads2,1,adsorbate:ads1,0,0.2,0.038720200000000204,1,0,-0.2
NiSe2,Li,3,2,5,adsorbate,adsorbate,1,1,1.9472175500000048,1.596173882484436,0.3510436675155688,adsorbate:ads2,1,adsorbate:ads2,1,0.2,0.0,1,0,0.8
NiSe2,Lu,71,6,4,interstitial,interstitial,1,1,-1.9064727899999951,-1.3619956970214844,0.5444770929785108,interstitial:int0,1,interstitial:int0,1,0.25,0.0,0,1,0.75
NiSe2,Mg,12,3,5,adsorbate,interstitial,1,0,0.3302566499999955,-0.38475656509399414,0.7150132150939896,adsorbate:ads2,1,interstitial:int2,0,0.2,0.3302566499999955,1,-1,-0.2
NiSe2,Mn,25,4,4,interstitial,interstitial,1,1,-1.8695009599999963,-2.238437533378601,0.36893657337860475,interstitial:int2,1,interstitial:int2,1,0.25,0.0,0,1,0.75
NiSe2,Mo,42,5,4,interstitial,interstitial,1,1,-2.4806629200000003,-2.2048661708831787,0.2757967491168216,interstitial:int2,1,interstitial:int2,1,0.25,0.0,0,1,0.75
NiSe2,N,7,2,5,adsorbate,adsorbate,1,1,0.5560547399999924,0.7401688098907471,0.18411406989075463,adsorbate:ads0,1,adsorbate:ads1,0,0.2,0.008560319999999955,1,0,-0.2
NiSe2,Nb,41,5,3,interstitial,interstitial,1,1,-3.1504241800000017,-3.205554485321045,0.05513030532104324,interstitial:int2,1,interstitial:int2,1,0.3333333333333333,0.0,0,1,0.6666666666666667
NiSe2,O,8,2,5,adsorbate,adsorbate,1,1,2.608963039999992,2.5000710487365723,0.10889199126341964,adsorbate:ads0,1,adsorbate:ads0,1,0.2,0.0,1,0,0.8
NiSe2,Os,76,6,3,interstitial,interstitial,1,1,-2.438229050000017,-1.0158555507659912,1.422373499234026,interstitial:int2,1,interstitial:int2,1,0.3333333333333333,0.0,0,1,0.6666666666666667
NiSe2,P,15,3,5,adsorbate,adsorbate,1,1,2.0947378799999967,1.5122182369232178,0.582519643076779,adsorbate:ads2,1,adsorbate:ads2,1,0.2,0.0,1,0,0.8
NiSe2,Pb,82,6,4,adsorbate,adsorbate,1,1,1.5928685100000024,1.326838493347168,0.26603001665283443,adsorbate:ads2,1,adsorbate:ads2,1,0.25,0.0,1,0,0.75
NiSe2,Pd,46,5,5,interstitial,interstitial,1,1,-0.09384959000000515,-0.12233757972717285,0.028487989727167706,interstitial:int2,1,interstitial:int2,1,0.2,0.0,0,1,0.8
NiSe2,Pt,78,6,5,interstitial,interstitial,1,1,-0.5139547100000068,-0.46504199504852295,0.04891271495148386,interstitial:int2,1,interstitial:int2,1,0.2,0.0,0,1,0.8
NiSe2,Rb,37,5,5,adsorbate,adsorbate,1,1,5.711333539999998,7.36084508895874,1.649511548958742,adsorbate:ads2,1,adsorbate:ads2,1,0.2,0.0,1,0,0.8
NiSe2,Re,75,6,3,interstitial,interstitial,1,1,-3.0150909900000045,-2.2573401927948,0.7577507972052047,interstitial:int2,1,interstitial:int2,1,0.3333333333333333,0.0,0,1,0.6666666666666667
NiSe2,Rh,45,5,4,interstitial,interstitial,1,1,-1.2573727199999922,-1.0495007038116455,0.20787201618834672,interstitial:int2,1,interstitial:int2,1,0.25,0.0,0,1,0.75
NiSe2,Ru,44,5,5,interstitial,interstitial,1,1,-1.7110582300000061,-2.487161636352539,0.7761034063525329,interstitial:int2,1,interstitial:int2,1,0.2,0.0,0,1,0.8
NiSe2,S,16,3,5,adsorbate,adsorbate,1,1,3.52260213999999,2.6984763145446777,0.8241258254553121,adsorbate:ads1,1,adsorbate:ads0,0,0.2,0.3388749799999998,1,0,-0.2
NiSe2,Sb,51,5,4,adsorbate,adsorbate,1,1,2.144984919999999,1.8702892065048218,0.2746957134951771,adsorbate:ads2,1,adsorbate:ads2,1,0.25,0.0,1,0,0.75
NiSe2,Sc,21,4,5,interstitial,adsorbate,1,0,-5.669630550000007,0.3691670894622803,6.038797639462287,interstitial:int0,1,adsorbate:ads2,0,0.2,5.669630550000007,0,0,-0.2
NiSe2,Si,14,3,3,adsorbate,interstitial,1,0,0.20914170999999726,-0.21919429302215576,0.428336003022153,adsorbate:ads1,1,interstitial:int2,0,0.3333333333333333,0.20914170999999726,1,-1,-0.3333333333333333
NiSe2,Sr,38,5,5,adsorbate,adsorbate,1,1,3.6818684699999973,5.261150121688843,1.5792816516888455,adsorbate:int2,1,adsorbate:ads2,0,0.2,0.6312988600000009,1,0,-0.2
NiSe2,Ta,73,6,3,adsorbate,interstitial,1,0,2.293129129999997,-3.7687758207321167,6.061904950732114,adsorbate:ads1,1,interstitial:int2,0,0.3333333333333333,2.293129129999997,1,-1,-0.3333333333333333
NiSe2,Tc,43,5,4,interstitial,interstitial,1,1,-2.499191709999991,-2.3277159929275513,0.1714757170724397,interstitial:int2,1,interstitial:int2,1,0.25,0.0,0,1,0.75
NiSe2,Te,52,5,4,adsorbate,adsorbate,1,1,2.63310756,2.1716222763061523,0.46148528369384767,adsorbate:ads1,1,adsorbate:ads1,1,0.25,0.0,1,0,0.75
NiSe2,Ti,22,4,4,interstitial,interstitial,1,1,-2.2340928899999994,-2.0894670486450195,0.1446258413549799,interstitial:int2,1,interstitial:int0,0,0.25,0.1098553199999941,0,1,-0.25
NiSe2,Tl,81,6,4,adsorbate,adsorbate,1,1,2.004617390000007,2.061983585357666,0.05736619535765897,adsorbate:ads1,1,adsorbate:ads2,0,0.25,0.048602690000009885,1,0,-0.25
NiSe2,V,23,4,4,interstitial,interstitial,1,1,-2.676040240000006,-2.3963444232940674,0.2796958167059387,interstitial:int2,1,interstitial:int2,1,0.25,0.0,0,1,0.75
NiSe2,W,74,6,3,interstitial,interstitial,1,1,-4.157973779999992,-3.4031918048858643,0.7547819751141276,interstitial:int2,1,interstitial:int2,1,0.3333333333333333,0.0,0,1,0.6666666666666667
NiSe2,Y,39,5,4,interstitial,interstitial,1,1,-0.3405704599999951,-1.5642468929290771,1.2236764329290821,interstitial:int2,1,interstitial:int2,1,0.25,0.0,0,1,0.75
NiSe2,Zn,30,4,3,adsorbate,adsorbate,1,1,0.5219327000000079,1.188165307044983,0.666232607044975,adsorbate:ads1,1,adsorbate:ads1,1,0.3333333333333333,0.0,1,0,0.6666666666666667
NiSe2,Zr,40,5,3,interstitial,interstitial,1,1,-2.19988051,-2.485947012901306,0.2860665029013063,interstitial:int2,1,interstitial:int2,1,0.3333333333333333,0.0,0,1,0.6666666666666667
P4,Ag,47,5,3,adsorbate,adsorbate,1,1,1.7710624100000132,2.0552839040756226,0.28422149407560937,adsorbate:ads1,1,adsorbate:ads1,1,0.3333333333333333,0.0,1,0,0.6666666666666667
P4,Al,13,3,3,interstitial,adsorbate,1,0,-0.18026525999999876,0.46530747413635254,0.6455727341363513,interstitial:int1,1,adsorbate:ads1,0,0.3333333333333333,0.18026525999999876,0,0,-0.3333333333333333
P4,As,33,4,3,adsorbate,adsorbate,1,1,0.3667175299999599,0.34222638607025146,0.024491143929708414,adsorbate:ads0,1,adsorbate:ads1,0,0.3333333333333333,0.3612808500000142,1,0,-0.3333333333333333
P4,Au,79,6,3,adsorbate,adsorbate,1,1,1.9556046900000297,2.032344102859497,0.07673941285946739,adsorbate:ads1,1,adsorbate:ads1,1,0.3333333333333333,0.0,1,0,0.6666666666666667
P4,B,5,2,4,interstitial,interstitial,1,1,-0.48307002000001376,-0.1807239055633545,0.30234611443665926,interstitial:int1,1,interstitial:int1,1,0.25,0.0,0,1,0.75
P4,Be,4,2,4,adsorbate,adsorbate,1,1,0.10487385999999832,0.6790816783905029,0.5742078183905046,adsorbate:ads1,1,adsorbate:ads1,1,0.25,0.0,1,0,0.75
P4,C,6,2,3,adsorbate,interstitial,1,0,0.17210264000004738,-0.5964336395263672,0.7685362795264146,adsorbate:ads1,1,interstitial:int0,0,0.3333333333333333,0.17210264000004738,1,-1,-0.3333333333333333
P4,Ca,20,4,3,interstitial,adsorbate,1,0,-0.37476455000000897,0.03573250770568848,0.41049705770569744,interstitial:int1,1,adsorbate:ads1,0,0.3333333333333333,0.37476455000000897,0,0,-0.3333333333333333
P4,Cd,48,5,3,adsorbate,adsorbate,1,1,2.40736099999998,1.7150325775146484,0.6923284224853314,adsorbate:ads1,1,adsorbate:ads1,1,0.3333333333333333,0.0,1,0,0.6666666666666667
P4,Co,27,4,3,interstitial,interstitial,1,1,-0.6737291700000014,-0.28084635734558105,0.3928828126544204,interstitial:int1,1,interstitial:int1,1,0.3333333333333333,0.0,0,1,0.6666666666666667
P4,Cr,24,4,3,interstitial,interstitial,1,1,-1.8036925399999855,-0.6450073719024658,1.1586851680975196,interstitial:int1,1,interstitial:int1,1,0.3333333333333333,0.0,0,1,0.6666666666666667
P4,Cu,29,4,3,adsorbate,adsorbate,1,1,0.08099329999998783,0.05106472969055176,0.029928570309436076,adsorbate:ads1,1,adsorbate:ads1,1,0.3333333333333333,0.0,1,0,0.6666666666666667
P4,Fe,26,4,3,interstitial,interstitial,1,1,-0.07104959999998073,-1.5426729917526245,1.4716233917526438,interstitial:int1,1,interstitial:int1,1,0.3333333333333333,0.0,0,1,0.6666666666666667
P4,H,1,1,4,adsorbate,adsorbate,1,1,1.5521650700000005,0.2814983129501343,1.2706667570498662,adsorbate:ads0,1,adsorbate:ads0,1,0.25,0.0,1,0,0.75
P4,Hf,72,6,3,interstitial,interstitial,1,1,-2.172918809999999,-1.0118417739868164,1.1610770360131828,interstitial:int1,1,interstitial:int1,1,0.3333333333333333,0.0,0,1,0.6666666666666667
P4,In,49,5,2,adsorbate,adsorbate,1,1,3.5354765100000236,0.07028341293334961,3.465193097066674,adsorbate:ads1,1,adsorbate:ads1,1,0.5,0.0,1,0,0.5
P4,Li,3,2,4,adsorbate,adsorbate,1,1,1.0177733100000523,1.215423583984375,0.19765027398432267,adsorbate:ads1,1,adsorbate:ads1,1,0.25,0.0,1,0,0.75
P4,Lu,71,6,3,interstitial,interstitial,1,1,-0.6446068399999945,-0.34803974628448486,0.2965670937155096,interstitial:int1,1,interstitial:int1,1,0.3333333333333333,0.0,0,1,0.6666666666666667
P4,Mg,12,3,3,adsorbate,adsorbate,1,1,1.3690633100000014,0.6096147298812866,0.7594485801187147,adsorbate:ads1,1,adsorbate:ads1,1,0.3333333333333333,0.0,1,0,0.6666666666666667
P4,Mn,25,4,3,interstitial,interstitial,1,1,-0.30948305000003984,-1.4684885740280151,1.1590055240279753,interstitial:int1,1,interstitial:int1,1,0.3333333333333333,0.0,0,1,0.6666666666666667
P4,Mo,42,5,2,interstitial,interstitial,1,1,-4.026277480000034,-2.175671100616455,1.8506063793835787,interstitial:int1,1,interstitial:int1,1,0.5,0.0,0,1,0.5
P4,Nb,41,5,3,interstitial,interstitial,1,1,-1.7312963499999798,-1.5120608806610107,0.2192354693389691,interstitial:int1,1,interstitial:int1,1,0.3333333333333333,0.0,0,1,0.6666666666666667
P4,Ni,28,4,3,adsorbate,interstitial,1,0,0.208349730000009,-0.10708773136138916,0.31543746136139816,adsorbate:ads1,1,interstitial:int1,0,0.3333333333333333,0.208349730000009,1,-1,-0.3333333333333333
P4,O,8,2,4,adsorbate,adsorbate,1,1,2.588379400000009,0.693374752998352,1.8950046470016568,adsorbate:ads0,1,adsorbate:ads0,1,0.25,0.0,1,0,0.75
P4,Os,76,6,2,interstitial,interstitial,1,1,-1.8169456900000114,-0.714503288269043,1.1024424017309684,interstitial:int1,1,interstitial:int1,1,0.5,0.0,0,1,0.5
P4,Pd,46,5,3,adsorbate,adsorbate,1,1,1.2406352099999935,1.4849621057510376,0.24432689575104405,adsorbate:ads1,1,adsorbate:ads1,1,0.3333333333333333,0.0,1,0,0.6666666666666667
P4,Re,75,6,3,interstitial,interstitial,1,1,-1.9400306100000078,-0.5382308959960938,1.401799714003914,interstitial:int1,1,interstitial:int1,1,0.3333333333333333,0.0,0,1,0.6666666666666667
P4,Rh,45,5,3,adsorbate,adsorbate,1,1,0.4193679999999629,0.23354876041412354,0.18581923958583935,adsorbate:ads1,1,adsorbate:ads1,1,0.3333333333333333,0.0,1,0,0.6666666666666667
P4,Ru,44,5,3,interstitial,interstitial,1,1,-1.1973690099999885,-1.0550974607467651,0.14227154925322338,interstitial:int1,1,interstitial:int1,1,0.3333333333333333,0.0,0,1,0.6666666666666667
P4,S,16,3,3,adsorbate,adsorbate,1,1,3.8726237700000183,2.565001964569092,1.3076218054309265,adsorbate:ads0,1,adsorbate:ads1,0,0.3333333333333333,1.5103551500000094,1,0,-0.3333333333333333
P4,Sb,51,5,3,adsorbate,adsorbate,1,1,1.7139769099999862,0.7232034206390381,0.9907734893609481,adsorbate:ads0,1,adsorbate:ads0,1,0.3333333333333333,0.0,1,0,0.6666666666666667
P4,Sc,21,4,3,interstitial,interstitial,1,1,-0.45528706999999713,-0.8788111209869385,0.42352405098694135,interstitial:int1,1,interstitial:int1,1,0.3333333333333333,0.0,0,1,0.6666666666666667
P4,Se,34,4,3,adsorbate,adsorbate,1,1,0.471244390000038,1.3250324726104736,0.8537880826104356,adsorbate:ads0,1,adsorbate:ads0,1,0.3333333333333333,0.0,1,0,0.6666666666666667
P4,Si,14,3,3,adsorbate,interstitial,1,0,0.04348363999997673,-0.11218667030334473,0.15567031030332146,adsorbate:ads1,1,interstitial:int1,0,0.3333333333333333,0.04348363999997673,1,-1,-0.3333333333333333
P4,Sn,50,5,3,interstitial,interstitial,1,1,-0.007089949999965706,-0.03621876239776611,0.029128812397800408,interstitial:int1,1,interstitial:int1,1,0.3333333333333333,0.0,0,1,0.6666666666666667
P4,Sr,38,5,3,interstitial,adsorbate,1,0,-0.21913468999997582,0.09074902534484863,0.30988371534482445,interstitial:int1,1,adsorbate:ads1,0,0.3333333333333333,0.21913468999997582,0,0,-0.3333333333333333
P4,Ta,73,6,3,interstitial,interstitial,1,1,-0.7432471300000434,-2.0909602642059326,1.3477131342058892,interstitial:int1,1,interstitial:int1,1,0.3333333333333333,0.0,0,1,0.6666666666666667
P4,Tc,43,5,3,interstitial,interstitial,1,1,-1.2770650699999921,-0.985562801361084,0.29150226863890816,interstitial:int1,1,interstitial:int1,1,0.3333333333333333,0.0,0,1,0.6666666666666667
P4,Ti,22,4,3,interstitial,interstitial,1,1,-1.772045280000043,-0.8359475135803223,0.9360977664197208,interstitial:int1,1,interstitial:int1,1,0.3333333333333333,0.0,0,1,0.6666666666666667
P4,V,23,4,3,interstitial,interstitial,1,1,-0.6333425000000261,-0.8597332239151001,0.22639072391507398,interstitial:int1,1,interstitial:int1,1,0.3333333333333333,0.0,0,1,0.6666666666666667
P4,W,74,6,3,interstitial,interstitial,1,1,-0.42202757000001156,-0.5331621170043945,0.11113454700438297,interstitial:int1,1,interstitial:int1,1,0.3333333333333333,0.0,0,1,0.6666666666666667
P4,Y,39,5,3,interstitial,interstitial,1,1,-0.6787319399999774,-0.5808892250061035,0.09784271499387387,interstitial:int1,1,interstitial:int1,1,0.3333333333333333,0.0,0,1,0.6666666666666667
P4,Zn,30,4,3,adsorbate,adsorbate,1,1,1.8922053699999988,1.3670896291732788,0.52511574082672,adsorbate:ads1,1,adsorbate:ads1,1,0.3333333333333333,0.0,1,0,0.6666666666666667
P4,Zr,40,5,3,interstitial,interstitial,1,1,-1.5399830400000383,-1.598733901977539,0.05875086197750079,interstitial:int1,1,interstitial:int1,1,0.3333333333333333,0.0,0,1,0.6666666666666667
PbI2,Au,79,6,3,interstitial,interstitial,1,1,-0.30889013000000887,-0.07772088050842285,0.23116924949158602,interstitial:int0,1,interstitial:int0,1,0.3333333333333333,0.0,0,1,0.6666666666666667
PbI2,Cl,17,3,3,interstitial,interstitial,1,1,-0.2747559900000027,-0.538184404373169,0.2634284143731662,interstitial:int1,1,interstitial:int2,0,0.3333333333333333,0.9097472899999985,0,1,-0.3333333333333333
PbI2,Lu,71,6,5,interstitial,interstitial,1,1,-1.0592817900000002,-1.0766100883483887,0.01732829834838845,interstitial:int2,1,interstitial:int2,1,0.2,0.0,0,1,0.8
PbI2,Na,11,3,2,adsorbate,adsorbate,1,1,0.8651775799999939,0.8550035953521729,0.010173984647821044,adsorbate:ads0,1,adsorbate:ads0,1,0.5,0.0,1,0,0.5
PbI2,Nb,41,5,2,interstitial,adsorbate,1,0,-0.5666811700000096,0.03003525733947754,0.5967164273394872,interstitial:int0,1,adsorbate:ads1,0,0.5,0.5666811700000096,0,0,-0.5
PbI2,O,8,2,5,adsorbate,interstitial,1,0,0.01736578000000577,-0.2526148557662964,0.26998063576630216,adsorbate:ads0,1,interstitial:int1,0,0.2,0.01736578000000577,1,-1,-0.2
PbI2,Pt,78,6,2,interstitial,interstitial,1,1,-1.9723128599999882,-2.7545021772384644,0.7821893172384762,interstitial:int0,1,interstitial:int0,1,0.5,0.0,0,1,0.5
PbI2,Re,75,6,5,interstitial,interstitial,1,1,-1.8004890400000022,-0.984311580657959,0.8161774593420432,interstitial:int2,1,interstitial:int2,1,0.2,0.0,0,1,0.8
PbI2,S,16,3,3,interstitial,interstitial,1,1,-1.0854016800000041,-1.5674409866333008,0.48203930663329664,interstitial:int0,1,interstitial:int0,1,0.3333333333333333,0.0,0,1,0.6666666666666667
PbI2,Ti,22,4,2,interstitial,interstitial,1,1,-3.8500768399999994,-4.172670841217041,0.3225940012170416,interstitial:int2,1,interstitial:int2,1,0.5,0.0,0,1,0.5
PbI2,Xe,54,5,6,adsorbate,adsorbate,1,1,2.6696247299999953,1.9486255645751953,0.7209991654248,adsorbate:ads1,1,adsorbate:ads0,0,0.16666666666666666,0.003187889999992491,1,0,-0.16666666666666666
Pd2Se4,Ag,47,5,3,adsorbate,interstitial,1,0,0.1806181400000071,-0.22939765453338623,0.4100157945333933,adsorbate:ads1,1,interstitial:int1,0,0.3333333333333333,0.1806181400000071,1,-1,-0.3333333333333333
Pd2Se4,Al,13,3,3,interstitial,interstitial,1,1,-1.6388126299999897,-1.5999619960784912,0.038850633921498456,interstitial:int1,1,interstitial:int1,1,0.3333333333333333,0.0,0,1,0.6666666666666667
Pd2Se4,As,33,4,4,adsorbate,adsorbate,1,1,0.0455195599999878,0.5094318389892578,0.46391227898927,adsorbate:ads0,1,adsorbate:ads0,1,0.25,0.0,1,0,0.75
Pd2Se4,B,5,2,4,interstitial,interstitial,1,1,-3.0304511500000046,-1.7608754634857178,1.2695756865142869,interstitial:int0,1,interstitial:int1,0,0.25,0.028461350000000718,0,1,-0.25
Pd2Se4,Ba,56,6,2,adsorbate,adsorbate,1,1,3.1423613500000016,2.4252238273620605,0.7171375226379411,adsorbate:ads0,1,adsorbate:ads0,1,0.5,0.0,1,0,0.5
Pd2Se4,Be,4,2,4,interstitial,interstitial,1,1,-3.458502440000004,-1.6126060485839844,1.8458963914160198,interstitial:int0,1,interstitial:int1,0,0.25,0.012856769999999018,0,1,-0.25
Pd2Se4,Br,35,4,4,adsorbate,adsorbate,1,1,2.825280110000009,3.50508975982666,0.6798096498266513,adsorbate:ads1,1,adsorbate:ads0,0,0.25,0.0610274000000004,1,0,-0.25
Pd2Se4,C,6,2,3,interstitial,interstitial,1,1,-0.34741044999999904,-0.7609601020812988,0.4135496520812998,interstitial:int1,1,interstitial:int1,1,0.3333333333333333,0.0,0,1,0.6666666666666667
Pd2Se4,Cd,48,5,4,adsorbate,adsorbate,1,1,0.2933305199999978,1.160547137260437,0.8672166172604392,adsorbate:ads1,1,adsorbate:ads0,0,0.25,0.07996219000000349,1,0,-0.25
Pd2Se4,Cl,17,3,4,adsorbate,adsorbate,1,1,2.3405239599999987,1.989135503768921,0.35138845623107784,adsorbate:ads1,1,adsorbate:ads0,0,0.25,0.03140107000000111,1,0,-0.25
Pd2Se4,Co,27,4,3,interstitial,interstitial,1,1,-2.3087454499999893,-2.2783937454223633,0.030351704577626037,interstitial:int1,1,interstitial:int1,1,0.3333333333333333,0.0,0,1,0.6666666666666667
Pd2Se4,Cr,24,4,4,interstitial,interstitial,1,1,-1.9517943399999922,-1.5336660146713257,0.4181283253286665,interstitial:int1,1,interstitial:int1,1,0.25,0.0,0,1,0.75
Pd2Se4,Cs,55,6,4,adsorbate,adsorbate,1,1,6.306500819999997,7.223059892654419,0.9165590726544224,adsorbate:ads1,1,adsorbate:ads1,1,0.25,0.0,1,0,0.75
Pd2Se4,Cu,29,4,3,interstitial,interstitial,1,1,-1.3332574399999972,-1.2162047624588013,0.11705267754119597,interstitial:int1,1,interstitial:int1,1,0.3333333333333333,0.0,0,1,0.6666666666666667
Pd2Se4,F,9,2,4,adsorbate,adsorbate,1,1,3.415447300000011,2.0349713563919067,1.3804759436081042,adsorbate:ads0,1,adsorbate:ads0,1,0.25,0.0,1,0,0.75
Pd2Se4,Fe,26,4,3,interstitial,interstitial,1,1,-2.3195337599999992,-2.036356568336487,0.2831771916635124,interstitial:int1,1,interstitial:int1,1,0.3333333333333333,0.0,0,1,0.6666666666666667
Pd2Se4,Ga,31,4,3,interstitial,adsorbate,1,0,-0.13740868000000728,0.6194446086883545,0.7568532886883618,interstitial:int1,1,adsorbate:ads1,0,0.3333333333333333,0.13740868000000728,0,0,-0.3333333333333333
Pd2Se4,H,1,1,4,adsorbate,adsorbate,1,1,0.41309799999999086,0.5935478210449219,0.180449821044931,adsorbate:ads0,1,adsorbate:ads0,1,0.25,0.0,1,0,0.75
Pd2Se4,Hf,72,6,3,interstitial,interstitial,1,1,-4.4943325099999925,-3.541009545326233,0.9533229646737595,interstitial:int1,1,interstitial:int1,1,0.3333333333333333,0.0,0,1,0.6666666666666667
Pd2Se4,Ir,77,6,3,interstitial,interstitial,1,1,-1.8839512099999918,-3.0323240756988525,1.1483728656988608,interstitial:int1,1,interstitial:int1,1,0.3333333333333333,0.0,0,1,0.6666666666666667
Pd2Se4,Mg,12,3,4,interstitial,interstitial,1,1,-1.791520900000009,-0.5983126163482666,1.1932082836517424,interstitial:int1,1,interstitial:int1,1,0.25,0.0,0,1,0.75
Pd2Se4,Mn,25,4,3,interstitial,interstitial,1,1,-1.1113816000000014,-2.218565583229065,1.1071839832290635,interstitial:int1,1,interstitial:int1,1,0.3333333333333333,0.0,0,1,0.6666666666666667
Pd2Se4,N,7,2,4,adsorbate,adsorbate,1,1,1.4515784599999928,0.9644744396209717,0.4871040203790211,adsorbate:ads0,1,adsorbate:ads0,1,0.25,0.0,1,0,0.75
Pd2Se4,Nb,41,5,2,interstitial,interstitial,1,1,-3.7531505599999946,-3.83717679977417,0.08402623977417534,interstitial:int1,1,interstitial:int1,1,0.5,0.0,0,1,0.5
Pd2Se4,Ni,28,4,4,interstitial,interstitial,1,1,-2.029289410000005,-1.8391295671463013,0.1901598428537037,interstitial:int1,1,interstitial:int1,1,0.25,0.0,0,1,0.75
Pd2Se4,O,8,2,4,adsorbate,adsorbate,1,1,2.5993055200000015,3.4574317932128906,0.8581262732128891,adsorbate:int0,1,adsorbate:ads0,0,0.25,0.16383104999999887,1,0,-0.25
Pd2Se4,P,15,3,4,adsorbate,interstitial,1,0,0.5025084299999913,-0.5679492950439453,1.0704577250439367,adsorbate:ads0,1,interstitial:int1,0,0.25,0.5025084299999913,1,-1,-0.25
Pd2Se4,Re,75,6,3,interstitial,interstitial,1,1,-3.2524993000000113,-3.8684959411621094,0.6159966411620981,interstitial:int1,1,interstitial:int1,1,0.3333333333333333,0.0,0,1,0.6666666666666667
Pd2Se4,Rh,45,5,2,interstitial,interstitial,1,1,-1.8943912399999903,-2.8332210779190063,0.9388298379190161,interstitial:int1,1,interstitial:int1,1,0.5,0.0,0,1,0.5
Pd2Se4,S,16,3,3,adsorbate,adsorbate,1,1,1.9258855200000085,2.8694980144500732,0.9436124944500648,adsorbate:ads0,1,adsorbate:ads0,1,0.3333333333333333,0.0,1,0,0.6666666666666667
Pd2Se4,Sc,21,4,2,interstitial,interstitial,1,1,-3.7225824599999986,-3.6991310119628906,0.02345144803710797,interstitial:int1,1,interstitial:int1,1,0.5,0.0,0,1,0.5
Pd2Se4,Si,14,3,3,interstitial,interstitial,1,1,-1.6167728399999954,-0.792654275894165,0.8241185641058304,interstitial:int1,1,interstitial:int1,1,0.3333333333333333,0.0,0,1,0.6666666666666667
Pd2Se4,Ta,73,6,2,interstitial,interstitial,1,1,-4.591518630000009,-4.527803897857666,0.06371473214234324,interstitial:int1,1,interstitial:int1,1,0.5,0.0,0,1,0.5
Pd2Se4,Tc,43,5,3,interstitial,interstitial,1,1,-2.8906745299999974,-3.348513126373291,0.4578385963732936,interstitial:int1,1,interstitial:int1,1,0.3333333333333333,0.0,0,1,0.6666666666666667
Pd2Se4,V,23,4,2,interstitial,interstitial,1,1,-2.9073469899999935,-2.5289387702941895,0.37840821970580407,interstitial:int1,1,interstitial:int1,1,0.5,0.0,0,1,0.5
Pd2Se4,W,74,6,3,interstitial,interstitial,1,1,-3.4780561300000126,-3.205129623413086,0.27292650658692663,interstitial:int1,1,interstitial:int1,1,0.3333333333333333,0.0,0,1,0.6666666666666667
Pd2Se4,Xe,54,5,3,adsorbate,adsorbate,1,1,9.673019190000005,7.714024782180786,1.958994407819219,adsorbate:ads1,1,adsorbate:ads1,1,0.3333333333333333,0.0,1,0,0.6666666666666667
Pd2Se4,Zn,30,4,2,interstitial,interstitial,1,1,-0.9862129099999919,-0.4523742198944092,0.5338386901055827,interstitial:int1,1,interstitial:int1,1,0.5,0.0,0,1,0.5
PtS2,Al,13,3,5,adsorbate,adsorbate,1,1,0.303222800000015,0.5629482269287109,0.25972542692869593,adsorbate:ads2,1,adsorbate:ads2,1,0.2,0.0,1,0,0.8
PtS2,As,33,4,5,adsorbate,adsorbate,1,1,2.796962629999996,2.873638391494751,0.07667576149475508,adsorbate:ads0,1,adsorbate:ads0,1,0.2,0.0,1,0,0.8
PtS2,Au,79,6,5,adsorbate,adsorbate,1,1,9.273619370000006,9.715925693511963,0.4423063235119571,adsorbate:ads2,1,adsorbate:ads0,0,0.2,0.004639690000005192,1,0,-0.2
PtS2,B,5,2,6,interstitial,interstitial,1,1,-0.2814297900000038,-0.9832899570465088,0.701860167046505,interstitial:int2,1,interstitial:int2,1,0.16666666666666666,0.0,0,1,0.8333333333333334
PtS2,Be,4,2,5,interstitial,interstitial,1,1,-1.024761050000024,-1.2700514793395996,0.24529042933957568,interstitial:ads2,1,interstitial:int2,0,0.2,0.00022502000001622946,0,1,-0.2
PtS2,Br,35,4,5,adsorbate,adsorbate,1,1,6.444495349999983,6.432895541191101,0.011599808808881562,adsorbate:ads0,1,adsorbate:ads0,1,0.2,0.0,1,0,0.8
PtS2,C,6,2,5,adsorbate,adsorbate,1,1,1.0088829299999986,0.26186656951904297,0.7470163604809557,adsorbate:ads1,1,adsorbate:ads0,0,0.2,0.1964198299999964,1,0,-0.2
PtS2,Ca,20,4,5,adsorbate,adsorbate,1,1,4.354803620000013,4.043659925460815,0.3111436945391972,adsorbate:ads2,1,adsorbate:ads2,1,0.2,0.0,1,0,0.8
PtS2,Cl,17,3,5,adsorbate,adsorbate,1,1,6.908932540000023,6.357365846633911,0.5515666933661123,adsorbate:ads0,1,adsorbate:ads0,1,0.2,0.0,1,0,0.8
PtS2,Co,27,4,5,adsorbate,adsorbate,1,1,2.0492263299999824,1.7725656032562256,0.27666072674375686,adsorbate:int2,1,adsorbate:ads1,0,0.2,0.2572472199999827,1,0,-0.2
PtS2,Cr,24,4,5,adsorbate,adsorbate,1,1,2.587676399999994,2.286654233932495,0.301022166067499,adsorbate:ads2,1,adsorbate:int2,0,0.2,0.6262951500000042,1,0,-0.2
PtS2,F,9,2,6,adsorbate,adsorbate,1,1,5.221959529999992,4.970810651779175,0.25114887822081755,adsorbate:int2,1,adsorbate:ads0,0,0.16666666666666666,0.023349359999997432,1,0,-0.16666666666666666
PtS2,Fe,26,4,5,adsorbate,adsorbate,1,1,1.3447093999999988,1.6608903408050537,0.3161809408050549,adsorbate:int2,1,adsorbate:ads2,0,0.2,0.16795605999999452,1,0,-0.2
PtS2,Ga,31,4,3,adsorbate,adsorbate,1,1,3.5381719800000155,3.2480050325393677,0.29016694746064786,adsorbate:ads1,1,adsorbate:ads1,1,0.3333333333333333,0.0,1,0,0.6666666666666667
PtS2,Ge,32,4,4,adsorbate,adsorbate,1,1,3.5708849099999904,2.835383892059326,0.7355010179406642,adsorbate:ads1,1,adsorbate:int2,0,0.25,0.210564689999984,1,0,-0.25
PtS2,H,1,1,6,interstitial,adsorbate,1,0,-0.11382739999999059,0.33795976638793945,0.45178716638793004,interstitial:int1,1,adsorbate:ads0,0,0.16666666666666666,0.11382739999999059,0,0,-0.16666666666666666
PtS2,Hf,72,6,4,adsorbate,interstitial,1,0,0.07794332000000281,-0.17746853828430176,0.25541185828430457,adsorbate:ads2,1,interstitial:int0,0,0.25,0.07794332000000281,1,-1,-0.25
PtS2,I,53,5,4,adsorbate,adsorbate,1,1,7.324984699999985,5.796534895896912,1.5284498041030732,adsorbate:ads0,1,adsorbate:ads1,0,0.25,0.2606279299999983,1,0,-0.25
PtS2,Ir,77,6,5,adsorbate,adsorbate,1,1,7.356293959999988,8.169755935668945,0.8134619756689574,adsorbate:ads1,1,adsorbate:int2,0,0.2,0.1620564600000023,1,0,-0.2
PtS2,K,19,4,5,adsorbate,adsorbate,1,1,8.38683886000001,8.639357328414917,0.2525184684149071,adsorbate:ads2,1,adsorbate:ads2,1,0.2,0.0,1,0,0.8
PtS2,Li,3,2,5,adsorbate,adsorbate,1,1,3.534668340000024,2.789013147354126,0.7456551926458981,adsorbate:ads2,1,adsorbate:ads2,1,0.2,0.0,1,0,0.8
PtS2,Lu,71,6,5,adsorbate,adsorbate,1,1,1.847106430000025,1.1305384635925293,0.7165679664074958,adsorbate:int2,1,adsorbate:int2,1,0.2,0.0,1,0,0.8
PtS2,Mg,12,3,5,adsorbate,adsorbate,1,1,3.3176792399999897,3.7932575941085815,0.47557835410859184,adsorbate:ads2,1,adsorbate:ads2,1,0.2,0.0,1,0,0.8
PtS2,Mn,25,4,5,adsorbate,adsorbate,1,1,1.5296140899999955,1.7063102722167969,0.1766961822168014,adsorbate:ads2,1,adsorbate:ads2,1,0.2,0.0,1,0,0.8
PtS2,Mo,42,5,5,interstitial,interstitial,1,1,-0.7375047899999743,-1.417567491531372,0.6800627015313978,interstitial:int2,1,interstitial:int2,1,0.2,0.0,0,1,0.8
PtS2,N,7,2,6,adsorbate,adsorbate,1,1,3.3722373299999893,2.566174268722534,0.8060630612774551,adsorbate:ads0,1,adsorbate:ads0,1,0.16666666666666666,0.0,1,0,0.8333333333333334
PtS2,Nb,41,5,5,interstitial,interstitial,1,1,-2.363389479999994,-2.07919979095459,0.2841896890454043,interstitial:int2,1,interstitial:int2,1,0.2,0.0,0,1,0.8
PtS2,Ni,28,4,4,adsorbate,adsorbate,1,1,0.6928945699999931,0.05193758010864258,0.6409569898913505,adsorbate:ads2,1,adsorbate:ads1,0,0.25,0.14329175000000327,1,0,-0.25
PtS2,O,8,2,6,adsorbate,adsorbate,1,1,5.7566664,4.8235533237457275,0.9331130762542728,adsorbate:ads0,1,adsorbate:ads0,1,0.16666666666666666,0.0,1,0,0.8333333333333334
PtS2,Os,76,6,4,interstitial,interstitial,1,1,-0.5750413700000081,-1.1297354698181152,0.5546940998181071,interstitial:int2,1,interstitial:int2,1,0.25,0.0,0,1,0.75
PtS2,P,15,3,5,adsorbate,adsorbate,1,1,2.142836399999992,2.1986591815948486,0.05582278159485643,adsorbate:ads0,1,adsorbate:ads0,1,0.2,0.0,1,0,0.8
PtS2,Pd,46,5,5,adsorbate,adsorbate,1,1,7.239167640000004,5.459055304527283,1.7801123354727215,adsorbate:ads1,1,adsorbate:ads2,0,0.2,0.07314033000000109,1,0,-0.2
PtS2,Rb,37,5,5,adsorbate,adsorbate,1,1,9.728717259999994,8.456804037094116,1.2719132229058783,adsorbate:ads2,1,adsorbate:ads1,0,0.2,0.09052244999998038,1,0,-0.2
PtS2,Re,75,6,5,interstitial,interstitial,1,1,-2.1542555900000204,-1.5819826126098633,0.5722729773901571,interstitial:int2,1,interstitial:int2,1,0.2,0.0,0,1,0.8
PtS2,Sc,21,4,5,adsorbate,adsorbate,1,1,1.6666610300000004,2.1463921070098877,0.47973107700988726,adsorbate:int2,1,adsorbate:int2,1,0.2,0.0,1,0,0.8
PtS2,Se,34,4,4,adsorbate,adsorbate,1,1,5.643881639999989,3.3006513118743896,2.3432303281255997,adsorbate:ads0,1,adsorbate:ads0,1,0.25,0.0,1,0,0.75
PtS2,Si,14,3,5,adsorbate,adsorbate,1,1,1.2692860300000182,0.38618922233581543,0.8830968076642027,adsorbate:ads1,1,adsorbate:ads1,1,0.2,0.0,1,0,0.8
PtS2,Sn,50,5,4,adsorbate,adsorbate,1,1,9.40018273999999,7.433363199234009,1.9668195407659805,adsorbate:ads1,1,adsorbate:ads2,0,0.25,0.04273148999999399,1,0,-0.25
PtS2,Sr,38,5,5,adsorbate,adsorbate,1,1,5.294388679999997,5.595109939575195,0.300721259575198,adsorbate:ads2,1,adsorbate:int2,0,0.2,0.03654904999999069,1,0,-0.2
PtS2,Ta,73,6,3,interstitial,interstitial,1,1,-1.9437827699999852,-2.00557279586792,0.061790025867934695,interstitial:int2,1,interstitial:int2,1,0.3333333333333333,0.0,0,1,0.6666666666666667
PtS2,Tc,43,5,4,interstitial,interstitial,1,1,-0.3577909400000001,-0.10738658905029297,0.25040435094970714,interstitial:int2,1,interstitial:int2,1,0.25,0.0,0,1,0.75
PtS2,Te,52,5,5,adsorbate,adsorbate,1,1,4.401079629999998,4.1310425996780396,0.2700370303219586,adsorbate:ads0,1,adsorbate:ads0,1,0.2,0.0,1,0,0.8
PtS2,Ti,22,4,5,interstitial,interstitial,1,1,-1.3118822400000165,-0.9894742965698242,0.3224079434301923,interstitial:int2,1,interstitial:int2,1,0.2,0.0,0,1,0.8
PtS2,Tl,81,6,3,adsorbate,adsorbate,1,1,10.785903260000024,9.815114736557007,0.9707885234430176,adsorbate:ads2,1,adsorbate:ads0,0,0.3333333333333333,0.33692086000002064,1,0,-0.3333333333333333
PtS2,V,23,4,5,adsorbate,adsorbate,1,1,2.4660867699999764,1.4990758895874023,0.9670108804125741,adsorbate:int2,1,adsorbate:int2,1,0.2,0.0,1,0,0.8
PtS2,W,74,6,4,interstitial,interstitial,1,1,-1.7857136199999948,-1.3535137176513672,0.4321999023486276,interstitial:int2,1,interstitial:int2,1,0.25,0.0,0,1,0.75
PtS2,Y,39,5,5,adsorbate,adsorbate,1,1,1.9952311400000151,1.4125910997390747,0.5826400402609404,adsorbate:int2,1,adsorbate:int2,1,0.2,0.0,1,0,0.8
PtS2,Zr,40,5,5,adsorbate,adsorbate,1,1,1.6940257800000036,1.342098355293274,0.35192742470672966,adsorbate:int2,1,adsorbate:int2,1,0.2,0.0,1,0,0.8
PtSe2,Ag,47,5,4,adsorbate,adsorbate,1,1,6.0205037300000015,4.577721357345581,1.4427823726544204,adsorbate:ads2,1,adsorbate:ads2,1,0.25,0.0,1,0,0.75
PtSe2,Al,13,3,5,adsorbate,adsorbate,1,1,0.016479799999984834,1.1395046710968018,1.123024871096817,adsorbate:ads2,1,adsorbate:ads2,1,0.2,0.0,1,0,0.8
PtSe2,As,33,4,4,adsorbate,adsorbate,1,1,2.0991871899999803,2.3849546909332275,0.2857675009332472,adsorbate:ads2,1,adsorbate:ads1,0,0.25,0.057425660000006484,1,0,-0.25
PtSe2,Au,79,6,4,adsorbate,adsorbate,1,1,7.134277569999994,6.369002103805542,0.7652754661944519,adsorbate:ads2,1,adsorbate:ads1,0,0.25,0.040304700000008076,1,0,-0.25
PtSe2,B,5,2,5,interstitial,interstitial,1,1,-0.44553833999998593,-0.9005703926086426,0.45503205260865665,interstitial:int0,1,interstitial:int1,0,0.2,0.0571075599999924,0,1,-0.2
PtSe2,Ba,56,6,5,adsorbate,adsorbate,1,1,7.384714139999987,5.1214587688446045,2.263255371155383,adsorbate:int1,1,adsorbate:int1,1,0.2,0.0,1,0,0.8
PtSe2,Be,4,2,5,interstitial,interstitial,1,1,-1.1645233300000086,-1.065506935119629,0.09901639488037972,interstitial:int1,1,interstitial:ads2,0,0.2,0.00019804999999450956,0,1,-0.2
PtSe2,Br,35,4,4,adsorbate,adsorbate,1,1,7.305311409999988,7.3951849937438965,0.08987358374390819,adsorbate:ads0,1,adsorbate:ads2,0,0.25,0.007218510000001177,1,0,-0.25
PtSe2,C,6,2,5,adsorbate,interstitial,1,0,0.6905073700000077,-0.12365388870239258,0.8141612587024003,adsorbate:ads1,1,interstitial:int0,0,0.2,0.9960055800000038,1,-1,-0.2
PtSe2,Ca,20,4,5,adsorbate,adsorbate,1,1,2.79061255000002,2.303422451019287,0.48719009898073296,adsorbate:int1,1,adsorbate:int1,1,0.2,0.0,1,0,0.8
PtSe2,Cd,48,5,5,adsorbate,adsorbate,1,1,5.729613760000006,6.711923360824585,0.9823096008245793,adsorbate:ads1,1,adsorbate:ads1,1,0.2,0.0,1,0,0.8
PtSe2,Cl,17,3,4,adsorbate,adsorbate,1,1,5.805880180000016,4.6352949142456055,1.1705852657544105,adsorbate:ads0,1,adsorbate:ads0,1,0.25,0.0,1,0,0.75
PtSe2,Co,27,4,5,interstitial,interstitial,1,1,-0.8157705200000009,-0.5022361278533936,0.3135343921466074,interstitial:int1,1,interstitial:int1,1,0.2,0.0,0,1,0.8
PtSe2,Cr,24,4,5,interstitial,adsorbate,1,0,-0.08141428999999745,0.06065011024475098,0.14206440024474842,interstitial:int1,1,adsorbate:ads2,0,0.2,0.08141428999999745,0,0,-0.2
PtSe2,Cs,55,6,5,adsorbate,adsorbate,1,1,10.767179019999984,9.634564638137817,1.132614381862167,adsorbate:int1,1,adsorbate:int1,1,0.2,0.0,1,0,0.8
PtSe2,Cu,29,4,4,adsorbate,adsorbate,1,1,1.7954056500000202,1.2912640571594238,0.5041415928405963,adsorbate:ads2,1,adsorbate:ads1,0,0.25,0.11652962000002276,1,0,-0.25
PtSe2,F,9,2,5,adsorbate,adsorbate,1,1,4.343890600000009,3.5476937294006348,0.796196870599374,adsorbate:ads2,1,adsorbate:ads0,0,0.2,0.042789290000001756,1,0,-0.2
PtSe2,Fe,26,4,4,interstitial,interstitial,1,1,-0.4578927400000059,-0.9120759963989258,0.4541832563989199,interstitial:int1,1,interstitial:int1,1,0.25,0.0,0,1,0.75
PtSe2,Ga,31,4,2,adsorbate,adsorbate,1,1,2.0384483499999813,1.5839908123016357,0.4544575376983455,adsorbate:ads0,1,adsorbate:ads0,1,0.5,0.0,1,0,0.5
PtSe2,Ge,32,4,4,adsorbate,adsorbate,1,1,2.4885554999999906,1.3339080810546875,1.154647418945303,adsorbate:ads1,1,adsorbate:int1,0,0.25,0.9797931199999828,1,0,-0.25
PtSe2,H,1,1,5,adsorbate,adsorbate,1,1,0.6784412899999952,0.9834451675415039,0.3050038775415087,adsorbate:ads0,1,adsorbate:ads0,1,0.2,0.0,1,0,0.8
PtSe2,Hf,72,6,4,interstitial,interstitial,1,1,-2.3034973700000028,-2.302123785018921,0.0013735849810818657,interstitial:int0,1,interstitial:int1,0,0.25,0.2922803400000187,0,1,-0.25
PtSe2,I,53,5,5,adsorbate,adsorbate,1,1,6.617505549999989,5.878148317337036,0.739357232662953,adsorbate:ads0,1,adsorbate:ads1,0,0.2,0.18823229000000197,1,0,-0.2
PtSe2,Ir,77,6,3,interstitial,interstitial,1,1,-0.558205479999998,-0.6147561073303223,0.05655062733032423,interstitial:int1,1,interstitial:int1,1,0.3333333333333333,0.0,0,1,0.6666666666666667
PtSe2,K,19,4,5,adsorbate,adsorbate,1,1,6.7724544900000145,5.246668100357056,1.5257863896429589,adsorbate:ads2,1,adsorbate:ads1,0,0.2,0.05259128000000146,1,0,-0.2
PtSe2,Li,3,2,5,adsorbate,adsorbate,1,1,2.563011619999997,1.9273600578308105,0.6356515621691865,adsorbate:ads2,1,adsorbate:ads2,1,0.2,0.0,1,0,0.8
PtSe2,Lu,71,6,5,adsorbate,adsorbate,1,1,0.6558045299999831,0.9378408193588257,0.2820362893588426,adsorbate:int1,1,adsorbate:int1,1,0.2,0.0,1,0,0.8
PtSe2,Mg,12,3,5,adsorbate,adsorbate,1,1,2.1319550099999987,2.033385992050171,0.09856901794982775,adsorbate:ads2,1,adsorbate:ads2,1,0.2,0.0,1,0,0.8
PtSe2,Mn,25,4,4,interstitial,interstitial,1,1,-0.2904331299999967,-0.4995286464691162,0.2090955164691195,interstitial:int1,1,interstitial:int1,1,0.25,0.0,0,1,0.75
PtSe2,Mo,42,5,4,interstitial,interstitial,1,1,-1.0787119400000047,-0.8279528617858887,0.250759078214116,interstitial:int1,1,interstitial:int1,1,0.25,0.0,0,1,0.75
PtSe2,N,7,2,5,adsorbate,adsorbate,1,1,1.7614073900000164,1.5743329524993896,0.1870744375006268,adsorbate:ads0,1,adsorbate:ads0,1,0.2,0.0,1,0,0.8
PtSe2,Nb,41,5,4,interstitial,interstitial,1,1,-1.6669831799999884,-1.7533318996429443,0.08634871964295598,interstitial:int1,1,interstitial:int1,1,0.25,0.0,0,1,0.75
PtSe2,Ni,28,4,4,interstitial,interstitial,1,1,-0.4258660699999839,-0.7016205787658691,0.27575450876588525,interstitial:int1,1,interstitial:int1,1,0.25,0.0,0,1,0.75
PtSe2,O,8,2,4,adsorbate,adsorbate,1,1,3.9514767000000006,3.5887248516082764,0.36275184839172425,adsorbate:ads0,1,adsorbate:ads0,1,0.25,0.0,1,0,0.75
PtSe2,Os,76,6,4,interstitial,interstitial,1,1,-2.160542520000006,-1.2212119102478027,0.9393306097522034,interstitial:int1,1,interstitial:int1,1,0.25,0.0,0,1,0.75
PtSe2,P,15,3,5,adsorbate,adsorbate,1,1,0.7340046699999903,1.5905468463897705,0.8565421763897803,adsorbate:ads1,1,adsorbate:ads1,1,0.2,0.0,1,0,0.8
PtSe2,Rb,37,5,5,adsorbate,adsorbate,1,1,7.521952860000001,6.4658284187316895,1.0561244412683113,adsorbate:int1,1,adsorbate:ads0,0,0.2,0.25409799999999905,1,0,-0.2
PtSe2,Re,75,6,4,interstitial,interstitial,1,1,-1.9653282100000249,-2.0724148750305176,0.10708666503049269,interstitial:int1,1,interstitial:int1,1,0.25,0.0,0,1,0.75
PtSe2,Rh,45,5,5,adsorbate,adsorbate,1,1,6.10041219,3.4830427169799805,2.6173694730200197,adsorbate:int1,1,adsorbate:ads1,0,0.2,0.401006179999996,1,0,-0.2
PtSe2,Ru,44,5,3,interstitial,interstitial,1,1,-0.8013838800000035,-0.6567039489746094,0.14467993102539412,interstitial:int1,1,interstitial:int1,1,0.3333333333333333,0.0,0,1,0.6666666666666667
PtSe2,S,16,3,5,adsorbate,adsorbate,1,1,4.478267310000006,3.5800894498825073,0.8981778601174986,adsorbate:ads0,1,adsorbate:ads1,0,0.2,0.7600371199999927,1,0,-0.2
PtSe2,Sc,21,4,3,adsorbate,adsorbate,1,1,0.25901415999999244,0.5519436597824097,0.2929294997824172,adsorbate:ads2,1,adsorbate:ads2,1,0.3333333333333333,0.0,1,0,0.6666666666666667
PtSe2,Si,14,3,5,adsorbate,interstitial,1,0,0.960367309999981,-0.21472668647766113,1.1750939964776421,adsorbate:ads1,1,interstitial:int0,0,0.2,1.1549851899999908,1,-1,-0.2
PtSe2,Sn,50,5,5,adsorbate,adsorbate,1,1,2.9276395599999887,6.113886117935181,3.186246557935192,adsorbate:ads2,1,adsorbate:ads2,1,0.2,0.0,1,0,0.8
PtSe2,Sr,38,5,5,adsorbate,adsorbate,1,1,3.4883088099999924,4.028707981109619,0.5403991711096268,adsorbate:ads2,1,adsorbate:int1,0,0.2,0.010658289999980697,1,0,-0.2
PtSe2,Ta,73,6,3,interstitial,interstitial,1,1,-2.0968392999999983,-3.218200206756592,1.1213609067565935,interstitial:int1,1,interstitial:int1,1,0.3333333333333333,0.0,0,1,0.6666666666666667
PtSe2,Tc,43,5,4,interstitial,interstitial,1,1,-1.2410521399999945,-1.1821274757385254,0.05892466426146914,interstitial:int1,1,interstitial:int1,1,0.25,0.0,0,1,0.75
PtSe2,Ti,22,4,4,interstitial,interstitial,1,1,-1.0441825199999921,-1.0495502948760986,0.0053677748761065125,interstitial:int1,1,interstitial:int1,1,0.25,0.0,0,1,0.75
PtSe2,V,23,4,5,interstitial,interstitial,1,1,-1.1243085700000108,-0.5985240936279297,0.5257844763720811,interstitial:int1,1,interstitial:int1,1,0.2,0.0,0,1,0.8
PtSe2,W,74,6,5,interstitial,interstitial,1,1,-2.0591006600000137,-1.483170986175537,0.5759296738244766,interstitial:int1,1,interstitial:int1,1,0.2,0.0,0,1,0.8
PtSe2,Xe,54,5,4,adsorbate,adsorbate,1,1,12.499483870000008,10.252100706100464,2.247383163899544,adsorbate:ads2,1,adsorbate:ads1,0,0.25,0.0220633600000042,1,0,-0.25
PtSe2,Y,39,5,5,adsorbate,adsorbate,1,1,0.6908806200000017,1.0162144899368286,0.3253338699368269,adsorbate:int1,1,adsorbate:int1,1,0.2,0.0,1,0,0.8
PtSe2,Zn,30,4,4,adsorbate,adsorbate,1,1,2.4031055700000072,3.1589876413345337,0.7558820713345265,adsorbate:ads2,1,adsorbate:ads1,0,0.25,0.006510230000003503,1,0,-0.25
PtSe2,Zr,40,5,5,interstitial,interstitial,1,1,-1.482523979999996,-1.4985003471374512,0.015976367137455094,interstitial:int1,1,interstitial:int1,1,0.2,0.0,0,1,0.8
Re4S8,Al,13,3,5,adsorbate,adsorbate,1,1,0.8507052399999679,1.4678113460540771,0.6171061060541092,adsorbate:ads2,1,adsorbate:ads2,1,0.2,0.0,1,0,0.8
Re4S8,As,33,4,4,adsorbate,adsorbate,1,1,0.8672874200000251,2.569791078567505,1.7025036585674798,adsorbate:ads1,1,adsorbate:ads1,1,0.25,0.0,1,0,0.75
Re4S8,B,5,2,5,interstitial,interstitial,1,1,-2.4013740400000083,-1.656367301940918,0.7450067380590903,interstitial:int0,1,interstitial:int2,0,0.2,1.170039709999969,0,1,-0.2
Re4S8,Be,4,2,6,interstitial,interstitial,1,1,-1.9165588199999775,-1.7180184125900269,0.1985404074099506,interstitial:int2,1,interstitial:int2,1,0.16666666666666666,0.0,0,1,0.8333333333333334
Re4S8,C,6,2,4,interstitial,interstitial,1,1,-1.5343265900000347,-0.5300459861755371,1.0042806038244976,interstitial:int0,1,interstitial:int0,1,0.25,0.0,0,1,0.75
Re4S8,Co,27,4,5,interstitial,interstitial,1,1,-0.4393855200000307,-0.8992524147033691,0.4598668947033384,interstitial:int2,1,interstitial:int2,1,0.2,0.0,0,1,0.8
Re4S8,Cr,24,4,5,interstitial,interstitial,1,1,-0.41928231000002825,-0.0008103847503662109,0.41847192524966204,interstitial:int2,1,interstitial:int2,1,0.2,0.0,0,1,0.8
Re4S8,Cu,29,4,5,adsorbate,adsorbate,1,1,0.3859944499999983,0.31230902671813965,0.07368542328185868,adsorbate:ads2,1,adsorbate:ads2,1,0.2,0.0,1,0,0.8
Re4S8,Fe,26,4,4,interstitial,interstitial,1,1,-1.0886382200000067,-0.5643582344055176,0.5242799855944891,interstitial:int2,1,interstitial:int2,1,0.25,0.0,0,1,0.75
Re4S8,Ga,31,4,5,adsorbate,adsorbate,1,1,2.208480860000009,2.7524906396865845,0.5440097796865753,adsorbate:ads2,1,adsorbate:ads2,1,0.2,0.0,1,0,0.8
Re4S8,Ge,32,4,5,adsorbate,adsorbate,1,1,1.4574731499999984,1.246530294418335,0.21094285558166348,adsorbate:ads1,1,adsorbate:ads2,0,0.2,0.008169790000010835,1,0,-0.2
Re4S8,H,1,1,6,adsorbate,adsorbate,1,1,0.2281233900000077,0.27922487258911133,0.05110148258910363,adsorbate:ads1,1,adsorbate:ads0,0,0.16666666666666666,0.8285159800000204,1,0,-0.16666666666666666
Re4S8,Ir,77,6,4,interstitial,interstitial,1,1,-0.7651873799999862,-0.23211097717285156,0.5330764028271346,interstitial:int2,1,interstitial:int2,1,0.25,0.0,0,1,0.75
Re4S8,Li,3,2,4,adsorbate,adsorbate,1,1,0.0141600599999947,1.5535699129104614,1.5394098529104667,adsorbate:ads2,1,adsorbate:ads2,1,0.25,0.0,1,0,0.75
Re4S8,Mg,12,3,5,adsorbate,adsorbate,1,1,1.310702630000037,1.0676113367080688,0.2430912932919682,adsorbate:ads2,1,adsorbate:ads2,1,0.2,0.0,1,0,0.8
Re4S8,Mn,25,4,4,interstitial,interstitial,1,1,-0.733782100000042,-0.35192108154296875,0.3818610184570732,interstitial:int2,1,interstitial:int2,1,0.25,0.0,0,1,0.75
Re4S8,N,7,2,4,adsorbate,interstitial,1,0,0.26133597000000464,-0.8157224655151367,1.0770584355151414,adsorbate:ads1,1,interstitial:int0,0,0.25,0.26133597000000464,1,-1,-0.25
Re4S8,Ni,28,4,4,interstitial,interstitial,1,1,-0.7239836399999717,-0.3573777675628662,0.3666058724371055,interstitial:int2,1,interstitial:int2,1,0.25,0.0,0,1,0.75
Re4S8,O,8,2,4,adsorbate,adsorbate,1,1,3.5323731600000197,1.6053738594055176,1.926999300594502,adsorbate:ads1,1,adsorbate:int0,0,0.25,1.3783386200000223,1,0,-0.25
Re4S8,Os,76,6,4,interstitial,interstitial,1,1,-0.724623969999981,-1.8486347198486328,1.1240107498486518,interstitial:int2,1,interstitial:int2,1,0.25,0.0,0,1,0.75
Re4S8,P,15,3,4,adsorbate,adsorbate,1,1,1.867487820000008,1.9047415256500244,0.0372537056500164,adsorbate:ads1,1,adsorbate:ads1,1,0.25,0.0,1,0,0.75
Re4S8,Rh,45,5,4,adsorbate,adsorbate,1,1,0.09701905999997962,0.8764467239379883,0.7794276639380087,adsorbate:ads2,1,adsorbate:ads2,1,0.25,0.0,1,0,0.75
Re4S8,Ru,44,5,4,interstitial,interstitial,1,1,-1.9134984199999971,-1.0553512573242188,0.8581471626757784,interstitial:int2,1,interstitial:int2,1,0.25,0.0,0,1,0.75
Re4S8,Sc,21,4,4,interstitial,interstitial,1,1,-1.6514335400000275,-1.0929031372070312,0.5585304027929963,interstitial:int2,1,interstitial:int2,1,0.25,0.0,0,1,0.75
Re4S8,Se,34,4,4,adsorbate,adsorbate,1,1,3.587623699999994,3.338112711906433,0.2495109880935611,adsorbate:ads1,1,adsorbate:ads1,1,0.25,0.0,1,0,0.75
Re4S8,Si,14,3,4,adsorbate,adsorbate,1,1,0.7159295600000064,0.5551788806915283,0.16075067930847808,adsorbate:ads2,1,adsorbate:ads2,1,0.25,0.0,1,0,0.75
Re4S8,Tc,43,5,4,interstitial,interstitial,1,1,-1.2551857599999598,-1.5261645317077637,0.2709787717078038,interstitial:int2,1,interstitial:int2,1,0.25,0.0,0,1,0.75
Re4S8,Ti,22,4,4,interstitial,interstitial,1,1,-1.5173142999999527,-1.2403819561004639,0.27693234389948884,interstitial:int2,1,interstitial:int2,1,0.25,0.0,0,1,0.75
Re4S8,V,23,4,4,interstitial,interstitial,1,1,-1.8444136699999945,-1.7153637409210205,0.12904992907897395,interstitial:int2,1,interstitial:int2,1,0.25,0.0,0,1,0.75
Re4S8,Y,39,5,4,adsorbate,interstitial,1,0,0.35646707999995897,-0.5794968605041504,0.9359639405041094,adsorbate:ads2,1,interstitial:int2,0,0.25,0.35646707999995897,1,-1,-0.25
Re4S8,Zn,30,4,4,adsorbate,adsorbate,1,1,1.8435187499999868,2.0556057691574097,0.2120870191574229,adsorbate:ads2,1,adsorbate:ads0,0,0.25,0.037377829999968526,1,0,-0.25
Re4S8,Zr,40,5,3,interstitial,interstitial,1,1,-2.2086219000000256,-2.5973479747772217,0.3887260747771961,interstitial:int2,1,interstitial:int2,1,0.3333333333333333,0.0,0,1,0.6666666666666667
Re4Se8,Al,13,3,5,adsorbate,adsorbate,1,1,0.5847783400000146,1.2043602466583252,0.6195819066583106,adsorbate:ads2,1,adsorbate:ads2,1,0.2,0.0,1,0,0.8
Re4Se8,B,5,2,6,interstitial,interstitial,1,1,-2.615723380000021,-1.8903155326843262,0.7254078473156946,interstitial:int1,1,interstitial:int1,1,0.16666666666666666,0.0,0,1,0.8333333333333334
Re4Se8,Be,4,2,6,interstitial,interstitial,1,1,-1.3457150400000155,-0.5816433429718018,0.7640716970282138,interstitial:int1,1,interstitial:int0,0,0.16666666666666666,0.39482651999998075,0,1,-0.16666666666666666
Re4Se8,Bi,83,6,4,adsorbate,adsorbate,1,1,10.791974459999947,8.966707468032837,1.8252669919671103,adsorbate:ads2,1,adsorbate:ads2,1,0.25,0.0,1,0,0.75
Re4Se8,C,6,2,5,interstitial,interstitial,1,1,-1.6177262300000166,-1.9395623207092285,0.32183609070921193,interstitial:int0,1,interstitial:int0,1,0.2,0.0,0,1,0.8
Re4Se8,Ca,20,4,5,adsorbate,adsorbate,1,1,6.049745490000021,5.251511216163635,0.7982342738363855,adsorbate:ads2,1,adsorbate:ads2,1,0.2,0.0,1,0,0.8
Re4Se8,Cl,17,3,6,adsorbate,adsorbate,1,1,3.2229441599999973,3.1306827068328857,0.09226145316711154,adsorbate:ads1,1,adsorbate:ads1,1,0.16666666666666666,0.0,1,0,0.8333333333333334
Re4Se8,Co,27,4,6,interstitial,interstitial,1,1,-0.6301081799999797,-0.29091453552246094,0.33919364447751876,interstitial:int2,1,interstitial:int2,1,0.16666666666666666,0.0,0,1,0.8333333333333334
Re4Se8,Cr,24,4,5,interstitial,adsorbate,1,0,-0.04246618000002034,0.5043039321899414,0.5467701121899617,interstitial:int0,1,adsorbate:ads2,0,0.2,0.04246618000002034,0,0,-0.2
Re4Se8,F,9,2,5,adsorbate,adsorbate,1,1,2.1041117099999838,1.4760971069335938,0.62801460306639,adsorbate:ads1,1,adsorbate:ads1,1,0.2,0.0,1,0,0.8
Re4Se8,Fe,26,4,4,interstitial,adsorbate,1,0,-0.10095289000003094,0.06371116638183594,0.16466405638186687,interstitial:int2,1,adsorbate:ads2,0,0.25,0.10095289000003094,0,0,-0.25
Re4Se8,H,1,1,6,adsorbate,adsorbate,1,1,0.07493782000000238,0.1773439645767212,0.10240614457671882,adsorbate:ads1,1,adsorbate:ads1,1,0.16666666666666666,0.0,1,0,0.8333333333333334
Re4Se8,Hf,72,6,4,interstitial,interstitial,1,1,-1.463860779999949,-1.0417184829711914,0.4221422970287576,interstitial:int2,1,interstitial:int2,1,0.25,0.0,0,1,0.75
Re4Se8,Hg,80,6,4,adsorbate,adsorbate,1,1,11.70758626000003,9.680196285247803,2.027389974752227,adsorbate:ads2,1,adsorbate:ads2,1,0.25,0.0,1,0,0.75
Re4Se8,I,53,5,4,adsorbate,adsorbate,1,1,7.683948339999971,10.269227981567383,2.5852796415674115,adsorbate:ads1,1,adsorbate:ads1,1,0.25,0.0,1,0,0.75
Re4Se8,Li,3,2,5,adsorbate,adsorbate,1,1,3.178190900000004,2.6094112396240234,0.5687796603759807,adsorbate:ads2,1,adsorbate:int2,0,0.2,0.0354457500000081,1,0,-0.2
Re4Se8,Lu,71,6,5,adsorbate,interstitial,1,0,0.12250695000000178,-0.31459856033325195,0.43710551033325373,adsorbate:ads2,1,interstitial:int2,0,0.2,0.12250695000000178,1,-1,-0.2
Re4Se8,Mg,12,3,4,adsorbate,adsorbate,1,1,1.7545878199999831,1.5777508020401,0.17683701795988305,adsorbate:ads2,1,adsorbate:ads2,1,0.25,0.0,1,0,0.75
Re4Se8,Mn,25,4,5,interstitial,interstitial,1,1,-0.27302381999999126,-0.11827516555786133,0.15474865444212993,interstitial:int0,1,interstitial:int0,1,0.2,0.0,0,1,0.8
Re4Se8,Mo,42,5,4,adsorbate,interstitial,1,0,0.03514823000000611,-1.4053735733032227,1.4405218033032288,adsorbate:ads2,1,interstitial:int2,0,0.25,0.03514823000000611,1,-1,-0.25
Re4Se8,N,7,2,5,interstitial,interstitial,1,1,-0.5681303499999903,-0.1597597599029541,0.40837059009703625,interstitial:int0,1,interstitial:int0,1,0.2,0.0,0,1,0.8
Re4Se8,Nb,41,5,4,interstitial,interstitial,1,1,-0.1349666499999671,-0.972930908203125,0.8379642582031579,interstitial:int2,1,interstitial:int2,1,0.25,0.0,0,1,0.75
Re4Se8,Ni,28,4,5,interstitial,interstitial,1,1,-0.7732752200000164,-1.1480780839920044,0.37480286399198803,interstitial:int0,1,interstitial:int2,0,0.2,0.17433166000000755,0,1,-0.2
Re4Se8,O,8,2,5,adsorbate,adsorbate,1,1,0.9789761399999861,0.5772322416305542,0.4017438983694319,adsorbate:ads1,1,adsorbate:ads1,1,0.2,0.0,1,0,0.8
Re4Se8,Os,76,6,5,interstitial,adsorbate,1,0,-1.0495501499999609,0.12975263595581055,1.1793027859557714,interstitial:int2,1,adsorbate:ads2,0,0.2,1.0495501499999609,0,0,-0.2
Re4Se8,P,15,3,4,adsorbate,adsorbate,1,1,1.3467441499999486,0.9890258312225342,0.35771831877741445,adsorbate:ads1,1,adsorbate:ads1,1,0.25,0.0,1,0,0.75
Re4Se8,Pb,82,6,4,adsorbate,adsorbate,1,1,11.60594992,7.946853995323181,3.6590959246768193,adsorbate:ads1,1,adsorbate:ads2,0,0.25,0.021502679999969576,1,0,-0.25
Re4Se8,Pd,46,5,4,adsorbate,adsorbate,1,1,1.8295922699999776,1.3511139154434204,0.4784783545565572,adsorbate:ads2,1,adsorbate:ads2,1,0.25,0.0,1,0,0.75
Re4Se8,Rh,45,5,4,adsorbate,adsorbate,1,1,1.016428759999997,1.0904881954193115,0.07405943541931448,adsorbate:ads2,1,adsorbate:ads2,1,0.25,0.0,1,0,0.75
Re4Se8,Ru,44,5,4,interstitial,adsorbate,1,0,-0.848058409999966,0.32999420166015625,1.1780526116601222,interstitial:int2,1,adsorbate:ads2,0,0.25,0.848058409999966,0,0,-0.25
Re4Se8,S,16,3,4,adsorbate,adsorbate,1,1,3.5788837999999714,3.2265454530715942,0.3523383469283772,adsorbate:ads1,1,adsorbate:ads1,1,0.25,0.0,1,0,0.75
Re4Se8,Sc,21,4,5,adsorbate,adsorbate,1,1,0.010874639999997271,0.23934054374694824,0.22846590374695097,adsorbate:ads2,1,adsorbate:ads2,1,0.2,0.0,1,0,0.8
Re4Se8,Si,14,3,5,interstitial,adsorbate,1,0,-0.15465504000002284,0.15623092651367188,0.3108859665136947,interstitial:int0,1,adsorbate:ads1,0,0.2,0.15465504000002284,0,0,-0.2
Re4Se8,Tc,43,5,4,interstitial,interstitial,1,1,-1.4881113600000049,-0.7099103927612305,0.7782009672387744,interstitial:int2,1,interstitial:int2,1,0.25,0.0,0,1,0.75
Re4Se8,Ti,22,4,6,interstitial,interstitial,1,1,-1.773553370000002,-0.5277976989746094,1.2457556710253925,interstitial:int0,1,interstitial:int0,1,0.16666666666666666,0.0,0,1,0.8333333333333334
Re4Se8,V,23,4,5,interstitial,interstitial,1,1,-1.1050148299999583,-0.5274159908294678,0.5775988391704905,interstitial:int0,1,interstitial:int0,1,0.2,0.0,0,1,0.8
Re4Se8,Y,39,5,4,adsorbate,adsorbate,1,1,0.7879541700000345,0.9908442497253418,0.20289007972530726,adsorbate:ads2,1,adsorbate:ads2,1,0.25,0.0,1,0,0.75
Re4Se8,Zn,30,4,4,adsorbate,adsorbate,1,1,2.2043169700000362,2.1479631662368774,0.056353803763158794,adsorbate:ads2,1,adsorbate:ads0,0,0.25,0.030038410000031712,1,0,-0.25
Re4Se8,Zr,40,5,4,interstitial,interstitial,1,1,-1.2752916000000027,-0.8695480823516846,0.4057435176483182,interstitial:int2,1,interstitial:int2,1,0.25,0.0,0,1,0.75
Si2,Ag,47,5,4,adsorbate,adsorbate,1,1,2.321665209999993,2.4755446910858154,0.1538794810858226,adsorbate:ads2,1,adsorbate:ads1,0,0.25,0.21540577999999755,1,0,-0.25
Si2,Al,13,3,4,adsorbate,adsorbate,1,1,2.4079180499999917,1.6749292612075806,0.7329887887924111,adsorbate:ads2,1,adsorbate:ads2,1,0.25,0.0,1,0,0.75
Si2,As,33,4,4,adsorbate,adsorbate,1,1,4.282674959999994,4.328841686248779,0.04616672624878504,adsorbate:ads2,1,adsorbate:ads1,0,0.25,0.13269434000000047,1,0,-0.25
Si2,Au,79,6,4,adsorbate,adsorbate,1,1,2.344685389999994,3.281548023223877,0.9368626332238827,adsorbate:ads0,1,adsorbate:ads2,0,0.25,0.05155935000000522,1,0,-0.25
Si2,B,5,2,5,adsorbate,adsorbate,1,1,1.242689089999999,0.49377191066741943,0.7489171793325795,adsorbate:ads1,1,adsorbate:ads1,1,0.2,0.0,1,0,0.8
Si2,Ba,56,6,4,adsorbate,adsorbate,1,1,8.435381019999994,7.809126615524292,0.6262544044757021,adsorbate:ads2,1,adsorbate:ads2,1,0.25,0.0,1,0,0.75
Si2,Be,4,2,4,adsorbate,adsorbate,1,1,0.937813019999993,0.21033143997192383,0.7274815800280692,adsorbate:ads1,1,adsorbate:ads1,1,0.25,0.0,1,0,0.75
Si2,C,6,2,4,adsorbate,adsorbate,1,1,3.0518059700000038,1.5705063343048096,1.4812996356951942,adsorbate:ads1,1,adsorbate:ads1,1,0.25,0.0,1,0,0.75
Si2,Ca,20,4,4,adsorbate,adsorbate,1,1,3.7956594000000057,4.345280885696411,0.5496214856964055,adsorbate:ads2,1,adsorbate:ads2,1,0.25,0.0,1,0,0.75
Si2,Cd,48,5,4,adsorbate,adsorbate,1,1,4.072582740000001,4.18895411491394,0.11637137491393901,adsorbate:ads1,1,adsorbate:ads1,1,0.25,0.0,1,0,0.75
Si2,Cl,17,3,4,adsorbate,adsorbate,1,1,5.76005201999999,4.71488881111145,1.0451632088885399,adsorbate:ads0,1,adsorbate:ads1,0,0.25,0.9695147399999939,1,0,-0.25
Si2,Co,27,4,4,interstitial,interstitial,1,1,-0.6461210299999891,-0.041535377502441406,0.6045856524975477,interstitial:int1,1,interstitial:int1,1,0.25,0.0,0,1,0.75
Si2,Cr,24,4,4,interstitial,adsorbate,1,0,-0.20605302999999253,0.22487401962280273,0.43092704962279527,interstitial:int1,1,adsorbate:ads2,0,0.25,0.20605302999999253,0,0,-0.25
Si2,Cs,55,6,4,adsorbate,adsorbate,1,1,11.101582909999989,10.425695419311523,0.6758874906884653,adsorbate:ads2,1,adsorbate:ads2,1,0.25,0.0,1,0,0.75
Si2,Cu,29,4,4,adsorbate,adsorbate,1,1,1.2650728499999957,0.6503771543502808,0.6146956956497149,adsorbate:ads2,1,adsorbate:ads2,1,0.25,0.0,1,0,0.75
Si2,F,9,2,5,adsorbate,adsorbate,1,1,2.9676865999999933,1.540116786956787,1.4275698130432062,adsorbate:ads0,1,adsorbate:ads1,0,0.2,1.2255165699999964,1,0,-0.2
Si2,Fe,26,4,4,interstitial,interstitial,1,1,-0.2658966300000003,-0.5925936698913574,0.3266970398913571,interstitial:int1,1,interstitial:int1,1,0.25,0.0,0,1,0.75
Si2,Ga,31,4,2,adsorbate,adsorbate,1,1,2.237334439999998,2.7001545429229736,0.4628201029229757,adsorbate:ads0,1,adsorbate:ads0,1,0.5,0.0,1,0,0.5
Si2,Ge,32,4,4,adsorbate,adsorbate,1,1,3.30125661000001,3.032301902770996,0.26895470722901393,adsorbate:ads2,1,adsorbate:ads1,0,0.25,0.2950404999999988,1,0,-0.25
Si2,H,1,1,5,adsorbate,adsorbate,1,1,0.8210524400000025,0.3383448123931885,0.48270762760681407,adsorbate:ads0,1,adsorbate:ads1,0,0.2,1.1522349700000092,1,0,-0.2
Si2,Hf,72,6,3,adsorbate,adsorbate,1,1,0.5674533100000048,1.1577441692352295,0.5902908592352247,adsorbate:ads2,1,adsorbate:ads2,1,0.3333333333333333,0.0,1,0,0.6666666666666667
Si2,Hg,80,6,4,adsorbate,adsorbate,1,1,5.110300879999997,4.728282451629639,0.38201842837035827,adsorbate:ads0,1,adsorbate:ads1,0,0.25,0.033660140000009095,1,0,-0.25
Si2,I,53,5,4,adsorbate,adsorbate,1,1,7.554261300000007,7.200766563415527,0.35349473658448005,adsorbate:ads0,1,adsorbate:ads0,1,0.25,0.0,1,0,0.75
Si2,Ir,77,6,3,adsorbate,adsorbate,1,1,0.2828827999999959,0.6724826097488403,0.38959980974884445,adsorbate:ads2,1,adsorbate:ads2,1,0.3333333333333333,0.0,1,0,0.6666666666666667
Si2,K,19,4,4,adsorbate,adsorbate,1,1,6.952455169999993,7.059710264205933,0.10725509420593937,adsorbate:ads2,1,adsorbate:ads1,0,0.25,0.06615938000000199,1,0,-0.25
Si2,Li,3,2,4,adsorbate,adsorbate,1,1,1.1249022699999927,2.177441954612732,1.0525396846127393,adsorbate:ads2,1,adsorbate:ads2,1,0.25,0.0,1,0,0.75
Si2,Lu,71,6,4,adsorbate,adsorbate,1,1,2.000414890000002,1.9382264614105225,0.06218842858947937,adsorbate:ads2,1,adsorbate:ads2,1,0.25,0.0,1,0,0.75
Si2,Mg,12,3,4,adsorbate,adsorbate,1,1,2.2161694100000062,2.387247323989868,0.17107791398986194,adsorbate:ads1,1,adsorbate:ads2,0,0.25,0.09187428000001319,1,0,-0.25
Si2,Mn,25,4,4,interstitial,adsorbate,1,0,-0.42469373999999505,0.0620729923248291,0.48676673232482415,interstitial:int1,1,adsorbate:ads2,0,0.25,0.42469373999999505,0,0,-0.25
Si2,Mo,42,5,4,interstitial,interstitial,1,1,-0.3624114499999962,-0.4292590618133545,0.0668476118133583,interstitial:int1,1,interstitial:int1,1,0.25,0.0,0,1,0.75
Si2,N,7,2,5,adsorbate,adsorbate,1,1,4.2307414999999935,1.700488805770874,2.5302526942291195,adsorbate:ads1,1,adsorbate:ads1,1,0.2,0.0,1,0,0.8
Si2,Na,11,3,4,adsorbate,adsorbate,1,1,3.574033549999996,3.581319570541382,0.007286020541386051,adsorbate:ads2,1,adsorbate:ads2,1,0.25,0.0,1,0,0.75
Si2,Nb,41,5,3,adsorbate,interstitial,1,0,0.0070408400000019356,-0.1924433708190918,0.19948421081909373,adsorbate:ads2,1,interstitial:int1,0,0.3333333333333333,0.0070408400000019356,1,-1,-0.3333333333333333
Si2,Ni,28,4,3,adsorbate,adsorbate,1,1,0.7328992999999997,0.07341897487640381,0.6594803251235959,adsorbate:ads2,1,adsorbate:ads2,1,0.3333333333333333,0.0,1,0,0.6666666666666667
Si2,O,8,2,5,adsorbate,adsorbate,1,1,3.051909600000002,3.354990243911743,0.3030806439117413,adsorbate:ads1,1,adsorbate:ads1,1,0.2,0.0,1,0,0.8
Si2,Os,76,6,4,adsorbate,adsorbate,1,1,0.370899449999996,0.09424889087677002,0.276650559123226,adsorbate:ads2,1,adsorbate:ads2,1,0.25,0.0,1,0,0.75
Si2,P,15,3,4,adsorbate,adsorbate,1,1,3.180967609999996,3.0239670276641846,0.1570005823358116,adsorbate:ads1,1,adsorbate:ads1,1,0.25,0.0,1,0,0.75
Si2,Pd,46,5,3,adsorbate,adsorbate,1,1,1.3117410899999982,0.48318707942962646,0.8285540105703717,adsorbate:ads2,1,adsorbate:ads2,1,0.3333333333333333,0.0,1,0,0.6666666666666667
Si2,Pt,78,6,4,adsorbate,adsorbate,1,1,1.5391122900000056,0.42669427394866943,1.1124180160513362,adsorbate:ads2,1,adsorbate:ads1,0,0.25,1.0154314500000083,1,0,-0.25
Si2,Rb,37,5,4,adsorbate,adsorbate,1,1,8.968438890000002,9.169409275054932,0.20097038505493003,adsorbate:ads2,1,adsorbate:ads2,1,0.25,0.0,1,0,0.75
Si2,Re,75,6,4,interstitial,interstitial,1,1,-0.1672194399999969,-0.3677537441253662,0.20053430412536932,interstitial:int1,1,interstitial:int1,1,0.25,0.0,0,1,0.75
Si2,Ru,44,5,3,adsorbate,adsorbate,1,1,0.22152288000000908,0.44525599479675293,0.22373311479674385,adsorbate:ads2,1,adsorbate:ads2,1,0.3333333333333333,0.0,1,0,0.6666666666666667
Si2,S,16,3,4,adsorbate,adsorbate,1,1,4.965920859999997,3.457670211791992,1.508250648208005,adsorbate:ads2,1,adsorbate:ads1,0,0.25,0.06347531999999445,1,0,-0.25
Si2,Sb,51,5,4,adsorbate,adsorbate,1,1,5.687683359999994,5.736123085021973,0.048439725021978575,adsorbate:ads2,1,adsorbate:ads1,0,0.25,0.24139585000000346,1,0,-0.25
Si2,Sc,21,4,4,adsorbate,adsorbate,1,1,1.0583331699999974,1.7631968259811401,0.7048636559811428,adsorbate:ads2,1,adsorbate:ads2,1,0.25,0.0,1,0,0.75
Si2,Se,34,4,4,adsorbate,adsorbate,1,1,4.898063820000004,5.018392086029053,0.12032826602904834,adsorbate:ads1,1,adsorbate:ads2,0,0.25,0.05124295000000245,1,0,-0.25
Si2,Sn,50,5,3,adsorbate,adsorbate,1,1,5.360363880000008,4.888782262802124,0.4715816171978844,adsorbate:ads1,1,adsorbate:ads1,1,0.3333333333333333,0.0,1,0,0.6666666666666667
Si2,Sr,38,5,4,adsorbate,adsorbate,1,1,5.871568809999999,6.45015287399292,0.5785840639929205,adsorbate:ads2,1,adsorbate:ads2,1,0.25,0.0,1,0,0.75
Si2,Ta,73,6,4,interstitial,interstitial,1,1,-0.3379415999999933,-0.7288144826889038,0.3908728826889105,interstitial:int1,1,interstitial:int1,1,0.25,0.0,0,1,0.75
Si2,Tc,43,5,3,interstitial,interstitial,1,1,-1.5532175799999945,-1.403557300567627,0.1496602794323676,interstitial:int1,1,interstitial:int1,1,0.3333333333333333,0.0,0,1,0.6666666666666667
Si2,Te,52,5,4,adsorbate,adsorbate,1,1,6.448365670000001,6.209990739822388,0.23837493017761346,adsorbate:ads1,1,adsorbate:ads0,0,0.25,0.76146245999999,1,0,-0.25
Si2,Ti,22,4,4,adsorbate,adsorbate,1,1,0.48061352000000557,0.15098857879638672,0.32962494120361885,adsorbate:ads2,1,adsorbate:ads2,1,0.25,0.0,1,0,0.75
Si2,Tl,81,6,3,adsorbate,adsorbate,1,1,6.313534630000006,6.073376893997192,0.24015773600281332,adsorbate:ads2,1,adsorbate:ads2,1,0.3333333333333333,0.0,1,0,0.6666666666666667
Si2,V,23,4,4,adsorbate,interstitial,1,0,0.11400263000000166,-0.04519975185394287,0.15920238185394453,adsorbate:ads2,1,interstitial:int1,0,0.25,0.11400263000000166,1,-1,-0.25
Si2,Xe,54,5,4,adsorbate,adsorbate,1,1,10.5497558,8.52448058128357,2.0252752187164305,adsorbate:ads2,1,adsorbate:ads0,0,0.25,0.06930402000000399,1,0,-0.25
Si2,Y,39,5,3,adsorbate,adsorbate,1,1,2.740604420000011,2.4821560382843018,0.2584483817157093,adsorbate:ads2,1,adsorbate:ads2,1,0.3333333333333333,0.0,1,0,0.6666666666666667
Si2,Zn,30,4,4,adsorbate,adsorbate,1,1,2.395661920000009,2.0106284618377686,0.38503345816224055,adsorbate:ads1,1,adsorbate:ads0,0,0.25,0.3590825699999982,1,0,-0.25
Si2,Zr,40,5,4,adsorbate,adsorbate,1,1,0.9646535800000038,0.46063852310180664,0.5040150568981971,adsorbate:ads2,1,adsorbate:ads2,1,0.25,0.0,1,0,0.75
Sn2,Ag,47,5,3,adsorbate,interstitial,1,0,0.3351798300000013,-0.027089357376098633,0.3622691873760999,adsorbate:ads2,1,interstitial:int1,0,0.3333333333333333,0.3351798300000013,1,-1,-0.3333333333333333
Sn2,Al,13,3,3,interstitial,interstitial,1,1,-0.7974197699999974,-1.3057148456573486,0.5082950756573512,interstitial:ads2,1,interstitial:ads2,1,0.3333333333333333,0.0,0,1,0.6666666666666667
Sn2,As,33,4,4,adsorbate,adsorbate,1,1,0.9140415600000011,0.49323487281799316,0.420806687182008,adsorbate:ads2,1,adsorbate:ads1,0,0.25,0.5178987700000022,1,0,-0.25
Sn2,Au,79,6,4,interstitial,adsorbate,1,0,-0.6633843700000028,0.2916707992553711,0.9550551692553739,interstitial:int1,1,adsorbate:ads2,0,0.25,0.8157886799999972,0,0,-0.25
Sn2,B,5,2,5,interstitial,interstitial,1,1,-2.435561159999999,-1.5868744850158691,0.8486866749841298,interstitial:ads1,1,interstitial:ads1,1,0.2,0.0,0,1,0.8
Sn2,Be,4,2,5,interstitial,interstitial,1,1,-0.0735140600000006,-0.3522965908050537,0.2787825308050531,interstitial:int0,1,interstitial:ads2,0,0.2,0.1662718099999978,0,1,-0.2
Sn2,Bi,83,6,3,adsorbate,adsorbate,1,1,0.9674458499999972,0.8788552284240723,0.0885906215759249,adsorbate:ads2,1,adsorbate:ads2,1,0.3333333333333333,0.0,1,0,0.6666666666666667
Sn2,Br,35,4,3,adsorbate,adsorbate,1,1,1.7271003500000006,1.6399013996124268,0.08719895038757386,adsorbate:ads0,1,adsorbate:ads0,1,0.3333333333333333,0.0,1,0,0.6666666666666667
Sn2,C,6,2,4,interstitial,interstitial,1,1,-3.2114986700000037,-1.3080596923828125,1.9034389776171912,interstitial:ads1,1,interstitial:ads1,1,0.25,0.0,0,1,0.75
Sn2,Ca,20,4,4,adsorbate,adsorbate,1,1,0.5881026799999987,0.580716609954834,0.007386070045164672,adsorbate:ads2,1,adsorbate:ads2,1,0.25,0.0,1,0,0.75
Sn2,Cd,48,5,4,adsorbate,adsorbate,1,1,1.2899523600000011,0.6509799957275391,0.6389723642724621,adsorbate:ads2,1,adsorbate:ads1,0,0.25,0.27805902000000066,1,0,-0.25
Sn2,Cr,24,4,3,interstitial,interstitial,1,1,-1.673429370000008,-1.1752978563308716,0.49813151366913644,interstitial:ads2,1,interstitial:ads2,1,0.3333333333333333,0.0,0,1,0.6666666666666667
Sn2,Cs,55,6,4,adsorbate,adsorbate,1,1,4.088388109999997,3.376599073410034,0.7117890365899626,adsorbate:ads2,1,adsorbate:ads1,0,0.25,0.12288221999999394,1,0,-0.25
Sn2,F,9,2,4,adsorbate,adsorbate,1,1,2.094346530000003,1.9347548484802246,0.1595916815197782,adsorbate:ads1,1,adsorbate:ads1,1,0.25,0.0,1,0,0.75
Sn2,Ga,31,4,4,adsorbate,adsorbate,1,1,1.6984377299999946,0.7429925203323364,0.9554452096676582,adsorbate:ads1,1,adsorbate:ads1,1,0.25,0.0,1,0,0.75
Sn2,Ge,32,4,4,adsorbate,adsorbate,1,1,0.004984939999999882,0.44992053508758545,0.44493559508758557,adsorbate:ads1,1,adsorbate:ads1,1,0.25,0.0,1,0,0.75
Sn2,H,1,1,2,adsorbate,adsorbate,1,1,1.301055610000006,0.9855144023895264,0.31554120761047955,adsorbate:ads0,1,adsorbate:ads0,1,0.5,0.0,1,0,0.5
Sn2,Hf,72,6,3,interstitial,interstitial,1,1,-2.6982682400000044,-2.263396739959717,0.43487150004028763,interstitial:int1,1,interstitial:int1,1,0.3333333333333333,0.0,0,1,0.6666666666666667
Sn2,Hg,80,6,4,adsorbate,adsorbate,1,1,0.6584165300000038,2.3550524711608887,1.696635941160885,adsorbate:ads2,1,adsorbate:ads0,0,0.25,0.40019190000000293,1,0,-0.25
Sn2,Ir,77,6,2,interstitial,interstitial,1,1,-1.4788894399999892,-2.641211748123169,1.1623223081231797,interstitial:ads2,1,interstitial:ads2,1,0.5,0.0,0,1,0.5
Sn2,Li,3,2,4,adsorbate,adsorbate,1,1,0.020503590000004124,0.8284024000167847,0.8078988100167805,adsorbate:ads2,1,adsorbate:ads1,0,0.25,0.12049329999999964,1,0,-0.25
Sn2,Lu,71,6,3,adsorbate,adsorbate,1,1,0.20105017999999575,0.038407325744628906,0.16264285425536684,adsorbate:ads2,1,adsorbate:ads2,1,0.3333333333333333,0.0,1,0,0.6666666666666667
Sn2,Mg,12,3,4,interstitial,interstitial,1,1,-0.2568812499999993,-0.04522824287414551,0.21165300712585378,interstitial:int1,1,interstitial:int1,1,0.25,0.0,0,1,0.75
Sn2,Mn,25,4,4,interstitial,interstitial,1,1,-1.6572149400000027,-1.9134553670883179,0.2562404270883152,interstitial:ads2,1,interstitial:int1,0,0.25,5.227999999139754e-05,0,1,-0.25
Sn2,Na,11,3,4,adsorbate,adsorbate,1,1,0.858712819999994,1.2644357681274414,0.40572294812744736,adsorbate:ads2,1,adsorbate:ads2,1,0.25,0.0,1,0,0.75
Sn2,Ni,28,4,4,interstitial,interstitial,1,1,-0.4124250799999984,-1.9400554895401,1.5276304095401017,interstitial:int1,1,interstitial:ads2,0,0.25,0.8619059899999968,0,1,-0.25
Sn2,O,8,2,4,interstitial,interstitial,1,1,-2.726848449999999,-0.22934246063232422,2.4975059893676748,interstitial:ads1,1,interstitial:ads1,1,0.25,0.0,0,1,0.75
Sn2,Os,76,6,2,interstitial,interstitial,1,1,-5.821178740000001,-5.964986801147461,0.14380806114746036,interstitial:int1,1,interstitial:int1,1,0.5,0.0,0,1,0.5
Sn2,P,15,3,4,interstitial,interstitial,1,1,-0.11757338000000318,-0.06655049324035645,0.05102288675964674,interstitial:ads2,1,interstitial:ads2,1,0.25,0.0,0,1,0.75
Sn2,Pd,46,5,3,interstitial,interstitial,1,1,-1.1567146699999995,-1.1547777652740479,0.0019369047259516492,interstitial:int1,1,interstitial:int1,1,0.3333333333333333,0.0,0,1,0.6666666666666667
Sn2,Pt,78,6,4,interstitial,interstitial,1,1,-0.8939498000000015,-1.2290444374084473,0.3350946374084458,interstitial:ads2,1,interstitial:ads2,1,0.25,0.0,0,1,0.75
Sn2,Rb,37,5,4,adsorbate,adsorbate,1,1,2.7708938799999956,3.4578075408935547,0.6869136608935591,adsorbate:ads2,1,adsorbate:ads1,0,0.25,0.15089863999999387,1,0,-0.25
Sn2,Re,75,6,3,interstitial,interstitial,1,1,-3.319366979999998,-3.2412312030792236,0.07813577692077445,interstitial:int1,1,interstitial:int1,1,0.3333333333333333,0.0,0,1,0.6666666666666667
Sn2,Rh,45,5,3,interstitial,interstitial,1,1,-4.522448000000004,-3.840313673019409,0.6821343269805951,interstitial:ads2,1,interstitial:int1,0,0.3333333333333333,0.4368034299999977,0,1,-0.3333333333333333
Sn2,S,16,3,4,adsorbate,adsorbate,1,1,0.775921910000001,1.1853549480438232,0.40943303804382225,adsorbate:ads1,1,adsorbate:ads2,0,0.25,0.06488428000000113,1,0,-0.25
Sn2,Sb,51,5,4,adsorbate,adsorbate,1,1,0.8862791900000033,0.5480639934539795,0.33821519654602383,adsorbate:ads2,1,adsorbate:ads2,1,0.25,0.0,1,0,0.75
Sn2,Sc,21,4,4,interstitial,interstitial,1,1,-2.03705111,-1.6466639041900635,0.3903872058099367,interstitial:ads2,1,interstitial:ads2,1,0.25,0.0,0,1,0.75
Sn2,Si,14,3,4,interstitial,interstitial,1,1,-0.23074279000000075,-0.2891298532485962,0.05838706324859544,interstitial:int1,1,interstitial:ads2,0,0.25,0.030164849999998578,0,1,-0.25
Sn2,Tc,43,5,2,interstitial,interstitial,1,1,-5.259350880000007,-5.154365301132202,0.10498557886780446,interstitial:ads2,1,interstitial:ads2,1,0.5,0.0,0,1,0.5
Sn2,Ti,22,4,4,interstitial,interstitial,1,1,-2.435230660000009,-2.651760697364807,0.21653003736479803,interstitial:int1,1,interstitial:ads2,0,0.25,0.02439453000000924,0,1,-0.25
Sn2,Tl,81,6,3,adsorbate,adsorbate,1,1,1.475998439999998,2.2330037355422974,0.7570052955422995,adsorbate:ads1,1,adsorbate:ads1,1,0.3333333333333333,0.0,1,0,0.6666666666666667
Sn2,Xe,54,5,4,adsorbate,adsorbate,1,1,1.6201531500000002,4.3656837940216064,2.7455306440216063,adsorbate:ads1,1,adsorbate:ads0,0,0.25,1.2207578400000045,1,0,-0.25
Sn2,Y,39,5,3,adsorbate,adsorbate,1,1,0.27902661999999645,0.05742835998535156,0.2215982600146449,adsorbate:ads2,1,adsorbate:ads2,1,0.3333333333333333,0.0,1,0,0.6666666666666667
Sn2,Zn,30,4,4,adsorbate,adsorbate,1,1,0.5009220800000023,0.9794406890869141,0.4785186090869118,adsorbate:ads1,1,adsorbate:ads1,1,0.25,0.0,1,0,0.75
Sn2,Zr,40,5,3,interstitial,interstitial,1,1,-2.6168246500000123,-2.6562962532043457,0.039471603204333405,interstitial:int1,1,interstitial:int1,1,0.3333333333333333,0.0,0,1,0.6666666666666667
SnS2,Ag,47,5,4,adsorbate,adsorbate,1,1,4.7135631599999925,3.6841440200805664,1.0294191399194261,adsorbate:ads2,1,adsorbate:ads2,1,0.25,0.0,1,0,0.75
SnS2,Al,13,3,6,interstitial,interstitial,1,1,-3.5770586400000037,-1.9136161804199219,1.6634424595800819,interstitial:int0,1,interstitial:int0,1,0.16666666666666666,0.0,0,1,0.8333333333333334
SnS2,Au,79,6,4,adsorbate,adsorbate,1,1,4.009525570000007,4.084374189376831,0.07484861937682386,adsorbate:ads2,1,adsorbate:ads1,0,0.25,0.19577489000000958,1,0,-0.25
SnS2,B,5,2,4,interstitial,interstitial,1,1,-4.584219959999999,-5.989652156829834,1.4054321968298353,interstitial:int0,1,interstitial:int0,1,0.25,0.0,0,1,0.75
SnS2,Ba,56,6,6,adsorbate,adsorbate,1,1,16.593726990000008,14.80326795578003,1.7904590342199782,adsorbate:int1,1,adsorbate:int1,1,0.16666666666666666,0.0,1,0,0.8333333333333334
SnS2,Be,4,2,3,adsorbate,adsorbate,1,1,1.3045697400000058,2.547499656677246,1.2429299166772403,adsorbate:ads2,1,adsorbate:ads2,1,0.3333333333333333,0.0,1,0,0.6666666666666667
SnS2,Br,35,4,4,adsorbate,adsorbate,1,1,6.855342129999998,6.509687423706055,0.345654706293943,adsorbate:ads0,1,adsorbate:ads2,0,0.25,0.1607774400000039,1,0,-0.25
SnS2,C,6,2,4,adsorbate,adsorbate,1,1,3.40991631,1.6736578941345215,1.7362584158654784,adsorbate:ads2,1,adsorbate:ads2,1,0.25,0.0,1,0,0.75
SnS2,Ca,20,4,5,adsorbate,adsorbate,1,1,3.931867159999996,6.4753711223602295,2.5435039623602336,adsorbate:int1,1,adsorbate:int1,1,0.2,0.0,1,0,0.8
SnS2,Cd,48,5,5,adsorbate,interstitial,1,0,4.250971339999992,-1.0140211582183838,5.264992498218376,adsorbate:ads0,1,interstitial:int0,0,0.2,4.250971339999992,1,-1,-0.2
SnS2,Cl,17,3,3,adsorbate,adsorbate,1,1,4.99406196999999,1.826399326324463,3.167662643675527,adsorbate:ads0,1,adsorbate:ads0,1,0.3333333333333333,0.0,1,0,0.6666666666666667
SnS2,Co,27,4,3,interstitial,interstitial,1,1,-7.65347998,-6.059250235557556,1.594229744442444,interstitial:int1,1,interstitial:int1,1,0.3333333333333333,0.0,0,1,0.6666666666666667
SnS2,Cr,24,4,4,adsorbate,adsorbate,1,1,0.31960571000000465,0.7739731073379517,0.454367397337947,adsorbate:ads2,1,adsorbate:ads2,1,0.25,0.0,1,0,0.75
SnS2,Cs,55,6,5,adsorbate,adsorbate,1,1,11.882739400000006,10.784587860107422,1.0981515398925836,adsorbate:ads2,1,adsorbate:ads1,0,0.2,0.0566777500000053,1,0,-0.2
SnS2,F,9,2,5,adsorbate,adsorbate,1,1,8.818225999999996,5.393136024475098,3.425089975524898,adsorbate:int1,1,adsorbate:int1,1,0.2,0.0,1,0,0.8
SnS2,Ge,32,4,6,adsorbate,adsorbate,1,1,2.790734200000003,2.0699269771575928,0.7208072228424101,adsorbate:ads2,1,adsorbate:ads2,1,0.16666666666666666,0.0,1,0,0.8333333333333334
SnS2,H,1,1,8,interstitial,interstitial,1,1,-6.340243119999997,-2.8962676525115967,3.4439754674884,interstitial:int1,1,interstitial:int1,1,0.125,0.0,0,1,0.875
SnS2,Hf,72,6,5,interstitial,interstitial,1,1,-6.048520390000008,-6.073249340057373,0.024728950057364862,interstitial:int1,1,interstitial:int1,1,0.2,0.0,0,1,0.8
SnS2,Hg,80,6,3,adsorbate,adsorbate,1,1,6.37975428,5.9558916091918945,0.4238626708081057,adsorbate:ads1,1,adsorbate:ads0,0,0.3333333333333333,0.40813712999999996,1,0,-0.3333333333333333
SnS2,I,53,5,5,interstitial,interstitial,1,1,-3.9294859799999955,-2.1548445224761963,1.7746414575237992,interstitial:int1,1,interstitial:int1,1,0.2,0.0,0,1,0.8
SnS2,K,19,4,4,adsorbate,adsorbate,1,1,8.02008604000001,8.828037023544312,0.807950983544302,adsorbate:ads2,1,adsorbate:ads2,1,0.25,0.0,1,0,0.75
SnS2,Li,3,2,6,adsorbate,adsorbate,1,1,2.7472725399999973,3.013429641723633,0.2661571017236355,adsorbate:ads2,1,adsorbate:ads2,1,0.16666666666666666,0.0,1,0,0.8333333333333334
SnS2,Lu,71,6,6,interstitial,interstitial,1,1,-6.171411000000007,-6.1602020263671875,0.011208973632819585,interstitial:int1,1,interstitial:int1,1,0.16666666666666666,0.0,0,1,0.8333333333333334
SnS2,Mg,12,3,4,adsorbate,adsorbate,1,1,2.7004710499999907,2.8931427001953125,0.19267165019532184,adsorbate:ads1,1,adsorbate:ads1,1,0.25,0.0,1,0,0.75
SnS2,Mo,42,5,4,adsorbate,adsorbate,1,1,0.5386374899999993,1.1112384796142578,0.5726009896142585,adsorbate:ads2,1,adsorbate:ads2,1,0.25,0.0,1,0,0.75
SnS2,N,7,2,3,interstitial,interstitial,1,1,-5.229079620000007,-2.804802179336548,2.4242774406634595,interstitial:int1,1,interstitial:int1,1,0.3333333333333333,0.0,0,1,0.6666666666666667
SnS2,Na,11,3,3,adsorbate,adsorbate,1,1,4.612267320000001,3.8550162315368652,0.7572510884631356,adsorbate:ads1,1,adsorbate:ads1,1,0.3333333333333333,0.0,1,0,0.6666666666666667
SnS2,Ni,28,4,4,interstitial,interstitial,1,1,-7.943858910000003,-5.563984394073486,2.3798745159265167,interstitial:int1,1,interstitial:int1,1,0.25,0.0,0,1,0.75
SnS2,O,8,2,5,adsorbate,adsorbate,1,1,0.8437515000000104,0.6923491954803467,0.15140230451966374,adsorbate:int1,1,adsorbate:ads0,0,0.2,0.8765484600000093,1,0,-0.2
SnS2,Pd,46,5,4,adsorbate,adsorbate,1,1,2.415081639999997,2.788231611251831,0.37314997125183424,adsorbate:ads2,1,adsorbate:ads2,1,0.25,0.0,1,0,0.75
SnS2,Pt,78,6,3,interstitial,interstitial,1,1,-8.404953249999991,-5.427432060241699,2.977521189758292,interstitial:int1,1,interstitial:int1,1,0.3333333333333333,0.0,0,1,0.6666666666666667
SnS2,Rb,37,5,5,adsorbate,adsorbate,1,1,9.01825547,8.533883571624756,0.48437189837524386,adsorbate:ads2,1,adsorbate:ads1,0,0.2,0.10553455999999461,1,0,-0.2
SnS2,Re,75,6,6,interstitial,interstitial,1,1,-6.876196080000001,-7.14868426322937,0.2724881832293695,interstitial:int1,1,interstitial:int1,1,0.16666666666666666,0.0,0,1,0.8333333333333334
SnS2,Ru,44,5,5,interstitial,interstitial,1,1,-6.430283090000003,-5.627026557922363,0.8032565320776399,interstitial:int1,1,interstitial:int1,1,0.2,0.0,0,1,0.8
SnS2,Sc,21,4,5,adsorbate,adsorbate,1,1,2.6242760200000106,3.5003474950790405,0.8760714750790299,adsorbate:ads2,1,adsorbate:ads2,1,0.2,0.0,1,0,0.8
SnS2,Se,34,4,4,adsorbate,adsorbate,1,1,5.920183530000004,7.37899923324585,1.458815703245846,adsorbate:ads1,1,adsorbate:ads2,0,0.25,0.6701755100000071,1,0,-0.25
SnS2,Si,14,3,4,interstitial,interstitial,1,1,-5.685455709999999,-3.565523147583008,2.1199325624169916,interstitial:int1,1,interstitial:int1,1,0.25,0.0,0,1,0.75
SnS2,Ta,73,6,5,adsorbate,adsorbate,1,1,1.443528580000006,1.3281986713409424,0.11532990865906356,adsorbate:ads2,1,adsorbate:ads2,1,0.2,0.0,1,0,0.8
SnS2,Tc,43,5,5,adsorbate,adsorbate,1,1,0.5193354299999984,1.2729524374008179,0.7536170074008195,adsorbate:ads2,1,adsorbate:ads2,1,0.2,0.0,1,0,0.8
SnS2,Te,52,5,5,interstitial,interstitial,1,1,-3.0417815400000023,-1.076331377029419,1.9654501629705834,interstitial:int0,1,interstitial:int0,1,0.2,0.0,0,1,0.8
SnS2,Ti,22,4,6,interstitial,interstitial,1,1,-7.038127500000002,-5.5029966831207275,1.535130816879274,interstitial:int1,1,interstitial:int1,1,0.16666666666666666,0.0,0,1,0.8333333333333334
SnS2,Tl,81,6,4,adsorbate,adsorbate,1,1,15.764551600000004,12.66853666305542,3.0960149369445844,adsorbate:ads2,1,adsorbate:ads2,1,0.25,0.0,1,0,0.75
SnS2,V,23,4,4,adsorbate,adsorbate,1,1,1.4433082899999903,1.6008979082107544,0.15758961821076412,adsorbate:ads2,1,adsorbate:ads2,1,0.25,0.0,1,0,0.75
SnS2,W,74,6,5,interstitial,interstitial,1,1,-7.3897551299999975,-6.5079803466796875,0.88177478332031,interstitial:int1,1,interstitial:int1,1,0.2,0.0,0,1,0.8
SnS2,Xe,54,5,6,interstitial,adsorbate,1,0,-0.16278219999999521,6.08559250831604,6.248374708316035,interstitial:int1,1,adsorbate:ads2,0,0.16666666666666666,0.6439247999999935,0,0,-0.16666666666666666
SnS2,Y,39,5,4,adsorbate,adsorbate,1,1,11.019438980000004,10.948199987411499,0.07123899258850486,adsorbate:int1,1,adsorbate:int1,1,0.25,0.0,1,0,0.75
SnS2,Zn,30,4,3,adsorbate,adsorbate,1,1,3.6808719499999962,3.856016159057617,0.17514420905762096,adsorbate:ads2,1,adsorbate:ads2,1,0.3333333333333333,0.0,1,0,0.6666666666666667
SnS2,Zr,40,5,5,interstitial,interstitial,1,1,-7.033747089999991,-5.954482555389404,1.0792645346105871,interstitial:int1,1,interstitial:int1,1,0.2,0.0,0,1,0.8
SnSe2,Au,79,6,4,adsorbate,adsorbate,1,1,1.1243409699999913,2.900302767753601,1.7759617977536097,adsorbate:ads2,1,adsorbate:ads2,1,0.25,0.0,1,0,0.75
SnSe2,B,5,2,5,adsorbate,adsorbate,1,1,0.9781580400000109,1.0439740419387817,0.0658160019387708,adsorbate:ads2,1,adsorbate:ads2,1,0.2,0.0,1,0,0.8
SnSe2,C,6,2,4,adsorbate,adsorbate,1,1,0.36244862999998784,1.0756535530090332,0.7132049230090454,adsorbate:ads2,1,adsorbate:ads2,1,0.25,0.0,1,0,0.75
SnSe2,Cd,48,5,4,adsorbate,adsorbate,1,1,2.6379221899999976,2.0907273292541504,0.5471948607458472,adsorbate:ads2,1,adsorbate:ads0,0,0.25,0.46503834000000666,1,0,-0.25
SnSe2,Cl,17,3,4,adsorbate,adsorbate,1,1,1.974150969999997,2.3476686477661133,0.3735176777661162,adsorbate:ads2,1,adsorbate:ads0,0,0.25,0.2172567200000089,1,0,-0.25
SnSe2,Ge,32,4,4,adsorbate,adsorbate,1,1,3.0710432599999966,0.7612682580947876,2.309775001905209,adsorbate:ads2,1,adsorbate:ads2,1,0.25,0.0,1,0,0.75
SnSe2,H,1,1,5,interstitial,interstitial,1,1,-0.09224739000001148,-0.0355987548828125,0.056648635117198975,interstitial:int1,1,interstitial:int1,1,0.2,0.0,0,1,0.8
SnSe2,Li,3,2,4,adsorbate,adsorbate,1,1,0.49584073999999134,0.6750226020812988,0.17918186208130749,adsorbate:ads2,1,adsorbate:ads2,1,0.25,0.0,1,0,0.75
SnSe2,Lu,71,6,4,adsorbate,adsorbate,1,1,1.6973803799999985,1.253174066543579,0.44420631345641937,adsorbate:ads2,1,adsorbate:ads2,1,0.25,0.0,1,0,0.75
SnSe2,Mn,25,4,5,interstitial,interstitial,1,1,-0.2930536599999982,-0.3359261751174927,0.04287251511749446,interstitial:int2,1,interstitial:int2,1,0.2,0.0,0,1,0.8
SnSe2,N,7,2,4,interstitial,adsorbate,1,0,-0.3901226099999917,0.5377075672149658,0.9278301772149575,interstitial:ads1,1,adsorbate:ads2,0,0.25,0.3901226099999917,0,0,-0.25
SnSe2,Na,11,3,2,adsorbate,adsorbate,1,1,2.5993336000000085,0.6740953922271729,1.9252382077728356,adsorbate:ads0,1,adsorbate:ads0,1,0.5,0.0,1,0,0.5
SnSe2,Ni,28,4,4,interstitial,interstitial,1,1,-1.0139993599999997,-0.1204758882522583,0.8935234717477414,interstitial:int2,1,interstitial:int2,1,0.25,0.0,0,1,0.75
SnSe2,O,8,2,4,interstitial,interstitial,1,1,-0.8475061699999884,-1.374997615814209,0.5274914458142206,interstitial:ads1,1,interstitial:ads1,1,0.25,0.0,0,1,0.75
SnSe2,Pd,46,5,4,interstitial,adsorbate,1,0,-0.4993984299999996,0.02893960475921631,0.5283380347592159,interstitial:int2,1,adsorbate:ads2,0,0.25,0.4993984299999996,0,0,-0.25
SnSe2,Re,75,6,5,interstitial,interstitial,1,1,-2.047046899999998,-0.559624195098877,1.487422704901121,interstitial:int2,1,interstitial:int2,1,0.2,0.0,0,1,0.8
SnSe2,Rh,45,5,4,interstitial,adsorbate,1,0,-1.5244471100000112,0.09035670757293701,1.6148038175729482,interstitial:int2,1,adsorbate:ads2,0,0.25,1.5244471100000112,0,0,-0.25
SnSe2,S,16,3,5,adsorbate,interstitial,1,0,1.0036235100000113,-0.05101943016052246,1.0546429401605337,adsorbate:ads1,1,interstitial:int0,0,0.2,1.0036235100000113,1,-1,-0.2
SnSe2,Sc,21,4,4,adsorbate,adsorbate,1,1,1.3057514899999911,0.985421895980835,0.32032959401915617,adsorbate:ads2,1,adsorbate:ads2,1,0.25,0.0,1,0,0.75
SnSe2,Ta,73,6,4,interstitial,interstitial,1,1,-1.8763359000000008,-0.9524527788162231,0.9238831211837777,interstitial:int2,1,interstitial:int2,1,0.25,0.0,0,1,0.75
SnSe2,Ti,22,4,4,interstitial,interstitial,1,1,-1.0689726999999891,-1.7276554107666016,0.6586827107666124,interstitial:int2,1,interstitial:int2,1,0.25,0.0,0,1,0.75
SnSe2,V,23,4,4,interstitial,interstitial,1,1,-0.9394226199999878,-0.8977690935134888,0.041653526486499004,interstitial:int2,1,interstitial:int2,1,0.25,0.0,0,1,0.75
SnSe2,Xe,54,5,5,adsorbate,adsorbate,1,1,3.605607669999998,7.233599901199341,3.6279922311993427,adsorbate:ads2,1,adsorbate:ads1,0,0.2,0.0007419500000055007,1,0,-0.2
SnSe2,Y,39,5,4,interstitial,interstitial,1,1,-0.008398970000001782,-0.8346123695373535,0.8262133995373517,interstitial:int2,1,interstitial:int2,1,0.25,0.0,0,1,0.75
SnSe2,Zn,30,4,4,adsorbate,adsorbate,1,1,2.227347930000007,1.775052547454834,0.4522953825451732,adsorbate:ads2,1,adsorbate:ads2,1,0.25,0.0,1,0,0.75
TaS2,Ag,47,5,4,adsorbate,adsorbate,1,1,4.426912649999992,2.5474419593811035,1.8794706906188887,adsorbate:ads0,1,adsorbate:ads2,0,0.25,0.14921056999998017,1,0,-0.25
TaS2,As,33,4,5,adsorbate,adsorbate,1,1,3.3218208600000025,2.014841675758362,1.3069791842416407,adsorbate:ads1,1,adsorbate:ads1,1,0.2,0.0,1,0,0.8
TaS2,B,5,2,5,interstitial,interstitial,1,1,-0.7876858300000151,-0.25621604919433594,0.5314697808056792,interstitial:ads2,1,interstitial:int2,0,0.2,0.02065753000002246,0,1,-0.2
TaS2,Be,4,2,5,interstitial,interstitial,1,1,-0.11858112999999548,-0.0176239013671875,0.10095722863280798,interstitial:int2,1,interstitial:int2,1,0.2,0.0,0,1,0.8
TaS2,Br,35,4,5,adsorbate,adsorbate,1,1,5.703069069999998,8.205500483512878,2.5024314135128805,adsorbate:ads0,1,adsorbate:ads0,1,0.2,0.0,1,0,0.8
TaS2,C,6,2,6,interstitial,interstitial,1,1,-1.9807701200000172,-2.6150076389312744,0.6342375189312572,interstitial:ads1,1,interstitial:int0,0,0.16666666666666666,0.684552749999995,0,1,-0.16666666666666666
TaS2,Ca,20,4,4,adsorbate,adsorbate,1,1,7.556381409999999,10.078646183013916,2.5222647730139167,adsorbate:ads2,1,adsorbate:ads2,1,0.25,0.0,1,0,0.75
TaS2,Co,27,4,4,adsorbate,adsorbate,1,1,3.372159350000004,1.8292605876922607,1.5428987623077433,adsorbate:ads2,1,adsorbate:ads2,1,0.25,0.0,1,0,0.75
TaS2,Cr,24,4,4,adsorbate,adsorbate,1,1,4.120234490000001,3.101022243499756,1.0192122465002456,adsorbate:ads2,1,adsorbate:ads2,1,0.25,0.0,1,0,0.75
TaS2,Cs,55,6,4,adsorbate,adsorbate,1,1,11.19328607,7.74103856086731,3.4522475091326896,adsorbate:ads1,1,adsorbate:ads1,1,0.25,0.0,1,0,0.75
TaS2,Cu,29,4,4,adsorbate,adsorbate,1,1,0.267729839999987,1.5517302751541138,1.2840004351541268,adsorbate:int2,1,adsorbate:ads2,0,0.25,0.12241560999999024,1,0,-0.25
TaS2,F,9,2,4,adsorbate,adsorbate,1,1,1.1435558999999955,0.9584455490112305,0.18511035098876505,adsorbate:ads1,1,adsorbate:ads1,1,0.25,0.0,1,0,0.75
TaS2,Fe,26,4,4,adsorbate,adsorbate,1,1,0.5784857999999815,0.8678396940231323,0.2893538940231508,adsorbate:ads2,1,adsorbate:ads2,1,0.25,0.0,1,0,0.75
TaS2,Ga,31,4,2,adsorbate,adsorbate,1,1,3.533837160000019,2.917851686477661,0.615985473522358,adsorbate:ads0,1,adsorbate:ads0,1,0.5,0.0,1,0,0.5
TaS2,H,1,1,5,adsorbate,interstitial,1,0,0.17303179000001032,-0.01410984992980957,0.1871416399298199,adsorbate:ads0,1,interstitial:int1,0,0.2,0.17303179000001032,1,-1,-0.2
TaS2,Li,3,2,4,adsorbate,adsorbate,1,1,3.6492573100000243,4.745783805847168,1.0965264958471437,adsorbate:ads1,1,adsorbate:ads2,0,0.25,0.09146717000001559,1,0,-0.25
TaS2,Mg,12,3,5,adsorbate,adsorbate,1,1,4.566402290000013,4.357136487960815,0.20926580203919798,adsorbate:ads2,1,adsorbate:ads2,1,0.2,0.0,1,0,0.8
TaS2,Mn,25,4,5,interstitial,adsorbate,1,0,-0.22409811999997947,0.5248570442199707,0.7489551642199501,interstitial:int2,1,adsorbate:ads2,0,0.2,0.22409811999997947,0,0,-0.2
TaS2,Mo,42,5,5,adsorbate,adsorbate,1,1,4.1263709199999985,1.3129135370254517,2.813457382974547,adsorbate:int2,1,adsorbate:ads2,0,0.2,0.00010266999998975734,1,0,-0.2
TaS2,N,7,2,5,interstitial,interstitial,1,1,-0.24831523000000288,-0.9148193597793579,0.666504129779355,interstitial:ads2,1,interstitial:int2,0,0.2,0.2354069400000185,0,1,-0.2
TaS2,Ni,28,4,3,interstitial,adsorbate,1,0,-0.8188860600000112,0.03794598579406738,0.8568320457940786,interstitial:int2,1,adsorbate:ads1,0,0.3333333333333333,0.8188860600000112,0,0,-0.3333333333333333
TaS2,O,8,2,5,interstitial,adsorbate,1,0,-0.7041296400000192,0.8330731391906738,1.537202779190693,interstitial:ads2,1,adsorbate:ads1,0,0.2,0.7041296400000192,0,0,-0.2
TaS2,Os,76,6,2,adsorbate,adsorbate,1,1,0.47801481999999895,0.7835350036621094,0.3055201836621104,adsorbate:ads2,1,adsorbate:ads2,1,0.5,0.0,1,0,0.5
TaS2,P,15,3,4,adsorbate,adsorbate,1,1,1.9938287800000012,3.2207698822021484,1.2269411022021472,adsorbate:ads1,1,adsorbate:ads1,1,0.25,0.0,1,0,0.75
TaS2,Pd,46,5,4,adsorbate,adsorbate,1,1,2.2960852399999974,3.735243558883667,1.4391583188836696,adsorbate:ads1,1,adsorbate:ads1,1,0.25,0.0,1,0,0.75
TaS2,Re,75,6,3,interstitial,interstitial,1,1,-2.0506018199999962,-2.21461820602417,0.16401638602417368,interstitial:int2,1,interstitial:int2,1,0.3333333333333333,0.0,0,1,0.6666666666666667
TaS2,Rh,45,5,3,interstitial,interstitial,1,1,-0.7394724400000137,-0.6480828523635864,0.09138958763642724,interstitial:int2,1,interstitial:int2,1,0.3333333333333333,0.0,0,1,0.6666666666666667
TaS2,Ru,44,5,3,adsorbate,adsorbate,1,1,3.109361880000023,10.727946400642395,7.618584520642372,adsorbate:ads1,1,adsorbate:ads1,1,0.3333333333333333,0.0,1,0,0.6666666666666667
TaS2,V,23,4,3,adsorbate,adsorbate,1,1,3.859038609999999,3.3699791431427,0.48905946685729873,adsorbate:ads2,1,adsorbate:ads2,1,0.3333333333333333,0.0,1,0,0.6666666666666667
TaS2,Zn,30,4,5,adsorbate,adsorbate,1,1,2.3909644200000173,3.8954702615737915,1.5045058415737742,adsorbate:ads2,1,adsorbate:int2,0,0.2,0.1528313800000093,1,0,-0.2
TaSe2,Ag,47,5,4,adsorbate,adsorbate,1,1,3.012415419999997,3.3370115756988525,0.3245961556988557,adsorbate:ads2,1,adsorbate:ads2,1,0.25,0.0,1,0,0.75
TaSe2,Al,13,3,4,adsorbate,adsorbate,1,1,1.3199465900000007,1.9462939500808716,0.6263473600808709,adsorbate:ads2,1,adsorbate:ads2,1,0.25,0.0,1,0,0.75
TaSe2,As,33,4,4,adsorbate,adsorbate,1,1,1.335571510000022,0.5809088945388794,0.7546626154611427,adsorbate:ads1,1,adsorbate:ads1,1,0.25,0.0,1,0,0.75
TaSe2,B,5,2,4,interstitial,interstitial,1,1,-2.44996759,-3.478497266769409,1.0285296767694092,interstitial:int2,1,interstitial:ads2,0,0.25,0.033268469999995665,0,1,-0.25
TaSe2,Be,4,2,4,interstitial,interstitial,1,1,-3.0808142399999947,-2.476138472557068,0.6046757674429268,interstitial:int2,1,interstitial:ads2,0,0.25,0.5451626400000009,0,1,-0.25
TaSe2,Br,35,4,5,adsorbate,adsorbate,1,1,5.318453799999986,3.911444664001465,1.4070091359985213,adsorbate:ads1,1,adsorbate:ads2,0,0.2,0.17752075999999306,1,0,-0.2
TaSe2,C,6,2,3,interstitial,interstitial,1,1,-2.2683647400000106,-3.2692055702209473,1.0008408302209366,interstitial:int2,1,interstitial:int2,1,0.3333333333333333,0.0,0,1,0.6666666666666667
TaSe2,Cl,17,3,5,adsorbate,adsorbate,1,1,3.191939010000027,2.9735779762268066,0.21836103377322047,adsorbate:ads1,1,adsorbate:ads2,0,0.2,0.18690678000001532,1,0,-0.2
TaSe2,Co,27,4,4,interstitial,interstitial,1,1,-3.39924326000002,-2.9887137413024902,0.41052951869752974,interstitial:ads2,1,interstitial:int2,0,0.25,0.25969661999999977,0,1,-0.25
TaSe2,Cr,24,4,5,interstitial,interstitial,1,1,-0.6665812200000119,-1.2249687910079956,0.5583875710079838,interstitial:int2,1,interstitial:int2,1,0.2,0.0,0,1,0.8
TaSe2,Cu,29,4,4,interstitial,interstitial,1,1,-0.2414374299999904,-0.4231083393096924,0.18167090930970198,interstitial:int2,1,interstitial:int2,1,0.25,0.0,0,1,0.75
TaSe2,F,9,2,5,adsorbate,adsorbate,1,1,0.9245364199999815,0.4567890167236328,0.46774740327634867,adsorbate:ads1,1,adsorbate:ads1,1,0.2,0.0,1,0,0.8
TaSe2,Fe,26,4,5,interstitial,adsorbate,1,0,-0.1541576799999973,0.15321946144104004,0.30737714144103734,interstitial:int2,1,adsorbate:ads2,0,0.2,0.1541576799999973,0,0,-0.2
TaSe2,Ge,32,4,4,adsorbate,interstitial,1,0,1.0151456499999938,-0.013155221939086914,1.0283008719390807,adsorbate:ads2,1,interstitial:int2,0,0.25,1.0151456499999938,1,-1,-0.25
TaSe2,H,1,1,6,interstitial,interstitial,1,1,-0.4991485199999772,-0.3983798027038574,0.1007687172961198,interstitial:int2,1,interstitial:int2,1,0.16666666666666666,0.0,0,1,0.8333333333333334
TaSe2,Hf,72,6,2,interstitial,interstitial,1,1,-3.5428245200000115,-1.8777546882629395,1.665069831737072,interstitial:int0,1,interstitial:int0,1,0.5,0.0,0,1,0.5
TaSe2,Ir,77,6,3,interstitial,interstitial,1,1,-0.0034532600000147795,-0.2296452522277832,0.22619199222776842,interstitial:int0,1,interstitial:int0,1,0.3333333333333333,0.0,0,1,0.6666666666666667
TaSe2,Li,3,2,5,adsorbate,adsorbate,1,1,0.9555981299999985,0.24118375778198242,0.7144143722180161,adsorbate:ads2,1,adsorbate:ads2,1,0.2,0.0,1,0,0.8
TaSe2,Lu,71,6,3,adsorbate,adsorbate,1,1,0.23798047999997607,1.6777905225753784,1.4398100425754023,adsorbate:ads1,1,adsorbate:ads1,1,0.3333333333333333,0.0,1,0,0.6666666666666667
TaSe2,Mg,12,3,5,adsorbate,adsorbate,1,1,2.502780989999991,2.485928773880005,0.016852216119985997,adsorbate:ads2,1,adsorbate:ads2,1,0.2,0.0,1,0,0.8
TaSe2,Mn,25,4,5,interstitial,interstitial,1,1,-0.6404392400000061,-0.2689884901046753,0.3714507498953308,interstitial:int2,1,interstitial:int2,1,0.2,0.0,0,1,0.8
TaSe2,Mo,42,5,3,adsorbate,adsorbate,1,1,0.021224799999998822,0.3337669372558594,0.31254213725586055,adsorbate:ads2,1,adsorbate:ads2,1,0.3333333333333333,0.0,1,0,0.6666666666666667
TaSe2,N,7,2,6,interstitial,interstitial,1,1,-1.6250155000000177,-2.3964600563049316,0.7714445563049139,interstitial:int2,1,interstitial:int2,1,0.16666666666666666,0.0,0,1,0.8333333333333334
TaSe2,Nb,41,5,3,interstitial,interstitial,1,1,-3.7368585600000017,-3.665601134300232,0.07125742569976978,interstitial:int2,1,interstitial:int2,1,0.3333333333333333,0.0,0,1,0.6666666666666667
TaSe2,O,8,2,5,interstitial,interstitial,1,1,-0.8257989000000237,-0.8132245540618896,0.012574345938134002,interstitial:int2,1,interstitial:int2,1,0.2,0.0,0,1,0.8
TaSe2,P,15,3,4,adsorbate,adsorbate,1,1,0.9946977799999961,0.8338525295257568,0.16084525047423925,adsorbate:ads2,1,adsorbate:ads2,1,0.25,0.0,1,0,0.75
TaSe2,Pt,78,6,4,interstitial,interstitial,1,1,-1.8692313899999822,-1.572835087776184,0.2963963022237981,interstitial:int2,1,interstitial:int2,1,0.25,0.0,0,1,0.75
TaSe2,Rb,37,5,4,adsorbate,adsorbate,1,1,8.945841949999988,9.946598768234253,1.0007568182342652,adsorbate:ads2,1,adsorbate:ads1,0,0.25,0.04371545999998716,1,0,-0.25
TaSe2,Re,75,6,4,interstitial,interstitial,1,1,-3.2132497100000137,-3.0657289028167725,0.14752080718324123,interstitial:int2,1,interstitial:int2,1,0.25,0.0,0,1,0.75
TaSe2,Ru,44,5,2,interstitial,interstitial,1,1,-2.313100990000009,-2.5858185291290283,0.2727175391290193,interstitial:int0,1,interstitial:int0,1,0.5,0.0,0,1,0.5
TaSe2,S,16,3,4,adsorbate,adsorbate,1,1,1.9397397199999766,2.9015870094299316,0.961847289429955,adsorbate:ads0,1,adsorbate:ads0,1,0.25,0.0,1,0,0.75
TaSe2,Sc,21,4,3,adsorbate,adsorbate,1,1,2.4188894299999797,2.2274954319000244,0.19139399809995528,adsorbate:ads1,1,adsorbate:ads1,1,0.3333333333333333,0.0,1,0,0.6666666666666667
TaSe2,Si,14,3,5,interstitial,interstitial,1,1,-0.7812199399999997,-0.19105291366577148,0.5901670263342282,interstitial:int2,1,interstitial:int2,1,0.2,0.0,0,1,0.8
TaSe2,Sn,50,5,5,adsorbate,adsorbate,1,1,2.409452909999999,1.3481311798095703,1.0613217301904285,adsorbate:ads1,1,adsorbate:ads2,0,0.2,0.2450910100000101,1,0,-0.2
TaSe2,Sr,38,5,3,adsorbate,adsorbate,1,1,6.752855049999995,6.559391975402832,0.1934630745971626,adsorbate:ads2,1,adsorbate:ads2,1,0.3333333333333333,0.0,1,0,0.6666666666666667
TaSe2,Tc,43,5,3,adsorbate,adsorbate,1,1,1.9773899599999818,1.5537445545196533,0.4236454054803285,adsorbate:ads2,1,adsorbate:ads2,1,0.3333333333333333,0.0,1,0,0.6666666666666667
TaSe2,Ti,22,4,3,adsorbate,adsorbate,1,1,0.6489345399999991,1.2184215784072876,0.5694870384072885,adsorbate:ads1,1,adsorbate:ads1,1,0.3333333333333333,0.0,1,0,0.6666666666666667
TaSe2,V,23,4,4,interstitial,interstitial,1,1,-2.00120228999998,-2.042852759361267,0.04165046936128691,interstitial:int2,1,interstitial:int2,1,0.25,0.0,0,1,0.75
TaSe2,W,74,6,3,interstitial,interstitial,1,1,-0.7385142800000031,-0.9811058044433594,0.2425915244433563,interstitial:int0,1,interstitial:int0,1,0.3333333333333333,0.0,0,1,0.6666666666666667
TaSe2,Y,39,5,4,adsorbate,adsorbate,1,1,4.306353080000008,4.8689916133880615,0.5626385333880535,adsorbate:ads2,1,adsorbate:int2,0,0.25,1.5361660100000165,1,0,-0.25
TaSe2,Zn,30,4,4,adsorbate,adsorbate,1,1,0.4366397100000087,0.4257838726043701,0.010855837395638557,adsorbate:ads2,1,adsorbate:ads2,1,0.25,0.0,1,0,0.75
TaSe2,Zr,40,5,3,interstitial,interstitial,1,1,-1.139593839999975,-1.3258507251739502,0.1862568851739752,interstitial:int0,1,interstitial:int0,1,0.3333333333333333,0.0,0,1,0.6666666666666667
TiO2,B,5,2,4,adsorbate,adsorbate,1,1,4.301825899999983,3.274778962135315,1.027046937864668,adsorbate:int1,1,adsorbate:int1,1,0.25,0.0,1,0,0.75
TiO2,Be,4,2,5,adsorbate,adsorbate,1,1,6.362961349999979,3.5377907752990723,2.8251705747009064,adsorbate:int1,1,adsorbate:int1,1,0.2,0.0,1,0,0.8
TiO2,C,6,2,5,adsorbate,adsorbate,1,1,0.6520242900000417,0.9913492202758789,0.3393249302758372,adsorbate:ads0,1,adsorbate:ads1,0,0.2,3.413633570000002,1,0,-0.2
TiO2,F,9,2,5,adsorbate,adsorbate,1,1,1.6610706399999913,1.9485924243927002,0.2875217843927089,adsorbate:ads2,1,adsorbate:ads2,1,0.2,0.0,1,0,0.8
TiO2,H,1,1,5,adsorbate,adsorbate,1,1,2.5689663400000318,1.644626259803772,0.9243400801962598,adsorbate:ads0,1,adsorbate:ads0,1,0.2,0.0,1,0,0.8
TiO2,Li,3,2,5,adsorbate,adsorbate,1,1,6.268339629999957,3.145215630531311,3.123123999468646,adsorbate:int1,1,adsorbate:ads2,0,0.2,0.3508395999999723,1,0,-0.2
TiO2,N,7,2,5,adsorbate,interstitial,1,0,2.1036358400000372,-0.8102216720581055,2.9138575120581427,adsorbate:ads0,1,interstitial:int1,0,0.2,2.1036358400000372,1,-1,-0.2
TiO2,Si,14,3,5,adsorbate,adsorbate,1,1,7.376980919999993,4.5773024559021,2.7996784640978936,adsorbate:ads2,1,adsorbate:ads2,1,0.2,0.0,1,0,0.8
TiS2,Ag,47,5,4,adsorbate,adsorbate,1,1,2.2245325899999955,2.885161876678467,0.6606292866784713,adsorbate:ads2,1,adsorbate:ads1,0,0.25,0.08733552999999006,1,0,-0.25
TiS2,Al,13,3,4,interstitial,adsorbate,1,0,-0.5621150199999931,0.30335092544555664,0.8654659454455498,interstitial:int2,1,adsorbate:ads2,0,0.25,0.5621150199999931,0,0,-0.25
TiS2,As,33,4,5,adsorbate,adsorbate,1,1,1.6143763400000073,0.7681077718734741,0.8462685681265332,adsorbate:ads1,1,adsorbate:ads1,1,0.2,0.0,1,0,0.8
TiS2,Au,79,6,4,adsorbate,adsorbate,1,1,6.098741480000002,3.0442092418670654,3.0545322381329365,adsorbate:ads1,1,adsorbate:ads1,1,0.25,0.0,1,0,0.75
TiS2,B,5,2,5,interstitial,interstitial,1,1,-0.8759770199999934,-0.5194579362869263,0.3565190837130672,interstitial:int2,1,interstitial:int2,1,0.2,0.0,0,1,0.8
TiS2,Be,4,2,5,interstitial,interstitial,1,1,-0.2513951800000027,-0.01351165771484375,0.23788352228515897,interstitial:int2,1,interstitial:int2,1,0.2,0.0,0,1,0.8
TiS2,Br,35,4,4,adsorbate,adsorbate,1,1,4.656535759999997,4.634703636169434,0.021832123830563432,adsorbate:ads2,1,adsorbate:ads0,0,0.25,0.7934835199999952,1,0,-0.25
TiS2,C,6,2,5,interstitial,interstitial,1,1,-1.7134898600000095,-2.7864596843719482,1.0729698243719388,interstitial:ads1,1,interstitial:ads1,1,0.2,0.0,0,1,0.8
TiS2,Co,27,4,4,interstitial,adsorbate,1,0,-0.343460919999984,0.06316494941711426,0.4066258694170983,interstitial:int2,1,adsorbate:ads2,0,0.25,0.343460919999984,0,0,-0.25
TiS2,Cr,24,4,3,adsorbate,adsorbate,1,1,0.9929690499999992,1.040006160736084,0.04703711073608474,adsorbate:ads1,1,adsorbate:ads1,1,0.3333333333333333,0.0,1,0,0.6666666666666667
TiS2,Cu,29,4,5,adsorbate,interstitial,1,0,0.3027636799999982,-0.6057798862457275,0.9085435662457257,adsorbate:ads2,1,interstitial:int2,0,0.2,0.3027636799999982,1,-1,-0.2
TiS2,F,9,2,3,adsorbate,adsorbate,1,1,0.19200352999999382,1.2105498313903809,1.018546301390387,adsorbate:ads1,1,adsorbate:ads1,1,0.3333333333333333,0.0,1,0,0.6666666666666667
TiS2,Fe,26,4,3,adsorbate,interstitial,1,0,0.4386593600000024,-0.277940034866333,0.7165993948663354,adsorbate:ads2,1,interstitial:int2,0,0.3333333333333333,0.4386593600000024,1,-1,-0.3333333333333333
TiS2,Ga,31,4,5,adsorbate,adsorbate,1,1,1.1618764899999974,0.42130303382873535,0.740573456171262,adsorbate:ads2,1,adsorbate:ads1,0,0.2,0.3108290899999986,1,0,-0.2
TiS2,H,1,1,5,interstitial,adsorbate,1,0,-0.36215454999998536,0.2237567901611328,0.5859113401611182,interstitial:int1,1,adsorbate:ads0,0,0.2,0.36215454999998536,0,0,-0.2
TiS2,Hf,72,6,4,adsorbate,adsorbate,1,1,1.984373909999988,2.5542373657226562,0.5698634557226683,adsorbate:int2,1,adsorbate:int2,1,0.25,0.0,1,0,0.75
TiS2,Ir,77,6,2,interstitial,interstitial,1,1,-0.9192070699999988,-0.4471815824508667,0.4720254875491321,interstitial:int2,1,interstitial:int2,1,0.5,0.0,0,1,0.5
TiS2,Li,3,2,5,adsorbate,adsorbate,1,1,0.6425037300000156,0.3871645927429199,0.25533913725709567,adsorbate:ads2,1,adsorbate:ads1,0,0.2,0.1757465800000093,1,0,-0.2
TiS2,Lu,71,6,5,adsorbate,adsorbate,1,1,2.9403191399999855,3.652712821960449,0.7123936819604637,adsorbate:int2,1,adsorbate:int2,1,0.2,0.0,1,0,0.8
TiS2,Mn,25,4,4,interstitial,interstitial,1,1,-0.5155865299999789,-0.5649724006652832,0.04938587066530431,interstitial:int2,1,interstitial:int2,1,0.25,0.0,0,1,0.75
TiS2,N,7,2,6,interstitial,interstitial,1,1,-0.6005973799999822,-0.5533688068389893,0.04722857316099294,interstitial:int2,1,interstitial:int2,1,0.16666666666666666,0.0,0,1,0.8333333333333334
TiS2,Na,11,3,2,adsorbate,adsorbate,1,1,3.702963860000011,4.287888288497925,0.5849244284979136,adsorbate:int2,1,adsorbate:int2,1,0.5,0.0,1,0,0.5
TiS2,Nb,41,5,4,interstitial,adsorbate,1,0,-0.45017896000001656,0.020687341690063477,0.47086630169008004,interstitial:int2,1,adsorbate:ads2,0,0.25,0.45017896000001656,0,0,-0.25
TiS2,Ni,28,4,4,adsorbate,adsorbate,1,1,0.17856390000000033,0.8688018321990967,0.6902379321990963,adsorbate:ads2,1,adsorbate:ads2,1,0.25,0.0,1,0,0.75
TiS2,O,8,2,4,adsorbate,adsorbate,1,1,0.9099721700000032,0.5385735034942627,0.3713986665057405,adsorbate:ads1,1,adsorbate:ads2,0,0.25,3.0312314100000037,1,0,-0.25
TiS2,Os,76,6,2,interstitial,interstitial,1,1,-0.071394650000002,-0.4706573486328125,0.3992626986328105,interstitial:int2,1,interstitial:int2,1,0.5,0.0,0,1,0.5
TiS2,P,15,3,4,adsorbate,adsorbate,1,1,0.2523697000000027,0.826453685760498,0.5740839857604954,adsorbate:ads2,1,adsorbate:ads2,1,0.25,0.0,1,0,0.75
TiS2,Pd,46,5,3,interstitial,interstitial,1,1,-0.2782611599999995,-1.147803544998169,0.8695423849981694,interstitial:int2,1,interstitial:int2,1,0.3333333333333333,0.0,0,1,0.6666666666666667
TiS2,Pt,78,6,2,interstitial,interstitial,1,1,-0.16252514000001378,-0.693684458732605,0.5311593187325911,interstitial:int2,1,interstitial:int2,1,0.5,0.0,0,1,0.5
TiS2,Rh,45,5,3,adsorbate,adsorbate,1,1,0.5572496099999852,1.336384892463684,0.7791352824636989,adsorbate:ads2,1,adsorbate:ads2,1,0.3333333333333333,0.0,1,0,0.6666666666666667
TiS2,Ru,44,5,5,adsorbate,interstitial,1,0,0.095068580000003,-0.19294977188110352,0.2880183518811065,adsorbate:ads2,1,interstitial:int2,0,0.2,0.095068580000003,1,-1,-0.2
TiS2,Sb,51,5,4,adsorbate,adsorbate,1,1,7.990928019999983,4.150492429733276,3.840435590266707,adsorbate:ads1,1,adsorbate:ads1,1,0.25,0.0,1,0,0.75
TiS2,Sc,21,4,5,adsorbate,adsorbate,1,1,2.841919090000004,2.691011905670166,0.15090718432983818,adsorbate:ads2,1,adsorbate:int2,0,0.2,0.209888890000002,1,0,-0.2
TiS2,Se,34,4,5,adsorbate,adsorbate,1,1,2.7995691699999843,1.5143227577209473,1.285246412279037,adsorbate:ads0,1,adsorbate:ads1,0,0.2,0.2857701899999938,1,0,-0.2
TiS2,Si,14,3,5,interstitial,interstitial,1,1,-0.6950597700000003,-0.06328082084655762,0.6317789491534427,interstitial:int2,1,interstitial:int2,1,0.2,0.0,0,1,0.8
TiS2,Sn,50,5,5,adsorbate,adsorbate,1,1,2.471332799999999,1.598184585571289,0.8731482144287099,adsorbate:ads2,1,adsorbate:ads1,0,0.2,0.2138768300000038,1,0,-0.2
TiS2,Ta,73,6,5,adsorbate,adsorbate,1,1,1.4625087299999961,0.82380211353302,0.6387066164669761,adsorbate:int2,1,adsorbate:int2,1,0.2,0.0,1,0,0.8
TiS2,Tc,43,5,5,adsorbate,adsorbate,1,1,0.04996823999999832,0.005449771881103516,0.0445184681188948,adsorbate:ads2,1,adsorbate:ads2,1,0.2,0.0,1,0,0.8
TiS2,V,23,4,3,interstitial,interstitial,1,1,-1.1567347200000029,-1.2476136684417725,0.09087894844176958,interstitial:int2,1,interstitial:int2,1,0.3333333333333333,0.0,0,1,0.6666666666666667
TiS2,W,74,6,4,interstitial,interstitial,1,1,-2.601574190000008,-1.1938130855560303,1.4077611044439777,interstitial:int2,1,interstitial:int2,1,0.25,0.0,0,1,0.75
TiS2,Y,39,5,5,adsorbate,adsorbate,1,1,3.4551367999999907,3.0533289909362793,0.4018078090637114,adsorbate:ads2,1,adsorbate:int2,0,0.2,0.004022600000012755,1,0,-0.2
V2CO2,Ag,47,5,4,adsorbate,adsorbate,1,1,6.545557239999994,8.59543514251709,2.049877902517096,adsorbate:ads2,1,adsorbate:ads2,1,0.25,0.0,1,0,0.75
V2CO2,B,5,2,4,adsorbate,adsorbate,1,1,2.882339160000015,2.407559871673584,0.474779288326431,adsorbate:ads2,1,adsorbate:ads2,1,0.25,0.0,1,0,0.75
V2CO2,Be,4,2,5,adsorbate,adsorbate,1,1,4.679364650000025,3.650044322013855,1.02932032798617,adsorbate:ads2,1,adsorbate:ads2,1,0.2,0.0,1,0,0.8
V2CO2,Br,35,4,4,adsorbate,adsorbate,1,1,6.98493719999999,12.803490281105042,5.818553081105051,adsorbate:ads1,1,adsorbate:ads2,0,0.25,0.36460161000002245,1,0,-0.25
V2CO2,Co,27,4,4,adsorbate,adsorbate,1,1,4.691692529999956,5.3251378536224365,0.6334453236224808,adsorbate:ads2,1,adsorbate:ads2,1,0.25,0.0,1,0,0.75
V2CO2,Cr,24,4,4,adsorbate,adsorbate,1,1,4.726496949999956,5.5383806228637695,0.8118836728638135,adsorbate:ads2,1,adsorbate:ads2,1,0.25,0.0,1,0,0.75
V2CO2,Cu,29,4,4,adsorbate,adsorbate,1,1,5.408059330000014,6.49332320690155,1.0852638769015366,adsorbate:ads1,1,adsorbate:ads2,0,0.25,0.05347046000008504,1,0,-0.25
V2CO2,Fe,26,4,4,adsorbate,adsorbate,1,1,4.866352870000015,5.718232989311218,0.8518801193112031,adsorbate:ads2,1,adsorbate:ads2,1,0.25,0.0,1,0,0.75
V2CO2,Ga,31,4,4,adsorbate,adsorbate,1,1,8.007965020000029,5.998342990875244,2.0096220291247846,adsorbate:ads1,1,adsorbate:ads2,0,0.25,0.051652220000050875,1,0,-0.25
V2CO2,Ge,32,4,4,adsorbate,adsorbate,1,1,7.592358719999992,7.767495632171631,0.17513691217163885,adsorbate:ads2,1,adsorbate:ads2,1,0.25,0.0,1,0,0.75
V2CO2,H,1,1,5,adsorbate,adsorbate,1,1,2.1632675899999185,1.5353338718414307,0.6279337181584879,adsorbate:ads0,1,adsorbate:ads0,1,0.2,0.0,1,0,0.8
V2CO2,Li,3,2,5,adsorbate,adsorbate,1,1,5.87716125999998,6.209155321121216,0.331994061121236,adsorbate:ads2,1,adsorbate:ads2,1,0.2,0.0,1,0,0.8
V2CO2,Mg,12,3,3,adsorbate,adsorbate,1,1,9.094085080000013,2.947457790374756,6.146627289625258,adsorbate:ads2,1,adsorbate:ads2,1,0.3333333333333333,0.0,1,0,0.6666666666666667
V2CO2,Mn,25,4,4,adsorbate,adsorbate,1,1,5.4887262199999896,5.434667110443115,0.05405910955687432,adsorbate:ads2,1,adsorbate:ads2,1,0.25,0.0,1,0,0.75
V2CO2,N,7,2,4,interstitial,adsorbate,1,0,-1.2516704899999245,1.1902294158935547,2.441899905893479,interstitial:int0,1,adsorbate:ads0,0,0.25,1.2516704899999245,0,0,-0.25
V2CO2,P,15,3,4,adsorbate,adsorbate,1,1,1.4153928700000054,4.8045654296875,3.389172559687495,adsorbate:ads2,1,adsorbate:ads2,1,0.25,0.0,1,0,0.75
V2CO2,Pd,46,5,4,adsorbate,adsorbate,1,1,5.876645449999955,6.777954578399658,0.9013091283997028,adsorbate:ads1,1,adsorbate:ads1,1,0.25,0.0,1,0,0.75
V2CO2,Re,75,6,4,adsorbate,adsorbate,1,1,7.445590649999985,3.869838237762451,3.5757524122375335,adsorbate:ads2,1,adsorbate:ads2,1,0.25,0.0,1,0,0.75
V2CO2,Rh,45,5,4,adsorbate,adsorbate,1,1,4.097067130000028,5.226142406463623,1.1290752764635954,adsorbate:ads1,1,adsorbate:ads1,1,0.25,0.0,1,0,0.75
V2CO2,Ru,44,5,4,adsorbate,adsorbate,1,1,3.5730666899999055,8.056279420852661,4.483212730852756,adsorbate:ads2,1,adsorbate:ads2,1,0.25,0.0,1,0,0.75
V2CO2,S,16,3,4,adsorbate,adsorbate,1,1,6.325634780000087,4.555842280387878,1.7697924996122083,adsorbate:ads0,1,adsorbate:ads0,1,0.25,0.0,1,0,0.75
V2CO2,Se,34,4,4,adsorbate,adsorbate,1,1,7.291065259999982,6.806742429733276,0.48432283026670575,adsorbate:ads0,1,adsorbate:ads0,1,0.25,0.0,1,0,0.75
V2CO2,Ti,22,4,4,adsorbate,adsorbate,1,1,5.9712019300000065,8.765873908996582,2.7946719789965755,adsorbate:ads2,1,adsorbate:ads2,1,0.25,0.0,1,0,0.75
V2CO2,W,74,6,5,adsorbate,adsorbate,1,1,8.22067418000006,3.310257911682129,4.910416268317931,adsorbate:ads2,1,adsorbate:ads2,1,0.2,0.0,1,0,0.8
V2CO2,Zr,40,5,4,adsorbate,adsorbate,1,1,5.231336179999971,9.23461389541626,4.003277715416289,adsorbate:ads2,1,adsorbate:ads2,1,0.25,0.0,1,0,0.75
W2Se4,Al,13,3,5,adsorbate,adsorbate,1,1,1.610253529999909,0.6229331493377686,0.9873203806621405,adsorbate:ads2,1,adsorbate:ads2,1,0.2,0.0,1,0,0.8
W2Se4,B,5,2,6,interstitial,interstitial,1,1,-1.70189455000002,-2.4429380893707275,0.7410435393707075,interstitial:int4,1,interstitial:int4,1,0.16666666666666666,0.0,0,1,0.8333333333333334
W2Se4,Be,4,2,5,interstitial,adsorbate,1,0,-0.9489979899999526,0.36280834674835205,1.3118063367483046,interstitial:int4,1,adsorbate:int3,0,0.2,0.9489979899999526,0,0,-0.2
W2Se4,C,6,2,6,interstitial,interstitial,1,1,-2.794299590000038,-2.28483247756958,0.5094671124304577,interstitial:int1,1,interstitial:int4,0,0.16666666666666666,0.34550794000006135,0,1,-0.16666666666666666
W2Se4,Cl,17,3,4,adsorbate,adsorbate,1,1,4.916535840000051,4.606885194778442,0.309650645221609,adsorbate:ads2,1,adsorbate:ads2,1,0.25,0.0,1,0,0.75
W2Se4,Co,27,4,3,interstitial,adsorbate,1,0,-0.4183650499999203,0.14499759674072266,0.563362646740643,interstitial:int3,1,adsorbate:ads2,0,0.3333333333333333,0.4183650499999203,0,0,-0.3333333333333333
W2Se4,Cr,24,4,5,adsorbate,adsorbate,1,1,0.6218832300000945,0.5889995098114014,0.03288372018869312,adsorbate:ads2,1,adsorbate:ads2,1,0.2,0.0,1,0,0.8
W2Se4,F,9,2,5,adsorbate,adsorbate,1,1,2.424868139999944,2.420701265335083,0.004166874664861098,adsorbate:ads2,1,adsorbate:int3,0,0.2,0.66718271000002,1,0,-0.2
W2Se4,H,1,1,8,interstitial,interstitial,1,1,-0.32476266000003284,-0.4028722047805786,0.07810954478054577,interstitial:int4,1,interstitial:int1,0,0.125,0.6370516299999733,0,1,-0.125
W2Se4,Ir,77,6,4,interstitial,adsorbate,1,0,-0.719364300000052,3.601463794708252,4.320828094708304,interstitial:int4,1,adsorbate:ads0,0,0.25,3.4199701300000243,0,0,-0.25
W2Se4,Li,3,2,5,adsorbate,adsorbate,1,1,4.889680590000012,2.7087767124176025,2.1809038775824092,adsorbate:ads2,1,adsorbate:ads2,1,0.2,0.0,1,0,0.8
W2Se4,Mn,25,4,5,adsorbate,adsorbate,1,1,0.39059639000004176,0.26233482360839844,0.12826156639164332,adsorbate:ads2,1,adsorbate:int4,0,0.2,0.2638139800000092,1,0,-0.2
W2Se4,Mo,42,5,3,interstitial,interstitial,1,1,-1.5214648300000144,-1.5289793014526367,0.0075144714526222955,interstitial:int4,1,interstitial:int4,1,0.3333333333333333,0.0,0,1,0.6666666666666667
W2Se4,N,7,2,5,interstitial,interstitial,1,1,-1.0324880000000576,-0.6030242443084717,0.4294637556915859,interstitial:ads2,1,interstitial:ads2,1,0.2,0.0,0,1,0.8
W2Se4,Ni,28,4,4,adsorbate,adsorbate,1,1,0.19248850000008133,0.9694110155105591,0.7769225155104778,adsorbate:ads2,1,adsorbate:ads2,1,0.25,0.0,1,0,0.75
W2Se4,O,8,2,8,adsorbate,adsorbate,1,1,0.5066944500000546,0.7848778963088989,0.2781834463088443,adsorbate:int3,1,adsorbate:int3,1,0.125,0.0,1,0,0.875
W2Se4,Os,76,6,3,interstitial,interstitial,1,1,-3.572404209999946,-2.7937889099121094,0.7786153000878366,interstitial:int4,1,interstitial:int4,1,0.3333333333333333,0.0,0,1,0.6666666666666667
W2Se4,P,15,3,4,adsorbate,adsorbate,1,1,1.9496065600000065,1.6441655158996582,0.30544104410034834,adsorbate:ads2,1,adsorbate:ads2,1,0.25,0.0,1,0,0.75
W2Se4,Pt,78,6,4,adsorbate,adsorbate,1,1,1.309136279999962,1.4466526508331299,0.13751637083316792,adsorbate:ads2,1,adsorbate:ads2,1,0.25,0.0,1,0,0.75
W2Se4,Rh,45,5,4,adsorbate,adsorbate,1,1,5.296986940000011,4.324929237365723,0.972057702634288,adsorbate:ads2,1,adsorbate:ads2,1,0.25,0.0,1,0,0.75
W2Se4,S,16,3,6,adsorbate,adsorbate,1,1,2.1130556000000524,2.4737597703933716,0.36070417039331915,adsorbate:ads0,1,adsorbate:ads0,1,0.16666666666666666,0.0,1,0,0.8333333333333334
W2Se4,Si,14,3,4,adsorbate,adsorbate,1,1,1.92743403999998,0.2738945484161377,1.6535394915838424,adsorbate:ads2,1,adsorbate:ads2,1,0.25,0.0,1,0,0.75
W2Se4,Ta,73,6,4,interstitial,adsorbate,1,0,-0.7530155200000768,0.08136940002441406,0.8343849200244908,interstitial:int4,1,adsorbate:ads2,0,0.25,0.7530155200000768,0,0,-0.25
W2Se4,Tc,43,5,4,adsorbate,adsorbate,1,1,8.256533539999968,8.178248405456543,0.07828513454342456,adsorbate:ads1,1,adsorbate:ads1,1,0.25,0.0,1,0,0.75
W2Se4,V,23,4,5,interstitial,interstitial,1,1,-0.35145300999999973,-0.06409978866577148,0.28735322133422825,interstitial:int3,1,interstitial:int4,0,0.2,0.0752840999999762,0,1,-0.2
W2Te4,Al,13,3,4,adsorbate,adsorbate,1,1,1.722244719999992,1.4609906673431396,0.2612540526568523,adsorbate:ads2,1,adsorbate:ads2,1,0.25,0.0,1,0,0.75
W2Te4,As,33,4,4,adsorbate,adsorbate,1,1,1.6462377000000283,1.447617530822754,0.19862016917727443,adsorbate:ads2,1,adsorbate:ads2,1,0.25,0.0,1,0,0.75
W2Te4,Au,79,6,4,adsorbate,adsorbate,1,1,0.8488502600000061,0.995980978012085,0.1471307180120789,adsorbate:ads2,1,adsorbate:ads2,1,0.25,0.0,1,0,0.75
W2Te4,B,5,2,6,interstitial,interstitial,1,1,-3.0090615999999963,-2.0883328914642334,0.9207287085357629,interstitial:int4,1,interstitial:int4,1,0.16666666666666666,0.0,0,1,0.8333333333333334
W2Te4,Be,4,2,7,interstitial,interstitial,1,1,-1.649022470000034,-1.3554656505584717,0.2935568194415623,interstitial:int4,1,interstitial:int3,0,0.14285714285714285,0.01623962000002166,0,1,-0.14285714285714285
W2Te4,Br,35,4,5,adsorbate,adsorbate,1,1,5.6012395200000356,5.405034303665161,0.19620521633487442,adsorbate:ads2,1,adsorbate:ads2,1,0.2,0.0,1,0,0.8
W2Te4,C,6,2,5,interstitial,interstitial,1,1,-3.7829777200000194,-3.1209819316864014,0.661995788313618,interstitial:int3,1,interstitial:int3,1,0.2,0.0,0,1,0.8
W2Te4,Ca,20,4,5,adsorbate,adsorbate,1,1,3.2387090000000285,4.217552900314331,0.9788439003143026,adsorbate:ads2,1,adsorbate:ads2,1,0.2,0.0,1,0,0.8
W2Te4,Cd,48,5,4,adsorbate,adsorbate,1,1,3.231262170000037,3.890752077102661,0.6594899071026243,adsorbate:ads1,1,adsorbate:ads0,0,0.25,0.0456949400000326,1,0,-0.25
W2Te4,Cl,17,3,6,adsorbate,adsorbate,1,1,4.722348829999988,5.1556901931762695,0.43334136317628147,adsorbate:ads2,1,adsorbate:ads2,1,0.16666666666666666,0.0,1,0,0.8333333333333334
W2Te4,Co,27,4,4,interstitial,interstitial,1,1,-2.9943393500000193,-2.167634606361389,0.8267047436386301,interstitial:int3,1,interstitial:int3,1,0.25,0.0,0,1,0.75
W2Te4,Cr,24,4,5,interstitial,interstitial,1,1,-0.18429377000001024,-0.7846081256866455,0.6003143556866353,interstitial:int3,1,interstitial:int3,1,0.2,0.0,0,1,0.8
W2Te4,Cs,55,6,4,adsorbate,adsorbate,1,1,10.019966969999984,11.201796770095825,1.1818298000958407,adsorbate:ads2,1,adsorbate:ads2,1,0.25,0.0,1,0,0.75
W2Te4,Cu,29,4,5,interstitial,adsorbate,1,0,-0.4733282199999851,0.4529299736022949,0.92625819360228,interstitial:int3,1,adsorbate:ads2,0,0.2,0.4733282199999851,0,0,-0.2
W2Te4,F,9,2,7,adsorbate,adsorbate,1,1,1.3609774399999994,0.7265069484710693,0.6344704915289301,adsorbate:ads2,1,adsorbate:ads2,1,0.14285714285714285,0.0,1,0,0.8571428571428572
W2Te4,Fe,26,4,5,interstitial,interstitial,1,1,-1.5123170099999466,-0.5327928066253662,0.9795242033745803,interstitial:int3,1,interstitial:int3,1,0.2,0.0,0,1,0.8
W2Te4,Ga,31,4,5,adsorbate,adsorbate,1,1,2.740124340000023,3.48436176776886,0.7442374277688368,adsorbate:ads2,1,adsorbate:ads2,1,0.2,0.0,1,0,0.8
W2Te4,Ge,32,4,5,adsorbate,adsorbate,1,1,2.7070573600000216,2.2554233074188232,0.4516340525811984,adsorbate:ads2,1,adsorbate:ads2,1,0.2,0.0,1,0,0.8
W2Te4,H,1,1,8,interstitial,interstitial,1,1,-0.7822862099999952,-0.85854172706604,0.07625551706604483,interstitial:int4,1,interstitial:int4,1,0.125,0.0,0,1,0.875
W2Te4,Hf,72,6,5,adsorbate,adsorbate,1,1,0.5462446500000047,0.07033610343933105,0.4759085465606736,adsorbate:ads2,1,adsorbate:ads2,1,0.2,0.0,1,0,0.8
W2Te4,I,53,5,4,adsorbate,adsorbate,1,1,7.075108250000028,8.204026222229004,1.128917972228976,adsorbate:ads2,1,adsorbate:ads0,0,0.25,0.270481650000022,1,0,-0.25
W2Te4,Ir,77,6,4,interstitial,interstitial,1,1,-1.045910509999998,-1.4300076961517334,0.3840971861517355,interstitial:int4,1,interstitial:int4,1,0.25,0.0,0,1,0.75
W2Te4,Li,3,2,6,adsorbate,interstitial,1,0,1.0148691100000065,-0.6672859191894531,1.6821550291894596,adsorbate:ads2,1,interstitial:int3,0,0.16666666666666666,1.0148691100000065,1,-1,-0.16666666666666666
W2Te4,Mn,25,4,5,interstitial,adsorbate,1,0,-0.6351212100000225,0.11067438125610352,0.745795591256126,interstitial:int3,1,adsorbate:ads2,0,0.2,0.6351212100000225,0,0,-0.2
W2Te4,Mo,42,5,5,interstitial,interstitial,1,1,-0.06367438000000902,-0.31423497200012207,0.25056059200011305,interstitial:int4,1,interstitial:int4,1,0.2,0.0,0,1,0.8
W2Te4,N,7,2,7,interstitial,interstitial,1,1,-1.9441499299999805,-1.628870964050293,0.3152789659496875,interstitial:int4,1,interstitial:int4,1,0.14285714285714285,0.0,0,1,0.8571428571428572
W2Te4,Na,11,3,4,adsorbate,adsorbate,1,1,4.604381390000014,1.9434971809387207,2.660884209061293,adsorbate:int4,1,adsorbate:int4,1,0.25,0.0,1,0,0.75
W2Te4,Ni,28,4,3,interstitial,adsorbate,1,0,-0.631499159999976,0.6331372261047363,1.2646363861047123,interstitial:int4,1,adsorbate:ads2,0,0.3333333333333333,0.631499159999976,0,0,-0.3333333333333333
W2Te4,O,8,2,7,interstitial,adsorbate,1,0,-0.8054515700000024,0.9625595808029175,1.76801115080292,interstitial:int3,1,adsorbate:ads1,0,0.14285714285714285,1.2198662200000285,0,0,-0.14285714285714285
W2Te4,Os,76,6,3,interstitial,interstitial,1,1,-2.5567996199999934,-2.423585891723633,0.13321372827636058,interstitial:int4,1,interstitial:int4,1,0.3333333333333333,0.0,0,1,0.6666666666666667
W2Te4,P,15,3,5,adsorbate,adsorbate,1,1,0.4150460099999691,0.19102764129638672,0.22401836870358238,adsorbate:ads2,1,adsorbate:ads2,1,0.2,0.0,1,0,0.8
W2Te4,Pd,46,5,4,adsorbate,adsorbate,1,1,0.4760200000000061,0.06580090522766113,0.41021909477234497,adsorbate:ads2,1,adsorbate:ads2,1,0.25,0.0,1,0,0.75
W2Te4,Pt,78,6,4,interstitial,interstitial,1,1,-0.36282287000000224,-0.48459410667419434,0.1217712366741921,interstitial:int4,1,interstitial:int4,1,0.25,0.0,0,1,0.75
W2Te4,Re,75,6,4,interstitial,interstitial,1,1,-1.2192686900000353,-2.5606837272644043,1.341415037264369,interstitial:int4,1,interstitial:int4,1,0.25,0.0,0,1,0.75
W2Te4,Rh,45,5,4,interstitial,interstitial,1,1,-0.29683768000000965,-0.905127763748169,0.6082900837481593,interstitial:int4,1,interstitial:int4,1,0.25,0.0,0,1,0.75
W2Te4,Ru,44,5,4,interstitial,interstitial,1,1,-1.7763239000000226,-0.7827243804931641,0.9935995195068585,interstitial:int4,1,interstitial:int4,1,0.25,0.0,0,1,0.75
W2Te4,S,16,3,5,adsorbate,adsorbate,1,1,1.7824575799999707,1.9549720287322998,0.17251444873232913,adsorbate:ads0,1,adsorbate:ads0,1,0.2,0.0,1,0,0.8
W2Te4,Sc,21,4,5,adsorbate,adsorbate,1,1,2.4875094299999887,2.1239594221115112,0.36355000788847747,adsorbate:ads2,1,adsorbate:int4,0,0.2,0.4610320400000205,1,0,-0.2
W2Te4,Se,34,4,5,adsorbate,adsorbate,1,1,0.87555322999998,1.4580141305923462,0.5824609005923662,adsorbate:ads0,1,adsorbate:ads0,1,0.2,0.0,1,0,0.8
W2Te4,Si,14,3,4,adsorbate,adsorbate,1,1,1.6028233199999704,0.30658555030822754,1.2962377696917429,adsorbate:ads2,1,adsorbate:ads2,1,0.25,0.0,1,0,0.75
W2Te4,Sn,50,5,4,adsorbate,adsorbate,1,1,4.469738099999972,2.2405179738998413,2.229220126100131,adsorbate:ads2,1,adsorbate:ads2,1,0.25,0.0,1,0,0.75
W2Te4,Ta,73,6,4,interstitial,interstitial,1,1,-0.49218232999999234,-0.773921012878418,0.28173868287842563,interstitial:int4,1,interstitial:int4,1,0.25,0.0,0,1,0.75
W2Te4,Ti,22,4,5,interstitial,interstitial,1,1,-0.42432874999997283,-0.1453258991241455,0.2790028508758273,interstitial:int3,1,interstitial:int4,0,0.2,0.8055703100000082,0,1,-0.2
W2Te4,V,23,4,5,interstitial,interstitial,1,1,-0.6031325199999733,-0.7469968795776367,0.14386435957766341,interstitial:int3,1,interstitial:int4,0,0.2,0.7142565899999913,0,1,-0.2
W2Te4,Xe,54,5,4,adsorbate,adsorbate,1,1,10.564235749999968,8.59883999824524,1.9653957517547287,adsorbate:ads2,1,adsorbate:ads0,0,0.25,0.0217014300000073,1,0,-0.25
W2Te4,Zn,30,4,4,adsorbate,adsorbate,1,1,1.7549366200000243,2.884559988975525,1.1296233689755006,adsorbate:ads2,1,adsorbate:ads2,1,0.25,0.0,1,0,0.75
W2Te4,Zr,40,5,5,interstitial,adsorbate,1,0,-0.44320879999997853,0.4194188117980957,0.8626276117980742,interstitial:int3,1,adsorbate:ads2,0,0.2,0.44320879999997853,0,0,-0.2
WS2,As,33,4,4,adsorbate,adsorbate,1,1,6.587525440000035,6.214008569717407,0.3735168702826277,adsorbate:ads0,1,adsorbate:ads0,1,0.25,0.0,1,0,0.75
WS2,B,5,2,6,interstitial,interstitial,1,1,-0.512123239999994,-0.7535295486450195,0.24140630864502555,interstitial:int3,1,interstitial:int3,1,0.16666666666666666,0.0,0,1,0.8333333333333334
WS2,Be,4,2,7,adsorbate,adsorbate,1,1,1.1788940600000064,1.2620718479156494,0.08317778791564301,adsorbate:ads2,1,adsorbate:ads2,1,0.14285714285714285,0.0,1,0,0.8571428571428572
WS2,Br,35,4,4,adsorbate,adsorbate,1,1,14.399093279999985,14.770540118217468,0.3714468382174836,adsorbate:ads0,1,adsorbate:ads0,1,0.25,0.0,1,0,0.75
WS2,C,6,2,7,interstitial,interstitial,1,1,-0.8375948200000494,-0.8766660690307617,0.03907124903071235,interstitial:int3,2,interstitial:int4,1,0.2857142857142857,0.0,0,1,0.7142857142857143
WS2,Ca,20,4,4,adsorbate,adsorbate,1,1,10.4839743,10.688273787498474,0.20429948749847426,adsorbate:ads2,1,adsorbate:ads2,1,0.25,0.0,1,0,0.75
WS2,Cd,48,5,5,adsorbate,adsorbate,1,1,14.486196610000038,12.956941962242126,1.5292546477579112,adsorbate:ads1,1,adsorbate:ads2,0,0.2,0.0017501800000445655,1,0,-0.2
WS2,Cl,17,3,5,adsorbate,adsorbate,1,1,8.639308060000022,8.661150455474854,0.021842395474831022,adsorbate:ads0,1,adsorbate:ads0,1,0.2,0.0,1,0,0.8
WS2,Co,27,4,5,adsorbate,adsorbate,1,1,2.3193319499999925,2.7786900997161865,0.45935814971619404,adsorbate:ads1,1,adsorbate:ads2,0,0.2,0.36491151999996463,1,0,-0.2
WS2,Cr,24,4,4,adsorbate,adsorbate,1,1,13.96756399999998,6.903293609619141,7.064270390380839,adsorbate:ads2,1,adsorbate:ads1,0,0.25,0.03022332000000416,1,0,-0.25
WS2,Cu,29,4,4,adsorbate,adsorbate,1,1,4.746074790000023,4.913156270980835,0.1670814809808121,adsorbate:ads2,1,adsorbate:ads1,0,0.25,0.03958545000000413,1,0,-0.25
WS2,F,9,2,7,adsorbate,adsorbate,1,1,2.486716249999972,2.674088954925537,0.1873727049255649,adsorbate:ads1,1,adsorbate:ads1,1,0.14285714285714285,0.0,1,0,0.8571428571428572
WS2,Ga,31,4,4,adsorbate,adsorbate,1,1,6.51954637,6.488474607467651,0.031071762532348224,adsorbate:ads1,1,adsorbate:ads1,1,0.25,0.0,1,0,0.75
WS2,Ge,32,4,3,adsorbate,adsorbate,1,1,13.063123890000046,14.714255332946777,1.6511314429467312,adsorbate:ads0,1,adsorbate:ads0,1,0.3333333333333333,0.0,1,0,0.6666666666666667
WS2,H,1,1,8,interstitial,interstitial,1,1,-0.06289663000001111,-0.12216448783874512,0.059267857838734006,interstitial:int0,1,interstitial:int0,1,0.125,0.0,0,1,0.875
WS2,Ir,77,6,3,adsorbate,adsorbate,1,1,10.558046560000033,10.174737930297852,0.3833086297021815,adsorbate:ads1,1,adsorbate:ads1,1,0.3333333333333333,0.0,1,0,0.6666666666666667
WS2,K,19,4,4,adsorbate,adsorbate,1,1,14.71357647000002,15.785523414611816,1.0719469446117973,adsorbate:ads2,1,adsorbate:ads1,0,0.25,0.016406469999992703,1,0,-0.25
WS2,Li,3,2,4,adsorbate,adsorbate,1,1,4.475367690000041,4.53929328918457,0.06392559918452889,adsorbate:ads2,1,adsorbate:ads2,1,0.25,0.0,1,0,0.75
WS2,Lu,71,6,6,adsorbate,adsorbate,1,1,7.84971091999995,7.234558582305908,0.6151523376940418,adsorbate:ads1,1,adsorbate:ads1,1,0.16666666666666666,0.0,1,0,0.8333333333333334
WS2,Mg,12,3,4,adsorbate,adsorbate,1,1,7.1738695100000305,6.454635262489319,0.7192342475107116,adsorbate:ads2,1,adsorbate:ads2,1,0.25,0.0,1,0,0.75
WS2,Mn,25,4,4,adsorbate,adsorbate,1,1,12.886402649999976,11.969157695770264,0.9172449542297123,adsorbate:ads1,1,adsorbate:ads1,1,0.25,0.0,1,0,0.75
WS2,Mo,42,5,4,adsorbate,adsorbate,1,1,4.419573710000009,3.991501808166504,0.42807190183350485,adsorbate:ads2,1,adsorbate:ads2,1,0.25,0.0,1,0,0.75
WS2,N,7,2,6,adsorbate,adsorbate,1,1,0.17898416999997968,0.3747527599334717,0.195768589933492,adsorbate:ads0,1,adsorbate:ads0,1,0.16666666666666666,0.0,1,0,0.8333333333333334
WS2,Nb,41,5,5,adsorbate,adsorbate,1,1,3.2823255399999898,3.511685371398926,0.229359831398936,adsorbate:ads1,1,adsorbate:ads1,1,0.2,0.0,1,0,0.8
WS2,Ni,28,4,5,adsorbate,adsorbate,1,1,3.7004413900000372,3.4300851821899414,0.27035620781009584,adsorbate:ads2,1,adsorbate:ads2,1,0.2,0.0,1,0,0.8
WS2,O,8,2,6,adsorbate,adsorbate,1,1,1.5363919200000282,1.1821424961090088,0.35424942389101943,adsorbate:ads0,1,adsorbate:ads0,1,0.16666666666666666,0.0,1,0,0.8333333333333334
WS2,Os,76,6,4,adsorbate,adsorbate,1,1,3.0604402199999754,3.7611560821533203,0.7007158621533449,adsorbate:ads2,1,adsorbate:ads1,0,0.25,0.11149199999999837,1,0,-0.25
WS2,P,15,3,4,adsorbate,adsorbate,1,1,10.000054290000035,9.941195964813232,0.058858325186802674,adsorbate:ads0,1,adsorbate:ads0,1,0.25,0.0,1,0,0.75
WS2,Pd,46,5,5,adsorbate,adsorbate,1,1,7.024702479999973,6.750280141830444,0.2744223381695283,adsorbate:ads1,1,adsorbate:ads1,1,0.2,0.0,1,0,0.8
WS2,Pt,78,6,4,adsorbate,adsorbate,1,1,11.785437459999967,11.537634134292603,0.2478033257073644,adsorbate:ads0,1,adsorbate:ads0,1,0.25,0.0,1,0,0.75
WS2,Rb,37,5,4,adsorbate,adsorbate,1,1,17.543042869999965,15.92946743965149,1.613575430348476,adsorbate:ads2,1,adsorbate:ads2,1,0.25,0.0,1,0,0.75
WS2,Re,75,6,4,adsorbate,adsorbate,1,1,2.8128929000000076,2.0917139053344727,0.7211789946655349,adsorbate:ads1,1,adsorbate:ads2,0,0.25,0.040808850000017216,1,0,-0.25
WS2,Ru,44,5,4,adsorbate,adsorbate,1,1,3.860744989999998,3.3162107467651367,0.5445342432348612,adsorbate:ads2,1,adsorbate:ads1,0,0.25,0.03709637000002797,1,0,-0.25
WS2,Sb,51,5,4,adsorbate,adsorbate,1,1,10.380246750000026,10.06756591796875,0.31268083203127617,adsorbate:ads2,1,adsorbate:ads2,1,0.25,0.0,1,0,0.75
WS2,Sc,21,4,3,adsorbate,adsorbate,1,1,5.237590809999972,5.528016090393066,0.29042528039309445,adsorbate:ads2,1,adsorbate:ads2,1,0.3333333333333333,0.0,1,0,0.6666666666666667
WS2,Se,34,4,4,adsorbate,adsorbate,1,1,9.608462220000037,9.247840404510498,0.3606218154895391,adsorbate:ads0,1,adsorbate:ads0,1,0.25,0.0,1,0,0.75
WS2,Si,14,3,4,adsorbate,adsorbate,1,1,2.6473172500000146,2.897305488586426,0.24998823858641117,adsorbate:ads0,1,adsorbate:ads0,1,0.25,0.0,1,0,0.75
WS2,Sr,38,5,5,adsorbate,adsorbate,1,1,13.974091690000023,13.376779437065125,0.5973122529348984,adsorbate:ads2,1,adsorbate:ads2,1,0.2,0.0,1,0,0.8
WS2,Ta,73,6,4,adsorbate,adsorbate,1,1,2.8971483899999866,3.7861971855163574,0.8890487955163708,adsorbate:ads2,1,adsorbate:ads1,0,0.25,0.0611037900000051,1,0,-0.25
WS2,Tc,43,5,4,adsorbate,adsorbate,1,1,11.589778850000016,11.272879600524902,0.3168992494751137,adsorbate:ads1,1,adsorbate:ads1,1,0.25,0.0,1,0,0.75
WS2,Ti,22,4,4,adsorbate,adsorbate,1,1,2.4073676200000027,1.7172980308532715,0.6900695891467312,adsorbate:ads2,1,adsorbate:ads2,1,0.25,0.0,1,0,0.75
WS2,V,23,4,4,adsorbate,adsorbate,1,1,1.8415127100000186,2.5220489501953125,0.6805362401952939,adsorbate:ads1,1,adsorbate:ads2,0,0.25,0.018455679999988206,1,0,-0.25
WS2,Zr,40,5,4,adsorbate,adsorbate,1,1,4.964347739999992,5.042290210723877,0.07794247072388494,adsorbate:ads2,1,adsorbate:ads1,0,0.25,0.00742510000003449,1,0,-0.25
WSe2,Ag,47,5,5,adsorbate,adsorbate,1,1,6.462717030000022,7.237762212753296,0.7750451827532743,adsorbate:ads2,1,adsorbate:ads2,1,0.2,0.0,1,0,0.8
WSe2,Al,13,3,6,adsorbate,adsorbate,1,1,2.286640019999993,1.757767915725708,0.528872104274285,adsorbate:ads1,1,adsorbate:ads2,0,0.16666666666666666,0.1429319199999668,1,0,-0.16666666666666666
WSe2,As,33,4,4,adsorbate,adsorbate,1,1,3.590537670000003,3.73140811920166,0.14087044920165726,adsorbate:ads0,1,adsorbate:ads0,1,0.25,0.0,1,0,0.75
WSe2,Au,79,6,4,adsorbate,adsorbate,1,1,10.488630540000031,8.947424411773682,1.5412061282263494,adsorbate:ads2,1,adsorbate:ads1,0,0.25,0.09065721000001759,1,0,-0.25
WSe2,B,5,2,7,interstitial,interstitial,1,1,-2.2416006299999944,-2.569108486175537,0.3275078561755427,interstitial:int4,1,interstitial:int2,0,0.14285714285714285,0.00012943000001541805,0,1,-0.14285714285714285
WSe2,Ba,56,6,4,adsorbate,adsorbate,1,1,14.391651220000027,13.62494957447052,0.7667016455295066,adsorbate:ads1,1,adsorbate:ads1,1,0.25,0.0,1,0,0.75
WSe2,Be,4,2,6,adsorbate,adsorbate,1,1,0.15682714000001896,0.06348609924316406,0.0933410407568549,adsorbate:ads1,1,adsorbate:ads1,1,0.16666666666666666,0.0,1,0,0.8333333333333334
WSe2,Br,35,4,4,adsorbate,adsorbate,1,1,10.93926676000001,12.074449181556702,1.1351824215566921,adsorbate:ads0,1,adsorbate:ads0,1,0.25,0.0,1,0,0.75
WSe2,C,6,2,7,interstitial,interstitial,1,1,-2.5289666799999955,-2.5748291015625,0.04586242156250453,interstitial:int4,1,interstitial:int4,1,0.14285714285714285,0.0,0,1,0.8571428571428572
WSe2,Ca,20,4,7,adsorbate,adsorbate,1,1,7.603822170000001,7.893533825874329,0.2897116558743278,adsorbate:ads1,1,adsorbate:ads1,1,0.14285714285714285,0.0,1,0,0.8571428571428572
WSe2,Cl,17,3,7,adsorbate,adsorbate,1,1,4.522244059999991,6.258664846420288,1.7364207864202967,adsorbate:ads0,1,adsorbate:ads0,1,0.14285714285714285,0.0,1,0,0.8571428571428572
WSe2,Co,27,4,7,adsorbate,adsorbate,1,1,0.2635029799999984,0.35945987701416016,0.09595689701416177,adsorbate:ads1,1,adsorbate:ads1,1,0.14285714285714285,0.0,1,0,0.8571428571428572
WSe2,Cr,24,4,4,adsorbate,adsorbate,1,1,0.8519598099999826,0.7212700843811035,0.13068972561887904,adsorbate:ads1,1,adsorbate:ads1,1,0.25,0.0,1,0,0.75
WSe2,Cs,55,6,4,adsorbate,adsorbate,1,1,19.379408170000033,13.991000652313232,5.388407517686801,adsorbate:ads1,1,adsorbate:ads1,1,0.25,0.0,1,0,0.75
WSe2,Cu,29,4,3,adsorbate,adsorbate,1,1,1.0290802600000006,1.0787255764007568,0.0496453164007562,adsorbate:ads2,1,adsorbate:ads2,1,0.3333333333333333,0.0,1,0,0.6666666666666667
WSe2,F,9,2,6,adsorbate,adsorbate,1,1,1.3910761800000273,0.7534542083740234,0.6376219716260039,adsorbate:ads0,1,adsorbate:ads0,1,0.16666666666666666,0.0,1,0,0.8333333333333334
WSe2,Fe,26,4,7,adsorbate,adsorbate,1,1,0.005172879999975066,0.22145843505859375,0.21628555505861868,adsorbate:ads1,1,adsorbate:ads1,1,0.14285714285714285,0.0,1,0,0.8571428571428572
WSe2,Ga,31,4,5,adsorbate,adsorbate,1,1,3.7995647800000247,3.554590582847595,0.24497419715242952,adsorbate:ads1,1,adsorbate:ads1,1,0.2,0.0,1,0,0.8
WSe2,Ge,32,4,5,adsorbate,adsorbate,1,1,2.5879972600000096,2.3904874324798584,0.19750982752015123,adsorbate:ads0,1,adsorbate:ads0,1,0.2,0.0,1,0,0.8
WSe2,H,1,1,7,interstitial,interstitial,1,1,-0.7729187300000144,-0.7377079725265503,0.03521075747346414,interstitial:int0,1,interstitial:int3,0,0.14285714285714285,0.1188273999999867,0,1,-0.14285714285714285
WSe2,Hf,72,6,5,adsorbate,adsorbate,1,1,1.4587027000000035,1.7401666641235352,0.2814639641235317,adsorbate:ads1,1,adsorbate:ads1,1,0.2,0.0,1,0,0.8
WSe2,I,53,5,4,adsorbate,adsorbate,1,1,12.61238012000001,11.535853147506714,1.076526972493296,adsorbate:ads0,1,adsorbate:ads0,1,0.25,0.0,1,0,0.75
WSe2,K,19,4,5,adsorbate,adsorbate,1,1,11.800991440000018,11.570322513580322,0.23066892641969616,adsorbate:ads1,1,adsorbate:ads1,1,0.2,0.0,1,0,0.8
WSe2,Li,3,2,7,adsorbate,adsorbate,1,1,2.9796579499999893,3.863670587539673,0.8840126375396835,adsorbate:ads1,1,adsorbate:ads1,1,0.14285714285714285,0.0,1,0,0.8571428571428572
WSe2,Lu,71,6,6,adsorbate,adsorbate,1,1,4.964129729999968,4.548593759536743,0.41553597046322466,adsorbate:ads1,1,adsorbate:ads1,1,0.16666666666666666,0.0,1,0,0.8333333333333334
WSe2,Mg,12,3,6,adsorbate,adsorbate,1,1,4.853520609999975,4.1721111536026,0.6814094563973745,adsorbate:ads1,1,adsorbate:ads1,1,0.16666666666666666,0.0,1,0,0.8333333333333334
WSe2,Mn,25,4,6,adsorbate,adsorbate,1,1,0.2584756399999715,0.856050968170166,0.5975753281701945,adsorbate:ads1,1,adsorbate:ads1,1,0.16666666666666666,0.0,1,0,0.8333333333333334
WSe2,N,7,2,7,interstitial,interstitial,1,1,-1.7591438799999528,-1.918759822845459,0.15961594284550618,interstitial:int4,1,interstitial:int4,1,0.14285714285714285,0.0,0,1,0.8571428571428572
WSe2,Na,11,3,2,adsorbate,adsorbate,1,1,7.868674170000021,6.846698522567749,1.0219756474322716,adsorbate:ads0,1,adsorbate:ads0,1,0.5,0.0,1,0,0.5
WSe2,Nb,41,5,4,adsorbate,interstitial,1,0,0.4382815799999653,-0.003719806671142578,0.4420013866711079,adsorbate:ads2,1,interstitial:int3,0,0.25,0.4382815799999653,1,-1,-0.25
WSe2,Ni,28,4,5,adsorbate,adsorbate,1,1,0.39978350999996337,0.7155685424804688,0.3157850324805054,adsorbate:ads1,1,adsorbate:ads1,1,0.2,0.0,1,0,0.8
WSe2,O,8,2,5,interstitial,adsorbate,1,0,-0.3757716399999823,0.12746405601501465,0.503235696014997,interstitial:int0,1,adsorbate:ads0,0,0.2,0.3757716399999823,0,0,-0.2
WSe2,Os,76,6,5,adsorbate,adsorbate,1,1,6.959576620000009,2.3674240112304688,4.59215260876954,adsorbate:ads1,1,adsorbate:ads1,1,0.2,0.0,1,0,0.8
WSe2,P,15,3,5,adsorbate,adsorbate,1,1,1.3511796000000227,1.038503885269165,0.31267571473085765,adsorbate:ads0,1,adsorbate:ads0,1,0.2,0.0,1,0,0.8
WSe2,Pd,46,5,4,adsorbate,adsorbate,1,1,4.256633359999966,4.048551797866821,0.20808156213314444,adsorbate:ads1,1,adsorbate:ads1,1,0.25,0.0,1,0,0.75
WSe2,Pt,78,6,4,adsorbate,adsorbate,1,1,3.7921746600000006,3.8100759983062744,0.01790133830627383,adsorbate:ads1,1,adsorbate:ads1,1,0.25,0.0,1,0,0.75
WSe2,Rb,37,5,4,adsorbate,adsorbate,1,1,13.332511659999964,12.934445858001709,0.39806580199825525,adsorbate:ads1,1,adsorbate:ads2,0,0.25,0.0244577599999615,1,0,-0.25
WSe2,Re,75,6,5,interstitial,interstitial,1,1,-0.3889748299999942,-0.6390066146850586,0.2500317846850644,interstitial:int4,1,interstitial:int4,1,0.2,0.0,0,1,0.8
WSe2,Ru,44,5,4,adsorbate,adsorbate,1,1,1.8696645900000126,2.1930055618286133,0.32334097182860067,adsorbate:ads1,1,adsorbate:ads1,1,0.25,0.0,1,0,0.75
WSe2,S,16,3,5,adsorbate,adsorbate,1,1,3.681840769999951,3.929641604423523,0.24780083442357181,adsorbate:ads0,1,adsorbate:ads0,1,0.2,0.0,1,0,0.8
WSe2,Sb,51,5,4,adsorbate,adsorbate,1,1,10.433653080000003,10.964674711227417,0.5310216312274143,adsorbate:ads2,1,adsorbate:ads2,1,0.25,0.0,1,0,0.75
WSe2,Sc,21,4,5,adsorbate,adsorbate,1,1,2.9265606499999985,2.7765443325042725,0.15001631749572608,adsorbate:ads1,1,adsorbate:ads1,1,0.2,0.0,1,0,0.8
WSe2,Si,14,3,4,adsorbate,adsorbate,1,1,0.3521951399999921,0.4136502742767334,0.06145513427674132,adsorbate:ads0,1,adsorbate:ads0,1,0.25,0.0,1,0,0.75
WSe2,Sn,50,5,4,adsorbate,adsorbate,1,1,11.364183720000028,11.51687741279602,0.15269369279599232,adsorbate:ads0,1,adsorbate:ads0,1,0.25,0.0,1,0,0.75
WSe2,Sr,38,5,5,adsorbate,adsorbate,1,1,10.762211349999976,9.142790794372559,1.6194205556274177,adsorbate:ads1,1,adsorbate:ads1,1,0.2,0.0,1,0,0.8
WSe2,Ta,73,6,4,interstitial,adsorbate,1,0,-0.24197691000000354,1.052401065826416,1.2943779758264196,interstitial:int4,1,adsorbate:ads1,0,0.25,0.24197691000000354,0,0,-0.25
WSe2,Tc,43,5,5,adsorbate,adsorbate,1,1,0.827752739999994,1.2995152473449707,0.4717625073449767,adsorbate:ads1,1,adsorbate:ads1,1,0.2,0.0,1,0,0.8
WSe2,Ti,22,4,4,interstitial,adsorbate,1,0,-0.144872290000023,0.10198712348937988,0.24685941348940288,interstitial:int3,1,adsorbate:ads1,0,0.25,0.144872290000023,0,0,-0.25
WSe2,Tl,81,6,5,adsorbate,adsorbate,1,1,9.623694139999998,10.42616868019104,0.8024745401910423,adsorbate:ads1,1,adsorbate:ads1,1,0.2,0.0,1,0,0.8
WSe2,V,23,4,4,interstitial,interstitial,1,1,-0.5437731499999927,-0.13139581680297852,0.4123773331970142,interstitial:int4,1,interstitial:int4,1,0.25,0.0,0,1,0.75
WSe2,Xe,54,5,4,adsorbate,adsorbate,1,1,17.36024893000001,14.909762859344482,2.450486070655529,adsorbate:ads0,1,adsorbate:ads0,1,0.25,0.0,1,0,0.75
WSe2,Y,39,5,5,adsorbate,adsorbate,1,1,5.785630340000013,5.0125157833099365,0.7731145566900768,adsorbate:ads1,1,adsorbate:ads1,1,0.2,0.0,1,0,0.8
WSe2,Zn,30,4,4,adsorbate,adsorbate,1,1,7.65709252000005,3.4113017320632935,4.245790787936756,adsorbate:ads1,1,adsorbate:ads1,1,0.25,0.0,1,0,0.75
WSe2,Zr,40,5,4,adsorbate,adsorbate,1,1,10.54771210000001,9.507058143615723,1.040653956384288,adsorbate:ads1,1,adsorbate:ads1,1,0.25,0.0,1,0,0.75
WTe2,Al,13,3,5,adsorbate,adsorbate,1,1,0.0031699399999931543,0.10595560073852539,0.10278566073853224,adsorbate:ads1,1,adsorbate:ads1,1,0.2,0.0,1,0,0.8
WTe2,As,33,4,5,adsorbate,adsorbate,1,1,2.297294590000007,3.47477126121521,1.177476671215203,adsorbate:ads0,1,adsorbate:ads0,1,0.2,0.0,1,0,0.8
WTe2,B,5,2,8,interstitial,interstitial,1,1,-3.6949596299999996,-2.8349690437316895,0.8599905862683102,interstitial:int3,1,interstitial:int4,0,0.125,0.0026104800000155137,0,1,-0.125
WTe2,Be,4,2,7,interstitial,interstitial,1,1,-1.8583633599999987,-1.7064265012741089,0.1519368587258898,interstitial:int0,1,interstitial:int4,0,0.14285714285714285,0.1568343000000143,0,1,-0.14285714285714285
WTe2,Br,35,4,5,adsorbate,adsorbate,1,1,5.924085009999999,5.771674871444702,0.15241013855529673,adsorbate:ads2,1,adsorbate:ads0,0,0.2,0.25759561999998937,1,0,-0.2
WTe2,C,6,2,7,interstitial,interstitial,1,1,-4.156462249999976,-4.44325852394104,0.28679627394106433,interstitial:int4,1,interstitial:int0,0,0.14285714285714285,0.001539559999997664,0,1,-0.14285714285714285
WTe2,Ca,20,4,7,adsorbate,adsorbate,1,1,2.9490713300000095,4.176227569580078,1.2271562395800686,adsorbate:ads1,1,adsorbate:ads1,1,0.14285714285714285,0.0,1,0,0.8571428571428572
WTe2,Cd,48,5,3,adsorbate,adsorbate,1,1,5.51690499999998,5.476226329803467,0.04067867019651317,adsorbate:ads1,1,adsorbate:ads1,1,0.3333333333333333,0.0,1,0,0.6666666666666667
WTe2,Cl,17,3,5,adsorbate,adsorbate,1,1,3.8851898700000054,3.9891836643218994,0.10399379432189404,adsorbate:ads2,1,adsorbate:ads2,1,0.2,0.0,1,0,0.8
WTe2,Co,27,4,5,interstitial,interstitial,1,1,-2.4520380600000076,-2.628143072128296,0.17610501212828833,interstitial:int4,1,interstitial:int4,1,0.2,0.0,0,1,0.8
WTe2,Cr,24,4,6,interstitial,interstitial,1,1,-1.2971503800000042,-1.8311045169830322,0.5339541369830281,interstitial:int4,1,interstitial:int4,1,0.16666666666666666,0.0,0,1,0.8333333333333334
WTe2,Cs,55,6,5,adsorbate,adsorbate,1,1,12.636917549999993,8.321242332458496,4.3156752175414965,adsorbate:ads1,1,adsorbate:ads1,1,0.2,0.0,1,0,0.8
WTe2,F,9,2,6,adsorbate,adsorbate,1,1,0.7732463799999891,0.54012131690979,0.2331250630901991,adsorbate:ads2,1,adsorbate:ads2,1,0.16666666666666666,0.0,1,0,0.8333333333333334
WTe2,Fe,26,4,6,interstitial,interstitial,1,1,-2.368233900000007,-2.2152875661849976,0.15294633381500944,interstitial:int4,1,interstitial:int4,1,0.16666666666666666,0.0,0,1,0.8333333333333334
WTe2,Ga,31,4,3,adsorbate,adsorbate,1,1,0.8715873800000229,1.123164176940918,0.2515767969408951,adsorbate:ads0,1,adsorbate:ads0,1,0.3333333333333333,0.0,1,0,0.6666666666666667
WTe2,H,1,1,8,interstitial,interstitial,1,1,-1.1058068399999854,-1.1185293197631836,0.01272247976319818,interstitial:int4,1,interstitial:int4,1,0.125,0.0,0,1,0.875
WTe2,K,19,4,5,adsorbate,adsorbate,1,1,9.05231913999998,8.945351123809814,0.10696801619016583,adsorbate:ads1,1,adsorbate:ads1,1,0.2,0.0,1,0,0.8
WTe2,Li,3,2,5,adsorbate,adsorbate,1,1,1.402377480000012,1.2744202613830566,0.1279572186169553,adsorbate:ads1,1,adsorbate:ads1,1,0.2,0.0,1,0,0.8
WTe2,Lu,71,6,7,adsorbate,adsorbate,1,1,0.18772427999999808,0.19649577140808105,0.008771491408082976,adsorbate:ads1,1,adsorbate:ads1,1,0.14285714285714285,0.0,1,0,0.8571428571428572
WTe2,Mg,12,3,5,adsorbate,adsorbate,1,1,2.3130638900000235,2.496148705482483,0.18308481548245936,adsorbate:ads1,1,adsorbate:ads0,0,0.2,0.07302530000001206,1,0,-0.2
WTe2,Mn,25,4,5,interstitial,interstitial,1,1,-2.1030361599999874,-1.5366768836975098,0.5663592763024776,interstitial:int4,1,interstitial:int4,1,0.2,0.0,0,1,0.8
WTe2,Mo,42,5,5,interstitial,interstitial,1,1,-2.2317923199999834,-2.3823108673095703,0.15051854730958691,interstitial:int4,1,interstitial:int4,1,0.2,0.0,0,1,0.8
WTe2,N,7,2,7,interstitial,interstitial,1,1,-2.7690615600000124,-3.418144106864929,0.6490825468649168,interstitial:int4,1,interstitial:int4,1,0.14285714285714285,0.0,0,1,0.8571428571428572
WTe2,Ni,28,4,5,interstitial,interstitial,1,1,-0.7038554799999872,-0.6080641746520996,0.0957913053478876,interstitial:int4,1,interstitial:int4,1,0.2,0.0,0,1,0.8
WTe2,O,8,2,7,interstitial,interstitial,1,1,-1.2822989999999947,-0.9783985614776611,0.3039004385223336,interstitial:int4,1,interstitial:int3,0,0.14285714285714285,0.0028036299999882885,0,1,-0.14285714285714285
WTe2,Os,76,6,5,interstitial,interstitial,1,1,-3.4088345500000217,-2.7665696144104004,0.6422649355896213,interstitial:int4,1,interstitial:int4,1,0.2,0.0,0,1,0.8
WTe2,P,15,3,5,interstitial,interstitial,1,1,-1.005885739999997,-1.0897600650787354,0.08387432507873838,interstitial:int4,1,interstitial:int4,1,0.2,0.0,0,1,0.8
WTe2,Pb,82,6,3,adsorbate,adsorbate,1,1,5.469228929999986,4.779529809951782,0.6896991200482034,adsorbate:ads0,1,adsorbate:ads0,1,0.3333333333333333,0.0,1,0,0.6666666666666667
WTe2,Pd,46,5,4,adsorbate,adsorbate,1,1,1.0379851799999924,0.6009389162063599,0.43704626379363254,adsorbate:ads1,1,adsorbate:ads1,1,0.25,0.0,1,0,0.75
WTe2,Rb,37,5,4,adsorbate,adsorbate,1,1,9.621138480000011,9.945948839187622,0.3248103591876106,adsorbate:ads1,1,adsorbate:ads2,0,0.25,0.03696672000000942,1,0,-0.25
WTe2,Re,75,6,5,interstitial,interstitial,1,1,-3.2943244800000007,-1.821728229522705,1.4725962504772956,interstitial:int0,1,interstitial:int4,0,0.2,0.29738938999997755,0,1,-0.2
WTe2,S,16,3,5,adsorbate,adsorbate,1,1,1.7458340599999933,1.5983989238739014,0.14743513612609194,adsorbate:ads0,1,adsorbate:ads0,1,0.2,0.0,1,0,0.8
WTe2,Sb,51,5,4,adsorbate,adsorbate,1,1,3.7529015000000068,4.191011428833008,0.43810992883300104,adsorbate:ads0,1,adsorbate:ads1,0,0.25,0.27417923999999605,1,0,-0.25
WTe2,Se,34,4,4,adsorbate,adsorbate,1,1,2.7112040300000046,1.7784738540649414,0.9327301759350632,adsorbate:ads2,1,adsorbate:ads2,1,0.25,0.0,1,0,0.75
WTe2,Si,14,3,5,interstitial,interstitial,1,1,-2.024858820000019,-1.7382103204727173,0.28664849952730176,interstitial:int4,1,interstitial:int4,1,0.2,0.0,0,1,0.8
WTe2,Sn,50,5,4,adsorbate,adsorbate,1,1,3.1572568800000056,3.5297389030456543,0.3724820230456487,adsorbate:ads0,1,adsorbate:ads1,0,0.25,0.045845720000016854,1,0,-0.25
WTe2,Sr,38,5,6,adsorbate,adsorbate,1,1,3.6592974200000015,5.383186459541321,1.7238890395413193,adsorbate:ads1,1,adsorbate:ads1,1,0.16666666666666666,0.0,1,0,0.8333333333333334
WTe2,Ti,22,4,4,adsorbate,interstitial,1,0,0.11091746000002356,-0.0627431869506836,0.17366064695070715,adsorbate:ads1,1,interstitial:int0,0,0.25,0.11091746000002356,1,-1,-0.25
WTe2,Tl,81,6,4,adsorbate,adsorbate,1,1,5.568134830000021,5.987008452415466,0.418873622415445,adsorbate:ads1,1,adsorbate:ads2,0,0.25,0.13102263000001835,1,0,-0.25
WTe2,V,23,4,5,interstitial,interstitial,1,1,-2.6056581499999822,-2.0104494094848633,0.595208740515119,interstitial:int4,1,interstitial:int4,1,0.2,0.0,0,1,0.8
WTe2,Y,39,5,4,adsorbate,adsorbate,1,1,0.05722829000001184,1.1771588325500488,1.119930542550037,adsorbate:ads1,1,adsorbate:ads1,1,0.25,0.0,1,0,0.75
WTe2,Zn,30,4,4,adsorbate,adsorbate,1,1,2.016036909999996,3.535076141357422,1.519039231357426,adsorbate:ads0,1,adsorbate:ads0,1,0.25,0.0,1,0,0.75
WTe2,Zr,40,5,4,adsorbate,interstitial,1,0,0.027859250000007663,-0.6851048469543457,0.7129640969543534,adsorbate:ads1,1,interstitial:int0,0,0.25,0.027859250000007663,1,-1,-0.25
ZrS2,Ag,47,5,5,adsorbate,adsorbate,1,1,3.37982346999999,3.776979088783264,0.3971556187832741,adsorbate:ads2,1,adsorbate:int1,0,0.2,3.073632349999997,1,0,-0.2
ZrS2,Al,13,3,5,interstitial,adsorbate,1,0,-0.09443320999997695,1.1363346576690674,1.2307678676690443,interstitial:int1,1,adsorbate:ads2,0,0.2,0.09443320999997695,0,0,-0.2
ZrS2,As,33,4,5,adsorbate,adsorbate,1,1,1.234540260000017,1.887250304222107,0.6527100442220899,adsorbate:ads1,1,adsorbate:ads1,1,0.2,0.0,1,0,0.8
ZrS2,B,5,2,4,interstitial,interstitial,1,1,-2.545205699999997,-2.872183084487915,0.32697738448791824,interstitial:ads2,1,interstitial:ads2,1,0.25,0.0,0,1,0.75
ZrS2,Ba,56,6,4,adsorbate,adsorbate,1,1,7.335332620000002,7.165985107421875,0.16934751257812675,adsorbate:ads2,1,adsorbate:ads2,1,0.25,0.0,1,0,0.75
ZrS2,Be,4,2,5,adsorbate,adsorbate,1,1,0.2144030600000234,0.32034921646118164,0.10594615646115824,adsorbate:ads2,1,adsorbate:ads2,1,0.2,0.0,1,0,0.8
ZrS2,Br,35,4,4,adsorbate,adsorbate,1,1,4.3746136100000115,4.615274906158447,0.2406612961584358,adsorbate:ads1,1,adsorbate:ads1,1,0.25,0.0,1,0,0.75
ZrS2,C,6,2,5,adsorbate,adsorbate,1,1,0.5977186000000074,0.4665102958679199,0.1312083041320875,adsorbate:ads1,1,adsorbate:ads1,1,0.2,0.0,1,0,0.8
ZrS2,Ca,20,4,5,adsorbate,adsorbate,1,1,4.888888610000009,5.116786479949951,0.22789786994994188,adsorbate:ads2,1,adsorbate:int1,0,0.2,0.0042895600000179,1,0,-0.2
ZrS2,Cd,48,5,5,adsorbate,adsorbate,1,1,4.355348400000025,3.9803807735443115,0.3749676264557138,adsorbate:ads1,1,adsorbate:ads2,0,0.2,0.003913330000017368,1,0,-0.2
ZrS2,Cl,17,3,4,adsorbate,adsorbate,1,1,3.8095005700000115,4.258277416229248,0.4487768462292365,adsorbate:ads1,1,adsorbate:ads1,1,0.25,0.0,1,0,0.75
ZrS2,Co,27,4,5,adsorbate,adsorbate,1,1,0.08634858000002066,0.12270641326904297,0.03635783326902231,adsorbate:ads2,1,adsorbate:ads2,1,0.2,0.0,1,0,0.8
ZrS2,Cr,24,4,5,adsorbate,interstitial,1,0,0.27519141999999874,-0.17678558826446533,0.4519770082644641,adsorbate:ads2,1,interstitial:int1,0,0.2,0.27519141999999874,1,-1,-0.2
ZrS2,Cu,29,4,4,adsorbate,adsorbate,1,1,2.585278970000019,2.5120928287506104,0.07318614124940881,adsorbate:ads2,1,adsorbate:ads2,1,0.25,0.0,1,0,0.75
ZrS2,F,9,2,5,adsorbate,adsorbate,1,1,0.31297988000000054,0.2500882148742676,0.06289166512573297,adsorbate:ads1,1,adsorbate:ads1,1,0.2,0.0,1,0,0.8
ZrS2,Fe,26,4,5,adsorbate,adsorbate,1,1,0.5088081700000089,0.3259173631668091,0.1828908068331998,adsorbate:ads2,1,adsorbate:ads2,1,0.2,0.0,1,0,0.8
ZrS2,Ga,31,4,3,adsorbate,adsorbate,1,1,3.7181526199999837,3.3129098415374756,0.4052427784625081,adsorbate:ads0,1,adsorbate:ads0,1,0.3333333333333333,0.0,1,0,0.6666666666666667
ZrS2,Ge,32,4,3,adsorbate,adsorbate,1,1,4.032657740000019,4.105467677116394,0.07280993711637507,adsorbate:ads1,1,adsorbate:ads1,1,0.3333333333333333,0.0,1,0,0.6666666666666667
ZrS2,H,1,1,5,adsorbate,adsorbate,1,1,0.980802060000002,0.1800684928894043,0.8007335671105977,adsorbate:ads0,1,adsorbate:ads0,1,0.2,0.0,1,0,0.8
ZrS2,Hf,72,6,5,adsorbate,adsorbate,1,1,2.4510922100000134,2.646697998046875,0.19560578804686157,adsorbate:ads2,1,adsorbate:int1,0,0.2,0.10791908999999579,1,0,-0.2
ZrS2,Ir,77,6,5,adsorbate,adsorbate,1,1,0.6378997900000059,0.18423151969909668,0.45366827030090917,adsorbate:ads2,1,adsorbate:ads2,1,0.2,0.0,1,0,0.8
ZrS2,K,19,4,4,adsorbate,adsorbate,1,1,7.296750330000009,8.088237524032593,0.7914871940325838,adsorbate:ads2,1,adsorbate:ads2,1,0.25,0.0,1,0,0.75
ZrS2,Li,3,2,5,adsorbate,adsorbate,1,1,3.596772219999991,3.8779678344726562,0.28119561447266506,adsorbate:int1,1,adsorbate:int1,1,0.2,0.0,1,0,0.8
ZrS2,Lu,71,6,5,adsorbate,adsorbate,1,1,3.4358596099999943,3.58937931060791,0.15351970060791587,adsorbate:int1,1,adsorbate:ads2,0,0.2,6.928999999900043e-05,1,0,-0.2
ZrS2,Mg,12,3,5,adsorbate,adsorbate,1,1,3.6143525399999987,3.5708518028259277,0.04350073717407099,adsorbate:ads2,1,adsorbate:int1,0,0.2,0.0015591899999948255,1,0,-0.2
ZrS2,Mn,25,4,5,adsorbate,adsorbate,1,1,3.4106261700000005,3.347520589828491,0.06310558017150925,adsorbate:ads2,1,adsorbate:ads2,1,0.2,0.0,1,0,0.8
ZrS2,Mo,42,5,5,adsorbate,adsorbate,1,1,3.7711850000000027,3.499217391014099,0.27196760898590355,adsorbate:ads2,1,adsorbate:ads2,1,0.2,0.0,1,0,0.8
ZrS2,N,7,2,4,interstitial,interstitial,1,1,-1.0142774300000217,-0.6944482326507568,0.31982919734926485,interstitial:int1,1,interstitial:int1,1,0.25,0.0,0,1,0.75
ZrS2,Nb,41,5,5,adsorbate,adsorbate,1,1,2.999505439999979,2.3348439931869507,0.6646614468130285,adsorbate:ads2,1,adsorbate:ads2,1,0.2,0.0,1,0,0.8
ZrS2,Ni,28,4,5,adsorbate,adsorbate,1,1,0.3131224100000055,0.4978933334350586,0.18477092343505308,adsorbate:ads2,1,adsorbate:ads2,1,0.2,0.0,1,0,0.8
ZrS2,O,8,2,4,adsorbate,adsorbate,1,1,0.09440456999999469,0.019958019256591797,0.0744465507434029,adsorbate:ads1,1,adsorbate:ads1,1,0.25,0.0,1,0,0.75
ZrS2,Os,76,6,4,adsorbate,adsorbate,1,1,0.8386828400000184,0.24673056602478027,0.5919522739752381,adsorbate:ads2,1,adsorbate:ads2,1,0.25,0.0,1,0,0.75
ZrS2,P,15,3,4,adsorbate,adsorbate,1,1,2.4572687099999935,2.5713549852371216,0.11408627523712811,adsorbate:ads1,1,adsorbate:ads1,1,0.25,0.0,1,0,0.75
ZrS2,Pb,82,6,2,adsorbate,adsorbate,1,1,5.259440189999991,4.0191556215286255,1.240284568471366,adsorbate:ads0,1,adsorbate:ads0,1,0.5,0.0,1,0,0.5
ZrS2,Pd,46,5,5,adsorbate,adsorbate,1,1,0.9735665999999981,0.36279726028442383,0.6107693397155742,adsorbate:ads2,1,adsorbate:ads2,1,0.2,0.0,1,0,0.8
ZrS2,Pt,78,6,5,interstitial,adsorbate,1,0,-0.003496399999988853,0.5229098796844482,0.5264062796844371,interstitial:int1,1,adsorbate:ads2,0,0.2,0.003496399999988853,0,0,-0.2
ZrS2,Rb,37,5,4,adsorbate,adsorbate,1,1,8.495290690000019,8.524946689605713,0.029655999605694205,adsorbate:ads2,1,adsorbate:ads2,1,0.25,0.0,1,0,0.75
ZrS2,Re,75,6,4,adsorbate,adsorbate,1,1,2.3855970799999966,2.041593074798584,0.3440040052014126,adsorbate:ads2,1,adsorbate:ads2,1,0.25,0.0,1,0,0.75
ZrS2,Rh,45,5,3,adsorbate,adsorbate,1,1,2.1445350299999864,1.6355783939361572,0.5089566360638291,adsorbate:ads1,1,adsorbate:ads1,1,0.3333333333333333,0.0,1,0,0.6666666666666667
ZrS2,Ru,44,5,5,interstitial,adsorbate,1,0,-0.6277435099999873,1.1247903108596802,1.7525338208596675,interstitial:int1,1,adsorbate:ads2,0,0.2,4.439929790000008,0,0,-0.2
ZrS2,Sb,51,5,4,adsorbate,adsorbate,1,1,4.167324199999996,4.399889826774597,0.23256562677460124,adsorbate:ads1,1,adsorbate:ads1,1,0.25,0.0,1,0,0.75
ZrS2,Sc,21,4,5,adsorbate,adsorbate,1,1,3.2850252699999767,3.2208616733551025,0.06416359664487414,adsorbate:ads2,1,adsorbate:ads2,1,0.2,0.0,1,0,0.8
ZrS2,Se,34,4,5,adsorbate,adsorbate,1,1,2.4079281200000087,1.756577491760254,0.6513506282397548,adsorbate:ads1,1,adsorbate:ads1,1,0.2,0.0,1,0,0.8
ZrS2,Si,14,3,5,adsorbate,interstitial,1,0,1.08630272000002,-0.05030977725982666,1.1366124972598466,adsorbate:ads1,1,interstitial:ads2,0,0.2,1.2254311900000232,1,-1,-0.2
ZrS2,Sn,50,5,4,adsorbate,adsorbate,1,1,2.931339159999993,0.06543314456939697,2.865906015430596,adsorbate:ads1,1,adsorbate:ads1,1,0.25,0.0,1,0,0.75
ZrS2,Ta,73,6,5,adsorbate,adsorbate,1,1,2.2277167399999764,2.679104804992676,0.45138806499269934,adsorbate:int1,1,adsorbate:int1,1,0.2,0.0,1,0,0.8
ZrS2,Tc,43,5,3,adsorbate,adsorbate,1,1,3.860940389999996,4.01719057559967,0.1562501855996743,adsorbate:ads2,1,adsorbate:ads2,1,0.3333333333333333,0.0,1,0,0.6666666666666667
ZrS2,Te,52,5,4,adsorbate,adsorbate,1,1,4.81903699,3.8536036014556885,0.9654333885443114,adsorbate:ads1,1,adsorbate:ads0,0,0.25,0.4002538299999969,1,0,-0.25
ZrS2,Ti,22,4,5,adsorbate,adsorbate,1,1,2.888000290000008,2.5855295658111572,0.3024707241888507,adsorbate:ads2,1,adsorbate:int1,0,0.2,0.10966861,1,0,-0.2
ZrS2,Tl,81,6,5,adsorbate,adsorbate,1,1,3.4878401400000034,4.542033433914185,1.0541932939141812,adsorbate:ads2,1,adsorbate:ads2,1,0.2,0.0,1,0,0.8
ZrS2,V,23,4,4,interstitial,interstitial,1,1,-1.1098644599999827,-0.9111328125,0.19873164749998273,interstitial:int1,1,interstitial:int1,1,0.25,0.0,0,1,0.75
ZrS2,W,74,6,4,interstitial,interstitial,1,1,-1.5175893200000141,-1.137974500656128,0.3796148193438862,interstitial:int1,1,interstitial:int1,1,0.25,0.0,0,1,0.75
ZrS2,Y,39,5,4,adsorbate,adsorbate,1,1,3.8702399400000047,3.6177213191986084,0.2525186208013963,adsorbate:ads2,1,adsorbate:int1,0,0.25,5.5570000000670916e-05,1,0,-0.25
ZrS2,Zn,30,4,4,adsorbate,adsorbate,1,1,2.9934352299999887,2.8948365449905396,0.09859868500944913,adsorbate:int1,1,adsorbate:ads1,0,0.25,0.5108458699999971,1,0,-0.25
ZrSe2,Ag,47,5,5,adsorbate,adsorbate,1,1,2.158476500000006,2.2563143968582153,0.0978378968582092,adsorbate:int2,1,adsorbate:int2,1,0.2,0.0,1,0,0.8
ZrSe2,Al,13,3,5,interstitial,adsorbate,1,0,-0.3764075500000103,0.020477652549743652,0.39688520254975396,interstitial:int2,1,adsorbate:ads2,0,0.2,0.3764075500000103,0,0,-0.2
ZrSe2,As,33,4,5,adsorbate,adsorbate,1,1,1.645139610000001,1.630586862564087,0.01455274743591417,adsorbate:ads1,1,adsorbate:ads1,1,0.2,0.0,1,0,0.8
ZrSe2,Au,79,6,5,adsorbate,adsorbate,1,1,1.475732440000002,1.4198709726333618,0.055861467366640216,adsorbate:int2,1,adsorbate:int2,1,0.2,0.0,1,0,0.8
ZrSe2,B,5,2,6,interstitial,interstitial,1,1,-2.6767585799999836,-1.7485575675964355,0.928201012403548,interstitial:ads2,1,interstitial:ads2,1,0.16666666666666666,0.0,0,1,0.8333333333333334
ZrSe2,Ba,56,6,4,adsorbate,adsorbate,1,1,5.576862610000006,5.465200424194336,0.11166218580567033,adsorbate:ads2,1,adsorbate:ads2,1,0.25,0.0,1,0,0.75
ZrSe2,Be,4,2,5,interstitial,interstitial,1,1,-0.10588394000001239,-0.06340336799621582,0.04248057200379657,interstitial:int2,1,interstitial:int2,1,0.2,0.0,0,1,0.8
ZrSe2,Br,35,4,4,adsorbate,adsorbate,1,1,2.962442409999994,2.819612741470337,0.14282966852965728,adsorbate:ads2,1,adsorbate:ads2,1,0.25,0.0,1,0,0.75
ZrSe2,C,6,2,5,interstitial,interstitial,1,1,-1.2789060400000105,-2.842536449432373,1.5636304094323625,interstitial:int2,1,interstitial:int2,1,0.2,0.0,0,1,0.8
ZrSe2,Ca,20,4,5,adsorbate,adsorbate,1,1,3.5276616300000114,3.707958936691284,0.18029730669127275,adsorbate:int2,1,adsorbate:ads2,0,0.2,0.002034560000026664,1,0,-0.2
ZrSe2,Cd,48,5,3,adsorbate,adsorbate,1,1,2.6215481799999907,2.4865567684173584,0.13499141158263228,adsorbate:ads0,1,adsorbate:ads0,1,0.3333333333333333,0.0,1,0,0.6666666666666667
ZrSe2,Cl,17,3,5,adsorbate,adsorbate,1,1,3.270729200000005,2.956831932067871,0.3138972679321341,adsorbate:ads1,1,adsorbate:ads1,1,0.2,0.0,1,0,0.8
ZrSe2,Co,27,4,5,interstitial,interstitial,1,1,-0.15697146999997358,-0.35446596145629883,0.19749449145632525,interstitial:int2,1,interstitial:int2,1,0.2,0.0,0,1,0.8
ZrSe2,Cr,24,4,5,adsorbate,adsorbate,1,1,1.2409815299999991,0.25254833698272705,0.9884331930172721,adsorbate:ads1,1,adsorbate:ads2,0,0.2,4.213088510000006,1,0,-0.2
ZrSe2,Cs,55,6,4,adsorbate,adsorbate,1,1,7.779503489999996,7.591488361358643,0.1880151286413536,adsorbate:ads2,1,adsorbate:ads1,0,0.25,0.07009221999999315,1,0,-0.25
ZrSe2,Cu,29,4,5,adsorbate,adsorbate,1,1,0.1981509099999812,0.3928340673446655,0.19468315734468433,adsorbate:ads2,1,adsorbate:ads2,1,0.2,0.0,1,0,0.8
ZrSe2,F,9,2,5,adsorbate,adsorbate,1,1,0.2611724099999999,0.1622180938720703,0.0989543161279296,adsorbate:ads1,1,adsorbate:ads1,1,0.2,0.0,1,0,0.8
ZrSe2,Fe,26,4,5,adsorbate,adsorbate,1,1,0.032452199999994435,0.2758166790008545,0.24336447900086006,adsorbate:ads2,1,adsorbate:ads2,1,0.2,0.0,1,0,0.8
ZrSe2,Ga,31,4,5,adsorbate,adsorbate,1,1,1.0236677600000235,0.9914921522140503,0.03217560778597317,adsorbate:ads2,1,adsorbate:ads2,1,0.2,0.0,1,0,0.8
ZrSe2,Ge,32,4,5,adsorbate,adsorbate,1,1,1.8565929600000004,1.7544474601745605,0.10214549982543986,adsorbate:ads1,1,adsorbate:ads2,0,0.2,0.6205153600000131,1,0,-0.2
ZrSe2,H,1,1,6,interstitial,adsorbate,1,0,-0.1385406400000022,0.324849009513855,0.4633896495138572,interstitial:int1,1,adsorbate:ads0,0,0.16666666666666666,0.1385406400000022,0,0,-0.16666666666666666
ZrSe2,Hf,72,6,5,adsorbate,adsorbate,1,1,1.274017750000013,1.5356227159500122,0.26160496594999927,adsorbate:int2,1,adsorbate:ads2,0,0.2,0.08773117000001211,1,0,-0.2
ZrSe2,Hg,80,6,5,adsorbate,adsorbate,1,1,4.067366609999993,4.137791395187378,0.07042478518738449,adsorbate:ads1,1,adsorbate:ads1,1,0.2,0.0,1,0,0.8
ZrSe2,I,53,5,4,adsorbate,adsorbate,1,1,5.422739460000003,4.943973064422607,0.478766395577396,adsorbate:ads0,1,adsorbate:ads1,0,0.25,0.02102249000000711,1,0,-0.25
ZrSe2,Ir,77,6,4,interstitial,interstitial,1,1,-0.9794338400000131,-1.1917574405670166,0.2123236005670035,interstitial:int2,1,interstitial:int2,1,0.25,0.0,0,1,0.75
ZrSe2,K,19,4,4,adsorbate,adsorbate,1,1,5.7541019800000015,5.961488723754883,0.2073867437548813,adsorbate:ads2,1,adsorbate:ads2,1,0.25,0.0,1,0,0.75
ZrSe2,Li,3,2,6,adsorbate,adsorbate,1,1,0.6989196799999888,0.2162032127380371,0.4827164672619517,adsorbate:int1,1,adsorbate:ads2,0,0.16666666666666666,0.14548840000000496,1,0,-0.16666666666666666
ZrSe2,Lu,71,6,4,adsorbate,adsorbate,1,1,2.0079022599999803,2.1027023792266846,0.09480011922670428,adsorbate:int2,1,adsorbate:int2,1,0.25,0.0,1,0,0.75
ZrSe2,Mg,12,3,5,adsorbate,adsorbate,1,1,2.3265285800000015,2.463944673538208,0.1374160935382065,adsorbate:ads2,1,adsorbate:int2,0,0.2,0.09199681000001192,1,0,-0.2
ZrSe2,Mn,25,4,5,interstitial,adsorbate,1,0,-0.03912722999999119,0.029770851135253906,0.06889808113524509,interstitial:int2,1,adsorbate:ads2,0,0.2,0.03912722999999119,0,0,-0.2
ZrSe2,Mo,42,5,4,interstitial,interstitial,1,1,-1.3771021100000098,-1.4447028636932373,0.06760075369322749,interstitial:int2,1,interstitial:int2,1,0.25,0.0,0,1,0.75
ZrSe2,N,7,2,5,interstitial,interstitial,1,1,-1.7599386900000127,-1.6535934209823608,0.10634526901765184,interstitial:int2,1,interstitial:int2,1,0.2,0.0,0,1,0.8
ZrSe2,Nb,41,5,5,adsorbate,adsorbate,1,1,0.27777156999999875,0.1398766040802002,0.13789496591979855,adsorbate:ads2,1,adsorbate:ads2,1,0.2,0.0,1,0,0.8
ZrSe2,Ni,28,4,3,interstitial,interstitial,1,1,-1.0291363899999908,-0.9444863796234131,0.08465001037657771,interstitial:int2,1,interstitial:int2,1,0.3333333333333333,0.0,0,1,0.6666666666666667
ZrSe2,O,8,2,5,interstitial,interstitial,1,1,-0.8628190100000097,-0.41721296310424805,0.44560604689576166,interstitial:int2,1,interstitial:int2,1,0.2,0.0,0,1,0.8
ZrSe2,Os,76,6,5,adsorbate,adsorbate,1,1,0.3521673600000095,0.18894243240356445,0.16322492759644502,adsorbate:ads2,1,adsorbate:ads2,1,0.2,0.0,1,0,0.8
ZrSe2,P,15,3,5,adsorbate,adsorbate,1,1,1.2319696499999964,1.1498630046844482,0.08210664531554812,adsorbate:ads1,1,adsorbate:ads2,0,0.2,0.24799878000001774,1,0,-0.2
ZrSe2,Pd,46,5,5,adsorbate,interstitial,1,0,0.7702318300000001,-0.32355499267578125,1.0937868226757814,adsorbate:ads2,1,interstitial:int2,0,0.2,0.7702318300000001,1,-1,-0.2
ZrSe2,Pt,78,6,5,interstitial,interstitial,1,1,-1.8887106599999868,-0.9941384792327881,0.8945721807671987,interstitial:int2,1,interstitial:int2,1,0.2,0.0,0,1,0.8
ZrSe2,Rb,37,5,4,adsorbate,adsorbate,1,1,6.716765009999989,7.155520677566528,0.4387556675665394,adsorbate:ads2,1,adsorbate:ads2,1,0.25,0.0,1,0,0.75
ZrSe2,Re,75,6,3,adsorbate,adsorbate,1,1,0.38403974999999857,0.6695988178253174,0.2855590678253188,adsorbate:ads2,1,adsorbate:ads2,1,0.3333333333333333,0.0,1,0,0.6666666666666667
ZrSe2,Rh,45,5,4,interstitial,interstitial,1,1,-0.6863536700000168,-1.2631163597106934,0.5767626897106766,interstitial:int2,1,interstitial:int2,1,0.25,0.0,0,1,0.75
ZrSe2,Ru,44,5,5,adsorbate,interstitial,1,0,0.38239748999998824,-0.3740262985229492,0.7564237885229375,adsorbate:ads2,1,interstitial:int2,0,0.2,0.38239748999998824,1,-1,-0.2
ZrSe2,S,16,3,4,adsorbate,adsorbate,1,1,1.6043215100000054,1.1003155708312988,0.5040059391687066,adsorbate:ads1,1,adsorbate:ads1,1,0.25,0.0,1,0,0.75
ZrSe2,Sb,51,5,5,adsorbate,adsorbate,1,1,2.4682015599999825,1.1428159475326538,1.3253856124673287,adsorbate:ads1,1,adsorbate:ads2,0,0.2,0.866533930000003,1,0,-0.2
ZrSe2,Sc,21,4,5,adsorbate,adsorbate,1,1,2.0662620599999855,2.139437198638916,0.07317513863893055,adsorbate:ads2,1,adsorbate:ads2,1,0.2,0.0,1,0,0.8
ZrSe2,Si,14,3,5,adsorbate,adsorbate,1,1,0.7827627900000209,0.9571676254272461,0.17440483542722518,adsorbate:ads1,1,adsorbate:ads1,1,0.2,0.0,1,0,0.8
ZrSe2,Sn,50,5,5,adsorbate,adsorbate,1,1,2.0990258699999913,2.0905423164367676,0.008483553563223722,adsorbate:ads2,1,adsorbate:ads1,0,0.2,0.21331401000000483,1,0,-0.2
ZrSe2,Sr,38,5,4,adsorbate,adsorbate,1,1,4.374790740000009,4.025943756103516,0.34884698389649316,adsorbate:ads2,1,adsorbate:ads2,1,0.25,0.0,1,0,0.75
ZrSe2,Ta,73,6,4,adsorbate,adsorbate,1,1,1.3484215599999916,1.393194556236267,0.04477299623627551,adsorbate:ads2,1,adsorbate:ads2,1,0.25,0.0,1,0,0.75
ZrSe2,Tc,43,5,5,adsorbate,adsorbate,1,1,0.6189286000000043,0.32436180114746094,0.29456679885254333,adsorbate:ads2,1,adsorbate:ads2,1,0.2,0.0,1,0,0.8
ZrSe2,Te,52,5,4,adsorbate,adsorbate,1,1,2.3356970400000137,1.1198018789291382,1.2158951610708755,adsorbate:ads0,1,adsorbate:ads0,1,0.25,0.0,1,0,0.75
ZrSe2,Ti,22,4,5,adsorbate,interstitial,1,0,0.0347079099999803,-0.08796048164367676,0.12266839164365706,adsorbate:ads2,1,interstitial:int2,0,0.2,0.0347079099999803,1,-1,-0.2
ZrSe2,Tl,81,6,4,adsorbate,adsorbate,1,1,4.91653070000001,5.091395378112793,0.17486467811278317,adsorbate:ads1,1,adsorbate:ads2,0,0.25,0.15015776999999267,1,0,-0.25
ZrSe2,V,23,4,5,adsorbate,adsorbate,1,1,0.38260264999999555,0.13097679615020752,0.25162585384978803,adsorbate:ads2,1,adsorbate:ads2,1,0.2,0.0,1,0,0.8
ZrSe2,W,74,6,4,adsorbate,adsorbate,1,1,0.7138001700000132,0.25957274436950684,0.45422742563050633,adsorbate:ads2,1,adsorbate:ads2,1,0.25,0.0,1,0,0.75
ZrSe2,Xe,54,5,4,adsorbate,adsorbate,1,1,8.185495739999991,6.3976733684539795,1.787822371546012,adsorbate:ads1,1,adsorbate:ads0,0,0.25,0.5548727299999995,1,0,-0.25
ZrSe2,Y,39,5,5,adsorbate,adsorbate,1,1,2.4811621800000125,2.2185229063034058,0.2626392736966068,adsorbate:ads2,1,adsorbate:int2,0,0.2,0.26592106999999054,1,0,-0.2
ZrSe2,Zn,30,4,4,adsorbate,adsorbate,1,1,1.88028392999999,2.2795608043670654,0.3992768743670754,adsorbate:ads2,1,adsorbate:ads2,1,0.25,0.0,1,0,0.75
