model,family,regime,split_id,seed,manifest_path,manifest_sha256,prediction_path,git_commit,config_sha256,expected_config_path,controlled_output_dir,validation_mae,validation_rmse,validation_bias,validation_spearman,validation_r2,test_mae,test_rmse,test_bias,test_spearman,test_r2
dart,dart,id_repeat,id_repeat_s42,142,/storage/ssd/metaiot_guest/yiminghua/prm_runs_v2/factorial/g111/split42_seed142/run_manifest.json,2a42b0a9c8f617f80d825085635d6fe9eda613968d36990e8a0d269498c2ca64,/storage/ssd/metaiot_guest/yiminghua/prm_runs_v2/factorial/g111/split42_seed142/test_predictions.npz,7a6593a7eaaf991fd9c18a15653c3d888b060c7e,0f25a9fb93e38978407fce309bfde4fd098ec22ee83f9fcc1588e69fc4aabc9a,/storage/ssd/metaiot_guest/yiminghua/prm_collectors/final-ac585d5-comparison/configs/prm/generated/factorial/g111_split42_seed142.yaml,factorial/g111/split42_seed142,0.3890390964680572,0.976302986299612,-0.04928253520710244,0.9711386084055822,0.916440406112877,0.39034147748226555,0.9135415979028574,-0.021174236209853713,0.9702585660376412,0.9184871682338025
dart,dart,id_repeat,id_repeat_s43,143,/storage/ssd/metaiot_guest/yiminghua/prm_runs_v2/factorial/g111/split43_seed143/run_manifest.json,7028cda23cb260b88e289c5544067eaa980ec58289a296151556c39392e5762b,/storage/ssd/metaiot_guest/yiminghua/prm_runs_v2/factorial/g111/split43_seed143/test_predictions.npz,7a6593a7eaaf991fd9c18a15653c3d888b060c7e,6ee1a57eab3bd013eac64ebd73a416523e7564fa48c83e3773d7e5f1aeeac9ac,/storage/ssd/metaiot_guest/yiminghua/prm_collectors/final-ac585d5-comparison/configs/prm/generated/factorial/g111_split43_seed143.yaml,factorial/g111/split43_seed143,0.3774573954715468,0.8723901892126842,-0.021202111554383136,0.9686370552490474,0.9223541059203557,0.3802348730660281,0.7854303275391313,3.182204685584512e-05,0.9642037451542602,0.9354921893374197
dart,dart,id_repeat,id_repeat_s44,144,/storage/ssd/metaiot_guest/yiminghua/prm_runs_v2/factorial/g111/split44_seed144/run_manifest.json,3f9220727ebc48db609992010a547ea3890fb666da6871c92257c81c32cb3045,/storage/ssd/metaiot_guest/yiminghua/prm_runs_v2/factorial/g111/split44_seed144/test_predictions.npz,7a6593a7eaaf991fd9c18a15653c3d888b060c7e,518ba6044e22860cedfca027fd05ad0b3522eab23754945ac5fcee4d7f8cc26f,/storage/ssd/metaiot_guest/yiminghua/prm_collectors/final-ac585d5-comparison/configs/prm/generated/factorial/g111_split44_seed144.yaml,factorial/g111/split44_seed144,0.3495010249947465,0.7388498297419744,-0.031895214444603415,0.9731246545063158,0.9400776718177962,0.37347444701887017,0.8903461718219631,-0.03399760642372079,0.97037747900299,0.9262397103842301
dart,dart,id_repeat,id_repeat_s45,145,/storage/ssd/metaiot_guest/yiminghua/prm_runs_v2/factorial/g111/split45_seed145/run_manifest.json,d75589424c57da074cba9a766a1932d7b40962fc2e541a62e78aee6b31e2fb49,/storage/ssd/metaiot_guest/yiminghua/prm_runs_v2/factorial/g111/split45_seed145/test_predictions.npz,7a6593a7eaaf991fd9c18a15653c3d888b060c7e,43eb091ed3862b645da73dba4d375921a56db8b844f8855604948c5f900eb257,/storage/ssd/metaiot_guest/yiminghua/prm_collectors/final-ac585d5-comparison/configs/prm/generated/factorial/g111_split45_seed145.yaml,factorial/g111/split45_seed145,0.3549156129238772,0.7371319186681828,-0.03783846798194791,0.9757684479048432,0.9517679041411882,0.382700669743077,0.8549168671192109,-0.03532078407817718,0.9775547938928615,0.9287152055284807
dart,dart,id_repeat,id_repeat_s46,146,/storage/ssd/metaiot_guest/yiminghua/prm_runs_v2/factorial/g111/split46_seed146/run_manifest.json,0cdb990175816805cac6a194dfbd1e78b0dbdf32661cfdda92f69128c5c4ca7e,/storage/ssd/metaiot_guest/yiminghua/prm_runs_v2/factorial/g111/split46_seed146/test_predictions.npz,7a6593a7eaaf991fd9c18a15653c3d888b060c7e,48e88a8c0f3124361cd5e18e26bfc8b1b19bdca50ad249677193b8e94f10e5a1,/storage/ssd/metaiot_guest/yiminghua/prm_collectors/final-ac585d5-comparison/configs/prm/generated/factorial/g111_split46_seed146.yaml,factorial/g111/split46_seed146,0.38562186925495207,0.8646813179535453,-0.06303614030779867,0.9671503957183002,0.9229058803330991,0.38316909726781956,0.8685575164082453,-0.06764785655276197,0.9675327029149045,0.9268132839876866
dart,dart,chemistry_block,chemistry_block_g6x3d,242,/storage/ssd/metaiot_guest/yiminghua/prm_runs_v2/selected/g111/transfer/chemistry_block_g6x3d/seed242/run_manifest.json,ecb1ad46ba7d3171a786fe2bf3f6f5051832d0f26d261e0cf58cef80d273e1e9,/storage/ssd/metaiot_guest/yiminghua/prm_runs_v2/selected/g111/transfer/chemistry_block_g6x3d/seed242/test_predictions.npz,6c401374baa9ac22b5fa4353d467366ac7cc222f,0aad45a2bd9e575abe57e9e9fbe9c9d5548b1d6ff13436810a4cf858c5d08735,/storage/ssd/metaiot_guest/yiminghua/prm_collectors/final-ac585d5-comparison/configs/prm/promoted/g111/transfer/chemistry_block_g6x3d_seed242.yaml,selected/g111/transfer/chemistry_block_g6x3d/seed242,0.35578610641275965,0.740514034474539,-0.05538402147896548,0.951701600490271,0.9324338148271397,0.41708955470829795,0.8020638445015028,0.1565935242665957,0.9312200276896955,0.8869144548813181
dart,dart,chemistry_block,chemistry_block_g6x3d,243,/storage/ssd/metaiot_guest/yiminghua/prm_runs_v2/selected/g111/transfer/chemistry_block_g6x3d/seed243/run_manifest.json,0a4094175e264078fef1c1ece26cf62e659b73247c99d3e0240522892442e26a,/storage/ssd/metaiot_guest/yiminghua/prm_runs_v2/selected/g111/transfer/chemistry_block_g6x3d/seed243/test_predictions.npz,6c401374baa9ac22b5fa4353d467366ac7cc222f,dee57406fc8b64e34faf987a26d224eb88f01a24c366ac2d72c5e565f1da253c,/storage/ssd/metaiot_guest/yiminghua/prm_collectors/final-ac585d5-comparison/configs/prm/promoted/g111/transfer/chemistry_block_g6x3d_seed243.yaml,selected/g111/transfer/chemistry_block_g6x3d/seed243,0.3705222313580233,0.8021643957931625,-0.05349926396788809,0.9482609391933048,0.9207152657030095,0.4407183490387381,0.7597734043176522,0.04727095120573697,0.9131727361443869,0.898525390004959
dart,dart,chemistry_block,chemistry_block_g6x3d,244,/storage/ssd/metaiot_guest/yiminghua/prm_runs_v2/selected/g111/transfer/chemistry_block_g6x3d/seed244/run_manifest.json,927550f5823c90c02f164bbd7071f71e700bee7f14b546cba91d94b05a1eda66,/storage/ssd/metaiot_guest/yiminghua/prm_runs_v2/selected/g111/transfer/chemistry_block_g6x3d/seed244/test_predictions.npz,6c401374baa9ac22b5fa4353d467366ac7cc222f,d37c32fc3f7c1dfa6931402e7622258526acef8f6fa19cd9ddd6de8d17f5e2e6,/storage/ssd/metaiot_guest/yiminghua/prm_collectors/final-ac585d5-comparison/configs/prm/promoted/g111/transfer/chemistry_block_g6x3d_seed244.yaml,selected/g111/transfer/chemistry_block_g6x3d/seed244,0.36885968412858466,0.8079812861143578,-0.08784730542796634,0.9499090066302662,0.919561231027747,0.42916971200133025,0.7471556686453238,0.050507083984270486,0.9184245930804649,0.901867828723711
dart,dart,dopant_cv,dopant_cv5_f0,242,/storage/ssd/metaiot_guest/yiminghua/prm_runs_v2/selected/g111/transfer/dopant_cv5_f0/seed242/run_manifest.json,b1cadc0fdc55012e73639005041318ffb0629ad9e628fcbe0e4b1d411ebbc512,/storage/ssd/metaiot_guest/yiminghua/prm_runs_v2/selected/g111/transfer/dopant_cv5_f0/seed242/test_predictions.npz,6c401374baa9ac22b5fa4353d467366ac7cc222f,cf381921594ace2e8348af943b8a353759e9674d73790ccf3f3d6f934f6baa72,/storage/ssd/metaiot_guest/yiminghua/prm_collectors/final-ac585d5-comparison/configs/prm/promoted/g111/transfer/dopant_cv5_f0_seed242.yaml,selected/g111/transfer/dopant_cv5_f0/seed242,0.7431124639297971,1.243678507576422,-0.06793150822523507,0.922429336629632,0.8452729775801823,0.7189142210213482,1.1297891067402686,-0.08589909887060151,0.9226550704246007,0.8842040379490802
dart,dart,dopant_cv,dopant_cv5_f0,243,/storage/ssd/metaiot_guest/yiminghua/prm_runs_v2/selected/g111/transfer/dopant_cv5_f0/seed243/run_manifest.json,37d594681fcb1afe6a91681e532bc6b545f49fc437f404dd0457896647916367,/storage/ssd/metaiot_guest/yiminghua/prm_runs_v2/selected/g111/transfer/dopant_cv5_f0/seed243/test_predictions.npz,6c401374baa9ac22b5fa4353d467366ac7cc222f,5370f950c438ff7309f94bf59128c2b51f4277ff4a5838dbecff5e43e20f1651,/storage/ssd/metaiot_guest/yiminghua/prm_collectors/final-ac585d5-comparison/configs/prm/promoted/g111/transfer/dopant_cv5_f0_seed243.yaml,selected/g111/transfer/dopant_cv5_f0/seed243,0.7512611514086668,1.239635652368063,-0.013792017466459288,0.9216917107367794,0.8462772921478372,0.7129025428828311,1.0877272438251575,-0.029988596743059034,0.9254161984515368,0.8926656670233809
dart,dart,dopant_cv,dopant_cv5_f0,244,/storage/ssd/metaiot_guest/yiminghua/prm_runs_v2/selected/g111/transfer/dopant_cv5_f0/seed244/run_manifest.json,2088e848c489e9df7747f332887b23605b2201568059ebdfdcaac67daba3a78f,/storage/ssd/metaiot_guest/yiminghua/prm_runs_v2/selected/g111/transfer/dopant_cv5_f0/seed244/test_predictions.npz,6c401374baa9ac22b5fa4353d467366ac7cc222f,255bfa4582d88796a9b8447d117c543115e705cfe7516fdd71bb15dc1dd0a7e8,/storage/ssd/metaiot_guest/yiminghua/prm_collectors/final-ac585d5-comparison/configs/prm/promoted/g111/transfer/dopant_cv5_f0_seed244.yaml,selected/g111/transfer/dopant_cv5_f0/seed244,0.7562391286019566,1.2510912438316146,-0.07941252523252854,0.9219120156312983,0.8434230321084304,0.6888197423552525,1.1034159673939232,-0.0836400766309505,0.9320858639345563,0.8895470860583384
dart,dart,dopant_cv,dopant_cv5_f1,242,/storage/ssd/metaiot_guest/yiminghua/prm_runs_v2/selected/g111/transfer/dopant_cv5_f1/seed242/run_manifest.json,6b7b185f56d7e1421cca217ca50b8bb6759726c9aeb77d69133342f1178a71ac,/storage/ssd/metaiot_guest/yiminghua/prm_runs_v2/selected/g111/transfer/dopant_cv5_f1/seed242/test_predictions.npz,6c401374baa9ac22b5fa4353d467366ac7cc222f,ee95586d02950f8c9b089ccedfd32aeccca6cd82f25a5256a359da106036f50f,/storage/ssd/metaiot_guest/yiminghua/prm_collectors/final-ac585d5-comparison/configs/prm/promoted/g111/transfer/dopant_cv5_f1_seed242.yaml,selected/g111/transfer/dopant_cv5_f1/seed242,0.8776778525353138,1.3039909507039331,-0.11066375046910994,0.8770629423914541,0.8369581851798052,0.848233034369297,1.3658136736889204,-0.11275122890199951,0.9013614623346866,0.8133908983323087
dart,dart,dopant_cv,dopant_cv5_f1,243,/storage/ssd/metaiot_guest/yiminghua/prm_runs_v2/selected/g111/transfer/dopant_cv5_f1/seed243/run_manifest.json,302ec400f8cc09eeb296f8e3523fab24986f9e7616a8363c561e3ae8a22effe5,/storage/ssd/metaiot_guest/yiminghua/prm_runs_v2/selected/g111/transfer/dopant_cv5_f1/seed243/test_predictions.npz,6c401374baa9ac22b5fa4353d467366ac7cc222f,7b96eae0868b581e7a7e04e1d2403ab642912420f7347202aa2d9dfc65805ef2,/storage/ssd/metaiot_guest/yiminghua/prm_collectors/final-ac585d5-comparison/configs/prm/promoted/g111/transfer/dopant_cv5_f1_seed243.yaml,selected/g111/transfer/dopant_cv5_f1/seed243,0.812896599939976,1.238281367555094,0.037550300883081804,0.8986479251124145,0.8529759025554204,0.8776085525815757,1.3322594276567916,0.031379079062955235,0.9043630077582331,0.8224472047108202
dart,dart,dopant_cv,dopant_cv5_f1,244,/storage/ssd/metaiot_guest/yiminghua/prm_runs_v2/selected/g111/transfer/dopant_cv5_f1/seed244/run_manifest.json,386d3c1d50c77a7dd2f2e53ab71ee34e8d600e15bd2272527a3a8a31f55fa334,/storage/ssd/metaiot_guest/yiminghua/prm_runs_v2/selected/g111/transfer/dopant_cv5_f1/seed244/test_predictions.npz,6c401374baa9ac22b5fa4353d467366ac7cc222f,5be88870d0f0b0193ccf74cf0e46acf4015dafbc96678f56537659e0ea5d481f,/storage/ssd/metaiot_guest/yiminghua/prm_collectors/final-ac585d5-comparison/configs/prm/promoted/g111/transfer/dopant_cv5_f1_seed244.yaml,selected/g111/transfer/dopant_cv5_f1/seed244,0.8270881678763117,1.2317147815239466,0.15156104816073673,0.892471150878671,0.8545311008108132,0.8254829931899861,1.2990757451036326,0.10370743255849871,0.9119781904194103,0.8311819583558957
dart,dart,dopant_cv,dopant_cv5_f2,242,/storage/ssd/metaiot_guest/yiminghua/prm_runs_v2/selected/g111/transfer/dopant_cv5_f2/seed242/run_manifest.json,3be4a74898ff9c0dae7a6f645dfb3bccafb43ec89266ca76b0a9eb0952941507,/storage/ssd/metaiot_guest/yiminghua/prm_runs_v2/selected/g111/transfer/dopant_cv5_f2/seed242/test_predictions.npz,6c401374baa9ac22b5fa4353d467366ac7cc222f,22608e2f34ebe8e3d6dd02172c9074bf184d8c631a60e8278c35a914a0e3d1bc,/storage/ssd/metaiot_guest/yiminghua/prm_collectors/final-ac585d5-comparison/configs/prm/promoted/g111/transfer/dopant_cv5_f2_seed242.yaml,selected/g111/transfer/dopant_cv5_f2/seed242,0.9432314284036777,1.4367294139417845,0.3398962955161621,0.8325988928524596,0.793040608830223,0.8798012161412141,1.334148507509737,-0.0652476540704173,0.876559858621098,0.8293296043901833
dart,dart,dopant_cv,dopant_cv5_f2,243,/storage/ssd/metaiot_guest/yiminghua/prm_runs_v2/selected/g111/transfer/dopant_cv5_f2/seed243/run_manifest.json,e3ee4612e8690f195736bc4181e94c6f358b1779942118b4c717b168311162b6,/storage/ssd/metaiot_guest/yiminghua/prm_runs_v2/selected/g111/transfer/dopant_cv5_f2/seed243/test_predictions.npz,6c401374baa9ac22b5fa4353d467366ac7cc222f,4b99fa8fbe7a951ed18703bd91d59e3199a9b68f1a9d9c18f307778ca9db0c1f,/storage/ssd/metaiot_guest/yiminghua/prm_collectors/final-ac585d5-comparison/configs/prm/promoted/g111/transfer/dopant_cv5_f2_seed243.yaml,selected/g111/transfer/dopant_cv5_f2/seed243,0.9988919248106627,1.4843062372152536,0.4663963072626161,0.8287534418311563,0.7791068762849939,0.7821545157114994,1.2092119087303614,-0.13976343946844288,0.9074156853629922,0.8597978489091676
dart,dart,dopant_cv,dopant_cv5_f2,244,/storage/ssd/metaiot_guest/yiminghua/prm_runs_v2/selected/g111/transfer/dopant_cv5_f2/seed244/run_manifest.json,3270ee6978aea9e26f469cc1ac947aaf95de8e6754f1b9889c64773772973ed1,/storage/ssd/metaiot_guest/yiminghua/prm_runs_v2/selected/g111/transfer/dopant_cv5_f2/seed244/test_predictions.npz,6c401374baa9ac22b5fa4353d467366ac7cc222f,4a89add23aefec5c42e86248c20b9acf75d896ecc70fc93abe2877cf0db2e397,/storage/ssd/metaiot_guest/yiminghua/prm_collectors/final-ac585d5-comparison/configs/prm/promoted/g111/transfer/dopant_cv5_f2_seed244.yaml,selected/g111/transfer/dopant_cv5_f2/seed244,1.0463143264230517,1.551015080669899,0.3200175539197684,0.7986738278971638,0.758805604038985,0.8991282224499171,1.3535536207036036,-0.18052886582817063,0.8825746175414504,0.8243287160081804
dart,dart,dopant_cv,dopant_cv5_f3,242,/storage/ssd/metaiot_guest/yiminghua/prm_runs_v2/selected/g111/transfer/dopant_cv5_f3/seed242/run_manifest.json,916f0c17b417b3a04170e61c700441bfe572081259848f459f1111c3a94f1ba9,/storage/ssd/metaiot_guest/yiminghua/prm_runs_v2/selected/g111/transfer/dopant_cv5_f3/seed242/test_predictions.npz,6c401374baa9ac22b5fa4353d467366ac7cc222f,736071c4a1460996e967cf31c5f885597bc0b71ed9d475bb07fc9a1968cf0d34,/storage/ssd/metaiot_guest/yiminghua/prm_collectors/final-ac585d5-comparison/configs/prm/promoted/g111/transfer/dopant_cv5_f3_seed242.yaml,selected/g111/transfer/dopant_cv5_f3/seed242,0.804219719751626,1.2468105940949448,-0.14397514249882193,0.8987286958699817,0.823328872054767,1.0709203043670468,1.580816060254867,0.4813164306122772,0.8212653525378982,0.749448013236887
dart,dart,dopant_cv,dopant_cv5_f3,243,/storage/ssd/metaiot_guest/yiminghua/prm_runs_v2/selected/g111/transfer/dopant_cv5_f3/seed243/run_manifest.json,dfd494d919b6122ed482e4118532533795ba8e2d9cc74b655a37736029186b61,/storage/ssd/metaiot_guest/yiminghua/prm_runs_v2/selected/g111/transfer/dopant_cv5_f3/seed243/test_predictions.npz,6c401374baa9ac22b5fa4353d467366ac7cc222f,006983e3e47338ed6d8973e5f5b92b03c0f81e1f37abe121b82840f3967e21db,/storage/ssd/metaiot_guest/yiminghua/prm_collectors/final-ac585d5-comparison/configs/prm/promoted/g111/transfer/dopant_cv5_f3_seed243.yaml,selected/g111/transfer/dopant_cv5_f3/seed243,0.7922931789997191,1.2329093281529502,-0.056781916854065084,0.8992395367879817,0.8272464856412616,1.0621429483812808,1.565243803219491,0.48953529920862093,0.7976415884160617,0.7543599607516984
dart,dart,dopant_cv,dopant_cv5_f3,244,/storage/ssd/metaiot_guest/yiminghua/prm_runs_v2/selected/g111/transfer/dopant_cv5_f3/seed244/run_manifest.json,e0e14e4c9868ed993a5304fb84ded81da1c313c21371578e752dfcd1aea63efd,/storage/ssd/metaiot_guest/yiminghua/prm_runs_v2/selected/g111/transfer/dopant_cv5_f3/seed244/test_predictions.npz,6c401374baa9ac22b5fa4353d467366ac7cc222f,a5d9f031ff598391f7e47fb37aa85b1fb9a1d05b5a93918d0d3638597e1a5a60,/storage/ssd/metaiot_guest/yiminghua/prm_collectors/final-ac585d5-comparison/configs/prm/promoted/g111/transfer/dopant_cv5_f3_seed244.yaml,selected/g111/transfer/dopant_cv5_f3/seed244,0.7857214489453046,1.2459559957385216,-0.19888554181164209,0.90022544894752,0.8235709795767568,1.1464369736920277,1.728746214738413,0.5450054454759711,0.7667753847059832,0.7003614710389356
dart,dart,dopant_cv,dopant_cv5_f4,242,/storage/ssd/metaiot_guest/yiminghua/prm_runs_v2/selected/g111/transfer/dopant_cv5_f4/seed242/run_manifest.json,39157a45a6d37a139b003048270e78a6e3e8ad034b5d8d5edb27996abd4490f1,/storage/ssd/metaiot_guest/yiminghua/prm_runs_v2/selected/g111/transfer/dopant_cv5_f4/seed242/test_predictions.npz,6c401374baa9ac22b5fa4353d467366ac7cc222f,400c0a771e0889a982c173705861500006a2b4b03863e672d5662a14efd7749e,/storage/ssd/metaiot_guest/yiminghua/prm_collectors/final-ac585d5-comparison/configs/prm/promoted/g111/transfer/dopant_cv5_f4_seed242.yaml,selected/g111/transfer/dopant_cv5_f4/seed242,0.6892826126580223,1.067228678457948,-0.15506674239024976,0.924844746239369,0.8966730468525688,0.9280012790979647,1.3466217465962496,-0.36805249720834154,0.8753671609812329,0.793910501991195
dart,dart,dopant_cv,dopant_cv5_f4,243,/storage/ssd/metaiot_guest/yiminghua/prm_runs_v2/selected/g111/transfer/dopant_cv5_f4/seed243/run_manifest.json,584d3fdcad97f44b3a24c25373bbabeb4f805b2f6d2b5d78d1d7bd6341859312,/storage/ssd/metaiot_guest/yiminghua/prm_runs_v2/selected/g111/transfer/dopant_cv5_f4/seed243/test_predictions.npz,6c401374baa9ac22b5fa4353d467366ac7cc222f,15288fea4e0f32bd54c0f7a3b7d4d29b10fbe1113eb234995985201002a5d1e3,/storage/ssd/metaiot_guest/yiminghua/prm_collectors/final-ac585d5-comparison/configs/prm/promoted/g111/transfer/dopant_cv5_f4_seed243.yaml,selected/g111/transfer/dopant_cv5_f4/seed243,0.7241829996114588,1.0737979492625793,0.008204671472868982,0.9122084823795312,0.895397084434467,0.9074087781067145,1.3583693235540752,-0.18284295792318847,0.8590820332165524,0.7902990757560299
dart,dart,dopant_cv,dopant_cv5_f4,244,/storage/ssd/metaiot_guest/yiminghua/prm_runs_v2/selected/g111/transfer/dopant_cv5_f4/seed244/run_manifest.json,b17953ad9e99dfac287efca49aa3c3244397a98b470f8fe7814cf2faba43b3f6,/storage/ssd/metaiot_guest/yiminghua/prm_runs_v2/selected/g111/transfer/dopant_cv5_f4/seed244/test_predictions.npz,6c401374baa9ac22b5fa4353d467366ac7cc222f,e6d6506938cd4a05e4fc373cc1498bb8a6690e9c1fdb11d1b31f9e3c12a7be39,/storage/ssd/metaiot_guest/yiminghua/prm_collectors/final-ac585d5-comparison/configs/prm/promoted/g111/transfer/dopant_cv5_f4_seed244.yaml,selected/g111/transfer/dopant_cv5_f4/seed244,0.7082448552570415,1.0651898358348477,-0.07644455104334118,0.9054133702564008,0.897067463101044,0.9404987088038441,1.3986891766367016,-0.340732665605679,0.8442983036858975,0.7776654055321219
dart,dart,host_cv,host_cv5_f0,242,/storage/ssd/metaiot_guest/yiminghua/prm_runs_v2/selected/g111/transfer/host_cv5_f0/seed242/run_manifest.json,c2e1b29c8a2fb18e953fb95a55ef2a75336455fcb85e816ec1d8ea80f33bb3c3,/storage/ssd/metaiot_guest/yiminghua/prm_runs_v2/selected/g111/transfer/host_cv5_f0/seed242/test_predictions.npz,6c401374baa9ac22b5fa4353d467366ac7cc222f,413dfd2b9b74bfbb80b0c63726073ef5da06c8337930062694fbb8c49996ecfc,/storage/ssd/metaiot_guest/yiminghua/prm_collectors/final-ac585d5-comparison/configs/prm/promoted/g111/transfer/host_cv5_f0_seed242.yaml,selected/g111/transfer/host_cv5_f0/seed242,0.9186848054655765,1.5159911501420453,0.10296231759224009,0.8604451554738319,0.7009185371896495,0.7720628924998378,1.5360745593809588,0.1527766738813398,0.8892238776130308,0.6914732210121457
dart,dart,host_cv,host_cv5_f0,243,/storage/ssd/metaiot_guest/yiminghua/prm_runs_v2/selected/g111/transfer/host_cv5_f0/seed243/run_manifest.json,c1f463913f7530a9036a1f09828ab7a66a4762d608185aaf45f8648f1a9f4553,/storage/ssd/metaiot_guest/yiminghua/prm_runs_v2/selected/g111/transfer/host_cv5_f0/seed243/test_predictions.npz,6c401374baa9ac22b5fa4353d467366ac7cc222f,cb76e9c46a6f789625f49e923cc2b8c5a044b3555f84705636005507d3e78fa2,/storage/ssd/metaiot_guest/yiminghua/prm_collectors/final-ac585d5-comparison/configs/prm/promoted/g111/transfer/host_cv5_f0_seed243.yaml,selected/g111/transfer/host_cv5_f0/seed243,1.0840233140077147,1.726808293703924,0.08430214227017081,0.8177850130751354,0.6119529235725331,0.9823337800269537,1.6759241889375656,0.14558540301160813,0.8446429153369971,0.6327371408229192
dart,dart,host_cv,host_cv5_f0,244,/storage/ssd/metaiot_guest/yiminghua/prm_runs_v2/selected/g111/transfer/host_cv5_f0/seed244/run_manifest.json,0ba94de4ff8da6dceb19973ed44e4132a0768ca4d879c5f2a4e6248b7685002e,/storage/ssd/metaiot_guest/yiminghua/prm_runs_v2/selected/g111/transfer/host_cv5_f0/seed244/test_predictions.npz,6c401374baa9ac22b5fa4353d467366ac7cc222f,60d083ad508078d57e395e7ae5b4e31816faa07a881199becafc3889243d0f4a,/storage/ssd/metaiot_guest/yiminghua/prm_collectors/final-ac585d5-comparison/configs/prm/promoted/g111/transfer/host_cv5_f0_seed244.yaml,selected/g111/transfer/host_cv5_f0/seed244,1.0011684520416964,1.5629798160787267,0.24551366378114478,0.843877157718879,0.6820909410999461,0.8418257440547622,1.5710635707694616,0.18137289501507492,0.8742709259879945,0.6772577745299824
dart,dart,host_cv,host_cv5_f1,242,/storage/ssd/metaiot_guest/yiminghua/prm_runs_v2/selected/g111/transfer/host_cv5_f1/seed242/run_manifest.json,ab997de3f3e12e144548641ed17731157ab8b4db39fe407c4ccab6f7daf70d2d,/storage/ssd/metaiot_guest/yiminghua/prm_runs_v2/selected/g111/transfer/host_cv5_f1/seed242/test_predictions.npz,6c401374baa9ac22b5fa4353d467366ac7cc222f,cbe210b5ba121c2825470c93f9d23f927596f07a8986b26d5ee774a1d05befee,/storage/ssd/metaiot_guest/yiminghua/prm_collectors/final-ac585d5-comparison/configs/prm/promoted/g111/transfer/host_cv5_f1_seed242.yaml,selected/g111/transfer/host_cv5_f1/seed242,0.8937058311249442,1.4970744464621664,0.22725556887158832,0.8816298528345788,0.8063366721996381,1.2262850562681231,1.8372620793529841,0.30916021866900045,0.7810292715624841,0.5607230787949092
dart,dart,host_cv,host_cv5_f1,243,/storage/ssd/metaiot_guest/yiminghua/prm_runs_v2/selected/g111/transfer/host_cv5_f1/seed243/run_manifest.json,761b8e3e1454972e3dd37980e97c484fccd24e0860fcb297bf3cc35bb4fad0b4,/storage/ssd/metaiot_guest/yiminghua/prm_runs_v2/selected/g111/transfer/host_cv5_f1/seed243/test_predictions.npz,6c401374baa9ac22b5fa4353d467366ac7cc222f,2dd541b00090259b682578a5daf74869d9c22d0cf959a4f988f32c5f4a15055e,/storage/ssd/metaiot_guest/yiminghua/prm_collectors/final-ac585d5-comparison/configs/prm/promoted/g111/transfer/host_cv5_f1_seed243.yaml,selected/g111/transfer/host_cv5_f1/seed243,0.9079338457136675,1.4423379845283317,0.2618820477761576,0.8915952616811388,0.8202393303401494,1.2471447878415816,1.8974531022644565,0.35969421112552824,0.7663906908644437,0.531469070844264
dart,dart,host_cv,host_cv5_f1,244,/storage/ssd/metaiot_guest/yiminghua/prm_runs_v2/selected/g111/transfer/host_cv5_f1/seed244/run_manifest.json,58a8f6268c1e91aff004418fab7447733ab64b08d6a1b28af77ebc490b7d2f35,/storage/ssd/metaiot_guest/yiminghua/prm_runs_v2/selected/g111/transfer/host_cv5_f1/seed244/test_predictions.npz,6c401374baa9ac22b5fa4353d467366ac7cc222f,46d7b6127ef93df6ccab2331570d515e739ff31b878aa0faff08ebd8c5263407,/storage/ssd/metaiot_guest/yiminghua/prm_collectors/final-ac585d5-comparison/configs/prm/promoted/g111/transfer/host_cv5_f1_seed244.yaml,selected/g111/transfer/host_cv5_f1/seed244,0.8663680126779839,1.4041392927620489,0.2967578713760269,0.8928088933759074,0.8296347634728265,1.243333443036471,1.8569468394310136,0.7078257969788253,0.8075940503806114,0.5512596669164314
dart,dart,host_cv,host_cv5_f2,242,/storage/ssd/metaiot_guest/yiminghua/prm_runs_v2/selected/g111/transfer/host_cv5_f2/seed242/run_manifest.json,744d6c2ebd37cd7d37f4aee7a81dd8fb23c4891d87f1536681b8a297ba109005,/storage/ssd/metaiot_guest/yiminghua/prm_runs_v2/selected/g111/transfer/host_cv5_f2/seed242/test_predictions.npz,6c401374baa9ac22b5fa4353d467366ac7cc222f,3e753e559630f968be3dc0e40946b26ffaee539ab285839123b7423740848f18,/storage/ssd/metaiot_guest/yiminghua/prm_collectors/final-ac585d5-comparison/configs/prm/promoted/g111/transfer/host_cv5_f2_seed242.yaml,selected/g111/transfer/host_cv5_f2/seed242,0.934942862238983,1.5512198904562733,0.08065755795062632,0.9110358397757904,0.7980216899690374,1.0401021021289278,1.700424443620838,0.07376868988097986,0.8603476868269824,0.7501523470966815
dart,dart,host_cv,host_cv5_f2,243,/storage/ssd/metaiot_guest/yiminghua/prm_runs_v2/selected/g111/transfer/host_cv5_f2/seed243/run_manifest.json,71c615080b52644411701cc6adeb426bd18cb1ce56120f3d07e0c0c224141ee6,/storage/ssd/metaiot_guest/yiminghua/prm_runs_v2/selected/g111/transfer/host_cv5_f2/seed243/test_predictions.npz,6c401374baa9ac22b5fa4353d467366ac7cc222f,00088968de4bb0e6396b402c26604f08ceea3e7c20ed2b9611fd272c9bdcce5e,/storage/ssd/metaiot_guest/yiminghua/prm_collectors/final-ac585d5-comparison/configs/prm/promoted/g111/transfer/host_cv5_f2_seed243.yaml,selected/g111/transfer/host_cv5_f2/seed243,0.8800172518864527,1.5041373506264764,-0.08277698709390872,0.9048693826359103,0.810096488226547,1.0002373051170386,1.6510014732643727,-0.006707674406409915,0.8472355241037174,0.764464964508214
dart,dart,host_cv,host_cv5_f2,244,/storage/ssd/metaiot_guest/yiminghua/prm_runs_v2/selected/g111/transfer/host_cv5_f2/seed244/run_manifest.json,07a19a3ccaf8ce68b7b96c4ba5d477148067c9dc4088b3d6f36f4f294ffe9a41,/storage/ssd/metaiot_guest/yiminghua/prm_runs_v2/selected/g111/transfer/host_cv5_f2/seed244/test_predictions.npz,6c401374baa9ac22b5fa4353d467366ac7cc222f,a87638bcc236873ef5f6d76415903d03573e242521affc78d1ed6bc8ad945823,/storage/ssd/metaiot_guest/yiminghua/prm_collectors/final-ac585d5-comparison/configs/prm/promoted/g111/transfer/host_cv5_f2_seed244.yaml,selected/g111/transfer/host_cv5_f2/seed244,0.9313837525223807,1.5465593378135605,-0.011874952765093826,0.9001530922596483,0.7992335316493937,1.2934554184360894,2.046763082244983,0.4016282449023332,0.7787074116285757,0.6380106902079039
dart,dart,host_cv,host_cv5_f3,242,/storage/ssd/metaiot_guest/yiminghua/prm_runs_v2/selected/g111/transfer/host_cv5_f3/seed242/run_manifest.json,9832311a33294ac3baeeef6adea6738454b3349713699ba8ab9d19d06d45e54b,/storage/ssd/metaiot_guest/yiminghua/prm_runs_v2/selected/g111/transfer/host_cv5_f3/seed242/test_predictions.npz,6c401374baa9ac22b5fa4353d467366ac7cc222f,ea61d0d084a7215ce75144f226587666ec206a0a684fe4ed3ed892e86e0cab52,/storage/ssd/metaiot_guest/yiminghua/prm_collectors/final-ac585d5-comparison/configs/prm/promoted/g111/transfer/host_cv5_f3_seed242.yaml,selected/g111/transfer/host_cv5_f3/seed242,0.8909379913068942,1.7777989405651131,-0.3973591785797766,0.9150346410306022,0.7247961298536925,0.9064537880509389,1.4651052141255398,-0.2887258870417581,0.9140584591647931,0.819824542972142
dart,dart,host_cv,host_cv5_f3,243,/storage/ssd/metaiot_guest/yiminghua/prm_runs_v2/selected/g111/transfer/host_cv5_f3/seed243/run_manifest.json,8757419ed423612fec758772379dd9a92a64932ce769055dc2ec4a229faad9a2,/storage/ssd/metaiot_guest/yiminghua/prm_runs_v2/selected/g111/transfer/host_cv5_f3/seed243/test_predictions.npz,6c401374baa9ac22b5fa4353d467366ac7cc222f,bf1c695b2ad5b8c55299d50f77d83e837cefe4e431633001958757d7c5bd28ac,/storage/ssd/metaiot_guest/yiminghua/prm_collectors/final-ac585d5-comparison/configs/prm/promoted/g111/transfer/host_cv5_f3_seed243.yaml,selected/g111/transfer/host_cv5_f3/seed243,0.8144599348041663,1.7005817058463093,-0.3604825787934301,0.9197833578756882,0.7481834575906816,0.8410720907370833,1.3907362604353528,-0.13974788447314088,0.9253079224054525,0.837651769057214
dart,dart,host_cv,host_cv5_f3,244,/storage/ssd/metaiot_guest/yiminghua/prm_runs_v2/selected/g111/transfer/host_cv5_f3/seed244/run_manifest.json,2b57808bbcfbeae6b86a2cba8ce6c06aa42a6787a6a513767505527fd60feed2,/storage/ssd/metaiot_guest/yiminghua/prm_runs_v2/selected/g111/transfer/host_cv5_f3/seed244/test_predictions.npz,6c401374baa9ac22b5fa4353d467366ac7cc222f,a4c2972ba851076889987c7ead8fbd82a65862e68add9107f377ef554dfbf171,/storage/ssd/metaiot_guest/yiminghua/prm_collectors/final-ac585d5-comparison/configs/prm/promoted/g111/transfer/host_cv5_f3_seed244.yaml,selected/g111/transfer/host_cv5_f3/seed244,0.8280370429958622,1.6017690913696145,-0.20984844945381118,0.9117839712916078,0.7765969649503891,0.8769025274144471,1.4707729304248425,-0.33182712040450396,0.9156407958926843,0.8184278397544537
dart,dart,host_cv,host_cv5_f4,242,/storage/ssd/metaiot_guest/yiminghua/prm_runs_v2/selected/g111/transfer/host_cv5_f4/seed242/run_manifest.json,f13d03a588becac05f5b126b69104840d1220b0fb3922fe76f902dd0b9cdabb7,/storage/ssd/metaiot_guest/yiminghua/prm_runs_v2/selected/g111/transfer/host_cv5_f4/seed242/test_predictions.npz,6c401374baa9ac22b5fa4353d467366ac7cc222f,223d28451b9bb90539e66231fe4335d1bf7b680f74670efb348442cc5797da81,/storage/ssd/metaiot_guest/yiminghua/prm_collectors/final-ac585d5-comparison/configs/prm/promoted/g111/transfer/host_cv5_f4_seed242.yaml,selected/g111/transfer/host_cv5_f4/seed242,0.9132675610002069,1.6387851281029142,-0.08254663430815411,0.8577907006871861,0.6488341295013376,1.0221129430986575,1.908655274583445,-0.5527383685771082,0.8650772899772872,0.6827919175794941
dart,dart,host_cv,host_cv5_f4,243,/storage/ssd/metaiot_guest/yiminghua/prm_runs_v2/selected/g111/transfer/host_cv5_f4/seed243/run_manifest.json,ab5c5ae2cb10c41a0e47d722a9eb1458497db6273e70cfd22c6961fe68eb906f,/storage/ssd/metaiot_guest/yiminghua/prm_runs_v2/selected/g111/transfer/host_cv5_f4/seed243/test_predictions.npz,6c401374baa9ac22b5fa4353d467366ac7cc222f,af24e9e606ef7e1da6d58be641f1ef4d55c0f7fd081b8a7520c6250c091e18d0,/storage/ssd/metaiot_guest/yiminghua/prm_collectors/final-ac585d5-comparison/configs/prm/promoted/g111/transfer/host_cv5_f4_seed243.yaml,selected/g111/transfer/host_cv5_f4/seed243,0.7621914008024617,1.498112477934429,0.12779626560692542,0.8921876232639572,0.7065344578420766,0.8394308803955923,1.730945134244946,-0.39789697580861205,0.9105837351234262,0.7391109475371973
dart,dart,host_cv,host_cv5_f4,244,/storage/ssd/metaiot_guest/yiminghua/prm_runs_v2/selected/g111/transfer/host_cv5_f4/seed244/run_manifest.json,5b16929d4bc61a260f4f1f890303ccc888d969a837b3f96a287624db455b2293,/storage/ssd/metaiot_guest/yiminghua/prm_runs_v2/selected/g111/transfer/host_cv5_f4/seed244/test_predictions.npz,6c401374baa9ac22b5fa4353d467366ac7cc222f,33b5bdcd5039d1cde12d70a6954d0a6f1c6e6685bba649994302994d394ffa9d,/storage/ssd/metaiot_guest/yiminghua/prm_collectors/final-ac585d5-comparison/configs/prm/promoted/g111/transfer/host_cv5_f4_seed244.yaml,selected/g111/transfer/host_cv5_f4/seed244,0.7634820232712914,1.4598362686728803,-0.006475311194813994,0.8899197548757892,0.7213387564783664,0.9135862335774246,1.790949341865556,-0.3698657029876866,0.892771028559182,0.7207096988222854
dart,dart,id_cv,id_cv5_f0,242,/storage/ssd/metaiot_guest/yiminghua/prm_runs_v2/selected/g111/transfer/id_cv5_f0/seed242/run_manifest.json,3d60b4add0efab60a136e08bf97b8e2c8e447620543586103de936fc828437bd,/storage/ssd/metaiot_guest/yiminghua/prm_runs_v2/selected/g111/transfer/id_cv5_f0/seed242/test_predictions.npz,6c401374baa9ac22b5fa4353d467366ac7cc222f,e1803b6771e79e4bffdc556597f44ee8bbb32f71e62aca9b5f5d960e30b98a6b,/storage/ssd/metaiot_guest/yiminghua/prm_collectors/final-ac585d5-comparison/configs/prm/promoted/g111/transfer/id_cv5_f0_seed242.yaml,selected/g111/transfer/id_cv5_f0/seed242,0.4041945635232947,0.88119653344951,-0.008170089240739245,0.9692471146398306,0.9210921078379729,0.39577864744812885,0.8599344899232366,-0.025897106830031606,0.9605536804052955,0.9243612758593098
dart,dart,id_cv,id_cv5_f1,242,/storage/ssd/metaiot_guest/yiminghua/prm_runs_v2/selected/g111/transfer/id_cv5_f1/seed242/run_manifest.json,eda8a17bbee3b9c47e04cddb2e003f06e29d3fb4597dc3c5cd2a533157fea4ba,/storage/ssd/metaiot_guest/yiminghua/prm_runs_v2/selected/g111/transfer/id_cv5_f1/seed242/test_predictions.npz,6c401374baa9ac22b5fa4353d467366ac7cc222f,e0cb4336cb60176fc7a6d9314c7bc284d54e7c81ce1eb2d551194a7a6a696b14,/storage/ssd/metaiot_guest/yiminghua/prm_collectors/final-ac585d5-comparison/configs/prm/promoted/g111/transfer/id_cv5_f1_seed242.yaml,selected/g111/transfer/id_cv5_f1/seed242,0.4096698820172134,0.8324243270670179,0.002446757057954359,0.9645289719847261,0.9310998939692828,0.40881842273506075,0.8589884732882825,0.0005688367467282527,0.9653553155812851,0.9250192889482706
dart,dart,id_cv,id_cv5_f2,242,/storage/ssd/metaiot_guest/yiminghua/prm_runs_v2/selected/g111/transfer/id_cv5_f2/seed242/run_manifest.json,a6db37700562f9f604b5743ee056e564ca90f0bd7a1df7f481df07a4ae3427b8,/storage/ssd/metaiot_guest/yiminghua/prm_runs_v2/selected/g111/transfer/id_cv5_f2/seed242/test_predictions.npz,6c401374baa9ac22b5fa4353d467366ac7cc222f,8540dbca1727b78a75da65dcba2c7ada7c15b3b3f9799fd1df2b6b3ad31eab8e,/storage/ssd/metaiot_guest/yiminghua/prm_collectors/final-ac585d5-comparison/configs/prm/promoted/g111/transfer/id_cv5_f2_seed242.yaml,selected/g111/transfer/id_cv5_f2/seed242,0.42543464717489365,0.8950866796888964,-0.02169989615104965,0.9679613938014464,0.9269415023125934,0.4086875590509285,0.8221511775761009,-0.007173301332842554,0.9678623025585481,0.9327900257227357
dart,dart,id_cv,id_cv5_f3,242,/storage/ssd/metaiot_guest/yiminghua/prm_runs_v2/selected/g111/transfer/id_cv5_f3/seed242/run_manifest.json,3520e9245dd2945dc5cc4375edb847637a5cd06d72ad6dc0c98b07a8ab86da01,/storage/ssd/metaiot_guest/yiminghua/prm_runs_v2/selected/g111/transfer/id_cv5_f3/seed242/test_predictions.npz,6c401374baa9ac22b5fa4353d467366ac7cc222f,fb74fe1cace7b67c8d0990aaeab8fc93e4e3b74952b60d15082653483a928b81,/storage/ssd/metaiot_guest/yiminghua/prm_collectors/final-ac585d5-comparison/configs/prm/promoted/g111/transfer/id_cv5_f3_seed242.yaml,selected/g111/transfer/id_cv5_f3/seed242,0.4430353177491864,1.0676093210159807,-0.10444220808969579,0.9661423640970158,0.8925155621067038,0.441361325342108,0.9985631748859776,-0.05541244033578337,0.9679660746808776,0.9090732556735498
dart,dart,id_cv,id_cv5_f4,242,/storage/ssd/metaiot_guest/yiminghua/prm_runs_v2/selected/g111/transfer/id_cv5_f4/seed242/run_manifest.json,3f7f975e9519fc008e23d8988518f2c4acb999360360025db9d7ed0d45ad5aed,/storage/ssd/metaiot_guest/yiminghua/prm_runs_v2/selected/g111/transfer/id_cv5_f4/seed242/test_predictions.npz,6c401374baa9ac22b5fa4353d467366ac7cc222f,7e71ce8c18eac75ed797ef7d9c71063ad2868d7ea648c3c52497509770ac0310,/storage/ssd/metaiot_guest/yiminghua/prm_collectors/final-ac585d5-comparison/configs/prm/promoted/g111/transfer/id_cv5_f4_seed242.yaml,selected/g111/transfer/id_cv5_f4/seed242,0.3914826779480951,0.8695383245445668,-0.059036664948278195,0.9617966475277722,0.9226623599955606,0.4335401056008254,1.0345678530662574,-0.08309537191562484,0.9648483496561555,0.8990656861675321
dart,dart,pair_cv,pair_cv5_f0,242,/storage/ssd/metaiot_guest/yiminghua/prm_runs_v2/selected/g111/transfer/pair_cv5_f0/seed242/run_manifest.json,38c93aa7d8f9eb55ffc930645e9d9ede76e335ca778081693847300791c45ef5,/storage/ssd/metaiot_guest/yiminghua/prm_runs_v2/selected/g111/transfer/pair_cv5_f0/seed242/test_predictions.npz,6c401374baa9ac22b5fa4353d467366ac7cc222f,df8d782c1fe993b54f7036ad147727eb676a7a5b6363a1b926c960139bd1c728,/storage/ssd/metaiot_guest/yiminghua/prm_collectors/final-ac585d5-comparison/configs/prm/promoted/g111/transfer/pair_cv5_f0_seed242.yaml,selected/g111/transfer/pair_cv5_f0/seed242,0.4802346168463553,0.89934907795769,-0.02234445511660925,0.9618522108313966,0.9200983856232855,0.4424593535713734,1.0292956368894013,-0.0059506609403581785,0.9561225499402628,0.8944293546123308
dart,dart,pair_cv,pair_cv5_f1,242,/storage/ssd/metaiot_guest/yiminghua/prm_runs_v2/selected/g111/transfer/pair_cv5_f1/seed242/run_manifest.json,7f872bd24b6b1b19a13d04facde4f3a8a94d9f27c6683fff6854e04a4079b93c,/storage/ssd/metaiot_guest/yiminghua/prm_runs_v2/selected/g111/transfer/pair_cv5_f1/seed242/test_predictions.npz,6c401374baa9ac22b5fa4353d467366ac7cc222f,b5b6d32f6de23a4bc1040510caf1bcc365859ba7345e97f552df8ed20bdd161b,/storage/ssd/metaiot_guest/yiminghua/prm_collectors/final-ac585d5-comparison/configs/prm/promoted/g111/transfer/pair_cv5_f1_seed242.yaml,selected/g111/transfer/pair_cv5_f1/seed242,0.47443300313487063,1.0369375279857962,-0.04048074906200061,0.9602484655704328,0.8989827750285329,0.48850428007111263,0.9799572562457327,-0.06970590934580088,0.9620932652347132,0.9051334225138633
dart,dart,pair_cv,pair_cv5_f2,242,/storage/ssd/metaiot_guest/yiminghua/prm_runs_v2/selected/g111/transfer/pair_cv5_f2/seed242/run_manifest.json,c90fcd87e096f15d5cc8c993521727244808bb46b5ea96331c4075b28fca42b3,/storage/ssd/metaiot_guest/yiminghua/prm_runs_v2/selected/g111/transfer/pair_cv5_f2/seed242/test_predictions.npz,6c401374baa9ac22b5fa4353d467366ac7cc222f,02d45249f66e4a375f4fe0cdc97a2e4de6165b7c2a9b8e520c163d0bd603a5ec,/storage/ssd/metaiot_guest/yiminghua/prm_collectors/final-ac585d5-comparison/configs/prm/promoted/g111/transfer/pair_cv5_f2_seed242.yaml,selected/g111/transfer/pair_cv5_f2/seed242,0.42335326729198886,0.8465199745635205,0.0015684310978729377,0.9675262993004583,0.9263504189199205,0.4393855039232973,0.9284660553325578,-0.03584917051863372,0.9628004021815538,0.9190116948956714
dart,dart,pair_cv,pair_cv5_f3,242,/storage/ssd/metaiot_guest/yiminghua/prm_runs_v2/selected/g111/transfer/pair_cv5_f3/seed242/run_manifest.json,c7af5b25810d64c15779c93cdb26ca00fb4e9823da507bf4a5d937890ad6935c,/storage/ssd/metaiot_guest/yiminghua/prm_runs_v2/selected/g111/transfer/pair_cv5_f3/seed242/test_predictions.npz,6c401374baa9ac22b5fa4353d467366ac7cc222f,f8fd531835a82e8177c598f253657c8a55fc5f842f9913028d93b03f850f48d7,/storage/ssd/metaiot_guest/yiminghua/prm_collectors/final-ac585d5-comparison/configs/prm/promoted/g111/transfer/pair_cv5_f3_seed242.yaml,selected/g111/transfer/pair_cv5_f3/seed242,0.4241081142296637,0.8992496501977582,-0.050493290797199455,0.966554806262101,0.924512399791433,0.4345666024379642,0.8656207813627318,0.007572620143786,0.965105184570054,0.9229892755507039
dart,dart,pair_cv,pair_cv5_f4,242,/storage/ssd/metaiot_guest/yiminghua/prm_runs_v2/selected/g111/transfer/pair_cv5_f4/seed242/run_manifest.json,31339d8716a872a8cef3fe6332d1d1fe38db3168d3f7d3644d87d459a5eebd64,/storage/ssd/metaiot_guest/yiminghua/prm_runs_v2/selected/g111/transfer/pair_cv5_f4/seed242/test_predictions.npz,6c401374baa9ac22b5fa4353d467366ac7cc222f,f0cee0e4f0b0151774b432c1c58dc4074b717531230e5748fc16e8b210feb4a4,/storage/ssd/metaiot_guest/yiminghua/prm_collectors/final-ac585d5-comparison/configs/prm/promoted/g111/transfer/pair_cv5_f4_seed242.yaml,selected/g111/transfer/pair_cv5_f4/seed242,0.44604636771588196,1.052127131318727,-0.0630168723726496,0.9592128546709519,0.8896939449842934,0.4439203880770349,0.9323715323368998,-0.0656403258747928,0.9648286322291312,0.9188491498530509
schnet,schnet,chemistry_block,chemistry_block_g6x3d,342,/storage/ssd/metaiot_guest/yiminghua/prm_runs_v2/baselines/schnet/chemistry_block_g6x3d/seed342/run_manifest.json,f4b4c69e9e2458c4aac630ed33c25821943e03790f424062fa2fb82bdc6b8dc9,/storage/ssd/metaiot_guest/yiminghua/prm_runs_v2/baselines/schnet/chemistry_block_g6x3d/seed342/test_predictions.npz,6c401374baa9ac22b5fa4353d467366ac7cc222f,9f599b3fd7a8335121e37248ca5220ba2f576f992fac6f738cdf7f0cc71d2c5a,/storage/ssd/metaiot_guest/yiminghua/prm_collectors/final-ac585d5-comparison/configs/prm/generated/schnet/chemistry_block_g6x3d_seed342.yaml,baselines/schnet/chemistry_block_g6x3d/seed342,0.6474120208069742,1.1556593407616562,0.062159926153629294,0.9049661843136148,0.835440681849474,0.5434381916098399,0.8897049809245109,0.15857096110304741,0.9074378124784281,0.8608506248519987
schnet,schnet,chemistry_block,chemistry_block_g6x3d,343,/storage/ssd/metaiot_guest/yiminghua/prm_runs_v2/baselines/schnet/chemistry_block_g6x3d/seed343/run_manifest.json,547d02bfa792327f32e1494a9ed5ef8145f755ec7e50cc53f1d84c0798a64008,/storage/ssd/metaiot_guest/yiminghua/prm_runs_v2/baselines/schnet/chemistry_block_g6x3d/seed343/test_predictions.npz,6c401374baa9ac22b5fa4353d467366ac7cc222f,bd47a6419be68f13af81a94e400c722cf3815445fbfc93773dd9505da1233751,/storage/ssd/metaiot_guest/yiminghua/prm_collectors/final-ac585d5-comparison/configs/prm/generated/schnet/chemistry_block_g6x3d_seed343.yaml,baselines/schnet/chemistry_block_g6x3d/seed343,0.6123675434957809,1.228782157383316,0.01082409851588509,0.9130321573622343,0.8139573125198807,0.5643108988461429,0.8633217758906806,0.21104753442006569,0.8965642927822657,0.868980901321997
schnet,schnet,chemistry_block,chemistry_block_g6x3d,344,/storage/ssd/metaiot_guest/yiminghua/prm_runs_v2/baselines/schnet/chemistry_block_g6x3d/seed344/run_manifest.json,95cfd7f02f2fb4ff777c0779e0a57f611cb0264b9119a90ef9d13e9e4c2984d8,/storage/ssd/metaiot_guest/yiminghua/prm_runs_v2/baselines/schnet/chemistry_block_g6x3d/seed344/test_predictions.npz,6c401374baa9ac22b5fa4353d467366ac7cc222f,a6e0916ddcc1bfe1da599a69853479627143e510346c5317b273b2e3eaba97fd,/storage/ssd/metaiot_guest/yiminghua/prm_collectors/final-ac585d5-comparison/configs/prm/generated/schnet/chemistry_block_g6x3d_seed344.yaml,baselines/schnet/chemistry_block_g6x3d/seed344,0.6164392311143518,1.236873626637486,0.05052246471180991,0.9127116350530656,0.8114990817707006,0.5562428670386745,0.861309342273669,0.21724756841790185,0.884410737076299,0.8695910097130324
schnet,schnet,dopant_cv,dopant_cv5_f0,342,/storage/ssd/metaiot_guest/yiminghua/prm_runs_v2/baselines/schnet/dopant_cv5_f0/seed342/run_manifest.json,f2da6a4569d2a39af865beddc1c62c6da77330668e1691c1de4f5f8e6d5f0908,/storage/ssd/metaiot_guest/yiminghua/prm_runs_v2/baselines/schnet/dopant_cv5_f0/seed342/test_predictions.npz,6c401374baa9ac22b5fa4353d467366ac7cc222f,7f82a6f52e7a59860cc3b9ac43b7fda36bb6d14deea4dc161828671caa05aa35,/storage/ssd/metaiot_guest/yiminghua/prm_collectors/final-ac585d5-comparison/configs/prm/generated/schnet/dopant_cv5_f0_seed342.yaml,baselines/schnet/dopant_cv5_f0/seed342,1.9181912820869351,2.5210808361505967,0.24253364895453355,0.3923149470098285,0.3641957129465263,1.8449697546452415,2.390604286615559,0.5205143067136714,0.39593443010583795,0.4815414546087464
schnet,schnet,dopant_cv,dopant_cv5_f0,343,/storage/ssd/metaiot_guest/yiminghua/prm_runs_v2/baselines/schnet/dopant_cv5_f0/seed343/run_manifest.json,46ce2953f71a1fe4676549d9cefa28b179b5a7db3f07c8c1d6bf2c774234ea4e,/storage/ssd/metaiot_guest/yiminghua/prm_runs_v2/baselines/schnet/dopant_cv5_f0/seed343/test_predictions.npz,6c401374baa9ac22b5fa4353d467366ac7cc222f,6618955148bde78527e130a4e82e502c2bb4195df171608cf8e6ef7489382f58,/storage/ssd/metaiot_guest/yiminghua/prm_collectors/final-ac585d5-comparison/configs/prm/generated/schnet/dopant_cv5_f0_seed343.yaml,baselines/schnet/dopant_cv5_f0/seed343,1.7558681737829183,2.3178414161274947,-0.1292887513087596,0.46982833786668005,0.4625756410420775,1.6701008577241399,2.1741980937998173,0.21929443239450605,0.4727799475236506,0.5711584366986784
schnet,schnet,dopant_cv,dopant_cv5_f0,344,/storage/ssd/metaiot_guest/yiminghua/prm_runs_v2/baselines/schnet/dopant_cv5_f0/seed344/run_manifest.json,4782a63cdcbd907064b1c8f7f4e898e7ee4496ba63783bf1271a56e994108952,/storage/ssd/metaiot_guest/yiminghua/prm_runs_v2/baselines/schnet/dopant_cv5_f0/seed344/test_predictions.npz,6c401374baa9ac22b5fa4353d467366ac7cc222f,090e3ad7205bc324b9e49cdb13c76bfb1348bf24686a532a0d58a1355ca8be74,/storage/ssd/metaiot_guest/yiminghua/prm_collectors/final-ac585d5-comparison/configs/prm/generated/schnet/dopant_cv5_f0_seed344.yaml,baselines/schnet/dopant_cv5_f0/seed344,1.7854755467924082,2.307512079993955,-0.32926427048432927,0.5399449659444094,0.4673549735853938,1.6245415556188363,2.1161984781254217,0.17753031034175099,0.5856675471738413,0.5937330958618574
schnet,schnet,dopant_cv,dopant_cv5_f1,342,/storage/ssd/metaiot_guest/yiminghua/prm_runs_v2/baselines/schnet/dopant_cv5_f1/seed342/run_manifest.json,08a394f5afb1bc71cbb582b0a0077169509070783ddec1b48f5fefe7f268be4f,/storage/ssd/metaiot_guest/yiminghua/prm_runs_v2/baselines/schnet/dopant_cv5_f1/seed342/test_predictions.npz,6c401374baa9ac22b5fa4353d467366ac7cc222f,3beef2ee77242f7e3c1ad79772987da4a9e36bb6ad2d4017d3325585d748fbf0,/storage/ssd/metaiot_guest/yiminghua/prm_collectors/final-ac585d5-comparison/configs/prm/generated/schnet/dopant_cv5_f1_seed342.yaml,baselines/schnet/dopant_cv5_f1/seed342,1.5063011098605645,2.269050775417947,0.4811624992877358,0.5496928918810442,0.50632825143487,1.8396848351516875,2.447139194686693,-0.12497520755217344,0.41235490357039706,0.4009442300202929
schnet,schnet,dopant_cv,dopant_cv5_f1,343,/storage/ssd/metaiot_guest/yiminghua/prm_runs_v2/baselines/schnet/dopant_cv5_f1/seed343/run_manifest.json,3fb38326c37253cc21d85b5352d957dc5d98f9e260c5b4aa29d40790438c2365,/storage/ssd/metaiot_guest/yiminghua/prm_runs_v2/baselines/schnet/dopant_cv5_f1/seed343/test_predictions.npz,6c401374baa9ac22b5fa4353d467366ac7cc222f,a1a39d933f61cd01b0c62de767c415f75516bf83ccf5d274fdc1784d4f04b031,/storage/ssd/metaiot_guest/yiminghua/prm_collectors/final-ac585d5-comparison/configs/prm/generated/schnet/dopant_cv5_f1_seed343.yaml,baselines/schnet/dopant_cv5_f1/seed343,1.6594187348541036,2.380738487426318,0.49230151267901945,0.4902422460591521,0.45653293342261636,1.7188602087979543,2.3002003801131754,-0.03264223951172226,0.48175183009066724,0.4707251577680801
schnet,schnet,dopant_cv,dopant_cv5_f1,344,/storage/ssd/metaiot_guest/yiminghua/prm_runs_v2/baselines/schnet/dopant_cv5_f1/seed344/run_manifest.json,40a34e222adaeccee44069695f6815831f8963113a658896082eddb80956684e,/storage/ssd/metaiot_guest/yiminghua/prm_runs_v2/baselines/schnet/dopant_cv5_f1/seed344/test_predictions.npz,6c401374baa9ac22b5fa4353d467366ac7cc222f,320bfd0b4769c49b7d328eda7d9127dc7c522bdcd1745a4b7a09f28bb15cab93,/storage/ssd/metaiot_guest/yiminghua/prm_collectors/final-ac585d5-comparison/configs/prm/generated/schnet/dopant_cv5_f1_seed344.yaml,baselines/schnet/dopant_cv5_f1/seed344,1.5126766848622344,2.158437585201108,0.20917681600769888,0.5660083084225209,0.5532867488651487,1.8942377374229984,2.3997681937068274,-0.46741518309920743,0.43360427357070824,0.4239124422755465
schnet,schnet,dopant_cv,dopant_cv5_f2,342,/storage/ssd/metaiot_guest/yiminghua/prm_runs_v2/baselines/schnet/dopant_cv5_f2/seed342/run_manifest.json,6d6272e3c413ce05b7f8a49b2ccda751b69cda1e9fc90f7f5bcbcbfc8e668f8b,/storage/ssd/metaiot_guest/yiminghua/prm_runs_v2/baselines/schnet/dopant_cv5_f2/seed342/test_predictions.npz,6c401374baa9ac22b5fa4353d467366ac7cc222f,5dd189b3e2d425a2f642b251c68945537763b8636fa78295861535e52616c356,/storage/ssd/metaiot_guest/yiminghua/prm_collectors/final-ac585d5-comparison/configs/prm/generated/schnet/dopant_cv5_f2_seed342.yaml,baselines/schnet/dopant_cv5_f2/seed342,1.5256474849002362,2.080297996884918,0.32225467672540764,0.6020408839696819,0.566103373351869,1.5933511321458886,2.36046886656014,0.32023118271211476,0.4923237348943978,0.46574770174364366
schnet,schnet,dopant_cv,dopant_cv5_f2,343,/storage/ssd/metaiot_guest/yiminghua/prm_runs_v2/baselines/schnet/dopant_cv5_f2/seed343/run_manifest.json,7139d1ed0d09a32bc4711a35c544bde36e90899fb0d3c5bd618560ae413a578a,/storage/ssd/metaiot_guest/yiminghua/prm_runs_v2/baselines/schnet/dopant_cv5_f2/seed343/test_predictions.npz,6c401374baa9ac22b5fa4353d467366ac7cc222f,7a25e9bd4443a0c4156668e5a7b1f233a7d549124233df2e3f3faf2a8196cfe2,/storage/ssd/metaiot_guest/yiminghua/prm_collectors/final-ac585d5-comparison/configs/prm/generated/schnet/dopant_cv5_f2_seed343.yaml,baselines/schnet/dopant_cv5_f2/seed343,1.6222448718266418,2.2419674690217573,0.5022314386945209,0.5247513174372573,0.4960426480233595,1.704088026053618,2.453480626898539,0.40390883693877466,0.457019674748952,0.42281489919136506
schnet,schnet,dopant_cv,dopant_cv5_f2,344,/storage/ssd/metaiot_guest/yiminghua/prm_runs_v2/baselines/schnet/dopant_cv5_f2/seed344/run_manifest.json,51df17ab99cec1351d7cf8cf854df20f2a69ec31120265d5c4dc761263b51c58,/storage/ssd/metaiot_guest/yiminghua/prm_runs_v2/baselines/schnet/dopant_cv5_f2/seed344/test_predictions.npz,6c401374baa9ac22b5fa4353d467366ac7cc222f,cd16c0803518bf32a26498b2a2da44bb45c271eaf392062963ef768dca394732,/storage/ssd/metaiot_guest/yiminghua/prm_collectors/final-ac585d5-comparison/configs/prm/generated/schnet/dopant_cv5_f2_seed344.yaml,baselines/schnet/dopant_cv5_f2/seed344,1.792646203703364,2.3065429277309835,0.632662360092881,0.47628274745725435,0.4665935590941085,1.6457772111957099,2.282781135076657,0.4987720911033966,0.5365480952075716,0.5003356143804694
schnet,schnet,dopant_cv,dopant_cv5_f3,342,/storage/ssd/metaiot_guest/yiminghua/prm_runs_v2/baselines/schnet/dopant_cv5_f3/seed342/run_manifest.json,f6bd95a4134290800106d0a137043af198ffb0eedf210bf3597c73470944b5dd,/storage/ssd/metaiot_guest/yiminghua/prm_runs_v2/baselines/schnet/dopant_cv5_f3/seed342/test_predictions.npz,6c401374baa9ac22b5fa4353d467366ac7cc222f,fbdeffb4995a89551efcff2bc488793f5dc00d72a4d2d822edafea313c237309,/storage/ssd/metaiot_guest/yiminghua/prm_collectors/final-ac585d5-comparison/configs/prm/generated/schnet/dopant_cv5_f3_seed342.yaml,baselines/schnet/dopant_cv5_f3/seed342,1.6646313068348784,2.460076766363106,-0.5667357442002295,0.5728947477421391,0.3122003776937582,1.6428145693432874,2.179654382492481,0.7922128600774688,0.5827234015748609,0.5236672502537107
schnet,schnet,dopant_cv,dopant_cv5_f3,343,/storage/ssd/metaiot_guest/yiminghua/prm_runs_v2/baselines/schnet/dopant_cv5_f3/seed343/run_manifest.json,0cb38678d6c5f50c367316f128ee43515c9bd45c27cf235e27a8288bd6c09124,/storage/ssd/metaiot_guest/yiminghua/prm_runs_v2/baselines/schnet/dopant_cv5_f3/seed343/test_predictions.npz,6c401374baa9ac22b5fa4353d467366ac7cc222f,1a97819fac47bb0032c851b58240e4bddcdafc9869a4ce4fe395fe8bd9a9ee37,/storage/ssd/metaiot_guest/yiminghua/prm_collectors/final-ac585d5-comparison/configs/prm/generated/schnet/dopant_cv5_f3_seed343.yaml,baselines/schnet/dopant_cv5_f3/seed343,1.8095417099338527,2.716896444813796,-0.6846114233335256,0.4842049194946965,0.1610988588750364,1.7095514048729226,2.2483906623626337,0.8624917399748167,0.5448640778290945,0.4931508553943986
schnet,schnet,dopant_cv,dopant_cv5_f3,344,/storage/ssd/metaiot_guest/yiminghua/prm_runs_v2/baselines/schnet/dopant_cv5_f3/seed344/run_manifest.json,e191326c11d74d94a64d0ee95719d79d3c21f614e795061fe193aaf27b19c3c3,/storage/ssd/metaiot_guest/yiminghua/prm_runs_v2/baselines/schnet/dopant_cv5_f3/seed344/test_predictions.npz,6c401374baa9ac22b5fa4353d467366ac7cc222f,73c3a014519f4795acf4d346b8328ee8cedb996456c4f5c8073670b00b50d264,/storage/ssd/metaiot_guest/yiminghua/prm_collectors/final-ac585d5-comparison/configs/prm/generated/schnet/dopant_cv5_f3_seed344.yaml,baselines/schnet/dopant_cv5_f3/seed344,1.5685100825428324,2.381349751998374,-0.42244427624643593,0.6184622516842343,0.35551771375494035,1.7982344681086417,2.272047412855098,1.0090445333995215,0.5788880593706645,0.48242897926211203
schnet,schnet,dopant_cv,dopant_cv5_f4,342,/storage/ssd/metaiot_guest/yiminghua/prm_runs_v2/baselines/schnet/dopant_cv5_f4/seed342/run_manifest.json,c4d01484910b78919ff435a8e195d1d25b94f37155caaa9ddb90c6d5e83e95ca,/storage/ssd/metaiot_guest/yiminghua/prm_runs_v2/baselines/schnet/dopant_cv5_f4/seed342/test_predictions.npz,6c401374baa9ac22b5fa4353d467366ac7cc222f,1ab4a77e45b0eeffc942db3da74c8bb8665a69954fae2ad9d86c83b6ed853739,/storage/ssd/metaiot_guest/yiminghua/prm_collectors/final-ac585d5-comparison/configs/prm/generated/schnet/dopant_cv5_f4_seed342.yaml,baselines/schnet/dopant_cv5_f4/seed342,1.6076134684077616,2.1289831798780825,0.23185865514099688,0.4734637226136532,0.5888094644990427,1.7876926884825828,2.8257095523638522,-1.1317149205733152,0.6270813377356987,0.09255637558642749
schnet,schnet,dopant_cv,dopant_cv5_f4,343,/storage/ssd/metaiot_guest/yiminghua/prm_runs_v2/baselines/schnet/dopant_cv5_f4/seed343/run_manifest.json,355c9e8fe9a0617cea68434041c45404df0429846eda4454802cf269fcee9313,/storage/ssd/metaiot_guest/yiminghua/prm_runs_v2/baselines/schnet/dopant_cv5_f4/seed343/test_predictions.npz,6c401374baa9ac22b5fa4353d467366ac7cc222f,605ac45214ba0fb7503fb5a2500e4bc3b40911d32d103d7ce13501fd1b5b2bc2,/storage/ssd/metaiot_guest/yiminghua/prm_collectors/final-ac585d5-comparison/configs/prm/generated/schnet/dopant_cv5_f4_seed343.yaml,baselines/schnet/dopant_cv5_f4/seed343,1.531279401519376,1.9653937946318933,-0.009839770967651682,0.5749297382249815,0.6495727986160929,2.0168990537990954,3.032229655348689,-1.2935780182129872,0.471352896180469,-0.04493384460121019
schnet,schnet,dopant_cv,dopant_cv5_f4,344,/storage/ssd/metaiot_guest/yiminghua/prm_runs_v2/baselines/schnet/dopant_cv5_f4/seed344/run_manifest.json,815860bbab10512dda56c685f5454a58d6d088ccd2aa223533e5d88639ba288e,/storage/ssd/metaiot_guest/yiminghua/prm_runs_v2/baselines/schnet/dopant_cv5_f4/seed344/test_predictions.npz,6c401374baa9ac22b5fa4353d467366ac7cc222f,4097ba1ad272c2f2d3a9b79d3f7419d232fe29aa2460fa73e710827e71b356cf,/storage/ssd/metaiot_guest/yiminghua/prm_collectors/final-ac585d5-comparison/configs/prm/generated/schnet/dopant_cv5_f4_seed344.yaml,baselines/schnet/dopant_cv5_f4/seed344,1.432678625755378,1.8497566625739648,0.1750132672152827,0.6344895438283938,0.6895956135889273,1.7641619119798093,2.864619237323819,-1.1870111897613167,0.644506206977385,0.06739353365341905
schnet,schnet,host_cv,host_cv5_f0,342,/storage/ssd/metaiot_guest/yiminghua/prm_runs_v2/baselines/schnet/host_cv5_f0/seed342/run_manifest.json,9b329bf9b65e95b27360aa0408c14e42669df086232629b694816daf6fef9713,/storage/ssd/metaiot_guest/yiminghua/prm_runs_v2/baselines/schnet/host_cv5_f0/seed342/test_predictions.npz,6c401374baa9ac22b5fa4353d467366ac7cc222f,559b546eb9bf3913ba1a36577d41d746c4b559cd277a674d14199803297a9821,/storage/ssd/metaiot_guest/yiminghua/prm_collectors/final-ac585d5-comparison/configs/prm/generated/schnet/host_cv5_f0_seed342.yaml,baselines/schnet/host_cv5_f0/seed342,3.019513026087306,3.9472146976779396,1.535987869887001,0.314083939963511,-1.027578430782846,4.12875520814444,6.559233684649758,3.7145349475533487,0.3188246736690139,-4.625672938018869
schnet,schnet,host_cv,host_cv5_f0,343,/storage/ssd/metaiot_guest/yiminghua/prm_runs_v2/baselines/schnet/host_cv5_f0/seed343/run_manifest.json,fbd91b8def8323880b8d9b28aed1df703593f6a9c2e0becc4c5d22433a4f01ac,/storage/ssd/metaiot_guest/yiminghua/prm_runs_v2/baselines/schnet/host_cv5_f0/seed343/test_predictions.npz,6c401374baa9ac22b5fa4353d467366ac7cc222f,0e950710b95479952abf4b2ad1548a7ab425b9da50ad6c27e1b132b1f2c7fe19,/storage/ssd/metaiot_guest/yiminghua/prm_collectors/final-ac585d5-comparison/configs/prm/generated/schnet/host_cv5_f0_seed343.yaml,baselines/schnet/host_cv5_f0/seed343,3.7513723944041755,4.818919104029216,1.741269195889034,0.21917111115520901,-2.0220067888249393,3.6615002706114734,5.096911469760804,2.722116052658305,0.277032076604093,-2.396897581603342
schnet,schnet,host_cv,host_cv5_f0,344,/storage/ssd/metaiot_guest/yiminghua/prm_runs_v2/baselines/schnet/host_cv5_f0/seed344/run_manifest.json,4c582218c59532a1bf0d241f5722179079b0dd57cb1731b891fc8ae1b9586c87,/storage/ssd/metaiot_guest/yiminghua/prm_runs_v2/baselines/schnet/host_cv5_f0/seed344/test_predictions.npz,6c401374baa9ac22b5fa4353d467366ac7cc222f,abfdc9477ce17a9b9d2b9bef11a8e5e1f385b6aec23eacc84a334276d793a7c6,/storage/ssd/metaiot_guest/yiminghua/prm_collectors/final-ac585d5-comparison/configs/prm/generated/schnet/host_cv5_f0_seed344.yaml,baselines/schnet/host_cv5_f0/seed344,2.7825902635557824,4.843543315406868,1.973200766328517,0.4847313361480597,-2.0529700226474,4.4886913781518825,7.520695578837668,4.2676020645547075,0.46457128590229857,-6.395785245758452
schnet,schnet,host_cv,host_cv5_f1,342,/storage/ssd/metaiot_guest/yiminghua/prm_runs_v2/baselines/schnet/host_cv5_f1/seed342/run_manifest.json,693839bb7af28a2fbda4ede0e351668d0d7077861b5cf38dd0497db664555cab,/storage/ssd/metaiot_guest/yiminghua/prm_runs_v2/baselines/schnet/host_cv5_f1/seed342/test_predictions.npz,6c401374baa9ac22b5fa4353d467366ac7cc222f,f45134a8b69ec46c14e29e790ae5793463df6072c021afb374b18e9b91402f47,/storage/ssd/metaiot_guest/yiminghua/prm_collectors/final-ac585d5-comparison/configs/prm/generated/schnet/host_cv5_f1_seed342.yaml,baselines/schnet/host_cv5_f1/seed342,3.7958853020553063,5.727208842436342,2.649117118330154,0.30091571940995937,-1.8343053411481773,15.563882027559753,26.60080401394197,-9.953596463706152,0.15847021226597038,-91.08432118223145
schnet,schnet,host_cv,host_cv5_f1,343,/storage/ssd/metaiot_guest/yiminghua/prm_runs_v2/baselines/schnet/host_cv5_f1/seed343/run_manifest.json,8c84183df9d3674b537446ac18ea8128c64154bfcf85efb357890c57d5aab946,/storage/ssd/metaiot_guest/yiminghua/prm_runs_v2/baselines/schnet/host_cv5_f1/seed343/test_predictions.npz,6c401374baa9ac22b5fa4353d467366ac7cc222f,5b089a3612b02650edcfd78952d7134a775ecfb2191bcbff07bcb1e577baf612,/storage/ssd/metaiot_guest/yiminghua/prm_collectors/final-ac585d5-comparison/configs/prm/generated/schnet/host_cv5_f1_seed343.yaml,baselines/schnet/host_cv5_f1/seed343,5.2227787254679985,7.377499598705507,4.32179649969148,0.3723697295219949,-3.7030433779656473,6.644217233615325,9.315314835193442,-1.8867357442610677,0.31994775748786275,-10.292529641976802
schnet,schnet,host_cv,host_cv5_f1,344,/storage/ssd/metaiot_guest/yiminghua/prm_runs_v2/baselines/schnet/host_cv5_f1/seed344/run_manifest.json,df76be5fba175c527250420ee9d1ef24818017ad35e3fa3b6d8e51de109c1757,/storage/ssd/metaiot_guest/yiminghua/prm_runs_v2/baselines/schnet/host_cv5_f1/seed344/test_predictions.npz,6c401374baa9ac22b5fa4353d467366ac7cc222f,8c93b26eb61a1f05df1262c50be02ff9419cc9ca2ec05f6c239c38f9bd38f3c7,/storage/ssd/metaiot_guest/yiminghua/prm_collectors/final-ac585d5-comparison/configs/prm/generated/schnet/host_cv5_f1_seed344.yaml,baselines/schnet/host_cv5_f1/seed344,3.7019476916649294,4.409105694511773,2.4180555181202585,0.2685158143847098,-0.6798156186256135,5.4118878809879645,7.097337909193957,3.1446118389046043,0.06102012288240664,-5.555217856208182
schnet,schnet,host_cv,host_cv5_f2,342,/storage/ssd/metaiot_guest/yiminghua/prm_runs_v2/baselines/schnet/host_cv5_f2/seed342/run_manifest.json,b30c7eb30ddba756280f93686027e39ef77cce0de7c874336cc23f246a05429f,/storage/ssd/metaiot_guest/yiminghua/prm_runs_v2/baselines/schnet/host_cv5_f2/seed342/test_predictions.npz,6c401374baa9ac22b5fa4353d467366ac7cc222f,130db0e392b0f882440cb64b3c1cfece6d7772405b71c6397c8b6185838e7a5e,/storage/ssd/metaiot_guest/yiminghua/prm_collectors/final-ac585d5-comparison/configs/prm/generated/schnet/host_cv5_f2_seed342.yaml,baselines/schnet/host_cv5_f2/seed342,8.083727377303411,11.524729506929626,7.510002355003891,0.18585261180120136,-10.148578250124242,5.115902322631235,9.234675027842304,4.502242716347099,0.4212364621844029,-6.368919791878877
schnet,schnet,host_cv,host_cv5_f2,343,/storage/ssd/metaiot_guest/yiminghua/prm_runs_v2/baselines/schnet/host_cv5_f2/seed343/run_manifest.json,206fe68393efbc7d1a0151fe8cbd826d6020cd10ccfcf001d73d49c8595c4ac1,/storage/ssd/metaiot_guest/yiminghua/prm_runs_v2/baselines/schnet/host_cv5_f2/seed343/test_predictions.npz,6c401374baa9ac22b5fa4353d467366ac7cc222f,94e6ff76ab6838fdfc4cce4bcf886a0f65be7d190ba62d153597615bb2405aaf,/storage/ssd/metaiot_guest/yiminghua/prm_collectors/final-ac585d5-comparison/configs/prm/generated/schnet/host_cv5_f2_seed343.yaml,baselines/schnet/host_cv5_f2/seed343,6.1281013169301435,8.767897668291806,3.9822205826105876,0.0911216321424638,-5.452811064252945,6.910755325525158,9.604784138458946,3.3501444961722826,0.07151317512730178,-6.971422221121564
schnet,schnet,host_cv,host_cv5_f2,344,/storage/ssd/metaiot_guest/yiminghua/prm_runs_v2/baselines/schnet/host_cv5_f2/seed344/run_manifest.json,67ca6fda29f883c1fb350f3a2ff8aac0fc5ad63763cdcc6c99eb4d92475ab78d,/storage/ssd/metaiot_guest/yiminghua/prm_runs_v2/baselines/schnet/host_cv5_f2/seed344/test_predictions.npz,6c401374baa9ac22b5fa4353d467366ac7cc222f,0048b373f2a0144ec883cac517abace4e0e2b19c709c3a56116fc3d9f98b0b59,/storage/ssd/metaiot_guest/yiminghua/prm_collectors/final-ac585d5-comparison/configs/prm/generated/schnet/host_cv5_f2_seed344.yaml,baselines/schnet/host_cv5_f2/seed344,5.338213064907482,7.134090065167666,1.1688849822847616,0.27977577164109174,-3.2720387181801467,5.4643946040683895,8.28890158694149,3.409430590909716,0.19070785357499365,-4.936829300854386
schnet,schnet,host_cv,host_cv5_f3,342,/storage/ssd/metaiot_guest/yiminghua/prm_runs_v2/baselines/schnet/host_cv5_f3/seed342/run_manifest.json,4b09ad49f25fa73fff7feb065dd73f5e45bb8645f290b3b58b63e6d25fd5a82a,/storage/ssd/metaiot_guest/yiminghua/prm_runs_v2/baselines/schnet/host_cv5_f3/seed342/test_predictions.npz,6c401374baa9ac22b5fa4353d467366ac7cc222f,506de31a596742a54a59b16d271b3a3f04c7cb2ce1439af7a583eed24eaabac6,/storage/ssd/metaiot_guest/yiminghua/prm_collectors/final-ac585d5-comparison/configs/prm/generated/schnet/host_cv5_f3_seed342.yaml,baselines/schnet/host_cv5_f3/seed342,7.2507920561809955,13.583893110732987,6.4160324529255925,0.4386651951361891,-15.067109813482755,10.589079528087167,23.691743734495418,9.293034613394171,0.28807999341210855,-46.114225603553045
schnet,schnet,host_cv,host_cv5_f3,343,/storage/ssd/metaiot_guest/yiminghua/prm_runs_v2/baselines/schnet/host_cv5_f3/seed343/run_manifest.json,b01bc481d6585a523afd2377407207f4b91c8ddf4c47514a1ec353c54fe25c24,/storage/ssd/metaiot_guest/yiminghua/prm_runs_v2/baselines/schnet/host_cv5_f3/seed343/test_predictions.npz,6c401374baa9ac22b5fa4353d467366ac7cc222f,075ce4b0950cdcc9c91147e3eda1e4464476d337964d4650aa3bf02de7e4cac3,/storage/ssd/metaiot_guest/yiminghua/prm_collectors/final-ac585d5-comparison/configs/prm/generated/schnet/host_cv5_f3_seed343.yaml,baselines/schnet/host_cv5_f3/seed343,2.683417982340053,3.524974168993926,0.6447957364422385,0.3486035891742138,-0.08193489625413108,3.0854741517765882,4.37885448323275,1.0633248035118208,0.1982943145789961,-0.6094557122909166
schnet,schnet,host_cv,host_cv5_f3,344,/storage/ssd/metaiot_guest/yiminghua/prm_runs_v2/baselines/schnet/host_cv5_f3/seed344/run_manifest.json,1d6f011eef1d982158fd17c88a8b3bdc9ad7ec81fd3023fe1186f8cd65706914,/storage/ssd/metaiot_guest/yiminghua/prm_runs_v2/baselines/schnet/host_cv5_f3/seed344/test_predictions.npz,6c401374baa9ac22b5fa4353d467366ac7cc222f,ce4fd5bbd62a0e45cf706d8b13b3ff82885dc4530d887f165943617ebfc3cf9a,/storage/ssd/metaiot_guest/yiminghua/prm_collectors/final-ac585d5-comparison/configs/prm/generated/schnet/host_cv5_f3_seed344.yaml,baselines/schnet/host_cv5_f3/seed344,3.8637222118097254,4.729559430380867,1.0323115012561812,0.37977565701720317,-0.9477383932868091,4.530597671840157,5.933174866697506,2.245959828187126,0.23819739951346466,-1.954828649126143
schnet,schnet,host_cv,host_cv5_f4,342,/storage/ssd/metaiot_guest/yiminghua/prm_runs_v2/baselines/schnet/host_cv5_f4/seed342/run_manifest.json,d6a47d0716b2c1c9e826fe3574ac5f27e619682c367fb4894a5ce129304c9962,/storage/ssd/metaiot_guest/yiminghua/prm_runs_v2/baselines/schnet/host_cv5_f4/seed342/test_predictions.npz,6c401374baa9ac22b5fa4353d467366ac7cc222f,d67de0ada0c965a550d364ff43dc6061eec74e35ab2de9d7b56822f029c60c1e,/storage/ssd/metaiot_guest/yiminghua/prm_collectors/final-ac585d5-comparison/configs/prm/generated/schnet/host_cv5_f4_seed342.yaml,baselines/schnet/host_cv5_f4/seed342,3.073739483594817,4.535459223859556,2.711802698155746,0.558577884917739,-1.6897431237100036,26.37980331369546,56.496829502560054,26.04633697124442,0.3221894302869889,-276.93126512457474
schnet,schnet,host_cv,host_cv5_f4,343,/storage/ssd/metaiot_guest/yiminghua/prm_runs_v2/baselines/schnet/host_cv5_f4/seed343/run_manifest.json,5340eac6feb82aceb40630f96f98d927792215cc660e025ac03c7bf4950ed64b,/storage/ssd/metaiot_guest/yiminghua/prm_runs_v2/baselines/schnet/host_cv5_f4/seed343/test_predictions.npz,6c401374baa9ac22b5fa4353d467366ac7cc222f,dc98464f6a14fdd1c12b3aa6d33aea1d29e74e3e42aa2d4b118b264725fc9c62,/storage/ssd/metaiot_guest/yiminghua/prm_collectors/final-ac585d5-comparison/configs/prm/generated/schnet/host_cv5_f4_seed343.yaml,baselines/schnet/host_cv5_f4/seed343,1.858071886356119,2.6949157887208175,1.3945701762189553,0.7034412689347717,0.05036072012237214,6.376740070963813,10.029484139129952,3.507462832706406,0.365670868231261,-7.758836968032462
schnet,schnet,host_cv,host_cv5_f4,344,/storage/ssd/metaiot_guest/yiminghua/prm_runs_v2/baselines/schnet/host_cv5_f4/seed344/run_manifest.json,7a35ff53f470ba1ff35a3717bf36f7e448e13c90318ddf74fdef9a09c860ec12,/storage/ssd/metaiot_guest/yiminghua/prm_runs_v2/baselines/schnet/host_cv5_f4/seed344/test_predictions.npz,6c401374baa9ac22b5fa4353d467366ac7cc222f,7c70d348d6bee872a696adaf4881b1c2d5da1edd8c56167c39d63f92da4d702c,/storage/ssd/metaiot_guest/yiminghua/prm_collectors/final-ac585d5-comparison/configs/prm/generated/schnet/host_cv5_f4_seed344.yaml,baselines/schnet/host_cv5_f4/seed344,3.3991451582881047,5.131365283340289,3.1230782870856055,0.49438700345447967,-2.442977111782388,7.137826013775834,11.556741576741612,0.034981581305673685,0.22059690580546287,-10.629473541033917
schnet,schnet,id_cv,id_cv5_f0,342,/storage/ssd/metaiot_guest/yiminghua/prm_runs_v2/baselines/schnet/id_cv5_f0/seed342/run_manifest.json,cf4033fdd4a8ae4d95453f680d673d3acca09b89ebc860b7616d5af612f2a73d,/storage/ssd/metaiot_guest/yiminghua/prm_runs_v2/baselines/schnet/id_cv5_f0/seed342/test_predictions.npz,6c401374baa9ac22b5fa4353d467366ac7cc222f,fee1d028e888467bfb4436db9c063e514023665e8843618490c39f1104f647b8,/storage/ssd/metaiot_guest/yiminghua/prm_collectors/final-ac585d5-comparison/configs/prm/generated/schnet/id_cv5_f0_seed342.yaml,baselines/schnet/id_cv5_f0/seed342,0.6087561352416408,1.8899347043208705,0.021331484256594608,0.9486464043051519,0.6370318798381022,0.5841567869708406,1.46518188770343,0.00474091231668945,0.9489463524211953,0.7804180984310374
schnet,schnet,id_cv,id_cv5_f1,342,/storage/ssd/metaiot_guest/yiminghua/prm_runs_v2/baselines/schnet/id_cv5_f1/seed342/run_manifest.json,fea8225ce7f64c4ad8045d4ebaa98ffdcf7e6f18d0afd36bf44dd953e6dff00b,/storage/ssd/metaiot_guest/yiminghua/prm_runs_v2/baselines/schnet/id_cv5_f1/seed342/test_predictions.npz,6c401374baa9ac22b5fa4353d467366ac7cc222f,4e12a15455c996553a2d41052ed790c2c19f825a08950009153dae3b8595845c,/storage/ssd/metaiot_guest/yiminghua/prm_collectors/final-ac585d5-comparison/configs/prm/generated/schnet/id_cv5_f1_seed342.yaml,baselines/schnet/id_cv5_f1/seed342,0.5619589507663912,0.9429851372550896,-0.011068924043278043,0.9493602833189269,0.911582128007052,0.587551742311098,1.655548631628903,0.017477160365796652,0.947814299410348,0.721478472917071
schnet,schnet,id_cv,id_cv5_f2,342,/storage/ssd/metaiot_guest/yiminghua/prm_runs_v2/baselines/schnet/id_cv5_f2/seed342/run_manifest.json,c928540931d20c68569b1c6b372381c1031e488cbd1c3ad18d943a1c4fde58da,/storage/ssd/metaiot_guest/yiminghua/prm_runs_v2/baselines/schnet/id_cv5_f2/seed342/test_predictions.npz,6c401374baa9ac22b5fa4353d467366ac7cc222f,0f9acb1933f2ec185b8d13cd69591da5c769d0f6d89e88a839d8f887dd4adf66,/storage/ssd/metaiot_guest/yiminghua/prm_collectors/final-ac585d5-comparison/configs/prm/generated/schnet/id_cv5_f2_seed342.yaml,baselines/schnet/id_cv5_f2/seed342,0.5684073649451574,1.034451822171456,-0.0018894346777012705,0.9536228708891519,0.9024199386028724,0.541813009898312,0.9482024688955669,-0.02166790306287212,0.9548757469956043,0.91060102768221
schnet,schnet,id_cv,id_cv5_f3,342,/storage/ssd/metaiot_guest/yiminghua/prm_runs_v2/baselines/schnet/id_cv5_f3/seed342/run_manifest.json,ce8c3c4d28ce12acd0e66ab5efc98a1869bec859210616113af6d969f4354a16,/storage/ssd/metaiot_guest/yiminghua/prm_runs_v2/baselines/schnet/id_cv5_f3/seed342/test_predictions.npz,6c401374baa9ac22b5fa4353d467366ac7cc222f,a59ef20ae259c795a246bc91f5d6f11155f14db9d7a633219a172c2cedff49db,/storage/ssd/metaiot_guest/yiminghua/prm_collectors/final-ac585d5-comparison/configs/prm/generated/schnet/id_cv5_f3_seed342.yaml,baselines/schnet/id_cv5_f3/seed342,0.5799419683167449,1.1706737577241957,-0.07388422023175774,0.9505708536827241,0.8707612817393091,0.5730958219767892,1.0473948399204445,-0.051201552657688304,0.9561853240426481,0.8999628272736715
schnet,schnet,id_cv,id_cv5_f4,342,/storage/ssd/metaiot_guest/yiminghua/prm_runs_v2/baselines/schnet/id_cv5_f4/seed342/run_manifest.json,4e3a77cfe95174b789de86003733de7b5bc3e665311a3429adc975344eb01c32,/storage/ssd/metaiot_guest/yiminghua/prm_runs_v2/baselines/schnet/id_cv5_f4/seed342/test_predictions.npz,6c401374baa9ac22b5fa4353d467366ac7cc222f,7953b175e17a9475ba0f3076f6e2ef8c3e436481f22a9e9b12a4b1c4d03f5953,/storage/ssd/metaiot_guest/yiminghua/prm_collectors/final-ac585d5-comparison/configs/prm/generated/schnet/id_cv5_f4_seed342.yaml,baselines/schnet/id_cv5_f4/seed342,0.5735729289246063,1.2616995127524964,-0.029996691679979134,0.9449963342231541,0.8371734092704106,0.5699461390562889,1.123162581335674,-0.07815388418339264,0.9503897948449668,0.8810385830232992
schnet,schnet,id_repeat,id_repeat_s42,342,/storage/ssd/metaiot_guest/yiminghua/prm_runs_v2/baselines/schnet/id_repeat_s42/seed342/run_manifest.json,a61ec2cff820f9b3ead46703b2e153f9ad3a5aa8df67ffcb125afccbdefd7f3b,/storage/ssd/metaiot_guest/yiminghua/prm_runs_v2/baselines/schnet/id_repeat_s42/seed342/test_predictions.npz,6c401374baa9ac22b5fa4353d467366ac7cc222f,f55c7c99b49738418e67c8ae13adcdb83dd6aafdf3bec770c5b3db0f1863519a,/storage/ssd/metaiot_guest/yiminghua/prm_collectors/final-ac585d5-comparison/configs/prm/generated/schnet/id_repeat_s42_seed342.yaml,baselines/schnet/id_repeat_s42/seed342,0.5296851533579908,1.0583463522180754,-0.053105683501540095,0.9524731093237446,0.9018065046582086,0.6187985845079477,2.622972533160702,0.09003509352855814,0.9555744232637114,0.32801928234347855
schnet,schnet,id_repeat,id_repeat_s43,342,/storage/ssd/metaiot_guest/yiminghua/prm_runs_v2/baselines/schnet/id_repeat_s43/seed342/run_manifest.json,9df209289c8e65cf9ffbf1da56b2950349a821c767dc8aa01134e5d52a257259,/storage/ssd/metaiot_guest/yiminghua/prm_runs_v2/baselines/schnet/id_repeat_s43/seed342/test_predictions.npz,6c401374baa9ac22b5fa4353d467366ac7cc222f,3aefcff0753daa94869607947e02decab72ede9188a4a13f502608c109a99b9d,/storage/ssd/metaiot_guest/yiminghua/prm_collectors/final-ac585d5-comparison/configs/prm/generated/schnet/id_repeat_s43_seed342.yaml,baselines/schnet/id_repeat_s43/seed342,0.5176012701779739,0.9717676024932815,-0.04577426271886912,0.947875600729089,0.9036566415043195,0.5201492165091274,0.9110417371492353,-0.03969519469763661,0.9467864536107398,0.9132092349405817
schnet,schnet,id_repeat,id_repeat_s44,342,/storage/ssd/metaiot_guest/yiminghua/prm_runs_v2/baselines/schnet/id_repeat_s44/seed342/run_manifest.json,e0e5c41f40fdec22b7a936d84d16784d9f78b2f92592c7d1d084563c405c9026,/storage/ssd/metaiot_guest/yiminghua/prm_runs_v2/baselines/schnet/id_repeat_s44/seed342/test_predictions.npz,6c401374baa9ac22b5fa4353d467366ac7cc222f,125532251d4f95ff5c7c1f33b35beb685a9a608ddbbbfbb09a6552667a64bf0c,/storage/ssd/metaiot_guest/yiminghua/prm_collectors/final-ac585d5-comparison/configs/prm/generated/schnet/id_repeat_s44_seed342.yaml,baselines/schnet/id_repeat_s44/seed342,0.5262681248257155,0.999115428056453,0.0016193457574931241,0.9463187597527747,0.8904259650979234,0.5502164929141113,1.5616494761984714,-0.0011280562836979084,0.9611259852884632,0.773080435418336
schnet,schnet,id_repeat,id_repeat_s45,342,/storage/ssd/metaiot_guest/yiminghua/prm_runs_v2/baselines/schnet/id_repeat_s45/seed342/run_manifest.json,7a01112ce33257aa2d84a0f484115c6de2fcc7ed4a84023c2c4d54c971e1ef66,/storage/ssd/metaiot_guest/yiminghua/prm_runs_v2/baselines/schnet/id_repeat_s45/seed342/test_predictions.npz,6c401374baa9ac22b5fa4353d467366ac7cc222f,5143b2cc900b3b90ebb57d9e752172705b5ed40c1bd34e820795e0dee66dd16b,/storage/ssd/metaiot_guest/yiminghua/prm_collectors/final-ac585d5-comparison/configs/prm/generated/schnet/id_repeat_s45_seed342.yaml,baselines/schnet/id_repeat_s45/seed342,0.49092330438585646,0.8781897748627282,-0.034225574430418175,0.9651726234512903,0.9315422766345643,0.5476895421552213,1.1227325764560596,-0.012440735498809221,0.954224056640995,0.8770575740231554
schnet,schnet,id_repeat,id_repeat_s46,342,/storage/ssd/metaiot_guest/yiminghua/prm_runs_v2/baselines/schnet/id_repeat_s46/seed342/run_manifest.json,01224808a3d506664ac4403cf5ef0e73fe086a8956bd592ad29d4567af0af093,/storage/ssd/metaiot_guest/yiminghua/prm_runs_v2/baselines/schnet/id_repeat_s46/seed342/test_predictions.npz,6c401374baa9ac22b5fa4353d467366ac7cc222f,9be18fff3aa29c6e25872346d73e7045eaa7aab99a79558011cdbfc007747b31,/storage/ssd/metaiot_guest/yiminghua/prm_collectors/final-ac585d5-comparison/configs/prm/generated/schnet/id_repeat_s46_seed342.yaml,baselines/schnet/id_repeat_s46/seed342,0.5046218251937056,0.9639050894770393,-0.061154161091463786,0.9553404536155197,0.9041973221126981,0.5943730362424243,2.5852310527523046,0.049496332020521575,0.9587621403535704,0.3516137118659214
schnet,schnet,pair_cv,pair_cv5_f0,342,/storage/ssd/metaiot_guest/yiminghua/prm_runs_v2/baselines/schnet/pair_cv5_f0/seed342/run_manifest.json,0c23a9db006dbb0caf3b5deefe8431c26cb031e5b86078ebf7dfd2670531e601,/storage/ssd/metaiot_guest/yiminghua/prm_runs_v2/baselines/schnet/pair_cv5_f0/seed342/test_predictions.npz,6c401374baa9ac22b5fa4353d467366ac7cc222f,8cd91cd877c075d73d63a16599633a6a03546475d689dc9823f56d7c05c2a9fe,/storage/ssd/metaiot_guest/yiminghua/prm_collectors/final-ac585d5-comparison/configs/prm/generated/schnet/pair_cv5_f0_seed342.yaml,baselines/schnet/pair_cv5_f0/seed342,0.6378928831403123,1.2580451616387842,-0.04480235135154595,0.9437087292575289,0.8436523239556696,0.6061654587152606,1.154360288796905,-0.016775599623529907,0.9412396601082529,0.8672160238651341
schnet,schnet,pair_cv,pair_cv5_f1,342,/storage/ssd/metaiot_guest/yiminghua/prm_runs_v2/baselines/schnet/pair_cv5_f1/seed342/run_manifest.json,8ee13b67257e0c8d37a62880151b574c5a8312a03660a68a3500ad12fc951631,/storage/ssd/metaiot_guest/yiminghua/prm_runs_v2/baselines/schnet/pair_cv5_f1/seed342/test_predictions.npz,6c401374baa9ac22b5fa4353d467366ac7cc222f,b402931b575e017007b2b46c5dbf68f4c91afba6bf78e3d1bda83ddd78ecf71b,/storage/ssd/metaiot_guest/yiminghua/prm_collectors/final-ac585d5-comparison/configs/prm/generated/schnet/pair_cv5_f1_seed342.yaml,baselines/schnet/pair_cv5_f1/seed342,0.6389527333597482,1.1355322444784515,-0.03552648239725777,0.9408639774395304,0.8788595476667064,0.6604460741901429,1.4272663079024377,-0.05320562548429085,0.9382100327413343,0.7987624624004577
schnet,schnet,pair_cv,pair_cv5_f2,342,/storage/ssd/metaiot_guest/yiminghua/prm_runs_v2/baselines/schnet/pair_cv5_f2/seed342/run_manifest.json,c75643654ebef905aa3cc93896f130da9683e27a93d9d953b717e9c27ed8cc2a,/storage/ssd/metaiot_guest/yiminghua/prm_runs_v2/baselines/schnet/pair_cv5_f2/seed342/test_predictions.npz,6c401374baa9ac22b5fa4353d467366ac7cc222f,d80c3a87a04d117b4967a3ef705946e72496d03d97188461dc6c08d67274fb07,/storage/ssd/metaiot_guest/yiminghua/prm_collectors/final-ac585d5-comparison/configs/prm/generated/schnet/pair_cv5_f2_seed342.yaml,baselines/schnet/pair_cv5_f2/seed342,0.6125017820177759,1.0623415507995633,0.012623716696236091,0.9398410649693298,0.8840090256143458,0.6072522595936938,1.0965341089622562,-0.014581987732443001,0.9429966638431474,0.8870374363391886
schnet,schnet,pair_cv,pair_cv5_f3,342,/storage/ssd/metaiot_guest/yiminghua/prm_runs_v2/baselines/schnet/pair_cv5_f3/seed342/run_manifest.json,1ef1ab327ab0450bb392937e8d46f8c927e90ac9bfe28e1c957de0d6683e2ff5,/storage/ssd/metaiot_guest/yiminghua/prm_runs_v2/baselines/schnet/pair_cv5_f3/seed342/test_predictions.npz,6c401374baa9ac22b5fa4353d467366ac7cc222f,217b9bebe0fe8fce49eb79bace6bda986c747854a815d13e1db9b6b5b2a09637,/storage/ssd/metaiot_guest/yiminghua/prm_collectors/final-ac585d5-comparison/configs/prm/generated/schnet/pair_cv5_f3_seed342.yaml,baselines/schnet/pair_cv5_f3/seed342,0.6546020392619425,1.8982702510975111,-0.008461696520304662,0.9471863596404825,0.6636192400075672,0.6056879042186671,1.0119796835061479,-0.022745958387437287,0.943673567277193,0.8947457968017829
schnet,schnet,pair_cv,pair_cv5_f4,342,/storage/ssd/metaiot_guest/yiminghua/prm_runs_v2/baselines/schnet/pair_cv5_f4/seed342/run_manifest.json,acbf3be6aa98e9e672b7f09e941ada7b0a9d4d6aa004e2c2a5ad16afc26e7a42,/storage/ssd/metaiot_guest/yiminghua/prm_runs_v2/baselines/schnet/pair_cv5_f4/seed342/test_predictions.npz,6c401374baa9ac22b5fa4353d467366ac7cc222f,c04743c3740f0ce2d8b2ca05891472d268959deabca0df4754150acf49fd9d2e,/storage/ssd/metaiot_guest/yiminghua/prm_collectors/final-ac585d5-comparison/configs/prm/generated/schnet/pair_cv5_f4_seed342.yaml,baselines/schnet/pair_cv5_f4/seed342,0.6045312624829303,1.1169217231261046,-0.008633626191003002,0.9418314699963325,0.8756893354376655,0.6589084201303963,1.8055519099400357,0.016067273820155353,0.9425892337499572,0.6956768279903788
descriptor:validation_selected,lightgbm,chemistry_block,chemistry_block_g6x3d,42,/storage/ssd/metaiot_guest/yiminghua/prm_runs_v2/baselines/descriptors/chemistry_block_g6x3d/metrics.json,d6c4764b6f6a472c652126fd26628d18d716e489f7b1c26669874292ab711f05,/storage/ssd/metaiot_guest/yiminghua/prm_runs_v2/baselines/descriptors/chemistry_block_g6x3d/predictions.npz,,,,,0.5478046892353602,0.8502493596793793,-0.00325015228224467,0.9355274620017887,0.9109250806865966,0.6418160664372107,1.0450747337433761,0.2290442313653657,0.8624004560451901,0.8080076577864768
descriptor:mean,mean,chemistry_block,chemistry_block_g6x3d,42,/storage/ssd/metaiot_guest/yiminghua/prm_runs_v2/baselines/descriptors/chemistry_block_g6x3d/metrics.json,d6c4764b6f6a472c652126fd26628d18d716e489f7b1c26669874292ab711f05,/storage/ssd/metaiot_guest/yiminghua/prm_runs_v2/baselines/descriptors/chemistry_block_g6x3d/predictions.npz,,,,,2.013688528995043,2.8553674381434586,-0.1929088429327768,,-0.0045852929001217735,1.7728932913411153,2.823572983202333,-1.5112556889685156,,-0.4014811024173437
descriptor:validation_selected,hist_gradient_boosting,dopant_cv,dopant_cv5_f0,42,/storage/ssd/metaiot_guest/yiminghua/prm_runs_v2/baselines/descriptors/dopant_cv5_f0/metrics.json,760bbb5eb89740a6d6358725ff768544083993a0508a081128d237a88e802984,/storage/ssd/metaiot_guest/yiminghua/prm_runs_v2/baselines/descriptors/dopant_cv5_f0/predictions.npz,,,,,1.0647044769940368,1.6049585391411372,-0.03167035288649894,0.8329690270511577,0.7423218796084105,1.1118423331230884,1.6011851025166068,-0.11597743949374963,0.8210687973666909,0.7674149842463519
descriptor:mean,mean,dopant_cv,dopant_cv5_f0,42,/storage/ssd/metaiot_guest/yiminghua/prm_runs_v2/baselines/descriptors/dopant_cv5_f0/metrics.json,760bbb5eb89740a6d6358725ff768544083993a0508a081128d237a88e802984,/storage/ssd/metaiot_guest/yiminghua/prm_runs_v2/baselines/descriptors/dopant_cv5_f0/predictions.npz,,,,,2.3585683280520278,3.1747652726953466,-0.2873772935820735,,-0.008261422045627631,2.3389791476582444,3.3287261086015376,0.23953781324435897,,-0.0052053125489399665
descriptor:validation_selected,lightgbm,dopant_cv,dopant_cv5_f1,42,/storage/ssd/metaiot_guest/yiminghua/prm_runs_v2/baselines/descriptors/dopant_cv5_f1/metrics.json,a46792e48c0acd71c018202d7a7420142897ec878164ee344de3d1b6b8727ef9,/storage/ssd/metaiot_guest/yiminghua/prm_runs_v2/baselines/descriptors/dopant_cv5_f1/predictions.npz,,,,,1.0209124201563213,1.494470672095552,0.33130807024879366,0.8699818945099874,0.7858467639885196,1.208333960707813,1.6868521600130464,0.1250191681100638,0.7981934153393774,0.71535474304747
descriptor:mean,mean,dopant_cv,dopant_cv5_f1,42,/storage/ssd/metaiot_guest/yiminghua/prm_runs_v2/baselines/descriptors/dopant_cv5_f1/metrics.json,a46792e48c0acd71c018202d7a7420142897ec878164ee344de3d1b6b8727ef9,/storage/ssd/metaiot_guest/yiminghua/prm_runs_v2/baselines/descriptors/dopant_cv5_f1/predictions.npz,,,,,2.288309558432412,3.246835628927655,0.33580033303710705,,-0.010812150763998218,2.3592214158626366,3.1726288051410894,-0.26272553618781813,,-0.006904853720406612
descriptor:validation_selected,hist_gradient_boosting,dopant_cv,dopant_cv5_f2,42,/storage/ssd/metaiot_guest/yiminghua/prm_runs_v2/baselines/descriptors/dopant_cv5_f2/metrics.json,63f216d30919e72ca9107496850079c91abb3ad36a3991bb1e22a1b67c6f6555,/storage/ssd/metaiot_guest/yiminghua/prm_runs_v2/baselines/descriptors/dopant_cv5_f2/predictions.npz,,,,,1.666002331712335,2.234985667776862,1.1627311706623231,0.6851523366052257,0.49917654876164086,1.337539667994027,1.7857304165900358,0.7968650201186676,0.8436834417257212,0.6942393169007988
descriptor:mean,mean,dopant_cv,dopant_cv5_f2,42,/storage/ssd/metaiot_guest/yiminghua/prm_runs_v2/baselines/descriptors/dopant_cv5_f2/metrics.json,63f216d30919e72ca9107496850079c91abb3ad36a3991bb1e22a1b67c6f6555,/storage/ssd/metaiot_guest/yiminghua/prm_runs_v2/baselines/descriptors/dopant_cv5_f2/predictions.npz,,,,,2.409402063071582,3.243958933299913,0.7411974934901879,,-0.05508115718847373,2.3674060243856276,3.2828257138304666,0.5897159738215535,,-0.03334537696443296
descriptor:validation_selected,hist_gradient_boosting,dopant_cv,dopant_cv5_f3,42,/storage/ssd/metaiot_guest/yiminghua/prm_runs_v2/baselines/descriptors/dopant_cv5_f3/metrics.json,17cbe3448412a38898ae95946caca2a1ad4655f2118fa887edff8c0091147011,/storage/ssd/metaiot_guest/yiminghua/prm_runs_v2/baselines/descriptors/dopant_cv5_f3/predictions.npz,,,,,1.19291049916552,1.704296730935806,-0.39551156336916876,0.7917474002889456,0.6698927684946918,1.483916428701482,2.0664294170001942,0.8182679729649754,0.6976069408246068,0.5718693472030589
descriptor:mean,mean,dopant_cv,dopant_cv5_f3,42,/storage/ssd/metaiot_guest/yiminghua/prm_runs_v2/baselines/descriptors/dopant_cv5_f3/metrics.json,17cbe3448412a38898ae95946caca2a1ad4655f2118fa887edff8c0091147011,/storage/ssd/metaiot_guest/yiminghua/prm_runs_v2/baselines/descriptors/dopant_cv5_f3/predictions.npz,,,,,2.2136796619908177,3.090268403119398,-0.8664392344708131,,-0.08531803340541133,2.279175428624297,3.180205868109543,0.3739164705896204,,-0.014017945371498364
descriptor:validation_selected,hist_gradient_boosting,dopant_cv,dopant_cv5_f4,42,/storage/ssd/metaiot_guest/yiminghua/prm_runs_v2/baselines/descriptors/dopant_cv5_f4/metrics.json,75628545d7a9bc5eb1528f058f938563d0eabbcd77049b21557a6a316d82dfe0,/storage/ssd/metaiot_guest/yiminghua/prm_runs_v2/baselines/descriptors/dopant_cv5_f4/predictions.npz,,,,,1.200666122300966,1.6654143327601292,-0.045260588247385464,0.7833855171704497,0.7483811076051812,1.5273267412201375,2.0206121863749553,-0.42226747632783596,0.6530730951439045,0.5359865682637501
descriptor:mean,mean,dopant_cv,dopant_cv5_f4,42,/storage/ssd/metaiot_guest/yiminghua/prm_runs_v2/baselines/descriptors/dopant_cv5_f4/metrics.json,75628545d7a9bc5eb1528f058f938563d0eabbcd77049b21557a6a316d82dfe0,/storage/ssd/metaiot_guest/yiminghua/prm_runs_v2/baselines/descriptors/dopant_cv5_f4/predictions.npz,,,,,2.288970725766651,3.3209059021709657,0.07332713660241304,,-0.0004877846202837599,2.228396558991083,3.1128857301631188,-0.9439362863908938,,-0.10126281103308044
descriptor:validation_selected,hist_gradient_boosting,host_cv,host_cv5_f0,42,/storage/ssd/metaiot_guest/yiminghua/prm_runs_v2/baselines/descriptors/host_cv5_f0/metrics.json,451290375fad46ada7a42fc6972b124869357081be7a7b1d8be2289a92aa5f23,/storage/ssd/metaiot_guest/yiminghua/prm_runs_v2/baselines/descriptors/host_cv5_f0/predictions.npz,,,,,1.493657086042072,2.2529746672304634,0.7754974619516246,0.7060459060895994,0.3394453063312749,1.0508843991937986,1.9574929724972832,0.6403938378565017,0.8243804364974082,0.49896427190512094
descriptor:mean,mean,host_cv,host_cv5_f0,42,/storage/ssd/metaiot_guest/yiminghua/prm_runs_v2/baselines/descriptors/host_cv5_f0/metrics.json,451290375fad46ada7a42fc6972b124869357081be7a7b1d8be2289a92aa5f23,/storage/ssd/metaiot_guest/yiminghua/prm_runs_v2/baselines/descriptors/host_cv5_f0/predictions.npz,,,,,2.3093051169763124,2.932680255230797,0.957247057425652,,-0.11924611695582565,2.158469971361296,2.843068310381031,0.6597892470244812,,-0.05692181497535542
descriptor:validation_selected,lightgbm,host_cv,host_cv5_f1,42,/storage/ssd/metaiot_guest/yiminghua/prm_runs_v2/baselines/descriptors/host_cv5_f1/metrics.json,8af8f4875e8dc26c16b23cd00b7204604389230dc92b1a578f908147a795339f,/storage/ssd/metaiot_guest/yiminghua/prm_runs_v2/baselines/descriptors/host_cv5_f1/predictions.npz,,,,,1.1129823844147224,1.681479253031333,0.1238348021292521,0.8586733606732183,0.755688663703735,1.4906040730493335,2.1748050525906444,0.459040592428894,0.6754316079300243,0.3844875632700069
descriptor:mean,mean,host_cv,host_cv5_f1,42,/storage/ssd/metaiot_guest/yiminghua/prm_runs_v2/baselines/descriptors/host_cv5_f1/metrics.json,8af8f4875e8dc26c16b23cd00b7204604389230dc92b1a578f908147a795339f,/storage/ssd/metaiot_guest/yiminghua/prm_runs_v2/baselines/descriptors/host_cv5_f1/predictions.npz,,,,,2.456774469421991,3.405852092578371,-0.16432562815524657,,-0.0023333032990284774,2.22351648434169,2.872542977111838,0.753134519779859,,-0.07381443053775194
descriptor:validation_selected,hist_gradient_boosting,host_cv,host_cv5_f2,42,/storage/ssd/metaiot_guest/yiminghua/prm_runs_v2/baselines/descriptors/host_cv5_f2/metrics.json,2c6f272e5135b4e9ed2323cdd2c571b411351f60ccfb20c63befed87b7b39c95,/storage/ssd/metaiot_guest/yiminghua/prm_runs_v2/baselines/descriptors/host_cv5_f2/predictions.npz,,,,,1.2159230679643822,2.105350645347028,-0.4208079357407709,0.8552874110196084,0.6279452237061092,1.4148907977606056,2.113404049714137,-0.4024353988934174,0.7970819169608484,0.6140547826912943
descriptor:mean,mean,host_cv,host_cv5_f2,42,/storage/ssd/metaiot_guest/yiminghua/prm_runs_v2/baselines/descriptors/host_cv5_f2/metrics.json,2c6f272e5135b4e9ed2323cdd2c571b411351f60ccfb20c63befed87b7b39c95,/storage/ssd/metaiot_guest/yiminghua/prm_runs_v2/baselines/descriptors/host_cv5_f2/predictions.npz,,,,,2.454295131234677,3.4708086789342922,-0.3646106885310115,,-0.011158782181750482,2.4326465221786626,3.430576716068642,-0.4427539275720249,,-0.01693890910985507
descriptor:validation_selected,hist_gradient_boosting,host_cv,host_cv5_f3,42,/storage/ssd/metaiot_guest/yiminghua/prm_runs_v2/baselines/descriptors/host_cv5_f3/metrics.json,57d2ad3de764c55803f44fcd1d1ea282b21ad1d96759a0e013dfed173b163e3c,/storage/ssd/metaiot_guest/yiminghua/prm_runs_v2/baselines/descriptors/host_cv5_f3/predictions.npz,,,,,1.0860318152355282,1.9338800668732328,-0.5253296012359413,0.8578887891994735,0.6743520675924406,1.124403294527938,1.8211974054115068,-0.2760854541876938,0.8696683286529483,0.7215981899863977
descriptor:mean,mean,host_cv,host_cv5_f3,42,/storage/ssd/metaiot_guest/yiminghua/prm_runs_v2/baselines/descriptors/host_cv5_f3/metrics.json,57d2ad3de764c55803f44fcd1d1ea282b21ad1d96759a0e013dfed173b163e3c,/storage/ssd/metaiot_guest/yiminghua/prm_runs_v2/baselines/descriptors/host_cv5_f3/predictions.npz,,,,,2.311253544275033,3.461668860535211,-0.7061776115023186,,-0.04342273162250021,2.451148227526058,3.4783131614515077,-0.4302214750012266,,-0.015536106099438118
descriptor:validation_selected,hist_gradient_boosting,host_cv,host_cv5_f4,42,/storage/ssd/metaiot_guest/yiminghua/prm_runs_v2/baselines/descriptors/host_cv5_f4/metrics.json,e67243e51315be44503b931cb8a93f2b4ee1a286fdbf4d4633ae93a55bcf4d4e,/storage/ssd/metaiot_guest/yiminghua/prm_runs_v2/baselines/descriptors/host_cv5_f4/predictions.npz,,,,,1.0611166387685196,1.937889848108843,0.5251747264385596,0.8201230952667128,0.5089491717492521,1.249415567889836,2.232923728847164,-0.2863146681789181,0.7807402601853108,0.5658527755393123
descriptor:mean,mean,host_cv,host_cv5_f4,42,/storage/ssd/metaiot_guest/yiminghua/prm_runs_v2/baselines/descriptors/host_cv5_f4/metrics.json,e67243e51315be44503b931cb8a93f2b4ee1a286fdbf4d4633ae93a55bcf4d4e,/storage/ssd/metaiot_guest/yiminghua/prm_runs_v2/baselines/descriptors/host_cv5_f4/predictions.npz,,,,,2.069612840330715,2.7808659767832915,0.29240385398823193,,-0.011179810896218889,2.3133930526272857,3.4293616899216723,-0.5254113810057812,,-0.02403743942495762
descriptor:validation_selected,lightgbm,id_cv,id_cv5_f0,42,/storage/ssd/metaiot_guest/yiminghua/prm_runs_v2/baselines/descriptors/id_cv5_f0/metrics.json,f0ff681edecf3934afd0aaa3576f561727b77451500ea3c639e90157b3f1968c,/storage/ssd/metaiot_guest/yiminghua/prm_runs_v2/baselines/descriptors/id_cv5_f0/predictions.npz,,,,,0.6316989863901805,1.1172617963122644,0.01911344026812519,0.9378064486943692,0.8731516619180334,0.6145259667795199,1.0875916975283286,-0.0019434334722590917,0.9389379067732984,0.8790111837688417
descriptor:mean,mean,id_cv,id_cv5_f0,42,/storage/ssd/metaiot_guest/yiminghua/prm_runs_v2/baselines/descriptors/id_cv5_f0/metrics.json,f0ff681edecf3934afd0aaa3576f561727b77451500ea3c639e90157b3f1968c,/storage/ssd/metaiot_guest/yiminghua/prm_runs_v2/baselines/descriptors/id_cv5_f0/predictions.npz,,,,,2.250574252513966,3.1376602584246753,0.06505194973864274,,-0.00043002679734627236,2.2596866237723794,3.12871372096688,0.11081053153631966,,-0.001255959214592428
descriptor:validation_selected,lightgbm,id_cv,id_cv5_f1,42,/storage/ssd/metaiot_guest/yiminghua/prm_runs_v2/baselines/descriptors/id_cv5_f1/metrics.json,a2e5789d1b70117647ea576d947435a579f66ea9b233786e08b3deb1ba5b19bd,/storage/ssd/metaiot_guest/yiminghua/prm_runs_v2/baselines/descriptors/id_cv5_f1/predictions.npz,,,,,0.610456872924384,1.0505514363432658,-0.008719600850225792,0.9445250232644338,0.8902599876157228,0.6260601422901168,1.113079567755073,0.014794525093216266,0.9414864309429477,0.8740995432851046
descriptor:mean,mean,id_cv,id_cv5_f1,42,/storage/ssd/metaiot_guest/yiminghua/prm_runs_v2/baselines/descriptors/id_cv5_f1/metrics.json,a2e5789d1b70117647ea576d947435a579f66ea9b233786e08b3deb1ba5b19bd,/storage/ssd/metaiot_guest/yiminghua/prm_runs_v2/baselines/descriptors/id_cv5_f1/predictions.npz,,,,,2.3019995915544285,3.1712831885821204,-0.0030952177775597904,,-9.526048438956991e-07,2.2455639268478866,3.1371990141791337,0.036572030757485365,,-0.00013591676739266312
descriptor:validation_selected,lightgbm,id_cv,id_cv5_f2,42,/storage/ssd/metaiot_guest/yiminghua/prm_runs_v2/baselines/descriptors/id_cv5_f2/metrics.json,578a884a38af37716a66d309cfbcc547f7df2af97e228c41ab3e0a6c5d4d77ef,/storage/ssd/metaiot_guest/yiminghua/prm_runs_v2/baselines/descriptors/id_cv5_f2/predictions.npz,,,,,0.6541121693217116,1.2014195581129363,0.011178357761803271,0.9454888985633922,0.8683775575056347,0.6035430514047995,1.0299060413966779,-0.01791260671142937,0.9452216211897573,0.8945308187708736
descriptor:mean,mean,id_cv,id_cv5_f2,42,/storage/ssd/metaiot_guest/yiminghua/prm_runs_v2/baselines/descriptors/id_cv5_f2/metrics.json,578a884a38af37716a66d309cfbcc547f7df2af97e228c41ab3e0a6c5d4d77ef,/storage/ssd/metaiot_guest/yiminghua/prm_runs_v2/baselines/descriptors/id_cv5_f2/predictions.npz,,,,,2.3720975065942005,3.3115380744881846,-0.001187704327753747,,-1.2863443066279956e-07,2.300510208417241,3.1713064564578897,-0.012536305716099119,,-1.562678050670563e-05
descriptor:validation_selected,lightgbm,id_cv,id_cv5_f3,42,/storage/ssd/metaiot_guest/yiminghua/prm_runs_v2/baselines/descriptors/id_cv5_f3/metrics.json,ca8533ec166c85d841e93209fea16fe67873b19508b9a939afc3b1789528c13e,/storage/ssd/metaiot_guest/yiminghua/prm_runs_v2/baselines/descriptors/id_cv5_f3/predictions.npz,,,,,0.645656348334923,1.2863716503941303,-0.0512259688865631,0.94322549822288,0.8439535849294234,0.6544658716916535,1.222747071805559,-0.01512756461093459,0.9419788942570113,0.8636629749114781
descriptor:mean,mean,id_cv,id_cv5_f3,42,/storage/ssd/metaiot_guest/yiminghua/prm_runs_v2/baselines/descriptors/id_cv5_f3/metrics.json,ca8533ec166c85d841e93209fea16fe67873b19508b9a939afc3b1789528c13e,/storage/ssd/metaiot_guest/yiminghua/prm_runs_v2/baselines/descriptors/id_cv5_f3/predictions.npz,,,,,2.316472546591567,3.258976872591016,-0.12923078836787563,,-0.0015748995635291863,2.3673879784387903,3.311676928008274,-0.030349091567577244,,-8.39908434147052e-05
descriptor:validation_selected,lightgbm,id_cv,id_cv5_f4,42,/storage/ssd/metaiot_guest/yiminghua/prm_runs_v2/baselines/descriptors/id_cv5_f4/metrics.json,0007873b6b7c61cc07e2ec4a23436ff5f8694fdeefe5a497316b9b640a9fd502,/storage/ssd/metaiot_guest/yiminghua/prm_runs_v2/baselines/descriptors/id_cv5_f4/predictions.npz,,,,,0.5897576964994885,1.062802464752422,-0.04128129904999887,0.9445805750322871,0.8844636705121194,0.6271602713812869,1.2204392565704678,-0.05931237036419401,0.9442667203847184,0.8595398226164397
descriptor:mean,mean,id_cv,id_cv5_f4,42,/storage/ssd/metaiot_guest/yiminghua/prm_runs_v2/baselines/descriptors/id_cv5_f4/metrics.json,0007873b6b7c61cc07e2ec4a23436ff5f8694fdeefe5a497316b9b640a9fd502,/storage/ssd/metaiot_guest/yiminghua/prm_runs_v2/baselines/descriptors/id_cv5_f4/predictions.npz,,,,,2.25202118707071,3.127499311770068,0.06842054702492543,,-0.00047883572463569557,2.3198733656911243,3.2580911485172255,-0.10453837871974966,,-0.0010305578977767293
descriptor:validation_selected,lightgbm,id_repeat,id_repeat_s42,42,/storage/ssd/metaiot_guest/yiminghua/prm_runs_v2/baselines/descriptors/id_repeat_s42/metrics.json,390cb9b1381970a6da61c5efff2032642be993aa9532db3743aef9bd8308b516,/storage/ssd/metaiot_guest/yiminghua/prm_runs_v2/baselines/descriptors/id_repeat_s42/predictions.npz,,,,,0.588006425272151,1.195915843756909,0.003827160257508312,0.9469772265143703,0.8746199829595002,0.5684118940154268,1.0593555228624985,-0.046477992869675556,0.9522334609987891,0.8903893403043552
descriptor:mean,mean,id_repeat,id_repeat_s42,42,/storage/ssd/metaiot_guest/yiminghua/prm_runs_v2/baselines/descriptors/id_repeat_s42/metrics.json,390cb9b1381970a6da61c5efff2032642be993aa9532db3743aef9bd8308b516,/storage/ssd/metaiot_guest/yiminghua/prm_runs_v2/baselines/descriptors/id_repeat_s42/predictions.npz,,,,,2.349486231718886,3.384378823926504,-0.21675177905344256,,-0.0041186266654400505,2.268734081944621,3.205986706003451,-0.1999602434797682,,-0.0039053200866809856
descriptor:validation_selected,lightgbm,id_repeat,id_repeat_s43,42,/storage/ssd/metaiot_guest/yiminghua/prm_runs_v2/baselines/descriptors/id_repeat_s43/metrics.json,81853a8f92a155ab671c230ccfb63d8265237cd16b7bc6dee5e9ed5bad422bca,/storage/ssd/metaiot_guest/yiminghua/prm_runs_v2/baselines/descriptors/id_repeat_s43/predictions.npz,,,,,0.5881618045737768,1.1179350143548712,-0.0443254396337578,0.9463130602504677,0.8724941623763522,0.5425763632148272,0.9170113690054259,0.009358747397870607,0.9534013053547755,0.9120681093013433
descriptor:mean,mean,id_repeat,id_repeat_s43,42,/storage/ssd/metaiot_guest/yiminghua/prm_runs_v2/baselines/descriptors/id_repeat_s43/metrics.json,81853a8f92a155ab671c230ccfb63d8265237cd16b7bc6dee5e9ed5bad422bca,/storage/ssd/metaiot_guest/yiminghua/prm_runs_v2/baselines/descriptors/id_repeat_s43/predictions.npz,,,,,2.211045272312698,3.1327593612514817,-0.11155329365249735,,-0.00126958489352047,2.2683279486630354,3.0931785988372837,-0.06751640017022185,,-0.00047666748516639323
descriptor:validation_selected,lightgbm,id_repeat,id_repeat_s44,42,/storage/ssd/metaiot_guest/yiminghua/prm_runs_v2/baselines/descriptors/id_repeat_s44/metrics.json,83db21d05c0b48c80be2da94f4e850921f54678884050a56ddf03df4e83c9c96,/storage/ssd/metaiot_guest/yiminghua/prm_runs_v2/baselines/descriptors/id_repeat_s44/predictions.npz,,,,,0.5361942045216848,0.8639205399343723,0.05962698053840879,0.9460650813128155,0.9180735895110581,0.5770651135049196,1.1180549512661073,-0.014962152761424218,0.9532002551276605,0.8836862330387543
descriptor:mean,mean,id_repeat,id_repeat_s44,42,/storage/ssd/metaiot_guest/yiminghua/prm_runs_v2/baselines/descriptors/id_repeat_s44/metrics.json,83db21d05c0b48c80be2da94f4e850921f54678884050a56ddf03df4e83c9c96,/storage/ssd/metaiot_guest/yiminghua/prm_runs_v2/baselines/descriptors/id_repeat_s44/predictions.npz,,,,,2.2028711372242773,3.0300531448102266,0.26666643571188475,,-0.007805721288120626,2.3673143941649393,3.2783121415099803,0.011588755770806555,,-1.249621369558973e-05
descriptor:validation_selected,lightgbm,id_repeat,id_repeat_s45,42,/storage/ssd/metaiot_guest/yiminghua/prm_runs_v2/baselines/descriptors/id_repeat_s45/metrics.json,e34339bf6a63829f8637f41cca54a26610fad2d9fe393f45e17b1c3b7bd9c6d0,/storage/ssd/metaiot_guest/yiminghua/prm_runs_v2/baselines/descriptors/id_repeat_s45/predictions.npz,,,,,0.5878737106931795,1.0495524414073014,-0.042757651430650676,0.9563877343540218,0.9022191102723618,0.5514119605407892,1.0853212255435398,-0.014941342098480817,0.9556918790996896,0.8851143655649584
descriptor:mean,mean,id_repeat,id_repeat_s45,42,/storage/ssd/metaiot_guest/yiminghua/prm_runs_v2/baselines/descriptors/id_repeat_s45/metrics.json,e34339bf6a63829f8637f41cca54a26610fad2d9fe393f45e17b1c3b7bd9c6d0,/storage/ssd/metaiot_guest/yiminghua/prm_runs_v2/baselines/descriptors/id_repeat_s45/predictions.npz,,,,,2.435360608507364,3.359391682780774,-0.14111390218376543,,-0.0017676053248301127,2.2852822294289283,3.2022859878716354,-0.040468509170504964,,-0.0001597289162429405
descriptor:validation_selected,lightgbm,id_repeat,id_repeat_s46,42,/storage/ssd/metaiot_guest/yiminghua/prm_runs_v2/baselines/descriptors/id_repeat_s46/metrics.json,1c839b9ad1f012f6a583d91cacd561c56ffb2f561a45c3d5caf31fdb47cd72f2,/storage/ssd/metaiot_guest/yiminghua/prm_runs_v2/baselines/descriptors/id_repeat_s46/predictions.npz,,,,,0.5902259116072262,1.086064310116536,-0.06931562292955201,0.9500507983600341,0.8783757461007259,0.5841023166925694,1.0764129862979928,-0.05234989020862706,0.9516205475506595,0.8875931047336821
descriptor:mean,mean,id_repeat,id_repeat_s46,42,/storage/ssd/metaiot_guest/yiminghua/prm_runs_v2/baselines/descriptors/id_repeat_s46/metrics.json,1c839b9ad1f012f6a583d91cacd561c56ffb2f561a45c3d5caf31fdb47cd72f2,/storage/ssd/metaiot_guest/yiminghua/prm_runs_v2/baselines/descriptors/id_repeat_s46/predictions.npz,,,,,2.243306244592124,3.1152672611334387,-0.08182591913620707,,-0.0006903842725198839,2.293892235646435,3.212348101276879,-0.10679853365123912,,-0.001106536324018581
descriptor:validation_selected,lightgbm,pair_cv,pair_cv5_f0,42,/storage/ssd/metaiot_guest/yiminghua/prm_runs_v2/baselines/descriptors/pair_cv5_f0/metrics.json,c1984a92d8130f088b740decb2645ea73bcc410c43fcbf3e5618144d9f2df2f3,/storage/ssd/metaiot_guest/yiminghua/prm_runs_v2/baselines/descriptors/pair_cv5_f0/predictions.npz,,,,,0.6725588040149942,1.169962599644993,-0.04042656243068771,0.9339466121194823,0.8647793785603187,0.658738540274553,1.2544224510647508,0.0068384415524930684,0.9330325059153982,0.8431983791423692
descriptor:mean,mean,pair_cv,pair_cv5_f0,42,/storage/ssd/metaiot_guest/yiminghua/prm_runs_v2/baselines/descriptors/pair_cv5_f0/metrics.json,c1984a92d8130f088b740decb2645ea73bcc410c43fcbf3e5618144d9f2df2f3,/storage/ssd/metaiot_guest/yiminghua/prm_runs_v2/baselines/descriptors/pair_cv5_f0/predictions.npz,,,,,2.2978258300247396,3.1821808975946797,0.058877452171265256,,-0.0003424498549040589,2.2931407997670963,3.1697196614874876,0.10801504385524946,,-0.0011626029051836628
descriptor:validation_selected,lightgbm,pair_cv,pair_cv5_f1,42,/storage/ssd/metaiot_guest/yiminghua/prm_runs_v2/baselines/descriptors/pair_cv5_f1/metrics.json,d79fbe40f28b4cb8100593303167326beccf3b049360cfbc7da9a4c516a0667a,/storage/ssd/metaiot_guest/yiminghua/prm_runs_v2/baselines/descriptors/pair_cv5_f1/predictions.npz,,,,,0.7179099119038762,1.29182567927251,-0.04377743282313732,0.9319812376896206,0.8432173222219956,0.6949654251134088,1.1835113876440406,-0.05962503893312092,0.9360320708910882,0.8616293911381985
descriptor:mean,mean,pair_cv,pair_cv5_f1,42,/storage/ssd/metaiot_guest/yiminghua/prm_runs_v2/baselines/descriptors/pair_cv5_f1/metrics.json,d79fbe40f28b4cb8100593303167326beccf3b049360cfbc7da9a4c516a0667a,/storage/ssd/metaiot_guest/yiminghua/prm_runs_v2/baselines/descriptors/pair_cv5_f1/predictions.npz,,,,,2.31200231596652,3.263296468726673,-0.0705986211247704,,-0.00046825528608551714,2.289808564836638,3.1816679397066743,0.014218576405995583,,-1.997152379273892e-05
descriptor:validation_selected,lightgbm,pair_cv,pair_cv5_f2,42,/storage/ssd/metaiot_guest/yiminghua/prm_runs_v2/baselines/descriptors/pair_cv5_f2/metrics.json,1d6b97259b20fcf669bed2d2cb1793243fb5b56ae837b53a57b3bef71633ac55,/storage/ssd/metaiot_guest/yiminghua/prm_runs_v2/baselines/descriptors/pair_cv5_f2/predictions.npz,,,,,0.6663797402862353,1.1001717741041843,0.09924420408877058,0.9335847949657645,0.8756010090052222,0.7062614158853533,1.2608381123377688,-0.03223757159763172,0.9336670895314821,0.8506487343538628
descriptor:mean,mean,pair_cv,pair_cv5_f2,42,/storage/ssd/metaiot_guest/yiminghua/prm_runs_v2/baselines/descriptors/pair_cv5_f2/metrics.json,1d6b97259b20fcf669bed2d2cb1793243fb5b56ae837b53a57b3bef71633ac55,/storage/ssd/metaiot_guest/yiminghua/prm_runs_v2/baselines/descriptors/pair_cv5_f2/predictions.npz,,,,,2.2702647945658208,3.1193675019876173,0.025466614851269442,,-6.665585463627721e-05,2.3123805053017015,3.2632368371892078,-0.0677862677049654,,-0.00043169169725532086
descriptor:validation_selected,lightgbm,pair_cv,pair_cv5_f3,42,/storage/ssd/metaiot_guest/yiminghua/prm_runs_v2/baselines/descriptors/pair_cv5_f3/metrics.json,ebaeae673f7bb1ed59db8bec4b29615d2687a921a7cbd74b9bfe7b983a73fb14,/storage/ssd/metaiot_guest/yiminghua/prm_runs_v2/baselines/descriptors/pair_cv5_f3/predictions.npz,,,,,0.6622578435313451,1.1741314740527726,-0.030371231418371628,0.9406835430972806,0.8713088967584743,0.6652712329581125,1.0942363760445433,0.06607256599307282,0.9340139822190283,0.8769396469112031
descriptor:mean,mean,pair_cv,pair_cv5_f3,42,/storage/ssd/metaiot_guest/yiminghua/prm_runs_v2/baselines/descriptors/pair_cv5_f3/metrics.json,ebaeae673f7bb1ed59db8bec4b29615d2687a921a7cbd74b9bfe7b983a73fb14,/storage/ssd/metaiot_guest/yiminghua/prm_runs_v2/baselines/descriptors/pair_cv5_f3/predictions.npz,,,,,2.325681624316471,3.2741663283874827,-0.08837788344501078,,-0.000729125449067336,2.269404950351647,3.1193297882125415,0.020328886974396512,,-4.247399027024201e-05
descriptor:validation_selected,lightgbm,pair_cv,pair_cv5_f4,42,/storage/ssd/metaiot_guest/yiminghua/prm_runs_v2/baselines/descriptors/pair_cv5_f4/metrics.json,f3b231480dbc26548e8fcb2df06ad9e28a13809d0b78a829172423828163d0b4,/storage/ssd/metaiot_guest/yiminghua/prm_runs_v2/baselines/descriptors/pair_cv5_f4/predictions.npz,,,,,0.6526832746165434,1.2578758636811338,-0.003751322204086444,0.9342910507127684,0.8423338441233859,0.6459456366091406,1.1854167820805999,-0.08674083312928874,0.9430380499329863,0.8688231473475707
descriptor:mean,mean,pair_cv,pair_cv5_f4,42,/storage/ssd/metaiot_guest/yiminghua/prm_runs_v2/baselines/descriptors/pair_cv5_f4/metrics.json,f3b231480dbc26548e8fcb2df06ad9e28a13809d0b78a829172423828163d0b4,/storage/ssd/metaiot_guest/yiminghua/prm_runs_v2/baselines/descriptors/pair_cv5_f4/predictions.npz,,,,,2.2872950467102213,3.168756910623803,0.0745980958524164,,-0.0005545215077071841,2.3277865484566598,3.273828205438925,-0.0748105812255061,,-0.0005224456552073153
