{
  "experiment": "p1",
  "fold": "g6x3d",
  "seed": 42,
  "tag": "block_g6x3d_s42",
  "n_train": 9243,
  "n_val": 1026,
  "n_test": 372,
  "best_val_mae": 0.43822264671325684,
  "test_mae": 0.5343446731567383,
  "test_rmse": 0.9762960076332092,
  "naive_baseline_mae": 1.7539573024182311,
  "wall_min": 22.492131173610687,
  "per_host_mae": {
    "MoS2": 0.6202759146690369,
    "MoTe2": 0.3884553015232086,
    "WSe2": 0.5407027006149292,
    "MoSe2": 0.5473803281784058,
    "WS2": 0.6666502356529236,
    "WTe2": 0.40703925490379333,
    "MoSSe": 0.5460357069969177
  },
  "model_kwargs": {
    "atom_fea_len": 9,
    "hidden_dim": 128,
    "n_local_layers": 3,
    "n_global_layers": 2,
    "num_heads": 4,
    "rcut_local": 5.0,
    "dmax_global": 12.0,
    "defect_embedding": true,
    "dropout": 0.1,
    "ct_uae_path": "/home/huayiming/Workspace/yiminghua/project/data/ct_uae_mt3_embeddings.pt"
  },
  "config": {
    "epochs": 150,
    "lr": 0.0005,
    "batch_size": 64,
    "warmup": 10,
    "swa_start": 120
  }
}