{
  "experiment": "p0",
  "fold": "WS2",
  "seed": 42,
  "tag": "loho_WS2_s42_nouae",
  "n_train": 9342,
  "n_val": 1038,
  "n_test": 261,
  "best_val_mae": 0.47848302125930786,
  "test_mae": 0.6390246748924255,
  "test_rmse": 1.4351067543029785,
  "naive_baseline_mae": 3.252959771804925,
  "wall_min": 22.262574835618338,
  "per_host_mae": {
    "WS2": 0.6390246748924255
  },
  "model_kwargs": {
    "atom_fea_len": 9,
    "hidden_dim": 128,
    "n_local_layers": 3,
    "n_global_layers": 2,
    "num_heads": 4,
    "rcut_local": 5.0,
    "dmax_global": 12.0,
    "defect_embedding": true,
    "dropout": 0.1,
    "ct_uae_path": null
  },
  "config": {
    "epochs": 150,
    "lr": 0.0005,
    "batch_size": 64,
    "warmup": 10,
    "swa_start": 120
  }
}