host,dopant,dopant_Z,dopant_period,n_sites,true_preference,predicted_preference,preference_eligible,preference_correct,true_margin_eV,predicted_margin_eV,margin_absolute_error_eV,true_global_best,n_tied_true_global_best_sites,predicted_global_best,global_site_correct,global_uniform_exact_expectation,global_screening_regret_eV,majority_preference_correct,preference_gain_over_majority,global_exact_gain_over_uniform
As2,Ag,47,5,4,adsorbate,adsorbate,1,1,2.256500849999995,3.398613452911377,1.1421126029113822,adsorbate:ads2,1,adsorbate:ads2,1,0.25,0.0,1,0,0.75
As2,Al,13,3,4,adsorbate,adsorbate,1,1,1.9435646299999976,1.7225923538208008,0.2209722761791968,adsorbate:ads2,1,adsorbate:ads2,1,0.25,0.0,1,0,0.75
As2,Au,79,6,4,adsorbate,adsorbate,1,1,1.8303445399999982,2.116934895515442,0.28659035551544365,adsorbate:ads2,1,adsorbate:ads2,1,0.25,0.0,1,0,0.75
As2,B,5,2,5,adsorbate,interstitial,1,0,1.080271210000006,-0.05411982536315918,1.1343910353631652,adsorbate:ads2,1,interstitial:int1,0,0.2,1.080271210000006,1,-1,-0.2
As2,Ba,56,6,4,adsorbate,adsorbate,1,1,0.806667570000002,0.47998881340026855,0.32667875659973344,adsorbate:ads1,1,adsorbate:ads1,1,0.25,0.0,1,0,0.75
As2,Be,4,2,5,adsorbate,adsorbate,1,1,1.8497335999999929,0.36151862144470215,1.4882149785552907,adsorbate:ads1,1,adsorbate:ads2,0,0.2,0.5289901499999985,1,0,-0.2
As2,C,6,2,5,adsorbate,adsorbate,1,1,1.1581801699999943,0.10948991775512695,1.0486902522448673,adsorbate:ads1,1,adsorbate:ads1,1,0.2,0.0,1,0,0.8
As2,Ca,20,4,4,adsorbate,adsorbate,1,1,3.6351497600000044,4.6113972663879395,0.976247506387935,adsorbate:ads1,1,adsorbate:ads1,1,0.25,0.0,1,0,0.75
As2,Cd,48,5,4,adsorbate,adsorbate,1,1,4.681915230000001,4.161467432975769,0.5204477970242323,adsorbate:ads2,1,adsorbate:ads1,0,0.25,0.2174109899999906,1,0,-0.25
As2,Cl,17,3,4,adsorbate,adsorbate,1,1,4.768567119999999,5.072628736495972,0.3040616164959724,adsorbate:ads2,1,adsorbate:ads1,0,0.25,0.2599469999999967,1,0,-0.25
As2,Co,27,4,3,interstitial,interstitial,1,1,-1.5361832799999888,-1.1900584697723389,0.34612481022764996,interstitial:int1,1,interstitial:int1,1,0.3333333333333333,0.0,0,1,0.6666666666666667
As2,Cr,24,4,4,interstitial,adsorbate,1,0,-0.6290403999999938,0.2063138484954834,0.8353542484954772,interstitial:int1,1,adsorbate:ads2,0,0.25,0.6290403999999938,0,0,-0.25
As2,Cs,55,6,4,adsorbate,adsorbate,1,1,3.144244630000003,8.86680555343628,5.722560923436276,adsorbate:ads2,1,adsorbate:ads2,1,0.25,0.0,1,0,0.75
As2,Cu,29,4,4,adsorbate,interstitial,1,0,0.5378127999999975,-0.14416956901550293,0.6819823690155005,adsorbate:ads2,1,interstitial:int1,0,0.25,0.5378127999999975,1,-1,-0.25
As2,F,9,2,5,adsorbate,adsorbate,1,1,1.6950706099999877,1.4898021221160889,0.20526848788389884,adsorbate:ads0,1,adsorbate:ads1,0,0.2,1.1021541599999978,1,0,-0.2
As2,Fe,26,4,3,interstitial,interstitial,1,1,-0.1433014200000009,-0.7734090089797974,0.6301075889797965,interstitial:int1,1,interstitial:int1,1,0.3333333333333333,0.0,0,1,0.6666666666666667
As2,Ga,31,4,3,adsorbate,adsorbate,1,1,2.869291650000008,2.2070730924606323,0.6622185575393758,adsorbate:ads1,1,adsorbate:ads1,1,0.3333333333333333,0.0,1,0,0.6666666666666667
As2,Ge,32,4,4,adsorbate,adsorbate,1,1,2.8672165100000058,2.3269633054733276,0.5402532045266781,adsorbate:ads2,1,adsorbate:ads1,0,0.25,0.16234808999999473,1,0,-0.25
As2,H,1,1,5,adsorbate,adsorbate,1,1,0.08537502000000086,0.219474196434021,0.13409917643402014,adsorbate:ads1,1,adsorbate:ads2,0,0.2,0.11659901000000172,1,0,-0.2
As2,Hf,72,6,3,adsorbate,interstitial,1,0,0.410631070000008,-0.07936525344848633,0.4899963234484943,adsorbate:ads2,1,interstitial:int1,0,0.3333333333333333,0.410631070000008,1,-1,-0.3333333333333333
As2,Hg,80,6,4,adsorbate,adsorbate,1,1,5.369364360000006,5.788832664489746,0.41946830448974026,adsorbate:ads2,1,adsorbate:ads1,0,0.25,0.0408556400000037,1,0,-0.25
As2,Ir,77,6,2,interstitial,interstitial,1,1,-3.696281529999993,-2.397880792617798,1.2984007373821953,interstitial:int1,1,interstitial:int1,1,0.5,0.0,0,1,0.5
As2,K,19,4,4,adsorbate,adsorbate,1,1,6.147208030000001,6.009760141372681,0.13744788862732005,adsorbate:ads2,1,adsorbate:ads2,1,0.25,0.0,1,0,0.75
As2,Li,3,2,4,adsorbate,adsorbate,1,1,1.3507470899999987,1.037150263786316,0.3135968262136828,adsorbate:ads2,1,adsorbate:ads2,1,0.25,0.0,1,0,0.75
As2,Lu,71,6,4,adsorbate,adsorbate,1,1,1.865256830000007,1.5662522315979004,0.2990045984021066,adsorbate:ads2,1,adsorbate:ads2,1,0.25,0.0,1,0,0.75
As2,Mn,25,4,4,adsorbate,adsorbate,1,1,0.3776742300000111,0.21308624744415283,0.16458798255585827,adsorbate:ads2,1,adsorbate:ads1,0,0.25,0.0028926800000024233,1,0,-0.25
As2,Mo,42,5,4,interstitial,interstitial,1,1,-1.2870306200000101,-1.655346393585205,0.36831577358519496,interstitial:int1,1,interstitial:int1,1,0.25,0.0,0,1,0.75
As2,N,7,2,4,adsorbate,adsorbate,1,1,2.0386540900000085,3.247495174407959,1.2088410844079505,adsorbate:ads1,1,adsorbate:ads2,0,0.25,0.3576956200000012,1,0,-0.25
As2,Nb,41,5,4,interstitial,interstitial,1,1,-0.16561070000000155,-0.2765679359436035,0.11095723594360196,interstitial:int1,1,interstitial:int1,1,0.25,0.0,0,1,0.75
As2,Ni,28,4,3,interstitial,interstitial,1,1,-1.2055803900000086,-0.4688812494277954,0.7366991405722132,interstitial:int1,1,interstitial:int1,1,0.3333333333333333,0.0,0,1,0.6666666666666667
As2,O,8,2,4,adsorbate,adsorbate,1,1,2.619294410000009,1.1581124067306519,1.4611820032693572,adsorbate:ads0,1,adsorbate:ads0,1,0.25,0.0,1,0,0.75
As2,Os,76,6,3,interstitial,interstitial,1,1,-0.09569983000000093,-1.347550868988037,1.2518510389880362,interstitial:int1,1,interstitial:int1,1,0.3333333333333333,0.0,0,1,0.6666666666666667
As2,P,15,3,4,adsorbate,adsorbate,1,1,1.7102183900000085,2.076951742172241,0.3667333521722327,adsorbate:ads1,1,adsorbate:ads2,0,0.25,0.03268855000000315,1,0,-0.25
As2,Pb,82,6,4,adsorbate,adsorbate,1,1,1.985555669999997,4.494657754898071,2.5091020848980743,adsorbate:ads2,1,adsorbate:ads2,1,0.25,0.0,1,0,0.75
As2,Pd,46,5,4,interstitial,adsorbate,1,0,-0.33993166000000463,0.6396927833557129,0.9796244433557175,interstitial:int1,1,adsorbate:ads2,0,0.25,0.33993166000000463,0,0,-0.25
As2,Pt,78,6,3,adsorbate,interstitial,1,0,0.44481310999999835,-0.20778822898864746,0.6526013389886458,adsorbate:ads1,1,interstitial:int1,0,0.3333333333333333,0.44481310999999835,1,-1,-0.3333333333333333
As2,Re,75,6,3,interstitial,interstitial,1,1,-1.0135894600000066,-0.42169618606567383,0.5918932739343328,interstitial:int1,1,interstitial:int1,1,0.3333333333333333,0.0,0,1,0.6666666666666667
As2,Rh,45,5,3,interstitial,adsorbate,1,0,-0.2343215099999867,0.050209641456604004,0.2845311514565907,interstitial:int1,1,adsorbate:ads2,0,0.3333333333333333,0.2343215099999867,0,0,-0.3333333333333333
As2,Ru,44,5,4,adsorbate,interstitial,1,0,0.24829848000000254,-0.1931154727935791,0.44141395279358164,adsorbate:ads2,1,interstitial:int1,0,0.25,0.24829848000000254,1,-1,-0.25
As2,S,16,3,4,adsorbate,adsorbate,1,1,3.648949729999998,3.4006118774414062,0.24833785255859153,adsorbate:ads1,1,adsorbate:ads1,1,0.25,0.0,1,0,0.75
As2,Sb,51,5,3,adsorbate,adsorbate,1,1,4.897663299999991,4.44362485408783,0.45403844591216114,adsorbate:ads2,1,adsorbate:ads2,1,0.3333333333333333,0.0,1,0,0.6666666666666667
As2,Sc,21,4,3,adsorbate,adsorbate,1,1,1.7972155500000042,1.2653002738952637,0.5319152761047405,adsorbate:ads2,1,adsorbate:ads2,1,0.3333333333333333,0.0,1,0,0.6666666666666667
As2,Se,34,4,4,adsorbate,adsorbate,1,1,4.305187090000004,4.412450075149536,0.10726298514953214,adsorbate:ads1,1,adsorbate:ads1,1,0.25,0.0,1,0,0.75
As2,Si,14,3,4,adsorbate,adsorbate,1,1,1.3104113400000015,1.2386120557785034,0.07179928422149806,adsorbate:ads2,1,adsorbate:ads1,0,0.25,0.0854656300000014,1,0,-0.25
As2,Sn,50,5,4,adsorbate,adsorbate,1,1,5.435144080000001,3.8343645334243774,1.6007795465756232,adsorbate:ads2,1,adsorbate:ads1,0,0.25,0.23000727000000154,1,0,-0.25
As2,Sr,38,5,4,adsorbate,adsorbate,1,1,5.060271459999996,4.808886289596558,0.251385170403438,adsorbate:ads1,1,adsorbate:ads2,0,0.25,0.01114273999999682,1,0,-0.25
As2,Ta,73,6,3,interstitial,interstitial,1,1,-1.1048331599999983,-1.071967601776123,0.03286555822387527,interstitial:int1,1,interstitial:int1,1,0.3333333333333333,0.0,0,1,0.6666666666666667
As2,Tc,43,5,3,interstitial,interstitial,1,1,-1.3920699300000052,-1.4708986282348633,0.07882869823485805,interstitial:int1,1,interstitial:int1,1,0.3333333333333333,0.0,0,1,0.6666666666666667
As2,Te,52,5,4,adsorbate,adsorbate,1,1,5.821253629999987,5.4137163162231445,0.4075373137768423,adsorbate:ads1,1,adsorbate:ads1,1,0.25,0.0,1,0,0.75
As2,Ti,22,4,3,interstitial,adsorbate,1,0,-0.0005295699999978698,0.16997969150543213,0.17050926150543,interstitial:int1,1,adsorbate:ads2,0,0.3333333333333333,0.0005295699999978698,0,0,-0.3333333333333333
As2,Tl,81,6,3,adsorbate,adsorbate,1,1,5.6149968,5.995037078857422,0.38004027885742175,adsorbate:ads1,1,adsorbate:ads1,1,0.3333333333333333,0.0,1,0,0.6666666666666667
As2,V,23,4,4,adsorbate,interstitial,1,0,0.1784415399999939,-0.17062616348266602,0.3490677034826599,adsorbate:ads2,1,interstitial:int1,0,0.25,0.1784415399999939,1,-1,-0.25
As2,W,74,6,3,interstitial,interstitial,1,1,-0.4353704800000031,-0.7863326072692871,0.350962127269284,interstitial:int1,1,interstitial:int1,1,0.3333333333333333,0.0,0,1,0.6666666666666667
As2,Xe,54,5,4,adsorbate,adsorbate,1,1,10.61932257000001,3.4580414295196533,7.161281140480357,adsorbate:ads1,1,adsorbate:ads2,0,0.25,0.07554054000000579,1,0,-0.25
As2,Y,39,5,4,adsorbate,adsorbate,1,1,1.6286774400000041,2.5153987407684326,0.8867213007684285,adsorbate:ads1,1,adsorbate:ads1,1,0.25,0.0,1,0,0.75
As2,Zn,30,4,4,adsorbate,adsorbate,1,1,2.722906909999992,1.9586882591247559,0.764218650875236,adsorbate:ads2,1,adsorbate:ads2,1,0.25,0.0,1,0,0.75
As2,Zr,40,5,4,adsorbate,adsorbate,1,1,0.5017570400000011,0.3233067989349365,0.17845024106506457,adsorbate:ads1,1,adsorbate:ads2,0,0.25,0.3015454900000094,1,0,-0.25
Bi2I6,K,19,4,3,interstitial,interstitial,1,1,-1.08081928,-0.09308862686157227,0.9877306531384278,interstitial:int4,1,interstitial:int4,1,0.3333333333333333,0.0,0,1,0.6666666666666667
Bi2I6,Lu,71,6,7,interstitial,interstitial,1,1,-2.1447613299999944,-1.2474937438964844,0.89726758610351,interstitial:int4,1,interstitial:int4,1,0.14285714285714285,0.0,0,1,0.8571428571428572
Bi2I6,Mg,12,3,2,interstitial,interstitial,1,1,-3.9073918999999933,-5.613585472106934,1.7061935721069403,interstitial:int4,1,interstitial:int4,1,0.5,0.0,0,1,0.5
Bi2I6,Re,75,6,8,interstitial,adsorbate,1,0,-2.2606197500000054,4.62420916557312,6.8848289155731255,interstitial:int2,1,adsorbate:ads1,0,0.125,2.2606197500000054,0,0,-0.125
Bi2I6,Ru,44,5,2,interstitial,adsorbate,1,0,-0.18449435999998798,3.3044698238372803,3.4889641838372683,interstitial:int0,1,adsorbate:ads0,0,0.5,0.18449435999998798,0,0,-0.5
Bi2I6,Xe,54,5,8,adsorbate,adsorbate,1,1,0.9765776800000054,1.2087070941925049,0.23212941419249944,adsorbate:ads0,1,adsorbate:ads2,0,0.125,0.019531069999999318,1,0,-0.125
BiITe,Al,13,3,3,adsorbate,adsorbate,1,1,6.0180840700000005,1.661987543106079,4.356096526893921,adsorbate:ads5,1,adsorbate:ads5,1,0.3333333333333333,0.0,1,0,0.6666666666666667
BiITe,B,5,2,2,adsorbate,adsorbate,1,1,2.24987908,0.6588954925537109,1.590983587446289,adsorbate:ads0,1,adsorbate:ads0,1,0.5,0.0,1,0,0.5
BiITe,Ge,32,4,3,adsorbate,adsorbate,1,1,0.6190227200000047,1.789271354675293,1.1702486346752883,adsorbate:ads2,1,adsorbate:ads2,1,0.3333333333333333,0.0,1,0,0.6666666666666667
BiITe,Lu,71,6,7,adsorbate,interstitial,1,0,0.16885888000000238,-0.7115741968154907,0.8804330768154931,adsorbate:ads5,1,interstitial:int3,0,0.14285714285714285,0.16885888000000238,1,-1,-0.14285714285714285
BiITe,Re,75,6,8,interstitial,adsorbate,1,0,-1.468013270000001,0.0545048713684082,1.5225181413684092,interstitial:int1,1,adsorbate:ads3,0,0.125,2.699079019999999,0,0,-0.125
BiITe,Xe,54,5,8,adsorbate,adsorbate,1,1,5.092111250000002,3.617676019668579,1.474435230331423,adsorbate:ads0,1,adsorbate:ads0,1,0.125,0.0,1,0,0.875
C2H2,B,5,2,5,adsorbate,adsorbate,1,1,5.945688879999979,6.605523586273193,0.6598347062732142,adsorbate:ads0,1,adsorbate:int2,0,0.2,0.017772969999953148,1,0,-0.2
C2H2,Be,4,2,3,adsorbate,adsorbate,1,1,6.412731620000047,4.8427300453186035,1.5700015746814433,adsorbate:ads2,1,adsorbate:ads0,0,0.3333333333333333,0.0005839000000373851,1,0,-0.3333333333333333
C2H2,Cu,29,4,5,adsorbate,adsorbate,1,1,11.021983869999985,15.25916337966919,4.237179509669204,adsorbate:ads2,1,adsorbate:ads1,0,0.2,0.00576719999998021,1,0,-0.2
C2H2,F,9,2,5,adsorbate,adsorbate,1,1,14.605953080000006,13.95544683933258,0.6505062406674256,adsorbate:ads2,1,adsorbate:ads1,0,0.2,0.1119551099999967,1,0,-0.2
C2H2,Li,3,2,6,adsorbate,adsorbate,1,1,6.069230759999982,11.259859561920166,5.190628801920184,adsorbate:ads0,1,adsorbate:ads0,1,0.16666666666666666,0.0,1,0,0.8333333333333334
C2H2,Mg,12,3,6,adsorbate,adsorbate,1,1,16.423768999999993,13.04158067703247,3.3821883229675223,adsorbate:ads1,1,adsorbate:ads2,0,0.16666666666666666,0.0047016999999982545,1,0,-0.16666666666666666
C2H2,N,7,2,5,adsorbate,adsorbate,1,1,11.359218890000028,9.138402938842773,2.2208159511572543,adsorbate:int2,1,adsorbate:int2,1,0.2,0.0,1,0,0.8
C2H2,Na,11,3,4,adsorbate,adsorbate,1,1,16.682952739999962,16.47775709629059,0.2051956437093736,adsorbate:ads2,1,adsorbate:ads2,1,0.25,0.0,1,0,0.75
C2H2,O,8,2,6,adsorbate,adsorbate,1,1,13.107206890000045,12.221851348876953,0.8853555411230918,adsorbate:ads0,1,adsorbate:ads1,0,0.16666666666666666,0.6233113100000196,1,0,-0.16666666666666666
C2H2,Zn,30,4,4,adsorbate,adsorbate,1,1,17.584542779999992,13.730036735534668,3.8545060444653245,adsorbate:ads2,1,adsorbate:ads2,1,0.25,0.0,1,0,0.75
Cr2I6,Ag,47,5,6,interstitial,adsorbate,1,0,-0.14921013000000005,0.3278301954269409,0.47704032542694097,interstitial:int3,1,adsorbate:ads1,0,0.16666666666666666,0.14921013000000005,0,0,-0.16666666666666666
Cr2I6,Al,13,3,6,interstitial,interstitial,1,1,-0.33687574000001064,-1.065047025680542,0.7281712856805314,interstitial:int3,1,interstitial:int3,1,0.16666666666666666,0.0,0,1,0.8333333333333334
Cr2I6,As,33,4,6,adsorbate,adsorbate,1,1,0.011579390000008516,0.2954254150390625,0.283846025039054,adsorbate:ads2,1,adsorbate:ads2,1,0.16666666666666666,0.0,1,0,0.8333333333333334
Cr2I6,Au,79,6,6,interstitial,adsorbate,1,0,-0.036047969999998486,0.18401587009429932,0.2200638400942978,interstitial:int1,1,adsorbate:ads1,0,0.16666666666666666,0.036047969999998486,0,0,-0.16666666666666666
Cr2I6,B,5,2,7,interstitial,interstitial,1,1,-0.8267634300000006,-1.8666355609893799,1.0398721309893793,interstitial:int0,1,interstitial:int0,1,0.14285714285714285,0.0,0,1,0.8571428571428572
Cr2I6,Ba,56,6,4,interstitial,interstitial,1,1,-0.8043481700000257,-0.6045398712158203,0.19980829878420536,interstitial:int3,1,interstitial:int3,1,0.25,0.0,0,1,0.75
Cr2I6,Be,4,2,6,interstitial,interstitial,1,1,-2.492316790000004,-2.5300391912460327,0.03772240124602888,interstitial:ads2,1,interstitial:int3,0,0.16666666666666666,0.17249757999999837,0,1,-0.16666666666666666
Cr2I6,Br,35,4,5,adsorbate,adsorbate,1,1,1.3128035100000086,1.2087733745574951,0.1040301354425135,adsorbate:ads2,1,adsorbate:ads0,0,0.2,0.12334940000000916,1,0,-0.2
Cr2I6,C,6,2,6,interstitial,interstitial,1,1,-1.6303027500000251,-0.887270450592041,0.7430322994079841,interstitial:int0,1,interstitial:int0,1,0.16666666666666666,0.0,0,1,0.8333333333333334
Cr2I6,Ca,20,4,6,interstitial,interstitial,1,1,-1.5422137399999936,-0.6330657005310059,0.9091480394689877,interstitial:int3,1,interstitial:int3,1,0.16666666666666666,0.0,0,1,0.8333333333333334
Cr2I6,Cd,48,5,5,interstitial,adsorbate,1,0,-0.17680792000000167,0.6617202758789062,0.8385281958789079,interstitial:int3,1,adsorbate:ads0,0,0.2,0.17680792000000167,0,0,-0.2
Cr2I6,Cl,17,3,6,adsorbate,adsorbate,1,1,0.9750438599999993,0.5384918451309204,0.4365520148690789,adsorbate:ads2,1,adsorbate:ads0,0,0.16666666666666666,0.14054276000000243,1,0,-0.16666666666666666
Cr2I6,Co,27,4,6,interstitial,interstitial,1,1,-0.3360406000000187,-0.7451106309890747,0.40907003098905603,interstitial:int3,1,interstitial:int1,0,0.16666666666666666,0.4238158800000069,0,1,-0.16666666666666666
Cr2I6,Cs,55,6,5,adsorbate,adsorbate,1,1,1.2245581199999833,0.5576434135437012,0.6669147064562821,adsorbate:ads1,1,adsorbate:ads1,1,0.2,0.0,1,0,0.8
Cr2I6,Cu,29,4,6,adsorbate,interstitial,1,0,0.16077849000001265,-0.28921186923980713,0.4499903592398198,adsorbate:ads1,1,interstitial:int3,0,0.16666666666666666,0.16077849000001265,1,-1,-0.16666666666666666
Cr2I6,F,9,2,7,interstitial,adsorbate,1,0,-0.6303288699999994,0.08490395545959473,0.7152328254595941,interstitial:int2,1,adsorbate:ads0,0,0.14285714285714285,0.6303288699999994,0,0,-0.14285714285714285
Cr2I6,Fe,26,4,6,interstitial,interstitial,1,1,-0.4106988700000045,-0.0575103759765625,0.353188494023442,interstitial:int1,1,interstitial:int1,1,0.16666666666666666,0.0,0,1,0.8333333333333334
Cr2I6,Ga,31,4,4,interstitial,interstitial,1,1,-0.04012632000001304,-0.775722861289978,0.735596541289965,interstitial:int3,1,interstitial:int3,1,0.25,0.0,0,1,0.75
Cr2I6,Ge,32,4,4,adsorbate,adsorbate,1,1,0.376999310000002,0.3536703586578369,0.02332895134216506,adsorbate:ads2,1,adsorbate:ads2,1,0.25,0.0,1,0,0.75
Cr2I6,H,1,1,7,interstitial,interstitial,1,1,-0.19010283000000072,-0.4523707628250122,0.2622679328250115,interstitial:int1,1,interstitial:int2,0,0.14285714285714285,3.611083100000001,0,1,-0.14285714285714285
Cr2I6,Hf,72,6,4,interstitial,interstitial,1,1,-2.2623377299999845,-2.0621860027313232,0.20015172726866126,interstitial:int3,1,interstitial:int3,1,0.25,0.0,0,1,0.75
Cr2I6,Hg,80,6,5,adsorbate,adsorbate,1,1,1.2537379600000094,1.9797489643096924,0.726011004309683,adsorbate:ads2,1,adsorbate:ads2,1,0.2,0.0,1,0,0.8
Cr2I6,Ir,77,6,6,interstitial,interstitial,1,1,-0.740712340000016,-1.3912484645843506,0.6505361245843346,interstitial:int1,1,interstitial:int3,0,0.16666666666666666,0.8047648000000152,0,1,-0.16666666666666666
Cr2I6,K,19,4,6,adsorbate,adsorbate,1,1,0.15812846000000036,0.9539945125579834,0.795866052557983,adsorbate:ads1,1,adsorbate:ads1,1,0.16666666666666666,0.0,1,0,0.8333333333333334
Cr2I6,Li,3,2,5,interstitial,interstitial,1,1,-0.4741861300000211,-0.006903171539306641,0.46728295846071444,interstitial:int3,1,interstitial:int3,1,0.2,0.0,0,1,0.8
Cr2I6,Lu,71,6,6,interstitial,interstitial,1,1,-2.3038741999999957,-1.379141092300415,0.9247331076995806,interstitial:int3,1,interstitial:int3,1,0.16666666666666666,0.0,0,1,0.8333333333333334
Cr2I6,Mg,12,3,5,interstitial,interstitial,1,1,-0.6313231399999921,-0.48319172859191895,0.14813141140807318,interstitial:int3,1,interstitial:int3,1,0.2,0.0,0,1,0.8
Cr2I6,Mn,25,4,5,interstitial,interstitial,1,1,-0.6955135100000119,-0.5891474485397339,0.10636606146027805,interstitial:int3,1,interstitial:int3,1,0.2,0.0,0,1,0.8
Cr2I6,Mo,42,5,5,interstitial,interstitial,1,1,-1.6239566299999812,-1.4308514595031738,0.19310517049680742,interstitial:int1,1,interstitial:int1,1,0.2,0.0,0,1,0.8
Cr2I6,N,7,2,6,interstitial,interstitial,1,1,-1.499398670000005,-1.8385474681854248,0.33914879818541976,interstitial:int0,1,interstitial:int0,1,0.16666666666666666,0.0,0,1,0.8333333333333334
Cr2I6,Nb,41,5,5,interstitial,interstitial,1,1,-2.195241710000005,-1.6716556549072266,0.5235860550927782,interstitial:int3,1,interstitial:int1,0,0.2,0.4084860800000172,0,1,-0.2
Cr2I6,Ni,28,4,6,interstitial,interstitial,1,1,-0.20837270999999213,-0.7064285278320312,0.4980558178320391,interstitial:int3,1,interstitial:int3,1,0.16666666666666666,0.0,0,1,0.8333333333333334
Cr2I6,O,8,2,6,interstitial,interstitial,1,1,-0.13607149000000618,-0.9788227081298828,0.8427512181298766,interstitial:int1,1,interstitial:int0,0,0.16666666666666666,0.16205727999999908,0,1,-0.16666666666666666
Cr2I6,Os,76,6,5,interstitial,interstitial,1,1,-1.6842170999999846,-1.102491855621338,0.5817252443786467,interstitial:int1,1,interstitial:int1,1,0.2,0.0,0,1,0.8
Cr2I6,P,15,3,6,interstitial,interstitial,1,1,-0.22668651999998657,-0.041818857192993164,0.1848676628069934,interstitial:int0,1,interstitial:int1,0,0.16666666666666666,0.2198452299999758,0,1,-0.16666666666666666
Cr2I6,Pb,82,6,2,adsorbate,interstitial,1,0,13.963456499999992,-0.6340807676315308,14.597537267631523,adsorbate:ads0,1,interstitial:int3,0,0.5,13.963456499999992,1,-1,-0.5
Cr2I6,Pd,46,5,5,adsorbate,adsorbate,1,1,0.0739030400000047,0.13785851001739502,0.06395547001739033,adsorbate:ads1,1,adsorbate:ads1,1,0.2,0.0,1,0,0.8
Cr2I6,Pt,78,6,5,interstitial,adsorbate,1,0,-0.12009741000000007,0.03253793716430664,0.1526353471643067,interstitial:int1,1,adsorbate:ads1,0,0.2,0.12009741000000007,0,0,-0.2
Cr2I6,Rb,37,5,6,adsorbate,adsorbate,1,1,0.654730910000012,0.8542180061340332,0.19948709613402116,adsorbate:ads1,1,adsorbate:ads2,0,0.16666666666666666,0.045768739999999974,1,0,-0.16666666666666666
Cr2I6,Re,75,6,5,interstitial,interstitial,1,1,-2.081581760000006,-1.0652165412902832,1.0163652187097227,interstitial:int1,1,interstitial:int1,1,0.2,0.0,0,1,0.8
Cr2I6,Rh,45,5,6,interstitial,interstitial,1,1,-0.499246959999994,-0.21293020248413086,0.28631675751586316,interstitial:int1,1,interstitial:int1,1,0.16666666666666666,0.0,0,1,0.8333333333333334
Cr2I6,Ru,44,5,6,interstitial,interstitial,1,1,-0.9756180999999917,-0.40843749046325684,0.5671806095367349,interstitial:int1,1,interstitial:int3,0,0.16666666666666666,0.6479227299999764,0,1,-0.16666666666666666
Cr2I6,S,16,3,6,interstitial,adsorbate,1,0,-0.40163405999999213,0.33902060985565186,0.740654669855644,interstitial:int1,1,adsorbate:ads0,0,0.16666666666666666,0.40163405999999213,0,0,-0.16666666666666666
Cr2I6,Sb,51,5,6,interstitial,adsorbate,1,0,-0.05403153000000316,0.22795867919921875,0.2819902091992219,interstitial:int1,1,adsorbate:ads1,0,0.16666666666666666,0.4124623499999984,0,0,-0.16666666666666666
Cr2I6,Sc,21,4,6,interstitial,interstitial,1,1,-1.865539749999982,-1.6552135944366455,0.21032615556333645,interstitial:int3,1,interstitial:int3,1,0.16666666666666666,0.0,0,1,0.8333333333333334
Cr2I6,Se,34,4,6,adsorbate,adsorbate,1,1,0.28382277000000067,0.4876595735549927,0.203836803554992,adsorbate:ads0,1,adsorbate:ads0,1,0.16666666666666666,0.0,1,0,0.8333333333333334
Cr2I6,Si,14,3,6,interstitial,interstitial,1,1,-0.2862854600000162,-1.1598131656646729,0.8735277056646567,interstitial:int3,1,interstitial:int3,1,0.16666666666666666,0.0,0,1,0.8333333333333334
Cr2I6,Sn,50,5,4,adsorbate,adsorbate,1,1,0.5600411499999893,1.6819721460342407,1.1219309960342514,adsorbate:ads2,1,adsorbate:ads2,1,0.25,0.0,1,0,0.75
Cr2I6,Sr,38,5,5,interstitial,interstitial,1,1,-1.3012108599999974,-0.3455226421356201,0.9556882178643773,interstitial:int3,1,interstitial:int3,1,0.2,0.0,0,1,0.8
Cr2I6,Ta,73,6,5,interstitial,interstitial,1,1,-1.9158512900000058,-2.318071126937866,0.40221983693786045,interstitial:int1,1,interstitial:int3,0,0.2,0.08834859999998956,0,1,-0.2
Cr2I6,Tc,43,5,6,interstitial,interstitial,1,1,-1.8837921599999845,-0.013087749481201172,1.8707044105187833,interstitial:int1,1,interstitial:int1,1,0.16666666666666666,0.0,0,1,0.8333333333333334
Cr2I6,Te,52,5,6,adsorbate,adsorbate,1,1,1.2607431999999932,0.36182665824890137,0.8989165417510918,adsorbate:ads0,1,adsorbate:ads0,1,0.16666666666666666,0.0,1,0,0.8333333333333334
Cr2I6,Ti,22,4,6,interstitial,interstitial,1,1,-0.8852676699999902,-1.317628264427185,0.4323605944271949,interstitial:int1,1,interstitial:int1,1,0.16666666666666666,0.0,0,1,0.8333333333333334
Cr2I6,Tl,81,6,3,interstitial,adsorbate,1,0,-0.020995620000007875,1.2342628240585327,1.2552584440585406,interstitial:int3,1,adsorbate:ads0,0,0.3333333333333333,0.020995620000007875,0,0,-0.3333333333333333
Cr2I6,V,23,4,4,interstitial,interstitial,1,1,-0.8528379500000085,-1.143333911895752,0.29049596189574345,interstitial:int1,1,interstitial:int1,1,0.25,0.0,0,1,0.75
Cr2I6,W,74,6,4,interstitial,interstitial,1,1,-2.1539753599999756,-1.7436718940734863,0.41030346592648925,interstitial:int1,1,interstitial:int1,1,0.25,0.0,0,1,0.75
Cr2I6,Xe,54,5,6,adsorbate,adsorbate,1,1,2.879437260000003,1.3901382684707642,1.489298991529239,adsorbate:ads1,1,adsorbate:ads0,0,0.16666666666666666,0.009897949999995596,1,0,-0.16666666666666666
Cr2I6,Y,39,5,6,interstitial,interstitial,1,1,-2.250760350000008,-2.257418632507324,0.006658282507316038,interstitial:int3,1,interstitial:int3,1,0.16666666666666666,0.0,0,1,0.8333333333333334
Cr2I6,Zn,30,4,3,interstitial,interstitial,1,1,-0.2855103899999989,-0.9797055721282959,0.694195182128297,interstitial:int1,1,interstitial:int3,0,0.3333333333333333,0.12673678000000177,0,1,-0.3333333333333333
Cr2I6,Zr,40,5,4,interstitial,interstitial,1,1,-1.875778969999999,-2.2404913902282715,0.36471242022827255,interstitial:int3,1,interstitial:int3,1,0.25,0.0,0,1,0.75
Ge2,Al,13,3,3,adsorbate,adsorbate,1,1,0.9827807699999911,0.24566030502319336,0.7371204649767977,adsorbate:ads1,1,adsorbate:ads1,1,0.3333333333333333,0.0,1,0,0.6666666666666667
Ge2,B,5,2,4,adsorbate,adsorbate,1,1,1.417141049999998,1.0612082481384277,0.35593280186157017,adsorbate:ads1,1,adsorbate:ads1,1,0.25,0.0,1,0,0.75
Ge2,Be,4,2,3,interstitial,interstitial,1,1,-1.29199349000001,-1.905160665512085,0.6131671755120749,interstitial:int1,1,interstitial:ads2,0,0.3333333333333333,0.0026059400000093547,0,1,-0.3333333333333333
Ge2,Br,35,4,4,adsorbate,adsorbate,1,1,4.371593050000001,3.78139591217041,0.5901971378295912,adsorbate:ads1,1,adsorbate:ads2,0,0.25,1.5836402799999973,1,0,-0.25
Ge2,C,6,2,3,interstitial,interstitial,1,1,-0.9102862799999931,-1.6838746070861816,0.7735883270861885,interstitial:int1,1,interstitial:int1,1,0.3333333333333333,0.0,0,1,0.6666666666666667
Ge2,Ca,20,4,4,adsorbate,adsorbate,1,1,1.672239730000001,1.829101800918579,0.15686207091857818,adsorbate:ads2,1,adsorbate:ads2,1,0.25,0.0,1,0,0.75
Ge2,Cd,48,5,4,adsorbate,adsorbate,1,1,2.0056699100000093,2.650381088256836,0.6447111782568267,adsorbate:ads1,1,adsorbate:ads1,1,0.25,0.0,1,0,0.75
Ge2,Cl,17,3,4,adsorbate,adsorbate,1,1,4.27648764,2.6052958965301514,1.6711917434698487,adsorbate:ads1,1,adsorbate:ads1,1,0.25,0.0,1,0,0.75
Ge2,Co,27,4,3,interstitial,interstitial,1,1,-1.8779773799999901,-1.7945687770843506,0.08340860291563956,interstitial:int1,1,interstitial:int1,1,0.3333333333333333,0.0,0,1,0.6666666666666667
Ge2,Cs,55,6,3,adsorbate,adsorbate,1,1,7.265927140000004,6.9458088874816895,0.3201182525183146,adsorbate:ads2,1,adsorbate:ads2,1,0.3333333333333333,0.0,1,0,0.6666666666666667
Ge2,F,9,2,4,adsorbate,adsorbate,1,1,2.777708880000006,1.8045835494995117,0.9731253305004941,adsorbate:ads1,1,adsorbate:ads0,0,0.25,0.5844414900000028,1,0,-0.25
Ge2,Ga,31,4,3,adsorbate,adsorbate,1,1,1.4874255900000009,2.344433546066284,0.8570079560662833,adsorbate:ads1,1,adsorbate:ads1,1,0.3333333333333333,0.0,1,0,0.6666666666666667
Ge2,H,1,1,3,adsorbate,adsorbate,1,1,1.4663501600000046,1.2648611068725586,0.20148905312744603,adsorbate:ads0,1,adsorbate:ads0,1,0.3333333333333333,0.0,1,0,0.6666666666666667
Ge2,Hf,72,6,4,adsorbate,interstitial,1,0,0.26955777999999964,-0.08148050308227539,0.351038283082275,adsorbate:ads2,1,interstitial:int1,0,0.25,0.26955777999999964,1,-1,-0.25
Ge2,K,19,4,3,adsorbate,adsorbate,1,1,4.408730689999999,4.051752805709839,0.35697788429015986,adsorbate:ads1,1,adsorbate:ads1,1,0.3333333333333333,0.0,1,0,0.6666666666666667
Ge2,Li,3,2,3,adsorbate,adsorbate,1,1,0.4489012599999996,1.0894131660461426,0.640511906046143,adsorbate:ads2,1,adsorbate:ads2,1,0.3333333333333333,0.0,1,0,0.6666666666666667
Ge2,Lu,71,6,3,interstitial,adsorbate,1,0,-0.836666919999999,0.08637785911560059,0.9230447791155996,interstitial:int1,1,adsorbate:ads1,0,0.3333333333333333,0.836666919999999,0,0,-0.3333333333333333
Ge2,Mg,12,3,4,adsorbate,adsorbate,1,1,0.7502157999999921,1.148246169090271,0.3980303690902789,adsorbate:ads2,1,adsorbate:ads2,1,0.25,0.0,1,0,0.75
Ge2,Mn,25,4,3,interstitial,interstitial,1,1,-2.340959120000008,-1.6768304109573364,0.6641287090426715,interstitial:int1,1,interstitial:int1,1,0.3333333333333333,0.0,0,1,0.6666666666666667
Ge2,Mo,42,5,3,interstitial,interstitial,1,1,-4.148255459999987,-2.8856332302093506,1.2626222297906367,interstitial:int1,1,interstitial:int1,1,0.3333333333333333,0.0,0,1,0.6666666666666667
Ge2,N,7,2,3,interstitial,interstitial,1,1,-1.4494885299999964,-0.2714252471923828,1.1780632828076136,interstitial:ads1,1,interstitial:ads1,1,0.3333333333333333,0.0,0,1,0.6666666666666667
Ge2,Na,11,3,4,adsorbate,adsorbate,1,1,2.0281418499999977,1.5656516551971436,0.46249019480285414,adsorbate:ads2,1,adsorbate:ads2,1,0.25,0.0,1,0,0.75
Ge2,Ni,28,4,4,interstitial,interstitial,1,1,-1.0239564700000017,-1.2797340154647827,0.25577754546478104,interstitial:ads2,1,interstitial:int1,0,0.25,0.004773679999999558,0,1,-0.25
Ge2,O,8,2,4,adsorbate,adsorbate,1,1,3.5934020699999962,2.33830189704895,1.255100172951046,adsorbate:ads1,1,adsorbate:ads2,0,0.25,1.3069113399999994,1,0,-0.25
Ge2,Os,76,6,3,interstitial,interstitial,1,1,-2.829408029999996,-3.013232707977295,0.18382467797729873,interstitial:int1,1,interstitial:int1,1,0.3333333333333333,0.0,0,1,0.6666666666666667
Ge2,Pd,46,5,3,adsorbate,adsorbate,1,1,0.3732842000000005,0.6100783348083496,0.2367941348083491,adsorbate:ads2,1,adsorbate:ads2,1,0.3333333333333333,0.0,1,0,0.6666666666666667
Ge2,Pt,78,6,2,interstitial,interstitial,1,1,-0.1719332300000077,-0.9373605251312256,0.7654272951312179,interstitial:int1,1,interstitial:int1,1,0.5,0.0,0,1,0.5
Ge2,Rb,37,5,4,adsorbate,adsorbate,1,1,5.556573529999994,5.47840142250061,0.07817210749938397,adsorbate:ads2,1,adsorbate:ads2,1,0.25,0.0,1,0,0.75
Ge2,Re,75,6,3,interstitial,interstitial,1,1,-3.3333472500000028,-2.4869532585144043,0.8463939914855985,interstitial:int1,1,interstitial:int1,1,0.3333333333333333,0.0,0,1,0.6666666666666667
Ge2,Rh,45,5,2,interstitial,interstitial,1,1,-2.034411689999999,-1.473116397857666,0.5612952921423329,interstitial:int1,1,interstitial:int1,1,0.5,0.0,0,1,0.5
Ge2,Ru,44,5,3,interstitial,interstitial,1,1,-2.305684069999998,-2.890016555786133,0.5843324857861347,interstitial:int1,1,interstitial:int1,1,0.3333333333333333,0.0,0,1,0.6666666666666667
Ge2,S,16,3,3,adsorbate,adsorbate,1,1,1.6044906900000055,2.0600833892822266,0.455592699282221,adsorbate:ads2,1,adsorbate:ads2,1,0.3333333333333333,0.0,1,0,0.6666666666666667
Ge2,Sb,51,5,4,adsorbate,adsorbate,1,1,2.4210285299999867,2.0792250633239746,0.34180346667601214,adsorbate:ads2,1,adsorbate:ads1,0,0.25,0.127155579999993,1,0,-0.25
Ge2,Sc,21,4,4,adsorbate,adsorbate,1,1,0.5421231100000057,0.2431492805480957,0.29897382945191,adsorbate:ads2,1,adsorbate:ads2,1,0.25,0.0,1,0,0.75
Ge2,Si,14,3,4,adsorbate,adsorbate,1,1,0.4464928200000031,1.1787450313568115,0.7322522113568084,adsorbate:ads1,1,adsorbate:ads1,1,0.25,0.0,1,0,0.75
Ge2,Ta,73,6,3,interstitial,interstitial,1,1,-6.016637379999992,-5.992624759674072,0.024012620325919443,interstitial:int1,1,interstitial:ads2,0,0.3333333333333333,0.042907829999990085,0,1,-0.3333333333333333
Ge2,Tc,43,5,4,interstitial,interstitial,1,1,-3.407777259999989,-3.1515297889709473,0.25624747102904166,interstitial:ads2,1,interstitial:int1,0,0.25,0.4686140499999993,0,1,-0.25
Ge2,Ti,22,4,4,interstitial,interstitial,1,1,-2.618556769999998,-2.298825263977051,0.3197315060229471,interstitial:ads2,1,interstitial:ads2,1,0.25,0.0,0,1,0.75
Ge2,V,23,4,2,interstitial,interstitial,1,1,-4.697028000000003,-4.1369054317474365,0.5601225682525666,interstitial:int1,1,interstitial:int1,1,0.5,0.0,0,1,0.5
Ge2,W,74,6,3,interstitial,interstitial,1,1,-4.544579470000003,-3.563693881034851,0.980885588965152,interstitial:int1,1,interstitial:int1,1,0.3333333333333333,0.0,0,1,0.6666666666666667
Ge2,Xe,54,5,4,adsorbate,adsorbate,1,1,6.858125610000002,4.037230968475342,2.82089464152466,adsorbate:ads1,1,adsorbate:ads2,0,0.25,0.045456670000007096,1,0,-0.25
Ge2,Zr,40,5,4,adsorbate,interstitial,1,0,0.44153775000000905,-0.010818243026733398,0.45235599302674245,adsorbate:ads2,1,interstitial:int1,0,0.25,0.44153775000000905,1,-1,-0.25
Ge2H2,Al,13,3,4,interstitial,adsorbate,1,0,-0.1859286000000111,0.4687674045562744,0.6546960045562855,interstitial:ads2,1,adsorbate:ads1,0,0.25,0.1859286000000111,0,0,-0.25
Ge2H2,B,5,2,3,interstitial,adsorbate,1,0,-0.8906999900000026,0.5939960479736328,1.4846960379736354,interstitial:ads1,1,adsorbate:ads0,0,0.3333333333333333,0.8906999900000026,0,0,-0.3333333333333333
Ge2H2,Be,4,2,3,interstitial,interstitial,1,1,-0.6064849900000113,-0.45425891876220703,0.1522260712378043,interstitial:ads2,1,interstitial:ads2,1,0.3333333333333333,0.0,0,1,0.6666666666666667
Ge2H2,C,6,2,4,interstitial,interstitial,1,1,-1.368581459999973,-0.2758517265319824,1.0927297334679906,interstitial:int0,1,interstitial:int1,0,0.25,0.026601119999981826,0,1,-0.25
Ge2H2,Ca,20,4,4,interstitial,interstitial,1,1,-0.3997914299999934,-0.2731189727783203,0.12667245722167308,interstitial:ads2,1,interstitial:ads2,1,0.25,0.0,0,1,0.75
Ge2H2,Co,27,4,4,interstitial,interstitial,1,1,-0.7789264600000076,-1.8770661354064941,1.0981396754064865,interstitial:ads1,1,interstitial:ads1,1,0.25,0.0,0,1,0.75
Ge2H2,Cr,24,4,3,interstitial,adsorbate,1,0,-0.6080038599999962,0.04938483238220215,0.6573886923821983,interstitial:ads2,1,adsorbate:ads1,0,0.3333333333333333,0.6080038599999962,0,0,-0.3333333333333333
Ge2H2,F,9,2,4,interstitial,interstitial,1,1,-0.09738353000000188,-10.847560167312622,10.75017663731262,interstitial:ads2,1,interstitial:ads1,0,0.25,0.3175293699999884,0,1,-0.25
Ge2H2,Ga,31,4,2,interstitial,adsorbate,1,0,-0.7622208899999805,0.4485739469528198,1.2107948369528003,interstitial:ads2,1,adsorbate:ads0,0,0.5,0.7622208899999805,0,0,-0.5
Ge2H2,Hf,72,6,2,interstitial,interstitial,1,1,-0.18773312000001763,-2.7834384441375732,2.5957053241375556,interstitial:ads2,1,interstitial:ads2,1,0.5,0.0,0,1,0.5
Ge2H2,Li,3,2,4,adsorbate,interstitial,1,0,0.014515549999998698,-0.32318878173828125,0.33770433173827996,adsorbate:ads1,1,interstitial:ads2,0,0.25,0.014515549999998698,1,-1,-0.25
Ge2H2,Lu,71,6,3,interstitial,interstitial,1,1,-1.1589729099999886,-0.6714109182357788,0.4875619917642098,interstitial:ads2,1,interstitial:ads2,1,0.3333333333333333,0.0,0,1,0.6666666666666667
Ge2H2,Mn,25,4,4,interstitial,adsorbate,1,0,-0.20208278000001245,0.5371203422546387,0.7392031222546511,interstitial:ads2,1,adsorbate:ads1,0,0.25,0.20208278000001245,0,0,-0.25
Ge2H2,Mo,42,5,4,interstitial,interstitial,1,1,-1.535270890000021,-1.7371840476989746,0.20191315769895368,interstitial:ads1,1,interstitial:ads1,1,0.25,0.0,0,1,0.75
Ge2H2,N,7,2,3,adsorbate,adsorbate,1,1,0.5165095700000109,0.2737698554992676,0.24273971450074328,adsorbate:ads0,1,adsorbate:ads1,0,0.3333333333333333,0.5125520299999948,1,0,-0.3333333333333333
Ge2H2,Nb,41,5,2,interstitial,interstitial,1,1,-8.09861090999999,-7.465798377990723,0.6328125320092681,interstitial:ads2,1,interstitial:ads2,1,0.5,0.0,0,1,0.5
Ge2H2,Ni,28,4,3,interstitial,interstitial,1,1,-1.2718430799999965,-1.961787223815918,0.6899441438159215,interstitial:ads1,1,interstitial:ads1,1,0.3333333333333333,0.0,0,1,0.6666666666666667
Ge2H2,O,8,2,5,interstitial,interstitial,1,1,-1.6928123000000141,-0.13281917572021484,1.5599931242797993,interstitial:int1,1,interstitial:int1,1,0.2,0.0,0,1,0.8
Ge2H2,Pd,46,5,4,interstitial,interstitial,1,1,-1.4176026800000159,-0.6670329570770264,0.7505697229229895,interstitial:ads1,1,interstitial:ads1,1,0.25,0.0,0,1,0.75
Ge2H2,Pt,78,6,5,interstitial,interstitial,1,1,-0.9533043000000121,-1.058474063873291,0.10516976387327892,interstitial:ads2,1,interstitial:ads2,1,0.2,0.0,0,1,0.8
Ge2H2,Rh,45,5,3,interstitial,interstitial,1,1,-2.2358246000000004,-1.6521365642547607,0.5836880357452396,interstitial:ads1,1,interstitial:ads1,1,0.3333333333333333,0.0,0,1,0.6666666666666667
Ge2H2,Ru,44,5,4,interstitial,interstitial,1,1,-2.8121656099999943,-1.6713933944702148,1.1407722155297795,interstitial:ads1,1,interstitial:ads2,0,0.25,0.502388939999975,0,1,-0.25
Ge2H2,Sc,21,4,4,interstitial,adsorbate,1,0,-0.6110542400000156,0.8138735294342041,1.4249277694342197,interstitial:ads2,1,adsorbate:ads1,0,0.25,0.6110542400000156,0,0,-0.25
Ge2H2,Si,14,3,3,adsorbate,interstitial,1,0,0.17476352999997857,-0.5224637985229492,0.6972273285229278,adsorbate:ads1,1,interstitial:ads2,0,0.3333333333333333,0.17476352999997857,1,-1,-0.3333333333333333
Ge2H2,Ta,73,6,4,interstitial,interstitial,1,1,-2.2596740099999986,-1.468902587890625,0.7907714221093736,interstitial:ads1,1,interstitial:ads1,1,0.25,0.0,0,1,0.75
Ge2H2,Tc,43,5,5,interstitial,interstitial,1,1,-2.009097939999976,-2.59527325630188,0.5861753163019037,interstitial:ads1,1,interstitial:ads2,0,0.2,0.147131129999992,0,1,-0.2
Ge2H2,Ti,22,4,3,interstitial,interstitial,1,1,-2.7566368399999988,-1.7755780220031738,0.9810588179968249,interstitial:ads2,1,interstitial:ads1,0,0.3333333333333333,0.5407419699999987,0,1,-0.3333333333333333
Ge2H2,V,23,4,4,interstitial,interstitial,1,1,-2.3195423599999856,-1.676774501800537,0.6427678581994485,interstitial:ads2,1,interstitial:ads2,1,0.25,0.0,0,1,0.75
Ge2H2,Y,39,5,4,interstitial,interstitial,1,1,-0.7940037500000017,-0.11827600002288818,0.6757277499771135,interstitial:ads2,1,interstitial:ads2,1,0.25,0.0,0,1,0.75
Hf2Te6,Ag,47,5,7,interstitial,interstitial,1,1,-0.5601924900000199,-0.6990203857421875,0.13882789574216758,interstitial:int0,1,interstitial:int0,1,0.14285714285714285,0.0,0,1,0.8571428571428572
Hf2Te6,Al,13,3,7,interstitial,interstitial,1,1,-0.5274107500000014,-1.5296528339385986,1.0022420839385973,interstitial:int1,1,interstitial:int1,1,0.14285714285714285,0.0,0,1,0.8571428571428572
Hf2Te6,As,33,4,8,interstitial,interstitial,1,1,-1.4482622200000037,-1.402080774307251,0.04618144569275273,interstitial:int0,1,interstitial:int0,1,0.125,0.0,0,1,0.875
Hf2Te6,Au,79,6,6,interstitial,interstitial,1,1,-1.1169342900000176,-1.7307512760162354,0.6138169860162177,interstitial:int1,1,interstitial:int0,0,0.16666666666666666,0.0022414100000105464,0,1,-0.16666666666666666
Hf2Te6,B,5,2,8,interstitial,interstitial,1,1,-2.4608910300000275,-1.7056212425231934,0.7552697874768342,interstitial:int3,1,interstitial:int5,0,0.125,0.10587765000002403,0,1,-0.125
Hf2Te6,Ba,56,6,4,adsorbate,adsorbate,1,1,1.592694999999992,1.6204215288162231,0.027726528816231166,adsorbate:ads1,1,adsorbate:ads1,1,0.25,0.0,1,0,0.75
Hf2Te6,Be,4,2,7,interstitial,interstitial,1,1,-1.8760629800000288,-0.7609024047851562,1.1151605752148726,interstitial:int1,1,interstitial:int5,0,0.14285714285714285,0.6009619499999985,0,1,-0.14285714285714285
Hf2Te6,Br,35,4,7,adsorbate,adsorbate,1,1,0.1812492200000407,0.5656189918518066,0.3843697718517659,adsorbate:ads2,1,adsorbate:ads2,1,0.14285714285714285,0.0,1,0,0.8571428571428572
Hf2Te6,C,6,2,8,interstitial,interstitial,1,1,-1.8443407499999571,-1.1446232795715332,0.6997174704284239,interstitial:int4,1,interstitial:int4,1,0.125,0.0,0,1,0.875
Hf2Te6,Ca,20,4,7,interstitial,interstitial,1,1,-0.47954162000002043,-0.7898147106170654,0.310273090617045,interstitial:int1,1,interstitial:int1,1,0.14285714285714285,0.0,0,1,0.8571428571428572
Hf2Te6,Cd,48,5,6,adsorbate,adsorbate,1,1,0.29510415999999406,0.8289588689804077,0.5338547089804137,adsorbate:ads1,1,adsorbate:ads1,1,0.16666666666666666,0.0,1,0,0.8333333333333334
Hf2Te6,Cl,17,3,6,interstitial,interstitial,1,1,-0.16347661999998322,-0.22835636138916016,0.06487974138917693,interstitial:int5,1,interstitial:int5,1,0.16666666666666666,0.0,0,1,0.8333333333333334
Hf2Te6,Co,27,4,7,interstitial,interstitial,1,1,-2.4769425499999898,-2.574615955352783,0.09767340535279345,interstitial:int1,1,interstitial:int0,0,0.14285714285714285,0.18575272000003906,0,1,-0.14285714285714285
Hf2Te6,Cr,24,4,7,interstitial,interstitial,1,1,-1.8683441300000254,-1.9880510568618774,0.11970692686185203,interstitial:int1,1,interstitial:int0,0,0.14285714285714285,0.43349422000000004,0,1,-0.14285714285714285
Hf2Te6,Cs,55,6,6,adsorbate,adsorbate,1,1,4.37891879,4.49754786491394,0.11862907491394026,adsorbate:ads1,1,adsorbate:ads1,1,0.16666666666666666,0.0,1,0,0.8333333333333334
Hf2Te6,Cu,29,4,8,interstitial,interstitial,1,1,-1.2926535500000114,-0.9139437675476074,0.37870978245240394,interstitial:int3,1,interstitial:int0,0,0.125,0.42752703999997266,0,1,-0.125
Hf2Te6,F,9,2,7,interstitial,interstitial,1,1,-0.9521331400000008,-0.7291707992553711,0.22296234074462973,interstitial:ads1,1,interstitial:int4,0,0.14285714285714285,1.1621439300000134,0,1,-0.14285714285714285
Hf2Te6,Fe,26,4,8,interstitial,interstitial,1,1,-1.636720319999995,-2.0182182788848877,0.3814979588848928,interstitial:int4,1,interstitial:int1,0,0.125,0.206454180000037,0,1,-0.125
Hf2Te6,Ga,31,4,9,interstitial,interstitial,1,1,-0.2388747100000046,-0.1704094409942627,0.0684652690057419,interstitial:int1,1,interstitial:int1,1,0.1111111111111111,0.0,0,1,0.8888888888888888
Hf2Te6,Ge,32,4,6,interstitial,interstitial,1,1,-1.051242239999965,-1.2674236297607422,0.21618138976077717,interstitial:int1,1,interstitial:int1,1,0.16666666666666666,0.0,0,1,0.8333333333333334
Hf2Te6,H,1,1,9,interstitial,interstitial,1,1,-0.49724326999995583,-0.5349264144897461,0.037683144489790266,interstitial:int4,1,interstitial:int4,1,0.1111111111111111,0.0,0,1,0.8888888888888888
Hf2Te6,Hg,80,6,7,adsorbate,adsorbate,1,1,0.8034780999999498,1.7951442003250122,0.9916661003250624,adsorbate:ads0,1,adsorbate:ads1,0,0.14285714285714285,0.0019255699999689013,1,0,-0.14285714285714285
Hf2Te6,I,53,5,6,adsorbate,adsorbate,1,1,1.6136139899999764,1.5493721961975098,0.06424179380246664,adsorbate:ads2,1,adsorbate:ads0,0,0.16666666666666666,0.005718249999972613,1,0,-0.16666666666666666
Hf2Te6,Ir,77,6,6,interstitial,interstitial,1,1,-3.6145325900000103,-2.98200786113739,0.6325247288626201,interstitial:int0,1,interstitial:int0,1,0.16666666666666666,0.0,0,1,0.8333333333333334
Hf2Te6,K,19,4,7,adsorbate,adsorbate,1,1,2.0823838200000178,1.4114747047424316,0.6709091152575861,adsorbate:ads1,1,adsorbate:ads1,1,0.14285714285714285,0.0,1,0,0.8571428571428572
Hf2Te6,Li,3,2,8,interstitial,interstitial,1,1,-0.032634680000001,-0.5329394340515137,0.5003047540515126,interstitial:int1,1,interstitial:int4,0,0.125,2.8752092999999945,0,1,-0.125
Hf2Te6,Lu,71,6,6,interstitial,interstitial,1,1,-2.657186490000015,-2.8496363162994385,0.19244982629942342,interstitial:int1,1,interstitial:int0,0,0.16666666666666666,0.002475220000007994,0,1,-0.16666666666666666
Hf2Te6,Mg,12,3,7,interstitial,interstitial,1,1,-0.6528433700000278,-0.6983579397201538,0.04551456972012602,interstitial:int1,1,interstitial:int0,0,0.14285714285714285,0.04554530000001478,0,1,-0.14285714285714285
Hf2Te6,Mn,25,4,7,interstitial,interstitial,1,1,-2.0336827099999937,-1.6782448291778564,0.35543788082213723,interstitial:int0,1,interstitial:int1,0,0.14285714285714285,0.01030108999998447,0,1,-0.14285714285714285
Hf2Te6,Mo,42,5,6,interstitial,interstitial,1,1,-3.5126977299999567,-3.5675716400146484,0.054873910014691774,interstitial:int1,1,interstitial:int1,1,0.16666666666666666,0.0,0,1,0.8333333333333334
Hf2Te6,N,7,2,8,interstitial,interstitial,1,1,-2.599709580000025,-2.1544986963272095,0.4452108836728157,interstitial:int4,1,interstitial:int4,1,0.125,0.0,0,1,0.875
Hf2Te6,Na,11,3,7,adsorbate,adsorbate,1,1,1.0189556800000332,0.9052746295928955,0.11368105040713772,adsorbate:ads1,1,adsorbate:ads1,1,0.14285714285714285,0.0,1,0,0.8571428571428572
Hf2Te6,Nb,41,5,7,interstitial,interstitial,1,1,-3.3439546600000085,-4.2890390157699585,0.94508435576995,interstitial:int1,1,interstitial:int0,0,0.14285714285714285,0.05697753999999122,0,1,-0.14285714285714285
Hf2Te6,Ni,28,4,6,interstitial,interstitial,1,1,-2.342682239999988,-2.4609744548797607,0.11829221487977293,interstitial:int0,1,interstitial:int0,1,0.16666666666666666,0.0,0,1,0.8333333333333334
Hf2Te6,O,8,2,7,interstitial,interstitial,1,1,-2.016266669999993,-1.486647129058838,0.5296195409411553,interstitial:int5,1,interstitial:int5,1,0.14285714285714285,0.0,0,1,0.8571428571428572
Hf2Te6,Os,76,6,7,interstitial,interstitial,1,1,-4.457089689999975,-4.508542060852051,0.051452370852075546,interstitial:int0,1,interstitial:int0,1,0.14285714285714285,0.0,0,1,0.8571428571428572
Hf2Te6,P,15,3,7,interstitial,interstitial,1,1,-1.9098795699999869,-1.2379969358444214,0.6718826341555655,interstitial:int0,1,interstitial:int1,0,0.14285714285714285,0.0018429200000014134,0,1,-0.14285714285714285
Hf2Te6,Pd,46,5,7,interstitial,interstitial,1,1,-1.6504130400000465,-1.3728537559509277,0.2775592840491188,interstitial:int0,1,interstitial:int0,1,0.14285714285714285,0.0,0,1,0.8571428571428572
Hf2Te6,Pt,78,6,6,interstitial,interstitial,1,1,-2.5425630299999966,-2.8860092163085938,0.34344618630859713,interstitial:int1,1,interstitial:int0,0,0.16666666666666666,0.0031499599999732994,0,1,-0.16666666666666666
Hf2Te6,Rb,37,5,6,adsorbate,adsorbate,1,1,2.5781749999999874,2.3142428398132324,0.263932160186755,adsorbate:ads1,1,adsorbate:ads1,1,0.16666666666666666,0.0,1,0,0.8333333333333334
Hf2Te6,Re,75,6,7,interstitial,interstitial,1,1,-4.962699980000026,-4.537601947784424,0.42509803221560194,interstitial:int1,1,interstitial:int1,1,0.14285714285714285,0.0,0,1,0.8571428571428572
Hf2Te6,Rh,45,5,6,interstitial,interstitial,1,1,-4.054326870000011,-3.6605052947998047,0.39382157520020655,interstitial:int1,1,interstitial:int0,0,0.16666666666666666,0.0007166100000403908,0,1,-0.16666666666666666
Hf2Te6,Ru,44,5,7,interstitial,interstitial,1,1,-3.509000130000004,-3.890643835067749,0.38164370506774503,interstitial:int1,1,interstitial:int1,1,0.14285714285714285,0.0,0,1,0.8571428571428572
Hf2Te6,S,16,3,9,interstitial,interstitial,1,1,-1.1258913199999938,-0.8009819984436035,0.3249093215563903,interstitial:int5,1,interstitial:int0,0,0.1111111111111111,0.6938932799999975,0,1,-0.1111111111111111
Hf2Te6,Sb,51,5,7,interstitial,interstitial,1,1,-0.7274889299999927,-1.1173536777496338,0.3898647477496411,interstitial:int1,1,interstitial:int0,0,0.14285714285714285,0.01805176999999958,0,1,-0.14285714285714285
Hf2Te6,Sc,21,4,6,interstitial,interstitial,1,1,-2.252309450000041,-2.718200922012329,0.465891472012288,interstitial:int5,1,interstitial:int1,0,0.16666666666666666,0.16452983999999998,0,1,-0.16666666666666666
Hf2Te6,Se,34,4,6,interstitial,interstitial,1,1,-0.6282933799999455,-0.37691569328308105,0.25137768671686445,interstitial:int0,1,interstitial:int0,1,0.16666666666666666,0.0,0,1,0.8333333333333334
Hf2Te6,Si,14,3,7,interstitial,interstitial,1,1,-1.5599329099999866,-1.81308114528656,0.2531482352865735,interstitial:int1,1,interstitial:int1,1,0.14285714285714285,0.0,0,1,0.8571428571428572
Hf2Te6,Sn,50,5,5,interstitial,adsorbate,1,0,-0.4787431999999967,0.012920856475830078,0.4916640564758268,interstitial:int0,1,adsorbate:ads1,0,0.2,0.4787431999999967,0,0,-0.2
Hf2Te6,Sr,38,5,7,adsorbate,adsorbate,1,1,0.1038444600000047,0.07773399353027344,0.026110466469731267,adsorbate:ads1,1,adsorbate:ads1,1,0.14285714285714285,0.0,1,0,0.8571428571428572
Hf2Te6,Ta,73,6,6,interstitial,interstitial,1,1,-3.9929058700000146,-4.705038905143738,0.7121330351437232,interstitial:int1,1,interstitial:int1,1,0.16666666666666666,0.0,0,1,0.8333333333333334
Hf2Te6,Tc,43,5,6,interstitial,interstitial,1,1,-4.640694110000028,-4.825922846794128,0.1852287367941008,interstitial:int0,1,interstitial:int0,1,0.16666666666666666,0.0,0,1,0.8333333333333334
Hf2Te6,Ti,22,4,8,interstitial,interstitial,1,1,-2.5357823900000085,-2.966082811355591,0.43030042135558233,interstitial:int0,1,interstitial:int0,1,0.125,0.0,0,1,0.875
Hf2Te6,Tl,81,6,5,adsorbate,adsorbate,1,1,1.0485655900000097,2.304718255996704,1.2561526659966944,adsorbate:ads1,1,adsorbate:ads0,0,0.2,0.223028940000006,1,0,-0.2
Hf2Te6,V,23,4,8,interstitial,interstitial,1,1,-2.3001409999999964,-2.119876265525818,0.18026473447417857,interstitial:int0,1,interstitial:int1,0,0.125,0.0015091600000116667,0,1,-0.125
Hf2Te6,W,74,6,7,interstitial,interstitial,1,1,-4.374918430000036,-4.421051740646362,0.04613331064632664,interstitial:int0,1,interstitial:int1,0,0.14285714285714285,0.0007695500000295397,0,1,-0.14285714285714285
Hf2Te6,Xe,54,5,7,adsorbate,adsorbate,1,1,3.43978635000002,3.8170015811920166,0.37721523119199674,adsorbate:ads1,1,adsorbate:ads2,0,0.14285714285714285,0.034811400000023696,1,0,-0.14285714285714285
Hf2Te6,Y,39,5,7,interstitial,interstitial,1,1,-2.6121418699999595,-2.7092292308807373,0.09708736088077785,interstitial:int1,1,interstitial:int1,1,0.14285714285714285,0.0,0,1,0.8571428571428572
Hf2Te6,Zn,30,4,7,adsorbate,adsorbate,1,1,0.196594330000039,0.3335157632827759,0.13692143328273687,adsorbate:ads2,1,adsorbate:ads0,0,0.14285714285714285,0.004973200000051747,1,0,-0.14285714285714285
Hf2Te6,Zr,40,5,7,interstitial,interstitial,1,1,-3.5792922100000055,-2.6972304582595825,0.882061751740423,interstitial:int0,1,interstitial:int1,0,0.14285714285714285,0.02561224999999462,0,1,-0.14285714285714285
HfS2,Ag,47,5,5,adsorbate,adsorbate,1,1,3.6430432100000023,3.39364492893219,0.24939828106781237,adsorbate:ads2,1,adsorbate:ads2,1,0.2,0.0,1,0,0.8
HfS2,Al,13,3,4,adsorbate,interstitial,1,0,0.5436685500000067,-0.10058248043060303,0.6442510304306097,adsorbate:ads2,1,interstitial:int2,0,0.25,0.5436685500000067,1,-1,-0.25
HfS2,As,33,4,5,adsorbate,adsorbate,1,1,1.850273010000023,1.8086552619934082,0.041617748006614885,adsorbate:ads1,1,adsorbate:ads1,1,0.2,0.0,1,0,0.8
HfS2,B,5,2,5,interstitial,interstitial,1,1,-2.192698930000005,-2.5176737308502197,0.3249748008502147,interstitial:ads2,1,interstitial:ads2,1,0.2,0.0,0,1,0.8
HfS2,Be,4,2,5,adsorbate,adsorbate,1,1,0.27933143000001337,0.214117169380188,0.06521426061982538,adsorbate:ads2,1,adsorbate:ads2,1,0.2,0.0,1,0,0.8
HfS2,Br,35,4,5,adsorbate,adsorbate,1,1,4.705066960000011,5.154341459274292,0.4492744992742814,adsorbate:ads1,1,adsorbate:ads1,1,0.2,0.0,1,0,0.8
HfS2,C,6,2,5,adsorbate,interstitial,1,0,0.22289290999998368,-0.30861878395080566,0.5315116939507893,adsorbate:ads1,1,interstitial:int2,0,0.2,0.2424959299999898,1,-1,-0.2
HfS2,Ca,20,4,5,adsorbate,adsorbate,1,1,5.293893520000012,5.018073320388794,0.27582019961121773,adsorbate:ads2,1,adsorbate:int2,0,0.2,0.0018410600000038357,1,0,-0.2
HfS2,Cl,17,3,4,adsorbate,adsorbate,1,1,4.104212270000005,4.9869163036346436,0.8827040336346386,adsorbate:ads1,1,adsorbate:ads1,1,0.25,0.0,1,0,0.75
HfS2,Co,27,4,5,adsorbate,adsorbate,1,1,0.048599830000000455,0.26973116397857666,0.2211313339785762,adsorbate:ads2,1,adsorbate:ads2,1,0.2,0.0,1,0,0.8
HfS2,Cr,24,4,5,interstitial,interstitial,1,1,-1.4933595900000112,-0.39727914333343506,1.0960804466665761,interstitial:ads2,1,interstitial:ads2,1,0.2,0.0,0,1,0.8
HfS2,Cs,55,6,4,adsorbate,adsorbate,1,1,10.631082759999998,10.731293439865112,0.10021067986511412,adsorbate:ads2,1,adsorbate:ads1,0,0.25,0.05791948000001024,1,0,-0.25
HfS2,Cu,29,4,4,adsorbate,adsorbate,1,1,2.71319170000001,2.86760151386261,0.15440981386259978,adsorbate:ads2,1,adsorbate:ads2,1,0.25,0.0,1,0,0.75
HfS2,F,9,2,6,adsorbate,adsorbate,1,1,0.5405095700000118,0.17001962661743164,0.3704899433825801,adsorbate:ads1,1,adsorbate:ads1,1,0.16666666666666666,0.0,1,0,0.8333333333333334
HfS2,Fe,26,4,5,adsorbate,adsorbate,1,1,0.5514388200000155,0.4947834014892578,0.05665541851075773,adsorbate:ads2,1,adsorbate:ads2,1,0.2,0.0,1,0,0.8
HfS2,Ga,31,4,3,adsorbate,adsorbate,1,1,4.568815970000004,4.003801584243774,0.5650143857562293,adsorbate:ads1,1,adsorbate:ads1,1,0.3333333333333333,0.0,1,0,0.6666666666666667
HfS2,Ge,32,4,4,adsorbate,adsorbate,1,1,4.060220559999976,3.873562216758728,0.1866583432412483,adsorbate:ads1,1,adsorbate:ads1,1,0.25,0.0,1,0,0.75
HfS2,H,1,1,6,adsorbate,adsorbate,1,1,0.9682335400000002,0.3798485994338989,0.5883849405661012,adsorbate:ads0,1,adsorbate:ads1,0,0.16666666666666666,0.5330548299999978,1,0,-0.16666666666666666
HfS2,Ir,77,6,5,adsorbate,adsorbate,1,1,0.6388980499999946,0.5830249786376953,0.05587307136229924,adsorbate:ads2,1,adsorbate:ads2,1,0.2,0.0,1,0,0.8
HfS2,K,19,4,5,adsorbate,adsorbate,1,1,7.901996129999986,8.50016474723816,0.5981686172381728,adsorbate:int2,1,adsorbate:int2,1,0.2,0.0,1,0,0.8
HfS2,Li,3,2,5,adsorbate,adsorbate,1,1,3.9041742699999986,3.9917078018188477,0.08753353181884904,adsorbate:ads2,1,adsorbate:int2,0,0.2,0.03828192000000308,1,0,-0.2
HfS2,Lu,71,6,5,adsorbate,adsorbate,1,1,3.6818896799999834,3.728461265563965,0.046571585563981444,adsorbate:ads2,1,adsorbate:ads2,1,0.2,0.0,1,0,0.8
HfS2,Mg,12,3,5,adsorbate,adsorbate,1,1,3.892534699999999,4.190050840377808,0.2975161403778088,adsorbate:ads2,1,adsorbate:ads2,1,0.2,0.0,1,0,0.8
HfS2,Mn,25,4,5,adsorbate,adsorbate,1,1,3.9764018900000044,3.399310827255249,0.5770910627447554,adsorbate:int2,1,adsorbate:int2,1,0.2,0.0,1,0,0.8
HfS2,Mo,42,5,5,adsorbate,adsorbate,1,1,4.011037309999978,3.1393330097198486,0.871704300280129,adsorbate:ads2,1,adsorbate:int2,0,0.2,1.0188566500000038,1,0,-0.2
HfS2,N,7,2,4,interstitial,interstitial,1,1,-1.0178456900000015,-1.5889354944229126,0.5710898044229111,interstitial:int2,1,interstitial:int2,1,0.25,0.0,0,1,0.75
HfS2,Na,11,3,2,adsorbate,adsorbate,1,1,5.650509710000023,4.754891872406006,0.8956178375940169,adsorbate:int2,1,adsorbate:int2,1,0.5,0.0,1,0,0.5
HfS2,Nb,41,5,4,adsorbate,adsorbate,1,1,3.3175974700000097,3.332780361175537,0.015182891175527402,adsorbate:ads2,1,adsorbate:ads2,1,0.25,0.0,1,0,0.75
HfS2,Ni,28,4,5,adsorbate,adsorbate,1,1,0.3081362500000182,0.13589656352996826,0.17223968647004995,adsorbate:ads2,1,adsorbate:ads2,1,0.2,0.0,1,0,0.8
HfS2,O,8,2,6,interstitial,interstitial,1,1,-0.0005764900000144735,-0.9016199111938477,0.9010434211938332,interstitial:ads2,1,interstitial:ads2,1,0.16666666666666666,0.0,0,1,0.8333333333333334
HfS2,Os,76,6,5,adsorbate,adsorbate,1,1,0.9368276200000025,1.0567958354949951,0.11996821549499259,adsorbate:ads2,1,adsorbate:ads2,1,0.2,0.0,1,0,0.8
HfS2,P,15,3,5,adsorbate,adsorbate,1,1,1.8692627799999855,1.4538605213165283,0.41540225868345715,adsorbate:ads1,1,adsorbate:ads2,0,0.2,0.12978450999997881,1,0,-0.2
HfS2,Pb,82,6,4,adsorbate,adsorbate,1,1,6.57468111,4.703110694885254,1.8715704151147463,adsorbate:ads2,1,adsorbate:ads1,0,0.25,0.10840627999999697,1,0,-0.25
HfS2,Pd,46,5,5,adsorbate,adsorbate,1,1,0.04439175000001683,0.7746745347976685,0.7302827847976516,adsorbate:ads2,1,adsorbate:ads2,1,0.2,0.0,1,0,0.8
HfS2,Pt,78,6,3,adsorbate,adsorbate,1,1,2.7359844899999923,2.1749974489212036,0.5609870410787887,adsorbate:ads2,1,adsorbate:ads2,1,0.3333333333333333,0.0,1,0,0.6666666666666667
HfS2,Rb,37,5,5,adsorbate,adsorbate,1,1,9.115932380000004,9.90274715423584,0.786814774235836,adsorbate:int2,1,adsorbate:int2,1,0.2,0.0,1,0,0.8
HfS2,Re,75,6,5,adsorbate,adsorbate,1,1,0.7400326300000013,1.072995662689209,0.3329630326892077,adsorbate:ads2,1,adsorbate:ads2,1,0.2,0.0,1,0,0.8
HfS2,Rh,45,5,5,adsorbate,interstitial,1,0,0.619151009999996,-0.05505335330963135,0.6742043633096273,adsorbate:ads2,1,interstitial:int2,0,0.2,0.619151009999996,1,-1,-0.2
HfS2,Ru,44,5,4,adsorbate,adsorbate,1,1,3.683093860000014,2.2455568313598633,1.4375370286401505,adsorbate:ads2,1,adsorbate:ads2,1,0.25,0.0,1,0,0.75
HfS2,Sc,21,4,4,adsorbate,adsorbate,1,1,3.5643369699999994,3.6423048973083496,0.07796792730835023,adsorbate:ads2,1,adsorbate:ads2,1,0.25,0.0,1,0,0.75
HfS2,Se,34,4,5,adsorbate,adsorbate,1,1,2.972034649999984,2.25163197517395,0.7204026748260337,adsorbate:ads1,1,adsorbate:ads1,1,0.2,0.0,1,0,0.8
HfS2,Si,14,3,5,adsorbate,adsorbate,1,1,1.801923869999996,1.2330032587051392,0.5689206112948568,adsorbate:ads1,1,adsorbate:ads1,1,0.2,0.0,1,0,0.8
HfS2,Sn,50,5,4,adsorbate,adsorbate,1,1,5.705187120000004,5.1706167459487915,0.5345703740512127,adsorbate:ads1,1,adsorbate:ads1,1,0.25,0.0,1,0,0.75
HfS2,Sr,38,5,5,adsorbate,adsorbate,1,1,6.446944709999997,7.070138454437256,0.6231937444372591,adsorbate:ads2,1,adsorbate:int2,0,0.2,0.03076927000000751,1,0,-0.2
HfS2,Ta,73,6,5,adsorbate,adsorbate,1,1,2.443196580000007,2.7223854064941406,0.27918882649413357,adsorbate:int2,1,adsorbate:ads2,0,0.2,5.694932890000018,1,0,-0.2
HfS2,Tc,43,5,4,adsorbate,adsorbate,1,1,0.8205155500000108,0.0806422233581543,0.7398733266418565,adsorbate:ads2,1,adsorbate:ads2,1,0.25,0.0,1,0,0.75
HfS2,Ti,22,4,5,adsorbate,adsorbate,1,1,3.1618620899999996,2.89430570602417,0.2675563839758297,adsorbate:ads2,1,adsorbate:ads2,1,0.2,0.0,1,0,0.8
HfS2,V,23,4,5,interstitial,adsorbate,1,0,-0.7355603499999859,0.6473522186279297,1.3829125686279156,interstitial:int2,1,adsorbate:ads2,0,0.2,3.592854520000003,0,0,-0.2
HfS2,W,74,6,5,adsorbate,adsorbate,1,1,2.9555858999999884,2.844712734222412,0.11087316577757633,adsorbate:ads2,1,adsorbate:ads2,1,0.2,0.0,1,0,0.8
HfS2,Y,39,5,5,adsorbate,adsorbate,1,1,4.200891349999978,4.156670331954956,0.044221018045021765,adsorbate:ads2,1,adsorbate:ads2,1,0.2,0.0,1,0,0.8
HfS2,Zn,30,4,3,adsorbate,adsorbate,1,1,3.3551329599999917,2.6938748359680176,0.6612581240319741,adsorbate:ads0,1,adsorbate:ads0,1,0.3333333333333333,0.0,1,0,0.6666666666666667
HfS2,Zr,40,5,5,adsorbate,adsorbate,1,1,3.2387031899999954,2.9338314533233643,0.30487173667663114,adsorbate:ads2,1,adsorbate:ads2,1,0.2,0.0,1,0,0.8
HfSe2,Ag,47,5,5,adsorbate,adsorbate,1,1,2.1160172099999954,2.0553934574127197,0.0606237525872757,adsorbate:int2,1,adsorbate:int2,1,0.2,0.0,1,0,0.8
HfSe2,Al,13,3,5,adsorbate,adsorbate,1,1,0.12703308000001812,0.10001540184020996,0.027017678159808156,adsorbate:ads2,1,adsorbate:ads2,1,0.2,0.0,1,0,0.8
HfSe2,As,33,4,5,adsorbate,adsorbate,1,1,1.7748918399999802,1.629717469215393,0.14517437078458717,adsorbate:ads2,1,adsorbate:ads2,1,0.2,0.0,1,0,0.8
HfSe2,Au,79,6,5,adsorbate,adsorbate,1,1,1.5598716800000147,1.9197556972503662,0.35988401725035146,adsorbate:int2,1,adsorbate:int2,1,0.2,0.0,1,0,0.8
HfSe2,B,5,2,5,interstitial,interstitial,1,1,-2.412047599999994,-2.7474758625030518,0.3354282625030578,interstitial:ads2,1,interstitial:ads1,0,0.2,0.6537772899999936,0,1,-0.2
HfSe2,Be,4,2,5,interstitial,interstitial,1,1,-0.0008067200000141939,-0.09648299217224121,0.09567627217222702,interstitial:int2,1,interstitial:int2,1,0.2,0.0,0,1,0.8
HfSe2,Br,35,4,5,adsorbate,adsorbate,1,1,3.33680407,3.339838743209839,0.0030346732098389673,adsorbate:ads2,1,adsorbate:ads2,1,0.2,0.0,1,0,0.8
HfSe2,C,6,2,5,interstitial,interstitial,1,1,-1.1934188399999934,-1.3357563018798828,0.14233746187988938,interstitial:int2,1,interstitial:int2,1,0.2,0.0,0,1,0.8
HfSe2,Ca,20,4,5,adsorbate,adsorbate,1,1,3.7251674899999907,3.457645893096924,0.26752159690306687,adsorbate:ads1,1,adsorbate:ads2,0,0.2,0.0008133700000032551,1,0,-0.2
HfSe2,Cd,48,5,5,adsorbate,adsorbate,1,1,1.4371356599999956,1.3964478969573975,0.040687763042598135,adsorbate:ads2,1,adsorbate:ads1,0,0.2,0.131016609999989,1,0,-0.2
HfSe2,Cl,17,3,5,adsorbate,adsorbate,1,1,2.6828556499999934,2.7987403869628906,0.11588473696289725,adsorbate:ads2,1,adsorbate:ads2,1,0.2,0.0,1,0,0.8
HfSe2,Co,27,4,5,interstitial,interstitial,1,1,-0.13479935000000864,-0.09621834754943848,0.03858100245057017,interstitial:int2,1,interstitial:int2,1,0.2,0.0,0,1,0.8
HfSe2,Cr,24,4,5,interstitial,adsorbate,1,0,-0.807236429999989,0.15914535522460938,0.9663817852245984,interstitial:int2,1,adsorbate:ads2,0,0.2,2.643442399999998,0,0,-0.2
HfSe2,Cs,55,6,4,adsorbate,adsorbate,1,1,8.43979976,8.93503212928772,0.4952323692877201,adsorbate:ads1,1,adsorbate:ads2,0,0.25,0.07303294999999821,1,0,-0.25
HfSe2,Cu,29,4,5,adsorbate,adsorbate,1,1,0.1429297899999824,0.06632447242736816,0.07660531757261424,adsorbate:ads2,1,adsorbate:ads2,1,0.2,0.0,1,0,0.8
HfSe2,F,9,2,5,interstitial,adsorbate,1,0,-0.10248419999999259,0.6228008270263672,0.7252850270263598,interstitial:int2,1,adsorbate:ads1,0,0.2,0.10248419999999259,0,0,-0.2
HfSe2,Fe,26,4,5,adsorbate,interstitial,1,0,0.25351659999998344,-1.007622480392456,1.2611390803924394,adsorbate:ads2,1,interstitial:int2,0,0.2,0.25351659999998344,1,-1,-0.2
HfSe2,Ga,31,4,2,adsorbate,adsorbate,1,1,2.783708160000002,1.972975492477417,0.810732667522585,adsorbate:ads0,1,adsorbate:ads0,1,0.5,0.0,1,0,0.5
HfSe2,Ge,32,4,5,adsorbate,adsorbate,1,1,1.8471573299999875,1.970999836921692,0.1238425069217044,adsorbate:ads1,1,adsorbate:ads1,1,0.2,0.0,1,0,0.8
HfSe2,H,1,1,6,interstitial,interstitial,1,1,-0.02954753999998183,-0.5144860744476318,0.48493853444765,interstitial:int1,1,interstitial:int2,0,0.16666666666666666,0.17108787999998776,0,1,-0.16666666666666666
HfSe2,Hg,80,6,5,adsorbate,adsorbate,1,1,4.613217350000013,4.640453815460205,0.027236465460192427,adsorbate:ads2,1,adsorbate:ads1,0,0.2,0.1902465400000038,1,0,-0.2
HfSe2,Ir,77,6,3,interstitial,interstitial,1,1,-3.9187405700000113,-3.9583897590637207,0.0396491890637094,interstitial:int2,1,interstitial:int2,1,0.3333333333333333,0.0,0,1,0.6666666666666667
HfSe2,K,19,4,4,adsorbate,adsorbate,1,1,6.215321220000021,6.220095634460449,0.004774414460428034,adsorbate:ads2,1,adsorbate:ads2,1,0.25,0.0,1,0,0.75
HfSe2,Li,3,2,6,adsorbate,adsorbate,1,1,0.5808662599999934,0.37456417083740234,0.20630208916259107,adsorbate:int1,1,adsorbate:ads2,0,0.16666666666666666,0.069005489999995,1,0,-0.16666666666666666
HfSe2,Lu,71,6,5,adsorbate,adsorbate,1,1,2.1382677,1.803903579711914,0.33436412028808604,adsorbate:ads2,1,adsorbate:ads2,1,0.2,0.0,1,0,0.8
HfSe2,Mg,12,3,5,adsorbate,adsorbate,1,1,2.4566112599999883,2.622051477432251,0.16544021743226267,adsorbate:int2,1,adsorbate:ads2,0,0.2,0.0015119199999844013,1,0,-0.2
HfSe2,Mn,25,4,4,interstitial,interstitial,1,1,-0.6487536000000202,-0.4736853837966919,0.17506821620332835,interstitial:int2,1,interstitial:int2,1,0.25,0.0,0,1,0.75
HfSe2,Mo,42,5,5,interstitial,adsorbate,1,0,-1.1517474700000028,0.7099213600158691,1.861668830015872,interstitial:int2,1,adsorbate:ads2,0,0.2,2.7231855599999895,0,0,-0.2
HfSe2,N,7,2,5,interstitial,interstitial,1,1,-1.6284334900000204,-1.6131948232650757,0.015238666734944672,interstitial:int2,1,interstitial:int2,1,0.2,0.0,0,1,0.8
HfSe2,Nb,41,5,4,adsorbate,adsorbate,1,1,1.825694309999989,1.4458377361297607,0.3798565738702282,adsorbate:ads2,1,adsorbate:ads2,1,0.25,0.0,1,0,0.75
HfSe2,Ni,28,4,4,interstitial,interstitial,1,1,-0.10577815000002039,-0.04253387451171875,0.06324427548830164,interstitial:int2,1,interstitial:int2,1,0.25,0.0,0,1,0.75
HfSe2,O,8,2,4,interstitial,interstitial,1,1,-0.6858986000000016,-0.9322333335876465,0.2463347335876449,interstitial:int2,1,interstitial:int2,1,0.25,0.0,0,1,0.75
HfSe2,Os,76,6,5,adsorbate,interstitial,1,0,0.3485684000000058,-0.2244865894317627,0.5730549894317685,adsorbate:ads2,1,interstitial:int2,0,0.2,0.3485684000000058,1,-1,-0.2
HfSe2,P,15,3,5,adsorbate,adsorbate,1,1,1.3240839900000194,1.32059645652771,0.0034875334723094564,adsorbate:ads2,1,adsorbate:ads1,0,0.2,0.06317033000001948,1,0,-0.2
HfSe2,Pb,82,6,4,adsorbate,adsorbate,1,1,7.226631679999999,4.415843725204468,2.810787954795531,adsorbate:ads2,1,adsorbate:ads2,1,0.25,0.0,1,0,0.75
HfSe2,Pd,46,5,3,interstitial,interstitial,1,1,-0.03939245000000813,-0.2610677480697632,0.22167529806975506,interstitial:int2,1,interstitial:int2,1,0.3333333333333333,0.0,0,1,0.6666666666666667
HfSe2,Pt,78,6,5,adsorbate,adsorbate,1,1,0.6086468700000012,0.07129454612731934,0.5373523238726818,adsorbate:ads2,1,adsorbate:ads2,1,0.2,0.0,1,0,0.8
HfSe2,Rb,37,5,4,adsorbate,adsorbate,1,1,7.287308139999992,7.423392295837402,0.13608415583740996,adsorbate:ads2,1,adsorbate:ads2,1,0.25,0.0,1,0,0.75
HfSe2,Re,75,6,5,interstitial,adsorbate,1,0,-1.254563260000026,0.5277531147003174,1.7823163747003434,interstitial:int2,1,adsorbate:ads2,0,0.2,3.0888780000000224,0,0,-0.2
HfSe2,Rh,45,5,4,interstitial,interstitial,1,1,-0.6484647999999993,-0.551605224609375,0.09685957539062429,interstitial:int2,1,interstitial:int2,1,0.25,0.0,0,1,0.75
HfSe2,Ru,44,5,4,interstitial,adsorbate,1,0,-0.7859655099999823,0.19967114925384521,0.9856366592538275,interstitial:int2,1,adsorbate:ads2,0,0.25,4.424871429999996,0,0,-0.25
HfSe2,S,16,3,5,adsorbate,adsorbate,1,1,1.5259321499999885,2.0910680294036865,0.565135879403698,adsorbate:ads1,1,adsorbate:ads1,1,0.2,0.0,1,0,0.8
HfSe2,Sb,51,5,4,adsorbate,adsorbate,1,1,2.8757873000000123,3.1746853590011597,0.2988980590011474,adsorbate:ads2,1,adsorbate:ads1,0,0.25,0.3006045200000078,1,0,-0.25
HfSe2,Sc,21,4,4,adsorbate,adsorbate,1,1,2.141762110000002,2.2385339736938477,0.09677186369384572,adsorbate:ads2,1,adsorbate:ads2,1,0.25,0.0,1,0,0.75
HfSe2,Si,14,3,5,adsorbate,adsorbate,1,1,1.1922587500000077,0.9846941232681274,0.20756462673188025,adsorbate:ads1,1,adsorbate:ads1,1,0.2,0.0,1,0,0.8
HfSe2,Sn,50,5,5,adsorbate,adsorbate,1,1,2.632077129999999,1.891236662864685,0.7408404671353139,adsorbate:ads1,1,adsorbate:ads2,0,0.2,0.012305230000009493,1,0,-0.2
HfSe2,Ta,73,6,3,interstitial,interstitial,1,1,-0.6446933000000006,-0.49573373794555664,0.14895956205444394,interstitial:int0,1,interstitial:int0,1,0.3333333333333333,0.0,0,1,0.6666666666666667
HfSe2,Tc,43,5,4,interstitial,interstitial,1,1,-1.014828929999993,-0.7928354740142822,0.22199345598571085,interstitial:int2,1,interstitial:int2,1,0.25,0.0,0,1,0.75
HfSe2,Te,52,5,4,adsorbate,adsorbate,1,1,2.8365215899999896,3.27274751663208,0.4362259266320905,adsorbate:ads0,1,adsorbate:ads0,1,0.25,0.0,1,0,0.75
HfSe2,Ti,22,4,5,adsorbate,adsorbate,1,1,1.9814358299999808,2.0010623931884766,0.01962656318849576,adsorbate:int2,1,adsorbate:int2,1,0.2,0.0,1,0,0.8
HfSe2,V,23,4,5,adsorbate,interstitial,1,0,0.22215177000001074,-0.008387565612792969,0.2305393356128037,adsorbate:ads2,1,interstitial:int2,0,0.2,0.22215177000001074,1,-1,-0.2
HfSe2,W,74,6,5,adsorbate,interstitial,1,0,0.7889234099999944,-0.7069308757781982,1.4958542857781927,adsorbate:ads2,1,interstitial:int2,0,0.2,0.7889234099999944,1,-1,-0.2
HfSe2,Xe,54,5,5,adsorbate,adsorbate,1,1,6.185301029999977,7.575350046157837,1.3900490161578603,adsorbate:ads1,1,adsorbate:ads1,1,0.2,0.0,1,0,0.8
HfSe2,Zn,30,4,4,adsorbate,adsorbate,1,1,1.981704890000003,2.342531204223633,0.3608263142236299,adsorbate:ads2,1,adsorbate:int2,0,0.25,0.07461714000001507,1,0,-0.25
HfSe2,Zr,40,5,5,adsorbate,adsorbate,1,1,0.08462856999997831,0.052634477615356445,0.031994092384621864,adsorbate:ads2,1,adsorbate:ads2,1,0.2,0.0,1,0,0.8
Mo2CO2,Al,13,3,3,adsorbate,adsorbate,1,1,3.726110360000007,9.07649827003479,5.350387910034783,adsorbate:ads1,1,adsorbate:ads1,1,0.3333333333333333,0.0,1,0,0.6666666666666667
Mo2CO2,B,5,2,3,interstitial,adsorbate,1,0,-3.5250698300000067,1.6106679439544678,5.1357377739544745,interstitial:int1,1,adsorbate:ads2,0,0.3333333333333333,6.643266799999992,0,0,-0.3333333333333333
Mo2CO2,Br,35,4,4,adsorbate,adsorbate,1,1,16.21521261999999,16.19586706161499,0.019345558384998185,adsorbate:ads0,1,adsorbate:ads2,0,0.25,0.1953730699999594,1,0,-0.25
Mo2CO2,Ca,20,4,4,adsorbate,adsorbate,1,1,16.528501310000024,19.167229890823364,2.63872858082334,adsorbate:ads2,1,adsorbate:ads2,1,0.25,0.0,1,0,0.75
Mo2CO2,Co,27,4,3,adsorbate,adsorbate,1,1,11.94905029000006,10.163411617279053,1.7856386727210065,adsorbate:ads2,1,adsorbate:ads2,1,0.3333333333333333,0.0,1,0,0.6666666666666667
Mo2CO2,Cu,29,4,4,adsorbate,adsorbate,1,1,3.6839366500000783,6.936954736709595,3.2530180867095164,adsorbate:ads2,1,adsorbate:ads1,0,0.25,0.47170985000002474,1,0,-0.25
Mo2CO2,F,9,2,3,adsorbate,adsorbate,1,1,8.16063480999992,8.899868726730347,0.7392339167304272,adsorbate:ads1,1,adsorbate:ads1,1,0.3333333333333333,0.0,1,0,0.6666666666666667
Mo2CO2,Fe,26,4,4,adsorbate,adsorbate,1,1,10.290270889999988,13.249704718589783,2.9594338285897948,adsorbate:ads2,1,adsorbate:ads2,1,0.25,0.0,1,0,0.75
Mo2CO2,Ga,31,4,4,adsorbate,adsorbate,1,1,10.505796400000005,10.490520477294922,0.015275922705082934,adsorbate:ads2,1,adsorbate:ads2,1,0.25,0.0,1,0,0.75
Mo2CO2,Ge,32,4,3,adsorbate,adsorbate,1,1,11.677599510000054,13.263668060302734,1.5860685503026808,adsorbate:ads2,1,adsorbate:ads2,1,0.3333333333333333,0.0,1,0,0.6666666666666667
Mo2CO2,H,1,1,4,interstitial,adsorbate,1,0,-0.06312339999999494,1.6868458986282349,1.7499692986282298,interstitial:int1,1,adsorbate:ads0,0,0.25,0.06312339999999494,0,0,-0.25
Mo2CO2,Hf,72,6,2,adsorbate,adsorbate,1,1,5.737201130000013,9.456985473632812,3.7197843436327993,adsorbate:ads1,1,adsorbate:ads1,1,0.5,0.0,1,0,0.5
Mo2CO2,I,53,5,4,adsorbate,adsorbate,1,1,17.752896669999927,16.100945949554443,1.651950720445484,adsorbate:ads2,1,adsorbate:ads0,0,0.25,0.0780576500000052,1,0,-0.25
Mo2CO2,Mg,12,3,4,adsorbate,adsorbate,1,1,5.36704764000001,9.993049621582031,4.6260019815820215,adsorbate:ads2,1,adsorbate:ads2,1,0.25,0.0,1,0,0.75
Mo2CO2,Mn,25,4,4,adsorbate,adsorbate,1,1,4.046213979999948,4.581259489059448,0.5350455090595005,adsorbate:ads2,1,adsorbate:ads2,1,0.25,0.0,1,0,0.75
Mo2CO2,N,7,2,4,adsorbate,adsorbate,1,1,0.9210602699999981,0.8644118309020996,0.05664843909789852,adsorbate:ads2,1,adsorbate:ads2,1,0.25,0.0,1,0,0.75
Mo2CO2,Na,11,3,3,adsorbate,adsorbate,1,1,0.4681281500000982,0.7544393539428711,0.2863112039427729,adsorbate:ads2,1,adsorbate:ads2,1,0.3333333333333333,0.0,1,0,0.6666666666666667
Mo2CO2,Ni,28,4,3,adsorbate,adsorbate,1,1,6.9908422199999904,4.9679566621780396,2.022885557821951,adsorbate:ads1,1,adsorbate:ads2,0,0.3333333333333333,0.12450181999997789,1,0,-0.3333333333333333
Mo2CO2,P,15,3,4,adsorbate,adsorbate,1,1,13.391113730000027,7.043290734291077,6.347822995708951,adsorbate:ads1,1,adsorbate:ads1,1,0.25,0.0,1,0,0.75
Mo2CO2,Rb,37,5,4,adsorbate,adsorbate,1,1,21.97378797000011,17.352601051330566,4.621186918669544,adsorbate:ads2,1,adsorbate:ads0,0,0.25,0.20043676000000232,1,0,-0.25
Mo2CO2,Sc,21,4,2,adsorbate,adsorbate,1,1,8.54070503999992,5.7852091789245605,2.75549586107536,adsorbate:ads0,1,adsorbate:ads0,1,0.5,0.0,1,0,0.5
Mo2CO2,Si,14,3,2,adsorbate,adsorbate,1,1,12.896854599999985,7.346078634262085,5.5507759657379,adsorbate:ads2,1,adsorbate:ads2,1,0.5,0.0,1,0,0.5
Mo2CO2,Sr,38,5,2,adsorbate,adsorbate,1,1,20.454159640000057,15.40239143371582,5.051768206284237,adsorbate:ads0,1,adsorbate:ads0,1,0.5,0.0,1,0,0.5
Mo2CO2,Tc,43,5,3,adsorbate,adsorbate,1,1,9.535257460000027,7.815379619598389,1.7198778404016384,adsorbate:ads2,1,adsorbate:ads2,1,0.3333333333333333,0.0,1,0,0.6666666666666667
Mo2CO2,Te,52,5,3,adsorbate,adsorbate,1,1,16.692919080000024,15.760511875152588,0.9324072048474363,adsorbate:ads1,1,adsorbate:ads1,1,0.3333333333333333,0.0,1,0,0.6666666666666667
Mo2CO2,V,23,4,3,adsorbate,adsorbate,1,1,7.209941960000036,7.117501497268677,0.09244046273135886,adsorbate:ads1,1,adsorbate:ads1,1,0.3333333333333333,0.0,1,0,0.6666666666666667
Mo2CO2,Zn,30,4,4,adsorbate,adsorbate,1,1,11.588511779999976,9.7970609664917,1.791450813508277,adsorbate:ads2,1,adsorbate:ads2,1,0.25,0.0,1,0,0.75
Mo2CO2,Zr,40,5,3,adsorbate,adsorbate,1,1,11.674315709999973,11.685133218765259,0.01081750876528531,adsorbate:ads1,1,adsorbate:ads1,1,0.3333333333333333,0.0,1,0,0.6666666666666667
MoS2,Ag,47,5,6,adsorbate,adsorbate,1,1,8.43309462000002,7.806558609008789,0.6265360109912308,adsorbate:ads2,1,adsorbate:ads2,1,0.16666666666666666,0.0,1,0,0.8333333333333334
MoS2,Al,13,3,6,adsorbate,adsorbate,1,1,3.823897480000029,3.69879412651062,0.12510335348940904,adsorbate:ads1,1,adsorbate:ads2,0,0.16666666666666666,0.12260833000004823,1,0,-0.16666666666666666
MoS2,As,33,4,5,adsorbate,adsorbate,1,1,5.456655339999997,5.834350347518921,0.37769500751892426,adsorbate:ads0,1,adsorbate:ads0,1,0.2,0.0,1,0,0.8
MoS2,Au,79,6,4,adsorbate,adsorbate,1,1,6.522864729999978,8.411332607269287,1.888467877269309,adsorbate:ads0,1,adsorbate:ads0,1,0.25,0.0,1,0,0.75
MoS2,B,5,2,6,interstitial,interstitial,1,1,-0.8495103900000345,-0.8157691955566406,0.03374119444339385,interstitial:ads2,1,interstitial:int0,0,0.16666666666666666,0.13100417000003972,0,1,-0.16666666666666666
MoS2,Ba,56,6,4,adsorbate,adsorbate,1,1,18.788996870000005,19.425878524780273,0.636881654780268,adsorbate:ads1,1,adsorbate:ads1,1,0.25,0.0,1,0,0.75
MoS2,Be,4,2,7,adsorbate,adsorbate,1,1,1.1935525399999847,0.2141273021697998,0.9794252378301849,adsorbate:ads2,1,adsorbate:ads2,1,0.14285714285714285,0.0,1,0,0.8571428571428572
MoS2,Br,35,4,4,adsorbate,adsorbate,1,1,11.038546099999962,11.382669568061829,0.34412346806186633,adsorbate:ads0,1,adsorbate:ads1,0,0.25,0.18205643999999654,1,0,-0.25
MoS2,C,6,2,5,interstitial,interstitial,1,1,-0.7997629600000113,-1.2365169525146484,0.4367539925146371,interstitial:int4,1,interstitial:int4,1,0.2,0.0,0,1,0.8
MoS2,Ca,20,4,6,adsorbate,adsorbate,1,1,9.280816909999999,9.959962129592896,0.6791452195928969,adsorbate:ads2,1,adsorbate:ads2,1,0.16666666666666666,0.0,1,0,0.8333333333333334
MoS2,Cd,48,5,5,adsorbate,adsorbate,1,1,10.676527739999983,9.742750644683838,0.9337770953161453,adsorbate:ads2,1,adsorbate:ads1,0,0.2,0.0028383499999904416,1,0,-0.2
MoS2,Cl,17,3,5,adsorbate,adsorbate,1,1,8.015945709999986,7.7065324783325195,0.3094132316674667,adsorbate:ads0,1,adsorbate:ads0,1,0.2,0.0,1,0,0.8
MoS2,Co,27,4,4,adsorbate,adsorbate,1,1,1.5845477100000371,1.806732177734375,0.22218446773433786,adsorbate:ads2,1,adsorbate:ads2,1,0.25,0.0,1,0,0.75
MoS2,Cr,24,4,6,adsorbate,adsorbate,1,1,1.9926998900000399,1.9125289916992188,0.08017089830082114,adsorbate:ads2,1,adsorbate:ads2,1,0.16666666666666666,0.0,1,0,0.8333333333333334
MoS2,Cs,55,6,4,adsorbate,adsorbate,1,1,20.24431336999999,17.387845039367676,2.856468330632314,adsorbate:ads2,1,adsorbate:ads1,0,0.25,0.0064389700000333505,1,0,-0.25
MoS2,Cu,29,4,4,adsorbate,adsorbate,1,1,4.28241362,4.075803279876709,0.20661034012329083,adsorbate:ads2,1,adsorbate:ads1,0,0.25,0.07951174999999511,1,0,-0.25
MoS2,F,9,2,5,adsorbate,adsorbate,1,1,2.3024068299999954,1.9612572193145752,0.34114961068542016,adsorbate:ads0,1,adsorbate:ads2,0,0.2,0.45067585000003885,1,0,-0.2
MoS2,Fe,26,4,6,adsorbate,adsorbate,1,1,1.6818090000000439,1.4601666927337646,0.2216423072662792,adsorbate:ads2,1,adsorbate:ads2,1,0.16666666666666666,0.0,1,0,0.8333333333333334
MoS2,Ga,31,4,5,adsorbate,adsorbate,1,1,5.690588289999995,5.3501245975494385,0.3404636924505562,adsorbate:ads1,1,adsorbate:ads1,1,0.2,0.0,1,0,0.8
MoS2,Ge,32,4,4,adsorbate,adsorbate,1,1,4.421153329999982,4.5908637046813965,0.16971037468141414,adsorbate:ads0,1,adsorbate:ads2,0,0.25,0.10357129999999914,1,0,-0.25
MoS2,H,1,1,8,adsorbate,interstitial,1,0,0.023380009999983242,-0.12855803966522217,0.1519380496652054,adsorbate:ads0,1,interstitial:int0,0,0.125,0.023380009999983242,1,-1,-0.125
MoS2,I,53,5,4,adsorbate,adsorbate,1,1,14.209552740000051,12.291846632957458,1.9177061070425925,adsorbate:ads0,1,adsorbate:ads1,0,0.25,0.1355764800000543,1,0,-0.25
MoS2,Ir,77,6,4,adsorbate,adsorbate,1,1,3.9731791099999887,3.372758388519287,0.6004207214807016,adsorbate:ads1,1,adsorbate:ads1,1,0.25,0.0,1,0,0.75
MoS2,Li,3,2,5,adsorbate,adsorbate,1,1,4.075302190000002,3.9928815364837646,0.08242065351623751,adsorbate:ads2,1,adsorbate:ads2,1,0.2,0.0,1,0,0.8
MoS2,Lu,71,6,5,adsorbate,adsorbate,1,1,6.724333849999995,6.5855796337127686,0.13875421628722684,adsorbate:ads2,1,adsorbate:ads1,0,0.2,0.05476221999998554,1,0,-0.2
MoS2,Mg,12,3,6,adsorbate,adsorbate,1,1,6.276386930000001,5.811372876167297,0.46501405383270367,adsorbate:ads2,1,adsorbate:ads2,1,0.16666666666666666,0.0,1,0,0.8333333333333334
MoS2,Mn,25,4,6,adsorbate,adsorbate,1,1,1.61651956999998,1.5980639457702637,0.01845562422971625,adsorbate:ads2,1,adsorbate:ads2,1,0.16666666666666666,0.0,1,0,0.8333333333333334
MoS2,N,7,2,6,adsorbate,interstitial,1,0,0.5464237500000309,-0.3401334285736084,0.8865571785736392,adsorbate:ads0,1,interstitial:int4,0,0.16666666666666666,0.5464237500000309,1,-1,-0.16666666666666666
MoS2,Nb,41,5,5,adsorbate,adsorbate,1,1,2.306649219999997,2.215127944946289,0.091521275053708,adsorbate:ads2,1,adsorbate:ads2,1,0.2,0.0,1,0,0.8
MoS2,Ni,28,4,4,adsorbate,adsorbate,1,1,9.131682350000005,9.28811264038086,0.15643029038085388,adsorbate:ads2,1,adsorbate:ads2,1,0.25,0.0,1,0,0.75
MoS2,O,8,2,7,adsorbate,adsorbate,1,1,1.9732600899999968,1.6609337329864502,0.3123263570135466,adsorbate:ads0,1,adsorbate:ads0,1,0.14285714285714285,0.0,1,0,0.8571428571428572
MoS2,Os,76,6,5,adsorbate,adsorbate,1,1,2.1847692999999735,2.1032819747924805,0.08148732520749302,adsorbate:ads1,1,adsorbate:ads1,1,0.2,0.0,1,0,0.8
MoS2,P,15,3,6,adsorbate,adsorbate,1,1,3.1609668599999745,2.8068528175354004,0.3541140424645741,adsorbate:ads0,1,adsorbate:ads0,1,0.16666666666666666,0.0,1,0,0.8333333333333334
MoS2,Pd,46,5,4,adsorbate,adsorbate,1,1,6.358515200000002,6.1610107421875,0.19750445781250203,adsorbate:ads1,1,adsorbate:ads1,1,0.25,0.0,1,0,0.75
MoS2,Rb,37,5,5,adsorbate,adsorbate,1,1,16.28972723999999,15.6548593044281,0.63486793557189,adsorbate:ads2,1,adsorbate:ads1,0,0.2,0.01566121999996989,1,0,-0.2
MoS2,Re,75,6,5,adsorbate,adsorbate,1,1,1.056419959999971,1.570328712463379,0.5139087524634078,adsorbate:ads2,1,adsorbate:ads2,1,0.2,0.0,1,0,0.8
MoS2,Ru,44,5,6,adsorbate,adsorbate,1,1,3.161178329999986,2.3678669929504395,0.7933113370495466,adsorbate:ads2,1,adsorbate:ads1,0,0.16666666666666666,0.06729178000000502,1,0,-0.16666666666666666
MoS2,Sc,21,4,5,adsorbate,adsorbate,1,1,4.39771632999998,5.293352842330933,0.8956365123309524,adsorbate:ads2,1,adsorbate:ads2,1,0.2,0.0,1,0,0.8
MoS2,Se,34,4,6,adsorbate,adsorbate,1,1,8.643029920000005,8.046616435050964,0.596413484949041,adsorbate:ads0,1,adsorbate:ads0,1,0.16666666666666666,0.0,1,0,0.8333333333333334
MoS2,Si,14,3,5,adsorbate,adsorbate,1,1,1.8225337100000165,1.9900355339050293,0.16750182390501278,adsorbate:ads0,1,adsorbate:ads0,1,0.2,0.0,1,0,0.8
MoS2,Sn,50,5,4,adsorbate,adsorbate,1,1,16.795711440000048,16.153737545013428,0.64197389498662,adsorbate:ads0,1,adsorbate:ads0,1,0.25,0.0,1,0,0.75
MoS2,Sr,38,5,5,adsorbate,adsorbate,1,1,12.819409099999971,13.336809754371643,0.5174006543716718,adsorbate:ads2,1,adsorbate:ads2,1,0.2,0.0,1,0,0.8
MoS2,Tc,43,5,4,adsorbate,adsorbate,1,1,1.717970820000005,2.0714168548583984,0.35344603485839343,adsorbate:ads2,1,adsorbate:ads1,0,0.25,0.018248449999988203,1,0,-0.25
MoS2,Ti,22,4,6,adsorbate,adsorbate,1,1,2.189986850000026,1.453991174697876,0.7359956753021502,adsorbate:ads2,1,adsorbate:ads2,1,0.16666666666666666,0.0,1,0,0.8333333333333334
MoS2,V,23,4,7,adsorbate,adsorbate,1,1,1.256765659999985,1.3654637336730957,0.10869807367311068,adsorbate:ads2,1,adsorbate:ads2,1,0.14285714285714285,0.0,1,0,0.8571428571428572
MoS2,Y,39,5,4,adsorbate,adsorbate,1,1,7.7148990100000105,7.108920335769653,0.6059786742303572,adsorbate:ads2,1,adsorbate:ads2,1,0.25,0.0,1,0,0.75
MoS2,Zn,30,4,5,adsorbate,adsorbate,1,1,6.285276710000003,7.137432336807251,0.8521556268072477,adsorbate:ads1,1,adsorbate:ads1,1,0.2,0.0,1,0,0.8
MoS2,Zr,40,5,4,adsorbate,adsorbate,1,1,13.289325730000032,12.558457374572754,0.7308683554272779,adsorbate:ads2,1,adsorbate:ads2,1,0.25,0.0,1,0,0.75
MoSSe,Al,13,3,9,adsorbate,adsorbate,1,1,2.4631536100000075,2.4884674549102783,0.025313844910270777,adsorbate:ads1,1,adsorbate:ads1,1,0.1111111111111111,0.0,1,0,0.8888888888888888
MoSSe,As,33,4,7,adsorbate,adsorbate,1,1,4.128880559999972,4.2043373584747314,0.07545679847475917,adsorbate:ads0,1,adsorbate:ads0,1,0.14285714285714285,0.0,1,0,0.8571428571428572
MoSSe,B,5,2,10,interstitial,interstitial,1,1,-0.3960266099999785,-0.8544456958770752,0.4584190858770967,interstitial:int3,1,interstitial:int3,1,0.1,0.0,0,1,0.9
MoSSe,Ba,56,6,7,adsorbate,adsorbate,1,1,10.430710260000012,10.380990266799927,0.049719993200085355,adsorbate:ads2,1,adsorbate:ads1,0,0.14285714285714285,0.009687649999989403,1,0,-0.14285714285714285
MoSSe,Be,4,2,10,interstitial,interstitial,1,1,-0.12253520000001572,-0.5286850929260254,0.40614989292600967,interstitial:int3,1,interstitial:int3,1,0.1,0.0,0,1,0.9
MoSSe,Br,35,4,7,adsorbate,adsorbate,1,1,8.462342540000009,8.923324346542358,0.46098180654234966,adsorbate:ads3,1,adsorbate:ads3,1,0.14285714285714285,0.0,1,0,0.8571428571428572
MoSSe,C,6,2,9,interstitial,interstitial,1,1,-1.3441925500000016,-0.9641518592834473,0.38004069071655433,interstitial:int3,1,interstitial:int2,0,0.1111111111111111,0.00011309999996367281,0,1,-0.1111111111111111
MoSSe,Ca,20,4,8,adsorbate,adsorbate,1,1,8.13891602000001,7.571680784225464,0.5672352357745467,adsorbate:ads2,1,adsorbate:ads2,1,0.125,0.0,1,0,0.875
MoSSe,Cl,17,3,9,adsorbate,adsorbate,1,1,6.014965990000007,5.927134275436401,0.08783171456360606,adsorbate:ads3,1,adsorbate:ads0,0,0.1111111111111111,0.06675561999998081,1,0,-0.1111111111111111
MoSSe,Co,27,4,9,adsorbate,adsorbate,1,1,1.6092197300000057,1.1337618827819824,0.4754578472180233,adsorbate:ads1,1,adsorbate:ads2,0,0.1111111111111111,1.2813605200000207,1,0,-0.1111111111111111
MoSSe,Cr,24,4,9,adsorbate,adsorbate,1,1,2.0661529000000196,1.5067286491394043,0.5594242508606153,adsorbate:ads2,1,adsorbate:ads2,1,0.1111111111111111,0.0,1,0,0.8888888888888888
MoSSe,Cu,29,4,9,adsorbate,adsorbate,1,1,1.2820318899999856,3.1775662899017334,1.8955343999017478,adsorbate:ads2,1,adsorbate:ads2,1,0.1111111111111111,0.0,1,0,0.8888888888888888
MoSSe,F,9,2,10,adsorbate,adsorbate,1,1,1.7242046000000073,1.5720182657241821,0.15218633427582517,adsorbate:ads3,1,adsorbate:ads3,1,0.1,0.0,1,0,0.9
MoSSe,Fe,26,4,9,interstitial,adsorbate,1,0,-0.026690830000006827,0.38811302185058594,0.41480385185059276,interstitial:int3,1,adsorbate:ads4,0,0.1111111111111111,0.026690830000006827,0,0,-0.1111111111111111
MoSSe,Ga,31,4,6,adsorbate,adsorbate,1,1,3.9249205899999993,4.1130698919296265,0.1881493019296272,adsorbate:ads1,1,adsorbate:ads1,1,0.16666666666666666,0.0,1,0,0.8333333333333334
MoSSe,Ge,32,4,8,adsorbate,adsorbate,1,1,3.0670736600000055,3.4881813526153564,0.42110769261535097,adsorbate:ads0,1,adsorbate:ads1,0,0.125,0.04769787999998698,1,0,-0.125
MoSSe,H,1,1,10,interstitial,interstitial,1,1,-0.08567326999997227,-0.33120203018188477,0.2455287601819125,interstitial:int0,1,interstitial:int0,1,0.1,0.0,0,1,0.9
MoSSe,Hf,72,6,7,adsorbate,adsorbate,1,1,1.414538270000036,0.9919700622558594,0.4225682077441766,adsorbate:ads4,1,adsorbate:ads2,0,0.14285714285714285,0.041770770000027824,1,0,-0.14285714285714285
MoSSe,I,53,5,7,adsorbate,adsorbate,1,1,10.90101493000003,7.491467118263245,3.409547811736786,adsorbate:ads3,1,adsorbate:ads2,0,0.14285714285714285,0.16950572000001807,1,0,-0.14285714285714285
MoSSe,Ir,77,6,5,adsorbate,adsorbate,1,1,2.6597538400000085,3.438231945037842,0.7784781050378333,adsorbate:ads4,1,adsorbate:ads4,1,0.2,0.0,1,0,0.8
MoSSe,K,19,4,8,adsorbate,adsorbate,1,1,12.337684060000017,11.492754936218262,0.8449291237817551,adsorbate:ads2,1,adsorbate:ads1,0,0.125,0.03289269999999078,1,0,-0.125
MoSSe,Li,3,2,9,adsorbate,adsorbate,1,1,3.6301962000000003,3.7557666301727295,0.12557043017272917,adsorbate:int3,1,adsorbate:ads4,0,0.1111111111111111,0.42237912000001643,1,0,-0.1111111111111111
MoSSe,Mg,12,3,7,adsorbate,adsorbate,1,1,5.349124329999995,5.104907155036926,0.24421717496306883,adsorbate:ads2,1,adsorbate:ads4,0,0.14285714285714285,0.09851680000002738,1,0,-0.14285714285714285
MoSSe,Mn,25,4,9,adsorbate,adsorbate,1,1,0.9528978799999663,0.8928511142730713,0.060046765726895046,adsorbate:int3,1,adsorbate:int3,1,0.1111111111111111,0.0,1,0,0.8888888888888888
MoSSe,N,7,2,10,interstitial,interstitial,1,1,-0.07132111999999369,-0.6980514526367188,0.6267303326367251,interstitial:int3,1,interstitial:int2,0,0.1,0.0003118299999864682,0,1,-0.1
MoSSe,Ni,28,4,8,adsorbate,adsorbate,1,1,1.5155541599999651,1.1566290855407715,0.35892507445919364,adsorbate:ads2,1,adsorbate:ads4,0,0.125,0.3809226600000102,1,0,-0.125
MoSSe,O,8,2,10,adsorbate,adsorbate,1,1,1.366851850000046,1.2110815048217773,0.1557703451782686,adsorbate:ads0,1,adsorbate:ads0,1,0.1,0.0,1,0,0.9
MoSSe,P,15,3,9,adsorbate,adsorbate,1,1,2.0940075700000325,1.7962768077850342,0.2977307622149983,adsorbate:ads0,1,adsorbate:ads0,1,0.1111111111111111,0.0,1,0,0.8888888888888888
MoSSe,Rb,37,5,7,adsorbate,adsorbate,1,1,12.949587870000016,12.475129127502441,0.4744587424975748,adsorbate:ads2,1,adsorbate:ads5,0,0.14285714285714285,0.4230199700000412,1,0,-0.14285714285714285
MoSSe,Re,75,6,7,adsorbate,adsorbate,1,1,0.26349575999995434,0.8174209594726562,0.5539251994727019,adsorbate:int3,1,adsorbate:int3,1,0.14285714285714285,0.0,1,0,0.8571428571428572
MoSSe,Rh,45,5,7,adsorbate,adsorbate,1,1,2.9178307399999985,2.20497465133667,0.7128560886633286,adsorbate:ads4,1,adsorbate:ads4,1,0.14285714285714285,0.0,1,0,0.8571428571428572
MoSSe,Ru,44,5,7,adsorbate,adsorbate,1,1,2.8734611500000264,1.0446138381958008,1.8288473118042257,adsorbate:ads4,1,adsorbate:ads1,0,0.14285714285714285,0.6153308500000207,1,0,-0.14285714285714285
MoSSe,Sb,51,5,7,adsorbate,adsorbate,1,1,4.651922969999987,4.822110652923584,0.1701876829235971,adsorbate:ads0,1,adsorbate:ads3,0,0.14285714285714285,0.08389622999999347,1,0,-0.14285714285714285
MoSSe,Sc,21,4,9,adsorbate,adsorbate,1,1,4.441558269999972,3.775879383087158,0.6656788869128141,adsorbate:int3,1,adsorbate:int3,1,0.1111111111111111,0.0,1,0,0.8888888888888888
MoSSe,Si,14,3,9,adsorbate,adsorbate,1,1,0.8268023699999958,0.99363112449646,0.16682875449646417,adsorbate:ads1,1,adsorbate:ads1,1,0.1111111111111111,0.0,1,0,0.8888888888888888
MoSSe,Sn,50,5,8,adsorbate,adsorbate,1,1,5.9236050900000246,4.109775543212891,1.813829546787134,adsorbate:ads0,1,adsorbate:ads1,0,0.125,0.1136559500000085,1,0,-0.125
MoSSe,Sr,38,5,7,adsorbate,adsorbate,1,1,10.250978480000015,9.89814031124115,0.35283816875886487,adsorbate:ads2,1,adsorbate:ads2,1,0.14285714285714285,0.0,1,0,0.8571428571428572
MoSSe,Ta,73,6,7,interstitial,adsorbate,1,0,-0.34972143999999794,5.3602705001831055,5.709991940183103,interstitial:int3,1,adsorbate:ads1,0,0.14285714285714285,0.34972143999999794,0,0,-0.14285714285714285
MoSSe,Ti,22,4,7,interstitial,interstitial,1,1,-0.1251972499999856,-0.24665522575378418,0.12145797575379857,interstitial:int3,1,interstitial:int3,1,0.14285714285714285,0.0,0,1,0.8571428571428572
MoSSe,Tl,81,6,7,adsorbate,adsorbate,1,1,8.161664140000024,9.348390698432922,1.1867265584328983,adsorbate:ads1,1,adsorbate:ads1,1,0.14285714285714285,0.0,1,0,0.8571428571428572
MoSSe,V,23,4,8,adsorbate,adsorbate,1,1,0.5941946000000371,0.7471725940704346,0.15297799407039747,adsorbate:ads2,1,adsorbate:ads2,1,0.125,0.0,1,0,0.875
MoSSe,W,74,6,7,adsorbate,adsorbate,1,1,0.7944133099999799,0.7601866722106934,0.034226637789286585,adsorbate:ads2,1,adsorbate:ads2,1,0.14285714285714285,0.0,1,0,0.8571428571428572
MoSSe,Y,39,5,7,adsorbate,adsorbate,1,1,6.448960739999961,5.091486215591431,1.3574745244085307,adsorbate:ads2,1,adsorbate:ads2,1,0.14285714285714285,0.0,1,0,0.8571428571428572
MoSSe,Zn,30,4,7,adsorbate,adsorbate,1,1,3.9298672500000293,3.0662988424301147,0.8635684075699146,adsorbate:ads4,1,adsorbate:ads0,0,0.14285714285714285,0.017497280000043247,1,0,-0.14285714285714285
MoSSe,Zr,40,5,7,adsorbate,adsorbate,1,1,1.8207065600000187,0.9120721817016602,0.9086343782983586,adsorbate:ads2,1,adsorbate:ads4,0,0.14285714285714285,0.23763522000001513,1,0,-0.14285714285714285
MoSe2,Ag,47,5,5,adsorbate,adsorbate,1,1,5.900899320000008,5.616809129714966,0.2840901902850419,adsorbate:ads2,1,adsorbate:ads2,1,0.2,0.0,1,0,0.8
MoSe2,Al,13,3,5,adsorbate,adsorbate,1,1,1.8681809699999694,1.6010186672210693,0.2671623027789001,adsorbate:ads1,1,adsorbate:ads1,1,0.2,0.0,1,0,0.8
MoSe2,As,33,4,4,adsorbate,adsorbate,1,1,2.99782823999999,3.076139211654663,0.07831097165467327,adsorbate:ads0,1,adsorbate:ads0,1,0.25,0.0,1,0,0.75
MoSe2,Au,79,6,4,adsorbate,adsorbate,1,1,10.486092700000025,9.727563619613647,0.7585290803863778,adsorbate:ads2,1,adsorbate:ads1,0,0.25,0.08322358000003716,1,0,-0.25
MoSe2,B,5,2,8,interstitial,interstitial,1,1,-0.7873781099999633,-0.8576147556304932,0.07023664563052989,interstitial:int4,1,interstitial:int4,1,0.125,0.0,0,1,0.875
MoSe2,Ba,56,6,4,adsorbate,adsorbate,1,1,12.92231516000004,15.671441078186035,2.749125918185996,adsorbate:ads1,1,adsorbate:ads1,1,0.25,0.0,1,0,0.75
MoSe2,Be,4,2,8,adsorbate,adsorbate,1,1,0.16363448999999264,0.3262968063354492,0.16266231633545658,adsorbate:ads1,1,adsorbate:ads1,1,0.125,0.0,1,0,0.875
MoSe2,Br,35,4,4,adsorbate,adsorbate,1,1,8.297089079999978,7.9713029861450195,0.3257860938549584,adsorbate:ads0,1,adsorbate:ads0,1,0.25,0.0,1,0,0.75
MoSe2,C,6,2,7,interstitial,interstitial,1,1,-2.389137170000027,-1.937912940979004,0.4512242290210229,interstitial:int3,1,interstitial:int4,0,0.14285714285714285,0.00024783000003436584,0,1,-0.14285714285714285
MoSe2,Cd,48,5,5,adsorbate,adsorbate,1,1,7.7244614100000035,6.985519528388977,0.7389418816110265,adsorbate:ads1,1,adsorbate:ads0,0,0.2,0.021977090000007138,1,0,-0.2
MoSe2,Cl,17,3,6,adsorbate,adsorbate,1,1,5.802628230000039,5.900062322616577,0.09743409261653824,adsorbate:ads0,1,adsorbate:ads0,1,0.16666666666666666,0.0,1,0,0.8333333333333334
MoSe2,Co,27,4,7,adsorbate,adsorbate,1,1,0.38079034000003276,0.3152937889099121,0.06549655109012065,adsorbate:ads1,1,adsorbate:ads1,1,0.14285714285714285,0.0,1,0,0.8571428571428572
MoSe2,Cr,24,4,6,adsorbate,adsorbate,1,1,0.4199548499999537,0.47711682319641113,0.05716197319645744,adsorbate:ads1,1,adsorbate:ads1,1,0.16666666666666666,0.0,1,0,0.8333333333333334
MoSe2,Cs,55,6,5,adsorbate,adsorbate,1,1,12.299386229999982,15.559253454208374,3.259867224208392,adsorbate:ads1,1,adsorbate:ads1,1,0.2,0.0,1,0,0.8
MoSe2,Cu,29,4,5,adsorbate,adsorbate,1,1,0.8932618899999634,0.9304296970367432,0.0371678070367798,adsorbate:ads1,1,adsorbate:ads1,1,0.2,0.0,1,0,0.8
MoSe2,F,9,2,7,adsorbate,adsorbate,1,1,1.2619601299999772,1.398539423942566,0.13657929394258872,adsorbate:ads0,1,adsorbate:ads0,1,0.14285714285714285,0.0,1,0,0.8571428571428572
MoSe2,Fe,26,4,5,adsorbate,interstitial,1,0,0.04275262000004432,-0.03041672706604004,0.07316934706608436,adsorbate:ads1,1,interstitial:int4,0,0.2,0.04275262000004432,1,-1,-0.2
MoSe2,Ga,31,4,5,adsorbate,adsorbate,1,1,3.391074449999963,2.9458229541778564,0.44525149582210677,adsorbate:ads1,1,adsorbate:ads2,0,0.2,0.13734429999999564,1,0,-0.2
MoSe2,H,1,1,8,interstitial,interstitial,1,1,-0.6632557799999859,-0.6390793323516846,0.02417644764830129,interstitial:int0,1,interstitial:int3,0,0.125,0.000212550000014744,0,1,-0.125
MoSe2,Hf,72,6,4,adsorbate,adsorbate,1,1,9.997225929999956,11.696247100830078,1.6990211708301217,adsorbate:ads1,1,adsorbate:ads1,1,0.25,0.0,1,0,0.75
MoSe2,Hg,80,6,4,adsorbate,adsorbate,1,1,14.602321580000023,17.3762526512146,2.7739310712145766,adsorbate:ads1,1,adsorbate:ads1,1,0.25,0.0,1,0,0.75
MoSe2,I,53,5,4,adsorbate,adsorbate,1,1,13.176609690000019,14.16123628616333,0.9846265961633112,adsorbate:ads0,1,adsorbate:ads0,1,0.25,0.0,1,0,0.75
MoSe2,Ir,77,6,5,adsorbate,adsorbate,1,1,2.0719426499999827,1.9139704704284668,0.15797217957151588,adsorbate:ads1,1,adsorbate:ads1,1,0.2,0.0,1,0,0.8
MoSe2,K,19,4,4,adsorbate,adsorbate,1,1,14.142739489999997,12.206408262252808,1.9363312277471891,adsorbate:ads1,1,adsorbate:ads1,1,0.25,0.0,1,0,0.75
MoSe2,Li,3,2,7,adsorbate,adsorbate,1,1,2.7262773900000075,3.4924890995025635,0.766211709502556,adsorbate:ads1,1,adsorbate:ads1,1,0.14285714285714285,0.0,1,0,0.8571428571428572
MoSe2,Lu,71,6,5,adsorbate,adsorbate,1,1,3.9558873700000268,1.9170422554016113,2.0388451145984154,adsorbate:ads1,1,adsorbate:ads1,1,0.2,0.0,1,0,0.8
MoSe2,Mg,12,3,5,adsorbate,adsorbate,1,1,4.123512449999964,3.8240336179733276,0.2994788320266366,adsorbate:ads1,1,adsorbate:ads1,1,0.2,0.0,1,0,0.8
MoSe2,Mn,25,4,5,adsorbate,adsorbate,1,1,0.03373113000003469,0.1892242431640625,0.1554931131640278,adsorbate:ads1,1,adsorbate:ads1,1,0.2,0.0,1,0,0.8
MoSe2,N,7,2,8,interstitial,interstitial,1,1,-1.3483856499999538,-1.4956107139587402,0.14722506395878643,interstitial:int4,1,interstitial:int4,1,0.125,0.0,0,1,0.875
MoSe2,Nb,41,5,4,adsorbate,adsorbate,1,1,0.2956781099999821,0.02889537811279297,0.26678273188718915,adsorbate:ads1,1,adsorbate:ads1,1,0.25,0.0,1,0,0.75
MoSe2,Ni,28,4,5,adsorbate,adsorbate,1,1,0.5485016200000248,0.6243360042572021,0.07583438425717737,adsorbate:ads1,1,adsorbate:ads1,1,0.2,0.0,1,0,0.8
MoSe2,O,8,2,7,adsorbate,interstitial,1,0,0.0835508099999629,-0.5143139362335205,0.5978647462334834,adsorbate:ads0,1,interstitial:int4,0,0.14285714285714285,0.08405738999999818,1,-1,-0.14285714285714285
MoSe2,Os,76,6,4,adsorbate,adsorbate,1,1,0.8040138199999669,0.8176774978637695,0.013663677863802626,adsorbate:ads1,1,adsorbate:ads1,1,0.25,0.0,1,0,0.75
MoSe2,P,15,3,6,adsorbate,adsorbate,1,1,0.9826545999999885,0.9269223213195801,0.05573227868040842,adsorbate:ads0,1,adsorbate:ads0,1,0.16666666666666666,0.0,1,0,0.8333333333333334
MoSe2,Pd,46,5,5,adsorbate,adsorbate,1,1,3.9830779899999706,4.020188331604004,0.03711034160403326,adsorbate:ads1,1,adsorbate:ads1,1,0.2,0.0,1,0,0.8
MoSe2,Pt,78,6,5,adsorbate,adsorbate,1,1,3.547058240000013,3.4161903858184814,0.13086785418153157,adsorbate:ads1,1,adsorbate:ads1,1,0.2,0.0,1,0,0.8
MoSe2,Re,75,6,4,interstitial,interstitial,1,1,-1.2675764500000373,-1.1682472229003906,0.09932922709964664,interstitial:int4,1,interstitial:int4,1,0.25,0.0,0,1,0.75
MoSe2,Rh,45,5,4,adsorbate,adsorbate,1,1,13.816341679999994,14.287983417510986,0.4716417375109927,adsorbate:ads1,1,adsorbate:ads1,1,0.25,0.0,1,0,0.75
MoSe2,Ru,44,5,5,adsorbate,adsorbate,1,1,1.5166911500000406,1.2787714004516602,0.23791974954838047,adsorbate:ads1,1,adsorbate:ads1,1,0.2,0.0,1,0,0.8
MoSe2,S,16,3,6,adsorbate,adsorbate,1,1,3.846021809999968,3.049433708190918,0.7965881018090499,adsorbate:ads0,1,adsorbate:ads0,1,0.16666666666666666,0.0,1,0,0.8333333333333334
MoSe2,Sb,51,5,4,adsorbate,adsorbate,1,1,10.093749520000017,9.907413721084595,0.1863357989154224,adsorbate:ads2,1,adsorbate:ads1,0,0.25,0.02198411000000533,1,0,-0.25
MoSe2,Sc,21,4,5,adsorbate,adsorbate,1,1,2.3266269199999674,2.5362470149993896,0.20962009499942225,adsorbate:ads1,1,adsorbate:ads1,1,0.2,0.0,1,0,0.8
MoSe2,Si,14,3,5,interstitial,adsorbate,1,0,-0.1110035300000054,0.2470536231994629,0.3580571531994683,interstitial:int3,1,adsorbate:ads0,0,0.2,0.1110035300000054,0,0,-0.2
MoSe2,Sr,38,5,4,adsorbate,adsorbate,1,1,13.180390670000008,11.006324410438538,2.174066259561471,adsorbate:ads1,1,adsorbate:ads1,1,0.25,0.0,1,0,0.75
MoSe2,Tc,43,5,5,adsorbate,adsorbate,1,1,0.2993942300000194,0.5774493217468262,0.27805509174680676,adsorbate:ads1,1,adsorbate:ads1,1,0.2,0.0,1,0,0.8
MoSe2,Ti,22,4,5,interstitial,interstitial,1,1,-0.8450841100000157,-0.37344861030578613,0.4716354996942296,interstitial:int4,1,interstitial:int4,1,0.2,0.0,0,1,0.8
MoSe2,Tl,81,6,5,adsorbate,adsorbate,1,1,8.936652379999998,8.768136024475098,0.16851635552490052,adsorbate:ads1,1,adsorbate:ads2,0,0.2,0.045129780000024766,1,0,-0.2
MoSe2,V,23,4,5,interstitial,interstitial,1,1,-0.2947415599999772,-0.48587703704833984,0.19113547704836265,interstitial:int4,1,interstitial:int4,1,0.2,0.0,0,1,0.8
MoSe2,W,74,6,4,interstitial,interstitial,1,1,-0.8419636699999833,-0.5721311569213867,0.26983251307859657,interstitial:int4,1,interstitial:int4,1,0.25,0.0,0,1,0.75
MoSe2,Y,39,5,4,adsorbate,adsorbate,1,1,8.532994599999995,11.469791889190674,2.936797289190679,adsorbate:ads1,1,adsorbate:ads1,1,0.25,0.0,1,0,0.75
MoSe2,Zn,30,4,4,adsorbate,adsorbate,1,1,4.112288219999982,5.01784086227417,0.9055526422741877,adsorbate:ads1,1,adsorbate:ads2,0,0.25,0.010387780000030489,1,0,-0.25
MoTe2,Ag,47,5,4,adsorbate,adsorbate,1,1,3.8403608700000125,5.2834062576293945,1.443045387629382,adsorbate:ads2,1,adsorbate:ads1,0,0.25,0.03927416999999833,1,0,-0.25
MoTe2,Al,13,3,5,adsorbate,interstitial,1,0,0.0038460300000040526,-0.23994183540344238,0.24378786540344644,adsorbate:ads1,1,interstitial:int4,0,0.2,0.0038460300000040526,1,-1,-0.2
MoTe2,Au,79,6,4,adsorbate,adsorbate,1,1,2.418264970000025,2.6535362005233765,0.23527123052335153,adsorbate:ads2,1,adsorbate:ads1,0,0.25,0.12585705000000758,1,0,-0.25
MoTe2,B,5,2,7,interstitial,interstitial,1,1,-3.2011829900000066,-2.8136966228485107,0.38748636715149587,interstitial:int4,1,interstitial:int4,1,0.14285714285714285,0.0,0,1,0.8571428571428572
MoTe2,Be,4,2,7,interstitial,interstitial,1,1,-1.556222660000003,-0.8183338642120361,0.737888795787967,interstitial:int0,1,interstitial:int4,0,0.14285714285714285,0.03359156999999868,0,1,-0.14285714285714285
MoTe2,Br,35,4,6,adsorbate,adsorbate,1,1,5.708966029999999,4.750710725784302,0.9582553042156974,adsorbate:ads2,1,adsorbate:ads2,1,0.16666666666666666,0.0,1,0,0.8333333333333334
MoTe2,C,6,2,7,interstitial,interstitial,1,1,-3.734217199999989,-4.197021007537842,0.46280380753785266,interstitial:int4,1,interstitial:int4,1,0.14285714285714285,0.0,0,1,0.8571428571428572
MoTe2,Ca,20,4,5,adsorbate,adsorbate,1,1,4.388169130000024,2.977666974067688,1.4105021559323356,adsorbate:ads1,1,adsorbate:ads1,1,0.2,0.0,1,0,0.8
MoTe2,Cl,17,3,5,adsorbate,adsorbate,1,1,3.748960720000012,3.5837719440460205,0.1651887759539914,adsorbate:ads2,1,adsorbate:ads2,1,0.2,0.0,1,0,0.8
MoTe2,Co,27,4,6,interstitial,interstitial,1,1,-1.1791879000000167,-1.2555952072143555,0.07640730721433875,interstitial:int4,1,interstitial:int4,1,0.16666666666666666,0.0,0,1,0.8333333333333334
MoTe2,Cr,24,4,5,interstitial,interstitial,1,1,-1.1275266899999967,-1.5134339332580566,0.3859072432580599,interstitial:int4,1,interstitial:int4,1,0.2,0.0,0,1,0.8
MoTe2,Cu,29,4,6,adsorbate,interstitial,1,0,0.18181340999998952,-0.29808807373046875,0.47990148373045827,adsorbate:ads1,1,interstitial:int4,0,0.16666666666666666,0.18181340999998952,1,-1,-0.16666666666666666
MoTe2,F,9,2,5,adsorbate,adsorbate,1,1,0.33389334000000304,0.4750351905822754,0.14114185058227235,adsorbate:ads0,1,adsorbate:ads0,1,0.2,0.0,1,0,0.8
MoTe2,Fe,26,4,6,interstitial,interstitial,1,1,-1.9533720100000096,-1.8340038061141968,0.11936820388581282,interstitial:int4,1,interstitial:int4,1,0.16666666666666666,0.0,0,1,0.8333333333333334
MoTe2,Ga,31,4,3,adsorbate,adsorbate,1,1,0.8330880000000032,1.2112518548965454,0.37816385489654225,adsorbate:ads0,1,adsorbate:ads0,1,0.3333333333333333,0.0,1,0,0.6666666666666667
MoTe2,Ge,32,4,4,adsorbate,adsorbate,1,1,3.9528945899999997,3.2774405479431152,0.6754540420568844,adsorbate:ads0,1,adsorbate:ads1,0,0.25,0.11646349000000056,1,0,-0.25
MoTe2,H,1,1,8,interstitial,interstitial,1,1,-1.5227454200000068,-1.5898590087890625,0.06711358878905571,interstitial:int4,1,interstitial:int4,1,0.125,0.0,0,1,0.875
MoTe2,Hf,72,6,5,interstitial,adsorbate,1,0,-0.16468516000000477,0.439605712890625,0.6042908728906298,interstitial:int0,1,adsorbate:ads1,0,0.2,0.16468516000000477,0,0,-0.2
MoTe2,Hg,80,6,3,adsorbate,adsorbate,1,1,9.26211504,8.731034994125366,0.5310800458746332,adsorbate:ads1,1,adsorbate:ads1,1,0.3333333333333333,0.0,1,0,0.6666666666666667
MoTe2,Ir,77,6,4,interstitial,interstitial,1,1,-1.6154814399999964,-1.965606927871704,0.3501254878717077,interstitial:int4,1,interstitial:int4,1,0.25,0.0,0,1,0.75
MoTe2,K,19,4,5,adsorbate,adsorbate,1,1,8.544882970000003,8.240263223648071,0.304619746351932,adsorbate:ads1,1,adsorbate:ads1,1,0.2,0.0,1,0,0.8
MoTe2,Li,3,2,5,adsorbate,adsorbate,1,1,1.4419968200000142,1.7630155086517334,0.32101868865171923,adsorbate:ads1,1,adsorbate:ads1,1,0.2,0.0,1,0,0.8
MoTe2,Mg,12,3,5,adsorbate,adsorbate,1,1,2.124597279999989,2.13638436794281,0.011787087942821017,adsorbate:ads1,1,adsorbate:ads0,0,0.2,0.12111984000000575,1,0,-0.2
MoTe2,Mn,25,4,5,interstitial,interstitial,1,1,-1.8382430599999964,-1.3485219478607178,0.4897211121392786,interstitial:int4,1,interstitial:int4,1,0.2,0.0,0,1,0.8
MoTe2,N,7,2,7,interstitial,interstitial,1,1,-2.294004120000012,-2.9072126150131226,0.6132084950131107,interstitial:int4,1,interstitial:int4,1,0.14285714285714285,0.0,0,1,0.8571428571428572
MoTe2,Nb,41,5,4,interstitial,interstitial,1,1,-0.6454122600000005,-1.115736484527588,0.4703242245275874,interstitial:int0,1,interstitial:int0,1,0.25,0.0,0,1,0.75
MoTe2,Ni,28,4,4,interstitial,interstitial,1,1,-0.39926687000001926,-0.5110288858413696,0.11176201584135037,interstitial:int4,1,interstitial:int4,1,0.25,0.0,0,1,0.75
MoTe2,O,8,2,7,interstitial,interstitial,1,1,-0.9625832700000103,-1.2699909210205078,0.3074076510204975,interstitial:int4,1,interstitial:int4,1,0.14285714285714285,0.0,0,1,0.8571428571428572
MoTe2,Os,76,6,4,interstitial,interstitial,1,1,-3.1320125000000028,-3.0826339721679688,0.049378527832034,interstitial:int4,1,interstitial:int4,1,0.25,0.0,0,1,0.75
MoTe2,P,15,3,5,interstitial,interstitial,1,1,-1.2414076000000023,-0.8116612434387207,0.4297463565612816,interstitial:int4,1,interstitial:int4,1,0.2,0.0,0,1,0.8
MoTe2,Pt,78,6,3,adsorbate,adsorbate,1,1,0.10939370999997822,0.1278672218322754,0.018473511832297174,adsorbate:ads2,1,adsorbate:ads2,1,0.3333333333333333,0.0,1,0,0.6666666666666667
MoTe2,Rb,37,5,4,adsorbate,adsorbate,1,1,9.285483309999991,7.592431545257568,1.6930517647424228,adsorbate:ads1,1,adsorbate:ads1,1,0.25,0.0,1,0,0.75
MoTe2,Rh,45,5,4,interstitial,interstitial,1,1,-0.8378580500000226,-1.150144100189209,0.3122860501891864,interstitial:int4,1,interstitial:int4,1,0.25,0.0,0,1,0.75
MoTe2,Ru,44,5,4,adsorbate,adsorbate,1,1,1.6135196000000165,1.7484016418457031,0.13488204184568664,adsorbate:ads1,1,adsorbate:ads1,1,0.25,0.0,1,0,0.75
MoTe2,S,16,3,4,adsorbate,adsorbate,1,1,1.7908225999999843,1.0648763179779053,0.725946282022079,adsorbate:ads0,1,adsorbate:ads0,1,0.25,0.0,1,0,0.75
MoTe2,Sb,51,5,5,adsorbate,adsorbate,1,1,3.1895073999999957,2.851454019546509,0.3380533804534869,adsorbate:ads0,1,adsorbate:ads0,1,0.2,0.0,1,0,0.8
MoTe2,Sc,21,4,6,adsorbate,adsorbate,1,1,0.30714652999998204,0.6894791126251221,0.38233258262514,adsorbate:ads1,1,adsorbate:ads1,1,0.16666666666666666,0.0,1,0,0.8333333333333334
MoTe2,Si,14,3,5,interstitial,interstitial,1,1,-2.002891909999988,-1.612924575805664,0.3899673341943237,interstitial:int4,1,interstitial:int4,1,0.2,0.0,0,1,0.8
MoTe2,Sn,50,5,4,adsorbate,adsorbate,1,1,4.7855136000000025,6.317953586578369,1.5324399865783667,adsorbate:ads0,1,adsorbate:ads0,1,0.25,0.0,1,0,0.75
MoTe2,Ti,22,4,4,adsorbate,adsorbate,1,1,0.8534878899999967,1.1152267456054688,0.26173885560547205,adsorbate:ads1,1,adsorbate:ads1,1,0.25,0.0,1,0,0.75
MoTe2,V,23,4,3,interstitial,interstitial,1,1,-1.955028900000002,-1.4256541728973389,0.5293747271026632,interstitial:int4,1,interstitial:int4,1,0.3333333333333333,0.0,0,1,0.6666666666666667
MoTe2,W,74,6,5,interstitial,interstitial,1,1,-3.172208850000006,-3.4063944816589355,0.2341856316589297,interstitial:int4,1,interstitial:int4,1,0.2,0.0,0,1,0.8
MoTe2,Zr,40,5,4,interstitial,interstitial,1,1,-0.8435532999999955,-0.2608516216278076,0.5827016783721879,interstitial:int4,1,interstitial:int4,1,0.25,0.0,0,1,0.75
Nb2CO2,Al,13,3,4,adsorbate,adsorbate,1,1,8.326128579999931,8.144570589065552,0.18155799093437963,adsorbate:ads2,1,adsorbate:ads2,1,0.25,0.0,1,0,0.75
Nb2CO2,B,5,2,4,adsorbate,adsorbate,1,1,0.649653719999947,1.1414861679077148,0.4918324479077678,adsorbate:ads0,1,adsorbate:ads2,0,0.25,2.6404808799999278,1,0,-0.25
Nb2CO2,Be,4,2,5,adsorbate,adsorbate,1,1,4.735654509999904,4.499001741409302,0.23665276859060214,adsorbate:ads2,1,adsorbate:ads2,1,0.2,0.0,1,0,0.8
Nb2CO2,Ca,20,4,4,adsorbate,adsorbate,1,1,13.045980200000031,11.641424179077148,1.4045560209228825,adsorbate:ads2,1,adsorbate:ads2,1,0.25,0.0,1,0,0.75
Nb2CO2,Cl,17,3,4,adsorbate,adsorbate,1,1,13.055147269999907,12.262630701065063,0.7925165689348432,adsorbate:ads1,1,adsorbate:ads1,1,0.25,0.0,1,0,0.75
Nb2CO2,Co,27,4,4,adsorbate,adsorbate,1,1,7.021679519999907,6.758852958679199,0.2628265613207077,adsorbate:ads2,1,adsorbate:ads2,1,0.25,0.0,1,0,0.75
Nb2CO2,Cr,24,4,5,adsorbate,adsorbate,1,1,3.4467195199999874,4.02161169052124,0.5748921705212529,adsorbate:ads2,1,adsorbate:ads1,0,0.2,0.12294729000006965,1,0,-0.2
Nb2CO2,Cu,29,4,4,adsorbate,adsorbate,1,1,7.312207960000023,8.091955184936523,0.7797472249365001,adsorbate:ads2,1,adsorbate:ads1,0,0.25,0.0058351100000213485,1,0,-0.25
Nb2CO2,F,9,2,5,adsorbate,adsorbate,1,1,1.8124835200000007,2.988955020904541,1.1764715009045403,adsorbate:ads1,1,adsorbate:ads1,1,0.2,0.0,1,0,0.8
Nb2CO2,Fe,26,4,4,adsorbate,adsorbate,1,1,6.970493080000095,6.6002302169799805,0.37026286302011435,adsorbate:ads2,1,adsorbate:ads2,1,0.25,0.0,1,0,0.75
Nb2CO2,Ga,31,4,4,adsorbate,adsorbate,1,1,9.718073390000084,9.776526927947998,0.05845353794791386,adsorbate:ads2,1,adsorbate:ads2,1,0.25,0.0,1,0,0.75
Nb2CO2,H,1,1,5,adsorbate,adsorbate,1,1,1.8131287400000249,1.1301950216293335,0.6829337183706914,adsorbate:ads0,1,adsorbate:ads0,1,0.2,0.0,1,0,0.8
Nb2CO2,K,19,4,4,adsorbate,adsorbate,1,1,16.867917710000032,11.689418315887451,5.178499394112581,adsorbate:ads2,1,adsorbate:ads2,1,0.25,0.0,1,0,0.75
Nb2CO2,Li,3,2,5,adsorbate,adsorbate,1,1,6.746555080000007,7.345524311065674,0.5989692310656665,adsorbate:ads2,1,adsorbate:ads2,1,0.2,0.0,1,0,0.8
Nb2CO2,Mg,12,3,4,adsorbate,adsorbate,1,1,10.122309270000073,9.54129695892334,0.5810123110767336,adsorbate:ads2,1,adsorbate:ads2,1,0.25,0.0,1,0,0.75
Nb2CO2,Mn,25,4,5,adsorbate,adsorbate,1,1,2.7353476399999863,3.672430157661438,0.9370825176614517,adsorbate:ads2,1,adsorbate:ads2,1,0.2,0.0,1,0,0.8
Nb2CO2,N,7,2,3,adsorbate,adsorbate,1,1,1.5196373200000153,0.6131540536880493,0.906483266311966,adsorbate:ads2,1,adsorbate:ads2,1,0.3333333333333333,0.0,1,0,0.6666666666666667
Nb2CO2,Ni,28,4,3,adsorbate,adsorbate,1,1,6.100128980000024,7.336246967315674,1.2361179873156498,adsorbate:ads0,1,adsorbate:ads1,0,0.3333333333333333,0.6569487099999378,1,0,-0.3333333333333333
Nb2CO2,P,15,3,4,adsorbate,adsorbate,1,1,8.602352509999946,6.820339202880859,1.7820133071190867,adsorbate:ads1,1,adsorbate:ads0,0,0.25,0.25467950999996036,1,0,-0.25
Nb2CO2,Rh,45,5,4,adsorbate,adsorbate,1,1,7.011752239999964,8.023845195770264,1.0120929557702993,adsorbate:ads1,1,adsorbate:ads2,0,0.25,0.21127064999995948,1,0,-0.25
Nb2CO2,S,16,3,3,adsorbate,adsorbate,1,1,9.59164079999994,8.78773021697998,0.8039105830199595,adsorbate:ads2,1,adsorbate:ads0,0,0.3333333333333333,0.14719989999991867,1,0,-0.3333333333333333
Nb2CO2,Sc,21,4,4,adsorbate,adsorbate,1,1,8.975263329999963,9.231420040130615,0.2561567101306519,adsorbate:ads2,1,adsorbate:ads2,1,0.25,0.0,1,0,0.75
Nb2CO2,Si,14,3,4,adsorbate,adsorbate,1,1,8.673281269999961,7.768109560012817,0.9051717099871439,adsorbate:ads2,1,adsorbate:ads1,0,0.25,0.09972413000002689,1,0,-0.25
Nb2CO2,Ta,73,6,3,adsorbate,adsorbate,1,1,11.625860439999991,6.297111988067627,5.3287484519323645,adsorbate:ads0,1,adsorbate:ads0,1,0.3333333333333333,0.0,1,0,0.6666666666666667
Nb2CO2,Tc,43,5,3,adsorbate,adsorbate,1,1,6.525942509999934,6.997141361236572,0.47119885123663785,adsorbate:ads1,1,adsorbate:ads1,1,0.3333333333333333,0.0,1,0,0.6666666666666667
Nb2CO2,V,23,4,4,adsorbate,adsorbate,1,1,7.120632819999969,8.12318217754364,1.0025493575436712,adsorbate:ads2,1,adsorbate:ads2,1,0.25,0.0,1,0,0.75
Nb2CO2,W,74,6,3,adsorbate,adsorbate,1,1,6.668266730000032,4.727025032043457,1.941241697956575,adsorbate:ads0,1,adsorbate:ads0,1,0.3333333333333333,0.0,1,0,0.6666666666666667
Nb2CO2,Zn,30,4,4,adsorbate,adsorbate,1,1,8.470842240000026,9.061127543449402,0.5902853034493756,adsorbate:ads1,1,adsorbate:ads1,1,0.25,0.0,1,0,0.75
Nb2CO2,Zr,40,5,3,adsorbate,adsorbate,1,1,13.604435109999942,7.904254674911499,5.700180435088443,adsorbate:ads0,1,adsorbate:ads0,1,0.3333333333333333,0.0,1,0,0.6666666666666667
Nb4C3,Al,13,3,5,adsorbate,adsorbate,1,1,3.0607433400000446,7.938185453414917,4.877442113414872,adsorbate:ads2,1,adsorbate:ads2,1,0.2,0.0,1,0,0.8
Nb4C3,B,5,2,6,adsorbate,adsorbate,1,1,2.971220789999961,0.7485435009002686,2.2226772890996926,adsorbate:ads2,1,adsorbate:ads2,1,0.16666666666666666,0.0,1,0,0.8333333333333334
Nb4C3,Be,4,2,6,adsorbate,adsorbate,1,1,2.382469949999859,3.562819480895996,1.180349530896137,adsorbate:ads2,1,adsorbate:ads2,1,0.16666666666666666,0.0,1,0,0.8333333333333334
Nb4C3,Cl,17,3,4,adsorbate,adsorbate,1,1,15.567339680000034,14.905639171600342,0.6617005083996919,adsorbate:ads2,1,adsorbate:ads2,1,0.25,0.0,1,0,0.75
Nb4C3,Co,27,4,4,adsorbate,adsorbate,1,1,5.374392069999884,6.074806213378906,0.7004141433790219,adsorbate:ads2,1,adsorbate:ads2,1,0.25,0.0,1,0,0.75
Nb4C3,Cr,24,4,6,adsorbate,adsorbate,1,1,5.6817243699999835,5.927085280418396,0.24536091041841246,adsorbate:ads1,1,adsorbate:ads2,0,0.16666666666666666,0.7335688799998927,1,0,-0.16666666666666666
Nb4C3,Cu,29,4,5,adsorbate,adsorbate,1,1,4.265429359999871,7.389911651611328,3.124482291611457,adsorbate:ads2,1,adsorbate:ads2,1,0.2,0.0,1,0,0.8
Nb4C3,F,9,2,5,adsorbate,adsorbate,1,1,9.344512990000112,7.900245666503906,1.4442673234962058,adsorbate:ads2,1,adsorbate:ads2,1,0.2,0.0,1,0,0.8
Nb4C3,Fe,26,4,4,adsorbate,adsorbate,1,1,5.754682749999803,5.4022722244262695,0.35241052557353303,adsorbate:ads2,1,adsorbate:ads2,1,0.25,0.0,1,0,0.75
Nb4C3,H,1,1,6,adsorbate,adsorbate,1,1,3.2755599399999937,1.365973711013794,1.9095862289861998,adsorbate:ads2,1,adsorbate:ads1,0,0.16666666666666666,0.29713510999999926,1,0,-0.16666666666666666
Nb4C3,I,53,5,4,adsorbate,adsorbate,1,1,22.473705119999973,12.99312162399292,9.480583496007053,adsorbate:ads2,1,adsorbate:ads2,1,0.25,0.0,1,0,0.75
Nb4C3,K,19,4,4,adsorbate,adsorbate,1,1,17.652819440000027,15.086186408996582,2.5666330310034446,adsorbate:ads2,1,adsorbate:ads2,1,0.25,0.0,1,0,0.75
Nb4C3,Li,3,2,6,adsorbate,adsorbate,1,1,6.000447760000044,7.2471232414245605,1.246675481424517,adsorbate:ads2,1,adsorbate:ads2,1,0.16666666666666666,0.0,1,0,0.8333333333333334
Nb4C3,Mg,12,3,4,adsorbate,adsorbate,1,1,10.28397257000006,6.6609766483306885,3.6229959216693715,adsorbate:ads2,1,adsorbate:ads2,1,0.25,0.0,1,0,0.75
Nb4C3,Mn,25,4,5,adsorbate,adsorbate,1,1,6.119950089999976,6.4414225816726685,0.32147249167269276,adsorbate:ads2,1,adsorbate:ads2,1,0.2,0.0,1,0,0.8
Nb4C3,N,7,2,6,adsorbate,adsorbate,1,1,6.394594760000018,2.083075761795044,4.311518998204974,adsorbate:ads2,1,adsorbate:ads1,0,0.16666666666666666,0.3648643900000932,1,0,-0.16666666666666666
Nb4C3,Ni,28,4,4,adsorbate,adsorbate,1,1,6.07399147000001,5.838039040565491,0.23595242943451922,adsorbate:ads2,1,adsorbate:ads1,0,0.25,0.2361744199999976,1,0,-0.25
Nb4C3,O,8,2,5,adsorbate,adsorbate,1,1,8.479436480000004,9.550612926483154,1.0711764464831504,adsorbate:ads2,1,adsorbate:ads1,0,0.2,0.25300019000019347,1,0,-0.2
Nb4C3,P,15,3,4,adsorbate,adsorbate,1,1,11.394025840000038,11.515150547027588,0.1211247070275494,adsorbate:ads1,1,adsorbate:ads2,0,0.25,0.020222809999949964,1,0,-0.25
Nb4C3,S,16,3,4,adsorbate,adsorbate,1,1,13.579794589999892,13.067131996154785,0.512662593845107,adsorbate:ads2,1,adsorbate:ads2,1,0.25,0.0,1,0,0.75
Nb4C3,Si,14,3,4,adsorbate,adsorbate,1,1,9.810454700000037,9.759519338607788,0.050935361392248524,adsorbate:ads2,1,adsorbate:ads2,1,0.25,0.0,1,0,0.75
Nb4C3,Sr,38,5,4,adsorbate,adsorbate,1,1,18.155275770000117,11.64821743965149,6.507058330348627,adsorbate:ads2,1,adsorbate:ads2,1,0.25,0.0,1,0,0.75
Nb4C3,Te,52,5,5,adsorbate,adsorbate,1,1,19.840470900000128,12.166177749633789,7.6742931503663385,adsorbate:ads2,1,adsorbate:ads2,1,0.2,0.0,1,0,0.8
Nb4C3,V,23,4,4,adsorbate,adsorbate,1,1,7.224394580000082,7.066697120666504,0.15769745933357804,adsorbate:ads2,1,adsorbate:ads2,1,0.25,0.0,1,0,0.75
Nb4C3,Y,39,5,4,adsorbate,adsorbate,1,1,14.387529539999834,12.771950006484985,1.6155795335148486,adsorbate:ads1,1,adsorbate:ads2,0,0.25,0.02806426999995887,1,0,-0.25
NbS2,Ag,47,5,5,adsorbate,adsorbate,1,1,6.118506580000004,5.731392025947571,0.3871145540524328,adsorbate:ads2,1,adsorbate:ads2,1,0.2,0.0,1,0,0.8
NbS2,Al,13,3,6,adsorbate,adsorbate,1,1,4.001899580000014,3.8433194160461426,0.15858016395387153,adsorbate:ads2,1,adsorbate:ads2,1,0.16666666666666666,0.0,1,0,0.8333333333333334
NbS2,As,33,4,7,adsorbate,adsorbate,1,1,4.708990070000026,4.645853519439697,0.06313655056032896,adsorbate:ads1,1,adsorbate:ads1,1,0.14285714285714285,0.0,1,0,0.8571428571428572
NbS2,Au,79,6,6,adsorbate,adsorbate,1,1,5.767753519999986,5.119717001914978,0.6480365180850081,adsorbate:ads1,1,adsorbate:ads1,1,0.16666666666666666,0.0,1,0,0.8333333333333334
NbS2,B,5,2,8,interstitial,interstitial,1,1,-1.7401225100000204,-0.03865957260131836,1.701462937398702,interstitial:ads2,1,interstitial:ads2,1,0.125,0.0,0,1,0.875
NbS2,Ba,56,6,5,adsorbate,adsorbate,1,1,13.963159860000019,13.52617859840393,0.4369812615960882,adsorbate:ads2,1,adsorbate:ads2,1,0.2,0.0,1,0,0.8
NbS2,Be,4,2,8,adsorbate,adsorbate,1,1,3.863551760000007,2.6027822494506836,1.2607695105493235,adsorbate:ads2,1,adsorbate:ads2,1,0.125,0.0,1,0,0.875
NbS2,Br,35,4,8,adsorbate,adsorbate,1,1,6.905379219999986,6.953262567520142,0.04788334752015544,adsorbate:ads0,1,adsorbate:ads0,1,0.125,0.0,1,0,0.875
NbS2,C,6,2,8,interstitial,interstitial,1,1,-0.9897039299999899,-0.5508852005004883,0.4388187294995016,interstitial:int0,1,interstitial:int2,0,0.125,0.00019903000000454085,0,1,-0.125
NbS2,Ca,20,4,7,adsorbate,adsorbate,1,1,9.314261140000013,9.271957397460938,0.042303742539075984,adsorbate:ads2,1,adsorbate:ads2,1,0.14285714285714285,0.0,1,0,0.8571428571428572
NbS2,Cd,48,5,5,adsorbate,adsorbate,1,1,7.06590349999999,6.346517562866211,0.7193859371337794,adsorbate:ads2,1,adsorbate:ads2,1,0.2,0.0,1,0,0.8
NbS2,Cl,17,3,5,adsorbate,adsorbate,1,1,5.27639707999998,4.8393518924713135,0.4370451875286667,adsorbate:ads0,1,adsorbate:ads0,1,0.2,0.0,1,0,0.8
NbS2,Co,27,4,7,adsorbate,adsorbate,1,1,0.6352490699999864,1.813798189163208,1.1785491191632216,adsorbate:ads1,1,adsorbate:ads2,0,0.14285714285714285,3.38604989999999,1,0,-0.14285714285714285
NbS2,Cr,24,4,7,adsorbate,adsorbate,1,1,2.7907440399999928,1.896712303161621,0.8940317368383717,adsorbate:ads2,1,adsorbate:ads2,1,0.14285714285714285,0.0,1,0,0.8571428571428572
NbS2,Cs,55,6,4,adsorbate,adsorbate,1,1,15.144330189999977,14.002537250518799,1.1417929394811779,adsorbate:ads2,1,adsorbate:ads1,0,0.25,0.03454782999997974,1,0,-0.25
NbS2,Cu,29,4,7,adsorbate,adsorbate,1,1,3.654399640000008,3.385876417160034,0.26852322283997365,adsorbate:ads2,1,adsorbate:ads2,1,0.14285714285714285,0.0,1,0,0.8571428571428572
NbS2,F,9,2,7,adsorbate,adsorbate,1,1,0.6164597700000058,0.3897745609283447,0.22668520907166112,adsorbate:ads0,1,adsorbate:ads1,0,0.14285714285714285,0.7391964100000052,1,0,-0.14285714285714285
NbS2,Fe,26,4,7,adsorbate,adsorbate,1,1,2.262985020000002,1.7568936347961426,0.5060913852038595,adsorbate:ads2,1,adsorbate:ads2,1,0.14285714285714285,0.0,1,0,0.8571428571428572
NbS2,Ga,31,4,3,adsorbate,adsorbate,1,1,4.461879189999991,4.310510158538818,0.1513690314611722,adsorbate:ads0,1,adsorbate:ads0,1,0.3333333333333333,0.0,1,0,0.6666666666666667
NbS2,Ge,32,4,3,adsorbate,adsorbate,1,1,0.0349375999999778,1.3915526866912842,1.3566150866913065,adsorbate:ads1,1,adsorbate:ads1,1,0.3333333333333333,0.0,1,0,0.6666666666666667
NbS2,H,1,1,8,interstitial,adsorbate,1,0,-0.2960501200000181,0.936931848526001,1.232981968526019,interstitial:int4,1,adsorbate:ads0,0,0.125,0.2960501200000181,0,0,-0.125
NbS2,Hf,72,6,5,adsorbate,adsorbate,1,1,4.423194020000011,4.415842056274414,0.007351963725596988,adsorbate:ads1,1,adsorbate:ads1,1,0.2,0.0,1,0,0.8
NbS2,Hg,80,6,5,adsorbate,adsorbate,1,1,7.8645745500000155,8.741583585739136,0.8770090357391203,adsorbate:ads0,1,adsorbate:ads0,1,0.2,0.0,1,0,0.8
NbS2,I,53,5,5,adsorbate,adsorbate,1,1,8.842183479999987,8.691641807556152,0.15054167244383443,adsorbate:ads0,1,adsorbate:ads0,1,0.2,0.0,1,0,0.8
NbS2,Ir,77,6,5,adsorbate,adsorbate,1,1,1.7015283800000138,0.9916014671325684,0.7099269128674455,adsorbate:ads2,1,adsorbate:ads2,1,0.2,0.0,1,0,0.8
NbS2,K,19,4,6,adsorbate,adsorbate,1,1,11.06850069000001,11.575796604156494,0.5072959141564848,adsorbate:ads2,1,adsorbate:ads2,1,0.16666666666666666,0.0,1,0,0.8333333333333334
NbS2,Li,3,2,7,adsorbate,adsorbate,1,1,4.398778740000012,4.3926897048950195,0.0060890351049920355,adsorbate:ads2,1,adsorbate:ads2,1,0.14285714285714285,0.0,1,0,0.8571428571428572
NbS2,Lu,71,6,4,adsorbate,adsorbate,1,1,7.456430940000018,7.940736293792725,0.48430535379270623,adsorbate:ads1,1,adsorbate:ads1,1,0.25,0.0,1,0,0.75
NbS2,Mg,12,3,7,adsorbate,adsorbate,1,1,5.8482722300000205,5.026530027389526,0.8217422026104941,adsorbate:ads2,1,adsorbate:ads2,1,0.14285714285714285,0.0,1,0,0.8571428571428572
NbS2,Mn,25,4,6,adsorbate,adsorbate,1,1,2.5415895200000023,3.042753219604492,0.5011636996044899,adsorbate:ads2,1,adsorbate:ads2,1,0.16666666666666666,0.0,1,0,0.8333333333333334
NbS2,Mo,42,5,3,adsorbate,adsorbate,1,1,2.9668727799999886,2.6304643154144287,0.33640846458555984,adsorbate:ads2,1,adsorbate:ads2,1,0.3333333333333333,0.0,1,0,0.6666666666666667
NbS2,N,7,2,8,interstitial,interstitial,1,1,-0.6599861899999837,-0.3979954719543457,0.261990718045638,interstitial:int0,1,interstitial:int2,0,0.125,0.0533388799999841,0,1,-0.125
NbS2,Ni,28,4,7,adsorbate,adsorbate,1,1,0.2225428899999998,0.08733439445495605,0.13520849554504374,adsorbate:ads2,1,adsorbate:ads2,1,0.14285714285714285,0.0,1,0,0.8571428571428572
NbS2,O,8,2,6,adsorbate,interstitial,1,0,0.23188626000001022,-0.3076205253601074,0.5395067853601176,adsorbate:ads0,1,interstitial:int2,0,0.16666666666666666,0.5833582100000001,1,-1,-0.16666666666666666
NbS2,Os,76,6,5,adsorbate,adsorbate,1,1,0.9096349399999895,0.424593448638916,0.48504149136107344,adsorbate:ads2,1,adsorbate:ads1,0,0.2,0.943501559999989,1,0,-0.2
NbS2,P,15,3,7,adsorbate,adsorbate,1,1,3.250319829999995,2.518638849258423,0.7316809807415723,adsorbate:ads1,1,adsorbate:ads1,1,0.14285714285714285,0.0,1,0,0.8571428571428572
NbS2,Pb,82,6,4,adsorbate,adsorbate,1,1,10.143644750000021,8.615929126739502,1.5277156232605194,adsorbate:ads2,1,adsorbate:ads1,0,0.25,1.1383835500000146,1,0,-0.25
NbS2,Pd,46,5,4,adsorbate,adsorbate,1,1,9.678994700000004,10.417606830596924,0.7386121305969198,adsorbate:ads1,1,adsorbate:ads1,1,0.25,0.0,1,0,0.75
NbS2,Pt,78,6,6,adsorbate,adsorbate,1,1,3.475532490000007,3.7489261627197266,0.2733936727197195,adsorbate:ads1,1,adsorbate:ads1,1,0.16666666666666666,0.0,1,0,0.8333333333333334
NbS2,Rb,37,5,5,adsorbate,adsorbate,1,1,12.970837320000014,13.211544752120972,0.24070743212095813,adsorbate:ads2,1,adsorbate:ads1,0,0.2,0.046257920000016384,1,0,-0.2
NbS2,Re,75,6,5,adsorbate,adsorbate,1,1,0.13149386999998747,1.1251564025878906,0.9936625325879032,adsorbate:ads1,1,adsorbate:ads2,0,0.2,3.2715840600000083,1,0,-0.2
NbS2,Rh,45,5,7,adsorbate,adsorbate,1,1,2.334518970000005,2.3575632572174072,0.02304428721740237,adsorbate:ads1,1,adsorbate:ads1,1,0.14285714285714285,0.0,1,0,0.8571428571428572
NbS2,Ru,44,5,6,adsorbate,adsorbate,1,1,1.4378244000000102,1.7853286266326904,0.3475042266326802,adsorbate:ads2,1,adsorbate:ads2,1,0.16666666666666666,0.0,1,0,0.8333333333333334
NbS2,Sb,51,5,7,adsorbate,adsorbate,1,1,6.82125499,7.093671083450317,0.2724160934503175,adsorbate:ads1,1,adsorbate:ads1,1,0.14285714285714285,0.0,1,0,0.8571428571428572
NbS2,Sc,21,4,7,adsorbate,adsorbate,1,1,5.951596550000005,6.956733703613281,1.0051371536132763,adsorbate:ads2,1,adsorbate:ads2,1,0.14285714285714285,0.0,1,0,0.8571428571428572
NbS2,Se,34,4,5,adsorbate,adsorbate,1,1,4.351871279999983,4.616265296936035,0.2643940169360519,adsorbate:ads1,1,adsorbate:ads1,1,0.2,0.0,1,0,0.8
NbS2,Si,14,3,7,adsorbate,interstitial,1,0,0.20982753999999204,-0.03103184700012207,0.2408593870001141,adsorbate:ads2,1,interstitial:int2,0,0.14285714285714285,0.20982753999999204,1,-1,-0.14285714285714285
NbS2,Sr,38,5,4,adsorbate,adsorbate,1,1,11.51145323,11.980041027069092,0.46858779706909104,adsorbate:ads2,1,adsorbate:ads2,1,0.25,0.0,1,0,0.75
NbS2,Ta,73,6,5,adsorbate,adsorbate,1,1,2.4800687900000193,2.6705650091171265,0.19049621911710712,adsorbate:ads1,1,adsorbate:ads1,1,0.2,0.0,1,0,0.8
NbS2,Tc,43,5,6,adsorbate,adsorbate,1,1,0.7607353799999999,0.6585500240325928,0.10218535596740708,adsorbate:ads1,1,adsorbate:ads1,1,0.16666666666666666,0.0,1,0,0.8333333333333334
NbS2,Te,52,5,5,adsorbate,adsorbate,1,1,6.456956850000012,6.2652827501297,0.19167409987031192,adsorbate:ads1,1,adsorbate:ads0,0,0.2,0.060540540000005305,1,0,-0.2
NbS2,Tl,81,6,4,adsorbate,adsorbate,1,1,9.42194957000001,9.563731908798218,0.14178233879820823,adsorbate:ads2,1,adsorbate:ads2,1,0.25,0.0,1,0,0.75
NbS2,V,23,4,6,adsorbate,adsorbate,1,1,3.3124587599999984,2.8216731548309326,0.4907856051690658,adsorbate:ads2,1,adsorbate:ads2,1,0.16666666666666666,0.0,1,0,0.8333333333333334
NbS2,W,74,6,6,adsorbate,adsorbate,1,1,2.7225359200000137,0.5800137519836426,2.142522168016371,adsorbate:ads2,1,adsorbate:ads2,1,0.16666666666666666,0.0,1,0,0.8333333333333334
NbS2,Y,39,5,4,adsorbate,adsorbate,1,1,9.208389470000014,8.007564544677734,1.20082492532228,adsorbate:ads2,1,adsorbate:ads2,1,0.25,0.0,1,0,0.75
NbS2,Zn,30,4,7,adsorbate,adsorbate,1,1,4.5557776900000135,4.827380657196045,0.2716029671960314,adsorbate:ads2,1,adsorbate:ads1,0,0.14285714285714285,0.3011978899999974,1,0,-0.14285714285714285
NbS2,Zr,40,5,6,adsorbate,adsorbate,1,1,6.669551949999999,6.551715612411499,0.11783633758849987,adsorbate:ads2,1,adsorbate:ads2,1,0.16666666666666666,0.0,1,0,0.8333333333333334
NbSe2,Ag,47,5,6,adsorbate,adsorbate,1,1,4.292160319999994,3.4263123273849487,0.8658479926150449,adsorbate:ads2,1,adsorbate:ads1,0,0.16666666666666666,0.08466373999999632,1,0,-0.16666666666666666
NbSe2,Al,13,3,5,adsorbate,adsorbate,1,1,1.8484289799999942,2.7344295978546143,0.88600061785462,adsorbate:ads2,1,adsorbate:ads2,1,0.2,0.0,1,0,0.8
NbSe2,As,33,4,5,adsorbate,adsorbate,1,1,0.9429213900000095,1.1725460290908813,0.22962463909087183,adsorbate:ads2,1,adsorbate:ads2,1,0.2,0.0,1,0,0.8
NbSe2,Au,79,6,7,adsorbate,adsorbate,1,1,3.5197443799999935,3.0113027095794678,0.5084416704205257,adsorbate:ads1,1,adsorbate:ads1,1,0.14285714285714285,0.0,1,0,0.8571428571428572
NbSe2,B,5,2,5,interstitial,interstitial,1,1,-4.307852709999992,-3.0931166410446167,1.214736068955375,interstitial:ads2,1,interstitial:ads2,1,0.2,0.0,0,1,0.8
NbSe2,Ba,56,6,6,adsorbate,adsorbate,1,1,11.071314890000027,10.89401388168335,0.17730100831667706,adsorbate:ads2,1,adsorbate:ads1,0,0.16666666666666666,0.19239028000001213,1,0,-0.16666666666666666
NbSe2,Be,4,2,8,interstitial,adsorbate,1,0,-1.226766409999982,0.033331990242004395,1.2600984002419864,interstitial:ads2,1,adsorbate:ads1,0,0.125,1.226766409999982,0,0,-0.125
NbSe2,Br,35,4,6,adsorbate,adsorbate,1,1,5.088830229999985,4.598026275634766,0.4908039543652194,adsorbate:ads0,1,adsorbate:ads0,1,0.16666666666666666,0.0,1,0,0.8333333333333334
NbSe2,C,6,2,6,interstitial,interstitial,1,1,-3.982923580000005,-2.8498430252075195,1.1330805547924854,interstitial:int0,1,interstitial:int0,1,0.16666666666666666,0.0,0,1,0.8333333333333334
NbSe2,Ca,20,4,6,adsorbate,adsorbate,1,1,7.18664923999998,7.163255453109741,0.023393786890238744,adsorbate:ads2,1,adsorbate:ads2,1,0.16666666666666666,0.0,1,0,0.8333333333333334
NbSe2,Cd,48,5,7,adsorbate,adsorbate,1,1,4.798747840000004,4.5948805809021,0.2038672590979047,adsorbate:ads2,1,adsorbate:ads2,1,0.14285714285714285,0.0,1,0,0.8571428571428572
NbSe2,Cl,17,3,5,adsorbate,adsorbate,1,1,3.6039728899999943,3.0753912925720215,0.5285815974279728,adsorbate:ads0,1,adsorbate:ads0,1,0.2,0.0,1,0,0.8
NbSe2,Co,27,4,6,interstitial,adsorbate,1,0,-0.023908919999997114,0.04288911819458008,0.06679803819457719,interstitial:int4,1,adsorbate:ads1,0,0.16666666666666666,0.023908919999997114,0,0,-0.16666666666666666
NbSe2,Cr,24,4,6,adsorbate,adsorbate,1,1,1.2347558900000024,1.082438588142395,0.1523173018576074,adsorbate:ads2,1,adsorbate:ads2,1,0.16666666666666666,0.0,1,0,0.8333333333333334
NbSe2,Cs,55,6,6,adsorbate,adsorbate,1,1,12.416736449999975,13.371157884597778,0.954421434597803,adsorbate:ads2,1,adsorbate:ads1,0,0.16666666666666666,0.03080462999997824,1,0,-0.16666666666666666
NbSe2,Cu,29,4,7,adsorbate,adsorbate,1,1,1.8382775299999992,1.8602489233016968,0.021971393301697617,adsorbate:ads2,1,adsorbate:ads2,1,0.14285714285714285,0.0,1,0,0.8571428571428572
NbSe2,F,9,2,6,interstitial,interstitial,1,1,-0.19447458000001916,-0.02983856201171875,0.1646360179883004,interstitial:int3,1,interstitial:ads2,0,0.16666666666666666,0.025567060000014408,0,1,-0.16666666666666666
NbSe2,Fe,26,4,6,interstitial,adsorbate,1,0,-0.018361290000001418,1.3035888671875,1.3219501571875014,interstitial:int3,1,adsorbate:ads2,0,0.16666666666666666,0.19461018000001218,0,0,-0.16666666666666666
NbSe2,Ga,31,4,5,adsorbate,adsorbate,1,1,2.8849449600000128,3.3823726177215576,0.49742765772154485,adsorbate:ads1,1,adsorbate:ads1,1,0.2,0.0,1,0,0.8
NbSe2,H,1,1,7,interstitial,interstitial,1,1,-0.9281250399999976,-0.589432954788208,0.3386920852117896,interstitial:int4,1,interstitial:int0,0,0.14285714285714285,1.567131499999988,0,1,-0.14285714285714285
NbSe2,Hf,72,6,5,interstitial,interstitial,1,1,-0.8354906899999999,-0.7159240245819092,0.11956666541809069,interstitial:int0,1,interstitial:int3,0,0.2,0.3106483199999843,0,1,-0.2
NbSe2,Hg,80,6,6,adsorbate,adsorbate,1,1,5.7462626899999805,5.940674066543579,0.19441137654359864,adsorbate:ads2,1,adsorbate:ads0,0,0.16666666666666666,0.034980719999992915,1,0,-0.16666666666666666
NbSe2,I,53,5,6,adsorbate,adsorbate,1,1,6.631890060000017,6.753155708312988,0.12126564831297149,adsorbate:ads0,1,adsorbate:ads0,1,0.16666666666666666,0.0,1,0,0.8333333333333334
NbSe2,In,49,5,3,adsorbate,adsorbate,1,1,9.220344789999984,5.084536552429199,4.135808237570785,adsorbate:ads2,1,adsorbate:ads2,1,0.3333333333333333,0.0,1,0,0.6666666666666667
NbSe2,Ir,77,6,5,interstitial,interstitial,1,1,-2.6992297099999965,-2.3767759799957275,0.3224537300042689,interstitial:int3,1,interstitial:int4,0,0.2,1.2799999922208372e-06,0,1,-0.2
NbSe2,K,19,4,6,adsorbate,adsorbate,1,1,9.149321260000022,9.435890197753906,0.28656893775388426,adsorbate:ads2,1,adsorbate:ads2,1,0.16666666666666666,0.0,1,0,0.8333333333333334
NbSe2,Li,3,2,7,adsorbate,adsorbate,1,1,2.1055237900000066,2.053701162338257,0.05182262766174972,adsorbate:ads2,1,adsorbate:ads2,1,0.14285714285714285,0.0,1,0,0.8571428571428572
NbSe2,Lu,71,6,6,adsorbate,adsorbate,1,1,5.721146149999981,3.1451032161712646,2.5760429338287167,adsorbate:ads2,1,adsorbate:ads2,1,0.16666666666666666,0.0,1,0,0.8333333333333334
NbSe2,Mg,12,3,6,adsorbate,adsorbate,1,1,3.9922710499999994,3.5789639949798584,0.413307055020141,adsorbate:ads2,1,adsorbate:ads2,1,0.16666666666666666,0.0,1,0,0.8333333333333334
NbSe2,Mn,25,4,6,adsorbate,adsorbate,1,1,1.1342156300000001,1.2087781429290771,0.07456251292907701,adsorbate:ads2,1,adsorbate:ads2,1,0.16666666666666666,0.0,1,0,0.8333333333333334
NbSe2,Mo,42,5,5,adsorbate,adsorbate,1,1,0.8018510599999904,0.18232488632202148,0.6195261736779689,adsorbate:ads2,1,adsorbate:ads2,1,0.2,0.0,1,0,0.8
NbSe2,N,7,2,6,interstitial,interstitial,1,1,-3.05169251000001,-2.455851674079895,0.5958408359201148,interstitial:int0,1,interstitial:ads2,0,0.16666666666666666,0.6697514800000022,0,1,-0.16666666666666666
NbSe2,Ni,28,4,7,adsorbate,adsorbate,1,1,0.6048651600000023,0.882723331451416,0.27785817145141367,adsorbate:ads2,1,adsorbate:ads2,1,0.14285714285714285,0.0,1,0,0.8571428571428572
NbSe2,O,8,2,7,interstitial,interstitial,1,1,-1.167163979999998,-0.8221144676208496,0.3450495123791484,interstitial:int0,1,interstitial:int3,0,0.14285714285714285,0.2800403200000119,0,1,-0.14285714285714285
NbSe2,Os,76,6,3,interstitial,interstitial,1,1,-5.529640360000002,-3.3446764945983887,2.1849638654016132,interstitial:int4,1,interstitial:int4,1,0.3333333333333333,0.0,0,1,0.6666666666666667
NbSe2,P,15,3,6,adsorbate,adsorbate,1,1,0.22261505999998144,1.453173279762268,1.2305582197622866,adsorbate:ads1,1,adsorbate:ads2,0,0.16666666666666666,0.34681428999999775,1,0,-0.16666666666666666
NbSe2,Pb,82,6,5,adsorbate,adsorbate,1,1,6.039049839999991,6.821125030517578,0.7820751905175873,adsorbate:ads2,1,adsorbate:ads2,1,0.2,0.0,1,0,0.8
NbSe2,Pd,46,5,6,adsorbate,adsorbate,1,1,1.4090269600000056,1.6279842853546143,0.21895732535460866,adsorbate:ads1,1,adsorbate:ads1,1,0.16666666666666666,0.0,1,0,0.8333333333333334
NbSe2,Pt,78,6,7,adsorbate,adsorbate,1,1,0.12463037999998505,0.5448668003082275,0.4202364203082425,adsorbate:ads1,1,adsorbate:ads1,1,0.14285714285714285,0.0,1,0,0.8571428571428572
NbSe2,Rb,37,5,6,adsorbate,adsorbate,1,1,10.619611609999993,11.35303521156311,0.7334236015631177,adsorbate:ads2,1,adsorbate:ads1,0,0.16666666666666666,0.04627868000000035,1,0,-0.16666666666666666
NbSe2,Re,75,6,5,interstitial,interstitial,1,1,-1.7079736999999966,-2.5245885848999023,0.8166148848999057,interstitial:int3,1,interstitial:int4,0,0.2,0.08284263999999553,0,1,-0.2
NbSe2,Rh,45,5,6,interstitial,adsorbate,1,0,-0.2754086099999986,0.2686241865158081,0.5440327965158067,interstitial:int3,1,adsorbate:ads2,0,0.16666666666666666,0.4346080199999838,0,0,-0.16666666666666666
NbSe2,Ru,44,5,5,interstitial,interstitial,1,1,-0.4353581500000132,-0.826164960861206,0.39080681086119284,interstitial:int0,1,interstitial:int3,0,0.2,0.30721271000001593,0,1,-0.2
NbSe2,S,16,3,6,adsorbate,adsorbate,1,1,1.0043834899999806,0.9701520204544067,0.03423146954557388,adsorbate:ads0,1,adsorbate:ads0,1,0.16666666666666666,0.0,1,0,0.8333333333333334
NbSe2,Sb,51,5,5,adsorbate,adsorbate,1,1,4.17645268999999,3.740815043449402,0.435637646550588,adsorbate:ads1,1,adsorbate:ads1,1,0.2,0.0,1,0,0.8
NbSe2,Sc,21,4,7,adsorbate,adsorbate,1,1,4.653433679999978,4.380527496337891,0.2729061836620872,adsorbate:ads2,1,adsorbate:ads2,1,0.14285714285714285,0.0,1,0,0.8571428571428572
NbSe2,Si,14,3,6,adsorbate,adsorbate,1,1,1.2021416999999985,0.7722505331039429,0.42989116689605567,adsorbate:ads2,1,adsorbate:ads2,1,0.16666666666666666,0.0,1,0,0.8333333333333334
NbSe2,Sr,38,5,5,adsorbate,adsorbate,1,1,9.060914210000021,8.872581005096436,0.18833320490358574,adsorbate:ads2,1,adsorbate:ads2,1,0.2,0.0,1,0,0.8
NbSe2,Ta,73,6,4,interstitial,interstitial,1,1,-2.3812497400000163,-3.7242698669433594,1.343020126943343,interstitial:int4,1,interstitial:int4,1,0.25,0.0,0,1,0.75
NbSe2,Tc,43,5,5,interstitial,interstitial,1,1,-1.010918810000021,-0.6501269340515137,0.36079187594850737,interstitial:int3,1,interstitial:int3,1,0.2,0.0,0,1,0.8
NbSe2,Te,52,5,6,adsorbate,adsorbate,1,1,3.9967712300000073,4.100651860237122,0.10388063023711425,adsorbate:ads0,1,adsorbate:ads0,1,0.16666666666666666,0.0,1,0,0.8333333333333334
NbSe2,Ti,22,4,5,adsorbate,adsorbate,1,1,3.104707520000005,3.0495842695236206,0.055123250476384555,adsorbate:ads2,1,adsorbate:ads2,1,0.2,0.0,1,0,0.8
NbSe2,Tl,81,6,6,adsorbate,adsorbate,1,1,6.865397649999976,7.783025026321411,0.9176273763214349,adsorbate:ads2,1,adsorbate:ads1,0,0.16666666666666666,0.011697699999984934,1,0,-0.16666666666666666
NbSe2,V,23,4,6,adsorbate,adsorbate,1,1,1.1793804600000044,0.8335964679718018,0.34578399202820265,adsorbate:ads2,1,adsorbate:ads2,1,0.16666666666666666,0.0,1,0,0.8333333333333334
NbSe2,W,74,6,7,interstitial,interstitial,1,1,-0.7438447499999943,-2.3713154792785645,1.6274707292785702,interstitial:int0,1,interstitial:int4,0,0.14285714285714285,0.12509277999998858,0,1,-0.14285714285714285
NbSe2,Xe,54,5,6,adsorbate,adsorbate,1,1,11.640120209999994,7.480504989624023,4.15961522037597,adsorbate:ads2,1,adsorbate:ads0,0,0.16666666666666666,0.016321349999998302,1,0,-0.16666666666666666
NbSe2,Y,39,5,7,adsorbate,adsorbate,1,1,5.598257799999999,5.036959409713745,0.5612983902862538,adsorbate:ads1,1,adsorbate:ads2,0,0.14285714285714285,5.021279990000012,1,0,-0.14285714285714285
NbSe2,Zn,30,4,6,adsorbate,adsorbate,1,1,2.6056149199999936,3.218097448348999,0.6124825283490054,adsorbate:ads2,1,adsorbate:ads2,1,0.16666666666666666,0.0,1,0,0.8333333333333334
NbSe2,Zr,40,5,6,adsorbate,adsorbate,1,1,3.7412563999999975,4.181702613830566,0.4404462138305689,adsorbate:ads2,1,adsorbate:ads2,1,0.16666666666666666,0.0,1,0,0.8333333333333334
NiSe2,Ag,47,5,5,adsorbate,adsorbate,1,1,0.2523622900000082,0.03219163417816162,0.22017065582184658,adsorbate:ads2,1,adsorbate:ads2,1,0.2,0.0,1,0,0.8
NiSe2,Al,13,3,4,interstitial,adsorbate,1,0,-0.43453572999999324,1.304709553718567,1.7392452837185601,interstitial:int2,1,adsorbate:ads2,0,0.25,0.46370550999999693,0,0,-0.25
NiSe2,As,33,4,4,adsorbate,adsorbate,1,1,2.79500917,2.507158398628235,0.2878507713717653,adsorbate:ads2,1,adsorbate:ads1,0,0.25,0.06166731000000425,1,0,-0.25
NiSe2,Au,79,6,4,adsorbate,interstitial,1,0,0.3581434099999963,-0.08372664451599121,0.4418700545159875,adsorbate:ads0,1,interstitial:int2,0,0.25,0.3581434099999963,1,-1,-0.25
NiSe2,B,5,2,5,interstitial,interstitial,1,1,-0.3628790300000022,-0.19180893898010254,0.17107009101989967,interstitial:int2,1,interstitial:ads2,0,0.2,0.011262229999999818,0,1,-0.2
NiSe2,Be,4,2,5,interstitial,adsorbate,1,0,-0.6680945000000095,0.36466288566589355,1.032757385665903,interstitial:int2,1,adsorbate:ads2,0,0.2,0.6680945000000095,0,0,-0.2
NiSe2,Br,35,4,4,adsorbate,adsorbate,1,1,3.8390840099999943,2.807826519012451,1.0312574909875432,adsorbate:ads0,1,adsorbate:ads0,1,0.25,0.0,1,0,0.75
NiSe2,C,6,2,5,adsorbate,adsorbate,1,1,0.9455155299999944,0.3305220603942871,0.6149934696057073,adsorbate:ads1,1,adsorbate:ads1,1,0.2,0.0,1,0,0.8
NiSe2,Ca,20,4,5,adsorbate,adsorbate,1,1,0.863784620000004,0.7180593013763428,0.14572531862366123,adsorbate:ads2,1,adsorbate:int2,0,0.2,1.0949821700000086,1,0,-0.2
NiSe2,Cd,48,5,5,adsorbate,adsorbate,1,1,1.2512746400000059,0.5891339778900146,0.6621406621099912,adsorbate:ads1,1,adsorbate:ads2,0,0.2,0.07237834999999393,1,0,-0.2
NiSe2,Co,27,4,4,interstitial,interstitial,1,1,-1.4635368800000068,-1.373469591140747,0.09006728885925974,interstitial:int2,1,interstitial:int2,1,0.25,0.0,0,1,0.75
NiSe2,Cr,24,4,5,interstitial,interstitial,1,1,-1.5381326299999927,-1.0128966569900513,0.5252359730099414,interstitial:int2,1,interstitial:int2,1,0.2,0.0,0,1,0.8
NiSe2,Cu,29,4,4,adsorbate,interstitial,1,0,0.08581268999999758,-0.6200792789459229,0.7058919689459204,adsorbate:ads2,1,interstitial:int2,0,0.25,0.08581268999999758,1,-1,-0.25
NiSe2,F,9,2,6,adsorbate,adsorbate,1,1,2.5712552399999993,1.6963164806365967,0.8749387593634026,adsorbate:ads0,1,adsorbate:ads0,1,0.16666666666666666,0.0,1,0,0.8333333333333334
NiSe2,Fe,26,4,3,interstitial,interstitial,1,1,-2.2057847700000086,-1.8809220790863037,0.3248626909137049,interstitial:int2,1,interstitial:int2,1,0.3333333333333333,0.0,0,1,0.6666666666666667
NiSe2,Ga,31,4,2,adsorbate,adsorbate,1,1,1.2779196799999963,0.8867826461791992,0.3911370338207971,adsorbate:ads0,1,adsorbate:ads0,1,0.5,0.0,1,0,0.5
NiSe2,Ge,32,4,5,adsorbate,adsorbate,1,1,1.4850004299999995,1.1119699478149414,0.3730304821850581,adsorbate:ads2,1,adsorbate:ads2,1,0.2,0.0,1,0,0.8
NiSe2,H,1,1,6,interstitial,adsorbate,1,0,-0.08506694999999809,1.0994690656661987,1.1845360156661968,interstitial:int1,1,adsorbate:ads0,0,0.16666666666666666,0.08506694999999809,0,0,-0.16666666666666666
NiSe2,Hf,72,6,3,interstitial,interstitial,1,1,-2.4866419400000126,-2.591245412826538,0.10460347282652549,interstitial:int2,1,interstitial:int2,1,0.3333333333333333,0.0,0,1,0.6666666666666667
NiSe2,Hg,80,6,4,adsorbate,adsorbate,1,1,1.4716017000000077,2.819895029067993,1.3482933290679855,adsorbate:ads1,1,adsorbate:ads1,1,0.25,0.0,1,0,0.75
NiSe2,I,53,5,4,adsorbate,adsorbate,1,1,3.698190909999994,4.714242219924927,1.0160513099249329,adsorbate:ads0,1,adsorbate:ads1,0,0.25,0.0391727599999995,1,0,-0.25
NiSe2,Ir,77,6,4,interstitial,interstitial,1,1,-1.381719620000013,-1.4751149415969849,0.09339532159697184,interstitial:int2,1,interstitial:int2,1,0.25,0.0,0,1,0.75
NiSe2,K,19,4,5,adsorbate,adsorbate,1,1,3.658856450000002,3.710052013397217,0.05119556339721498,adsorbate:ads2,1,adsorbate:ads2,1,0.2,0.0,1,0,0.8
NiSe2,Li,3,2,5,adsorbate,adsorbate,1,1,1.9472175500000048,1.4621429443359375,0.48507460566406735,adsorbate:ads2,1,adsorbate:int2,0,0.2,0.5026008800000029,1,0,-0.2
NiSe2,Lu,71,6,4,interstitial,interstitial,1,1,-1.9064727899999951,-1.020726203918457,0.8857465860815381,interstitial:int0,1,interstitial:int0,1,0.25,0.0,0,1,0.75
NiSe2,Mg,12,3,5,adsorbate,interstitial,1,0,0.3302566499999955,-0.38171839714050293,0.7119750471404984,adsorbate:ads2,1,interstitial:int2,0,0.2,0.3302566499999955,1,-1,-0.2
NiSe2,Mn,25,4,4,interstitial,interstitial,1,1,-1.8695009599999963,-1.978950023651123,0.10944906365112672,interstitial:int2,1,interstitial:int2,1,0.25,0.0,0,1,0.75
NiSe2,Mo,42,5,4,interstitial,interstitial,1,1,-2.4806629200000003,-1.679027795791626,0.8016351242083744,interstitial:int2,1,interstitial:int2,1,0.25,0.0,0,1,0.75
NiSe2,N,7,2,5,adsorbate,adsorbate,1,1,0.5560547399999924,1.179567575454712,0.6235128354547195,adsorbate:ads0,1,adsorbate:ads1,0,0.2,0.008560319999999955,1,0,-0.2
NiSe2,Nb,41,5,3,interstitial,interstitial,1,1,-3.1504241800000017,-3.1936662197113037,0.04324203971130203,interstitial:int2,1,interstitial:int2,1,0.3333333333333333,0.0,0,1,0.6666666666666667
NiSe2,O,8,2,5,adsorbate,adsorbate,1,1,2.608963039999992,2.5581084489822388,0.05085459101775314,adsorbate:ads0,1,adsorbate:ads0,1,0.2,0.0,1,0,0.8
NiSe2,Os,76,6,3,interstitial,interstitial,1,1,-2.438229050000017,-1.7826900482177734,0.6555390017822438,interstitial:int2,1,interstitial:int2,1,0.3333333333333333,0.0,0,1,0.6666666666666667
NiSe2,P,15,3,5,adsorbate,adsorbate,1,1,2.0947378799999967,1.4812918901443481,0.6134459898556486,adsorbate:ads2,1,adsorbate:ads1,0,0.2,0.9662644299999956,1,0,-0.2
NiSe2,Pb,82,6,4,adsorbate,adsorbate,1,1,1.5928685100000024,0.7863080501556396,0.8065604598443628,adsorbate:ads2,1,adsorbate:ads2,1,0.25,0.0,1,0,0.75
NiSe2,Pd,46,5,5,interstitial,interstitial,1,1,-0.09384959000000515,-0.3144950866699219,0.22064549666991673,interstitial:int2,1,interstitial:int2,1,0.2,0.0,0,1,0.8
NiSe2,Pt,78,6,5,interstitial,interstitial,1,1,-0.5139547100000068,-0.6472041606903076,0.1332494506903008,interstitial:int2,1,interstitial:int2,1,0.2,0.0,0,1,0.8
NiSe2,Rb,37,5,5,adsorbate,adsorbate,1,1,5.711333539999998,7.232568025588989,1.521234485588991,adsorbate:ads2,1,adsorbate:ads2,1,0.2,0.0,1,0,0.8
NiSe2,Re,75,6,3,interstitial,interstitial,1,1,-3.0150909900000045,-2.459107756614685,0.5559832333853194,interstitial:int2,1,interstitial:int2,1,0.3333333333333333,0.0,0,1,0.6666666666666667
NiSe2,Rh,45,5,4,interstitial,interstitial,1,1,-1.2573727199999922,-1.2419064044952393,0.01546631550475297,interstitial:int2,1,interstitial:int2,1,0.25,0.0,0,1,0.75
NiSe2,Ru,44,5,5,interstitial,interstitial,1,1,-1.7110582300000061,-2.2259023189544678,0.5148440889544617,interstitial:int2,1,interstitial:int2,1,0.2,0.0,0,1,0.8
NiSe2,S,16,3,5,adsorbate,adsorbate,1,1,3.52260213999999,2.961881399154663,0.5607207408453267,adsorbate:ads1,1,adsorbate:ads0,0,0.2,0.3388749799999998,1,0,-0.2
NiSe2,Sb,51,5,4,adsorbate,adsorbate,1,1,2.144984919999999,2.015769124031067,0.12921579596893196,adsorbate:ads2,1,adsorbate:ads2,1,0.25,0.0,1,0,0.75
NiSe2,Sc,21,4,5,interstitial,adsorbate,1,0,-5.669630550000007,0.5766212940216064,6.2462518440216135,interstitial:int0,1,adsorbate:ads2,0,0.2,5.669630550000007,0,0,-0.2
NiSe2,Si,14,3,3,adsorbate,adsorbate,1,1,0.20914170999999726,0.33419978618621826,0.125058076186221,adsorbate:ads1,1,adsorbate:ads1,1,0.3333333333333333,0.0,1,0,0.6666666666666667
NiSe2,Sr,38,5,5,adsorbate,adsorbate,1,1,3.6818684699999973,4.750807762145996,1.0689392921459988,adsorbate:int2,1,adsorbate:ads2,0,0.2,0.6312988600000009,1,0,-0.2
NiSe2,Ta,73,6,3,adsorbate,interstitial,1,0,2.293129129999997,-4.15791654586792,6.451045675867917,adsorbate:ads1,1,interstitial:int2,0,0.3333333333333333,2.293129129999997,1,-1,-0.3333333333333333
NiSe2,Tc,43,5,4,interstitial,interstitial,1,1,-2.499191709999991,-2.4292492866516113,0.06994242334837963,interstitial:int2,1,interstitial:int2,1,0.25,0.0,0,1,0.75
NiSe2,Te,52,5,4,adsorbate,adsorbate,1,1,2.63310756,1.6255075931549072,1.0075999668450928,adsorbate:ads1,1,adsorbate:ads0,0,0.25,0.5000297899999993,1,0,-0.25
NiSe2,Ti,22,4,4,interstitial,interstitial,1,1,-2.2340928899999994,-1.9409741163253784,0.293118773674621,interstitial:int2,1,interstitial:int0,0,0.25,0.1098553199999941,0,1,-0.25
NiSe2,Tl,81,6,4,adsorbate,adsorbate,1,1,2.004617390000007,2.183842658996582,0.17922526899657498,adsorbate:ads1,1,adsorbate:ads2,0,0.25,0.048602690000009885,1,0,-0.25
NiSe2,V,23,4,4,interstitial,interstitial,1,1,-2.676040240000006,-2.2176170349121094,0.4584232050878967,interstitial:int2,1,interstitial:int2,1,0.25,0.0,0,1,0.75
NiSe2,W,74,6,3,interstitial,interstitial,1,1,-4.157973779999992,-3.403569459915161,0.7544043200848307,interstitial:int2,1,interstitial:int2,1,0.3333333333333333,0.0,0,1,0.6666666666666667
NiSe2,Y,39,5,4,interstitial,interstitial,1,1,-0.3405704599999951,-1.26499605178833,0.924425591788335,interstitial:int2,1,interstitial:int2,1,0.25,0.0,0,1,0.75
NiSe2,Zn,30,4,3,adsorbate,adsorbate,1,1,0.5219327000000079,0.7489850521087646,0.22705235210875674,adsorbate:ads1,1,adsorbate:ads1,1,0.3333333333333333,0.0,1,0,0.6666666666666667
NiSe2,Zr,40,5,3,interstitial,interstitial,1,1,-2.19988051,-2.491438865661621,0.29155835566162125,interstitial:int2,1,interstitial:int2,1,0.3333333333333333,0.0,0,1,0.6666666666666667
P4,Ag,47,5,3,adsorbate,adsorbate,1,1,1.7710624100000132,1.8396867513656616,0.06862434136564843,adsorbate:ads1,1,adsorbate:ads1,1,0.3333333333333333,0.0,1,0,0.6666666666666667
P4,Al,13,3,3,interstitial,adsorbate,1,0,-0.18026525999999876,0.37245452404022217,0.5527197840402209,interstitial:int1,1,adsorbate:ads1,0,0.3333333333333333,0.18026525999999876,0,0,-0.3333333333333333
P4,As,33,4,3,adsorbate,adsorbate,1,1,0.3667175299999599,0.2893385887145996,0.07737894128536027,adsorbate:ads0,1,adsorbate:ads1,0,0.3333333333333333,0.3612808500000142,1,0,-0.3333333333333333
P4,Au,79,6,3,adsorbate,adsorbate,1,1,1.9556046900000297,1.7750582695007324,0.18054642049929726,adsorbate:ads1,1,adsorbate:ads1,1,0.3333333333333333,0.0,1,0,0.6666666666666667
P4,B,5,2,4,interstitial,interstitial,1,1,-0.48307002000001376,-0.1333613395690918,0.34970868043092196,interstitial:int1,1,interstitial:int1,1,0.25,0.0,0,1,0.75
P4,Be,4,2,4,adsorbate,interstitial,1,0,0.10487385999999832,-0.04566800594329834,0.15054186594329666,adsorbate:ads1,1,interstitial:int0,0,0.25,0.7677587800000083,1,-1,-0.25
P4,C,6,2,3,adsorbate,interstitial,1,0,0.17210264000004738,-0.8204455375671387,0.992548177567186,adsorbate:ads1,1,interstitial:int0,0,0.3333333333333333,0.17210264000004738,1,-1,-0.3333333333333333
P4,Ca,20,4,3,interstitial,adsorbate,1,0,-0.37476455000000897,0.19765567779541016,0.5724202277954191,interstitial:int1,1,adsorbate:ads1,0,0.3333333333333333,0.37476455000000897,0,0,-0.3333333333333333
P4,Cd,48,5,3,adsorbate,adsorbate,1,1,2.40736099999998,1.830848217010498,0.5765127829894818,adsorbate:ads1,1,adsorbate:ads1,1,0.3333333333333333,0.0,1,0,0.6666666666666667
P4,Co,27,4,3,interstitial,adsorbate,1,0,-0.6737291700000014,0.04000675678253174,0.7137359267825332,interstitial:int1,1,adsorbate:ads1,0,0.3333333333333333,0.6737291700000014,0,0,-0.3333333333333333
P4,Cr,24,4,3,interstitial,interstitial,1,1,-1.8036925399999855,-0.16684961318969727,1.6368429268102882,interstitial:int1,1,interstitial:int1,1,0.3333333333333333,0.0,0,1,0.6666666666666667
P4,Cu,29,4,3,adsorbate,adsorbate,1,1,0.08099329999998783,0.10290384292602539,0.021910542926037557,adsorbate:ads1,1,adsorbate:ads1,1,0.3333333333333333,0.0,1,0,0.6666666666666667
P4,Fe,26,4,3,interstitial,interstitial,1,1,-0.07104959999998073,-1.1152515411376953,1.0442019411377146,interstitial:int1,1,interstitial:int1,1,0.3333333333333333,0.0,0,1,0.6666666666666667
P4,H,1,1,4,adsorbate,adsorbate,1,1,1.5521650700000005,1.199178695678711,0.35298637432128954,adsorbate:ads0,1,adsorbate:ads0,1,0.25,0.0,1,0,0.75
P4,Hf,72,6,3,interstitial,interstitial,1,1,-2.172918809999999,-1.4975565671920776,0.6753622428079216,interstitial:int1,1,interstitial:int1,1,0.3333333333333333,0.0,0,1,0.6666666666666667
P4,In,49,5,2,adsorbate,adsorbate,1,1,3.5354765100000236,0.6813368797302246,2.854139630269799,adsorbate:ads1,1,adsorbate:ads1,1,0.5,0.0,1,0,0.5
P4,Li,3,2,4,adsorbate,adsorbate,1,1,1.0177733100000523,0.19847846031188965,0.8192948496881627,adsorbate:ads1,1,adsorbate:ads1,1,0.25,0.0,1,0,0.75
P4,Lu,71,6,3,interstitial,interstitial,1,1,-0.6446068399999945,-0.1732466220855713,0.4713602179144232,interstitial:int1,1,interstitial:int1,1,0.3333333333333333,0.0,0,1,0.6666666666666667
P4,Mg,12,3,3,adsorbate,adsorbate,1,1,1.3690633100000014,1.291581630706787,0.07748167929321426,adsorbate:ads1,1,adsorbate:ads1,1,0.3333333333333333,0.0,1,0,0.6666666666666667
P4,Mn,25,4,3,interstitial,interstitial,1,1,-0.30948305000003984,-1.3854409456253052,1.0759578956252653,interstitial:int1,1,interstitial:int1,1,0.3333333333333333,0.0,0,1,0.6666666666666667
P4,Mo,42,5,2,interstitial,interstitial,1,1,-4.026277480000034,-2.4334821701049805,1.5927953098950534,interstitial:int1,1,interstitial:int1,1,0.5,0.0,0,1,0.5
P4,Nb,41,5,3,interstitial,interstitial,1,1,-1.7312963499999798,-1.2427617311477661,0.4885346188522137,interstitial:int1,1,interstitial:int1,1,0.3333333333333333,0.0,0,1,0.6666666666666667
P4,Ni,28,4,3,adsorbate,interstitial,1,0,0.208349730000009,-0.3041619062423706,0.5125116362423796,adsorbate:ads1,1,interstitial:int1,0,0.3333333333333333,0.208349730000009,1,-1,-0.3333333333333333
P4,O,8,2,4,adsorbate,adsorbate,1,1,2.588379400000009,0.09227132797241211,2.4961080720275968,adsorbate:ads0,1,adsorbate:ads0,1,0.25,0.0,1,0,0.75
P4,Os,76,6,2,interstitial,interstitial,1,1,-1.8169456900000114,-0.5979058742523193,1.219039815747692,interstitial:int1,1,interstitial:int1,1,0.5,0.0,0,1,0.5
P4,Pd,46,5,3,adsorbate,adsorbate,1,1,1.2406352099999935,1.4218882322311401,0.1812530222311466,adsorbate:ads1,1,adsorbate:ads1,1,0.3333333333333333,0.0,1,0,0.6666666666666667
P4,Re,75,6,3,interstitial,interstitial,1,1,-1.9400306100000078,-0.9152059555053711,1.0248246544946367,interstitial:int1,1,interstitial:int1,1,0.3333333333333333,0.0,0,1,0.6666666666666667
P4,Rh,45,5,3,adsorbate,adsorbate,1,1,0.4193679999999629,0.22997581958770752,0.18939218041225536,adsorbate:ads1,1,adsorbate:ads1,1,0.3333333333333333,0.0,1,0,0.6666666666666667
P4,Ru,44,5,3,interstitial,interstitial,1,1,-1.1973690099999885,-0.4344562292098999,0.7629127807900886,interstitial:int1,1,interstitial:int1,1,0.3333333333333333,0.0,0,1,0.6666666666666667
P4,S,16,3,3,adsorbate,adsorbate,1,1,3.8726237700000183,2.0259989500045776,1.8466248199954407,adsorbate:ads0,1,adsorbate:ads0,1,0.3333333333333333,0.0,1,0,0.6666666666666667
P4,Sb,51,5,3,adsorbate,adsorbate,1,1,1.7139769099999862,0.9602081775665283,0.7537687324334579,adsorbate:ads0,1,adsorbate:ads0,1,0.3333333333333333,0.0,1,0,0.6666666666666667
P4,Sc,21,4,3,interstitial,interstitial,1,1,-0.45528706999999713,-1.078665852546692,0.6233787825466948,interstitial:int1,1,interstitial:int1,1,0.3333333333333333,0.0,0,1,0.6666666666666667
P4,Se,34,4,3,adsorbate,adsorbate,1,1,0.471244390000038,1.1379398107528687,0.6666954207528306,adsorbate:ads0,1,adsorbate:ads0,1,0.3333333333333333,0.0,1,0,0.6666666666666667
P4,Si,14,3,3,adsorbate,adsorbate,1,1,0.04348363999997673,0.7352931499481201,0.6918095099481434,adsorbate:ads1,1,adsorbate:ads1,1,0.3333333333333333,0.0,1,0,0.6666666666666667
P4,Sn,50,5,3,interstitial,adsorbate,1,0,-0.007089949999965706,0.7265748977661133,0.733664847766079,interstitial:int1,1,adsorbate:ads1,0,0.3333333333333333,0.007089949999965706,0,0,-0.3333333333333333
P4,Sr,38,5,3,interstitial,interstitial,1,1,-0.21913468999997582,-0.16106772422790527,0.058066965772070545,interstitial:int1,1,interstitial:int1,1,0.3333333333333333,0.0,0,1,0.6666666666666667
P4,Ta,73,6,3,interstitial,interstitial,1,1,-0.7432471300000434,-1.6523749828338623,0.9091278528338189,interstitial:int1,1,interstitial:int1,1,0.3333333333333333,0.0,0,1,0.6666666666666667
P4,Tc,43,5,3,interstitial,interstitial,1,1,-1.2770650699999921,-0.749577522277832,0.5274875477221601,interstitial:int1,1,interstitial:int1,1,0.3333333333333333,0.0,0,1,0.6666666666666667
P4,Ti,22,4,3,interstitial,interstitial,1,1,-1.772045280000043,-1.3517506122589111,0.4202946677411319,interstitial:int1,1,interstitial:int1,1,0.3333333333333333,0.0,0,1,0.6666666666666667
P4,V,23,4,3,interstitial,interstitial,1,1,-0.6333425000000261,-1.1560075283050537,0.5226650283050276,interstitial:int1,1,interstitial:int1,1,0.3333333333333333,0.0,0,1,0.6666666666666667
P4,W,74,6,3,interstitial,interstitial,1,1,-0.42202757000001156,-1.4454996585845947,1.0234720885845832,interstitial:int1,1,interstitial:int1,1,0.3333333333333333,0.0,0,1,0.6666666666666667
P4,Y,39,5,3,interstitial,interstitial,1,1,-0.6787319399999774,-0.7266309261322021,0.04789898613222476,interstitial:int1,1,interstitial:int1,1,0.3333333333333333,0.0,0,1,0.6666666666666667
P4,Zn,30,4,3,adsorbate,adsorbate,1,1,1.8922053699999988,1.5773407220840454,0.31486464791595337,adsorbate:ads1,1,adsorbate:ads1,1,0.3333333333333333,0.0,1,0,0.6666666666666667
P4,Zr,40,5,3,interstitial,interstitial,1,1,-1.5399830400000383,-1.9134535789489746,0.37347053894893634,interstitial:int1,1,interstitial:int1,1,0.3333333333333333,0.0,0,1,0.6666666666666667
PbI2,Au,79,6,3,interstitial,adsorbate,1,0,-0.30889013000000887,0.24029088020324707,0.5491810102032559,interstitial:int0,1,adsorbate:ads2,0,0.3333333333333333,0.30889013000000887,0,0,-0.3333333333333333
PbI2,Cl,17,3,3,interstitial,interstitial,1,1,-0.2747559900000027,-0.6062225103378296,0.33146652033782686,interstitial:int1,1,interstitial:int2,0,0.3333333333333333,0.9097472899999985,0,1,-0.3333333333333333
PbI2,Lu,71,6,5,interstitial,interstitial,1,1,-1.0592817900000002,-1.188462734222412,0.1291809442224119,interstitial:int2,1,interstitial:int2,1,0.2,0.0,0,1,0.8
PbI2,Na,11,3,2,adsorbate,adsorbate,1,1,0.8651775799999939,0.7335593700408936,0.13161820995910034,adsorbate:ads0,1,adsorbate:ads0,1,0.5,0.0,1,0,0.5
PbI2,Nb,41,5,2,interstitial,adsorbate,1,0,-0.5666811700000096,0.34914612770080566,0.9158272977008153,interstitial:int0,1,adsorbate:ads1,0,0.5,0.5666811700000096,0,0,-0.5
PbI2,O,8,2,5,adsorbate,interstitial,1,0,0.01736578000000577,-1.1057024002075195,1.1230681802075253,adsorbate:ads0,1,interstitial:int1,0,0.2,0.01736578000000577,1,-1,-0.2
PbI2,Pt,78,6,2,interstitial,interstitial,1,1,-1.9723128599999882,-3.372211456298828,1.39989859629884,interstitial:int0,1,interstitial:int0,1,0.5,0.0,0,1,0.5
PbI2,Re,75,6,5,interstitial,interstitial,1,1,-1.8004890400000022,-1.3663358688354492,0.434153171164553,interstitial:int2,1,interstitial:int2,1,0.2,0.0,0,1,0.8
PbI2,S,16,3,3,interstitial,interstitial,1,1,-1.0854016800000041,-0.3891969919204712,0.696204688079533,interstitial:int0,1,interstitial:int0,1,0.3333333333333333,0.0,0,1,0.6666666666666667
PbI2,Ti,22,4,2,interstitial,interstitial,1,1,-3.8500768399999994,-4.614756345748901,0.764679505748902,interstitial:int2,1,interstitial:int2,1,0.5,0.0,0,1,0.5
PbI2,Xe,54,5,6,adsorbate,adsorbate,1,1,2.6696247299999953,2.1431491374969482,0.5264755925030471,adsorbate:ads1,1,adsorbate:ads0,0,0.16666666666666666,0.003187889999992491,1,0,-0.16666666666666666
Pd2Se4,Ag,47,5,3,adsorbate,interstitial,1,0,0.1806181400000071,-0.48817873001098633,0.6687968700109934,adsorbate:ads1,1,interstitial:int1,0,0.3333333333333333,0.1806181400000071,1,-1,-0.3333333333333333
Pd2Se4,Al,13,3,3,interstitial,interstitial,1,1,-1.6388126299999897,-1.2683322429656982,0.3704803870342914,interstitial:int1,1,interstitial:int1,1,0.3333333333333333,0.0,0,1,0.6666666666666667
Pd2Se4,As,33,4,4,adsorbate,adsorbate,1,1,0.0455195599999878,1.2524986267089844,1.2069790667089966,adsorbate:ads0,1,adsorbate:ads0,1,0.25,0.0,1,0,0.75
Pd2Se4,B,5,2,4,interstitial,interstitial,1,1,-3.0304511500000046,-1.4281229972839355,1.602328152716069,interstitial:int0,1,interstitial:int0,1,0.25,0.0,0,1,0.75
Pd2Se4,Ba,56,6,2,adsorbate,adsorbate,1,1,3.1423613500000016,1.193495750427246,1.9488655995727555,adsorbate:ads0,1,adsorbate:ads0,1,0.5,0.0,1,0,0.5
Pd2Se4,Be,4,2,4,interstitial,interstitial,1,1,-3.458502440000004,-1.7970285415649414,1.6614738984350628,interstitial:int0,1,interstitial:int0,1,0.25,0.0,0,1,0.75
Pd2Se4,Br,35,4,4,adsorbate,adsorbate,1,1,2.825280110000009,2.9528024196624756,0.1275223096624667,adsorbate:ads1,1,adsorbate:ads0,0,0.25,0.0610274000000004,1,0,-0.25
Pd2Se4,C,6,2,3,interstitial,interstitial,1,1,-0.34741044999999904,-0.6263589859008789,0.27894853590087987,interstitial:int1,1,interstitial:int1,1,0.3333333333333333,0.0,0,1,0.6666666666666667
Pd2Se4,Cd,48,5,4,adsorbate,adsorbate,1,1,0.2933305199999978,0.8765749931335449,0.5832444731335471,adsorbate:ads1,1,adsorbate:ads1,1,0.25,0.0,1,0,0.75
Pd2Se4,Cl,17,3,4,adsorbate,adsorbate,1,1,2.3405239599999987,2.131082057952881,0.20944190204711788,adsorbate:ads1,1,adsorbate:ads0,0,0.25,0.03140107000000111,1,0,-0.25
Pd2Se4,Co,27,4,3,interstitial,interstitial,1,1,-2.3087454499999893,-2.278784394264221,0.029961055735768127,interstitial:int1,1,interstitial:int1,1,0.3333333333333333,0.0,0,1,0.6666666666666667
Pd2Se4,Cr,24,4,4,interstitial,interstitial,1,1,-1.9517943399999922,-1.880069613456726,0.07172472654326612,interstitial:int1,1,interstitial:int1,1,0.25,0.0,0,1,0.75
Pd2Se4,Cs,55,6,4,adsorbate,adsorbate,1,1,6.306500819999997,6.479751348495483,0.17325052849548683,adsorbate:ads1,1,adsorbate:ads1,1,0.25,0.0,1,0,0.75
Pd2Se4,Cu,29,4,3,interstitial,interstitial,1,1,-1.3332574399999972,-0.9768024682998657,0.3564549717001315,interstitial:int1,1,interstitial:int1,1,0.3333333333333333,0.0,0,1,0.6666666666666667
Pd2Se4,F,9,2,4,adsorbate,adsorbate,1,1,3.415447300000011,2.2918471097946167,1.1236001902053943,adsorbate:ads0,1,adsorbate:ads0,1,0.25,0.0,1,0,0.75
Pd2Se4,Fe,26,4,3,interstitial,interstitial,1,1,-2.3195337599999992,-2.385236144065857,0.06570238406585771,interstitial:int1,1,interstitial:int1,1,0.3333333333333333,0.0,0,1,0.6666666666666667
Pd2Se4,Ga,31,4,3,interstitial,adsorbate,1,0,-0.13740868000000728,0.5194448232650757,0.656853503265083,interstitial:int1,1,adsorbate:ads1,0,0.3333333333333333,0.13740868000000728,0,0,-0.3333333333333333
Pd2Se4,H,1,1,4,adsorbate,adsorbate,1,1,0.41309799999999086,0.5263004302978516,0.1132024302978607,adsorbate:ads0,1,adsorbate:ads0,1,0.25,0.0,1,0,0.75
Pd2Se4,Hf,72,6,3,interstitial,interstitial,1,1,-4.4943325099999925,-3.3762154579162598,1.1181170520837327,interstitial:int1,1,interstitial:int1,1,0.3333333333333333,0.0,0,1,0.6666666666666667
Pd2Se4,Ir,77,6,3,interstitial,interstitial,1,1,-1.8839512099999918,-1.2165923118591309,0.6673588981408609,interstitial:int1,1,interstitial:int1,1,0.3333333333333333,0.0,0,1,0.6666666666666667
Pd2Se4,Mg,12,3,4,interstitial,interstitial,1,1,-1.791520900000009,-0.5743142366409302,1.2172066633590788,interstitial:int1,1,interstitial:int1,1,0.25,0.0,0,1,0.75
Pd2Se4,Mn,25,4,3,interstitial,interstitial,1,1,-1.1113816000000014,-2.433456301689148,1.3220747016891465,interstitial:int1,1,interstitial:int1,1,0.3333333333333333,0.0,0,1,0.6666666666666667
Pd2Se4,N,7,2,4,adsorbate,adsorbate,1,1,1.4515784599999928,1.0320379734039307,0.41954048659606213,adsorbate:ads0,1,adsorbate:ads0,1,0.25,0.0,1,0,0.75
Pd2Se4,Nb,41,5,2,interstitial,interstitial,1,1,-3.7531505599999946,-3.774122953414917,0.020972393414922408,interstitial:int1,1,interstitial:int1,1,0.5,0.0,0,1,0.5
Pd2Se4,Ni,28,4,4,interstitial,interstitial,1,1,-2.029289410000005,-2.459871768951416,0.43058235895141106,interstitial:int1,1,interstitial:int1,1,0.25,0.0,0,1,0.75
Pd2Se4,O,8,2,4,adsorbate,adsorbate,1,1,2.5993055200000015,2.4605517387390137,0.1387537812609878,adsorbate:int0,1,adsorbate:ads0,0,0.25,0.16383104999999887,1,0,-0.25
Pd2Se4,P,15,3,4,adsorbate,interstitial,1,0,0.5025084299999913,-0.06409120559692383,0.5665996355969152,adsorbate:ads0,1,interstitial:int1,0,0.25,0.5025084299999913,1,-1,-0.25
Pd2Se4,Re,75,6,3,interstitial,interstitial,1,1,-3.2524993000000113,-3.2411184310913086,0.011380868908702713,interstitial:int1,1,interstitial:int1,1,0.3333333333333333,0.0,0,1,0.6666666666666667
Pd2Se4,Rh,45,5,2,interstitial,interstitial,1,1,-1.8943912399999903,-2.6109594106674194,0.7165681706674292,interstitial:int1,1,interstitial:int1,1,0.5,0.0,0,1,0.5
Pd2Se4,S,16,3,3,adsorbate,adsorbate,1,1,1.9258855200000085,2.8875722885131836,0.9616867685131751,adsorbate:ads0,1,adsorbate:ads0,1,0.3333333333333333,0.0,1,0,0.6666666666666667
Pd2Se4,Sc,21,4,2,interstitial,interstitial,1,1,-3.7225824599999986,-3.483752965927124,0.23882949407287457,interstitial:int1,1,interstitial:int1,1,0.5,0.0,0,1,0.5
Pd2Se4,Si,14,3,3,interstitial,interstitial,1,1,-1.6167728399999954,-0.7861936092376709,0.8305792307623245,interstitial:int1,1,interstitial:int1,1,0.3333333333333333,0.0,0,1,0.6666666666666667
Pd2Se4,Ta,73,6,2,interstitial,interstitial,1,1,-4.591518630000009,-4.448059320449829,0.14345930955018016,interstitial:int1,1,interstitial:int1,1,0.5,0.0,0,1,0.5
Pd2Se4,Tc,43,5,3,interstitial,interstitial,1,1,-2.8906745299999974,-3.4282844066619873,0.5376098766619899,interstitial:int1,1,interstitial:int1,1,0.3333333333333333,0.0,0,1,0.6666666666666667
Pd2Se4,V,23,4,2,interstitial,interstitial,1,1,-2.9073469899999935,-2.063899278640747,0.8434477113592465,interstitial:int1,1,interstitial:int1,1,0.5,0.0,0,1,0.5
Pd2Se4,W,74,6,3,interstitial,interstitial,1,1,-3.4780561300000126,-3.501800775527954,0.023744645527941532,interstitial:int1,1,interstitial:int1,1,0.3333333333333333,0.0,0,1,0.6666666666666667
Pd2Se4,Xe,54,5,3,adsorbate,adsorbate,1,1,9.673019190000005,7.201410293579102,2.4716088964209035,adsorbate:ads1,1,adsorbate:ads1,1,0.3333333333333333,0.0,1,0,0.6666666666666667
Pd2Se4,Zn,30,4,2,interstitial,interstitial,1,1,-0.9862129099999919,-0.005775928497314453,0.9804369815026774,interstitial:int1,1,interstitial:int1,1,0.5,0.0,0,1,0.5
PtS2,Al,13,3,5,adsorbate,adsorbate,1,1,0.303222800000015,0.4015461206436157,0.09832332064360072,adsorbate:ads2,1,adsorbate:ads1,0,0.2,0.010632640000011628,1,0,-0.2
PtS2,As,33,4,5,adsorbate,adsorbate,1,1,2.796962629999996,2.7093451023101807,0.08761752768981523,adsorbate:ads0,1,adsorbate:ads1,0,0.2,0.12870733999997697,1,0,-0.2
PtS2,Au,79,6,5,adsorbate,adsorbate,1,1,9.273619370000006,9.321507692337036,0.04788832233703033,adsorbate:ads2,1,adsorbate:ads1,0,0.2,0.006103809999984833,1,0,-0.2
PtS2,B,5,2,6,interstitial,interstitial,1,1,-0.2814297900000038,-0.3942596912384033,0.11282990123839953,interstitial:int2,1,interstitial:int2,1,0.16666666666666666,0.0,0,1,0.8333333333333334
PtS2,Be,4,2,5,interstitial,interstitial,1,1,-1.024761050000024,-1.0553263425827026,0.030565292582678705,interstitial:ads2,1,interstitial:ads2,1,0.2,0.0,0,1,0.8
PtS2,Br,35,4,5,adsorbate,adsorbate,1,1,6.444495349999983,6.677627325057983,0.23313197505800076,adsorbate:ads0,1,adsorbate:ads0,1,0.2,0.0,1,0,0.8
PtS2,C,6,2,5,adsorbate,adsorbate,1,1,1.0088829299999986,0.734954833984375,0.2739280960156236,adsorbate:ads1,1,adsorbate:ads0,0,0.2,0.1964198299999964,1,0,-0.2
PtS2,Ca,20,4,5,adsorbate,adsorbate,1,1,4.354803620000013,4.01382303237915,0.34098058762086225,adsorbate:ads2,1,adsorbate:int2,0,0.2,0.0058396000000016,1,0,-0.2
PtS2,Cl,17,3,5,adsorbate,adsorbate,1,1,6.908932540000023,5.544289588928223,1.3646429510718008,adsorbate:ads0,1,adsorbate:ads2,0,0.2,0.016240129999999908,1,0,-0.2
PtS2,Co,27,4,5,adsorbate,adsorbate,1,1,2.0492263299999824,2.5530890226364136,0.5038626926364311,adsorbate:int2,1,adsorbate:int2,1,0.2,0.0,1,0,0.8
PtS2,Cr,24,4,5,adsorbate,adsorbate,1,1,2.587676399999994,3.06058406829834,0.47290766829834574,adsorbate:ads2,1,adsorbate:int2,0,0.2,0.6262951500000042,1,0,-0.2
PtS2,F,9,2,6,adsorbate,adsorbate,1,1,5.221959529999992,4.670291185379028,0.551668344620964,adsorbate:int2,1,adsorbate:ads0,0,0.16666666666666666,0.023349359999997432,1,0,-0.16666666666666666
PtS2,Fe,26,4,5,adsorbate,adsorbate,1,1,1.3447093999999988,2.2710230350494385,0.9263136350494396,adsorbate:int2,1,adsorbate:int2,1,0.2,0.0,1,0,0.8
PtS2,Ga,31,4,3,adsorbate,adsorbate,1,1,3.5381719800000155,2.929806113243103,0.6083658667569125,adsorbate:ads1,1,adsorbate:ads1,1,0.3333333333333333,0.0,1,0,0.6666666666666667
PtS2,Ge,32,4,4,adsorbate,adsorbate,1,1,3.5708849099999904,3.271383285522461,0.2995016244775295,adsorbate:ads1,1,adsorbate:ads1,1,0.25,0.0,1,0,0.75
PtS2,H,1,1,6,interstitial,adsorbate,1,0,-0.11382739999999059,0.6400450468063354,0.753872446806326,interstitial:int1,1,adsorbate:ads0,0,0.16666666666666666,0.11382739999999059,0,0,-0.16666666666666666
PtS2,Hf,72,6,4,adsorbate,adsorbate,1,1,0.07794332000000281,0.3124701976776123,0.2345268776776095,adsorbate:ads2,1,adsorbate:ads2,1,0.25,0.0,1,0,0.75
PtS2,I,53,5,4,adsorbate,adsorbate,1,1,7.324984699999985,6.905043363571167,0.4199413364288178,adsorbate:ads0,1,adsorbate:ads1,0,0.25,0.2606279299999983,1,0,-0.25
PtS2,Ir,77,6,5,adsorbate,adsorbate,1,1,7.356293959999988,8.748722076416016,1.3924281164160277,adsorbate:ads1,1,adsorbate:ads1,1,0.2,0.0,1,0,0.8
PtS2,K,19,4,5,adsorbate,adsorbate,1,1,8.38683886000001,8.526610851287842,0.1397719912878319,adsorbate:ads2,1,adsorbate:ads2,1,0.2,0.0,1,0,0.8
PtS2,Li,3,2,5,adsorbate,adsorbate,1,1,3.534668340000024,1.902007818222046,1.6326605217779782,adsorbate:ads2,1,adsorbate:ads2,1,0.2,0.0,1,0,0.8
PtS2,Lu,71,6,5,adsorbate,adsorbate,1,1,1.847106430000025,1.5315513610839844,0.3155550689160407,adsorbate:int2,1,adsorbate:ads2,0,0.2,0.43596336000001645,1,0,-0.2
PtS2,Mg,12,3,5,adsorbate,adsorbate,1,1,3.3176792399999897,3.4975216388702393,0.17984239887024955,adsorbate:ads2,1,adsorbate:ads2,1,0.2,0.0,1,0,0.8
PtS2,Mn,25,4,5,adsorbate,adsorbate,1,1,1.5296140899999955,1.4846773147583008,0.044936775241694704,adsorbate:ads2,1,adsorbate:ads1,0,0.2,0.1451851899999781,1,0,-0.2
PtS2,Mo,42,5,5,interstitial,interstitial,1,1,-0.7375047899999743,-1.4290831089019775,0.6915783189020033,interstitial:int2,1,interstitial:int2,1,0.2,0.0,0,1,0.8
PtS2,N,7,2,6,adsorbate,adsorbate,1,1,3.3722373299999893,2.701964855194092,0.6702724748058975,adsorbate:ads0,1,adsorbate:ads0,1,0.16666666666666666,0.0,1,0,0.8333333333333334
PtS2,Nb,41,5,5,interstitial,interstitial,1,1,-2.363389479999994,-1.5094215869903564,0.8539678930096377,interstitial:int2,1,interstitial:int2,1,0.2,0.0,0,1,0.8
PtS2,Ni,28,4,4,adsorbate,interstitial,1,0,0.6928945699999931,-0.20174849033355713,0.8946430603335502,adsorbate:ads2,1,interstitial:int2,0,0.25,0.6928945699999931,1,-1,-0.25
PtS2,O,8,2,6,adsorbate,adsorbate,1,1,5.7566664,4.261796712875366,1.494869687124634,adsorbate:ads0,1,adsorbate:ads0,1,0.16666666666666666,0.0,1,0,0.8333333333333334
PtS2,Os,76,6,4,interstitial,interstitial,1,1,-0.5750413700000081,-0.9472341537475586,0.3721927837475505,interstitial:int2,1,interstitial:int2,1,0.25,0.0,0,1,0.75
PtS2,P,15,3,5,adsorbate,adsorbate,1,1,2.142836399999992,2.1231367588043213,0.019699641195670914,adsorbate:ads0,1,adsorbate:ads0,1,0.2,0.0,1,0,0.8
PtS2,Pd,46,5,5,adsorbate,adsorbate,1,1,7.239167640000004,6.397294402122498,0.8418732378775067,adsorbate:ads1,1,adsorbate:ads1,1,0.2,0.0,1,0,0.8
PtS2,Rb,37,5,5,adsorbate,adsorbate,1,1,9.728717259999994,8.097468137741089,1.6312491222589056,adsorbate:ads2,1,adsorbate:ads2,1,0.2,0.0,1,0,0.8
PtS2,Re,75,6,5,interstitial,interstitial,1,1,-2.1542555900000204,-1.45701265335083,0.6972429366491903,interstitial:int2,1,interstitial:int2,1,0.2,0.0,0,1,0.8
PtS2,Sc,21,4,5,adsorbate,adsorbate,1,1,1.6666610300000004,2.6149450540542603,0.9482840240542598,adsorbate:int2,1,adsorbate:int2,1,0.2,0.0,1,0,0.8
PtS2,Se,34,4,4,adsorbate,adsorbate,1,1,5.643881639999989,3.974066734313965,1.6698149056860245,adsorbate:ads0,1,adsorbate:ads0,1,0.25,0.0,1,0,0.75
PtS2,Si,14,3,5,adsorbate,interstitial,1,0,1.2692860300000182,-0.048201799392700195,1.3174878293927184,adsorbate:ads1,1,interstitial:int2,0,0.2,1.2692860300000182,1,-1,-0.2
PtS2,Sn,50,5,4,adsorbate,adsorbate,1,1,9.40018273999999,5.98402738571167,3.4161553542883194,adsorbate:ads1,1,adsorbate:ads1,1,0.25,0.0,1,0,0.75
PtS2,Sr,38,5,5,adsorbate,adsorbate,1,1,5.294388679999997,4.583436012268066,0.7109526677319309,adsorbate:ads2,1,adsorbate:int2,0,0.2,0.03654904999999069,1,0,-0.2
PtS2,Ta,73,6,3,interstitial,interstitial,1,1,-1.9437827699999852,-1.6276512145996094,0.31613155540037585,interstitial:int2,1,interstitial:int2,1,0.3333333333333333,0.0,0,1,0.6666666666666667
PtS2,Tc,43,5,4,interstitial,interstitial,1,1,-0.3577909400000001,-0.5378174781799316,0.18002653817993153,interstitial:int2,1,interstitial:int2,1,0.25,0.0,0,1,0.75
PtS2,Te,52,5,5,adsorbate,adsorbate,1,1,4.401079629999998,5.3176363706588745,0.9165567406588764,adsorbate:ads0,1,adsorbate:ads0,1,0.2,0.0,1,0,0.8
PtS2,Ti,22,4,5,interstitial,interstitial,1,1,-1.3118822400000165,-1.3071916103363037,0.004690629663712809,interstitial:int2,1,interstitial:int2,1,0.2,0.0,0,1,0.8
PtS2,Tl,81,6,3,adsorbate,adsorbate,1,1,10.785903260000024,12.09341824054718,1.3075149805471558,adsorbate:ads2,1,adsorbate:ads2,1,0.3333333333333333,0.0,1,0,0.6666666666666667
PtS2,V,23,4,5,adsorbate,adsorbate,1,1,2.4660867699999764,2.0171895027160645,0.448897267283912,adsorbate:int2,1,adsorbate:int2,1,0.2,0.0,1,0,0.8
PtS2,W,74,6,4,interstitial,interstitial,1,1,-1.7857136199999948,-1.320446491241455,0.4652671287585397,interstitial:int2,1,interstitial:int2,1,0.25,0.0,0,1,0.75
PtS2,Y,39,5,5,adsorbate,adsorbate,1,1,1.9952311400000151,2.3379428386688232,0.34271169866880813,adsorbate:int2,1,adsorbate:int2,1,0.2,0.0,1,0,0.8
PtS2,Zr,40,5,5,adsorbate,adsorbate,1,1,1.6940257800000036,1.6889162063598633,0.005109573640140308,adsorbate:int2,1,adsorbate:int2,1,0.2,0.0,1,0,0.8
PtSe2,Ag,47,5,4,adsorbate,adsorbate,1,1,6.0205037300000015,5.306130051612854,0.7143736783871475,adsorbate:ads2,1,adsorbate:ads2,1,0.25,0.0,1,0,0.75
PtSe2,Al,13,3,5,adsorbate,adsorbate,1,1,0.016479799999984834,0.9260308742523193,0.9095510742523345,adsorbate:ads2,1,adsorbate:ads1,0,0.2,0.019695490000003257,1,0,-0.2
PtSe2,As,33,4,4,adsorbate,adsorbate,1,1,2.0991871899999803,2.751363754272461,0.6521765642724806,adsorbate:ads2,1,adsorbate:ads1,0,0.25,0.057425660000006484,1,0,-0.25
PtSe2,Au,79,6,4,adsorbate,adsorbate,1,1,7.134277569999994,7.633903980255127,0.4996264102551331,adsorbate:ads2,1,adsorbate:ads1,0,0.25,0.040304700000008076,1,0,-0.25
PtSe2,B,5,2,5,interstitial,interstitial,1,1,-0.44553833999998593,-1.250037670135498,0.8044993301355121,interstitial:int0,1,interstitial:int1,0,0.2,0.0571075599999924,0,1,-0.2
PtSe2,Ba,56,6,5,adsorbate,adsorbate,1,1,7.384714139999987,6.951274394989014,0.4334397450109737,adsorbate:int1,1,adsorbate:int1,1,0.2,0.0,1,0,0.8
PtSe2,Be,4,2,5,interstitial,interstitial,1,1,-1.1645233300000086,-1.0286495685577393,0.13587376144226937,interstitial:int1,1,interstitial:ads2,0,0.2,0.00019804999999450956,0,1,-0.2
PtSe2,Br,35,4,4,adsorbate,adsorbate,1,1,7.305311409999988,5.125462293624878,2.1798491163751104,adsorbate:ads0,1,adsorbate:ads2,0,0.25,0.007218510000001177,1,0,-0.25
PtSe2,C,6,2,5,adsorbate,interstitial,1,0,0.6905073700000077,-0.36749744415283203,1.0580048141528398,adsorbate:ads1,1,interstitial:int0,0,0.2,0.9960055800000038,1,-1,-0.2
PtSe2,Ca,20,4,5,adsorbate,adsorbate,1,1,2.79061255000002,2.385708808898926,0.4049037411010943,adsorbate:int1,1,adsorbate:ads2,0,0.2,0.026045520000025135,1,0,-0.2
PtSe2,Cd,48,5,5,adsorbate,adsorbate,1,1,5.729613760000006,5.429921984672546,0.2996917753274593,adsorbate:ads1,1,adsorbate:ads0,0,0.2,2.337942100000006,1,0,-0.2
PtSe2,Cl,17,3,4,adsorbate,adsorbate,1,1,5.805880180000016,4.633159160614014,1.1727210193860023,adsorbate:ads0,1,adsorbate:ads0,1,0.25,0.0,1,0,0.75
PtSe2,Co,27,4,5,interstitial,interstitial,1,1,-0.8157705200000009,-0.7820658683776855,0.033704651622315396,interstitial:int1,1,interstitial:int1,1,0.2,0.0,0,1,0.8
PtSe2,Cr,24,4,5,interstitial,interstitial,1,1,-0.08141428999999745,-0.17524170875549316,0.09382741875549572,interstitial:int1,1,interstitial:int1,1,0.2,0.0,0,1,0.8
PtSe2,Cs,55,6,5,adsorbate,adsorbate,1,1,10.767179019999984,9.920746564865112,0.8464324551348721,adsorbate:int1,1,adsorbate:int1,1,0.2,0.0,1,0,0.8
PtSe2,Cu,29,4,4,adsorbate,adsorbate,1,1,1.7954056500000202,1.1231541633605957,0.6722514866394245,adsorbate:ads2,1,adsorbate:ads2,1,0.25,0.0,1,0,0.75
PtSe2,F,9,2,5,adsorbate,adsorbate,1,1,4.343890600000009,4.145782232284546,0.19810836771546292,adsorbate:ads2,1,adsorbate:ads0,0,0.2,0.042789290000001756,1,0,-0.2
PtSe2,Fe,26,4,4,interstitial,interstitial,1,1,-0.4578927400000059,-1.0466749668121338,0.5887822268121279,interstitial:int1,1,interstitial:int1,1,0.25,0.0,0,1,0.75
PtSe2,Ga,31,4,2,adsorbate,adsorbate,1,1,2.0384483499999813,1.6571145057678223,0.381333844232159,adsorbate:ads0,1,adsorbate:ads0,1,0.5,0.0,1,0,0.5
PtSe2,Ge,32,4,4,adsorbate,adsorbate,1,1,2.4885554999999906,1.6155345439910889,0.8730209560089017,adsorbate:ads1,1,adsorbate:ads1,1,0.25,0.0,1,0,0.75
PtSe2,H,1,1,5,adsorbate,adsorbate,1,1,0.6784412899999952,0.4676804542541504,0.2107608357458448,adsorbate:ads0,1,adsorbate:ads0,1,0.2,0.0,1,0,0.8
PtSe2,Hf,72,6,4,interstitial,interstitial,1,1,-2.3034973700000028,-1.8278591632843018,0.475638206715701,interstitial:int0,1,interstitial:int1,0,0.25,0.2922803400000187,0,1,-0.25
PtSe2,I,53,5,5,adsorbate,adsorbate,1,1,6.617505549999989,6.473096609115601,0.1444089408843885,adsorbate:ads0,1,adsorbate:ads1,0,0.2,0.18823229000000197,1,0,-0.2
PtSe2,Ir,77,6,3,interstitial,interstitial,1,1,-0.558205479999998,-1.187255859375,0.629050379375002,interstitial:int1,1,interstitial:int1,1,0.3333333333333333,0.0,0,1,0.6666666666666667
PtSe2,K,19,4,5,adsorbate,adsorbate,1,1,6.7724544900000145,5.7301576137542725,1.042296876245742,adsorbate:ads2,1,adsorbate:ads2,1,0.2,0.0,1,0,0.8
PtSe2,Li,3,2,5,adsorbate,adsorbate,1,1,2.563011619999997,1.9418742656707764,0.6211373543292207,adsorbate:ads2,1,adsorbate:ads1,0,0.2,0.0846858699999869,1,0,-0.2
PtSe2,Lu,71,6,5,adsorbate,adsorbate,1,1,0.6558045299999831,1.1004383563995361,0.44463382639955307,adsorbate:int1,1,adsorbate:int1,1,0.2,0.0,1,0,0.8
PtSe2,Mg,12,3,5,adsorbate,adsorbate,1,1,2.1319550099999987,2.123448371887207,0.00850663811279162,adsorbate:ads2,1,adsorbate:ads2,1,0.2,0.0,1,0,0.8
PtSe2,Mn,25,4,4,interstitial,interstitial,1,1,-0.2904331299999967,-0.5144343376159668,0.2240012076159701,interstitial:int1,1,interstitial:int1,1,0.25,0.0,0,1,0.75
PtSe2,Mo,42,5,4,interstitial,interstitial,1,1,-1.0787119400000047,-0.7580075263977051,0.3207044136022996,interstitial:int1,1,interstitial:int1,1,0.25,0.0,0,1,0.75
PtSe2,N,7,2,5,adsorbate,adsorbate,1,1,1.7614073900000164,1.8980073928833008,0.13660000288328433,adsorbate:ads0,1,adsorbate:ads0,1,0.2,0.0,1,0,0.8
PtSe2,Nb,41,5,4,interstitial,interstitial,1,1,-1.6669831799999884,-1.6346211433410645,0.0323620366589239,interstitial:int1,1,interstitial:int1,1,0.25,0.0,0,1,0.75
PtSe2,Ni,28,4,4,interstitial,interstitial,1,1,-0.4258660699999839,-0.8372834920883179,0.411417422088334,interstitial:int1,1,interstitial:int1,1,0.25,0.0,0,1,0.75
PtSe2,O,8,2,4,adsorbate,adsorbate,1,1,3.9514767000000006,4.288829803466797,0.33735310346679626,adsorbate:ads0,1,adsorbate:ads0,1,0.25,0.0,1,0,0.75
PtSe2,Os,76,6,4,interstitial,interstitial,1,1,-2.160542520000006,-1.1859655380249023,0.9745769819751038,interstitial:int1,1,interstitial:int1,1,0.25,0.0,0,1,0.75
PtSe2,P,15,3,5,adsorbate,adsorbate,1,1,0.7340046699999903,1.3505964279174805,0.6165917579174902,adsorbate:ads1,1,adsorbate:ads0,0,0.2,0.09369093999998768,1,0,-0.2
PtSe2,Rb,37,5,5,adsorbate,adsorbate,1,1,7.521952860000001,7.277018785476685,0.24493407452331617,adsorbate:int1,1,adsorbate:int1,1,0.2,0.0,1,0,0.8
PtSe2,Re,75,6,4,interstitial,interstitial,1,1,-1.9653282100000249,-1.9626493453979492,0.00267886460207567,interstitial:int1,1,interstitial:int1,1,0.25,0.0,0,1,0.75
PtSe2,Rh,45,5,5,adsorbate,adsorbate,1,1,6.10041219,4.413240432739258,1.6871717572607423,adsorbate:int1,1,adsorbate:int1,1,0.2,0.0,1,0,0.8
PtSe2,Ru,44,5,3,interstitial,interstitial,1,1,-0.8013838800000035,-0.5273542404174805,0.274029639582523,interstitial:int1,1,interstitial:int1,1,0.3333333333333333,0.0,0,1,0.6666666666666667
PtSe2,S,16,3,5,adsorbate,adsorbate,1,1,4.478267310000006,3.8365637063980103,0.6417036036019956,adsorbate:ads0,1,adsorbate:ads0,1,0.2,0.0,1,0,0.8
PtSe2,Sc,21,4,3,adsorbate,adsorbate,1,1,0.25901415999999244,0.36389636993408203,0.10488220993408959,adsorbate:ads2,1,adsorbate:ads2,1,0.3333333333333333,0.0,1,0,0.6666666666666667
PtSe2,Si,14,3,5,adsorbate,adsorbate,1,1,0.960367309999981,0.016461610794067383,0.9439056992059136,adsorbate:ads1,1,adsorbate:ads2,0,0.2,0.34188715999999975,1,0,-0.2
PtSe2,Sn,50,5,5,adsorbate,adsorbate,1,1,2.9276395599999887,5.463062286376953,2.5354227263769644,adsorbate:ads2,1,adsorbate:ads2,1,0.2,0.0,1,0,0.8
PtSe2,Sr,38,5,5,adsorbate,adsorbate,1,1,3.4883088099999924,4.280155420303345,0.7918466103033523,adsorbate:ads2,1,adsorbate:ads2,1,0.2,0.0,1,0,0.8
PtSe2,Ta,73,6,3,interstitial,interstitial,1,1,-2.0968392999999983,-1.7854640483856201,0.3113752516143782,interstitial:int1,1,interstitial:int1,1,0.3333333333333333,0.0,0,1,0.6666666666666667
PtSe2,Tc,43,5,4,interstitial,interstitial,1,1,-1.2410521399999945,-1.0913984775543213,0.14965366244567324,interstitial:int1,1,interstitial:int1,1,0.25,0.0,0,1,0.75
PtSe2,Ti,22,4,4,interstitial,interstitial,1,1,-1.0441825199999921,-0.8559198379516602,0.18826268204833196,interstitial:int1,1,interstitial:int1,1,0.25,0.0,0,1,0.75
PtSe2,V,23,4,5,interstitial,interstitial,1,1,-1.1243085700000108,-0.8089823722839355,0.3153261977160753,interstitial:int1,1,interstitial:int1,1,0.2,0.0,0,1,0.8
PtSe2,W,74,6,5,interstitial,interstitial,1,1,-2.0591006600000137,-1.8228545188903809,0.23624614110963282,interstitial:int1,1,interstitial:int1,1,0.2,0.0,0,1,0.8
PtSe2,Xe,54,5,4,adsorbate,adsorbate,1,1,12.499483870000008,11.640697956085205,0.8587859139148026,adsorbate:ads2,1,adsorbate:ads2,1,0.25,0.0,1,0,0.75
PtSe2,Y,39,5,5,adsorbate,adsorbate,1,1,0.6908806200000017,1.3004704713821411,0.6095898513821394,adsorbate:int1,1,adsorbate:int1,1,0.2,0.0,1,0,0.8
PtSe2,Zn,30,4,4,adsorbate,adsorbate,1,1,2.4031055700000072,2.8303788900375366,0.4272733200375294,adsorbate:ads2,1,adsorbate:ads0,0,0.25,0.045383909999998195,1,0,-0.25
PtSe2,Zr,40,5,5,interstitial,interstitial,1,1,-1.482523979999996,-1.7028354406356812,0.22031146063568507,interstitial:int1,1,interstitial:int1,1,0.2,0.0,0,1,0.8
Re4S8,Al,13,3,5,adsorbate,adsorbate,1,1,0.8507052399999679,1.1526075601577759,0.30190232015780794,adsorbate:ads2,1,adsorbate:ads2,1,0.2,0.0,1,0,0.8
Re4S8,As,33,4,4,adsorbate,adsorbate,1,1,0.8672874200000251,1.7545058727264404,0.8872184527264153,adsorbate:ads1,1,adsorbate:ads1,1,0.25,0.0,1,0,0.75
Re4S8,B,5,2,5,interstitial,interstitial,1,1,-2.4013740400000083,-1.4129090309143066,0.9884650090857017,interstitial:int0,1,interstitial:int0,1,0.2,0.0,0,1,0.8
Re4S8,Be,4,2,6,interstitial,interstitial,1,1,-1.9165588199999775,-1.5826172828674316,0.3339415371325458,interstitial:int2,1,interstitial:int2,1,0.16666666666666666,0.0,0,1,0.8333333333333334
Re4S8,C,6,2,4,interstitial,interstitial,1,1,-1.5343265900000347,-0.714482307434082,0.8198442825659527,interstitial:int0,1,interstitial:int0,1,0.25,0.0,0,1,0.75
Re4S8,Co,27,4,5,interstitial,interstitial,1,1,-0.4393855200000307,-1.110854148864746,0.6714686288647154,interstitial:int2,1,interstitial:int0,0,0.2,0.8418952300000342,0,1,-0.2
Re4S8,Cr,24,4,5,interstitial,adsorbate,1,0,-0.41928231000002825,0.5554125308990479,0.9746948408990761,interstitial:int2,1,adsorbate:ads2,0,0.2,0.41928231000002825,0,0,-0.2
Re4S8,Cu,29,4,5,adsorbate,adsorbate,1,1,0.3859944499999983,0.24122333526611328,0.14477111473388504,adsorbate:ads2,1,adsorbate:ads2,1,0.2,0.0,1,0,0.8
Re4S8,Fe,26,4,4,interstitial,interstitial,1,1,-1.0886382200000067,-0.9824206829071045,0.10621753709290216,interstitial:int2,1,interstitial:int2,1,0.25,0.0,0,1,0.75
Re4S8,Ga,31,4,5,adsorbate,adsorbate,1,1,2.208480860000009,2.6900800466537476,0.48159918665373835,adsorbate:ads2,1,adsorbate:ads2,1,0.2,0.0,1,0,0.8
Re4S8,Ge,32,4,5,adsorbate,adsorbate,1,1,1.4574731499999984,1.2156956195831299,0.24177753041686856,adsorbate:ads1,1,adsorbate:ads2,0,0.2,0.008169790000010835,1,0,-0.2
Re4S8,H,1,1,6,adsorbate,adsorbate,1,1,0.2281233900000077,0.6160691976547241,0.3879458076547164,adsorbate:ads1,1,adsorbate:ads1,1,0.16666666666666666,0.0,1,0,0.8333333333333334
Re4S8,Ir,77,6,4,interstitial,interstitial,1,1,-0.7651873799999862,-0.3021268844604492,0.463060495539537,interstitial:int2,1,interstitial:int2,1,0.25,0.0,0,1,0.75
Re4S8,Li,3,2,4,adsorbate,adsorbate,1,1,0.0141600599999947,1.2775684595108032,1.2634083995108085,adsorbate:ads2,1,adsorbate:ads2,1,0.25,0.0,1,0,0.75
Re4S8,Mg,12,3,5,adsorbate,adsorbate,1,1,1.310702630000037,1.5323233604431152,0.22162073044307817,adsorbate:ads2,1,adsorbate:ads2,1,0.2,0.0,1,0,0.8
Re4S8,Mn,25,4,4,interstitial,interstitial,1,1,-0.733782100000042,-0.644133448600769,0.08964865139927292,interstitial:int2,1,interstitial:int2,1,0.25,0.0,0,1,0.75
Re4S8,N,7,2,4,adsorbate,interstitial,1,0,0.26133597000000464,-0.304363489151001,0.5656994591510056,adsorbate:ads1,1,interstitial:int0,0,0.25,0.26133597000000464,1,-1,-0.25
Re4S8,Ni,28,4,4,interstitial,interstitial,1,1,-0.7239836399999717,-0.3043098449707031,0.4196737950292686,interstitial:int2,1,interstitial:int2,1,0.25,0.0,0,1,0.75
Re4S8,O,8,2,4,adsorbate,adsorbate,1,1,3.5323731600000197,2.1675970554351807,1.364776104564839,adsorbate:ads1,1,adsorbate:ads1,1,0.25,0.0,1,0,0.75
Re4S8,Os,76,6,4,interstitial,interstitial,1,1,-0.724623969999981,-2.161330223083496,1.436706253083515,interstitial:int2,1,interstitial:int2,1,0.25,0.0,0,1,0.75
Re4S8,P,15,3,4,adsorbate,adsorbate,1,1,1.867487820000008,1.9163827896118164,0.04889496961180839,adsorbate:ads1,1,adsorbate:ads1,1,0.25,0.0,1,0,0.75
Re4S8,Rh,45,5,4,adsorbate,adsorbate,1,1,0.09701905999997962,0.05090451240539551,0.04611454759458411,adsorbate:ads2,1,adsorbate:ads2,1,0.25,0.0,1,0,0.75
Re4S8,Ru,44,5,4,interstitial,interstitial,1,1,-1.9134984199999971,-0.7728180885314941,1.140680331468503,interstitial:int2,1,interstitial:int2,1,0.25,0.0,0,1,0.75
Re4S8,Sc,21,4,4,interstitial,interstitial,1,1,-1.6514335400000275,-1.3784140348434448,0.2730195051565827,interstitial:int2,1,interstitial:int2,1,0.25,0.0,0,1,0.75
Re4S8,Se,34,4,4,adsorbate,adsorbate,1,1,3.587623699999994,3.663702368736267,0.07607866873627289,adsorbate:ads1,1,adsorbate:ads1,1,0.25,0.0,1,0,0.75
Re4S8,Si,14,3,4,adsorbate,adsorbate,1,1,0.7159295600000064,0.21611332893371582,0.4998162310662906,adsorbate:ads2,1,adsorbate:ads2,1,0.25,0.0,1,0,0.75
Re4S8,Tc,43,5,4,interstitial,interstitial,1,1,-1.2551857599999598,-1.5689315795898438,0.3137458195898839,interstitial:int2,1,interstitial:int2,1,0.25,0.0,0,1,0.75
Re4S8,Ti,22,4,4,interstitial,interstitial,1,1,-1.5173142999999527,-1.1535474061965942,0.36376689380335847,interstitial:int2,1,interstitial:int2,1,0.25,0.0,0,1,0.75
Re4S8,V,23,4,4,interstitial,interstitial,1,1,-1.8444136699999945,-1.2872633934020996,0.5571502765978948,interstitial:int2,1,interstitial:int2,1,0.25,0.0,0,1,0.75
Re4S8,Y,39,5,4,adsorbate,interstitial,1,0,0.35646707999995897,-0.6298741102218628,0.9863411902218218,adsorbate:ads2,1,interstitial:int2,0,0.25,0.35646707999995897,1,-1,-0.25
Re4S8,Zn,30,4,4,adsorbate,adsorbate,1,1,1.8435187499999868,2.3868305683135986,0.5433118183136119,adsorbate:ads2,1,adsorbate:ads0,0,0.25,0.037377829999968526,1,0,-0.25
Re4S8,Zr,40,5,3,interstitial,interstitial,1,1,-2.2086219000000256,-2.447882890701294,0.23926099070126838,interstitial:int2,1,interstitial:int2,1,0.3333333333333333,0.0,0,1,0.6666666666666667
Re4Se8,Al,13,3,5,adsorbate,adsorbate,1,1,0.5847783400000146,1.23245370388031,0.6476753638802955,adsorbate:ads2,1,adsorbate:ads2,1,0.2,0.0,1,0,0.8
Re4Se8,B,5,2,6,interstitial,interstitial,1,1,-2.615723380000021,-1.7676420211791992,0.8480813588208216,interstitial:int1,1,interstitial:int1,1,0.16666666666666666,0.0,0,1,0.8333333333333334
Re4Se8,Be,4,2,6,interstitial,interstitial,1,1,-1.3457150400000155,-0.35543084144592285,0.9902841985540927,interstitial:int1,1,interstitial:int0,0,0.16666666666666666,0.39482651999998075,0,1,-0.16666666666666666
Re4Se8,Bi,83,6,4,adsorbate,adsorbate,1,1,10.791974459999947,8.34506368637085,2.4469107736290976,adsorbate:ads2,1,adsorbate:ads1,0,0.25,0.003152799999952105,1,0,-0.25
Re4Se8,C,6,2,5,interstitial,interstitial,1,1,-1.6177262300000166,-1.2914695739746094,0.3262566560254072,interstitial:int0,1,interstitial:int0,1,0.2,0.0,0,1,0.8
Re4Se8,Ca,20,4,5,adsorbate,adsorbate,1,1,6.049745490000021,5.0109593868255615,1.0387861031744592,adsorbate:ads2,1,adsorbate:ads2,1,0.2,0.0,1,0,0.8
Re4Se8,Cl,17,3,6,adsorbate,adsorbate,1,1,3.2229441599999973,3.8767902851104736,0.6538461251104764,adsorbate:ads1,1,adsorbate:ads1,1,0.16666666666666666,0.0,1,0,0.8333333333333334
Re4Se8,Co,27,4,6,interstitial,interstitial,1,1,-0.6301081799999797,-0.27370572090148926,0.35640245909849044,interstitial:int2,1,interstitial:int0,0,0.16666666666666666,0.07129616999998234,0,1,-0.16666666666666666
Re4Se8,Cr,24,4,5,interstitial,adsorbate,1,0,-0.04246618000002034,0.3365464210510254,0.3790126010510457,interstitial:int0,1,adsorbate:ads2,0,0.2,0.04246618000002034,0,0,-0.2
Re4Se8,F,9,2,5,adsorbate,adsorbate,1,1,2.1041117099999838,2.1463156938552856,0.042203983855301885,adsorbate:ads1,1,adsorbate:ads1,1,0.2,0.0,1,0,0.8
Re4Se8,Fe,26,4,4,interstitial,interstitial,1,1,-0.10095289000003094,-0.12900590896606445,0.028053018966033516,interstitial:int2,1,interstitial:int2,1,0.25,0.0,0,1,0.75
Re4Se8,H,1,1,6,adsorbate,interstitial,1,0,0.07493782000000238,-0.2159438133239746,0.290881633323977,adsorbate:ads1,1,interstitial:int0,0,0.16666666666666666,0.07493782000000238,1,-1,-0.16666666666666666
Re4Se8,Hf,72,6,4,interstitial,interstitial,1,1,-1.463860779999949,-1.3089971542358398,0.15486362576410917,interstitial:int2,1,interstitial:int2,1,0.25,0.0,0,1,0.75
Re4Se8,Hg,80,6,4,adsorbate,adsorbate,1,1,11.70758626000003,10.154222965240479,1.553363294759551,adsorbate:ads2,1,adsorbate:ads2,1,0.25,0.0,1,0,0.75
Re4Se8,I,53,5,4,adsorbate,adsorbate,1,1,7.683948339999971,8.028613090515137,0.34466475051516543,adsorbate:ads1,1,adsorbate:ads1,1,0.25,0.0,1,0,0.75
Re4Se8,Li,3,2,5,adsorbate,adsorbate,1,1,3.178190900000004,2.969564437866211,0.2086264621337932,adsorbate:ads2,1,adsorbate:int2,0,0.2,0.0354457500000081,1,0,-0.2
Re4Se8,Lu,71,6,5,adsorbate,adsorbate,1,1,0.12250695000000178,0.3122382164001465,0.1897312664001447,adsorbate:ads2,1,adsorbate:ads2,1,0.2,0.0,1,0,0.8
Re4Se8,Mg,12,3,4,adsorbate,adsorbate,1,1,1.7545878199999831,2.275289535522461,0.5207017155224778,adsorbate:ads2,1,adsorbate:ads0,0,0.25,0.30117964999999436,1,0,-0.25
Re4Se8,Mn,25,4,5,interstitial,interstitial,1,1,-0.27302381999999126,-0.1464099884033203,0.12661383159667094,interstitial:int0,1,interstitial:int0,1,0.2,0.0,0,1,0.8
Re4Se8,Mo,42,5,4,adsorbate,interstitial,1,0,0.03514823000000611,-0.6041765213012695,0.6393247513012756,adsorbate:ads2,1,interstitial:int2,0,0.25,0.03514823000000611,1,-1,-0.25
Re4Se8,N,7,2,5,interstitial,interstitial,1,1,-0.5681303499999903,-0.3270292282104492,0.24110112178954113,interstitial:int0,1,interstitial:int0,1,0.2,0.0,0,1,0.8
Re4Se8,Nb,41,5,4,interstitial,interstitial,1,1,-0.1349666499999671,-1.1024799346923828,0.9675132846924157,interstitial:int2,1,interstitial:int2,1,0.25,0.0,0,1,0.75
Re4Se8,Ni,28,4,5,interstitial,interstitial,1,1,-0.7732752200000164,-0.887933611869812,0.11465839186979565,interstitial:int0,1,interstitial:int2,0,0.2,0.17433166000000755,0,1,-0.2
Re4Se8,O,8,2,5,adsorbate,adsorbate,1,1,0.9789761399999861,0.9070605039596558,0.07191563604033036,adsorbate:ads1,1,adsorbate:ads1,1,0.2,0.0,1,0,0.8
Re4Se8,Os,76,6,5,interstitial,adsorbate,1,0,-1.0495501499999609,0.7314128875732422,1.780963037573203,interstitial:int2,1,adsorbate:ads2,0,0.2,1.0495501499999609,0,0,-0.2
Re4Se8,P,15,3,4,adsorbate,adsorbate,1,1,1.3467441499999486,0.975883960723877,0.3708601892760717,adsorbate:ads1,1,adsorbate:ads1,1,0.25,0.0,1,0,0.75
Re4Se8,Pb,82,6,4,adsorbate,adsorbate,1,1,11.60594992,7.011051893234253,4.5948980267657475,adsorbate:ads1,1,adsorbate:ads2,0,0.25,0.021502679999969576,1,0,-0.25
Re4Se8,Pd,46,5,4,adsorbate,adsorbate,1,1,1.8295922699999776,1.9587063789367676,0.12911410893678998,adsorbate:ads2,1,adsorbate:ads2,1,0.25,0.0,1,0,0.75
Re4Se8,Rh,45,5,4,adsorbate,adsorbate,1,1,1.016428759999997,0.3756422996520996,0.6407864603478974,adsorbate:ads2,1,adsorbate:ads2,1,0.25,0.0,1,0,0.75
Re4Se8,Ru,44,5,4,interstitial,interstitial,1,1,-0.848058409999966,-0.1225881576538086,0.7254702523461574,interstitial:int2,1,interstitial:int2,1,0.25,0.0,0,1,0.75
Re4Se8,S,16,3,4,adsorbate,adsorbate,1,1,3.5788837999999714,4.121534466743469,0.5426506667434978,adsorbate:ads1,1,adsorbate:ads1,1,0.25,0.0,1,0,0.75
Re4Se8,Sc,21,4,5,adsorbate,interstitial,1,0,0.010874639999997271,-0.2675619125366211,0.27843655253661836,adsorbate:ads2,1,interstitial:int0,0,0.2,0.010874639999997271,1,-1,-0.2
Re4Se8,Si,14,3,5,interstitial,adsorbate,1,0,-0.15465504000002284,0.31748008728027344,0.4721351272802963,interstitial:int0,1,adsorbate:ads1,0,0.2,0.15465504000002284,0,0,-0.2
Re4Se8,Tc,43,5,4,interstitial,interstitial,1,1,-1.4881113600000049,-0.4225039482116699,1.065607411788335,interstitial:int2,1,interstitial:int2,1,0.25,0.0,0,1,0.75
Re4Se8,Ti,22,4,6,interstitial,interstitial,1,1,-1.773553370000002,-0.8898842334747314,0.8836691365252705,interstitial:int0,1,interstitial:int0,1,0.16666666666666666,0.0,0,1,0.8333333333333334
Re4Se8,V,23,4,5,interstitial,interstitial,1,1,-1.1050148299999583,-0.6602573394775391,0.4447574905224192,interstitial:int0,1,interstitial:int0,1,0.2,0.0,0,1,0.8
Re4Se8,Y,39,5,4,adsorbate,adsorbate,1,1,0.7879541700000345,0.9855527877807617,0.19759861778072718,adsorbate:ads2,1,adsorbate:ads2,1,0.25,0.0,1,0,0.75
Re4Se8,Zn,30,4,4,adsorbate,adsorbate,1,1,2.2043169700000362,2.280974864959717,0.07665789495968056,adsorbate:ads2,1,adsorbate:ads0,0,0.25,0.030038410000031712,1,0,-0.25
Re4Se8,Zr,40,5,4,interstitial,interstitial,1,1,-1.2752916000000027,-0.8349161148071289,0.44037548519287384,interstitial:int2,1,interstitial:int2,1,0.25,0.0,0,1,0.75
Si2,Ag,47,5,4,adsorbate,adsorbate,1,1,2.321665209999993,2.871431827545166,0.5497666175451732,adsorbate:ads2,1,adsorbate:ads1,0,0.25,0.21540577999999755,1,0,-0.25
Si2,Al,13,3,4,adsorbate,adsorbate,1,1,2.4079180499999917,1.6318278312683105,0.7760902187316812,adsorbate:ads2,1,adsorbate:ads2,1,0.25,0.0,1,0,0.75
Si2,As,33,4,4,adsorbate,adsorbate,1,1,4.282674959999994,3.6597392559051514,0.6229357040948429,adsorbate:ads2,1,adsorbate:ads1,0,0.25,0.13269434000000047,1,0,-0.25
Si2,Au,79,6,4,adsorbate,adsorbate,1,1,2.344685389999994,2.8760485649108887,0.5313631749108945,adsorbate:ads0,1,adsorbate:ads1,0,0.25,0.014423180000008529,1,0,-0.25
Si2,B,5,2,5,adsorbate,adsorbate,1,1,1.242689089999999,0.27973294258117676,0.9629561474188222,adsorbate:ads1,1,adsorbate:ads1,1,0.2,0.0,1,0,0.8
Si2,Ba,56,6,4,adsorbate,adsorbate,1,1,8.435381019999994,7.31613564491272,1.1192453750872744,adsorbate:ads2,1,adsorbate:ads2,1,0.25,0.0,1,0,0.75
Si2,Be,4,2,4,adsorbate,interstitial,1,0,0.937813019999993,-0.02593255043029785,0.9637455704302909,adsorbate:ads1,1,interstitial:ads2,0,0.25,0.9416836399999937,1,-1,-0.25
Si2,C,6,2,4,adsorbate,adsorbate,1,1,3.0518059700000038,1.9603686332702637,1.09143733672974,adsorbate:ads1,1,adsorbate:ads1,1,0.25,0.0,1,0,0.75
Si2,Ca,20,4,4,adsorbate,adsorbate,1,1,3.7956594000000057,4.349449396133423,0.5537899961334172,adsorbate:ads2,1,adsorbate:ads2,1,0.25,0.0,1,0,0.75
Si2,Cd,48,5,4,adsorbate,adsorbate,1,1,4.072582740000001,3.8757388591766357,0.19684388082336568,adsorbate:ads1,1,adsorbate:ads1,1,0.25,0.0,1,0,0.75
Si2,Cl,17,3,4,adsorbate,adsorbate,1,1,5.76005201999999,4.946772336959839,0.8132796830401512,adsorbate:ads0,1,adsorbate:ads0,1,0.25,0.0,1,0,0.75
Si2,Co,27,4,4,interstitial,adsorbate,1,0,-0.6461210299999891,0.1959388256072998,0.8420598556072889,interstitial:int1,1,adsorbate:ads2,0,0.25,0.6461210299999891,0,0,-0.25
Si2,Cr,24,4,4,interstitial,adsorbate,1,0,-0.20605302999999253,0.2619973421096802,0.4680503721096727,interstitial:int1,1,adsorbate:ads2,0,0.25,0.20605302999999253,0,0,-0.25
Si2,Cs,55,6,4,adsorbate,adsorbate,1,1,11.101582909999989,9.638032913208008,1.463549996791981,adsorbate:ads2,1,adsorbate:ads2,1,0.25,0.0,1,0,0.75
Si2,Cu,29,4,4,adsorbate,adsorbate,1,1,1.2650728499999957,0.15405189990997314,1.1110209500900226,adsorbate:ads2,1,adsorbate:ads1,0,0.25,0.5567335499999899,1,0,-0.25
Si2,F,9,2,5,adsorbate,adsorbate,1,1,2.9676865999999933,0.5431523323059082,2.424534267694085,adsorbate:ads0,1,adsorbate:ads1,0,0.2,1.2255165699999964,1,0,-0.2
Si2,Fe,26,4,4,interstitial,interstitial,1,1,-0.2658966300000003,-0.5851932764053345,0.3192966464053342,interstitial:int1,1,interstitial:int1,1,0.25,0.0,0,1,0.75
Si2,Ga,31,4,2,adsorbate,adsorbate,1,1,2.237334439999998,2.5032482147216797,0.26591377472168176,adsorbate:ads0,1,adsorbate:ads0,1,0.5,0.0,1,0,0.5
Si2,Ge,32,4,4,adsorbate,adsorbate,1,1,3.30125661000001,3.451563596725464,0.15030698672545384,adsorbate:ads2,1,adsorbate:ads2,1,0.25,0.0,1,0,0.75
Si2,H,1,1,5,adsorbate,adsorbate,1,1,0.8210524400000025,0.46148157119750977,0.3595708688024928,adsorbate:ads0,1,adsorbate:ads0,1,0.2,0.0,1,0,0.8
Si2,Hf,72,6,3,adsorbate,adsorbate,1,1,0.5674533100000048,0.21500885486602783,0.35244445513397693,adsorbate:ads2,1,adsorbate:ads2,1,0.3333333333333333,0.0,1,0,0.6666666666666667
Si2,Hg,80,6,4,adsorbate,adsorbate,1,1,5.110300879999997,4.690853118896484,0.41944776110351256,adsorbate:ads0,1,adsorbate:ads1,0,0.25,0.033660140000009095,1,0,-0.25
Si2,I,53,5,4,adsorbate,adsorbate,1,1,7.554261300000007,7.356043577194214,0.19821772280579353,adsorbate:ads0,1,adsorbate:ads0,1,0.25,0.0,1,0,0.75
Si2,Ir,77,6,3,adsorbate,adsorbate,1,1,0.2828827999999959,1.0001256465911865,0.7172428465911906,adsorbate:ads2,1,adsorbate:ads2,1,0.3333333333333333,0.0,1,0,0.6666666666666667
Si2,K,19,4,4,adsorbate,adsorbate,1,1,6.952455169999993,7.0214598178863525,0.0690046478863593,adsorbate:ads2,1,adsorbate:ads2,1,0.25,0.0,1,0,0.75
Si2,Li,3,2,4,adsorbate,adsorbate,1,1,1.1249022699999927,1.938292384147644,0.8133901141476514,adsorbate:ads2,1,adsorbate:ads2,1,0.25,0.0,1,0,0.75
Si2,Lu,71,6,4,adsorbate,adsorbate,1,1,2.000414890000002,1.4681812524795532,0.5322336375204486,adsorbate:ads2,1,adsorbate:ads2,1,0.25,0.0,1,0,0.75
Si2,Mg,12,3,4,adsorbate,adsorbate,1,1,2.2161694100000062,2.0717804431915283,0.1443889668084779,adsorbate:ads1,1,adsorbate:ads2,0,0.25,0.09187428000001319,1,0,-0.25
Si2,Mn,25,4,4,interstitial,adsorbate,1,0,-0.42469373999999505,0.929040789604187,1.353734529604182,interstitial:int1,1,adsorbate:ads2,0,0.25,0.42469373999999505,0,0,-0.25
Si2,Mo,42,5,4,interstitial,interstitial,1,1,-0.3624114499999962,-0.46454644203186035,0.10213499203186416,interstitial:int1,1,interstitial:int1,1,0.25,0.0,0,1,0.75
Si2,N,7,2,5,adsorbate,adsorbate,1,1,4.2307414999999935,1.3555488586425781,2.8751926413574154,adsorbate:ads1,1,adsorbate:ads1,1,0.2,0.0,1,0,0.8
Si2,Na,11,3,4,adsorbate,adsorbate,1,1,3.574033549999996,3.1412649154663086,0.4327686345336872,adsorbate:ads2,1,adsorbate:ads2,1,0.25,0.0,1,0,0.75
Si2,Nb,41,5,3,adsorbate,interstitial,1,0,0.0070408400000019356,-0.08816385269165039,0.09520469269165233,adsorbate:ads2,1,interstitial:int1,0,0.3333333333333333,0.0070408400000019356,1,-1,-0.3333333333333333
Si2,Ni,28,4,3,adsorbate,interstitial,1,0,0.7328992999999997,-0.25159263610839844,0.9844919361083981,adsorbate:ads2,1,interstitial:int1,0,0.3333333333333333,0.7328992999999997,1,-1,-0.3333333333333333
Si2,O,8,2,5,adsorbate,adsorbate,1,1,3.051909600000002,2.733607053756714,0.318302546243288,adsorbate:ads1,1,adsorbate:ads1,1,0.2,0.0,1,0,0.8
Si2,Os,76,6,4,adsorbate,adsorbate,1,1,0.370899449999996,0.4941483736038208,0.12324892360382478,adsorbate:ads2,1,adsorbate:ads2,1,0.25,0.0,1,0,0.75
Si2,P,15,3,4,adsorbate,adsorbate,1,1,3.180967609999996,3.096153974533081,0.08481363546691512,adsorbate:ads1,1,adsorbate:ads1,1,0.25,0.0,1,0,0.75
Si2,Pd,46,5,3,adsorbate,adsorbate,1,1,1.3117410899999982,0.8262711763381958,0.48546991366180237,adsorbate:ads2,1,adsorbate:ads2,1,0.3333333333333333,0.0,1,0,0.6666666666666667
Si2,Pt,78,6,4,adsorbate,adsorbate,1,1,1.5391122900000056,0.8732978105545044,0.6658144794455012,adsorbate:ads2,1,adsorbate:ads2,1,0.25,0.0,1,0,0.75
Si2,Rb,37,5,4,adsorbate,adsorbate,1,1,8.968438890000002,9.394958019256592,0.4265191292565902,adsorbate:ads2,1,adsorbate:ads2,1,0.25,0.0,1,0,0.75
Si2,Re,75,6,4,interstitial,interstitial,1,1,-0.1672194399999969,-0.434981107711792,0.2677616677117951,interstitial:int1,1,interstitial:int1,1,0.25,0.0,0,1,0.75
Si2,Ru,44,5,3,adsorbate,adsorbate,1,1,0.22152288000000908,0.13474130630493164,0.08678157369507744,adsorbate:ads2,1,adsorbate:ads2,1,0.3333333333333333,0.0,1,0,0.6666666666666667
Si2,S,16,3,4,adsorbate,adsorbate,1,1,4.965920859999997,4.42495322227478,0.5409676377252168,adsorbate:ads2,1,adsorbate:ads1,0,0.25,0.06347531999999445,1,0,-0.25
Si2,Sb,51,5,4,adsorbate,adsorbate,1,1,5.687683359999994,5.872996091842651,0.18531273184265729,adsorbate:ads2,1,adsorbate:ads2,1,0.25,0.0,1,0,0.75
Si2,Sc,21,4,4,adsorbate,adsorbate,1,1,1.0583331699999974,1.1919465065002441,0.13361333650024676,adsorbate:ads2,1,adsorbate:ads2,1,0.25,0.0,1,0,0.75
Si2,Se,34,4,4,adsorbate,adsorbate,1,1,4.898063820000004,4.758056402206421,0.1400074177935835,adsorbate:ads1,1,adsorbate:ads2,0,0.25,0.05124295000000245,1,0,-0.25
Si2,Sn,50,5,3,adsorbate,adsorbate,1,1,5.360363880000008,4.905561923980713,0.4548019560192955,adsorbate:ads1,1,adsorbate:ads1,1,0.3333333333333333,0.0,1,0,0.6666666666666667
Si2,Sr,38,5,4,adsorbate,adsorbate,1,1,5.871568809999999,6.3656816482543945,0.4941128382543951,adsorbate:ads2,1,adsorbate:ads1,0,0.25,0.4118356699999878,1,0,-0.25
Si2,Ta,73,6,4,interstitial,interstitial,1,1,-0.3379415999999933,-0.4114595651626587,0.0735179651626654,interstitial:int1,1,interstitial:int1,1,0.25,0.0,0,1,0.75
Si2,Tc,43,5,3,interstitial,interstitial,1,1,-1.5532175799999945,-1.5037330389022827,0.04948454109771183,interstitial:int1,1,interstitial:int1,1,0.3333333333333333,0.0,0,1,0.6666666666666667
Si2,Te,52,5,4,adsorbate,adsorbate,1,1,6.448365670000001,6.635653018951416,0.18728734895141486,adsorbate:ads1,1,adsorbate:ads1,1,0.25,0.0,1,0,0.75
Si2,Ti,22,4,4,adsorbate,adsorbate,1,1,0.48061352000000557,0.05616497993469238,0.4244485400653132,adsorbate:ads2,1,adsorbate:ads2,1,0.25,0.0,1,0,0.75
Si2,Tl,81,6,3,adsorbate,adsorbate,1,1,6.313534630000006,6.390925407409668,0.07739077740966227,adsorbate:ads2,1,adsorbate:ads2,1,0.3333333333333333,0.0,1,0,0.6666666666666667
Si2,V,23,4,4,adsorbate,interstitial,1,0,0.11400263000000166,-0.029746532440185547,0.1437491624401872,adsorbate:ads2,1,interstitial:int1,0,0.25,0.11400263000000166,1,-1,-0.25
Si2,Xe,54,5,4,adsorbate,adsorbate,1,1,10.5497558,7.355010509490967,3.194745290509033,adsorbate:ads2,1,adsorbate:ads0,0,0.25,0.06930402000000399,1,0,-0.25
Si2,Y,39,5,3,adsorbate,adsorbate,1,1,2.740604420000011,2.460282802581787,0.2803216174182239,adsorbate:ads2,1,adsorbate:ads2,1,0.3333333333333333,0.0,1,0,0.6666666666666667
Si2,Zn,30,4,4,adsorbate,adsorbate,1,1,2.395661920000009,2.233593463897705,0.16206845610230403,adsorbate:ads1,1,adsorbate:ads1,1,0.25,0.0,1,0,0.75
Si2,Zr,40,5,4,adsorbate,adsorbate,1,1,0.9646535800000038,0.6131805181503296,0.3514730618496742,adsorbate:ads2,1,adsorbate:ads2,1,0.25,0.0,1,0,0.75
Sn2,Ag,47,5,3,adsorbate,interstitial,1,0,0.3351798300000013,-0.3245044946670532,0.6596843246670545,adsorbate:ads2,1,interstitial:int1,0,0.3333333333333333,0.3351798300000013,1,-1,-0.3333333333333333
Sn2,Al,13,3,3,interstitial,interstitial,1,1,-0.7974197699999974,-1.0407350063323975,0.24331523633240004,interstitial:ads2,1,interstitial:ads2,1,0.3333333333333333,0.0,0,1,0.6666666666666667
Sn2,As,33,4,4,adsorbate,adsorbate,1,1,0.9140415600000011,0.505378007888794,0.4086635521112072,adsorbate:ads2,1,adsorbate:ads1,0,0.25,0.5178987700000022,1,0,-0.25
Sn2,Au,79,6,4,interstitial,adsorbate,1,0,-0.6633843700000028,0.41229844093322754,1.0756828109332304,interstitial:int1,1,adsorbate:ads2,0,0.25,0.8157886799999972,0,0,-0.25
Sn2,B,5,2,5,interstitial,interstitial,1,1,-2.435561159999999,-1.5974397659301758,0.8381213940698231,interstitial:ads1,1,interstitial:int1,0,0.2,1.0716735800000026,0,1,-0.2
Sn2,Be,4,2,5,interstitial,interstitial,1,1,-0.0735140600000006,-0.8643193244934082,0.7908052644934076,interstitial:int0,1,interstitial:ads2,0,0.2,0.1662718099999978,0,1,-0.2
Sn2,Bi,83,6,3,adsorbate,adsorbate,1,1,0.9674458499999972,0.8372581005096436,0.1301877494903536,adsorbate:ads2,1,adsorbate:ads2,1,0.3333333333333333,0.0,1,0,0.6666666666666667
Sn2,Br,35,4,3,adsorbate,adsorbate,1,1,1.7271003500000006,0.21130847930908203,1.5157918706909186,adsorbate:ads0,1,adsorbate:ads0,1,0.3333333333333333,0.0,1,0,0.6666666666666667
Sn2,C,6,2,4,interstitial,interstitial,1,1,-3.2114986700000037,-1.8776655197143555,1.3338331502856482,interstitial:ads1,1,interstitial:ads2,0,0.25,0.34595973999999696,0,1,-0.25
Sn2,Ca,20,4,4,adsorbate,adsorbate,1,1,0.5881026799999987,0.49573183059692383,0.09237084940307483,adsorbate:ads2,1,adsorbate:ads2,1,0.25,0.0,1,0,0.75
Sn2,Cd,48,5,4,adsorbate,adsorbate,1,1,1.2899523600000011,0.8885536193847656,0.4013987406152355,adsorbate:ads2,1,adsorbate:ads1,0,0.25,0.27805902000000066,1,0,-0.25
Sn2,Cr,24,4,3,interstitial,interstitial,1,1,-1.673429370000008,-1.3930587768554688,0.28037059314453927,interstitial:ads2,1,interstitial:ads2,1,0.3333333333333333,0.0,0,1,0.6666666666666667
Sn2,Cs,55,6,4,adsorbate,adsorbate,1,1,4.088388109999997,3.4853025674819946,0.6030855425180022,adsorbate:ads2,1,adsorbate:ads2,1,0.25,0.0,1,0,0.75
Sn2,F,9,2,4,adsorbate,adsorbate,1,1,2.094346530000003,0.7532711029052734,1.3410754270947294,adsorbate:ads1,1,adsorbate:ads1,1,0.25,0.0,1,0,0.75
Sn2,Ga,31,4,4,adsorbate,adsorbate,1,1,1.6984377299999946,0.7569044828414917,0.941533247158503,adsorbate:ads1,1,adsorbate:ads1,1,0.25,0.0,1,0,0.75
Sn2,Ge,32,4,4,adsorbate,adsorbate,1,1,0.004984939999999882,0.163665771484375,0.15868083148437512,adsorbate:ads1,1,adsorbate:ads2,0,0.25,0.009643109999999011,1,0,-0.25
Sn2,H,1,1,2,adsorbate,adsorbate,1,1,1.301055610000006,1.4534543752670288,0.1523987652670229,adsorbate:ads0,1,adsorbate:ads0,1,0.5,0.0,1,0,0.5
Sn2,Hf,72,6,3,interstitial,interstitial,1,1,-2.6982682400000044,-2.6633188724517822,0.0349493675482222,interstitial:int1,1,interstitial:int1,1,0.3333333333333333,0.0,0,1,0.6666666666666667
Sn2,Hg,80,6,4,adsorbate,adsorbate,1,1,0.6584165300000038,1.3866961002349854,0.7282795702349816,adsorbate:ads2,1,adsorbate:ads1,0,0.25,0.19371057000000041,1,0,-0.25
Sn2,Ir,77,6,2,interstitial,interstitial,1,1,-1.4788894399999892,-1.9927244186401367,0.5138349786401475,interstitial:ads2,1,interstitial:ads2,1,0.5,0.0,0,1,0.5
Sn2,Li,3,2,4,adsorbate,adsorbate,1,1,0.020503590000004124,0.9176580905914307,0.8971545005914265,adsorbate:ads2,1,adsorbate:ads1,0,0.25,0.12049329999999964,1,0,-0.25
Sn2,Lu,71,6,3,adsorbate,adsorbate,1,1,0.20105017999999575,0.04483962059020996,0.1562105594097858,adsorbate:ads2,1,adsorbate:ads2,1,0.3333333333333333,0.0,1,0,0.6666666666666667
Sn2,Mg,12,3,4,interstitial,adsorbate,1,0,-0.2568812499999993,0.1299428939819336,0.3868241439819329,interstitial:int1,1,adsorbate:ads2,0,0.25,0.2568812499999993,0,0,-0.25
Sn2,Mn,25,4,4,interstitial,interstitial,1,1,-1.6572149400000027,-1.681376576423645,0.02416163642364233,interstitial:ads2,1,interstitial:ads2,1,0.25,0.0,0,1,0.75
Sn2,Na,11,3,4,adsorbate,adsorbate,1,1,0.858712819999994,1.111952304840088,0.25323948484009384,adsorbate:ads2,1,adsorbate:ads2,1,0.25,0.0,1,0,0.75
Sn2,Ni,28,4,4,interstitial,interstitial,1,1,-0.4124250799999984,-0.8480538129806519,0.43562873298065347,interstitial:int1,1,interstitial:ads2,0,0.25,0.8619059899999968,0,1,-0.25
Sn2,O,8,2,4,interstitial,interstitial,1,1,-2.726848449999999,-1.0193939208984375,1.7074545291015615,interstitial:ads1,1,interstitial:ads1,1,0.25,0.0,0,1,0.75
Sn2,Os,76,6,2,interstitial,interstitial,1,1,-5.821178740000001,-5.340601205825806,0.4805775341741949,interstitial:int1,1,interstitial:int1,1,0.5,0.0,0,1,0.5
Sn2,P,15,3,4,interstitial,interstitial,1,1,-0.11757338000000318,-0.5571384429931641,0.4395650629931609,interstitial:ads2,1,interstitial:ads2,1,0.25,0.0,0,1,0.75
Sn2,Pd,46,5,3,interstitial,interstitial,1,1,-1.1567146699999995,-0.7558996677398682,0.40081500226013134,interstitial:int1,1,interstitial:int1,1,0.3333333333333333,0.0,0,1,0.6666666666666667
Sn2,Pt,78,6,4,interstitial,interstitial,1,1,-0.8939498000000015,-1.1413275003433228,0.2473777003433213,interstitial:ads2,1,interstitial:ads2,1,0.25,0.0,0,1,0.75
Sn2,Rb,37,5,4,adsorbate,adsorbate,1,1,2.7708938799999956,3.244257688522339,0.4733638085223433,adsorbate:ads2,1,adsorbate:ads2,1,0.25,0.0,1,0,0.75
Sn2,Re,75,6,3,interstitial,interstitial,1,1,-3.319366979999998,-2.7490354776382446,0.5703315023617535,interstitial:int1,1,interstitial:int1,1,0.3333333333333333,0.0,0,1,0.6666666666666667
Sn2,Rh,45,5,3,interstitial,interstitial,1,1,-4.522448000000004,-3.740201234817505,0.7822467651824994,interstitial:ads2,1,interstitial:ads2,1,0.3333333333333333,0.0,0,1,0.6666666666666667
Sn2,S,16,3,4,adsorbate,adsorbate,1,1,0.775921910000001,1.249417781829834,0.473495871829833,adsorbate:ads1,1,adsorbate:ads2,0,0.25,0.06488428000000113,1,0,-0.25
Sn2,Sb,51,5,4,adsorbate,adsorbate,1,1,0.8862791900000033,0.5612833499908447,0.3249958400091586,adsorbate:ads2,1,adsorbate:ads2,1,0.25,0.0,1,0,0.75
Sn2,Sc,21,4,4,interstitial,interstitial,1,1,-2.03705111,-1.7331173419952393,0.3039337680047609,interstitial:ads2,1,interstitial:ads2,1,0.25,0.0,0,1,0.75
Sn2,Si,14,3,4,interstitial,interstitial,1,1,-0.23074279000000075,-0.45744776725769043,0.22670497725768968,interstitial:int1,1,interstitial:ads2,0,0.25,0.030164849999998578,0,1,-0.25
Sn2,Tc,43,5,2,interstitial,interstitial,1,1,-5.259350880000007,-5.307573318481445,0.0482224384814387,interstitial:ads2,1,interstitial:ads2,1,0.5,0.0,0,1,0.5
Sn2,Ti,22,4,4,interstitial,interstitial,1,1,-2.435230660000009,-2.35813570022583,0.07709495977417902,interstitial:int1,1,interstitial:ads2,0,0.25,0.02439453000000924,0,1,-0.25
Sn2,Tl,81,6,3,adsorbate,adsorbate,1,1,1.475998439999998,2.163782477378845,0.6877840373788473,adsorbate:ads1,1,adsorbate:ads1,1,0.3333333333333333,0.0,1,0,0.6666666666666667
Sn2,Xe,54,5,4,adsorbate,adsorbate,1,1,1.6201531500000002,4.7242515087127686,3.1040983587127684,adsorbate:ads1,1,adsorbate:ads0,0,0.25,1.2207578400000045,1,0,-0.25
Sn2,Y,39,5,3,adsorbate,interstitial,1,0,0.27902661999999645,-0.2760038375854492,0.5550304575854457,adsorbate:ads2,1,interstitial:int1,0,0.3333333333333333,0.27902661999999645,1,-1,-0.3333333333333333
Sn2,Zn,30,4,4,adsorbate,adsorbate,1,1,0.5009220800000023,0.2553260326385498,0.24559604736145246,adsorbate:ads1,1,adsorbate:ads1,1,0.25,0.0,1,0,0.75
Sn2,Zr,40,5,3,interstitial,interstitial,1,1,-2.6168246500000123,-2.6742939949035645,0.057469344903552155,interstitial:int1,1,interstitial:int1,1,0.3333333333333333,0.0,0,1,0.6666666666666667
SnS2,Ag,47,5,4,adsorbate,adsorbate,1,1,4.7135631599999925,3.300490617752075,1.4130725422479173,adsorbate:ads2,1,adsorbate:ads2,1,0.25,0.0,1,0,0.75
SnS2,Al,13,3,6,interstitial,interstitial,1,1,-3.5770586400000037,-3.4464590549468994,0.13059958505310432,interstitial:int0,1,interstitial:int0,1,0.16666666666666666,0.0,0,1,0.8333333333333334
SnS2,Au,79,6,4,adsorbate,adsorbate,1,1,4.009525570000007,4.4205286502838135,0.4110030802838063,adsorbate:ads2,1,adsorbate:ads2,1,0.25,0.0,1,0,0.75
SnS2,B,5,2,4,interstitial,interstitial,1,1,-4.584219959999999,-8.441303968429565,3.857084008429567,interstitial:int0,1,interstitial:int0,1,0.25,0.0,0,1,0.75
SnS2,Ba,56,6,6,adsorbate,adsorbate,1,1,16.593726990000008,13.825683116912842,2.7680438730871657,adsorbate:int1,1,adsorbate:int1,1,0.16666666666666666,0.0,1,0,0.8333333333333334
SnS2,Be,4,2,3,adsorbate,adsorbate,1,1,1.3045697400000058,4.842111587524414,3.537541847524408,adsorbate:ads2,1,adsorbate:ads2,1,0.3333333333333333,0.0,1,0,0.6666666666666667
SnS2,Br,35,4,4,adsorbate,adsorbate,1,1,6.855342129999998,6.3858606815338135,0.4694814484661842,adsorbate:ads0,1,adsorbate:ads0,1,0.25,0.0,1,0,0.75
SnS2,C,6,2,4,adsorbate,adsorbate,1,1,3.40991631,1.0686073303222656,2.341308979677734,adsorbate:ads2,1,adsorbate:ads2,1,0.25,0.0,1,0,0.75
SnS2,Ca,20,4,5,adsorbate,adsorbate,1,1,3.931867159999996,2.668015956878662,1.2638512031213338,adsorbate:int1,1,adsorbate:int1,1,0.2,0.0,1,0,0.8
SnS2,Cd,48,5,5,adsorbate,interstitial,1,0,4.250971339999992,-1.6944317817687988,5.945403121768791,adsorbate:ads0,1,interstitial:int0,0,0.2,4.250971339999992,1,-1,-0.2
SnS2,Cl,17,3,3,adsorbate,adsorbate,1,1,4.99406196999999,3.6936583518981934,1.3004036181017966,adsorbate:ads0,1,adsorbate:ads0,1,0.3333333333333333,0.0,1,0,0.6666666666666667
SnS2,Co,27,4,3,interstitial,interstitial,1,1,-7.65347998,-6.841829776763916,0.8116502032360842,interstitial:int1,1,interstitial:int1,1,0.3333333333333333,0.0,0,1,0.6666666666666667
SnS2,Cr,24,4,4,adsorbate,adsorbate,1,1,0.31960571000000465,1.0158109664916992,0.6962052564916945,adsorbate:ads2,1,adsorbate:ads2,1,0.25,0.0,1,0,0.75
SnS2,Cs,55,6,5,adsorbate,adsorbate,1,1,11.882739400000006,11.408613681793213,0.4741257182067926,adsorbate:ads2,1,adsorbate:ads2,1,0.2,0.0,1,0,0.8
SnS2,F,9,2,5,adsorbate,adsorbate,1,1,8.818225999999996,6.327189207077026,2.4910367929229693,adsorbate:int1,1,adsorbate:int1,1,0.2,0.0,1,0,0.8
SnS2,Ge,32,4,6,adsorbate,adsorbate,1,1,2.790734200000003,2.9421944618225098,0.15146026182250694,adsorbate:ads2,1,adsorbate:ads2,1,0.16666666666666666,0.0,1,0,0.8333333333333334
SnS2,H,1,1,8,interstitial,interstitial,1,1,-6.340243119999997,-3.354114055633545,2.9861290643664518,interstitial:int1,1,interstitial:int1,1,0.125,0.0,0,1,0.875
SnS2,Hf,72,6,5,interstitial,interstitial,1,1,-6.048520390000008,-5.816744327545166,0.23177606245484217,interstitial:int1,1,interstitial:int1,1,0.2,0.0,0,1,0.8
SnS2,Hg,80,6,3,adsorbate,adsorbate,1,1,6.37975428,5.707953691482544,0.6718005885174563,adsorbate:ads1,1,adsorbate:ads0,0,0.3333333333333333,0.40813712999999996,1,0,-0.3333333333333333
SnS2,I,53,5,5,interstitial,interstitial,1,1,-3.9294859799999955,-2.67939829826355,1.2500876817364457,interstitial:int1,1,interstitial:int1,1,0.2,0.0,0,1,0.8
SnS2,K,19,4,4,adsorbate,adsorbate,1,1,8.02008604000001,9.016371488571167,0.9962854485711574,adsorbate:ads2,1,adsorbate:ads2,1,0.25,0.0,1,0,0.75
SnS2,Li,3,2,6,adsorbate,adsorbate,1,1,2.7472725399999973,2.786857008934021,0.039584468934023676,adsorbate:ads2,1,adsorbate:ads2,1,0.16666666666666666,0.0,1,0,0.8333333333333334
SnS2,Lu,71,6,6,interstitial,interstitial,1,1,-6.171411000000007,-6.42085075378418,0.2494397537841726,interstitial:int1,1,interstitial:int1,1,0.16666666666666666,0.0,0,1,0.8333333333333334
SnS2,Mg,12,3,4,adsorbate,adsorbate,1,1,2.7004710499999907,2.8291871547698975,0.1287161047699068,adsorbate:ads1,1,adsorbate:ads1,1,0.25,0.0,1,0,0.75
SnS2,Mo,42,5,4,adsorbate,adsorbate,1,1,0.5386374899999993,0.7182348966598511,0.1795974066598518,adsorbate:ads2,1,adsorbate:ads2,1,0.25,0.0,1,0,0.75
SnS2,N,7,2,3,interstitial,interstitial,1,1,-5.229079620000007,-3.7531492710113525,1.4759303489886548,interstitial:int1,1,interstitial:int1,1,0.3333333333333333,0.0,0,1,0.6666666666666667
SnS2,Na,11,3,3,adsorbate,adsorbate,1,1,4.612267320000001,4.040372133255005,0.571895186744996,adsorbate:ads1,1,adsorbate:ads1,1,0.3333333333333333,0.0,1,0,0.6666666666666667
SnS2,Ni,28,4,4,interstitial,interstitial,1,1,-7.943858910000003,-6.1184046268463135,1.8254542831536895,interstitial:int1,1,interstitial:int1,1,0.25,0.0,0,1,0.75
SnS2,O,8,2,5,adsorbate,adsorbate,1,1,0.8437515000000104,0.49056005477905273,0.3531914452209577,adsorbate:int1,1,adsorbate:ads0,0,0.2,0.8765484600000093,1,0,-0.2
SnS2,Pd,46,5,4,adsorbate,adsorbate,1,1,2.415081639999997,2.239563226699829,0.1755184133001677,adsorbate:ads2,1,adsorbate:ads2,1,0.25,0.0,1,0,0.75
SnS2,Pt,78,6,3,interstitial,interstitial,1,1,-8.404953249999991,-5.99197518825531,2.412978061744681,interstitial:int1,1,interstitial:int1,1,0.3333333333333333,0.0,0,1,0.6666666666666667
SnS2,Rb,37,5,5,adsorbate,adsorbate,1,1,9.01825547,9.786130905151367,0.7678754351513675,adsorbate:ads2,1,adsorbate:ads1,0,0.2,0.10553455999999461,1,0,-0.2
SnS2,Re,75,6,6,interstitial,interstitial,1,1,-6.876196080000001,-7.600714325904846,0.7245182459048456,interstitial:int1,1,interstitial:int1,1,0.16666666666666666,0.0,0,1,0.8333333333333334
SnS2,Ru,44,5,5,interstitial,interstitial,1,1,-6.430283090000003,-6.034223198890686,0.39605989110931716,interstitial:int1,1,interstitial:int1,1,0.2,0.0,0,1,0.8
SnS2,Sc,21,4,5,adsorbate,adsorbate,1,1,2.6242760200000106,3.1155662536621094,0.4912902336620988,adsorbate:ads2,1,adsorbate:ads2,1,0.2,0.0,1,0,0.8
SnS2,Se,34,4,4,adsorbate,adsorbate,1,1,5.920183530000004,6.886564254760742,0.9663807247607386,adsorbate:ads1,1,adsorbate:ads2,0,0.25,0.6701755100000071,1,0,-0.25
SnS2,Si,14,3,4,interstitial,interstitial,1,1,-5.685455709999999,-5.885559320449829,0.20010361044982972,interstitial:int1,1,interstitial:int1,1,0.25,0.0,0,1,0.75
SnS2,Ta,73,6,5,adsorbate,adsorbate,1,1,1.443528580000006,1.0110398530960083,0.43248872690399764,adsorbate:ads2,1,adsorbate:ads2,1,0.2,0.0,1,0,0.8
SnS2,Tc,43,5,5,adsorbate,adsorbate,1,1,0.5193354299999984,0.4559093713760376,0.06342605862396078,adsorbate:ads2,1,adsorbate:ads2,1,0.2,0.0,1,0,0.8
SnS2,Te,52,5,5,interstitial,interstitial,1,1,-3.0417815400000023,-1.6170082092285156,1.4247733307714867,interstitial:int0,1,interstitial:int0,1,0.2,0.0,0,1,0.8
SnS2,Ti,22,4,6,interstitial,interstitial,1,1,-7.038127500000002,-5.639806509017944,1.3983209909820573,interstitial:int1,1,interstitial:int1,1,0.16666666666666666,0.0,0,1,0.8333333333333334
SnS2,Tl,81,6,4,adsorbate,adsorbate,1,1,15.764551600000004,11.93482780456543,3.8297237954345746,adsorbate:ads2,1,adsorbate:ads2,1,0.25,0.0,1,0,0.75
SnS2,V,23,4,4,adsorbate,adsorbate,1,1,1.4433082899999903,1.7725486755371094,0.3292403855371191,adsorbate:ads2,1,adsorbate:ads2,1,0.25,0.0,1,0,0.75
SnS2,W,74,6,5,interstitial,interstitial,1,1,-7.3897551299999975,-6.848712205886841,0.5410429241131567,interstitial:int1,1,interstitial:int1,1,0.2,0.0,0,1,0.8
SnS2,Xe,54,5,6,interstitial,adsorbate,1,0,-0.16278219999999521,3.495227336883545,3.65800953688354,interstitial:int1,1,adsorbate:ads0,0,0.16666666666666666,0.6587066499999991,0,0,-0.16666666666666666
SnS2,Y,39,5,4,adsorbate,adsorbate,1,1,11.019438980000004,9.859363794326782,1.1600751856732217,adsorbate:int1,1,adsorbate:int1,1,0.25,0.0,1,0,0.75
SnS2,Zn,30,4,3,adsorbate,adsorbate,1,1,3.6808719499999962,3.190065383911133,0.4908065660888634,adsorbate:ads2,1,adsorbate:ads2,1,0.3333333333333333,0.0,1,0,0.6666666666666667
SnS2,Zr,40,5,5,interstitial,interstitial,1,1,-7.033747089999991,-5.687534332275391,1.3462127577246008,interstitial:int1,1,interstitial:int1,1,0.2,0.0,0,1,0.8
SnSe2,Au,79,6,4,adsorbate,adsorbate,1,1,1.1243409699999913,2.3679983615875244,1.243657391587533,adsorbate:ads2,1,adsorbate:ads2,1,0.25,0.0,1,0,0.75
SnSe2,B,5,2,5,adsorbate,interstitial,1,0,0.9781580400000109,-0.43082094192504883,1.4089789819250598,adsorbate:ads2,1,interstitial:int2,0,0.2,3.149559960000005,1,-1,-0.2
SnSe2,C,6,2,4,adsorbate,adsorbate,1,1,0.36244862999998784,0.32115650177001953,0.041292128229968306,adsorbate:ads2,1,adsorbate:ads2,1,0.25,0.0,1,0,0.75
SnSe2,Cd,48,5,4,adsorbate,adsorbate,1,1,2.6379221899999976,3.5516018867492676,0.91367969674927,adsorbate:ads2,1,adsorbate:ads0,0,0.25,0.46503834000000666,1,0,-0.25
SnSe2,Cl,17,3,4,adsorbate,adsorbate,1,1,1.974150969999997,2.3615262508392334,0.38737528083923634,adsorbate:ads2,1,adsorbate:ads0,0,0.25,0.2172567200000089,1,0,-0.25
SnSe2,Ge,32,4,4,adsorbate,adsorbate,1,1,3.0710432599999966,1.358365774154663,1.7126774858453335,adsorbate:ads2,1,adsorbate:ads2,1,0.25,0.0,1,0,0.75
SnSe2,H,1,1,5,interstitial,interstitial,1,1,-0.09224739000001148,-0.42073023319244385,0.32848284319243237,interstitial:int1,1,interstitial:int1,1,0.2,0.0,0,1,0.8
SnSe2,Li,3,2,4,adsorbate,adsorbate,1,1,0.49584073999999134,0.1212155818939209,0.37462515810607044,adsorbate:ads2,1,adsorbate:ads2,1,0.25,0.0,1,0,0.75
SnSe2,Lu,71,6,4,adsorbate,adsorbate,1,1,1.6973803799999985,0.8508405685424805,0.846539811457518,adsorbate:ads2,1,adsorbate:ads2,1,0.25,0.0,1,0,0.75
SnSe2,Mn,25,4,5,interstitial,interstitial,1,1,-0.2930536599999982,-0.6212828159332275,0.3282291559332293,interstitial:int2,1,interstitial:int2,1,0.2,0.0,0,1,0.8
SnSe2,N,7,2,4,interstitial,interstitial,1,1,-0.3901226099999917,-0.31945836544036865,0.07066424455962306,interstitial:ads1,1,interstitial:ads1,1,0.25,0.0,0,1,0.75
SnSe2,Na,11,3,2,adsorbate,adsorbate,1,1,2.5993336000000085,1.5678620338439941,1.0314715661560143,adsorbate:ads0,1,adsorbate:ads0,1,0.5,0.0,1,0,0.5
SnSe2,Ni,28,4,4,interstitial,interstitial,1,1,-1.0139993599999997,-0.1815786361694336,0.8324207238305661,interstitial:int2,1,interstitial:int2,1,0.25,0.0,0,1,0.75
SnSe2,O,8,2,4,interstitial,interstitial,1,1,-0.8475061699999884,-1.645127534866333,0.7976213648663446,interstitial:ads1,1,interstitial:ads1,1,0.25,0.0,0,1,0.75
SnSe2,Pd,46,5,4,interstitial,interstitial,1,1,-0.4993984299999996,-0.23650109767913818,0.26289733232086143,interstitial:int2,1,interstitial:int2,1,0.25,0.0,0,1,0.75
SnSe2,Re,75,6,5,interstitial,interstitial,1,1,-2.047046899999998,-1.2850635051727295,0.7619833948272685,interstitial:int2,1,interstitial:int2,1,0.2,0.0,0,1,0.8
SnSe2,Rh,45,5,4,interstitial,interstitial,1,1,-1.5244471100000112,-0.7469273805618286,0.7775197294381826,interstitial:int2,1,interstitial:int2,1,0.25,0.0,0,1,0.75
SnSe2,S,16,3,5,adsorbate,adsorbate,1,1,1.0036235100000113,0.17246222496032715,0.8311612850396841,adsorbate:ads1,1,adsorbate:ads1,1,0.2,0.0,1,0,0.8
SnSe2,Sc,21,4,4,adsorbate,adsorbate,1,1,1.3057514899999911,1.1264419555664062,0.17930953443358488,adsorbate:ads2,1,adsorbate:ads2,1,0.25,0.0,1,0,0.75
SnSe2,Ta,73,6,4,interstitial,interstitial,1,1,-1.8763359000000008,-0.7221697568893433,1.1541661431106576,interstitial:int2,1,interstitial:int2,1,0.25,0.0,0,1,0.75
SnSe2,Ti,22,4,4,interstitial,interstitial,1,1,-1.0689726999999891,-0.6168825626373291,0.45209013736266,interstitial:int2,1,interstitial:int2,1,0.25,0.0,0,1,0.75
SnSe2,V,23,4,4,interstitial,interstitial,1,1,-0.9394226199999878,-0.765526294708252,0.17389632529173582,interstitial:int2,1,interstitial:int2,1,0.25,0.0,0,1,0.75
SnSe2,Xe,54,5,5,adsorbate,adsorbate,1,1,3.605607669999998,5.635108709335327,2.029501039335329,adsorbate:ads2,1,adsorbate:ads1,0,0.2,0.0007419500000055007,1,0,-0.2
SnSe2,Y,39,5,4,interstitial,interstitial,1,1,-0.008398970000001782,-0.4674196243286133,0.4590206543286115,interstitial:int2,1,interstitial:int2,1,0.25,0.0,0,1,0.75
SnSe2,Zn,30,4,4,adsorbate,adsorbate,1,1,2.227347930000007,1.7680673599243164,0.4592805700756908,adsorbate:ads2,1,adsorbate:ads2,1,0.25,0.0,1,0,0.75
TaS2,Ag,47,5,4,adsorbate,adsorbate,1,1,4.426912649999992,3.1995776891708374,1.2273349608291548,adsorbate:ads0,1,adsorbate:ads2,0,0.25,0.14921056999998017,1,0,-0.25
TaS2,As,33,4,5,adsorbate,adsorbate,1,1,3.3218208600000025,1.7335097789764404,1.588311081023562,adsorbate:ads1,1,adsorbate:ads1,1,0.2,0.0,1,0,0.8
TaS2,B,5,2,5,interstitial,interstitial,1,1,-0.7876858300000151,-0.22568440437316895,0.5620014256268462,interstitial:ads2,1,interstitial:ads2,1,0.2,0.0,0,1,0.8
TaS2,Be,4,2,5,interstitial,adsorbate,1,0,-0.11858112999999548,0.2859055995941162,0.4044867295941117,interstitial:int2,1,adsorbate:ads2,0,0.2,0.11858112999999548,0,0,-0.2
TaS2,Br,35,4,5,adsorbate,adsorbate,1,1,5.703069069999998,6.830682754516602,1.1276136845166036,adsorbate:ads0,1,adsorbate:ads0,1,0.2,0.0,1,0,0.8
TaS2,C,6,2,6,interstitial,interstitial,1,1,-1.9807701200000172,-2.008096218109131,0.027326098109113683,interstitial:ads1,1,interstitial:int0,0,0.16666666666666666,0.684552749999995,0,1,-0.16666666666666666
TaS2,Ca,20,4,4,adsorbate,adsorbate,1,1,7.556381409999999,10.858532428741455,3.302151018741456,adsorbate:ads2,1,adsorbate:ads2,1,0.25,0.0,1,0,0.75
TaS2,Co,27,4,4,adsorbate,adsorbate,1,1,3.372159350000004,1.8926901817321777,1.4794691682678263,adsorbate:ads2,1,adsorbate:ads2,1,0.25,0.0,1,0,0.75
TaS2,Cr,24,4,4,adsorbate,adsorbate,1,1,4.120234490000001,2.7381516695022583,1.3820828204977431,adsorbate:ads2,1,adsorbate:ads2,1,0.25,0.0,1,0,0.75
TaS2,Cs,55,6,4,adsorbate,adsorbate,1,1,11.19328607,10.24288821220398,0.9503978577960197,adsorbate:ads1,1,adsorbate:ads2,0,0.25,0.1230134000000187,1,0,-0.25
TaS2,Cu,29,4,4,adsorbate,adsorbate,1,1,0.267729839999987,1.0726003646850586,0.8048705246850716,adsorbate:int2,1,adsorbate:int2,1,0.25,0.0,1,0,0.75
TaS2,F,9,2,4,adsorbate,adsorbate,1,1,1.1435558999999955,1.472661018371582,0.3291051183715865,adsorbate:ads1,1,adsorbate:ads1,1,0.25,0.0,1,0,0.75
TaS2,Fe,26,4,4,adsorbate,adsorbate,1,1,0.5784857999999815,0.782317042350769,0.20383124235078753,adsorbate:ads2,1,adsorbate:ads2,1,0.25,0.0,1,0,0.75
TaS2,Ga,31,4,2,adsorbate,adsorbate,1,1,3.533837160000019,3.0701541900634766,0.46368296993654257,adsorbate:ads0,1,adsorbate:ads0,1,0.5,0.0,1,0,0.5
TaS2,H,1,1,5,adsorbate,interstitial,1,0,0.17303179000001032,-0.12526631355285645,0.2982981035528668,adsorbate:ads0,1,interstitial:int1,0,0.2,0.17303179000001032,1,-1,-0.2
TaS2,Li,3,2,4,adsorbate,adsorbate,1,1,3.6492573100000243,4.0896382331848145,0.44038092318479016,adsorbate:ads1,1,adsorbate:ads2,0,0.25,0.09146717000001559,1,0,-0.25
TaS2,Mg,12,3,5,adsorbate,adsorbate,1,1,4.566402290000013,4.119452953338623,0.44694933666139036,adsorbate:ads2,1,adsorbate:ads2,1,0.2,0.0,1,0,0.8
TaS2,Mn,25,4,5,interstitial,adsorbate,1,0,-0.22409811999997947,0.8222556114196777,1.0463537314196572,interstitial:int2,1,adsorbate:ads2,0,0.2,0.22409811999997947,0,0,-0.2
TaS2,Mo,42,5,5,adsorbate,adsorbate,1,1,4.1263709199999985,2.376490354537964,1.7498805654620346,adsorbate:int2,1,adsorbate:ads2,0,0.2,0.00010266999998975734,1,0,-0.2
TaS2,N,7,2,5,interstitial,interstitial,1,1,-0.24831523000000288,-0.853238582611084,0.6049233526110811,interstitial:ads2,1,interstitial:int2,0,0.2,0.2354069400000185,0,1,-0.2
TaS2,Ni,28,4,3,interstitial,interstitial,1,1,-0.8188860600000112,-0.7488681077957153,0.07001795220429585,interstitial:int2,1,interstitial:int2,1,0.3333333333333333,0.0,0,1,0.6666666666666667
TaS2,O,8,2,5,interstitial,adsorbate,1,0,-0.7041296400000192,1.2165229320526123,1.9206525720526315,interstitial:ads2,1,adsorbate:ads1,0,0.2,0.7041296400000192,0,0,-0.2
TaS2,Os,76,6,2,adsorbate,adsorbate,1,1,0.47801481999999895,0.49478840827941895,0.016773588279419993,adsorbate:ads2,1,adsorbate:ads2,1,0.5,0.0,1,0,0.5
TaS2,P,15,3,4,adsorbate,adsorbate,1,1,1.9938287800000012,3.0578315258026123,1.0640027458026111,adsorbate:ads1,1,adsorbate:ads1,1,0.25,0.0,1,0,0.75
TaS2,Pd,46,5,4,adsorbate,adsorbate,1,1,2.2960852399999974,3.5593743324279785,1.2632890924279812,adsorbate:ads1,1,adsorbate:ads1,1,0.25,0.0,1,0,0.75
TaS2,Re,75,6,3,interstitial,interstitial,1,1,-2.0506018199999962,-1.7230432033538818,0.3275586166461144,interstitial:int2,1,interstitial:int2,1,0.3333333333333333,0.0,0,1,0.6666666666666667
TaS2,Rh,45,5,3,interstitial,interstitial,1,1,-0.7394724400000137,-0.7294847965240479,0.009987643475965813,interstitial:int2,1,interstitial:int2,1,0.3333333333333333,0.0,0,1,0.6666666666666667
TaS2,Ru,44,5,3,adsorbate,adsorbate,1,1,3.109361880000023,9.354192852973938,6.244830972973915,adsorbate:ads1,1,adsorbate:ads1,1,0.3333333333333333,0.0,1,0,0.6666666666666667
TaS2,V,23,4,3,adsorbate,adsorbate,1,1,3.859038609999999,3.2787058353424072,0.5803327746575917,adsorbate:ads2,1,adsorbate:ads2,1,0.3333333333333333,0.0,1,0,0.6666666666666667
TaS2,Zn,30,4,5,adsorbate,adsorbate,1,1,2.3909644200000173,3.2419387102127075,0.8509742902126902,adsorbate:ads2,1,adsorbate:int2,0,0.2,0.1528313800000093,1,0,-0.2
TaSe2,Ag,47,5,4,adsorbate,adsorbate,1,1,3.012415419999997,3.304264783859253,0.2918493638592561,adsorbate:ads2,1,adsorbate:ads2,1,0.25,0.0,1,0,0.75
TaSe2,Al,13,3,4,adsorbate,adsorbate,1,1,1.3199465900000007,1.7426058053970337,0.422659215397033,adsorbate:ads2,1,adsorbate:ads2,1,0.25,0.0,1,0,0.75
TaSe2,As,33,4,4,adsorbate,adsorbate,1,1,1.335571510000022,0.14702081680297852,1.1885506931970435,adsorbate:ads1,1,adsorbate:ads1,1,0.25,0.0,1,0,0.75
TaSe2,B,5,2,4,interstitial,interstitial,1,1,-2.44996759,-3.2024813890457153,0.7525137990457154,interstitial:int2,1,interstitial:int2,1,0.25,0.0,0,1,0.75
TaSe2,Be,4,2,4,interstitial,interstitial,1,1,-3.0808142399999947,-2.42639422416687,0.6544200158331246,interstitial:int2,1,interstitial:ads2,0,0.25,0.5451626400000009,0,1,-0.25
TaSe2,Br,35,4,5,adsorbate,adsorbate,1,1,5.318453799999986,4.097902059555054,1.2205517404449324,adsorbate:ads1,1,adsorbate:ads0,0,0.2,0.24089675999999827,1,0,-0.2
TaSe2,C,6,2,3,interstitial,interstitial,1,1,-2.2683647400000106,-3.0424740314483643,0.7741092914483536,interstitial:int2,1,interstitial:int2,1,0.3333333333333333,0.0,0,1,0.6666666666666667
TaSe2,Cl,17,3,5,adsorbate,adsorbate,1,1,3.191939010000027,2.449183940887451,0.7427550691125759,adsorbate:ads1,1,adsorbate:ads0,0,0.2,0.26443722000001907,1,0,-0.2
TaSe2,Co,27,4,4,interstitial,interstitial,1,1,-3.39924326000002,-3.2723963260650635,0.1268469339349565,interstitial:ads2,1,interstitial:int2,0,0.25,0.25969661999999977,0,1,-0.25
TaSe2,Cr,24,4,5,interstitial,interstitial,1,1,-0.6665812200000119,-1.102191686630249,0.43561046663023717,interstitial:int2,1,interstitial:int2,1,0.2,0.0,0,1,0.8
TaSe2,Cu,29,4,4,interstitial,interstitial,1,1,-0.2414374299999904,-0.6454718112945557,0.40403438129456526,interstitial:int2,1,interstitial:int2,1,0.25,0.0,0,1,0.75
TaSe2,F,9,2,5,adsorbate,adsorbate,1,1,0.9245364199999815,0.4660975933074951,0.45843882669248637,adsorbate:ads1,1,adsorbate:ads1,1,0.2,0.0,1,0,0.8
TaSe2,Fe,26,4,5,interstitial,adsorbate,1,0,-0.1541576799999973,0.24254322052001953,0.39670090052001683,interstitial:int2,1,adsorbate:ads2,0,0.2,0.1541576799999973,0,0,-0.2
TaSe2,Ge,32,4,4,adsorbate,interstitial,1,0,1.0151456499999938,-0.0031589269638061523,1.0183045769638,adsorbate:ads2,1,interstitial:int2,0,0.25,1.0151456499999938,1,-1,-0.25
TaSe2,H,1,1,6,interstitial,interstitial,1,1,-0.4991485199999772,-0.6608247756958008,0.16167625569582356,interstitial:int2,1,interstitial:int2,1,0.16666666666666666,0.0,0,1,0.8333333333333334
TaSe2,Hf,72,6,2,interstitial,interstitial,1,1,-3.5428245200000115,-0.7570276260375977,2.785796893962414,interstitial:int0,1,interstitial:int0,1,0.5,0.0,0,1,0.5
TaSe2,Ir,77,6,3,interstitial,interstitial,1,1,-0.0034532600000147795,-0.4136507511138916,0.4101974911138768,interstitial:int0,1,interstitial:int0,1,0.3333333333333333,0.0,0,1,0.6666666666666667
TaSe2,Li,3,2,5,adsorbate,adsorbate,1,1,0.9555981299999985,0.32131242752075195,0.6342857024792465,adsorbate:ads2,1,adsorbate:ads2,1,0.2,0.0,1,0,0.8
TaSe2,Lu,71,6,3,adsorbate,adsorbate,1,1,0.23798047999997607,1.0629912614822388,0.8250107814822627,adsorbate:ads1,1,adsorbate:ads1,1,0.3333333333333333,0.0,1,0,0.6666666666666667
TaSe2,Mg,12,3,5,adsorbate,adsorbate,1,1,2.502780989999991,2.0003085136413574,0.5024724763586335,adsorbate:ads2,1,adsorbate:ads2,1,0.2,0.0,1,0,0.8
TaSe2,Mn,25,4,5,interstitial,adsorbate,1,0,-0.6404392400000061,0.21554040908813477,0.8559796490881408,interstitial:int2,1,adsorbate:ads2,0,0.2,0.6404392400000061,0,0,-0.2
TaSe2,Mo,42,5,3,adsorbate,adsorbate,1,1,0.021224799999998822,0.8985567092895508,0.877331909289552,adsorbate:ads2,1,adsorbate:ads2,1,0.3333333333333333,0.0,1,0,0.6666666666666667
TaSe2,N,7,2,6,interstitial,interstitial,1,1,-1.6250155000000177,-2.346013307571411,0.7209978075713934,interstitial:int2,1,interstitial:int2,1,0.16666666666666666,0.0,0,1,0.8333333333333334
TaSe2,Nb,41,5,3,interstitial,interstitial,1,1,-3.7368585600000017,-4.029497265815735,0.29263870581573315,interstitial:int2,1,interstitial:int2,1,0.3333333333333333,0.0,0,1,0.6666666666666667
TaSe2,O,8,2,5,interstitial,interstitial,1,1,-0.8257989000000237,-0.5105335712432861,0.3152653287567375,interstitial:int2,1,interstitial:int2,1,0.2,0.0,0,1,0.8
TaSe2,P,15,3,4,adsorbate,adsorbate,1,1,0.9946977799999961,0.3052375316619873,0.6894602483380088,adsorbate:ads2,1,adsorbate:ads0,0,0.25,0.46082221999998296,1,0,-0.25
TaSe2,Pt,78,6,4,interstitial,interstitial,1,1,-1.8692313899999822,-1.2797579765319824,0.5894734134679998,interstitial:int2,1,interstitial:int2,1,0.25,0.0,0,1,0.75
TaSe2,Rb,37,5,4,adsorbate,adsorbate,1,1,8.945841949999988,8.973230600357056,0.027388650357067945,adsorbate:ads2,1,adsorbate:ads2,1,0.25,0.0,1,0,0.75
TaSe2,Re,75,6,4,interstitial,interstitial,1,1,-3.2132497100000137,-3.7794854640960693,0.5662357540960556,interstitial:int2,1,interstitial:int2,1,0.25,0.0,0,1,0.75
TaSe2,Ru,44,5,2,interstitial,interstitial,1,1,-2.313100990000009,-1.7211098670959473,0.5919911229040618,interstitial:int0,1,interstitial:int0,1,0.5,0.0,0,1,0.5
TaSe2,S,16,3,4,adsorbate,adsorbate,1,1,1.9397397199999766,3.2483837604522705,1.3086440404522939,adsorbate:ads0,1,adsorbate:ads0,1,0.25,0.0,1,0,0.75
TaSe2,Sc,21,4,3,adsorbate,adsorbate,1,1,2.4188894299999797,2.940373659133911,0.5214842291339314,adsorbate:ads1,1,adsorbate:ads1,1,0.3333333333333333,0.0,1,0,0.6666666666666667
TaSe2,Si,14,3,5,interstitial,interstitial,1,1,-0.7812199399999997,-0.30175983905792236,0.47946010094207736,interstitial:int2,1,interstitial:int2,1,0.2,0.0,0,1,0.8
TaSe2,Sn,50,5,5,adsorbate,adsorbate,1,1,2.409452909999999,0.9708765745162964,1.4385763354837025,adsorbate:ads1,1,adsorbate:ads1,1,0.2,0.0,1,0,0.8
TaSe2,Sr,38,5,3,adsorbate,adsorbate,1,1,6.752855049999995,5.857886791229248,0.8949682587707466,adsorbate:ads2,1,adsorbate:ads2,1,0.3333333333333333,0.0,1,0,0.6666666666666667
TaSe2,Tc,43,5,3,adsorbate,adsorbate,1,1,1.9773899599999818,1.9932384490966797,0.015848489096697893,adsorbate:ads2,1,adsorbate:ads2,1,0.3333333333333333,0.0,1,0,0.6666666666666667
TaSe2,Ti,22,4,3,adsorbate,adsorbate,1,1,0.6489345399999991,0.10391032695770264,0.5450242130422964,adsorbate:ads1,1,adsorbate:ads1,1,0.3333333333333333,0.0,1,0,0.6666666666666667
TaSe2,V,23,4,4,interstitial,interstitial,1,1,-2.00120228999998,-2.0559667348861694,0.054764444886189256,interstitial:int2,1,interstitial:int2,1,0.25,0.0,0,1,0.75
TaSe2,W,74,6,3,interstitial,interstitial,1,1,-0.7385142800000031,-1.902163028717041,1.163648748717038,interstitial:int0,1,interstitial:int0,1,0.3333333333333333,0.0,0,1,0.6666666666666667
TaSe2,Y,39,5,4,adsorbate,adsorbate,1,1,4.306353080000008,3.4435341358184814,0.8628189441815266,adsorbate:ads2,1,adsorbate:int2,0,0.25,1.5361660100000165,1,0,-0.25
TaSe2,Zn,30,4,4,adsorbate,adsorbate,1,1,0.4366397100000087,0.0688180923461914,0.36782161765381727,adsorbate:ads2,1,adsorbate:ads2,1,0.25,0.0,1,0,0.75
TaSe2,Zr,40,5,3,interstitial,interstitial,1,1,-1.139593839999975,-1.3227958679199219,0.18320202791994689,interstitial:int0,1,interstitial:int0,1,0.3333333333333333,0.0,0,1,0.6666666666666667
TiO2,B,5,2,4,adsorbate,adsorbate,1,1,4.301825899999983,1.0229040384292603,3.2789218615707227,adsorbate:int1,1,adsorbate:int1,1,0.25,0.0,1,0,0.75
TiO2,Be,4,2,5,adsorbate,adsorbate,1,1,6.362961349999979,1.768660545349121,4.5943008046508576,adsorbate:int1,1,adsorbate:int1,1,0.2,0.0,1,0,0.8
TiO2,C,6,2,5,adsorbate,adsorbate,1,1,0.6520242900000417,1.136092185974121,0.4840678959740794,adsorbate:ads0,1,adsorbate:ads1,0,0.2,3.413633570000002,1,0,-0.2
TiO2,F,9,2,5,adsorbate,adsorbate,1,1,1.6610706399999913,1.9036062955856323,0.24253565558564105,adsorbate:ads2,1,adsorbate:ads2,1,0.2,0.0,1,0,0.8
TiO2,H,1,1,5,adsorbate,adsorbate,1,1,2.5689663400000318,1.1940168142318726,1.3749495257681592,adsorbate:ads0,1,adsorbate:ads0,1,0.2,0.0,1,0,0.8
TiO2,Li,3,2,5,adsorbate,adsorbate,1,1,6.268339629999957,2.896586775779724,3.371752854220233,adsorbate:int1,1,adsorbate:ads2,0,0.2,0.3508395999999723,1,0,-0.2
TiO2,N,7,2,5,adsorbate,interstitial,1,0,2.1036358400000372,-1.2328860759735107,3.336521915973548,adsorbate:ads0,1,interstitial:int0,0,0.2,2.7953065800000436,1,-1,-0.2
TiO2,Si,14,3,5,adsorbate,adsorbate,1,1,7.376980919999993,3.273367404937744,4.103613515062249,adsorbate:ads2,1,adsorbate:int1,0,0.2,2.2784828700000053,1,0,-0.2
TiS2,Ag,47,5,4,adsorbate,adsorbate,1,1,2.2245325899999955,3.385014533996582,1.1604819439965866,adsorbate:ads2,1,adsorbate:ads2,1,0.25,0.0,1,0,0.75
TiS2,Al,13,3,4,interstitial,interstitial,1,1,-0.5621150199999931,-0.14496850967407227,0.41714651032592087,interstitial:int2,1,interstitial:int2,1,0.25,0.0,0,1,0.75
TiS2,As,33,4,5,adsorbate,adsorbate,1,1,1.6143763400000073,0.8765522241592407,0.7378241158407666,adsorbate:ads1,1,adsorbate:ads1,1,0.2,0.0,1,0,0.8
TiS2,Au,79,6,4,adsorbate,adsorbate,1,1,6.098741480000002,2.750187397003174,3.348554082996828,adsorbate:ads1,1,adsorbate:ads1,1,0.25,0.0,1,0,0.75
TiS2,B,5,2,5,interstitial,interstitial,1,1,-0.8759770199999934,-0.229140043258667,0.6468369767413265,interstitial:int2,1,interstitial:ads2,0,0.2,0.33425117999999543,0,1,-0.2
TiS2,Be,4,2,5,interstitial,adsorbate,1,0,-0.2513951800000027,0.08943605422973633,0.34083123422973904,interstitial:int2,1,adsorbate:ads2,0,0.2,0.2513951800000027,0,0,-0.2
TiS2,Br,35,4,4,adsorbate,adsorbate,1,1,4.656535759999997,5.0882322788238525,0.4316965188238555,adsorbate:ads2,1,adsorbate:ads0,0,0.25,0.7934835199999952,1,0,-0.25
TiS2,C,6,2,5,interstitial,interstitial,1,1,-1.7134898600000095,-2.811749219894409,1.0982593598943997,interstitial:ads1,1,interstitial:int0,0,0.2,0.9089434299999937,0,1,-0.2
TiS2,Co,27,4,4,interstitial,interstitial,1,1,-0.343460919999984,-0.04120278358459473,0.3022581364153893,interstitial:int2,1,interstitial:int2,1,0.25,0.0,0,1,0.75
TiS2,Cr,24,4,3,adsorbate,adsorbate,1,1,0.9929690499999992,1.1555784940719604,0.1626094440719612,adsorbate:ads1,1,adsorbate:ads1,1,0.3333333333333333,0.0,1,0,0.6666666666666667
TiS2,Cu,29,4,5,adsorbate,interstitial,1,0,0.3027636799999982,-0.39519596099853516,0.6979596409985334,adsorbate:ads2,1,interstitial:int2,0,0.2,0.3027636799999982,1,-1,-0.2
TiS2,F,9,2,3,adsorbate,adsorbate,1,1,0.19200352999999382,1.4442439079284668,1.252240377928473,adsorbate:ads1,1,adsorbate:ads1,1,0.3333333333333333,0.0,1,0,0.6666666666666667
TiS2,Fe,26,4,3,adsorbate,interstitial,1,0,0.4386593600000024,-0.19754695892333984,0.6362063189233422,adsorbate:ads2,1,interstitial:int2,0,0.3333333333333333,0.4386593600000024,1,-1,-0.3333333333333333
TiS2,Ga,31,4,5,adsorbate,adsorbate,1,1,1.1618764899999974,0.16576290130615234,0.996113588693845,adsorbate:ads2,1,adsorbate:ads2,1,0.2,0.0,1,0,0.8
TiS2,H,1,1,5,interstitial,interstitial,1,1,-0.36215454999998536,-0.15544486045837402,0.20670968954161134,interstitial:int1,1,interstitial:int1,1,0.2,0.0,0,1,0.8
TiS2,Hf,72,6,4,adsorbate,adsorbate,1,1,1.984373909999988,2.2937971353530884,0.3094232253531004,adsorbate:int2,1,adsorbate:int2,1,0.25,0.0,1,0,0.75
TiS2,Ir,77,6,2,interstitial,interstitial,1,1,-0.9192070699999988,-0.4231969118118286,0.4960101581881702,interstitial:int2,1,interstitial:int2,1,0.5,0.0,0,1,0.5
TiS2,Li,3,2,5,adsorbate,adsorbate,1,1,0.6425037300000156,0.221160888671875,0.4213428413281406,adsorbate:ads2,1,adsorbate:ads2,1,0.2,0.0,1,0,0.8
TiS2,Lu,71,6,5,adsorbate,adsorbate,1,1,2.9403191399999855,2.346327543258667,0.5939915967413185,adsorbate:int2,1,adsorbate:int2,1,0.2,0.0,1,0,0.8
TiS2,Mn,25,4,4,interstitial,interstitial,1,1,-0.5155865299999789,-0.4279353618621826,0.08765116813779628,interstitial:int2,1,interstitial:int2,1,0.25,0.0,0,1,0.75
TiS2,N,7,2,6,interstitial,interstitial,1,1,-0.6005973799999822,-0.3649967908859253,0.2356005891140569,interstitial:int2,1,interstitial:int2,1,0.16666666666666666,0.0,0,1,0.8333333333333334
TiS2,Na,11,3,2,adsorbate,adsorbate,1,1,3.702963860000011,4.408343076705933,0.7053792167059214,adsorbate:int2,1,adsorbate:int2,1,0.5,0.0,1,0,0.5
TiS2,Nb,41,5,4,interstitial,adsorbate,1,0,-0.45017896000001656,0.7047011852264404,1.154880145226457,interstitial:int2,1,adsorbate:ads2,0,0.25,0.45017896000001656,0,0,-0.25
TiS2,Ni,28,4,4,adsorbate,adsorbate,1,1,0.17856390000000033,0.9190621376037598,0.7404982376037594,adsorbate:ads2,1,adsorbate:ads2,1,0.25,0.0,1,0,0.75
TiS2,O,8,2,4,adsorbate,adsorbate,1,1,0.9099721700000032,0.7342638969421387,0.17570827305786452,adsorbate:ads1,1,adsorbate:ads1,1,0.25,0.0,1,0,0.75
TiS2,Os,76,6,2,interstitial,adsorbate,1,0,-0.071394650000002,0.15982544422149658,0.23122009422149858,interstitial:int2,1,adsorbate:ads2,0,0.5,0.071394650000002,0,0,-0.5
TiS2,P,15,3,4,adsorbate,adsorbate,1,1,0.2523697000000027,0.20447874069213867,0.04789095930786402,adsorbate:ads2,1,adsorbate:ads2,1,0.25,0.0,1,0,0.75
TiS2,Pd,46,5,3,interstitial,interstitial,1,1,-0.2782611599999995,-1.0040767192840576,0.725815559284058,interstitial:int2,1,interstitial:int2,1,0.3333333333333333,0.0,0,1,0.6666666666666667
TiS2,Pt,78,6,2,interstitial,interstitial,1,1,-0.16252514000001378,-0.8379671573638916,0.6754420173638778,interstitial:int2,1,interstitial:int2,1,0.5,0.0,0,1,0.5
TiS2,Rh,45,5,3,adsorbate,adsorbate,1,1,0.5572496099999852,0.7532634735107422,0.196013863510757,adsorbate:ads2,1,adsorbate:ads2,1,0.3333333333333333,0.0,1,0,0.6666666666666667
TiS2,Ru,44,5,5,adsorbate,interstitial,1,0,0.095068580000003,-0.11791706085205078,0.2129856408520538,adsorbate:ads2,1,interstitial:int2,0,0.2,0.095068580000003,1,-1,-0.2
TiS2,Sb,51,5,4,adsorbate,adsorbate,1,1,7.990928019999983,5.0132224559783936,2.9777055640215897,adsorbate:ads1,1,adsorbate:ads2,0,0.25,0.1257817400000079,1,0,-0.25
TiS2,Sc,21,4,5,adsorbate,adsorbate,1,1,2.841919090000004,2.916015148162842,0.0740960581628376,adsorbate:ads2,1,adsorbate:ads2,1,0.2,0.0,1,0,0.8
TiS2,Se,34,4,5,adsorbate,adsorbate,1,1,2.7995691699999843,1.9266960620880127,0.8728731079119716,adsorbate:ads0,1,adsorbate:ads1,0,0.2,0.2857701899999938,1,0,-0.2
TiS2,Si,14,3,5,interstitial,interstitial,1,1,-0.6950597700000003,-0.3640775680541992,0.3309822019458011,interstitial:int2,1,interstitial:int2,1,0.2,0.0,0,1,0.8
TiS2,Sn,50,5,5,adsorbate,adsorbate,1,1,2.471332799999999,2.2148854732513428,0.2564473267486562,adsorbate:ads2,1,adsorbate:ads1,0,0.2,0.2138768300000038,1,0,-0.2
TiS2,Ta,73,6,5,adsorbate,adsorbate,1,1,1.4625087299999961,1.3206090927124023,0.1418996372875938,adsorbate:int2,1,adsorbate:int2,1,0.2,0.0,1,0,0.8
TiS2,Tc,43,5,5,adsorbate,adsorbate,1,1,0.04996823999999832,0.011823892593383789,0.03814434740661453,adsorbate:ads2,1,adsorbate:ads2,1,0.2,0.0,1,0,0.8
TiS2,V,23,4,3,interstitial,interstitial,1,1,-1.1567347200000029,-1.149181604385376,0.007553115614626904,interstitial:int2,1,interstitial:int2,1,0.3333333333333333,0.0,0,1,0.6666666666666667
TiS2,W,74,6,4,interstitial,interstitial,1,1,-2.601574190000008,-1.8700014352798462,0.7315727547201618,interstitial:int2,1,interstitial:int2,1,0.25,0.0,0,1,0.75
TiS2,Y,39,5,5,adsorbate,adsorbate,1,1,3.4551367999999907,2.987416982650757,0.46771981734923385,adsorbate:ads2,1,adsorbate:ads2,1,0.2,0.0,1,0,0.8
V2CO2,Ag,47,5,4,adsorbate,adsorbate,1,1,6.545557239999994,10.032567143440247,3.487009903440253,adsorbate:ads2,1,adsorbate:ads2,1,0.25,0.0,1,0,0.75
V2CO2,B,5,2,4,adsorbate,adsorbate,1,1,2.882339160000015,2.4697213172912598,0.41261784270875523,adsorbate:ads2,1,adsorbate:ads2,1,0.25,0.0,1,0,0.75
V2CO2,Be,4,2,5,adsorbate,adsorbate,1,1,4.679364650000025,1.4674885272979736,3.2118761227020514,adsorbate:ads2,1,adsorbate:ads1,0,0.2,0.7827681399999165,1,0,-0.2
V2CO2,Br,35,4,4,adsorbate,adsorbate,1,1,6.98493719999999,11.376023054122925,4.3910858541229345,adsorbate:ads1,1,adsorbate:ads2,0,0.25,0.36460161000002245,1,0,-0.25
V2CO2,Co,27,4,4,adsorbate,adsorbate,1,1,4.691692529999956,5.505349040031433,0.8136565100314774,adsorbate:ads2,1,adsorbate:ads2,1,0.25,0.0,1,0,0.75
V2CO2,Cr,24,4,4,adsorbate,adsorbate,1,1,4.726496949999956,4.647443056106567,0.07905389389338868,adsorbate:ads2,1,adsorbate:ads2,1,0.25,0.0,1,0,0.75
V2CO2,Cu,29,4,4,adsorbate,adsorbate,1,1,5.408059330000014,6.574313759803772,1.1662544298037583,adsorbate:ads1,1,adsorbate:ads1,1,0.25,0.0,1,0,0.75
V2CO2,Fe,26,4,4,adsorbate,adsorbate,1,1,4.866352870000015,5.297746658325195,0.43139378832518016,adsorbate:ads2,1,adsorbate:ads2,1,0.25,0.0,1,0,0.75
V2CO2,Ga,31,4,4,adsorbate,adsorbate,1,1,8.007965020000029,7.0634307861328125,0.9445342338672162,adsorbate:ads1,1,adsorbate:ads1,1,0.25,0.0,1,0,0.75
V2CO2,Ge,32,4,4,adsorbate,adsorbate,1,1,7.592358719999992,7.389624118804932,0.20273460119506037,adsorbate:ads2,1,adsorbate:ads2,1,0.25,0.0,1,0,0.75
V2CO2,H,1,1,5,adsorbate,adsorbate,1,1,2.1632675899999185,1.4150335788726807,0.7482340111272379,adsorbate:ads0,1,adsorbate:ads0,1,0.2,0.0,1,0,0.8
V2CO2,Li,3,2,5,adsorbate,adsorbate,1,1,5.87716125999998,5.312906503677368,0.5642547563226117,adsorbate:ads2,1,adsorbate:ads2,1,0.2,0.0,1,0,0.8
V2CO2,Mg,12,3,3,adsorbate,adsorbate,1,1,9.094085080000013,4.025718450546265,5.068366629453749,adsorbate:ads2,1,adsorbate:ads2,1,0.3333333333333333,0.0,1,0,0.6666666666666667
V2CO2,Mn,25,4,4,adsorbate,adsorbate,1,1,5.4887262199999896,5.584262847900391,0.09553662790040107,adsorbate:ads2,1,adsorbate:ads2,1,0.25,0.0,1,0,0.75
V2CO2,N,7,2,4,interstitial,adsorbate,1,0,-1.2516704899999245,1.0427145957946777,2.294385085794602,interstitial:int0,1,adsorbate:ads0,0,0.25,1.2516704899999245,0,0,-0.25
V2CO2,P,15,3,4,adsorbate,adsorbate,1,1,1.4153928700000054,2.6013410091400146,1.1859481391400093,adsorbate:ads2,1,adsorbate:ads2,1,0.25,0.0,1,0,0.75
V2CO2,Pd,46,5,4,adsorbate,adsorbate,1,1,5.876645449999955,6.461059093475342,0.5844136434753864,adsorbate:ads1,1,adsorbate:ads0,0,0.25,0.6802717100000564,1,0,-0.25
V2CO2,Re,75,6,4,adsorbate,adsorbate,1,1,7.445590649999985,3.4613733291625977,3.984217320837387,adsorbate:ads2,1,adsorbate:ads2,1,0.25,0.0,1,0,0.75
V2CO2,Rh,45,5,4,adsorbate,adsorbate,1,1,4.097067130000028,4.799710035324097,0.702642905324069,adsorbate:ads1,1,adsorbate:ads1,1,0.25,0.0,1,0,0.75
V2CO2,Ru,44,5,4,adsorbate,adsorbate,1,1,3.5730666899999055,6.764949321746826,3.1918826317469207,adsorbate:ads2,1,adsorbate:ads1,0,0.25,0.1598378599999255,1,0,-0.25
V2CO2,S,16,3,4,adsorbate,adsorbate,1,1,6.325634780000087,4.828314781188965,1.4973199988111219,adsorbate:ads0,1,adsorbate:ads0,1,0.25,0.0,1,0,0.75
V2CO2,Se,34,4,4,adsorbate,adsorbate,1,1,7.291065259999982,6.591068267822266,0.6999969921777165,adsorbate:ads0,1,adsorbate:ads0,1,0.25,0.0,1,0,0.75
V2CO2,Ti,22,4,4,adsorbate,adsorbate,1,1,5.9712019300000065,7.872203826904297,1.9010018969042903,adsorbate:ads2,1,adsorbate:ads2,1,0.25,0.0,1,0,0.75
V2CO2,W,74,6,5,adsorbate,adsorbate,1,1,8.22067418000006,5.294049024581909,2.926625155418151,adsorbate:ads2,1,adsorbate:ads2,1,0.2,0.0,1,0,0.8
V2CO2,Zr,40,5,4,adsorbate,adsorbate,1,1,5.231336179999971,10.932306289672852,5.70097010967288,adsorbate:ads2,1,adsorbate:ads2,1,0.25,0.0,1,0,0.75
W2Se4,Al,13,3,5,adsorbate,adsorbate,1,1,1.610253529999909,0.8076121807098389,0.8026413492900701,adsorbate:ads2,1,adsorbate:ads2,1,0.2,0.0,1,0,0.8
W2Se4,B,5,2,6,interstitial,interstitial,1,1,-1.70189455000002,-2.6228246688842773,0.9209301188842574,interstitial:int4,1,interstitial:int4,1,0.16666666666666666,0.0,0,1,0.8333333333333334
W2Se4,Be,4,2,5,interstitial,interstitial,1,1,-0.9489979899999526,-0.33872878551483154,0.610269204485121,interstitial:int4,1,interstitial:int4,1,0.2,0.0,0,1,0.8
W2Se4,C,6,2,6,interstitial,interstitial,1,1,-2.794299590000038,-2.257911443710327,0.5363881462897107,interstitial:int1,1,interstitial:int4,0,0.16666666666666666,0.34550794000006135,0,1,-0.16666666666666666
W2Se4,Cl,17,3,4,adsorbate,adsorbate,1,1,4.916535840000051,5.570239067077637,0.6537032270775853,adsorbate:ads2,1,adsorbate:ads1,0,0.25,0.16308655000000277,1,0,-0.25
W2Se4,Co,27,4,3,interstitial,interstitial,1,1,-0.4183650499999203,-0.31848788261413574,0.09987716738578456,interstitial:int3,1,interstitial:int3,1,0.3333333333333333,0.0,0,1,0.6666666666666667
W2Se4,Cr,24,4,5,adsorbate,adsorbate,1,1,0.6218832300000945,0.31580162048339844,0.30608160951669605,adsorbate:ads2,1,adsorbate:ads2,1,0.2,0.0,1,0,0.8
W2Se4,F,9,2,5,adsorbate,adsorbate,1,1,2.424868139999944,2.1291016340255737,0.2957665059743704,adsorbate:ads2,1,adsorbate:ads2,1,0.2,0.0,1,0,0.8
W2Se4,H,1,1,8,interstitial,interstitial,1,1,-0.32476266000003284,-0.06402063369750977,0.2607420263025231,interstitial:int4,1,interstitial:int1,0,0.125,0.6370516299999733,0,1,-0.125
W2Se4,Ir,77,6,4,interstitial,adsorbate,1,0,-0.719364300000052,3.858720541000366,4.578084841000418,interstitial:int4,1,adsorbate:ads0,0,0.25,3.4199701300000243,0,0,-0.25
W2Se4,Li,3,2,5,adsorbate,adsorbate,1,1,4.889680590000012,3.209979772567749,1.6797008174322627,adsorbate:ads2,1,adsorbate:int4,0,0.2,0.12501995000002353,1,0,-0.2
W2Se4,Mn,25,4,5,adsorbate,adsorbate,1,1,0.39059639000004176,0.0949866771697998,0.29560971283024196,adsorbate:ads2,1,adsorbate:int4,0,0.2,0.2638139800000092,1,0,-0.2
W2Se4,Mo,42,5,3,interstitial,interstitial,1,1,-1.5214648300000144,-1.4045097827911377,0.11695504720887673,interstitial:int4,1,interstitial:int4,1,0.3333333333333333,0.0,0,1,0.6666666666666667
W2Se4,N,7,2,5,interstitial,interstitial,1,1,-1.0324880000000576,-0.6607625484466553,0.3717254515534023,interstitial:ads2,1,interstitial:ads2,1,0.2,0.0,0,1,0.8
W2Se4,Ni,28,4,4,adsorbate,adsorbate,1,1,0.19248850000008133,0.5871788263320923,0.39469032633201095,adsorbate:ads2,1,adsorbate:ads2,1,0.25,0.0,1,0,0.75
W2Se4,O,8,2,8,adsorbate,adsorbate,1,1,0.5066944500000546,0.7296134233474731,0.2229189733474185,adsorbate:int3,1,adsorbate:int3,1,0.125,0.0,1,0,0.875
W2Se4,Os,76,6,3,interstitial,interstitial,1,1,-3.572404209999946,-1.959028720855713,1.6133754891442331,interstitial:int4,1,interstitial:int4,1,0.3333333333333333,0.0,0,1,0.6666666666666667
W2Se4,P,15,3,4,adsorbate,adsorbate,1,1,1.9496065600000065,1.3114590644836426,0.638147495516364,adsorbate:ads2,1,adsorbate:ads2,1,0.25,0.0,1,0,0.75
W2Se4,Pt,78,6,4,adsorbate,adsorbate,1,1,1.309136279999962,1.9685313701629639,0.6593950901630019,adsorbate:ads2,1,adsorbate:ads2,1,0.25,0.0,1,0,0.75
W2Se4,Rh,45,5,4,adsorbate,adsorbate,1,1,5.296986940000011,6.797335386276245,1.5003484462762344,adsorbate:ads2,1,adsorbate:ads2,1,0.25,0.0,1,0,0.75
W2Se4,S,16,3,6,adsorbate,adsorbate,1,1,2.1130556000000524,2.7518935203552246,0.6388379203551722,adsorbate:ads0,1,adsorbate:ads0,1,0.16666666666666666,0.0,1,0,0.8333333333333334
W2Se4,Si,14,3,4,adsorbate,adsorbate,1,1,1.92743403999998,0.3270225524902344,1.6004114875097457,adsorbate:ads2,1,adsorbate:ads2,1,0.25,0.0,1,0,0.75
W2Se4,Ta,73,6,4,interstitial,adsorbate,1,0,-0.7530155200000768,0.02743387222290039,0.7804493922229772,interstitial:int4,1,adsorbate:ads2,0,0.25,0.7530155200000768,0,0,-0.25
W2Se4,Tc,43,5,4,adsorbate,adsorbate,1,1,8.256533539999968,9.138517379760742,0.8819838397607747,adsorbate:ads1,1,adsorbate:ads1,1,0.25,0.0,1,0,0.75
W2Se4,V,23,4,5,interstitial,adsorbate,1,0,-0.35145300999999973,0.04817509651184082,0.39962810651184055,interstitial:int3,1,adsorbate:ads2,0,0.2,0.35145300999999973,0,0,-0.2
W2Te4,Al,13,3,4,adsorbate,adsorbate,1,1,1.722244719999992,1.3678758144378662,0.35436890556212575,adsorbate:ads2,1,adsorbate:ads2,1,0.25,0.0,1,0,0.75
W2Te4,As,33,4,4,adsorbate,adsorbate,1,1,1.6462377000000283,0.894829511642456,0.7514081883575723,adsorbate:ads2,1,adsorbate:ads2,1,0.25,0.0,1,0,0.75
W2Te4,Au,79,6,4,adsorbate,adsorbate,1,1,0.8488502600000061,1.8857417106628418,1.0368914506628357,adsorbate:ads2,1,adsorbate:ads2,1,0.25,0.0,1,0,0.75
W2Te4,B,5,2,6,interstitial,interstitial,1,1,-3.0090615999999963,-3.177423119544983,0.16836151954498657,interstitial:int4,1,interstitial:int4,1,0.16666666666666666,0.0,0,1,0.8333333333333334
W2Te4,Be,4,2,7,interstitial,interstitial,1,1,-1.649022470000034,-1.8972125053405762,0.24819003534054218,interstitial:int4,1,interstitial:int3,0,0.14285714285714285,0.01623962000002166,0,1,-0.14285714285714285
W2Te4,Br,35,4,5,adsorbate,adsorbate,1,1,5.6012395200000356,5.1612725257873535,0.43996699421268204,adsorbate:ads2,1,adsorbate:ads2,1,0.2,0.0,1,0,0.8
W2Te4,C,6,2,5,interstitial,interstitial,1,1,-3.7829777200000194,-2.6922006607055664,1.090777059294453,interstitial:int3,1,interstitial:int3,1,0.2,0.0,0,1,0.8
W2Te4,Ca,20,4,5,adsorbate,adsorbate,1,1,3.2387090000000285,4.31104850769043,1.0723395076904012,adsorbate:ads2,1,adsorbate:ads2,1,0.2,0.0,1,0,0.8
W2Te4,Cd,48,5,4,adsorbate,adsorbate,1,1,3.231262170000037,3.419797420501709,0.1885352505016722,adsorbate:ads1,1,adsorbate:ads0,0,0.25,0.0456949400000326,1,0,-0.25
W2Te4,Cl,17,3,6,adsorbate,adsorbate,1,1,4.722348829999988,4.269673585891724,0.45267524410826443,adsorbate:ads2,1,adsorbate:ads2,1,0.16666666666666666,0.0,1,0,0.8333333333333334
W2Te4,Co,27,4,4,interstitial,interstitial,1,1,-2.9943393500000193,-2.110508918762207,0.8838304312378122,interstitial:int3,1,interstitial:int3,1,0.25,0.0,0,1,0.75
W2Te4,Cr,24,4,5,interstitial,interstitial,1,1,-0.18429377000001024,-0.4591519832611084,0.27485821326109816,interstitial:int3,1,interstitial:int4,0,0.2,0.8598642599999944,0,1,-0.2
W2Te4,Cs,55,6,4,adsorbate,adsorbate,1,1,10.019966969999984,12.00800371170044,1.988036741700455,adsorbate:ads2,1,adsorbate:ads2,1,0.25,0.0,1,0,0.75
W2Te4,Cu,29,4,5,interstitial,adsorbate,1,0,-0.4733282199999851,0.09596133232116699,0.5692895523211521,interstitial:int3,1,adsorbate:ads2,0,0.2,0.4733282199999851,0,0,-0.2
W2Te4,F,9,2,7,adsorbate,adsorbate,1,1,1.3609774399999994,0.5469512939453125,0.8140261460546869,adsorbate:ads2,1,adsorbate:ads2,1,0.14285714285714285,0.0,1,0,0.8571428571428572
W2Te4,Fe,26,4,5,interstitial,interstitial,1,1,-1.5123170099999466,-1.1144556999206543,0.39786131007929226,interstitial:int3,1,interstitial:int3,1,0.2,0.0,0,1,0.8
W2Te4,Ga,31,4,5,adsorbate,adsorbate,1,1,2.740124340000023,3.062818169593811,0.322693829593788,adsorbate:ads2,1,adsorbate:ads2,1,0.2,0.0,1,0,0.8
W2Te4,Ge,32,4,5,adsorbate,adsorbate,1,1,2.7070573600000216,3.002641439437866,0.2955840794378446,adsorbate:ads2,1,adsorbate:ads2,1,0.2,0.0,1,0,0.8
W2Te4,H,1,1,8,interstitial,interstitial,1,1,-0.7822862099999952,-0.9682819843292236,0.18599577432922842,interstitial:int4,1,interstitial:int4,1,0.125,0.0,0,1,0.875
W2Te4,Hf,72,6,5,adsorbate,adsorbate,1,1,0.5462446500000047,0.814772367477417,0.26852771747741233,adsorbate:ads2,1,adsorbate:ads2,1,0.2,0.0,1,0,0.8
W2Te4,I,53,5,4,adsorbate,adsorbate,1,1,7.075108250000028,8.225970268249512,1.1508620182494838,adsorbate:ads2,1,adsorbate:ads2,1,0.25,0.0,1,0,0.75
W2Te4,Ir,77,6,4,interstitial,interstitial,1,1,-1.045910509999998,-1.5564908981323242,0.5105803881323263,interstitial:int4,1,interstitial:int4,1,0.25,0.0,0,1,0.75
W2Te4,Li,3,2,6,adsorbate,interstitial,1,0,1.0148691100000065,-0.34342026710510254,1.358289377105109,adsorbate:ads2,1,interstitial:int3,0,0.16666666666666666,1.0148691100000065,1,-1,-0.16666666666666666
W2Te4,Mn,25,4,5,interstitial,adsorbate,1,0,-0.6351212100000225,0.03468942642211914,0.6698106364221417,interstitial:int3,1,adsorbate:ads2,0,0.2,0.6351212100000225,0,0,-0.2
W2Te4,Mo,42,5,5,interstitial,interstitial,1,1,-0.06367438000000902,-0.3602008819580078,0.2965265019579988,interstitial:int4,1,interstitial:int4,1,0.2,0.0,0,1,0.8
W2Te4,N,7,2,7,interstitial,interstitial,1,1,-1.9441499299999805,-2.459701180458069,0.5155512504580884,interstitial:int4,1,interstitial:int4,1,0.14285714285714285,0.0,0,1,0.8571428571428572
W2Te4,Na,11,3,4,adsorbate,adsorbate,1,1,4.604381390000014,1.2337331771850586,3.370648212814955,adsorbate:int4,1,adsorbate:int4,1,0.25,0.0,1,0,0.75
W2Te4,Ni,28,4,3,interstitial,adsorbate,1,0,-0.631499159999976,0.19387483596801758,0.8253739959679935,interstitial:int4,1,adsorbate:ads2,0,0.3333333333333333,0.631499159999976,0,0,-0.3333333333333333
W2Te4,O,8,2,7,interstitial,adsorbate,1,0,-0.8054515700000024,0.7048918008804321,1.5103433708804346,interstitial:int3,1,adsorbate:ads2,0,0.14285714285714285,0.8054515700000024,0,0,-0.14285714285714285
W2Te4,Os,76,6,3,interstitial,interstitial,1,1,-2.5567996199999934,-2.7587432861328125,0.2019436661328191,interstitial:int4,1,interstitial:int4,1,0.3333333333333333,0.0,0,1,0.6666666666666667
W2Te4,P,15,3,5,adsorbate,interstitial,1,0,0.4150460099999691,-0.03594827651977539,0.4509942865197445,adsorbate:ads2,1,interstitial:int3,0,0.2,0.4150460099999691,1,-1,-0.2
W2Te4,Pd,46,5,4,adsorbate,adsorbate,1,1,0.4760200000000061,0.19593381881713867,0.28008618118286743,adsorbate:ads2,1,adsorbate:ads2,1,0.25,0.0,1,0,0.75
W2Te4,Pt,78,6,4,interstitial,interstitial,1,1,-0.36282287000000224,-0.15305471420288086,0.20976815579712138,interstitial:int4,1,interstitial:int4,1,0.25,0.0,0,1,0.75
W2Te4,Re,75,6,4,interstitial,interstitial,1,1,-1.2192686900000353,-1.8010740280151367,0.5818053380151014,interstitial:int4,1,interstitial:int4,1,0.25,0.0,0,1,0.75
W2Te4,Rh,45,5,4,interstitial,interstitial,1,1,-0.29683768000000965,-0.5834589004516602,0.2866212204516505,interstitial:int4,1,interstitial:int4,1,0.25,0.0,0,1,0.75
W2Te4,Ru,44,5,4,interstitial,interstitial,1,1,-1.7763239000000226,-0.6541969776153564,1.1221269223846662,interstitial:int4,1,interstitial:int4,1,0.25,0.0,0,1,0.75
W2Te4,S,16,3,5,adsorbate,adsorbate,1,1,1.7824575799999707,2.2103155851364136,0.4278580051364429,adsorbate:ads0,1,adsorbate:ads0,1,0.2,0.0,1,0,0.8
W2Te4,Sc,21,4,5,adsorbate,adsorbate,1,1,2.4875094299999887,2.105896830558777,0.38161259944121184,adsorbate:ads2,1,adsorbate:int4,0,0.2,0.4610320400000205,1,0,-0.2
W2Te4,Se,34,4,5,adsorbate,adsorbate,1,1,0.87555322999998,0.7775908708572388,0.0979623591427412,adsorbate:ads0,1,adsorbate:ads0,1,0.2,0.0,1,0,0.8
W2Te4,Si,14,3,4,adsorbate,adsorbate,1,1,1.6028233199999704,0.1253523826599121,1.4774709373400583,adsorbate:ads2,1,adsorbate:ads2,1,0.25,0.0,1,0,0.75
W2Te4,Sn,50,5,4,adsorbate,adsorbate,1,1,4.469738099999972,1.8919832706451416,2.5777548293548307,adsorbate:ads2,1,adsorbate:ads2,1,0.25,0.0,1,0,0.75
W2Te4,Ta,73,6,4,interstitial,interstitial,1,1,-0.49218232999999234,-0.33583879470825195,0.1563435352917404,interstitial:int4,1,interstitial:int4,1,0.25,0.0,0,1,0.75
W2Te4,Ti,22,4,5,interstitial,interstitial,1,1,-0.42432874999997283,-0.6588542461395264,0.23452549613955354,interstitial:int3,1,interstitial:int3,1,0.2,0.0,0,1,0.8
W2Te4,V,23,4,5,interstitial,interstitial,1,1,-0.6031325199999733,-0.6635208129882812,0.060388292988307946,interstitial:int3,1,interstitial:int3,1,0.2,0.0,0,1,0.8
W2Te4,Xe,54,5,4,adsorbate,adsorbate,1,1,10.564235749999968,8.226040363311768,2.3381953866882004,adsorbate:ads2,1,adsorbate:ads0,0,0.25,0.0217014300000073,1,0,-0.25
W2Te4,Zn,30,4,4,adsorbate,adsorbate,1,1,1.7549366200000243,2.519927144050598,0.7649905240505739,adsorbate:ads2,1,adsorbate:ads1,0,0.25,0.032602800000006704,1,0,-0.25
W2Te4,Zr,40,5,5,interstitial,adsorbate,1,0,-0.44320879999997853,1.026658535003662,1.4698673350036406,interstitial:int3,1,adsorbate:ads2,0,0.2,0.44320879999997853,0,0,-0.2
WS2,As,33,4,4,adsorbate,adsorbate,1,1,6.587525440000035,6.6938910484313965,0.10636560843136156,adsorbate:ads0,1,adsorbate:ads0,1,0.25,0.0,1,0,0.75
WS2,B,5,2,6,interstitial,interstitial,1,1,-0.512123239999994,-0.35324859619140625,0.15887464380858773,interstitial:int3,1,interstitial:int3,1,0.16666666666666666,0.0,0,1,0.8333333333333334
WS2,Be,4,2,7,adsorbate,adsorbate,1,1,1.1788940600000064,1.4178791046142578,0.2389850446142514,adsorbate:ads2,1,adsorbate:ads2,1,0.14285714285714285,0.0,1,0,0.8571428571428572
WS2,Br,35,4,4,adsorbate,adsorbate,1,1,14.399093279999985,15.089391827583313,0.6902985475833283,adsorbate:ads0,1,adsorbate:ads0,1,0.25,0.0,1,0,0.75
WS2,C,6,2,7,interstitial,interstitial,1,1,-0.8375948200000494,-1.1171855926513672,0.2795907726513178,interstitial:int3,2,interstitial:int4,1,0.2857142857142857,0.0,0,1,0.7142857142857143
WS2,Ca,20,4,4,adsorbate,adsorbate,1,1,10.4839743,10.236291408538818,0.2476828914611815,adsorbate:ads2,1,adsorbate:ads1,0,0.25,0.0403275500000293,1,0,-0.25
WS2,Cd,48,5,5,adsorbate,adsorbate,1,1,14.486196610000038,11.38848328590393,3.097713324096107,adsorbate:ads1,1,adsorbate:ads2,0,0.2,0.0017501800000445655,1,0,-0.2
WS2,Cl,17,3,5,adsorbate,adsorbate,1,1,8.639308060000022,9.024354100227356,0.38504604022733346,adsorbate:ads0,1,adsorbate:ads0,1,0.2,0.0,1,0,0.8
WS2,Co,27,4,5,adsorbate,adsorbate,1,1,2.3193319499999925,2.809821605682373,0.49048965568238057,adsorbate:ads1,1,adsorbate:ads2,0,0.2,0.36491151999996463,1,0,-0.2
WS2,Cr,24,4,4,adsorbate,adsorbate,1,1,13.96756399999998,7.1311891078948975,6.836374892105082,adsorbate:ads2,1,adsorbate:ads2,1,0.25,0.0,1,0,0.75
WS2,Cu,29,4,4,adsorbate,adsorbate,1,1,4.746074790000023,4.802299737930298,0.05622494793027499,adsorbate:ads2,1,adsorbate:ads2,1,0.25,0.0,1,0,0.75
WS2,F,9,2,7,adsorbate,adsorbate,1,1,2.486716249999972,2.0824450254440308,0.40427122455594144,adsorbate:ads1,1,adsorbate:ads1,1,0.14285714285714285,0.0,1,0,0.8571428571428572
WS2,Ga,31,4,4,adsorbate,adsorbate,1,1,6.51954637,6.948909521102905,0.4293631511029057,adsorbate:ads1,1,adsorbate:ads1,1,0.25,0.0,1,0,0.75
WS2,Ge,32,4,3,adsorbate,adsorbate,1,1,13.063123890000046,13.925225734710693,0.8621018447106472,adsorbate:ads0,1,adsorbate:ads0,1,0.3333333333333333,0.0,1,0,0.6666666666666667
WS2,H,1,1,8,interstitial,interstitial,1,1,-0.06289663000001111,-0.11249017715454102,0.049593547154529904,interstitial:int0,1,interstitial:int0,1,0.125,0.0,0,1,0.875
WS2,Ir,77,6,3,adsorbate,adsorbate,1,1,10.558046560000033,10.395933151245117,0.16211340875491587,adsorbate:ads1,1,adsorbate:ads1,1,0.3333333333333333,0.0,1,0,0.6666666666666667
WS2,K,19,4,4,adsorbate,adsorbate,1,1,14.71357647000002,15.841999530792236,1.1284230607922172,adsorbate:ads2,1,adsorbate:ads0,0,0.25,0.1392393400000173,1,0,-0.25
WS2,Li,3,2,4,adsorbate,adsorbate,1,1,4.475367690000041,4.694850921630859,0.21948323163081795,adsorbate:ads2,1,adsorbate:ads2,1,0.25,0.0,1,0,0.75
WS2,Lu,71,6,6,adsorbate,adsorbate,1,1,7.84971091999995,7.55687141418457,0.29283950581537965,adsorbate:ads1,1,adsorbate:ads1,1,0.16666666666666666,0.0,1,0,0.8333333333333334
WS2,Mg,12,3,4,adsorbate,adsorbate,1,1,7.1738695100000305,6.155610799789429,1.0182587102106018,adsorbate:ads2,1,adsorbate:ads2,1,0.25,0.0,1,0,0.75
WS2,Mn,25,4,4,adsorbate,adsorbate,1,1,12.886402649999976,12.162911176681519,0.7234914733184574,adsorbate:ads1,1,adsorbate:ads1,1,0.25,0.0,1,0,0.75
WS2,Mo,42,5,4,adsorbate,adsorbate,1,1,4.419573710000009,3.7724218368530273,0.6471518731469814,adsorbate:ads2,1,adsorbate:ads2,1,0.25,0.0,1,0,0.75
WS2,N,7,2,6,adsorbate,adsorbate,1,1,0.17898416999997968,0.21256732940673828,0.0335831594067586,adsorbate:ads0,1,adsorbate:ads0,1,0.16666666666666666,0.0,1,0,0.8333333333333334
WS2,Nb,41,5,5,adsorbate,adsorbate,1,1,3.2823255399999898,3.5519332885742188,0.269607748574229,adsorbate:ads1,1,adsorbate:ads2,0,0.2,0.09107708999999886,1,0,-0.2
WS2,Ni,28,4,5,adsorbate,adsorbate,1,1,3.7004413900000372,3.32802414894104,0.3724172410589972,adsorbate:ads2,1,adsorbate:ads2,1,0.2,0.0,1,0,0.8
WS2,O,8,2,6,adsorbate,adsorbate,1,1,1.5363919200000282,1.24180269241333,0.29458922758669814,adsorbate:ads0,1,adsorbate:ads0,1,0.16666666666666666,0.0,1,0,0.8333333333333334
WS2,Os,76,6,4,adsorbate,adsorbate,1,1,3.0604402199999754,3.384035110473633,0.3235948904736574,adsorbate:ads2,1,adsorbate:ads1,0,0.25,0.11149199999999837,1,0,-0.25
WS2,P,15,3,4,adsorbate,adsorbate,1,1,10.000054290000035,9.633775472640991,0.3662788173590439,adsorbate:ads0,1,adsorbate:ads0,1,0.25,0.0,1,0,0.75
WS2,Pd,46,5,5,adsorbate,adsorbate,1,1,7.024702479999973,6.840323448181152,0.18437903181882032,adsorbate:ads1,1,adsorbate:ads1,1,0.2,0.0,1,0,0.8
WS2,Pt,78,6,4,adsorbate,adsorbate,1,1,11.785437459999967,12.008759498596191,0.22332203859622446,adsorbate:ads0,1,adsorbate:ads0,1,0.25,0.0,1,0,0.75
WS2,Rb,37,5,4,adsorbate,adsorbate,1,1,17.543042869999965,15.974856853485107,1.5681860165148578,adsorbate:ads2,1,adsorbate:ads2,1,0.25,0.0,1,0,0.75
WS2,Re,75,6,4,adsorbate,adsorbate,1,1,2.8128929000000076,2.142331123352051,0.6705617766479568,adsorbate:ads1,1,adsorbate:ads1,1,0.25,0.0,1,0,0.75
WS2,Ru,44,5,4,adsorbate,adsorbate,1,1,3.860744989999998,3.5312604904174805,0.32948449958251746,adsorbate:ads2,1,adsorbate:ads1,0,0.25,0.03709637000002797,1,0,-0.25
WS2,Sb,51,5,4,adsorbate,adsorbate,1,1,10.380246750000026,10.04209280014038,0.3381539498596453,adsorbate:ads2,1,adsorbate:ads0,0,0.25,0.08120888000001969,1,0,-0.25
WS2,Sc,21,4,3,adsorbate,adsorbate,1,1,5.237590809999972,5.503247499465942,0.26565668946597043,adsorbate:ads2,1,adsorbate:ads2,1,0.3333333333333333,0.0,1,0,0.6666666666666667
WS2,Se,34,4,4,adsorbate,adsorbate,1,1,9.608462220000037,8.930073618888855,0.6783886011111822,adsorbate:ads0,1,adsorbate:ads0,1,0.25,0.0,1,0,0.75
WS2,Si,14,3,4,adsorbate,adsorbate,1,1,2.6473172500000146,2.526702404022217,0.12061484597779781,adsorbate:ads0,1,adsorbate:ads0,1,0.25,0.0,1,0,0.75
WS2,Sr,38,5,5,adsorbate,adsorbate,1,1,13.974091690000023,10.99694013595581,2.9771515540442124,adsorbate:ads2,1,adsorbate:ads1,0,0.2,0.028720360000022538,1,0,-0.2
WS2,Ta,73,6,4,adsorbate,adsorbate,1,1,2.8971483899999866,3.1441636085510254,0.2470152185510388,adsorbate:ads2,1,adsorbate:ads2,1,0.25,0.0,1,0,0.75
WS2,Tc,43,5,4,adsorbate,adsorbate,1,1,11.589778850000016,9.92278528213501,1.6669935678650063,adsorbate:ads1,1,adsorbate:ads0,0,0.25,0.1848257500000159,1,0,-0.25
WS2,Ti,22,4,4,adsorbate,adsorbate,1,1,2.4073676200000027,2.114230155944824,0.2931374640551785,adsorbate:ads2,1,adsorbate:ads2,1,0.25,0.0,1,0,0.75
WS2,V,23,4,4,adsorbate,adsorbate,1,1,1.8415127100000186,2.052957057952881,0.21144434795286227,adsorbate:ads1,1,adsorbate:ads2,0,0.25,0.018455679999988206,1,0,-0.25
WS2,Zr,40,5,4,adsorbate,adsorbate,1,1,4.964347739999992,4.930772304534912,0.033575435465079906,adsorbate:ads2,1,adsorbate:ads1,0,0.25,0.00742510000003449,1,0,-0.25
WSe2,Ag,47,5,5,adsorbate,adsorbate,1,1,6.462717030000022,6.73053240776062,0.2678153777605985,adsorbate:ads2,1,adsorbate:ads2,1,0.2,0.0,1,0,0.8
WSe2,Al,13,3,6,adsorbate,adsorbate,1,1,2.286640019999993,2.196133852005005,0.09050616799498812,adsorbate:ads1,1,adsorbate:ads2,0,0.16666666666666666,0.1429319199999668,1,0,-0.16666666666666666
WSe2,As,33,4,4,adsorbate,adsorbate,1,1,3.590537670000003,3.491265058517456,0.09927261148254685,adsorbate:ads0,1,adsorbate:ads1,0,0.25,0.042194859999994616,1,0,-0.25
WSe2,Au,79,6,4,adsorbate,adsorbate,1,1,10.488630540000031,9.62322211265564,0.8654084273443914,adsorbate:ads2,1,adsorbate:ads0,0,0.25,0.029990590000011252,1,0,-0.25
WSe2,B,5,2,7,interstitial,interstitial,1,1,-2.2416006299999944,-2.598207473754883,0.3566068437548884,interstitial:int4,1,interstitial:int4,1,0.14285714285714285,0.0,0,1,0.8571428571428572
WSe2,Ba,56,6,4,adsorbate,adsorbate,1,1,14.391651220000027,14.108744740486145,0.2829064795138816,adsorbate:ads1,1,adsorbate:ads1,1,0.25,0.0,1,0,0.75
WSe2,Be,4,2,6,adsorbate,adsorbate,1,1,0.15682714000001896,0.07710385322570801,0.07972328677431095,adsorbate:ads1,1,adsorbate:ads1,1,0.16666666666666666,0.0,1,0,0.8333333333333334
WSe2,Br,35,4,4,adsorbate,adsorbate,1,1,10.93926676000001,11.76228153705597,0.8230147770559597,adsorbate:ads0,1,adsorbate:ads2,0,0.25,0.07538328999999067,1,0,-0.25
WSe2,C,6,2,7,interstitial,interstitial,1,1,-2.5289666799999955,-2.248690128326416,0.28027655167357945,interstitial:int4,1,interstitial:int2,0,0.14285714285714285,3.450000008342613e-06,0,1,-0.14285714285714285
WSe2,Ca,20,4,7,adsorbate,adsorbate,1,1,7.603822170000001,7.656721591949463,0.05289942194946207,adsorbate:ads1,1,adsorbate:ads1,1,0.14285714285714285,0.0,1,0,0.8571428571428572
WSe2,Cl,17,3,7,adsorbate,adsorbate,1,1,4.522244059999991,6.235339999198914,1.7130959391989222,adsorbate:ads0,1,adsorbate:ads2,0,0.14285714285714285,0.08045852000003606,1,0,-0.14285714285714285
WSe2,Co,27,4,7,adsorbate,adsorbate,1,1,0.2635029799999984,0.7463390827178955,0.4828361027178971,adsorbate:ads1,1,adsorbate:ads1,1,0.14285714285714285,0.0,1,0,0.8571428571428572
WSe2,Cr,24,4,4,adsorbate,adsorbate,1,1,0.8519598099999826,0.8044290542602539,0.04753075573972865,adsorbate:ads1,1,adsorbate:ads1,1,0.25,0.0,1,0,0.75
WSe2,Cs,55,6,4,adsorbate,adsorbate,1,1,19.379408170000033,13.947568655014038,5.431839514985995,adsorbate:ads1,1,adsorbate:ads1,1,0.25,0.0,1,0,0.75
WSe2,Cu,29,4,3,adsorbate,adsorbate,1,1,1.0290802600000006,0.9537196159362793,0.07536064406372134,adsorbate:ads2,1,adsorbate:ads2,1,0.3333333333333333,0.0,1,0,0.6666666666666667
WSe2,F,9,2,6,adsorbate,adsorbate,1,1,1.3910761800000273,0.9881527423858643,0.40292343761416305,adsorbate:ads0,1,adsorbate:ads0,1,0.16666666666666666,0.0,1,0,0.8333333333333334
WSe2,Fe,26,4,7,adsorbate,interstitial,1,0,0.005172879999975066,-0.0453333854675293,0.05050626546750436,adsorbate:ads1,1,interstitial:int3,0,0.14285714285714285,0.39583585999997695,1,-1,-0.14285714285714285
WSe2,Ga,31,4,5,adsorbate,adsorbate,1,1,3.7995647800000247,3.780091881752014,0.019472898248010573,adsorbate:ads1,1,adsorbate:ads2,0,0.2,0.0836704000000168,1,0,-0.2
WSe2,Ge,32,4,5,adsorbate,adsorbate,1,1,2.5879972600000096,2.4792895317077637,0.10870772829224595,adsorbate:ads0,1,adsorbate:ads2,0,0.2,0.04357174000000441,1,0,-0.2
WSe2,H,1,1,7,interstitial,interstitial,1,1,-0.7729187300000144,-0.408660888671875,0.36425784132813943,interstitial:int0,1,interstitial:int3,0,0.14285714285714285,0.1188273999999867,0,1,-0.14285714285714285
WSe2,Hf,72,6,5,adsorbate,adsorbate,1,1,1.4587027000000035,1.9403767585754395,0.481674058575436,adsorbate:ads1,1,adsorbate:ads1,1,0.2,0.0,1,0,0.8
WSe2,I,53,5,4,adsorbate,adsorbate,1,1,12.61238012000001,12.08620548248291,0.5261746375170997,adsorbate:ads0,1,adsorbate:ads0,1,0.25,0.0,1,0,0.75
WSe2,K,19,4,5,adsorbate,adsorbate,1,1,11.800991440000018,11.027482748031616,0.7735086919684022,adsorbate:ads1,1,adsorbate:ads1,1,0.2,0.0,1,0,0.8
WSe2,Li,3,2,7,adsorbate,adsorbate,1,1,2.9796579499999893,3.720930576324463,0.7412726263244735,adsorbate:ads1,1,adsorbate:ads1,1,0.14285714285714285,0.0,1,0,0.8571428571428572
WSe2,Lu,71,6,6,adsorbate,adsorbate,1,1,4.964129729999968,4.358524799346924,0.605604930653044,adsorbate:ads1,1,adsorbate:ads1,1,0.16666666666666666,0.0,1,0,0.8333333333333334
WSe2,Mg,12,3,6,adsorbate,adsorbate,1,1,4.853520609999975,4.414026618003845,0.4394939919961294,adsorbate:ads1,1,adsorbate:ads1,1,0.16666666666666666,0.0,1,0,0.8333333333333334
WSe2,Mn,25,4,6,adsorbate,adsorbate,1,1,0.2584756399999715,0.7703547477722168,0.5118791077722453,adsorbate:ads1,1,adsorbate:ads1,1,0.16666666666666666,0.0,1,0,0.8333333333333334
WSe2,N,7,2,7,interstitial,interstitial,1,1,-1.7591438799999528,-1.6396484375,0.11949544249995281,interstitial:int4,1,interstitial:int4,1,0.14285714285714285,0.0,0,1,0.8571428571428572
WSe2,Na,11,3,2,adsorbate,adsorbate,1,1,7.868674170000021,7.309173941612244,0.559500228387777,adsorbate:ads0,1,adsorbate:ads0,1,0.5,0.0,1,0,0.5
WSe2,Nb,41,5,4,adsorbate,adsorbate,1,1,0.4382815799999653,0.07560586929321289,0.3626757107067524,adsorbate:ads2,1,adsorbate:ads2,1,0.25,0.0,1,0,0.75
WSe2,Ni,28,4,5,adsorbate,adsorbate,1,1,0.39978350999996337,0.93288254737854,0.5330990373785767,adsorbate:ads1,1,adsorbate:ads1,1,0.2,0.0,1,0,0.8
WSe2,O,8,2,5,interstitial,interstitial,1,1,-0.3757716399999823,-0.04072976112365723,0.3350418788763251,interstitial:int0,1,interstitial:int4,0,0.2,5.447999996019415e-05,0,1,-0.2
WSe2,Os,76,6,5,adsorbate,adsorbate,1,1,6.959576620000009,0.8256063461303711,6.133970273869638,adsorbate:ads1,1,adsorbate:ads1,1,0.2,0.0,1,0,0.8
WSe2,P,15,3,5,adsorbate,adsorbate,1,1,1.3511796000000227,1.263711929321289,0.08746767067873362,adsorbate:ads0,1,adsorbate:ads1,0,0.2,0.27626689000004445,1,0,-0.2
WSe2,Pd,46,5,4,adsorbate,adsorbate,1,1,4.256633359999966,4.216623306274414,0.040010053725551664,adsorbate:ads1,1,adsorbate:ads1,1,0.25,0.0,1,0,0.75
WSe2,Pt,78,6,4,adsorbate,adsorbate,1,1,3.7921746600000006,3.6173272132873535,0.17484744671264707,adsorbate:ads1,1,adsorbate:ads1,1,0.25,0.0,1,0,0.75
WSe2,Rb,37,5,4,adsorbate,adsorbate,1,1,13.332511659999964,12.221360921859741,1.111150738140223,adsorbate:ads1,1,adsorbate:ads1,1,0.25,0.0,1,0,0.75
WSe2,Re,75,6,5,interstitial,interstitial,1,1,-0.3889748299999942,-0.9553813934326172,0.566406563432623,interstitial:int4,1,interstitial:int3,0,0.2,0.00015086000001929278,0,1,-0.2
WSe2,Ru,44,5,4,adsorbate,adsorbate,1,1,1.8696645900000126,1.980717658996582,0.11105306899656942,adsorbate:ads1,1,adsorbate:ads1,1,0.25,0.0,1,0,0.75
WSe2,S,16,3,5,adsorbate,adsorbate,1,1,3.681840769999951,3.4822089672088623,0.19963180279108883,adsorbate:ads0,1,adsorbate:ads0,1,0.2,0.0,1,0,0.8
WSe2,Sb,51,5,4,adsorbate,adsorbate,1,1,10.433653080000003,10.509350061416626,0.07569698141662329,adsorbate:ads2,1,adsorbate:ads0,0,0.25,0.10674456999998982,1,0,-0.25
WSe2,Sc,21,4,5,adsorbate,adsorbate,1,1,2.9265606499999985,2.919860601425171,0.006700048574827644,adsorbate:ads1,1,adsorbate:ads1,1,0.2,0.0,1,0,0.8
WSe2,Si,14,3,4,adsorbate,adsorbate,1,1,0.3521951399999921,0.5412907600402832,0.18909562004029112,adsorbate:ads0,1,adsorbate:ads1,0,0.25,0.538246939999965,1,0,-0.25
WSe2,Sn,50,5,4,adsorbate,adsorbate,1,1,11.364183720000028,11.21412467956543,0.1500590404345985,adsorbate:ads0,1,adsorbate:ads0,1,0.25,0.0,1,0,0.75
WSe2,Sr,38,5,5,adsorbate,adsorbate,1,1,10.762211349999976,9.810089707374573,0.9521216426254036,adsorbate:ads1,1,adsorbate:ads1,1,0.2,0.0,1,0,0.8
WSe2,Ta,73,6,4,interstitial,adsorbate,1,0,-0.24197691000000354,0.793304443359375,1.0352813533593785,interstitial:int4,1,adsorbate:ads1,0,0.25,0.24197691000000354,0,0,-0.25
WSe2,Tc,43,5,5,adsorbate,adsorbate,1,1,0.827752739999994,1.2220807075500488,0.39432796755005484,adsorbate:ads1,1,adsorbate:ads1,1,0.2,0.0,1,0,0.8
WSe2,Ti,22,4,4,interstitial,adsorbate,1,0,-0.144872290000023,0.4238719940185547,0.5687442840185777,interstitial:int3,1,adsorbate:ads1,0,0.25,0.144872290000023,0,0,-0.25
WSe2,Tl,81,6,5,adsorbate,adsorbate,1,1,9.623694139999998,10.411633968353271,0.7879398283532737,adsorbate:ads1,1,adsorbate:ads0,0,0.2,0.10747804999999744,1,0,-0.2
WSe2,V,23,4,4,interstitial,interstitial,1,1,-0.5437731499999927,-0.25757789611816406,0.28619525388182865,interstitial:int4,1,interstitial:int4,1,0.25,0.0,0,1,0.75
WSe2,Xe,54,5,4,adsorbate,adsorbate,1,1,17.36024893000001,14.359373569488525,3.000875360511486,adsorbate:ads0,1,adsorbate:ads0,1,0.25,0.0,1,0,0.75
WSe2,Y,39,5,5,adsorbate,adsorbate,1,1,5.785630340000013,5.011579751968384,0.7740505880316295,adsorbate:ads1,1,adsorbate:ads1,1,0.2,0.0,1,0,0.8
WSe2,Zn,30,4,4,adsorbate,adsorbate,1,1,7.65709252000005,5.031877160072327,2.625215359927723,adsorbate:ads1,1,adsorbate:ads1,1,0.25,0.0,1,0,0.75
WSe2,Zr,40,5,4,adsorbate,adsorbate,1,1,10.54771210000001,9.824663162231445,0.7230489377685654,adsorbate:ads1,1,adsorbate:ads1,1,0.25,0.0,1,0,0.75
WTe2,Al,13,3,5,adsorbate,interstitial,1,0,0.0031699399999931543,-0.22643065452575684,0.22960059452575,adsorbate:ads1,1,interstitial:int4,0,0.2,0.0031699399999931543,1,-1,-0.2
WTe2,As,33,4,5,adsorbate,adsorbate,1,1,2.297294590000007,2.569272994995117,0.27197840499511017,adsorbate:ads0,1,adsorbate:ads0,1,0.2,0.0,1,0,0.8
WTe2,B,5,2,8,interstitial,interstitial,1,1,-3.6949596299999996,-3.5319314002990723,0.16302822970092734,interstitial:int3,1,interstitial:int4,0,0.125,0.0026104800000155137,0,1,-0.125
WTe2,Be,4,2,7,interstitial,interstitial,1,1,-1.8583633599999987,-1.8297898769378662,0.028573483062132476,interstitial:int0,1,interstitial:int0,1,0.14285714285714285,0.0,0,1,0.8571428571428572
WTe2,Br,35,4,5,adsorbate,adsorbate,1,1,5.924085009999999,5.780104875564575,0.14398013443542368,adsorbate:ads2,1,adsorbate:ads2,1,0.2,0.0,1,0,0.8
WTe2,C,6,2,7,interstitial,interstitial,1,1,-4.156462249999976,-4.381981372833252,0.22551912283327624,interstitial:int4,1,interstitial:int4,1,0.14285714285714285,0.0,0,1,0.8571428571428572
WTe2,Ca,20,4,7,adsorbate,adsorbate,1,1,2.9490713300000095,2.7689954042434692,0.1800759257565403,adsorbate:ads1,1,adsorbate:ads2,0,0.14285714285714285,0.1579454799999953,1,0,-0.14285714285714285
WTe2,Cd,48,5,3,adsorbate,adsorbate,1,1,5.51690499999998,6.035390615463257,0.5184856154632769,adsorbate:ads1,1,adsorbate:ads1,1,0.3333333333333333,0.0,1,0,0.6666666666666667
WTe2,Cl,17,3,5,adsorbate,adsorbate,1,1,3.8851898700000054,3.8646836280822754,0.020506241917729984,adsorbate:ads2,1,adsorbate:ads2,1,0.2,0.0,1,0,0.8
WTe2,Co,27,4,5,interstitial,interstitial,1,1,-2.4520380600000076,-2.446465015411377,0.005573044588630616,interstitial:int4,1,interstitial:int4,1,0.2,0.0,0,1,0.8
WTe2,Cr,24,4,6,interstitial,interstitial,1,1,-1.2971503800000042,-1.8813209533691406,0.5841705733691365,interstitial:int4,1,interstitial:int4,1,0.16666666666666666,0.0,0,1,0.8333333333333334
WTe2,Cs,55,6,5,adsorbate,adsorbate,1,1,12.636917549999993,10.44857931137085,2.188338238629143,adsorbate:ads1,1,adsorbate:ads1,1,0.2,0.0,1,0,0.8
WTe2,F,9,2,6,adsorbate,adsorbate,1,1,0.7732463799999891,0.2766306400299072,0.4966157399700819,adsorbate:ads2,1,adsorbate:ads2,1,0.16666666666666666,0.0,1,0,0.8333333333333334
WTe2,Fe,26,4,6,interstitial,interstitial,1,1,-2.368233900000007,-2.2864606380462646,0.08177326195374235,interstitial:int4,1,interstitial:int4,1,0.16666666666666666,0.0,0,1,0.8333333333333334
WTe2,Ga,31,4,3,adsorbate,adsorbate,1,1,0.8715873800000229,1.3049020767211914,0.4333146967211685,adsorbate:ads0,1,adsorbate:ads0,1,0.3333333333333333,0.0,1,0,0.6666666666666667
WTe2,H,1,1,8,interstitial,interstitial,1,1,-1.1058068399999854,-1.3479076623916626,0.24210082239167718,interstitial:int4,1,interstitial:int4,1,0.125,0.0,0,1,0.875
WTe2,K,19,4,5,adsorbate,adsorbate,1,1,9.05231913999998,8.876879215240479,0.17543992475950176,adsorbate:ads1,1,adsorbate:ads1,1,0.2,0.0,1,0,0.8
WTe2,Li,3,2,5,adsorbate,adsorbate,1,1,1.402377480000012,1.2899426221847534,0.11243485781525853,adsorbate:ads1,1,adsorbate:ads1,1,0.2,0.0,1,0,0.8
WTe2,Lu,71,6,7,adsorbate,adsorbate,1,1,0.18772427999999808,1.030073642730713,0.8423493627307148,adsorbate:ads1,1,adsorbate:ads2,0,0.14285714285714285,0.2553140100000064,1,0,-0.14285714285714285
WTe2,Mg,12,3,5,adsorbate,adsorbate,1,1,2.3130638900000235,2.8757576942443848,0.5626938042443612,adsorbate:ads1,1,adsorbate:ads0,0,0.2,0.07302530000001206,1,0,-0.2
WTe2,Mn,25,4,5,interstitial,interstitial,1,1,-2.1030361599999874,-1.504878282546997,0.5981578774529903,interstitial:int4,1,interstitial:int4,1,0.2,0.0,0,1,0.8
WTe2,Mo,42,5,5,interstitial,interstitial,1,1,-2.2317923199999834,-2.4679698944091797,0.2361775744091963,interstitial:int4,1,interstitial:int4,1,0.2,0.0,0,1,0.8
WTe2,N,7,2,7,interstitial,interstitial,1,1,-2.7690615600000124,-2.8414528369903564,0.07239127699034409,interstitial:int4,1,interstitial:int4,1,0.14285714285714285,0.0,0,1,0.8571428571428572
WTe2,Ni,28,4,5,interstitial,interstitial,1,1,-0.7038554799999872,-0.8126842975616455,0.1088288175616583,interstitial:int4,1,interstitial:int4,1,0.2,0.0,0,1,0.8
WTe2,O,8,2,7,interstitial,interstitial,1,1,-1.2822989999999947,-1.1952736377716064,0.0870253622283883,interstitial:int4,1,interstitial:int0,0,0.14285714285714285,0.003596229999999423,0,1,-0.14285714285714285
WTe2,Os,76,6,5,interstitial,interstitial,1,1,-3.4088345500000217,-2.369127035140991,1.0397075148590305,interstitial:int4,1,interstitial:int4,1,0.2,0.0,0,1,0.8
WTe2,P,15,3,5,interstitial,interstitial,1,1,-1.005885739999997,-0.987990140914917,0.017895599085079983,interstitial:int4,1,interstitial:int4,1,0.2,0.0,0,1,0.8
WTe2,Pb,82,6,3,adsorbate,adsorbate,1,1,5.469228929999986,4.669352054595947,0.7998768754040384,adsorbate:ads0,1,adsorbate:ads0,1,0.3333333333333333,0.0,1,0,0.6666666666666667
WTe2,Pd,46,5,4,adsorbate,adsorbate,1,1,1.0379851799999924,0.3949894905090332,0.6429956894909592,adsorbate:ads1,1,adsorbate:ads1,1,0.25,0.0,1,0,0.75
WTe2,Rb,37,5,4,adsorbate,adsorbate,1,1,9.621138480000011,8.9930899143219,0.6280485656781121,adsorbate:ads1,1,adsorbate:ads1,1,0.25,0.0,1,0,0.75
WTe2,Re,75,6,5,interstitial,interstitial,1,1,-3.2943244800000007,-2.3338756561279297,0.960448823872071,interstitial:int0,1,interstitial:int4,0,0.2,0.29738938999997755,0,1,-0.2
WTe2,S,16,3,5,adsorbate,adsorbate,1,1,1.7458340599999933,1.6772360801696777,0.06859797983031557,adsorbate:ads0,1,adsorbate:ads0,1,0.2,0.0,1,0,0.8
WTe2,Sb,51,5,4,adsorbate,adsorbate,1,1,3.7529015000000068,3.8190035820007324,0.06610208200072565,adsorbate:ads0,1,adsorbate:ads1,0,0.25,0.27417923999999605,1,0,-0.25
WTe2,Se,34,4,4,adsorbate,adsorbate,1,1,2.7112040300000046,1.9867937564849854,0.7244102735150193,adsorbate:ads2,1,adsorbate:ads2,1,0.25,0.0,1,0,0.75
WTe2,Si,14,3,5,interstitial,interstitial,1,1,-2.024858820000019,-1.7520639896392822,0.2727948303607368,interstitial:int4,1,interstitial:int4,1,0.2,0.0,0,1,0.8
WTe2,Sn,50,5,4,adsorbate,adsorbate,1,1,3.1572568800000056,3.714869499206543,0.5576126192065374,adsorbate:ads0,1,adsorbate:ads0,1,0.25,0.0,1,0,0.75
WTe2,Sr,38,5,6,adsorbate,adsorbate,1,1,3.6592974200000015,4.102793097496033,0.44349567749603125,adsorbate:ads1,1,adsorbate:ads2,0,0.16666666666666666,0.11300202000001036,1,0,-0.16666666666666666
WTe2,Ti,22,4,4,adsorbate,interstitial,1,0,0.11091746000002356,-0.45848894119262695,0.5694064011926505,adsorbate:ads1,1,interstitial:int0,0,0.25,0.11091746000002356,1,-1,-0.25
WTe2,Tl,81,6,4,adsorbate,adsorbate,1,1,5.568134830000021,6.092481851577759,0.5243470215777375,adsorbate:ads1,1,adsorbate:ads0,0,0.25,0.23807764000000042,1,0,-0.25
WTe2,V,23,4,5,interstitial,interstitial,1,1,-2.6056581499999822,-2.091625452041626,0.5140326979583563,interstitial:int4,1,interstitial:int4,1,0.2,0.0,0,1,0.8
WTe2,Y,39,5,4,adsorbate,adsorbate,1,1,0.05722829000001184,0.6246194839477539,0.5673911939477421,adsorbate:ads1,1,adsorbate:ads1,1,0.25,0.0,1,0,0.75
WTe2,Zn,30,4,4,adsorbate,adsorbate,1,1,2.016036909999996,2.9645473957061768,0.9485104857061808,adsorbate:ads0,1,adsorbate:ads0,1,0.25,0.0,1,0,0.75
WTe2,Zr,40,5,4,adsorbate,interstitial,1,0,0.027859250000007663,-1.1834230422973633,1.211282292297371,adsorbate:ads1,1,interstitial:int0,0,0.25,0.027859250000007663,1,-1,-0.25
ZrS2,Ag,47,5,5,adsorbate,adsorbate,1,1,3.37982346999999,3.4651432037353516,0.0853197337353615,adsorbate:ads2,1,adsorbate:ads2,1,0.2,0.0,1,0,0.8
ZrS2,Al,13,3,5,interstitial,adsorbate,1,0,-0.09443320999997695,0.7435135841369629,0.8379467941369398,interstitial:int1,1,adsorbate:ads1,0,0.2,0.11669710999998983,0,0,-0.2
ZrS2,As,33,4,5,adsorbate,adsorbate,1,1,1.234540260000017,1.7611825466156006,0.5266422866155835,adsorbate:ads1,1,adsorbate:ads1,1,0.2,0.0,1,0,0.8
ZrS2,B,5,2,4,interstitial,interstitial,1,1,-2.545205699999997,-2.888272523880005,0.3430668238800081,interstitial:ads2,1,interstitial:ads2,1,0.25,0.0,0,1,0.75
ZrS2,Ba,56,6,4,adsorbate,adsorbate,1,1,7.335332620000002,7.340117454528809,0.004784834528806847,adsorbate:ads2,1,adsorbate:ads2,1,0.25,0.0,1,0,0.75
ZrS2,Be,4,2,5,adsorbate,interstitial,1,0,0.2144030600000234,-0.0023183822631835938,0.216721442263207,adsorbate:ads2,1,interstitial:int1,0,0.2,0.2144030600000234,1,-1,-0.2
ZrS2,Br,35,4,4,adsorbate,adsorbate,1,1,4.3746136100000115,4.553853273391724,0.17923966339171216,adsorbate:ads1,1,adsorbate:ads1,1,0.25,0.0,1,0,0.75
ZrS2,C,6,2,5,adsorbate,adsorbate,1,1,0.5977186000000074,1.0310287475585938,0.4333101475585863,adsorbate:ads1,1,adsorbate:ads1,1,0.2,0.0,1,0,0.8
ZrS2,Ca,20,4,5,adsorbate,adsorbate,1,1,4.888888610000009,4.7706897258758545,0.1181988841241548,adsorbate:ads2,1,adsorbate:ads2,1,0.2,0.0,1,0,0.8
ZrS2,Cd,48,5,5,adsorbate,adsorbate,1,1,4.355348400000025,3.743415355682373,0.6119330443176523,adsorbate:ads1,1,adsorbate:ads1,1,0.2,0.0,1,0,0.8
ZrS2,Cl,17,3,4,adsorbate,adsorbate,1,1,3.8095005700000115,4.148878574371338,0.33937800437132637,adsorbate:ads1,1,adsorbate:ads1,1,0.25,0.0,1,0,0.75
ZrS2,Co,27,4,5,adsorbate,adsorbate,1,1,0.08634858000002066,0.2544800043106079,0.16813142431058725,adsorbate:ads2,1,adsorbate:ads2,1,0.2,0.0,1,0,0.8
ZrS2,Cr,24,4,5,adsorbate,interstitial,1,0,0.27519141999999874,-0.1675891876220703,0.44278060762206906,adsorbate:ads2,1,interstitial:int1,0,0.2,0.27519141999999874,1,-1,-0.2
ZrS2,Cu,29,4,4,adsorbate,adsorbate,1,1,2.585278970000019,3.0137453079223633,0.4284663379223441,adsorbate:ads2,1,adsorbate:ads2,1,0.25,0.0,1,0,0.75
ZrS2,F,9,2,5,adsorbate,adsorbate,1,1,0.31297988000000054,0.22172784805297852,0.09125203194702203,adsorbate:ads1,1,adsorbate:ads1,1,0.2,0.0,1,0,0.8
ZrS2,Fe,26,4,5,adsorbate,adsorbate,1,1,0.5088081700000089,0.09153831005096436,0.41726985994904453,adsorbate:ads2,1,adsorbate:ads2,1,0.2,0.0,1,0,0.8
ZrS2,Ga,31,4,3,adsorbate,adsorbate,1,1,3.7181526199999837,3.422877073287964,0.29527554671201983,adsorbate:ads0,1,adsorbate:ads0,1,0.3333333333333333,0.0,1,0,0.6666666666666667
ZrS2,Ge,32,4,3,adsorbate,adsorbate,1,1,4.032657740000019,4.283280849456787,0.25062310945676813,adsorbate:ads1,1,adsorbate:ads1,1,0.3333333333333333,0.0,1,0,0.6666666666666667
ZrS2,H,1,1,5,adsorbate,adsorbate,1,1,0.980802060000002,0.6361826658248901,0.3446193941751119,adsorbate:ads0,1,adsorbate:ads1,0,0.2,0.5117505499999881,1,0,-0.2
ZrS2,Hf,72,6,5,adsorbate,adsorbate,1,1,2.4510922100000134,2.819462776184082,0.3683705661840686,adsorbate:ads2,1,adsorbate:int1,0,0.2,0.10791908999999579,1,0,-0.2
ZrS2,Ir,77,6,5,adsorbate,adsorbate,1,1,0.6378997900000059,0.22086572647094727,0.4170340635290586,adsorbate:ads2,1,adsorbate:ads2,1,0.2,0.0,1,0,0.8
ZrS2,K,19,4,4,adsorbate,adsorbate,1,1,7.296750330000009,7.744656324386597,0.44790599438658774,adsorbate:ads2,1,adsorbate:ads2,1,0.25,0.0,1,0,0.75
ZrS2,Li,3,2,5,adsorbate,adsorbate,1,1,3.596772219999991,4.201650142669678,0.6048779226696865,adsorbate:int1,1,adsorbate:int1,1,0.2,0.0,1,0,0.8
ZrS2,Lu,71,6,5,adsorbate,adsorbate,1,1,3.4358596099999943,3.473569631576538,0.037710021576543795,adsorbate:int1,1,adsorbate:ads2,0,0.2,6.928999999900043e-05,1,0,-0.2
ZrS2,Mg,12,3,5,adsorbate,adsorbate,1,1,3.6143525399999987,2.9109444618225098,0.703408078177489,adsorbate:ads2,1,adsorbate:ads2,1,0.2,0.0,1,0,0.8
ZrS2,Mn,25,4,5,adsorbate,adsorbate,1,1,3.4106261700000005,3.135751962661743,0.2748742073382573,adsorbate:ads2,1,adsorbate:ads2,1,0.2,0.0,1,0,0.8
ZrS2,Mo,42,5,5,adsorbate,adsorbate,1,1,3.7711850000000027,3.524480104446411,0.24670489555359154,adsorbate:ads2,1,adsorbate:ads2,1,0.2,0.0,1,0,0.8
ZrS2,N,7,2,4,interstitial,interstitial,1,1,-1.0142774300000217,-0.2755711078643799,0.7387063221356418,interstitial:int1,1,interstitial:int1,1,0.25,0.0,0,1,0.75
ZrS2,Nb,41,5,5,adsorbate,adsorbate,1,1,2.999505439999979,2.4451332092285156,0.5543722307714636,adsorbate:ads2,1,adsorbate:ads2,1,0.2,0.0,1,0,0.8
ZrS2,Ni,28,4,5,adsorbate,adsorbate,1,1,0.3131224100000055,0.19135761260986328,0.12176479739014223,adsorbate:ads2,1,adsorbate:ads2,1,0.2,0.0,1,0,0.8
ZrS2,O,8,2,4,adsorbate,adsorbate,1,1,0.09440456999999469,0.22522711753845215,0.13082254753845746,adsorbate:ads1,1,adsorbate:ads1,1,0.25,0.0,1,0,0.75
ZrS2,Os,76,6,4,adsorbate,adsorbate,1,1,0.8386828400000184,0.6186604499816895,0.2200223900183289,adsorbate:ads2,1,adsorbate:ads2,1,0.25,0.0,1,0,0.75
ZrS2,P,15,3,4,adsorbate,adsorbate,1,1,2.4572687099999935,2.9444061517715454,0.48713744177155194,adsorbate:ads1,1,adsorbate:ads1,1,0.25,0.0,1,0,0.75
ZrS2,Pb,82,6,2,adsorbate,adsorbate,1,1,5.259440189999991,3.061638116836548,2.1978020731634436,adsorbate:ads0,1,adsorbate:ads0,1,0.5,0.0,1,0,0.5
ZrS2,Pd,46,5,5,adsorbate,adsorbate,1,1,0.9735665999999981,0.3443915843963623,0.6291750156036358,adsorbate:ads2,1,adsorbate:ads2,1,0.2,0.0,1,0,0.8
ZrS2,Pt,78,6,5,interstitial,adsorbate,1,0,-0.003496399999988853,0.7764939069747925,0.7799903069747813,interstitial:int1,1,adsorbate:ads2,0,0.2,0.003496399999988853,0,0,-0.2
ZrS2,Rb,37,5,4,adsorbate,adsorbate,1,1,8.495290690000019,8.471435546875,0.023855143125018685,adsorbate:ads2,1,adsorbate:ads1,0,0.25,0.04662792999999965,1,0,-0.25
ZrS2,Re,75,6,4,adsorbate,adsorbate,1,1,2.3855970799999966,2.027503490447998,0.35809358955199855,adsorbate:ads2,1,adsorbate:ads2,1,0.25,0.0,1,0,0.75
ZrS2,Rh,45,5,3,adsorbate,adsorbate,1,1,2.1445350299999864,1.8730918169021606,0.2714432130978257,adsorbate:ads1,1,adsorbate:ads1,1,0.3333333333333333,0.0,1,0,0.6666666666666667
ZrS2,Ru,44,5,5,interstitial,adsorbate,1,0,-0.6277435099999873,1.0318013429641724,1.6595448529641597,interstitial:int1,1,adsorbate:ads2,0,0.2,4.439929790000008,0,0,-0.2
ZrS2,Sb,51,5,4,adsorbate,adsorbate,1,1,4.167324199999996,4.006763696670532,0.1605605033294637,adsorbate:ads1,1,adsorbate:ads1,1,0.25,0.0,1,0,0.75
ZrS2,Sc,21,4,5,adsorbate,adsorbate,1,1,3.2850252699999767,3.3531854152679443,0.06816014526796765,adsorbate:ads2,1,adsorbate:ads2,1,0.2,0.0,1,0,0.8
ZrS2,Se,34,4,5,adsorbate,adsorbate,1,1,2.4079281200000087,2.126765489578247,0.2811626304217616,adsorbate:ads1,1,adsorbate:ads1,1,0.2,0.0,1,0,0.8
ZrS2,Si,14,3,5,adsorbate,adsorbate,1,1,1.08630272000002,0.068045973777771,1.018256746222249,adsorbate:ads1,1,adsorbate:ads1,1,0.2,0.0,1,0,0.8
ZrS2,Sn,50,5,4,adsorbate,adsorbate,1,1,2.931339159999993,0.16327667236328125,2.768062487636712,adsorbate:ads1,1,adsorbate:ads1,1,0.25,0.0,1,0,0.75
ZrS2,Ta,73,6,5,adsorbate,adsorbate,1,1,2.2277167399999764,2.4271944761276245,0.19947773612764808,adsorbate:int1,1,adsorbate:int1,1,0.2,0.0,1,0,0.8
ZrS2,Tc,43,5,3,adsorbate,adsorbate,1,1,3.860940389999996,3.5157490968704224,0.34519129312957375,adsorbate:ads2,1,adsorbate:ads2,1,0.3333333333333333,0.0,1,0,0.6666666666666667
ZrS2,Te,52,5,4,adsorbate,adsorbate,1,1,4.81903699,3.5266098976135254,1.2924270923864745,adsorbate:ads1,1,adsorbate:ads0,0,0.25,0.4002538299999969,1,0,-0.25
ZrS2,Ti,22,4,5,adsorbate,adsorbate,1,1,2.888000290000008,2.6443166732788086,0.24368361672119931,adsorbate:ads2,1,adsorbate:ads2,1,0.2,0.0,1,0,0.8
ZrS2,Tl,81,6,5,adsorbate,adsorbate,1,1,3.4878401400000034,4.666033983230591,1.1781938432305874,adsorbate:ads2,1,adsorbate:ads2,1,0.2,0.0,1,0,0.8
ZrS2,V,23,4,4,interstitial,interstitial,1,1,-1.1098644599999827,-0.8068742752075195,0.3029901847924632,interstitial:int1,1,interstitial:int1,1,0.25,0.0,0,1,0.75
ZrS2,W,74,6,4,interstitial,interstitial,1,1,-1.5175893200000141,-1.5742852687835693,0.05669594878355522,interstitial:int1,1,interstitial:int1,1,0.25,0.0,0,1,0.75
ZrS2,Y,39,5,4,adsorbate,adsorbate,1,1,3.8702399400000047,3.6137325763702393,0.25650736362976545,adsorbate:ads2,1,adsorbate:ads2,1,0.25,0.0,1,0,0.75
ZrS2,Zn,30,4,4,adsorbate,adsorbate,1,1,2.9934352299999887,2.3957300186157227,0.597705211384266,adsorbate:int1,1,adsorbate:ads1,0,0.25,0.5108458699999971,1,0,-0.25
ZrSe2,Ag,47,5,5,adsorbate,adsorbate,1,1,2.158476500000006,2.308738946914673,0.15026244691466673,adsorbate:int2,1,adsorbate:ads2,0,0.2,0.261575910000005,1,0,-0.2
ZrSe2,Al,13,3,5,interstitial,adsorbate,1,0,-0.3764075500000103,0.07467114925384521,0.4510786992538555,interstitial:int2,1,adsorbate:ads2,0,0.2,0.3764075500000103,0,0,-0.2
ZrSe2,As,33,4,5,adsorbate,adsorbate,1,1,1.645139610000001,1.4568181037902832,0.18832150620971788,adsorbate:ads1,1,adsorbate:ads1,1,0.2,0.0,1,0,0.8
ZrSe2,Au,79,6,5,adsorbate,adsorbate,1,1,1.475732440000002,1.6273176670074463,0.15158522700744426,adsorbate:int2,1,adsorbate:int2,1,0.2,0.0,1,0,0.8
ZrSe2,B,5,2,6,interstitial,interstitial,1,1,-2.6767585799999836,-2.359892964363098,0.3168656156368854,interstitial:ads2,1,interstitial:ads2,1,0.16666666666666666,0.0,0,1,0.8333333333333334
ZrSe2,Ba,56,6,4,adsorbate,adsorbate,1,1,5.576862610000006,5.512095212936401,0.0647673970636049,adsorbate:ads2,1,adsorbate:ads2,1,0.25,0.0,1,0,0.75
ZrSe2,Be,4,2,5,interstitial,interstitial,1,1,-0.10588394000001239,-0.23971986770629883,0.13383592770628644,interstitial:int2,1,interstitial:int2,1,0.2,0.0,0,1,0.8
ZrSe2,Br,35,4,4,adsorbate,adsorbate,1,1,2.962442409999994,2.6193995475769043,0.3430428624230899,adsorbate:ads2,1,adsorbate:ads0,0,0.25,0.07598106999998333,1,0,-0.25
ZrSe2,C,6,2,5,interstitial,interstitial,1,1,-1.2789060400000105,-1.7990741729736328,0.5201681329736223,interstitial:int2,1,interstitial:int2,1,0.2,0.0,0,1,0.8
ZrSe2,Ca,20,4,5,adsorbate,adsorbate,1,1,3.5276616300000114,3.7891128063201904,0.261451176320179,adsorbate:int2,1,adsorbate:ads2,0,0.2,0.002034560000026664,1,0,-0.2
ZrSe2,Cd,48,5,3,adsorbate,adsorbate,1,1,2.6215481799999907,2.4393361806869507,0.18221199931304,adsorbate:ads0,1,adsorbate:ads1,0,0.3333333333333333,0.000499959999984867,1,0,-0.3333333333333333
ZrSe2,Cl,17,3,5,adsorbate,adsorbate,1,1,3.270729200000005,3.425060987472534,0.15433178747252896,adsorbate:ads1,1,adsorbate:ads1,1,0.2,0.0,1,0,0.8
ZrSe2,Co,27,4,5,interstitial,interstitial,1,1,-0.15697146999997358,-0.567420482635498,0.41044901263552447,interstitial:int2,1,interstitial:int2,1,0.2,0.0,0,1,0.8
ZrSe2,Cr,24,4,5,adsorbate,adsorbate,1,1,1.2409815299999991,0.07766282558441162,1.1633187044155875,adsorbate:ads1,1,adsorbate:ads2,0,0.2,4.213088510000006,1,0,-0.2
ZrSe2,Cs,55,6,4,adsorbate,adsorbate,1,1,7.779503489999996,7.336775779724121,0.4427277102758751,adsorbate:ads2,1,adsorbate:ads1,0,0.25,0.07009221999999315,1,0,-0.25
ZrSe2,Cu,29,4,5,adsorbate,adsorbate,1,1,0.1981509099999812,0.02186572551727295,0.17628518448270825,adsorbate:ads2,1,adsorbate:ads2,1,0.2,0.0,1,0,0.8
ZrSe2,F,9,2,5,adsorbate,adsorbate,1,1,0.2611724099999999,0.16897344589233398,0.09219896410766593,adsorbate:ads1,1,adsorbate:ads1,1,0.2,0.0,1,0,0.8
ZrSe2,Fe,26,4,5,adsorbate,adsorbate,1,1,0.032452199999994435,0.3843064308166504,0.35185423081665596,adsorbate:ads2,1,adsorbate:ads2,1,0.2,0.0,1,0,0.8
ZrSe2,Ga,31,4,5,adsorbate,adsorbate,1,1,1.0236677600000235,0.9115575551986694,0.11211020480135403,adsorbate:ads2,1,adsorbate:ads2,1,0.2,0.0,1,0,0.8
ZrSe2,Ge,32,4,5,adsorbate,adsorbate,1,1,1.8565929600000004,1.5562330484390259,0.3003599115609745,adsorbate:ads1,1,adsorbate:ads1,1,0.2,0.0,1,0,0.8
ZrSe2,H,1,1,6,interstitial,adsorbate,1,0,-0.1385406400000022,0.15542089939117432,0.29396153939117653,interstitial:int1,1,adsorbate:ads0,0,0.16666666666666666,0.1385406400000022,0,0,-0.16666666666666666
ZrSe2,Hf,72,6,5,adsorbate,adsorbate,1,1,1.274017750000013,1.5061861276626587,0.23216837766264575,adsorbate:int2,1,adsorbate:int2,1,0.2,0.0,1,0,0.8
ZrSe2,Hg,80,6,5,adsorbate,adsorbate,1,1,4.067366609999993,4.185198068618774,0.11783145861878097,adsorbate:ads1,1,adsorbate:ads2,0,0.2,0.3009794099999964,1,0,-0.2
ZrSe2,I,53,5,4,adsorbate,adsorbate,1,1,5.422739460000003,5.067104935646057,0.35563452435394627,adsorbate:ads0,1,adsorbate:ads1,0,0.25,0.02102249000000711,1,0,-0.25
ZrSe2,Ir,77,6,4,interstitial,interstitial,1,1,-0.9794338400000131,-1.0485533475875854,0.06911950758757235,interstitial:int2,1,interstitial:int2,1,0.25,0.0,0,1,0.75
ZrSe2,K,19,4,4,adsorbate,adsorbate,1,1,5.7541019800000015,5.754306793212891,0.00020481321288912113,adsorbate:ads2,1,adsorbate:ads2,1,0.25,0.0,1,0,0.75
ZrSe2,Li,3,2,6,adsorbate,adsorbate,1,1,0.6989196799999888,0.10128617286682129,0.5976335071331675,adsorbate:int1,1,adsorbate:ads2,0,0.16666666666666666,0.14548840000000496,1,0,-0.16666666666666666
ZrSe2,Lu,71,6,4,adsorbate,adsorbate,1,1,2.0079022599999803,1.9733896255493164,0.03451263445066388,adsorbate:int2,1,adsorbate:int2,1,0.25,0.0,1,0,0.75
ZrSe2,Mg,12,3,5,adsorbate,adsorbate,1,1,2.3265285800000015,2.347895383834839,0.021366803834837356,adsorbate:ads2,1,adsorbate:ads2,1,0.2,0.0,1,0,0.8
ZrSe2,Mn,25,4,5,interstitial,interstitial,1,1,-0.03912722999999119,-0.621675968170166,0.5825487381701748,interstitial:int2,1,interstitial:int2,1,0.2,0.0,0,1,0.8
ZrSe2,Mo,42,5,4,interstitial,interstitial,1,1,-1.3771021100000098,-1.4066290855407715,0.02952697554076167,interstitial:int2,1,interstitial:int2,1,0.25,0.0,0,1,0.75
ZrSe2,N,7,2,5,interstitial,interstitial,1,1,-1.7599386900000127,-1.5739681720733643,0.18597051792664843,interstitial:int2,1,interstitial:int2,1,0.2,0.0,0,1,0.8
ZrSe2,Nb,41,5,5,adsorbate,adsorbate,1,1,0.27777156999999875,0.2884145975112915,0.010643027511292757,adsorbate:ads2,1,adsorbate:ads2,1,0.2,0.0,1,0,0.8
ZrSe2,Ni,28,4,3,interstitial,interstitial,1,1,-1.0291363899999908,-0.7796338796615601,0.24950251033843074,interstitial:int2,1,interstitial:int2,1,0.3333333333333333,0.0,0,1,0.6666666666666667
ZrSe2,O,8,2,5,interstitial,interstitial,1,1,-0.8628190100000097,-0.71807861328125,0.1447403967187597,interstitial:int2,1,interstitial:int2,1,0.2,0.0,0,1,0.8
ZrSe2,Os,76,6,5,adsorbate,adsorbate,1,1,0.3521673600000095,0.216935396194458,0.13523196380555147,adsorbate:ads2,1,adsorbate:ads2,1,0.2,0.0,1,0,0.8
ZrSe2,P,15,3,5,adsorbate,adsorbate,1,1,1.2319696499999964,1.3230425119400024,0.09107286194000608,adsorbate:ads1,1,adsorbate:ads2,0,0.2,0.24799878000001774,1,0,-0.2
ZrSe2,Pd,46,5,5,adsorbate,interstitial,1,0,0.7702318300000001,-0.8427799940109253,1.6130118240109255,adsorbate:ads2,1,interstitial:int2,0,0.2,0.7702318300000001,1,-1,-0.2
ZrSe2,Pt,78,6,5,interstitial,interstitial,1,1,-1.8887106599999868,-0.9650059938430786,0.9237046661569082,interstitial:int2,1,interstitial:int2,1,0.2,0.0,0,1,0.8
ZrSe2,Rb,37,5,4,adsorbate,adsorbate,1,1,6.716765009999989,6.581972360610962,0.13479264938902702,adsorbate:ads2,1,adsorbate:ads1,0,0.25,0.05551424999998722,1,0,-0.25
ZrSe2,Re,75,6,3,adsorbate,adsorbate,1,1,0.38403974999999857,0.6720561981201172,0.2880164481201186,adsorbate:ads2,1,adsorbate:ads2,1,0.3333333333333333,0.0,1,0,0.6666666666666667
ZrSe2,Rh,45,5,4,interstitial,interstitial,1,1,-0.6863536700000168,-0.8383119106292725,0.15195824062925567,interstitial:int2,1,interstitial:int2,1,0.25,0.0,0,1,0.75
ZrSe2,Ru,44,5,5,adsorbate,adsorbate,1,1,0.38239748999998824,0.31024301052093506,0.07215447947905318,adsorbate:ads2,1,adsorbate:ads2,1,0.2,0.0,1,0,0.8
ZrSe2,S,16,3,4,adsorbate,adsorbate,1,1,1.6043215100000054,1.2534185647964478,0.3509029452035577,adsorbate:ads1,1,adsorbate:ads1,1,0.25,0.0,1,0,0.75
ZrSe2,Sb,51,5,5,adsorbate,adsorbate,1,1,2.4682015599999825,0.6284064054489136,1.839795154551069,adsorbate:ads1,1,adsorbate:ads2,0,0.2,0.866533930000003,1,0,-0.2
ZrSe2,Sc,21,4,5,adsorbate,adsorbate,1,1,2.0662620599999855,1.9746719598770142,0.09159010012297131,adsorbate:ads2,1,adsorbate:ads2,1,0.2,0.0,1,0,0.8
ZrSe2,Si,14,3,5,adsorbate,adsorbate,1,1,0.7827627900000209,0.8274781703948975,0.04471538039487655,adsorbate:ads1,1,adsorbate:ads1,1,0.2,0.0,1,0,0.8
ZrSe2,Sn,50,5,5,adsorbate,adsorbate,1,1,2.0990258699999913,1.4256060123443604,0.673419857655631,adsorbate:ads2,1,adsorbate:ads2,1,0.2,0.0,1,0,0.8
ZrSe2,Sr,38,5,4,adsorbate,adsorbate,1,1,4.374790740000009,4.440398454666138,0.06560771466612891,adsorbate:ads2,1,adsorbate:ads2,1,0.25,0.0,1,0,0.75
ZrSe2,Ta,73,6,4,adsorbate,adsorbate,1,1,1.3484215599999916,1.1459323167800903,0.20248924321990125,adsorbate:ads2,1,adsorbate:ads2,1,0.25,0.0,1,0,0.75
ZrSe2,Tc,43,5,5,adsorbate,adsorbate,1,1,0.6189286000000043,0.9519885778427124,0.33305997784270813,adsorbate:ads2,1,adsorbate:ads2,1,0.2,0.0,1,0,0.8
ZrSe2,Te,52,5,4,adsorbate,adsorbate,1,1,2.3356970400000137,1.096237063407898,1.2394599765921157,adsorbate:ads0,1,adsorbate:ads0,1,0.25,0.0,1,0,0.75
ZrSe2,Ti,22,4,5,adsorbate,adsorbate,1,1,0.0347079099999803,0.15212082862854004,0.11741291862855974,adsorbate:ads2,1,adsorbate:ads2,1,0.2,0.0,1,0,0.8
ZrSe2,Tl,81,6,4,adsorbate,adsorbate,1,1,4.91653070000001,4.69312310218811,0.22340759781189945,adsorbate:ads1,1,adsorbate:ads2,0,0.25,0.15015776999999267,1,0,-0.25
ZrSe2,V,23,4,5,adsorbate,adsorbate,1,1,0.38260264999999555,0.21623754501342773,0.1663651049865678,adsorbate:ads2,1,adsorbate:ads2,1,0.2,0.0,1,0,0.8
ZrSe2,W,74,6,4,adsorbate,adsorbate,1,1,0.7138001700000132,0.8097920417785645,0.09599187177855129,adsorbate:ads2,1,adsorbate:ads2,1,0.25,0.0,1,0,0.75
ZrSe2,Xe,54,5,4,adsorbate,adsorbate,1,1,8.185495739999991,7.140759706497192,1.044736033502799,adsorbate:ads1,1,adsorbate:ads0,0,0.25,0.5548727299999995,1,0,-0.25
ZrSe2,Y,39,5,5,adsorbate,adsorbate,1,1,2.4811621800000125,2.082085132598877,0.3990770474011356,adsorbate:ads2,1,adsorbate:ads2,1,0.2,0.0,1,0,0.8
ZrSe2,Zn,30,4,4,adsorbate,adsorbate,1,1,1.88028392999999,2.3817551136016846,0.5014711836016945,adsorbate:ads2,1,adsorbate:ads2,1,0.25,0.0,1,0,0.75
