host,dopant,dopant_Z,dopant_period,defecttype,n_sites,true_best_site,n_tied_true_best_sites,predicted_best_site,exact_site_correct,top2_eligible,true_best_in_predicted_top2,screening_regret_eV
As2,Ag,47,5,adsorbate,3,ads2,1,ads2,1,1,1,0.0
As2,Al,13,3,adsorbate,3,ads2,1,ads2,1,1,1,0.0
As2,Au,79,6,adsorbate,3,ads2,1,ads2,1,1,1,0.0
As2,B,5,2,adsorbate,3,ads2,1,ads1,0,1,1,0.14302157999999565
As2,B,5,2,interstitial,2,int1,1,int1,1,0,,0.0
As2,Ba,56,6,adsorbate,3,ads1,1,ads1,1,1,1,0.0
As2,Be,4,2,adsorbate,3,ads1,1,ads2,0,1,1,0.5289901499999985
As2,Be,4,2,interstitial,2,int1,1,int1,1,0,,0.0
As2,Br,35,4,adsorbate,3,ads1,1,ads2,0,1,1,0.007526859999998803
As2,C,6,2,adsorbate,2,ads1,1,ads1,1,0,,0.0
As2,C,6,2,interstitial,3,int1,1,ads2,0,1,1,0.13691226000000256
As2,Ca,20,4,adsorbate,3,ads1,1,ads1,1,1,1,0.0
As2,Cd,48,5,adsorbate,3,ads2,1,ads1,0,1,1,0.2174109899999906
As2,Cl,17,3,adsorbate,3,ads2,1,ads1,0,1,1,0.2599469999999967
As2,Co,27,4,adsorbate,2,ads1,1,ads1,1,0,,0.0
As2,Cr,24,4,adsorbate,3,ads2,1,ads2,1,1,1,0.0
As2,Cs,55,6,adsorbate,3,ads2,1,ads2,1,1,1,0.0
As2,Cu,29,4,adsorbate,3,ads2,1,ads2,1,1,1,0.0
As2,F,9,2,adsorbate,2,ads0,1,ads1,0,0,,1.1021541599999978
As2,F,9,2,interstitial,3,ads2,1,int0,0,1,1,1.1064901300000116
As2,Fe,26,4,adsorbate,2,ads2,1,ads2,1,0,,0.0
As2,Ga,31,4,adsorbate,2,ads1,1,ads1,1,0,,0.0
As2,Ge,32,4,adsorbate,3,ads2,1,ads1,0,1,1,0.16234808999999473
As2,H,1,1,adsorbate,3,ads1,1,ads2,0,1,1,0.11659901000000172
As2,H,1,1,interstitial,2,int0,1,int0,1,0,,0.0
As2,Hf,72,6,adsorbate,2,ads2,1,ads2,1,0,,0.0
As2,Hg,80,6,adsorbate,3,ads2,1,ads1,0,1,1,0.0408556400000037
As2,I,53,5,adsorbate,3,ads2,1,ads0,0,1,0,0.1819253500000001
As2,K,19,4,adsorbate,3,ads2,1,ads2,1,1,1,0.0
As2,Li,3,2,adsorbate,3,ads2,1,ads2,1,1,1,0.0
As2,Lu,71,6,adsorbate,3,ads2,1,ads2,1,1,1,0.0
As2,Mg,12,3,adsorbate,3,ads2,1,ads2,1,1,1,0.0
As2,Mn,25,4,adsorbate,3,ads2,1,ads1,0,1,1,0.0028926800000024233
As2,Mo,42,5,adsorbate,3,ads2,1,ads1,0,1,1,0.12851360999999883
As2,N,7,2,adsorbate,3,ads1,1,ads2,0,1,1,0.3576956200000012
As2,Na,11,3,adsorbate,3,ads2,1,ads2,1,1,1,0.0
As2,Nb,41,5,adsorbate,3,ads2,1,ads2,1,1,1,0.0
As2,Ni,28,4,adsorbate,2,ads2,1,ads2,1,0,,0.0
As2,O,8,2,adsorbate,2,ads0,1,ads0,1,0,,0.0
As2,O,8,2,interstitial,2,int1,1,int0,0,0,,0.7554203299999924
As2,Os,76,6,adsorbate,2,ads2,1,ads2,1,0,,0.0
As2,P,15,3,adsorbate,3,ads1,1,ads2,0,1,1,0.03268855000000315
As2,Pb,82,6,adsorbate,3,ads2,1,ads2,1,1,1,0.0
As2,Pd,46,5,adsorbate,3,ads2,1,ads2,1,1,1,0.0
As2,Pt,78,6,adsorbate,2,ads1,1,ads1,1,0,,0.0
As2,Rb,37,5,adsorbate,3,ads2,1,ads1,0,1,1,0.02041159999998854
As2,Re,75,6,adsorbate,2,ads2,1,ads2,1,0,,0.0
As2,Rh,45,5,adsorbate,2,ads2,1,ads2,1,0,,0.0
As2,Ru,44,5,adsorbate,3,ads2,1,ads2,1,1,1,0.0
As2,S,16,3,adsorbate,3,ads1,1,ads1,1,1,1,0.0
As2,Sb,51,5,adsorbate,2,ads2,1,ads2,1,0,,0.0
As2,Sc,21,4,adsorbate,2,ads2,1,ads2,1,0,,0.0
As2,Se,34,4,adsorbate,3,ads1,1,ads1,1,1,1,0.0
As2,Si,14,3,adsorbate,3,ads2,1,ads1,0,1,1,0.0854656300000014
As2,Sn,50,5,adsorbate,3,ads2,1,ads1,0,1,1,0.23000727000000154
As2,Sr,38,5,adsorbate,3,ads1,1,ads2,0,1,1,0.01114273999999682
As2,Ta,73,6,adsorbate,2,ads1,1,ads1,1,0,,0.0
As2,Tc,43,5,adsorbate,2,ads1,1,ads1,1,0,,0.0
As2,Te,52,5,adsorbate,3,ads1,1,ads1,1,1,1,0.0
As2,Ti,22,4,adsorbate,2,ads2,1,ads2,1,0,,0.0
As2,Tl,81,6,adsorbate,2,ads1,1,ads1,1,0,,0.0
As2,V,23,4,adsorbate,3,ads2,1,ads2,1,1,1,0.0
As2,W,74,6,adsorbate,2,ads2,1,ads2,1,0,,0.0
As2,Xe,54,5,adsorbate,3,ads1,1,ads2,0,1,1,0.07554054000000579
As2,Y,39,5,adsorbate,3,ads1,1,ads1,1,1,1,0.0
As2,Zn,30,4,adsorbate,3,ads2,1,ads2,1,1,1,0.0
As2,Zr,40,5,adsorbate,3,ads1,1,ads2,0,1,1,0.3015454900000094
Bi2I6,Ba,56,6,adsorbate,2,ads1,1,ads1,1,0,,0.0
Bi2I6,K,19,4,interstitial,2,int4,1,int4,1,0,,0.0
Bi2I6,Li,3,2,interstitial,2,int0,1,int1,0,0,,1.5181388499999995
Bi2I6,Lu,71,6,adsorbate,3,ads2,1,ads2,1,1,1,0.0
Bi2I6,Lu,71,6,interstitial,4,int4,1,int4,1,1,1,0.0
Bi2I6,N,7,2,interstitial,2,int1,1,int1,1,0,,0.0
Bi2I6,Re,75,6,adsorbate,3,ads1,1,ads1,1,1,1,0.0
Bi2I6,Re,75,6,interstitial,5,int2,1,int3,0,1,0,0.18135569999999834
Bi2I6,Xe,54,5,adsorbate,3,ads0,1,ads2,0,1,1,0.019531069999999318
Bi2I6,Xe,54,5,interstitial,5,int4,1,int4,1,1,1,0.0
BiITe,Al,13,3,adsorbate,2,ads5,1,ads5,1,0,,0.0
BiITe,Cs,55,6,adsorbate,2,ads1,1,ads1,1,0,,0.0
BiITe,Ge,32,4,adsorbate,2,ads2,1,ads2,1,0,,0.0
BiITe,Lu,71,6,adsorbate,6,ads5,1,ads2,0,1,1,0.615583939999993
BiITe,Na,11,3,adsorbate,2,ads1,1,ads1,1,0,,0.0
BiITe,Re,75,6,adsorbate,6,ads2,1,ads3,0,1,0,1.2310657499999982
BiITe,Re,75,6,interstitial,2,int1,1,int3,0,0,,0.1831235100000006
BiITe,Tl,81,6,adsorbate,2,ads5,1,ads3,0,0,,1.1768069499999998
BiITe,Xe,54,5,adsorbate,6,ads0,1,ads0,1,1,1,0.0
BiITe,Xe,54,5,interstitial,2,int1,1,int3,0,0,,1.1510242100000028
C2H2,Ag,47,5,adsorbate,3,ads2,1,ads2,1,1,1,0.0
C2H2,Al,13,3,adsorbate,5,ads0,1,ads0,1,1,1,0.0
C2H2,As,33,4,adsorbate,3,ads2,1,ads0,0,1,1,0.030319880000035937
C2H2,Au,79,6,adsorbate,5,ads0,1,ads1,0,1,1,0.02413567000002148
C2H2,B,5,2,adsorbate,4,ads0,1,int2,0,1,0,0.017772969999953148
C2H2,Ba,56,6,adsorbate,3,ads2,1,ads0,0,1,1,0.048068030000024464
C2H2,Be,4,2,adsorbate,2,ads2,1,ads0,0,0,,0.0005839000000373851
C2H2,Bi,83,6,adsorbate,3,ads2,1,ads2,1,1,1,0.0
C2H2,Br,35,4,adsorbate,3,ads1,1,ads1,1,1,1,0.0
C2H2,Ca,20,4,adsorbate,3,ads1,1,ads2,0,1,1,0.1388364200000185
C2H2,Cd,48,5,adsorbate,4,ads2,1,ads0,0,1,1,0.08212455000000318
C2H2,Cl,17,3,adsorbate,5,int2,1,ads2,0,1,0,0.007607870000015282
C2H2,Co,27,4,adsorbate,3,ads2,1,ads2,1,1,1,0.0
C2H2,Cr,24,4,adsorbate,2,ads0,1,ads0,1,0,,0.0
C2H2,Cs,55,6,adsorbate,3,ads1,1,ads0,0,1,0,0.008323299999972278
C2H2,Cu,29,4,adsorbate,4,ads2,1,ads1,0,1,1,0.00576719999998021
C2H2,F,9,2,adsorbate,4,ads2,1,ads1,0,1,0,0.1119551099999967
C2H2,Fe,26,4,adsorbate,3,ads2,1,ads0,0,1,1,0.03282948999998325
C2H2,Ga,31,4,adsorbate,3,ads1,1,ads0,0,1,1,0.007195650000028309
C2H2,Ge,32,4,adsorbate,2,ads0,1,ads1,0,0,,0.0640900700000202
C2H2,Hf,72,6,adsorbate,4,ads2,1,ads0,0,1,0,0.025209259999996902
C2H2,Hg,80,6,adsorbate,3,ads2,1,ads2,1,1,1,0.0
C2H2,I,53,5,adsorbate,3,ads0,1,ads2,0,1,1,0.004224810000039159
C2H2,In,49,5,adsorbate,2,ads2,1,ads0,0,0,,0.03375835000002825
C2H2,Ir,77,6,adsorbate,3,ads2,1,ads1,0,1,1,0.02088387999998531
C2H2,K,19,4,adsorbate,3,ads1,1,ads0,0,1,1,0.0388164999999957
C2H2,Li,3,2,adsorbate,5,ads0,1,ads0,1,1,1,0.0
C2H2,Lu,71,6,adsorbate,3,ads2,1,ads1,0,1,0,0.09717957999998816
C2H2,Mg,12,3,adsorbate,5,ads1,1,ads2,0,1,0,0.0047016999999982545
C2H2,Mn,25,4,adsorbate,3,ads0,1,ads0,1,1,1,0.0
C2H2,Mo,42,5,adsorbate,3,ads2,1,ads0,0,1,1,0.029632500000047912
C2H2,N,7,2,adsorbate,4,int2,1,int2,1,1,1,0.0
C2H2,Na,11,3,adsorbate,3,ads2,1,ads2,1,1,1,0.0
C2H2,Nb,41,5,adsorbate,4,ads0,1,ads2,0,1,0,0.03261333000000377
C2H2,Ni,28,4,adsorbate,4,ads0,1,ads1,0,1,0,0.09624941999999237
C2H2,O,8,2,adsorbate,5,ads0,1,ads1,0,1,0,0.6233113100000196
C2H2,Os,76,6,adsorbate,3,ads1,1,ads1,1,1,1,0.0
C2H2,P,15,3,adsorbate,4,ads0,1,ads0,1,1,1,0.0
C2H2,Pb,82,6,adsorbate,3,ads0,1,ads0,1,1,1,0.0
C2H2,Pd,46,5,adsorbate,3,ads2,1,ads2,1,1,1,0.0
C2H2,Pt,78,6,adsorbate,3,ads2,1,ads0,0,1,0,0.06464108000000124
C2H2,Rb,37,5,adsorbate,3,ads0,1,ads1,0,1,0,0.08107314000000088
C2H2,Re,75,6,adsorbate,3,ads0,1,ads0,1,1,1,0.0
C2H2,Rh,45,5,adsorbate,3,ads2,1,ads1,0,1,0,0.008516369999995277
C2H2,Ru,44,5,adsorbate,3,ads1,1,ads0,0,1,1,0.11456235000002835
C2H2,S,16,3,adsorbate,4,ads0,1,ads1,0,1,0,0.04225447999999732
C2H2,Sb,51,5,adsorbate,4,ads2,1,ads1,0,1,0,0.05692669000001205
C2H2,Sc,21,4,adsorbate,3,ads1,1,ads2,0,1,0,0.16026398999997493
C2H2,Se,34,4,adsorbate,3,ads1,1,ads2,0,1,1,0.000529190000008839
C2H2,Si,14,3,adsorbate,3,ads0,1,ads2,0,1,1,0.12255055999997921
C2H2,Sn,50,5,adsorbate,4,ads0,1,ads0,1,1,1,0.0
C2H2,Sr,38,5,adsorbate,3,ads0,1,ads2,0,1,1,0.03155280999999399
C2H2,Ta,73,6,adsorbate,3,ads2,1,ads1,0,1,1,0.004857119999995163
C2H2,Tc,43,5,adsorbate,3,ads2,1,ads2,1,1,1,0.0
C2H2,Te,52,5,adsorbate,3,ads1,1,ads2,0,1,1,0.0232645800000455
C2H2,Ti,22,4,adsorbate,3,ads0,1,ads0,1,1,1,0.0
C2H2,Tl,81,6,adsorbate,3,ads1,1,ads2,0,1,0,0.0017582599999739212
C2H2,V,23,4,adsorbate,3,ads2,1,ads0,0,1,0,0.005235440000034508
C2H2,W,74,6,adsorbate,3,ads1,1,ads2,0,1,0,0.03817238999999972
C2H2,Xe,54,5,adsorbate,3,ads0,1,ads1,0,1,0,0.009105869999984903
C2H2,Y,39,5,adsorbate,3,ads1,1,ads1,1,1,1,0.0
C2H2,Zn,30,4,adsorbate,3,ads2,1,ads2,1,1,1,0.0
C2H2,Zr,40,5,adsorbate,4,ads0,1,ads2,0,1,1,0.05497912999999066
Cr2I6,Ag,47,5,adsorbate,3,ads1,1,ads1,1,1,1,0.0
Cr2I6,Ag,47,5,interstitial,3,int3,1,int3,1,1,1,0.0
Cr2I6,Al,13,3,adsorbate,3,ads2,1,ads1,0,1,1,0.045589860000006865
Cr2I6,Al,13,3,interstitial,3,int3,1,int3,1,1,1,0.0
Cr2I6,As,33,4,adsorbate,3,ads2,1,ads2,1,1,1,0.0
Cr2I6,As,33,4,interstitial,3,int1,1,int1,1,1,1,0.0
Cr2I6,Au,79,6,adsorbate,3,ads1,1,ads1,1,1,1,0.0
Cr2I6,Au,79,6,interstitial,3,int1,1,int1,1,1,1,0.0
Cr2I6,B,5,2,adsorbate,2,ads1,1,ads1,1,0,,0.0
Cr2I6,B,5,2,interstitial,5,int0,1,int0,1,1,1,0.0
Cr2I6,Ba,56,6,adsorbate,3,ads1,1,ads2,0,1,1,0.02360240999999519
Cr2I6,Be,4,2,interstitial,5,ads2,1,int3,0,1,1,0.17249757999999837
Cr2I6,Br,35,4,adsorbate,3,ads2,1,ads0,0,1,1,0.12334940000000916
Cr2I6,Br,35,4,interstitial,2,int3,1,int3,1,0,,0.0
Cr2I6,C,6,2,adsorbate,2,ads0,1,ads0,1,0,,0.0
Cr2I6,C,6,2,interstitial,4,int0,1,int0,1,1,1,0.0
Cr2I6,Ca,20,4,adsorbate,3,ads2,1,ads2,1,1,1,0.0
Cr2I6,Ca,20,4,interstitial,3,int3,1,int3,1,1,1,0.0
Cr2I6,Cd,48,5,adsorbate,3,ads0,1,ads0,1,1,1,0.0
Cr2I6,Cd,48,5,interstitial,2,int3,1,int3,1,0,,0.0
Cr2I6,Cl,17,3,adsorbate,3,ads2,1,ads0,0,1,1,0.14054276000000243
Cr2I6,Cl,17,3,interstitial,3,int1,1,int1,1,1,1,0.0
Cr2I6,Co,27,4,adsorbate,3,ads1,1,ads1,1,1,1,0.0
Cr2I6,Co,27,4,interstitial,3,int3,1,int1,0,1,1,0.4238158800000069
Cr2I6,Cs,55,6,adsorbate,3,ads1,1,ads1,1,1,1,0.0
Cr2I6,Cs,55,6,interstitial,2,int3,1,int3,1,0,,0.0
Cr2I6,Cu,29,4,adsorbate,3,ads1,1,ads2,0,1,1,0.3460517199999913
Cr2I6,Cu,29,4,interstitial,3,int3,1,int3,1,1,1,0.0
Cr2I6,F,9,2,adsorbate,3,ads0,1,ads0,1,1,1,0.0
Cr2I6,F,9,2,interstitial,4,int2,1,int1,0,1,0,0.3969578399999987
Cr2I6,Fe,26,4,adsorbate,3,ads1,1,ads1,1,1,1,0.0
Cr2I6,Fe,26,4,interstitial,3,int1,1,int1,1,1,1,0.0
Cr2I6,Ga,31,4,adsorbate,2,ads1,1,ads1,1,0,,0.0
Cr2I6,Ga,31,4,interstitial,2,int3,1,int3,1,0,,0.0
Cr2I6,Ge,32,4,adsorbate,2,ads2,1,ads2,1,0,,0.0
Cr2I6,Ge,32,4,interstitial,2,int1,1,int1,1,0,,0.0
Cr2I6,H,1,1,adsorbate,3,ads0,1,ads0,1,1,1,0.0
Cr2I6,H,1,1,interstitial,4,int1,1,int2,0,1,1,3.611083100000001
Cr2I6,Hf,72,6,adsorbate,3,ads2,1,ads1,0,1,1,0.06202612000001295
Cr2I6,Hg,80,6,adsorbate,3,ads2,1,ads2,1,1,1,0.0
Cr2I6,Hg,80,6,interstitial,2,int3,1,int3,1,0,,0.0
Cr2I6,Ir,77,6,adsorbate,3,ads1,1,ads1,1,1,1,0.0
Cr2I6,Ir,77,6,interstitial,3,int1,1,int3,0,1,1,0.8047648000000152
Cr2I6,K,19,4,adsorbate,3,ads1,1,ads1,1,1,1,0.0
Cr2I6,K,19,4,interstitial,3,int3,1,int3,1,1,1,0.0
Cr2I6,Li,3,2,adsorbate,3,ads1,1,ads1,1,1,1,0.0
Cr2I6,Li,3,2,interstitial,2,int3,1,int3,1,0,,0.0
Cr2I6,Lu,71,6,adsorbate,3,ads2,1,ads1,0,1,1,0.35374944000000136
Cr2I6,Lu,71,6,interstitial,3,int3,1,int3,1,1,1,0.0
Cr2I6,Mg,12,3,adsorbate,3,ads1,1,ads2,0,1,1,0.149144419999999
Cr2I6,Mg,12,3,interstitial,2,int3,1,int3,1,0,,0.0
Cr2I6,Mn,25,4,adsorbate,2,ads1,1,ads1,1,0,,0.0
Cr2I6,Mn,25,4,interstitial,3,int3,1,int3,1,1,1,0.0
Cr2I6,Mo,42,5,adsorbate,3,ads1,1,ads1,1,1,1,0.0
Cr2I6,Mo,42,5,interstitial,2,int1,1,int1,1,0,,0.0
Cr2I6,N,7,2,adsorbate,2,ads0,1,ads0,1,0,,0.0
Cr2I6,N,7,2,interstitial,4,int0,1,int0,1,1,1,0.0
Cr2I6,Nb,41,5,adsorbate,3,ads1,1,ads1,1,1,1,0.0
Cr2I6,Nb,41,5,interstitial,2,int3,1,int1,0,0,,0.4084860800000172
Cr2I6,Ni,28,4,adsorbate,2,ads2,1,ads2,1,0,,0.0
Cr2I6,Ni,28,4,interstitial,4,int3,1,int3,1,1,1,0.0
Cr2I6,O,8,2,adsorbate,2,ads0,1,ads2,0,0,,1.2787812199999848
Cr2I6,O,8,2,interstitial,4,int1,1,int0,0,1,1,0.16205727999999908
Cr2I6,Os,76,6,adsorbate,3,ads1,1,ads1,1,1,1,0.0
Cr2I6,Os,76,6,interstitial,2,int1,1,int1,1,0,,0.0
Cr2I6,P,15,3,adsorbate,2,ads2,1,ads0,0,0,,0.1565350399999943
Cr2I6,P,15,3,interstitial,4,int0,1,int1,0,1,1,0.2198452299999758
Cr2I6,Pd,46,5,adsorbate,3,ads1,1,ads1,1,1,1,0.0
Cr2I6,Pd,46,5,interstitial,2,int1,1,int3,0,0,,0.016624079999985497
Cr2I6,Pt,78,6,adsorbate,3,ads1,1,ads1,1,1,1,0.0
Cr2I6,Pt,78,6,interstitial,2,int1,1,int1,1,0,,0.0
Cr2I6,Rb,37,5,adsorbate,3,ads1,1,ads2,0,1,1,0.045768739999999974
Cr2I6,Rb,37,5,interstitial,3,int3,1,int3,1,1,1,0.0
Cr2I6,Re,75,6,adsorbate,3,ads2,1,ads1,0,1,1,0.09178843999998687
Cr2I6,Re,75,6,interstitial,2,int1,1,int1,1,0,,0.0
Cr2I6,Rh,45,5,adsorbate,3,ads1,1,ads1,1,1,1,0.0
Cr2I6,Rh,45,5,interstitial,3,int1,1,int1,1,1,1,0.0
Cr2I6,Ru,44,5,adsorbate,3,ads1,1,ads1,1,1,1,0.0
Cr2I6,Ru,44,5,interstitial,3,int1,1,int3,0,1,1,0.6479227299999764
Cr2I6,S,16,3,adsorbate,3,ads0,1,ads0,1,1,1,0.0
Cr2I6,S,16,3,interstitial,3,int1,1,int3,0,1,1,0.8461601600000108
Cr2I6,Sb,51,5,adsorbate,3,ads2,1,ads1,0,1,1,0.35843081999999526
Cr2I6,Sb,51,5,interstitial,3,int1,1,int3,0,1,1,0.5196607799999948
Cr2I6,Sc,21,4,adsorbate,3,ads2,1,ads1,0,1,1,0.18738199000000583
Cr2I6,Sc,21,4,interstitial,3,int3,1,int3,1,1,1,0.0
Cr2I6,Se,34,4,adsorbate,3,ads0,1,ads0,1,1,1,0.0
Cr2I6,Se,34,4,interstitial,3,int1,1,int1,1,1,1,0.0
Cr2I6,Si,14,3,adsorbate,2,ads2,1,ads2,1,0,,0.0
Cr2I6,Si,14,3,interstitial,4,int3,1,int3,1,1,1,0.0
Cr2I6,Sn,50,5,adsorbate,3,ads2,1,ads2,1,1,1,0.0
Cr2I6,Sr,38,5,adsorbate,3,ads2,1,ads2,1,1,1,0.0
Cr2I6,Sr,38,5,interstitial,2,int3,1,int3,1,0,,0.0
Cr2I6,Ta,73,6,adsorbate,3,ads1,1,ads1,1,1,1,0.0
Cr2I6,Ta,73,6,interstitial,2,int1,1,int3,0,0,,0.08834859999998956
Cr2I6,Tc,43,5,adsorbate,3,ads2,1,ads1,0,1,1,0.07339607000000026
Cr2I6,Tc,43,5,interstitial,3,int1,1,int1,1,1,1,0.0
Cr2I6,Te,52,5,adsorbate,3,ads0,1,ads0,1,1,1,0.0
Cr2I6,Te,52,5,interstitial,3,int1,1,int3,0,1,0,0.03476147000000651
Cr2I6,Ti,22,4,adsorbate,3,ads1,1,ads2,0,1,1,0.4850979999999947
Cr2I6,Ti,22,4,interstitial,3,int1,1,int1,1,1,1,0.0
Cr2I6,Tl,81,6,interstitial,2,int3,1,int1,0,0,,0.25958469000001116
Cr2I6,V,23,4,adsorbate,2,ads2,1,ads2,1,0,,0.0
Cr2I6,V,23,4,interstitial,2,int1,1,int1,1,0,,0.0
Cr2I6,W,74,6,adsorbate,2,ads2,1,ads1,0,0,,0.017546340000023974
Cr2I6,W,74,6,interstitial,2,int1,1,int1,1,0,,0.0
Cr2I6,Xe,54,5,adsorbate,3,ads1,1,ads0,0,1,1,0.009897949999995596
Cr2I6,Xe,54,5,interstitial,3,int3,1,int3,1,1,1,0.0
Cr2I6,Y,39,5,adsorbate,3,ads2,1,ads1,0,1,1,0.1445522399999958
Cr2I6,Y,39,5,interstitial,3,int3,1,int3,1,1,1,0.0
Cr2I6,Zn,30,4,interstitial,2,int1,1,int3,0,0,,0.12673678000000177
Cr2I6,Zr,40,5,adsorbate,3,ads1,1,ads1,1,1,1,0.0
Ge2,Ag,47,5,adsorbate,2,ads2,1,ads2,1,0,,0.0
Ge2,Al,13,3,adsorbate,2,ads1,1,ads1,1,0,,0.0
Ge2,As,33,4,adsorbate,2,ads1,1,ads1,1,0,,0.0
Ge2,Au,79,6,adsorbate,3,ads1,1,ads2,0,1,1,0.36947308000000567
Ge2,B,5,2,adsorbate,2,ads1,1,ads1,1,0,,0.0
Ge2,B,5,2,interstitial,2,int1,1,int1,1,0,,0.0
Ge2,Ba,56,6,adsorbate,3,ads2,1,ads2,1,1,1,0.0
Ge2,Be,4,2,interstitial,2,int1,1,ads2,0,0,,0.0026059400000093547
Ge2,Bi,83,6,adsorbate,3,ads2,1,ads2,1,1,1,0.0
Ge2,Br,35,4,adsorbate,3,ads1,1,ads2,0,1,1,1.5836402799999973
Ge2,C,6,2,interstitial,2,int1,1,int1,1,0,,0.0
Ge2,Ca,20,4,adsorbate,3,ads2,1,ads2,1,1,1,0.0
Ge2,Cd,48,5,adsorbate,3,ads1,1,ads1,1,1,1,0.0
Ge2,Cl,17,3,adsorbate,3,ads1,1,ads1,1,1,1,0.0
Ge2,Co,27,4,adsorbate,2,ads1,1,ads1,1,0,,0.0
Ge2,Cs,55,6,adsorbate,2,ads2,1,ads2,1,0,,0.0
Ge2,F,9,2,adsorbate,3,ads1,1,ads0,0,1,1,0.5844414900000028
Ge2,Ga,31,4,adsorbate,2,ads1,1,ads1,1,0,,0.0
Ge2,H,1,1,interstitial,2,int1,1,ads2,0,0,,0.017597739999999362
Ge2,Hf,72,6,adsorbate,3,ads2,1,ads2,1,1,1,0.0
Ge2,Hg,80,6,adsorbate,3,ads1,1,ads2,0,1,1,0.005254469999997
Ge2,K,19,4,adsorbate,2,ads1,1,ads1,1,0,,0.0
Ge2,Li,3,2,adsorbate,2,ads2,1,ads2,1,0,,0.0
Ge2,Lu,71,6,adsorbate,2,ads1,1,ads1,1,0,,0.0
Ge2,Mg,12,3,adsorbate,3,ads2,1,ads2,1,1,1,0.0
Ge2,Mn,25,4,adsorbate,2,ads1,1,ads1,1,0,,0.0
Ge2,Mo,42,5,adsorbate,2,ads1,1,ads1,1,0,,0.0
Ge2,N,7,2,adsorbate,2,ads2,1,ads2,1,0,,0.0
Ge2,Na,11,3,adsorbate,3,ads2,1,ads2,1,1,1,0.0
Ge2,Ni,28,4,adsorbate,2,ads1,1,ads1,1,0,,0.0
Ge2,Ni,28,4,interstitial,2,ads2,1,int1,0,0,,0.004773679999999558
Ge2,O,8,2,adsorbate,3,ads1,1,ads2,0,1,1,1.3069113399999994
Ge2,Os,76,6,adsorbate,2,ads1,1,ads1,1,0,,0.0
Ge2,P,15,3,adsorbate,3,ads1,1,ads2,0,1,1,0.4321902199999954
Ge2,Pd,46,5,adsorbate,2,ads2,1,ads2,1,0,,0.0
Ge2,Rb,37,5,adsorbate,3,ads2,1,ads2,1,1,1,0.0
Ge2,Re,75,6,adsorbate,2,ads1,1,ads1,1,0,,0.0
Ge2,Ru,44,5,adsorbate,2,ads1,1,ads1,1,0,,0.0
Ge2,S,16,3,adsorbate,2,ads2,1,ads2,1,0,,0.0
Ge2,Sb,51,5,adsorbate,3,ads2,1,ads1,0,1,1,0.127155579999993
Ge2,Sc,21,4,adsorbate,3,ads2,1,ads2,1,1,1,0.0
Ge2,Se,34,4,adsorbate,3,ads1,1,ads1,1,1,1,0.0
Ge2,Si,14,3,adsorbate,3,ads1,1,ads1,1,1,1,0.0
Ge2,Sn,50,5,adsorbate,2,ads2,1,ads1,0,0,,0.3508547200000009
Ge2,Sr,38,5,adsorbate,2,ads2,1,ads2,1,0,,0.0
Ge2,Ta,73,6,interstitial,2,int1,1,ads2,0,0,,0.042907829999990085
Ge2,Tc,43,5,adsorbate,2,ads1,1,ads1,1,0,,0.0
Ge2,Tc,43,5,interstitial,2,ads2,1,int1,0,0,,0.4686140499999993
Ge2,Te,52,5,adsorbate,2,ads1,1,ads1,1,0,,0.0
Ge2,Ti,22,4,adsorbate,2,ads1,1,ads1,1,0,,0.0
Ge2,Ti,22,4,interstitial,2,ads2,1,ads2,1,0,,0.0
Ge2,Tl,81,6,adsorbate,3,ads2,1,ads1,0,1,1,0.15106747000000087
Ge2,W,74,6,adsorbate,2,ads1,1,ads1,1,0,,0.0
Ge2,Xe,54,5,adsorbate,3,ads1,1,ads2,0,1,1,0.045456670000007096
Ge2,Y,39,5,adsorbate,3,ads2,1,ads2,1,1,1,0.0
Ge2,Zn,30,4,adsorbate,3,ads1,1,ads2,0,1,1,2.2804859399999913
Ge2,Zr,40,5,adsorbate,3,ads2,1,ads2,1,1,1,0.0
Ge2H2,Ag,47,5,adsorbate,4,ads2,1,ads2,1,1,1,0.0
Ge2H2,Al,13,3,adsorbate,2,ads1,1,ads1,1,0,,0.0
Ge2H2,Al,13,3,interstitial,2,ads2,1,ads2,1,0,,0.0
Ge2H2,As,33,4,adsorbate,3,ads0,1,ads2,0,1,1,0.02485207000000944
Ge2H2,Au,79,6,adsorbate,3,ads2,1,ads1,0,1,1,0.10795863999999256
Ge2H2,B,5,2,interstitial,2,ads1,1,ads1,1,0,,0.0
Ge2H2,Ba,56,6,adsorbate,4,ads2,1,ads2,1,1,1,0.0
Ge2H2,Be,4,2,adsorbate,2,ads1,1,ads1,1,0,,0.0
Ge2H2,Bi,83,6,adsorbate,5,ads1,1,ads1,1,1,1,0.0
Ge2H2,Br,35,4,adsorbate,4,ads2,1,ads2,1,1,1,0.0
Ge2H2,C,6,2,interstitial,3,int0,1,int1,0,1,1,0.026601119999981826
Ge2H2,Ca,20,4,adsorbate,3,ads1,1,ads1,1,1,1,0.0
Ge2H2,Cd,48,5,adsorbate,5,ads1,1,ads0,0,1,0,0.0004357599999879058
Ge2H2,Cl,17,3,adsorbate,3,ads2,1,ads2,1,1,1,0.0
Ge2H2,Co,27,4,interstitial,3,ads1,1,ads1,1,1,1,0.0
Ge2H2,Cr,24,4,adsorbate,2,ads1,1,ads1,1,0,,0.0
Ge2H2,Cs,55,6,adsorbate,3,ads2,1,ads2,1,1,1,0.0
Ge2H2,F,9,2,interstitial,3,ads2,1,ads1,0,1,1,0.3175293699999884
Ge2H2,Fe,26,4,interstitial,3,ads1,1,ads1,1,1,1,0.0
Ge2H2,Hg,80,6,adsorbate,4,ads0,1,ads0,1,1,1,0.0
Ge2H2,I,53,5,adsorbate,5,ads2,1,ads0,0,1,0,0.06836968999999737
Ge2H2,In,49,5,adsorbate,2,ads1,1,ads1,1,0,,0.0
Ge2H2,K,19,4,adsorbate,3,ads2,1,ads1,0,1,1,0.032926610000004075
Ge2H2,Li,3,2,adsorbate,2,ads1,1,ads1,1,0,,0.0
Ge2H2,Li,3,2,interstitial,2,ads2,1,ads2,1,0,,0.0
Ge2H2,Lu,71,6,adsorbate,2,ads1,1,ads1,1,0,,0.0
Ge2H2,Mg,12,3,adsorbate,3,ads2,1,ads2,1,1,1,0.0
Ge2H2,Mn,25,4,adsorbate,3,ads1,1,ads1,1,1,1,0.0
Ge2H2,Mo,42,5,adsorbate,2,ads0,1,ads0,1,0,,0.0
Ge2H2,Mo,42,5,interstitial,2,ads1,1,ads1,1,0,,0.0
Ge2H2,N,7,2,adsorbate,2,ads0,1,ads1,0,0,,0.5125520299999948
Ge2H2,Na,11,3,adsorbate,3,ads2,1,ads2,1,1,1,0.0
Ge2H2,Ni,28,4,interstitial,2,ads1,1,ads1,1,0,,0.0
Ge2H2,O,8,2,adsorbate,3,ads0,1,ads0,1,1,1,0.0
Ge2H2,O,8,2,interstitial,2,int1,1,int1,1,0,,0.0
Ge2H2,Os,76,6,adsorbate,3,ads1,1,ads1,1,1,1,0.0
Ge2H2,P,15,3,adsorbate,3,ads2,1,ads0,0,1,0,0.1778029300000128
Ge2H2,Pb,82,6,adsorbate,2,ads1,1,ads1,1,0,,0.0
Ge2H2,Pd,46,5,interstitial,3,ads1,1,ads1,1,1,1,0.0
Ge2H2,Pt,78,6,adsorbate,3,ads0,1,ads0,1,1,1,0.0
Ge2H2,Pt,78,6,interstitial,2,ads2,1,ads2,1,0,,0.0
Ge2H2,Rb,37,5,adsorbate,4,ads2,1,ads2,1,1,1,0.0
Ge2H2,Re,75,6,adsorbate,3,ads1,1,ads1,1,1,1,0.0
Ge2H2,Rh,45,5,interstitial,2,ads1,1,ads1,1,0,,0.0
Ge2H2,Ru,44,5,adsorbate,2,ads0,1,ads0,1,0,,0.0
Ge2H2,Ru,44,5,interstitial,2,ads1,1,ads2,0,0,,0.502388939999975
Ge2H2,S,16,3,adsorbate,4,ads0,1,ads0,1,1,1,0.0
Ge2H2,Sb,51,5,adsorbate,4,ads0,1,ads0,1,1,1,0.0
Ge2H2,Sc,21,4,adsorbate,3,ads1,1,ads1,1,1,1,0.0
Ge2H2,Se,34,4,adsorbate,4,ads0,1,ads0,1,1,1,0.0
Ge2H2,Si,14,3,adsorbate,2,ads1,1,ads1,1,0,,0.0
Ge2H2,Sn,50,5,adsorbate,4,ads1,1,ads2,0,1,1,0.08378264999998919
Ge2H2,Sr,38,5,adsorbate,5,ads2,1,ads2,1,1,1,0.0
Ge2H2,Ta,73,6,adsorbate,3,ads0,1,ads0,1,1,1,0.0
Ge2H2,Tc,43,5,adsorbate,3,ads0,1,ads0,1,1,1,0.0
Ge2H2,Tc,43,5,interstitial,2,ads1,1,ads2,0,0,,0.147131129999992
Ge2H2,Te,52,5,adsorbate,4,ads0,1,ads1,0,1,1,0.21856293999999865
Ge2H2,Ti,22,4,interstitial,2,ads2,1,ads1,0,0,,0.5407419699999987
Ge2H2,Tl,81,6,adsorbate,4,ads1,1,ads1,1,1,1,0.0
Ge2H2,V,23,4,interstitial,3,ads2,1,ads2,1,1,1,0.0
Ge2H2,W,74,6,adsorbate,4,ads1,1,ads2,0,1,1,0.028522150000015678
Ge2H2,Xe,54,5,adsorbate,3,ads0,1,ads0,1,1,1,0.0
Ge2H2,Y,39,5,adsorbate,3,ads1,1,ads1,1,1,1,0.0
Ge2H2,Zn,30,4,adsorbate,2,ads0,1,ads0,1,0,,0.0
Ge2H2,Zr,40,5,adsorbate,3,ads1,1,ads1,1,1,1,0.0
Hf2Te6,Ag,47,5,adsorbate,3,ads1,1,ads1,1,1,1,0.0
Hf2Te6,Ag,47,5,interstitial,4,int0,1,int0,1,1,1,0.0
Hf2Te6,Al,13,3,adsorbate,3,ads1,1,ads2,0,1,0,0.32065668999996433
Hf2Te6,Al,13,3,interstitial,4,int1,1,int1,1,1,1,0.0
Hf2Te6,As,33,4,adsorbate,3,ads1,1,ads1,1,1,1,0.0
Hf2Te6,As,33,4,interstitial,5,int0,1,int0,1,1,1,0.0
Hf2Te6,Au,79,6,adsorbate,3,ads1,1,ads1,1,1,1,0.0
Hf2Te6,Au,79,6,interstitial,3,int1,1,int0,0,1,1,0.0022414100000105464
Hf2Te6,B,5,2,adsorbate,3,ads1,1,ads1,1,1,1,0.0
Hf2Te6,B,5,2,interstitial,5,int3,1,int5,0,1,0,0.10587765000002403
Hf2Te6,Ba,56,6,adsorbate,3,ads1,1,ads1,1,1,1,0.0
Hf2Te6,Be,4,2,adsorbate,3,ads1,1,ads1,1,1,1,0.0
Hf2Te6,Be,4,2,interstitial,4,int1,1,int5,0,1,1,0.6009619499999985
Hf2Te6,Bi,83,6,interstitial,2,int1,1,int5,0,0,,0.40167393999996603
Hf2Te6,Br,35,4,adsorbate,3,ads2,1,ads2,1,1,1,0.0
Hf2Te6,Br,35,4,interstitial,4,int5,1,int5,1,1,1,0.0
Hf2Te6,C,6,2,adsorbate,3,ads1,1,ads1,1,1,1,0.0
Hf2Te6,C,6,2,interstitial,5,int4,1,int4,1,1,1,0.0
Hf2Te6,Ca,20,4,adsorbate,3,int5,1,int5,1,1,1,0.0
Hf2Te6,Ca,20,4,interstitial,4,int1,1,int1,1,1,1,0.0
Hf2Te6,Cd,48,5,adsorbate,3,ads1,1,ads1,1,1,1,0.0
Hf2Te6,Cd,48,5,interstitial,3,int0,1,int1,0,1,1,0.01711454000002277
Hf2Te6,Cl,17,3,adsorbate,3,ads2,1,ads1,0,1,0,0.1474615100000278
Hf2Te6,Cl,17,3,interstitial,3,int5,1,int5,1,1,1,0.0
Hf2Te6,Co,27,4,adsorbate,3,ads1,1,ads1,1,1,1,0.0
Hf2Te6,Co,27,4,interstitial,4,int1,1,int0,0,1,1,0.18575272000003906
Hf2Te6,Cr,24,4,adsorbate,3,ads1,1,ads1,1,1,1,0.0
Hf2Te6,Cr,24,4,interstitial,4,int1,1,int0,0,1,1,0.43349422000000004
Hf2Te6,Cs,55,6,adsorbate,3,ads1,1,ads1,1,1,1,0.0
Hf2Te6,Cs,55,6,interstitial,3,int0,1,int0,1,1,1,0.0
Hf2Te6,Cu,29,4,adsorbate,3,ads1,1,ads1,1,1,1,0.0
Hf2Te6,Cu,29,4,interstitial,5,int3,1,int0,0,1,0,0.42752703999997266
Hf2Te6,F,9,2,adsorbate,2,ads2,1,ads2,1,0,,0.0
Hf2Te6,F,9,2,interstitial,5,ads1,1,int4,0,1,1,1.1621439300000134
Hf2Te6,Fe,26,4,adsorbate,3,ads1,1,ads1,1,1,1,0.0
Hf2Te6,Fe,26,4,interstitial,5,int4,1,int1,0,1,0,0.206454180000037
Hf2Te6,Ga,31,4,adsorbate,3,ads1,1,ads1,1,1,1,0.0
Hf2Te6,Ga,31,4,interstitial,6,int1,1,int1,1,1,1,0.0
Hf2Te6,Ge,32,4,adsorbate,3,ads1,1,ads1,1,1,1,0.0
Hf2Te6,Ge,32,4,interstitial,3,int1,1,int1,1,1,1,0.0
Hf2Te6,H,1,1,adsorbate,2,ads2,1,ads0,0,0,,0.0005528800000433876
Hf2Te6,H,1,1,interstitial,7,int4,1,int4,1,1,1,0.0
Hf2Te6,Hg,80,6,adsorbate,3,ads0,1,ads1,0,1,1,0.0019255699999689013
Hf2Te6,Hg,80,6,interstitial,4,int0,1,int1,0,1,1,0.004056300000002011
Hf2Te6,I,53,5,adsorbate,3,ads2,1,ads0,0,1,1,0.005718249999972613
Hf2Te6,I,53,5,interstitial,3,int1,1,int0,0,1,1,0.02027689000004762
Hf2Te6,In,49,5,interstitial,2,int0,1,int0,1,0,,0.0
Hf2Te6,Ir,77,6,adsorbate,2,ads1,1,ads1,1,0,,0.0
Hf2Te6,Ir,77,6,interstitial,4,int0,1,int0,1,1,1,0.0
Hf2Te6,K,19,4,adsorbate,4,ads1,1,ads1,1,1,1,0.0
Hf2Te6,K,19,4,interstitial,3,int0,1,int1,0,1,1,0.012403529999972074
Hf2Te6,Li,3,2,adsorbate,3,ads1,1,ads0,0,1,0,0.4507520500000055
Hf2Te6,Li,3,2,interstitial,5,int1,1,int4,0,1,0,2.8752092999999945
Hf2Te6,Lu,71,6,adsorbate,3,ads1,1,ads1,1,1,1,0.0
Hf2Te6,Lu,71,6,interstitial,3,int1,1,int0,0,1,1,0.002475220000007994
Hf2Te6,Mg,12,3,adsorbate,3,ads1,1,ads2,0,1,0,0.02871714999997721
Hf2Te6,Mg,12,3,interstitial,4,int1,1,int0,0,1,1,0.04554530000001478
Hf2Te6,Mn,25,4,adsorbate,3,ads1,1,ads1,1,1,1,0.0
Hf2Te6,Mn,25,4,interstitial,4,int0,1,int1,0,1,1,0.01030108999998447
Hf2Te6,Mo,42,5,adsorbate,3,ads1,1,ads1,1,1,1,0.0
Hf2Te6,Mo,42,5,interstitial,3,int1,1,int1,1,1,1,0.0
Hf2Te6,N,7,2,adsorbate,3,ads1,1,ads1,1,1,1,0.0
Hf2Te6,N,7,2,interstitial,5,int4,1,int4,1,1,1,0.0
Hf2Te6,Na,11,3,adsorbate,3,ads1,1,ads1,1,1,1,0.0
Hf2Te6,Na,11,3,interstitial,4,int5,1,int5,1,1,1,0.0
Hf2Te6,Nb,41,5,adsorbate,3,ads1,1,ads1,1,1,1,0.0
Hf2Te6,Nb,41,5,interstitial,4,int1,1,int0,0,1,1,0.05697753999999122
Hf2Te6,Ni,28,4,adsorbate,2,ads1,1,ads1,1,0,,0.0
Hf2Te6,Ni,28,4,interstitial,4,int0,1,int0,1,1,1,0.0
Hf2Te6,O,8,2,adsorbate,2,ads0,1,ads2,0,0,,0.001746939999975411
Hf2Te6,O,8,2,interstitial,5,int5,1,int5,1,1,1,0.0
Hf2Te6,Os,76,6,adsorbate,3,ads1,1,ads1,1,1,1,0.0
Hf2Te6,Os,76,6,interstitial,4,int0,1,int0,1,1,1,0.0
Hf2Te6,P,15,3,adsorbate,3,ads1,1,ads1,1,1,1,0.0
Hf2Te6,P,15,3,interstitial,4,int0,1,int1,0,1,1,0.0018429200000014134
Hf2Te6,Pd,46,5,adsorbate,3,ads1,1,ads1,1,1,1,0.0
Hf2Te6,Pd,46,5,interstitial,4,int0,1,int0,1,1,1,0.0
Hf2Te6,Pt,78,6,adsorbate,3,ads1,1,ads1,1,1,1,0.0
Hf2Te6,Pt,78,6,interstitial,3,int1,1,int0,0,1,1,0.0031499599999732994
Hf2Te6,Rb,37,5,adsorbate,3,ads1,1,ads1,1,1,1,0.0
Hf2Te6,Rb,37,5,interstitial,3,int5,1,int5,1,1,1,0.0
Hf2Te6,Re,75,6,adsorbate,3,ads1,1,ads1,1,1,1,0.0
Hf2Te6,Re,75,6,interstitial,4,int1,1,int1,1,1,1,0.0
Hf2Te6,Rh,45,5,adsorbate,2,ads2,1,ads2,1,0,,0.0
Hf2Te6,Rh,45,5,interstitial,4,int1,1,int0,0,1,1,0.0007166100000403908
Hf2Te6,Ru,44,5,adsorbate,3,ads1,1,ads1,1,1,1,0.0
Hf2Te6,Ru,44,5,interstitial,4,int1,1,int1,1,1,1,0.0
Hf2Te6,S,16,3,adsorbate,3,ads2,1,ads0,0,1,1,0.0012069599999904312
Hf2Te6,S,16,3,interstitial,6,int5,1,int0,0,1,0,0.6938932799999975
Hf2Te6,Sb,51,5,adsorbate,3,ads1,1,ads1,1,1,1,0.0
Hf2Te6,Sb,51,5,interstitial,4,int1,1,int0,0,1,1,0.01805176999999958
Hf2Te6,Sc,21,4,adsorbate,3,ads1,1,ads1,1,1,1,0.0
Hf2Te6,Sc,21,4,interstitial,3,int5,1,int1,0,1,0,0.16452983999999998
Hf2Te6,Se,34,4,adsorbate,3,ads2,1,ads2,1,1,1,0.0
Hf2Te6,Se,34,4,interstitial,3,int0,1,int0,1,1,1,0.0
Hf2Te6,Si,14,3,adsorbate,3,ads1,1,ads2,0,1,0,0.6074984300000215
Hf2Te6,Si,14,3,interstitial,4,int1,1,int1,1,1,1,0.0
Hf2Te6,Sn,50,5,adsorbate,3,ads1,1,ads1,1,1,1,0.0
Hf2Te6,Sn,50,5,interstitial,2,int0,1,int0,1,0,,0.0
Hf2Te6,Sr,38,5,adsorbate,3,ads1,1,ads1,1,1,1,0.0
Hf2Te6,Sr,38,5,interstitial,4,int0,1,int0,1,1,1,0.0
Hf2Te6,Ta,73,6,adsorbate,3,ads1,1,ads1,1,1,1,0.0
Hf2Te6,Ta,73,6,interstitial,3,int1,1,int1,1,1,1,0.0
Hf2Te6,Tc,43,5,adsorbate,2,ads2,1,ads2,1,0,,0.0
Hf2Te6,Tc,43,5,interstitial,4,int0,1,int0,1,1,1,0.0
Hf2Te6,Ti,22,4,adsorbate,3,ads1,1,ads1,1,1,1,0.0
Hf2Te6,Ti,22,4,interstitial,5,int0,1,int0,1,1,1,0.0
Hf2Te6,Tl,81,6,adsorbate,3,ads1,1,ads0,0,1,0,0.223028940000006
Hf2Te6,Tl,81,6,interstitial,2,int1,1,int1,1,0,,0.0
Hf2Te6,V,23,4,adsorbate,3,ads1,1,ads1,1,1,1,0.0
Hf2Te6,V,23,4,interstitial,5,int0,1,int1,0,1,1,0.0015091600000116667
Hf2Te6,W,74,6,adsorbate,3,ads1,1,ads1,1,1,1,0.0
Hf2Te6,W,74,6,interstitial,4,int0,1,int1,0,1,1,0.0007695500000295397
Hf2Te6,Xe,54,5,adsorbate,3,ads1,1,ads2,0,1,0,0.034811400000023696
Hf2Te6,Xe,54,5,interstitial,4,int5,1,int5,1,1,1,0.0
Hf2Te6,Y,39,5,adsorbate,3,ads1,1,ads1,1,1,1,0.0
Hf2Te6,Y,39,5,interstitial,4,int1,1,int1,1,1,1,0.0
Hf2Te6,Zn,30,4,adsorbate,2,ads2,1,ads0,0,0,,0.004973200000051747
Hf2Te6,Zn,30,4,interstitial,5,int0,1,int3,0,1,1,1.7127208299999659
Hf2Te6,Zr,40,5,adsorbate,3,ads1,1,ads1,1,1,1,0.0
Hf2Te6,Zr,40,5,interstitial,4,int0,1,int1,0,1,1,0.02561224999999462
HfS2,Ag,47,5,adsorbate,4,ads2,1,ads2,1,1,1,0.0
HfS2,Al,13,3,adsorbate,2,ads2,1,ads2,1,0,,0.0
HfS2,Al,13,3,interstitial,2,int2,1,int2,1,0,,0.0
HfS2,As,33,4,adsorbate,3,ads1,1,ads1,1,1,1,0.0
HfS2,As,33,4,interstitial,2,int2,1,int2,1,0,,0.0
HfS2,Au,79,6,adsorbate,3,ads1,1,ads2,0,1,1,0.2608973899999967
HfS2,B,5,2,interstitial,4,ads2,1,ads2,1,1,1,0.0
HfS2,Ba,56,6,adsorbate,3,ads2,1,ads2,1,1,1,0.0
HfS2,Be,4,2,adsorbate,3,ads2,1,ads2,1,1,1,0.0
HfS2,Be,4,2,interstitial,2,int2,1,int2,1,0,,0.0
HfS2,Br,35,4,adsorbate,4,ads1,1,ads1,1,1,1,0.0
HfS2,C,6,2,adsorbate,3,ads1,1,ads1,1,1,1,0.0
HfS2,C,6,2,interstitial,2,int0,1,int2,0,0,,0.019603020000006133
HfS2,Ca,20,4,adsorbate,4,ads2,1,int2,0,1,1,0.0018410600000038357
HfS2,Cd,48,5,adsorbate,3,ads2,1,ads0,0,1,1,0.032375619999982064
HfS2,Cl,17,3,adsorbate,3,ads1,1,ads1,1,1,1,0.0
HfS2,Co,27,4,adsorbate,3,ads2,1,ads2,1,1,1,0.0
HfS2,Co,27,4,interstitial,2,int2,1,int2,1,0,,0.0
HfS2,Cr,24,4,adsorbate,2,ads1,1,ads1,1,0,,0.0
HfS2,Cr,24,4,interstitial,3,ads2,1,ads2,1,1,1,0.0
HfS2,Cs,55,6,adsorbate,3,ads2,1,ads1,0,1,1,0.05791948000001024
HfS2,Cu,29,4,adsorbate,3,ads2,1,ads2,1,1,1,0.0
HfS2,F,9,2,adsorbate,3,ads1,1,ads1,1,1,1,0.0
HfS2,F,9,2,interstitial,3,int2,1,ads2,0,1,1,0.001352599999989934
HfS2,Fe,26,4,adsorbate,3,ads2,1,ads2,1,1,1,0.0
HfS2,Fe,26,4,interstitial,2,int2,1,int2,1,0,,0.0
HfS2,Ga,31,4,adsorbate,2,ads1,1,ads1,1,0,,0.0
HfS2,Ge,32,4,adsorbate,3,ads1,1,ads1,1,1,1,0.0
HfS2,H,1,1,adsorbate,3,ads0,1,ads1,0,1,0,0.5330548299999978
HfS2,H,1,1,interstitial,3,int0,1,int2,0,1,1,0.04906934000001684
HfS2,Hg,80,6,adsorbate,3,ads2,1,ads2,1,1,1,0.0
HfS2,I,53,5,adsorbate,4,ads0,1,ads0,1,1,1,0.0
HfS2,Ir,77,6,adsorbate,3,ads2,1,ads2,1,1,1,0.0
HfS2,Ir,77,6,interstitial,2,int2,1,int2,1,0,,0.0
HfS2,K,19,4,adsorbate,4,int2,1,int2,1,1,1,0.0
HfS2,Li,3,2,adsorbate,4,ads2,1,int2,0,1,1,0.03828192000000308
HfS2,Lu,71,6,adsorbate,4,ads2,1,ads2,1,1,1,0.0
HfS2,Mg,12,3,adsorbate,4,ads2,1,ads2,1,1,1,0.0
HfS2,Mn,25,4,adsorbate,4,int2,1,int2,1,1,1,0.0
HfS2,Mo,42,5,adsorbate,4,ads2,1,int2,0,1,1,1.0188566500000038
HfS2,N,7,2,adsorbate,2,ads1,1,ads1,1,0,,0.0
HfS2,N,7,2,interstitial,2,int2,1,int2,1,0,,0.0
HfS2,Nb,41,5,adsorbate,3,ads2,1,ads2,1,1,1,0.0
HfS2,Ni,28,4,adsorbate,3,ads2,1,ads2,1,1,1,0.0
HfS2,Ni,28,4,interstitial,2,int2,1,int2,1,0,,0.0
HfS2,O,8,2,adsorbate,2,ads1,1,ads1,1,0,,0.0
HfS2,O,8,2,interstitial,4,ads2,1,ads2,1,1,1,0.0
HfS2,Os,76,6,adsorbate,3,ads2,1,ads2,1,1,1,0.0
HfS2,Os,76,6,interstitial,2,int2,1,int2,1,0,,0.0
HfS2,P,15,3,adsorbate,3,ads1,1,ads2,0,1,1,0.12978450999997881
HfS2,P,15,3,interstitial,2,int2,1,int2,1,0,,0.0
HfS2,Pb,82,6,adsorbate,3,ads2,1,ads1,0,1,1,0.10840627999999697
HfS2,Pd,46,5,adsorbate,3,ads2,1,ads2,1,1,1,0.0
HfS2,Pd,46,5,interstitial,2,int2,1,int2,1,0,,0.0
HfS2,Pt,78,6,adsorbate,2,ads2,1,ads2,1,0,,0.0
HfS2,Rb,37,5,adsorbate,4,int2,1,int2,1,1,1,0.0
HfS2,Re,75,6,adsorbate,3,ads2,1,ads2,1,1,1,0.0
HfS2,Re,75,6,interstitial,2,int2,1,int2,1,0,,0.0
HfS2,Rh,45,5,adsorbate,3,ads2,1,ads2,1,1,1,0.0
HfS2,Rh,45,5,interstitial,2,int2,1,int2,1,0,,0.0
HfS2,Ru,44,5,adsorbate,3,ads2,1,ads2,1,1,1,0.0
HfS2,Sb,51,5,adsorbate,3,ads1,1,ads1,1,1,1,0.0
HfS2,Sc,21,4,adsorbate,3,ads2,1,ads2,1,1,1,0.0
HfS2,Se,34,4,adsorbate,3,ads1,1,ads1,1,1,1,0.0
HfS2,Se,34,4,interstitial,2,int2,1,int2,1,0,,0.0
HfS2,Si,14,3,adsorbate,3,ads1,1,ads1,1,1,1,0.0
HfS2,Si,14,3,interstitial,2,int2,1,int2,1,0,,0.0
HfS2,Sn,50,5,adsorbate,3,ads1,1,ads1,1,1,1,0.0
HfS2,Sr,38,5,adsorbate,4,ads2,1,int2,0,1,1,0.03076927000000751
HfS2,Ta,73,6,adsorbate,4,int2,1,ads2,0,1,1,5.694932890000018
HfS2,Tc,43,5,adsorbate,2,ads2,1,ads2,1,0,,0.0
HfS2,Tc,43,5,interstitial,2,int2,1,int2,1,0,,0.0
HfS2,Te,52,5,adsorbate,3,ads0,1,ads0,1,1,1,0.0
HfS2,Ti,22,4,adsorbate,4,ads2,1,ads2,1,1,1,0.0
HfS2,Tl,81,6,adsorbate,3,ads2,1,ads1,0,1,1,0.0514419000000145
HfS2,V,23,4,adsorbate,3,ads1,1,ads2,0,1,1,2.857294170000017
HfS2,V,23,4,interstitial,2,int2,1,int2,1,0,,0.0
HfS2,W,74,6,adsorbate,4,ads2,1,ads2,1,1,1,0.0
HfS2,Xe,54,5,adsorbate,3,ads1,1,ads0,0,1,1,0.0415024399999879
HfS2,Y,39,5,adsorbate,4,ads2,1,ads2,1,1,1,0.0
HfS2,Zn,30,4,adsorbate,2,ads0,1,ads0,1,0,,0.0
HfS2,Zr,40,5,adsorbate,4,ads2,1,ads2,1,1,1,0.0
HfSe2,Ag,47,5,adsorbate,4,int2,1,int2,1,1,1,0.0
HfSe2,Al,13,3,adsorbate,3,ads2,1,ads2,1,1,1,0.0
HfSe2,Al,13,3,interstitial,2,int2,1,int2,1,0,,0.0
HfSe2,As,33,4,adsorbate,3,ads2,1,ads2,1,1,1,0.0
HfSe2,As,33,4,interstitial,2,int2,1,int2,1,0,,0.0
HfSe2,Au,79,6,adsorbate,4,int2,1,int2,1,1,1,0.0
HfSe2,B,5,2,interstitial,4,ads2,1,ads1,0,1,1,0.6537772899999936
HfSe2,Ba,56,6,adsorbate,3,ads2,1,ads2,1,1,1,0.0
HfSe2,Be,4,2,adsorbate,3,ads2,1,ads2,1,1,1,0.0
HfSe2,Be,4,2,interstitial,2,int2,1,int2,1,0,,0.0
HfSe2,Bi,83,6,adsorbate,2,ads1,1,ads1,1,0,,0.0
HfSe2,Br,35,4,adsorbate,4,ads2,1,ads2,1,1,1,0.0
HfSe2,C,6,2,adsorbate,3,ads2,1,ads1,0,1,1,0.09362812000000531
HfSe2,C,6,2,interstitial,2,int2,1,int2,1,0,,0.0
HfSe2,Ca,20,4,adsorbate,4,ads1,1,ads2,0,1,0,0.0008133700000032551
HfSe2,Cd,48,5,adsorbate,3,ads2,1,ads1,0,1,0,0.131016609999989
HfSe2,Cd,48,5,interstitial,2,int2,1,int2,1,0,,0.0
HfSe2,Cl,17,3,adsorbate,4,ads2,1,ads2,1,1,1,0.0
HfSe2,Co,27,4,adsorbate,3,ads2,1,ads2,1,1,1,0.0
HfSe2,Co,27,4,interstitial,2,int2,1,int2,1,0,,0.0
HfSe2,Cr,24,4,adsorbate,3,ads1,1,ads2,0,1,1,1.8362059700000088
HfSe2,Cr,24,4,interstitial,2,int2,1,int2,1,0,,0.0
HfSe2,Cs,55,6,adsorbate,3,ads1,1,ads2,0,1,1,0.07303294999999821
HfSe2,Cu,29,4,adsorbate,3,ads2,1,ads2,1,1,1,0.0
HfSe2,Cu,29,4,interstitial,2,int2,1,int2,1,0,,0.0
HfSe2,F,9,2,adsorbate,2,ads1,1,ads1,1,0,,0.0
HfSe2,F,9,2,interstitial,3,int2,1,int2,1,1,1,0.0
HfSe2,Fe,26,4,adsorbate,3,ads2,1,ads2,1,1,1,0.0
HfSe2,Fe,26,4,interstitial,2,int2,1,int2,1,0,,0.0
HfSe2,Ge,32,4,adsorbate,3,ads1,1,ads1,1,1,1,0.0
HfSe2,Ge,32,4,interstitial,2,int2,1,int2,1,0,,0.0
HfSe2,H,1,1,adsorbate,2,ads0,1,ads0,1,0,,0.0
HfSe2,H,1,1,interstitial,4,int1,1,int2,0,1,1,0.17108787999998776
HfSe2,Hg,80,6,adsorbate,4,ads2,1,ads1,0,1,1,0.1902465400000038
HfSe2,I,53,5,adsorbate,3,ads0,1,ads2,0,1,0,0.03296328999999787
HfSe2,Ir,77,6,interstitial,2,int2,1,int2,1,0,,0.0
HfSe2,K,19,4,adsorbate,3,ads2,1,ads2,1,1,1,0.0
HfSe2,Li,3,2,adsorbate,4,int1,1,ads2,0,1,1,0.069005489999995
HfSe2,Li,3,2,interstitial,2,int2,1,int2,1,0,,0.0
HfSe2,Lu,71,6,adsorbate,4,ads2,1,ads2,1,1,1,0.0
HfSe2,Mg,12,3,adsorbate,4,int2,1,ads2,0,1,1,0.0015119199999844013
HfSe2,Mn,25,4,adsorbate,2,ads1,1,ads1,1,0,,0.0
HfSe2,Mn,25,4,interstitial,2,int2,1,int2,1,0,,0.0
HfSe2,Mo,42,5,adsorbate,3,ads1,1,ads2,0,1,1,1.5714380899999867
HfSe2,Mo,42,5,interstitial,2,int2,1,int2,1,0,,0.0
HfSe2,N,7,2,adsorbate,2,ads1,1,ads1,1,0,,0.0
HfSe2,N,7,2,interstitial,3,int2,1,int2,1,1,1,0.0
HfSe2,Nb,41,5,adsorbate,3,ads2,1,ads2,1,1,1,0.0
HfSe2,Ni,28,4,adsorbate,2,ads2,1,ads2,1,0,,0.0
HfSe2,Ni,28,4,interstitial,2,int2,1,int2,1,0,,0.0
HfSe2,O,8,2,adsorbate,2,ads1,1,ads1,1,0,,0.0
HfSe2,O,8,2,interstitial,2,int2,1,int2,1,0,,0.0
HfSe2,Os,76,6,adsorbate,3,ads2,1,ads2,1,1,1,0.0
HfSe2,Os,76,6,interstitial,2,int2,1,int2,1,0,,0.0
HfSe2,P,15,3,adsorbate,3,ads2,1,ads1,0,1,1,0.06317033000001948
HfSe2,P,15,3,interstitial,2,int0,1,int0,1,0,,0.0
HfSe2,Pb,82,6,adsorbate,3,ads2,1,ads2,1,1,1,0.0
HfSe2,Pd,46,5,adsorbate,2,ads1,1,ads1,1,0,,0.0
HfSe2,Pt,78,6,adsorbate,3,ads2,1,ads2,1,1,1,0.0
HfSe2,Pt,78,6,interstitial,2,int2,1,int2,1,0,,0.0
HfSe2,Rb,37,5,adsorbate,3,ads2,1,ads2,1,1,1,0.0
HfSe2,Re,75,6,adsorbate,3,ads1,1,ads2,0,1,1,1.8343147399999964
HfSe2,Re,75,6,interstitial,2,int2,1,int2,1,0,,0.0
HfSe2,Rh,45,5,adsorbate,2,ads1,1,ads1,1,0,,0.0
HfSe2,Rh,45,5,interstitial,2,int2,1,int2,1,0,,0.0
HfSe2,Ru,44,5,adsorbate,3,ads1,1,ads2,0,1,1,3.6389059200000142
HfSe2,S,16,3,adsorbate,3,ads1,1,ads1,1,1,1,0.0
HfSe2,S,16,3,interstitial,2,int0,1,int2,0,0,,0.8195228200000029
HfSe2,Sb,51,5,adsorbate,3,ads2,1,ads1,0,1,1,0.3006045200000078
HfSe2,Sc,21,4,adsorbate,3,ads2,1,ads2,1,1,1,0.0
HfSe2,Si,14,3,adsorbate,3,ads1,1,ads1,1,1,1,0.0
HfSe2,Si,14,3,interstitial,2,int0,1,int2,0,0,,0.09243293000000108
HfSe2,Sn,50,5,adsorbate,3,ads1,1,ads2,0,1,1,0.012305230000009493
HfSe2,Sn,50,5,interstitial,2,int2,1,int2,1,0,,0.0
HfSe2,Sr,38,5,adsorbate,4,ads2,1,ads2,1,1,1,0.0
HfSe2,Ta,73,6,adsorbate,2,ads1,1,ads1,1,0,,0.0
HfSe2,Tc,43,5,adsorbate,2,ads1,1,ads1,1,0,,0.0
HfSe2,Tc,43,5,interstitial,2,int2,1,int2,1,0,,0.0
HfSe2,Te,52,5,adsorbate,3,ads0,1,ads0,1,1,1,0.0
HfSe2,Ti,22,4,adsorbate,4,int2,1,int2,1,1,1,0.0
HfSe2,Tl,81,6,adsorbate,3,ads1,1,ads1,1,1,1,0.0
HfSe2,V,23,4,adsorbate,3,ads2,1,ads2,1,1,1,0.0
HfSe2,V,23,4,interstitial,2,int2,1,int2,1,0,,0.0
HfSe2,W,74,6,adsorbate,3,ads2,1,ads2,1,1,1,0.0
HfSe2,W,74,6,interstitial,2,int2,1,int2,1,0,,0.0
HfSe2,Xe,54,5,adsorbate,3,ads1,1,ads1,1,1,1,0.0
HfSe2,Xe,54,5,interstitial,2,int2,1,int2,1,0,,0.0
HfSe2,Y,39,5,adsorbate,3,ads2,1,ads2,1,1,1,0.0
HfSe2,Zn,30,4,adsorbate,3,ads2,1,int2,0,1,1,0.07461714000001507
HfSe2,Zr,40,5,adsorbate,3,ads2,1,ads2,1,1,1,0.0
HfSe2,Zr,40,5,interstitial,2,int2,1,int2,1,0,,0.0
Mo2CO2,Ag,47,5,adsorbate,3,ads2,1,ads2,1,1,1,0.0
Mo2CO2,Al,13,3,adsorbate,2,ads1,1,ads1,1,0,,0.0
Mo2CO2,As,33,4,adsorbate,2,ads0,1,ads0,1,0,,0.0
Mo2CO2,Au,79,6,adsorbate,3,ads2,1,ads2,1,1,1,0.0
Mo2CO2,B,5,2,adsorbate,2,ads0,1,ads2,0,0,,3.1181969699999854
Mo2CO2,Ba,56,6,adsorbate,3,ads2,1,ads2,1,1,1,0.0
Mo2CO2,Be,4,2,adsorbate,2,ads2,1,ads2,1,0,,0.0
Mo2CO2,Br,35,4,adsorbate,3,ads0,1,ads2,0,1,0,0.1953730699999594
Mo2CO2,Ca,20,4,adsorbate,3,ads2,1,ads2,1,1,1,0.0
Mo2CO2,Cd,48,5,adsorbate,3,ads2,1,ads2,1,1,1,0.0
Mo2CO2,Cl,17,3,adsorbate,3,ads2,1,ads2,1,1,1,0.0
Mo2CO2,Co,27,4,adsorbate,2,ads2,1,ads2,1,0,,0.0
Mo2CO2,Cr,24,4,adsorbate,3,ads1,1,ads2,0,1,1,0.017671930000005887
Mo2CO2,Cs,55,6,adsorbate,3,ads2,1,ads1,0,1,0,0.032417850000001636
Mo2CO2,Cu,29,4,adsorbate,3,ads2,1,ads1,0,1,1,0.47170985000002474
Mo2CO2,F,9,2,adsorbate,2,ads1,1,ads1,1,0,,0.0
Mo2CO2,Fe,26,4,adsorbate,3,ads2,1,ads2,1,1,1,0.0
Mo2CO2,Ga,31,4,adsorbate,3,ads2,1,ads2,1,1,1,0.0
Mo2CO2,Ge,32,4,adsorbate,2,ads2,1,ads2,1,0,,0.0
Mo2CO2,H,1,1,adsorbate,2,ads0,1,ads0,1,0,,0.0
Mo2CO2,H,1,1,interstitial,2,int1,1,ads2,0,0,,0.9777924899999562
Mo2CO2,Hg,80,6,adsorbate,2,ads0,1,ads0,1,0,,0.0
Mo2CO2,I,53,5,adsorbate,3,ads2,1,ads0,0,1,0,0.0780576500000052
Mo2CO2,Ir,77,6,adsorbate,2,ads2,1,ads2,1,0,,0.0
Mo2CO2,K,19,4,adsorbate,3,ads2,1,ads2,1,1,1,0.0
Mo2CO2,Li,3,2,adsorbate,3,ads2,1,ads2,1,1,1,0.0
Mo2CO2,Mg,12,3,adsorbate,3,ads2,1,ads2,1,1,1,0.0
Mo2CO2,Mn,25,4,adsorbate,3,ads2,1,ads2,1,1,1,0.0
Mo2CO2,N,7,2,adsorbate,2,ads2,1,ads2,1,0,,0.0
Mo2CO2,N,7,2,interstitial,2,int1,1,int1,1,0,,0.0
Mo2CO2,Na,11,3,interstitial,2,int1,1,int1,1,0,,0.0
Mo2CO2,Nb,41,5,adsorbate,2,ads1,1,ads1,1,0,,0.0
Mo2CO2,Ni,28,4,adsorbate,2,ads1,1,ads2,0,0,,0.12450181999997789
Mo2CO2,Os,76,6,adsorbate,2,ads1,1,ads1,1,0,,0.0
Mo2CO2,P,15,3,adsorbate,3,ads1,1,ads1,1,1,1,0.0
Mo2CO2,Pd,46,5,adsorbate,3,ads1,1,ads2,0,1,1,0.19115638000005264
Mo2CO2,Pt,78,6,adsorbate,2,ads1,1,ads1,1,0,,0.0
Mo2CO2,Rb,37,5,adsorbate,3,ads2,1,ads0,0,1,0,0.20043676000000232
Mo2CO2,Re,75,6,adsorbate,2,ads1,1,ads1,1,0,,0.0
Mo2CO2,Rh,45,5,adsorbate,2,ads2,1,ads2,1,0,,0.0
Mo2CO2,Ru,44,5,adsorbate,3,ads2,1,ads2,1,1,1,0.0
Mo2CO2,S,16,3,adsorbate,3,ads2,1,ads0,0,1,1,2.866882730000043
Mo2CO2,Sb,51,5,adsorbate,2,ads1,1,ads1,1,0,,0.0
Mo2CO2,Se,34,4,adsorbate,2,ads0,1,ads0,1,0,,0.0
Mo2CO2,Sn,50,5,adsorbate,2,ads2,1,ads2,1,0,,0.0
Mo2CO2,Tc,43,5,adsorbate,2,ads2,1,ads2,1,0,,0.0
Mo2CO2,Te,52,5,adsorbate,2,ads1,1,ads1,1,0,,0.0
Mo2CO2,Tl,81,6,adsorbate,3,ads2,1,ads2,1,1,1,0.0
Mo2CO2,V,23,4,adsorbate,2,ads1,1,ads1,1,0,,0.0
Mo2CO2,W,74,6,adsorbate,2,ads1,1,ads0,0,0,,0.08355320999999272
Mo2CO2,Xe,54,5,adsorbate,2,ads1,1,ads1,1,0,,0.0
Mo2CO2,Zn,30,4,adsorbate,3,ads2,1,ads2,1,1,1,0.0
Mo2CO2,Zr,40,5,adsorbate,2,ads1,1,ads1,1,0,,0.0
MoS2,Ag,47,5,adsorbate,3,ads2,1,ads2,1,1,1,0.0
MoS2,Ag,47,5,interstitial,3,int3,1,int3,1,1,1,0.0
MoS2,Al,13,3,adsorbate,3,ads1,1,ads2,0,1,1,0.12260833000004823
MoS2,Al,13,3,interstitial,3,int4,1,int4,1,1,1,0.0
MoS2,As,33,4,adsorbate,3,ads0,1,ads0,1,1,1,0.0
MoS2,As,33,4,interstitial,2,int4,1,int4,1,0,,0.0
MoS2,Au,79,6,adsorbate,3,ads0,1,ads0,1,1,1,0.0
MoS2,B,5,2,adsorbate,2,ads1,1,ads1,1,0,,0.0
MoS2,B,5,2,interstitial,4,ads2,1,int0,0,1,0,0.13100417000003972
MoS2,Ba,56,6,adsorbate,3,ads1,1,ads1,1,1,1,0.0
MoS2,Be,4,2,adsorbate,3,ads2,1,ads2,1,1,1,0.0
MoS2,Be,4,2,interstitial,4,int0,1,int0,1,1,1,0.0
MoS2,Br,35,4,adsorbate,3,ads0,1,ads1,0,1,0,0.18205643999999654
MoS2,C,6,2,adsorbate,3,ads1,1,ads0,0,1,1,0.0042989500000194525
MoS2,C,6,2,interstitial,2,int4,1,int4,1,0,,0.0
MoS2,Ca,20,4,adsorbate,3,ads2,1,ads2,1,1,1,0.0
MoS2,Ca,20,4,interstitial,3,int3,1,int3,1,1,1,0.0
MoS2,Cd,48,5,adsorbate,3,ads2,1,ads1,0,1,0,0.0028383499999904416
MoS2,Cd,48,5,interstitial,2,int0,1,int0,1,0,,0.0
MoS2,Cl,17,3,adsorbate,3,ads0,1,ads0,1,1,1,0.0
MoS2,Cl,17,3,interstitial,2,int0,1,int0,1,0,,0.0
MoS2,Co,27,4,adsorbate,2,ads2,1,ads2,1,0,,0.0
MoS2,Co,27,4,interstitial,2,int3,1,int3,1,0,,0.0
MoS2,Cr,24,4,adsorbate,3,ads2,1,ads2,1,1,1,0.0
MoS2,Cr,24,4,interstitial,3,int3,1,int4,0,1,1,2.2000000310384848e-07
MoS2,Cs,55,6,adsorbate,3,ads2,1,ads1,0,1,1,0.0064389700000333505
MoS2,Cu,29,4,adsorbate,3,ads2,1,ads1,0,1,1,0.07951174999999511
MoS2,F,9,2,adsorbate,2,ads0,1,ads2,0,0,,0.45067585000003885
MoS2,F,9,2,interstitial,3,int0,1,int4,0,1,1,0.0002795900000480689
MoS2,Fe,26,4,adsorbate,3,ads2,1,ads2,1,1,1,0.0
MoS2,Fe,26,4,interstitial,3,int4,1,int4,1,1,1,0.0
MoS2,Ga,31,4,adsorbate,2,ads1,1,ads1,1,0,,0.0
MoS2,Ga,31,4,interstitial,3,int3,1,int4,0,1,1,0.00490188000003311
MoS2,Ge,32,4,adsorbate,3,ads0,1,ads2,0,1,1,0.10357129999999914
MoS2,H,1,1,adsorbate,4,ads0,1,ads0,1,1,1,0.0
MoS2,H,1,1,interstitial,4,int0,1,int0,1,1,1,0.0
MoS2,Hf,72,6,adsorbate,3,ads1,1,ads2,0,1,1,0.1975764299999696
MoS2,Hg,80,6,adsorbate,3,ads1,1,ads1,1,1,1,0.0
MoS2,I,53,5,adsorbate,3,ads0,1,ads1,0,1,1,0.1355764800000543
MoS2,Ir,77,6,adsorbate,2,ads1,1,ads1,1,0,,0.0
MoS2,Ir,77,6,interstitial,2,int3,1,int4,0,0,,3.000002557485004e-08
MoS2,K,19,4,adsorbate,3,ads2,1,ads2,1,1,1,0.0
MoS2,Li,3,2,adsorbate,3,ads2,1,ads2,1,1,1,0.0
MoS2,Li,3,2,interstitial,2,int4,1,int4,1,0,,0.0
MoS2,Lu,71,6,adsorbate,3,ads2,1,ads1,0,1,1,0.05476221999998554
MoS2,Lu,71,6,interstitial,2,int4,1,int4,1,0,,0.0
MoS2,Mg,12,3,adsorbate,3,ads2,1,ads2,1,1,1,0.0
MoS2,Mg,12,3,interstitial,3,int0,1,int3,0,1,0,0.16115714000000025
MoS2,Mn,25,4,adsorbate,3,ads2,1,ads2,1,1,1,0.0
MoS2,Mn,25,4,interstitial,3,int3,1,int3,1,1,1,0.0
MoS2,N,7,2,adsorbate,3,ads0,1,ads0,1,1,1,0.0
MoS2,N,7,2,interstitial,3,int4,1,int4,1,1,1,0.0
MoS2,Na,11,3,interstitial,2,int3,1,int3,1,0,,0.0
MoS2,Nb,41,5,adsorbate,2,ads2,1,ads2,1,0,,0.0
MoS2,Nb,41,5,interstitial,3,int4,1,int3,0,1,1,0.006127160000006349
MoS2,Ni,28,4,adsorbate,3,ads2,1,ads2,1,1,1,0.0
MoS2,O,8,2,adsorbate,4,ads0,1,ads0,1,1,1,0.0
MoS2,O,8,2,interstitial,3,int0,1,int4,0,1,1,0.00010811000004173899
MoS2,Os,76,6,adsorbate,3,ads1,1,ads1,1,1,1,0.0
MoS2,Os,76,6,interstitial,2,int4,1,int4,1,0,,0.0
MoS2,P,15,3,adsorbate,3,ads0,1,ads0,1,1,1,0.0
MoS2,P,15,3,interstitial,3,int0,1,int3,0,1,0,0.13958066000003377
MoS2,Pd,46,5,adsorbate,3,ads1,1,ads1,1,1,1,0.0
MoS2,Pt,78,6,adsorbate,3,ads1,1,ads0,0,1,1,0.016924189999997896
MoS2,Rb,37,5,adsorbate,3,ads2,1,ads1,0,1,1,0.01566121999996989
MoS2,Rb,37,5,interstitial,2,int3,1,int3,1,0,,0.0
MoS2,Re,75,6,adsorbate,3,ads2,1,ads2,1,1,1,0.0
MoS2,Re,75,6,interstitial,2,int4,1,int4,1,0,,0.0
MoS2,Rh,45,5,adsorbate,3,ads2,1,ads2,1,1,1,0.0
MoS2,Ru,44,5,adsorbate,3,ads2,1,ads1,0,1,1,0.06729178000000502
MoS2,Ru,44,5,interstitial,3,int4,1,int3,0,1,1,0.015091910000021969
MoS2,Sb,51,5,adsorbate,3,ads0,1,ads0,1,1,1,0.0
MoS2,Sc,21,4,adsorbate,3,ads2,1,ads2,1,1,1,0.0
MoS2,Sc,21,4,interstitial,2,int3,1,int3,1,0,,0.0
MoS2,Se,34,4,adsorbate,3,ads0,1,ads0,1,1,1,0.0
MoS2,Se,34,4,interstitial,3,int4,1,int3,0,1,1,0.0014064799999573552
MoS2,Si,14,3,adsorbate,3,ads0,1,ads0,1,1,1,0.0
MoS2,Si,14,3,interstitial,2,int3,1,int4,0,0,,0.00011210000002392917
MoS2,Sn,50,5,adsorbate,3,ads0,1,ads0,1,1,1,0.0
MoS2,Sr,38,5,adsorbate,3,ads2,1,ads2,1,1,1,0.0
MoS2,Sr,38,5,interstitial,2,int4,1,int4,1,0,,0.0
MoS2,Ta,73,6,adsorbate,3,ads1,1,ads1,1,1,1,0.0
MoS2,Tc,43,5,adsorbate,3,ads2,1,ads1,0,1,1,0.018248449999988203
MoS2,Te,52,5,adsorbate,3,ads0,1,ads0,1,1,1,0.0
MoS2,Ti,22,4,adsorbate,3,ads2,1,ads2,1,1,1,0.0
MoS2,Ti,22,4,interstitial,3,int0,1,int3,0,1,1,0.0003755399999922915
MoS2,Tl,81,6,adsorbate,3,ads1,1,ads1,1,1,1,0.0
MoS2,V,23,4,adsorbate,3,ads2,1,ads2,1,1,1,0.0
MoS2,V,23,4,interstitial,4,int3,1,int4,0,1,1,4.1000004102897947e-07
MoS2,W,74,6,adsorbate,3,ads2,1,ads2,1,1,1,0.0
MoS2,Xe,54,5,adsorbate,3,ads1,1,ads0,0,1,1,0.014960779999967103
MoS2,Y,39,5,adsorbate,3,ads2,1,ads2,1,1,1,0.0
MoS2,Zn,30,4,adsorbate,2,ads1,1,ads1,1,0,,0.0
MoS2,Zn,30,4,interstitial,3,int3,1,int3,1,1,1,0.0
MoS2,Zr,40,5,adsorbate,3,ads2,1,ads2,1,1,1,0.0
MoSSe,Ag,47,5,adsorbate,6,ads2,1,ads1,0,1,0,0.03968338000004201
MoSSe,Al,13,3,adsorbate,6,ads1,1,ads1,1,1,1,0.0
MoSSe,Al,13,3,interstitial,3,int3,1,int3,1,1,1,0.0
MoSSe,As,33,4,adsorbate,6,ads0,1,ads0,1,1,1,0.0
MoSSe,Au,79,6,adsorbate,6,ads0,1,ads0,1,1,1,0.0
MoSSe,B,5,2,adsorbate,5,ads4,1,ads4,1,1,1,0.0
MoSSe,B,5,2,interstitial,5,int3,1,int3,1,1,1,0.0
MoSSe,Ba,56,6,adsorbate,6,ads2,1,ads1,0,1,1,0.009687649999989403
MoSSe,Be,4,2,adsorbate,6,ads2,1,ads4,0,1,1,0.20068314000002374
MoSSe,Be,4,2,interstitial,4,int3,1,int3,1,1,1,0.0
MoSSe,Br,35,4,adsorbate,6,ads3,1,ads3,1,1,1,0.0
MoSSe,C,6,2,adsorbate,5,ads1,1,ads1,1,1,1,0.0
MoSSe,C,6,2,interstitial,4,int3,1,int2,0,1,1,0.00011309999996367281
MoSSe,Ca,20,4,adsorbate,6,ads2,1,ads2,1,1,1,0.0
MoSSe,Ca,20,4,interstitial,2,int2,1,int0,0,0,,0.25761934000002107
MoSSe,Cd,48,5,adsorbate,6,ads4,1,ads2,0,1,0,0.008005819999993946
MoSSe,Cl,17,3,adsorbate,6,ads3,1,ads0,0,1,1,0.06675561999998081
MoSSe,Cl,17,3,interstitial,3,int3,1,int3,1,1,1,0.0
MoSSe,Co,27,4,adsorbate,7,ads1,1,ads2,0,1,1,1.2813605200000207
MoSSe,Co,27,4,interstitial,2,int2,1,int2,1,0,,0.0
MoSSe,Cr,24,4,adsorbate,7,ads2,1,ads2,1,1,1,0.0
MoSSe,Cr,24,4,interstitial,2,int0,1,int2,0,0,,0.20613485999996328
MoSSe,Cs,55,6,adsorbate,6,ads2,1,ads5,0,1,0,0.4279987099999971
MoSSe,Cu,29,4,adsorbate,8,ads2,1,ads2,1,1,1,0.0
MoSSe,F,9,2,adsorbate,5,ads3,1,ads3,1,1,1,0.0
MoSSe,F,9,2,interstitial,5,int3,1,int3,1,1,1,0.0
MoSSe,Fe,26,4,adsorbate,6,ads4,1,ads4,1,1,1,0.0
MoSSe,Fe,26,4,interstitial,3,int3,1,int3,1,1,1,0.0
MoSSe,Ga,31,4,adsorbate,4,ads1,1,ads1,1,1,1,0.0
MoSSe,Ga,31,4,interstitial,2,int3,1,int3,1,0,,0.0
MoSSe,Ge,32,4,adsorbate,6,ads0,1,ads1,0,1,1,0.04769787999998698
MoSSe,Ge,32,4,interstitial,2,int3,1,int2,0,0,,0.00042001999997864914
MoSSe,H,1,1,adsorbate,4,ads0,1,ads0,1,1,1,0.0
MoSSe,H,1,1,interstitial,6,int0,1,int0,1,1,1,0.0
MoSSe,Hf,72,6,adsorbate,6,ads4,1,ads2,0,1,1,0.041770770000027824
MoSSe,Hg,80,6,adsorbate,7,ads4,1,ads1,0,1,0,0.005226149999998597
MoSSe,I,53,5,adsorbate,6,ads3,1,ads2,0,1,1,0.16950572000001807
MoSSe,Ir,77,6,adsorbate,4,ads4,1,ads4,1,1,1,0.0
MoSSe,K,19,4,adsorbate,6,ads2,1,ads1,0,1,1,0.03289269999999078
MoSSe,K,19,4,interstitial,2,int0,1,int2,0,0,,0.22480982999997323
MoSSe,Li,3,2,adsorbate,7,int3,1,ads4,0,1,0,0.42237912000001643
MoSSe,Li,3,2,interstitial,2,int0,1,int0,1,0,,0.0
MoSSe,Lu,71,6,adsorbate,7,ads2,1,ads1,0,1,1,0.14685166000003935
MoSSe,Mg,12,3,adsorbate,6,ads2,1,ads4,0,1,0,0.09851680000002738
MoSSe,Mn,25,4,adsorbate,7,int3,1,int3,1,1,1,0.0
MoSSe,Mn,25,4,interstitial,2,int2,1,int2,1,0,,0.0
MoSSe,N,7,2,adsorbate,6,ads0,1,ads0,1,1,1,0.0
MoSSe,N,7,2,interstitial,4,int3,1,int2,0,1,1,0.0003118299999864682
MoSSe,Nb,41,5,adsorbate,7,ads2,1,ads4,0,1,0,0.32932673999999995
MoSSe,Ni,28,4,adsorbate,6,ads2,1,ads4,0,1,1,0.3809226600000102
MoSSe,Ni,28,4,interstitial,2,int2,1,int0,0,0,,0.05305531999999813
MoSSe,O,8,2,adsorbate,6,ads0,1,ads0,1,1,1,0.0
MoSSe,O,8,2,interstitial,4,int3,1,int2,0,1,0,0.0041940499999668646
MoSSe,Os,76,6,adsorbate,5,ads4,1,ads4,1,1,1,0.0
MoSSe,P,15,3,adsorbate,6,ads0,1,ads0,1,1,1,0.0
MoSSe,P,15,3,interstitial,3,int3,1,int3,1,1,1,0.0
MoSSe,Pd,46,5,adsorbate,6,ads4,1,ads4,1,1,1,0.0
MoSSe,Pt,78,6,adsorbate,4,ads0,1,ads0,1,1,1,0.0
MoSSe,Rb,37,5,adsorbate,6,ads2,1,ads5,0,1,0,0.4230199700000412
MoSSe,Re,75,6,adsorbate,6,int3,1,int3,1,1,1,0.0
MoSSe,Rh,45,5,adsorbate,6,ads4,1,ads4,1,1,1,0.0
MoSSe,Ru,44,5,adsorbate,6,ads4,1,ads1,0,1,0,0.6153308500000207
MoSSe,Sb,51,5,adsorbate,6,ads0,1,ads3,0,1,0,0.08389622999999347
MoSSe,Sc,21,4,adsorbate,7,int3,1,int3,1,1,1,0.0
MoSSe,Sc,21,4,interstitial,2,int0,1,int0,1,0,,0.0
MoSSe,Si,14,3,adsorbate,6,ads1,1,ads1,1,1,1,0.0
MoSSe,Si,14,3,interstitial,3,int3,1,int3,1,1,1,0.0
MoSSe,Sn,50,5,adsorbate,6,ads0,1,ads1,0,1,1,0.1136559500000085
MoSSe,Sn,50,5,interstitial,2,int3,1,int3,1,0,,0.0
MoSSe,Sr,38,5,adsorbate,6,ads2,1,ads2,1,1,1,0.0
MoSSe,Ta,73,6,adsorbate,6,ads1,1,ads1,1,1,1,0.0
MoSSe,Tc,43,5,adsorbate,7,int3,1,int3,1,1,1,0.0
MoSSe,Te,52,5,adsorbate,6,ads0,1,ads0,1,1,1,0.0
MoSSe,Ti,22,4,adsorbate,4,ads4,1,ads4,1,1,1,0.0
MoSSe,Ti,22,4,interstitial,3,int3,1,int3,1,1,1,0.0
MoSSe,Tl,81,6,adsorbate,6,ads1,1,ads1,1,1,1,0.0
MoSSe,V,23,4,adsorbate,5,ads2,1,ads2,1,1,1,0.0
MoSSe,V,23,4,interstitial,3,int3,1,int3,1,1,1,0.0
MoSSe,W,74,6,adsorbate,6,ads2,1,ads2,1,1,1,0.0
MoSSe,Xe,54,5,adsorbate,5,ads4,1,ads1,0,1,0,0.0316101799999729
MoSSe,Y,39,5,adsorbate,6,ads2,1,ads2,1,1,1,0.0
MoSSe,Zn,30,4,adsorbate,6,ads4,1,ads0,0,1,1,0.017497280000043247
MoSSe,Zr,40,5,adsorbate,6,ads2,1,ads4,0,1,0,0.23763522000001513
MoSe2,Ag,47,5,adsorbate,3,ads2,1,ads2,1,1,1,0.0
MoSe2,Ag,47,5,interstitial,2,int4,1,int4,1,0,,0.0
MoSe2,Al,13,3,adsorbate,3,ads1,1,ads1,1,1,1,0.0
MoSe2,Al,13,3,interstitial,2,int3,1,int3,1,0,,0.0
MoSe2,As,33,4,adsorbate,3,ads0,1,ads0,1,1,1,0.0
MoSe2,Au,79,6,adsorbate,3,ads2,1,ads1,0,1,0,0.08322358000003716
MoSe2,B,5,2,adsorbate,3,ads1,1,ads1,1,1,1,0.0
MoSe2,B,5,2,interstitial,5,int4,1,int4,1,1,1,0.0
MoSe2,Ba,56,6,adsorbate,3,ads1,1,ads1,1,1,1,0.0
MoSe2,Be,4,2,adsorbate,3,ads1,1,ads1,1,1,1,0.0
MoSe2,Be,4,2,interstitial,5,int3,1,int0,0,1,1,0.007756090000043514
MoSe2,Br,35,4,adsorbate,3,ads0,1,ads0,1,1,1,0.0
MoSe2,C,6,2,adsorbate,2,ads0,1,ads0,1,0,,0.0
MoSe2,C,6,2,interstitial,5,int3,1,int4,0,1,1,0.00024783000003436584
MoSe2,Ca,20,4,adsorbate,3,ads1,1,ads1,1,1,1,0.0
MoSe2,Cd,48,5,adsorbate,3,ads1,1,ads0,0,1,1,0.021977090000007138
MoSe2,Cd,48,5,interstitial,2,int4,1,int4,1,0,,0.0
MoSe2,Cl,17,3,adsorbate,3,ads0,1,ads0,1,1,1,0.0
MoSe2,Cl,17,3,interstitial,3,int4,1,int4,1,1,1,0.0
MoSe2,Co,27,4,adsorbate,3,ads1,1,ads1,1,1,1,0.0
MoSe2,Co,27,4,interstitial,4,int3,1,int3,1,1,1,0.0
MoSe2,Cr,24,4,adsorbate,3,ads1,1,ads1,1,1,1,0.0
MoSe2,Cr,24,4,interstitial,3,int3,1,int3,1,1,1,0.0
MoSe2,Cs,55,6,adsorbate,3,ads1,1,ads1,1,1,1,0.0
MoSe2,Cs,55,6,interstitial,2,int0,1,int0,1,0,,0.0
MoSe2,Cu,29,4,adsorbate,3,ads1,1,ads1,1,1,1,0.0
MoSe2,Cu,29,4,interstitial,2,int3,1,int3,1,0,,0.0
MoSe2,F,9,2,adsorbate,2,ads0,1,ads0,1,0,,0.0
MoSe2,F,9,2,interstitial,5,int0,1,int3,0,1,1,0.0005893599999922117
MoSe2,Fe,26,4,adsorbate,3,ads1,1,ads1,1,1,1,0.0
MoSe2,Fe,26,4,interstitial,2,int4,1,int4,1,0,,0.0
MoSe2,Ga,31,4,adsorbate,3,ads1,1,ads2,0,1,1,0.13734429999999564
MoSe2,Ga,31,4,interstitial,2,int4,1,int4,1,0,,0.0
MoSe2,Ge,32,4,adsorbate,3,ads0,1,ads0,1,1,1,0.0
MoSe2,H,1,1,adsorbate,2,ads0,1,ads0,1,0,,0.0
MoSe2,H,1,1,interstitial,6,int0,1,int3,0,1,0,0.000212550000014744
MoSe2,Hf,72,6,adsorbate,3,ads1,1,ads1,1,1,1,0.0
MoSe2,Hg,80,6,adsorbate,3,ads1,1,ads1,1,1,1,0.0
MoSe2,I,53,5,adsorbate,3,ads0,1,ads0,1,1,1,0.0
MoSe2,Ir,77,6,adsorbate,3,ads1,1,ads1,1,1,1,0.0
MoSe2,Ir,77,6,interstitial,2,int4,1,int4,1,0,,0.0
MoSe2,K,19,4,adsorbate,3,ads1,1,ads1,1,1,1,0.0
MoSe2,Li,3,2,adsorbate,3,ads1,1,ads1,1,1,1,0.0
MoSe2,Li,3,2,interstitial,4,int0,1,int3,0,1,0,0.025376579999999205
MoSe2,Lu,71,6,adsorbate,3,ads1,1,ads1,1,1,1,0.0
MoSe2,Lu,71,6,interstitial,2,int3,1,int3,1,0,,0.0
MoSe2,Mg,12,3,adsorbate,3,ads1,1,ads1,1,1,1,0.0
MoSe2,Mg,12,3,interstitial,2,int3,1,int3,1,0,,0.0
MoSe2,Mn,25,4,adsorbate,3,ads1,1,ads1,1,1,1,0.0
MoSe2,Mn,25,4,interstitial,2,int3,1,int4,0,0,,0.00023609999999507636
MoSe2,N,7,2,adsorbate,2,ads0,1,ads0,1,0,,0.0
MoSe2,N,7,2,interstitial,6,int4,1,int4,1,1,1,0.0
MoSe2,Na,11,3,interstitial,2,int3,1,int0,0,0,,0.01931446999998432
MoSe2,Nb,41,5,adsorbate,3,ads1,1,ads1,1,1,1,0.0
MoSe2,Ni,28,4,adsorbate,3,ads1,1,ads1,1,1,1,0.0
MoSe2,Ni,28,4,interstitial,2,int3,1,int3,1,0,,0.0
MoSe2,O,8,2,adsorbate,3,ads0,1,ads0,1,1,1,0.0
MoSe2,O,8,2,interstitial,4,int0,1,int4,0,1,1,0.0005065800000352838
MoSe2,Os,76,6,adsorbate,3,ads1,1,ads1,1,1,1,0.0
MoSe2,P,15,3,adsorbate,3,ads0,1,ads0,1,1,1,0.0
MoSe2,P,15,3,interstitial,3,int3,1,int3,1,1,1,0.0
MoSe2,Pd,46,5,adsorbate,3,ads1,1,ads1,1,1,1,0.0
MoSe2,Pd,46,5,interstitial,2,int4,1,int4,1,0,,0.0
MoSe2,Pt,78,6,adsorbate,3,ads1,1,ads1,1,1,1,0.0
MoSe2,Pt,78,6,interstitial,2,int4,1,int4,1,0,,0.0
MoSe2,Rb,37,5,adsorbate,3,ads1,1,ads1,1,1,1,0.0
MoSe2,Re,75,6,adsorbate,3,ads1,1,ads1,1,1,1,0.0
MoSe2,Rh,45,5,adsorbate,3,ads1,1,ads1,1,1,1,0.0
MoSe2,Ru,44,5,adsorbate,3,ads1,1,ads1,1,1,1,0.0
MoSe2,Ru,44,5,interstitial,2,int4,1,int4,1,0,,0.0
MoSe2,S,16,3,adsorbate,3,ads0,1,ads0,1,1,1,0.0
MoSe2,S,16,3,interstitial,3,int3,1,int3,1,1,1,0.0
MoSe2,Sb,51,5,adsorbate,3,ads2,1,ads1,0,1,0,0.02198411000000533
MoSe2,Sc,21,4,adsorbate,3,ads1,1,ads1,1,1,1,0.0
MoSe2,Sc,21,4,interstitial,2,int4,1,int4,1,0,,0.0
MoSe2,Si,14,3,adsorbate,3,ads0,1,ads0,1,1,1,0.0
MoSe2,Si,14,3,interstitial,2,int3,1,int3,1,0,,0.0
MoSe2,Sn,50,5,adsorbate,3,ads0,1,ads0,1,1,1,0.0
MoSe2,Sr,38,5,adsorbate,3,ads1,1,ads1,1,1,1,0.0
MoSe2,Ta,73,6,adsorbate,3,ads1,1,ads1,1,1,1,0.0
MoSe2,Tc,43,5,adsorbate,3,ads1,1,ads1,1,1,1,0.0
MoSe2,Tc,43,5,interstitial,2,int4,1,int4,1,0,,0.0
MoSe2,Te,52,5,adsorbate,3,ads0,1,ads0,1,1,1,0.0
MoSe2,Ti,22,4,adsorbate,2,ads2,1,ads2,1,0,,0.0
MoSe2,Ti,22,4,interstitial,3,int4,1,int4,1,1,1,0.0
MoSe2,Tl,81,6,adsorbate,3,ads1,1,ads2,0,1,1,0.045129780000024766
MoSe2,Tl,81,6,interstitial,2,int4,1,int4,1,0,,0.0
MoSe2,V,23,4,adsorbate,3,ads1,1,ads2,0,1,1,0.6455844300000422
MoSe2,V,23,4,interstitial,2,int4,1,int4,1,0,,0.0
MoSe2,W,74,6,adsorbate,3,ads1,1,ads1,1,1,1,0.0
MoSe2,Xe,54,5,adsorbate,3,ads0,1,ads1,0,1,0,0.019424179999987197
MoSe2,Y,39,5,adsorbate,3,ads1,1,ads1,1,1,1,0.0
MoSe2,Zn,30,4,adsorbate,3,ads1,1,ads2,0,1,0,0.010387780000030489
MoSe2,Zr,40,5,adsorbate,3,ads1,1,ads1,1,1,1,0.0
MoTe2,Ag,47,5,adsorbate,3,ads2,1,ads1,0,1,1,0.03927416999999833
MoTe2,Al,13,3,adsorbate,3,ads1,1,ads1,1,1,1,0.0
MoTe2,Al,13,3,interstitial,2,int4,1,int4,1,0,,0.0
MoTe2,As,33,4,adsorbate,3,ads0,1,ads0,1,1,1,0.0
MoTe2,Au,79,6,adsorbate,3,ads2,1,ads1,0,1,1,0.12585705000000758
MoTe2,B,5,2,adsorbate,4,ads1,1,ads2,0,1,1,0.6302568300000075
MoTe2,B,5,2,interstitial,3,int4,1,int4,1,1,1,0.0
MoTe2,Ba,56,6,adsorbate,3,ads1,1,ads1,1,1,1,0.0
MoTe2,Be,4,2,adsorbate,3,ads1,1,ads1,1,1,1,0.0
MoTe2,Be,4,2,interstitial,4,int0,1,int4,0,1,1,0.03359156999999868
MoTe2,Br,35,4,adsorbate,3,ads2,1,ads2,1,1,1,0.0
MoTe2,Br,35,4,interstitial,3,int4,1,int2,0,1,1,0.7692615299999943
MoTe2,C,6,2,adsorbate,2,ads0,1,ads2,0,0,,0.3465178499999979
MoTe2,C,6,2,interstitial,5,int4,1,int4,1,1,1,0.0
MoTe2,Ca,20,4,adsorbate,3,ads1,1,ads1,1,1,1,0.0
MoTe2,Ca,20,4,interstitial,2,int4,1,int0,0,0,,0.08530020999998467
MoTe2,Cd,48,5,adsorbate,3,ads1,1,ads2,0,1,0,0.011975969999980407
MoTe2,Cl,17,3,adsorbate,3,ads2,1,ads2,1,1,1,0.0
MoTe2,Cl,17,3,interstitial,2,int4,1,int4,1,0,,0.0
MoTe2,Co,27,4,adsorbate,3,ads1,1,ads1,1,1,1,0.0
MoTe2,Co,27,4,interstitial,3,int4,1,int4,1,1,1,0.0
MoTe2,Cr,24,4,adsorbate,3,ads1,1,ads1,1,1,1,0.0
MoTe2,Cr,24,4,interstitial,2,int4,1,int4,1,0,,0.0
MoTe2,Cs,55,6,adsorbate,3,ads1,1,ads2,0,1,1,0.033374919999999975
MoTe2,Cu,29,4,adsorbate,3,ads1,1,ads2,0,1,1,0.11578276000000187
MoTe2,Cu,29,4,interstitial,3,int4,1,int4,1,1,1,0.0
MoTe2,F,9,2,interstitial,4,int4,1,int4,1,1,1,0.0
MoTe2,Fe,26,4,adsorbate,3,ads1,1,ads1,1,1,1,0.0
MoTe2,Fe,26,4,interstitial,3,int4,1,int4,1,1,1,0.0
MoTe2,Ga,31,4,interstitial,2,int4,1,int4,1,0,,0.0
MoTe2,Ge,32,4,adsorbate,3,ads0,1,ads1,0,1,0,0.11646349000000056
MoTe2,H,1,1,interstitial,7,int4,1,int4,1,1,1,0.0
MoTe2,Hf,72,6,adsorbate,3,ads1,1,ads1,1,1,1,0.0
MoTe2,Hf,72,6,interstitial,2,int0,1,int0,1,0,,0.0
MoTe2,Hg,80,6,adsorbate,2,ads1,1,ads1,1,0,,0.0
MoTe2,I,53,5,adsorbate,3,ads2,1,ads1,0,1,0,0.18769159999999369
MoTe2,Ir,77,6,adsorbate,2,ads2,1,ads2,1,0,,0.0
MoTe2,Ir,77,6,interstitial,2,int4,1,int4,1,0,,0.0
MoTe2,K,19,4,adsorbate,3,ads1,1,ads1,1,1,1,0.0
MoTe2,K,19,4,interstitial,2,int4,1,int4,1,0,,0.0
MoTe2,Li,3,2,adsorbate,3,ads1,1,ads1,1,1,1,0.0
MoTe2,Li,3,2,interstitial,2,int0,1,int0,1,0,,0.0
MoTe2,Lu,71,6,adsorbate,3,ads1,1,ads2,0,1,1,0.20845350000001917
MoTe2,Mg,12,3,adsorbate,3,ads1,1,ads0,0,1,1,0.12111984000000575
MoTe2,Mg,12,3,interstitial,2,int4,1,int4,1,0,,0.0
MoTe2,Mn,25,4,adsorbate,3,ads1,1,ads1,1,1,1,0.0
MoTe2,Mn,25,4,interstitial,2,int4,1,int4,1,0,,0.0
MoTe2,N,7,2,adsorbate,4,ads1,1,ads1,1,1,1,0.0
MoTe2,N,7,2,interstitial,3,int4,1,int4,1,1,1,0.0
MoTe2,Nb,41,5,adsorbate,3,ads1,1,ads1,1,1,1,0.0
MoTe2,Ni,28,4,adsorbate,2,ads1,1,ads1,1,0,,0.0
MoTe2,Ni,28,4,interstitial,2,int4,1,int4,1,0,,0.0
MoTe2,O,8,2,adsorbate,3,ads0,1,ads0,1,1,1,0.0
MoTe2,O,8,2,interstitial,4,int4,1,int4,1,1,1,0.0
MoTe2,Os,76,6,adsorbate,2,ads2,1,ads2,1,0,,0.0
MoTe2,Os,76,6,interstitial,2,int4,1,int4,1,0,,0.0
MoTe2,P,15,3,adsorbate,3,ads0,1,ads0,1,1,1,0.0
MoTe2,P,15,3,interstitial,2,int4,1,int4,1,0,,0.0
MoTe2,Pb,82,6,adsorbate,3,ads0,1,ads0,1,1,1,0.0
MoTe2,Pd,46,5,adsorbate,2,ads2,1,ads2,1,0,,0.0
MoTe2,Pt,78,6,adsorbate,2,ads2,1,ads2,1,0,,0.0
MoTe2,Rb,37,5,adsorbate,3,ads1,1,ads1,1,1,1,0.0
MoTe2,Re,75,6,adsorbate,3,ads1,1,ads1,1,1,1,0.0
MoTe2,Rh,45,5,adsorbate,2,ads2,1,ads2,1,0,,0.0
MoTe2,Rh,45,5,interstitial,2,int4,1,int4,1,0,,0.0
MoTe2,Ru,44,5,adsorbate,3,ads1,1,ads1,1,1,1,0.0
MoTe2,S,16,3,adsorbate,2,ads0,1,ads0,1,0,,0.0
MoTe2,S,16,3,interstitial,2,int4,1,int4,1,0,,0.0
MoTe2,Sb,51,5,adsorbate,3,ads0,1,ads0,1,1,1,0.0
MoTe2,Sb,51,5,interstitial,2,int4,1,int0,0,0,,2.7508565699999963
MoTe2,Sc,21,4,adsorbate,3,ads1,1,ads1,1,1,1,0.0
MoTe2,Sc,21,4,interstitial,3,int4,1,int4,1,1,1,0.0
MoTe2,Se,34,4,adsorbate,3,ads0,1,ads0,1,1,1,0.0
MoTe2,Si,14,3,adsorbate,3,ads0,1,ads2,0,1,1,0.3192336099999973
MoTe2,Si,14,3,interstitial,2,int4,1,int4,1,0,,0.0
MoTe2,Sn,50,5,adsorbate,3,ads0,1,ads0,1,1,1,0.0
MoTe2,Sr,38,5,adsorbate,3,ads1,1,ads2,0,1,1,0.10845936999999128
MoTe2,Ta,73,6,adsorbate,3,ads1,1,ads1,1,1,1,0.0
MoTe2,Tc,43,5,adsorbate,3,ads1,1,ads1,1,1,1,0.0
MoTe2,Ti,22,4,adsorbate,3,ads1,1,ads1,1,1,1,0.0
MoTe2,V,23,4,adsorbate,2,ads1,1,ads1,1,0,,0.0
MoTe2,W,74,6,adsorbate,3,ads2,1,ads2,1,1,1,0.0
MoTe2,W,74,6,interstitial,2,int4,1,int4,1,0,,0.0
MoTe2,Xe,54,5,adsorbate,3,ads1,1,ads0,0,1,0,0.0021419299999933944
MoTe2,Y,39,5,adsorbate,3,ads1,1,ads2,0,1,1,0.30620199000000525
MoTe2,Zn,30,4,interstitial,3,int4,1,int4,1,1,1,0.0
MoTe2,Zr,40,5,adsorbate,3,ads1,1,ads1,1,1,1,0.0
Nb2CO2,Ag,47,5,adsorbate,3,ads2,1,ads2,1,1,1,0.0
Nb2CO2,Al,13,3,adsorbate,3,ads2,1,ads2,1,1,1,0.0
Nb2CO2,As,33,4,adsorbate,3,ads0,1,ads0,1,1,1,0.0
Nb2CO2,Au,79,6,adsorbate,3,ads1,1,ads2,0,1,1,0.08420710999996528
Nb2CO2,B,5,2,adsorbate,2,ads0,1,ads2,0,0,,2.6404808799999278
Nb2CO2,B,5,2,interstitial,2,int0,1,int1,0,0,,1.4585951300000488
Nb2CO2,Ba,56,6,adsorbate,3,ads2,1,ads2,1,1,1,0.0
Nb2CO2,Be,4,2,adsorbate,3,ads2,1,ads2,1,1,1,0.0
Nb2CO2,Be,4,2,interstitial,2,int0,1,int0,1,0,,0.0
Nb2CO2,Br,35,4,adsorbate,3,ads1,1,ads1,1,1,1,0.0
Nb2CO2,Ca,20,4,adsorbate,3,ads2,1,ads2,1,1,1,0.0
Nb2CO2,Cd,48,5,adsorbate,3,ads0,1,ads2,0,1,1,0.03036650000001373
Nb2CO2,Cl,17,3,adsorbate,3,ads1,1,ads1,1,1,1,0.0
Nb2CO2,Co,27,4,adsorbate,3,ads2,1,ads2,1,1,1,0.0
Nb2CO2,Cr,24,4,adsorbate,3,ads2,1,ads1,0,1,1,0.12294729000006965
Nb2CO2,Cr,24,4,interstitial,2,int1,1,int1,1,0,,0.0
Nb2CO2,Cs,55,6,adsorbate,3,ads2,1,ads1,0,1,0,0.04449881000004963
Nb2CO2,Cu,29,4,adsorbate,3,ads2,1,ads1,0,1,1,0.0058351100000213485
Nb2CO2,F,9,2,adsorbate,3,ads1,1,ads1,1,1,1,0.0
Nb2CO2,F,9,2,interstitial,2,int1,1,int1,1,0,,0.0
Nb2CO2,Fe,26,4,adsorbate,3,ads2,1,ads2,1,1,1,0.0
Nb2CO2,Ga,31,4,adsorbate,3,ads2,1,ads2,1,1,1,0.0
Nb2CO2,H,1,1,adsorbate,2,ads0,1,ads0,1,0,,0.0
Nb2CO2,H,1,1,interstitial,3,ads2,1,int1,0,1,1,0.16717486000004533
Nb2CO2,Hf,72,6,adsorbate,2,ads0,1,ads0,1,0,,0.0
Nb2CO2,Hg,80,6,adsorbate,3,ads0,1,ads1,0,1,0,0.0433742300000404
Nb2CO2,I,53,5,adsorbate,3,ads1,1,ads1,1,1,1,0.0
Nb2CO2,Ir,77,6,adsorbate,2,ads1,1,ads1,1,0,,0.0
Nb2CO2,K,19,4,adsorbate,3,ads2,1,ads2,1,1,1,0.0
Nb2CO2,Li,3,2,adsorbate,3,ads2,1,ads2,1,1,1,0.0
Nb2CO2,Li,3,2,interstitial,2,int1,1,int0,0,0,,0.1911596400000235
Nb2CO2,Lu,71,6,adsorbate,3,ads2,1,ads2,1,1,1,0.0
Nb2CO2,Mg,12,3,adsorbate,3,ads2,1,ads2,1,1,1,0.0
Nb2CO2,Mn,25,4,adsorbate,3,ads2,1,ads2,1,1,1,0.0
Nb2CO2,Mn,25,4,interstitial,2,int1,1,int1,1,0,,0.0
Nb2CO2,Mo,42,5,adsorbate,2,ads2,1,ads2,1,0,,0.0
Nb2CO2,N,7,2,adsorbate,2,ads2,1,ads2,1,0,,0.0
Nb2CO2,Ni,28,4,adsorbate,2,ads0,1,ads1,0,0,,0.6569487099999378
Nb2CO2,Os,76,6,adsorbate,2,ads1,1,ads1,1,0,,0.0
Nb2CO2,P,15,3,adsorbate,3,ads1,1,ads0,0,1,1,0.25467950999996036
Nb2CO2,Pd,46,5,adsorbate,3,ads1,1,ads1,1,1,1,0.0
Nb2CO2,Pt,78,6,adsorbate,3,ads1,1,ads2,0,1,1,0.47935861999997087
Nb2CO2,Rb,37,5,adsorbate,3,ads2,1,ads2,1,1,1,0.0
Nb2CO2,Rh,45,5,adsorbate,3,ads1,1,ads2,0,1,1,0.21127064999995948
Nb2CO2,Ru,44,5,adsorbate,3,ads2,1,ads1,0,1,1,0.4800066399999423
Nb2CO2,S,16,3,adsorbate,2,ads2,1,ads0,0,0,,0.14719989999991867
Nb2CO2,Sb,51,5,adsorbate,3,ads0,1,ads2,0,1,1,0.21871178000003555
Nb2CO2,Sc,21,4,adsorbate,2,ads2,1,ads2,1,0,,0.0
Nb2CO2,Sc,21,4,interstitial,2,int1,1,int1,1,0,,0.0
Nb2CO2,Se,34,4,adsorbate,2,ads0,1,ads0,1,0,,0.0
Nb2CO2,Si,14,3,adsorbate,3,ads2,1,ads1,0,1,1,0.09972413000002689
Nb2CO2,Sr,38,5,adsorbate,3,ads2,1,ads2,1,1,1,0.0
Nb2CO2,Ta,73,6,adsorbate,2,ads0,1,ads0,1,0,,0.0
Nb2CO2,Tc,43,5,adsorbate,2,ads1,1,ads1,1,0,,0.0
Nb2CO2,Te,52,5,adsorbate,3,ads0,1,ads0,1,1,1,0.0
Nb2CO2,Tl,81,6,adsorbate,3,ads2,1,ads2,1,1,1,0.0
Nb2CO2,V,23,4,adsorbate,3,ads2,1,ads2,1,1,1,0.0
Nb2CO2,W,74,6,adsorbate,2,ads0,1,ads0,1,0,,0.0
Nb2CO2,Xe,54,5,adsorbate,3,ads0,1,ads0,1,1,1,0.0
Nb2CO2,Y,39,5,adsorbate,3,ads2,1,ads2,1,1,1,0.0
Nb2CO2,Zn,30,4,adsorbate,3,ads1,1,ads1,1,1,1,0.0
Nb2CO2,Zr,40,5,adsorbate,2,ads0,1,ads0,1,0,,0.0
Nb4C3,Ag,47,5,adsorbate,2,ads2,1,ads2,1,0,,0.0
Nb4C3,Al,13,3,adsorbate,3,ads2,1,ads2,1,1,1,0.0
Nb4C3,Al,13,3,interstitial,2,int1,1,int0,0,0,,6.313177199999927
Nb4C3,As,33,4,adsorbate,3,ads1,1,ads2,0,1,1,0.08545800999991027
Nb4C3,Au,79,6,adsorbate,3,ads2,1,ads1,0,1,1,0.1562577100000908
Nb4C3,B,5,2,adsorbate,3,ads2,1,ads2,1,1,1,0.0
Nb4C3,B,5,2,interstitial,3,int1,1,int1,1,1,1,0.0
Nb4C3,Ba,56,6,adsorbate,3,ads0,1,ads0,1,1,1,0.0
Nb4C3,Be,4,2,adsorbate,3,ads2,1,ads2,1,1,1,0.0
Nb4C3,Be,4,2,interstitial,3,int1,1,int0,0,1,0,1.4917880099999365
Nb4C3,Br,35,4,adsorbate,3,ads2,1,ads2,1,1,1,0.0
Nb4C3,Ca,20,4,adsorbate,3,ads0,1,ads2,0,1,0,0.0276291400000446
Nb4C3,Cd,48,5,adsorbate,3,ads2,1,ads2,1,1,1,0.0
Nb4C3,Cl,17,3,adsorbate,3,ads2,1,ads2,1,1,1,0.0
Nb4C3,Co,27,4,adsorbate,3,ads2,1,ads2,1,1,1,0.0
Nb4C3,Cr,24,4,adsorbate,3,ads1,1,ads2,0,1,0,0.7335688799998927
Nb4C3,Cr,24,4,interstitial,3,int2,1,int2,1,1,1,0.0
Nb4C3,Cs,55,6,adsorbate,3,ads0,1,ads0,1,1,1,0.0
Nb4C3,Cu,29,4,adsorbate,3,ads2,1,ads2,1,1,1,0.0
Nb4C3,Cu,29,4,interstitial,2,int1,1,int1,1,0,,0.0
Nb4C3,F,9,2,adsorbate,3,ads2,1,ads2,1,1,1,0.0
Nb4C3,F,9,2,interstitial,2,int0,1,int2,0,0,,0.2603908399998991
Nb4C3,Fe,26,4,adsorbate,3,ads2,1,ads2,1,1,1,0.0
Nb4C3,Ga,31,4,adsorbate,3,ads2,1,ads0,0,1,1,0.38479544999995585
Nb4C3,H,1,1,adsorbate,3,ads2,1,ads1,0,1,0,0.29713510999999926
Nb4C3,H,1,1,interstitial,3,int0,1,int1,0,1,0,0.52925378000009
Nb4C3,Hg,80,6,adsorbate,3,ads2,1,ads2,1,1,1,0.0
Nb4C3,I,53,5,adsorbate,3,ads2,1,ads2,1,1,1,0.0
Nb4C3,Ir,77,6,adsorbate,3,ads2,1,ads2,1,1,1,0.0
Nb4C3,K,19,4,adsorbate,3,ads2,1,ads2,1,1,1,0.0
Nb4C3,Li,3,2,adsorbate,3,ads2,1,ads2,1,1,1,0.0
Nb4C3,Li,3,2,interstitial,3,int0,1,int1,0,1,0,0.5947128699999658
Nb4C3,Lu,71,6,adsorbate,2,ads1,1,ads1,1,0,,0.0
Nb4C3,Mg,12,3,adsorbate,3,ads2,1,ads2,1,1,1,0.0
Nb4C3,Mn,25,4,adsorbate,3,ads2,1,ads2,1,1,1,0.0
Nb4C3,Mn,25,4,interstitial,2,int0,1,int0,1,0,,0.0
Nb4C3,Mo,42,5,adsorbate,2,ads0,1,ads2,0,0,,0.7163625800001228
Nb4C3,N,7,2,adsorbate,3,ads2,1,ads1,0,1,1,0.3648643900000932
Nb4C3,N,7,2,interstitial,3,int1,1,int1,1,1,1,0.0
Nb4C3,Ni,28,4,adsorbate,3,ads2,1,ads1,0,1,1,0.2361744199999976
Nb4C3,O,8,2,adsorbate,3,ads2,1,ads1,0,1,1,0.25300019000019347
Nb4C3,O,8,2,interstitial,2,int2,1,int0,0,0,,0.8324663500000034
Nb4C3,Os,76,6,adsorbate,3,ads2,1,ads2,1,1,1,0.0
Nb4C3,P,15,3,adsorbate,3,ads1,1,ads2,0,1,1,0.020222809999949964
Nb4C3,Pd,46,5,adsorbate,3,ads2,1,ads2,1,1,1,0.0
Nb4C3,Pt,78,6,adsorbate,3,ads2,1,ads2,1,1,1,0.0
Nb4C3,Rb,37,5,adsorbate,3,ads0,1,ads1,0,1,0,0.005592679999836148
Nb4C3,Re,75,6,adsorbate,2,ads0,1,ads2,0,0,,3.173529040000175
Nb4C3,Rh,45,5,adsorbate,3,ads2,1,ads2,1,1,1,0.0
Nb4C3,Ru,44,5,adsorbate,3,ads2,1,ads2,1,1,1,0.0
Nb4C3,S,16,3,adsorbate,3,ads2,1,ads2,1,1,1,0.0
Nb4C3,Sb,51,5,adsorbate,3,ads1,1,ads1,1,1,1,0.0
Nb4C3,Sc,21,4,adsorbate,2,ads1,1,ads2,0,0,,0.007711069999913889
Nb4C3,Se,34,4,adsorbate,3,ads2,1,ads2,1,1,1,0.0
Nb4C3,Si,14,3,adsorbate,3,ads2,1,ads2,1,1,1,0.0
Nb4C3,Sr,38,5,adsorbate,3,ads2,1,ads2,1,1,1,0.0
Nb4C3,Ta,73,6,adsorbate,3,ads2,1,ads0,0,1,1,5.506232910000106
Nb4C3,Tc,43,5,adsorbate,2,ads0,1,ads1,0,0,,3.434982439999885
Nb4C3,Te,52,5,adsorbate,3,ads2,1,ads2,1,1,1,0.0
Nb4C3,Te,52,5,interstitial,2,int2,1,int0,0,0,,1.1912050700000236
Nb4C3,Tl,81,6,adsorbate,3,ads0,1,ads1,0,1,0,0.03659086000016032
Nb4C3,V,23,4,adsorbate,3,ads2,1,ads2,1,1,1,0.0
Nb4C3,W,74,6,adsorbate,3,ads0,1,ads0,1,1,1,0.0
Nb4C3,Xe,54,5,adsorbate,3,ads0,1,ads2,0,1,0,0.0496686499998304
Nb4C3,Y,39,5,adsorbate,3,ads1,1,ads2,0,1,1,0.02806426999995887
Nb4C3,Zn,30,4,adsorbate,3,ads2,1,ads2,1,1,1,0.0
Nb4C3,Zr,40,5,adsorbate,2,ads2,1,ads2,1,0,,0.0
NbS2,Ag,47,5,adsorbate,3,ads2,1,ads2,1,1,1,0.0
NbS2,Ag,47,5,interstitial,2,int4,1,int4,1,0,,0.0
NbS2,Al,13,3,adsorbate,3,ads2,1,ads2,1,1,1,0.0
NbS2,Al,13,3,interstitial,3,int4,1,int4,1,1,1,0.0
NbS2,As,33,4,adsorbate,3,ads1,1,ads1,1,1,1,0.0
NbS2,As,33,4,interstitial,4,int4,1,int0,0,1,1,0.22263695999998934
NbS2,Au,79,6,adsorbate,3,ads1,1,ads1,1,1,1,0.0
NbS2,Au,79,6,interstitial,3,int4,1,int4,1,1,1,0.0
NbS2,B,5,2,adsorbate,2,ads1,1,ads1,1,0,,0.0
NbS2,B,5,2,interstitial,6,ads2,1,ads2,1,1,1,0.0
NbS2,Ba,56,6,adsorbate,3,ads2,1,ads2,1,1,1,0.0
NbS2,Ba,56,6,interstitial,2,int4,1,int4,1,0,,0.0
NbS2,Be,4,2,adsorbate,4,ads2,1,ads2,1,1,1,0.0
NbS2,Be,4,2,interstitial,4,int1,1,int4,0,1,0,0.07022957999998836
NbS2,Br,35,4,adsorbate,3,ads0,1,ads0,1,1,1,0.0
NbS2,Br,35,4,interstitial,5,int4,1,int4,1,1,1,0.0
NbS2,C,6,2,adsorbate,2,ads1,1,ads1,1,0,,0.0
NbS2,C,6,2,interstitial,6,int0,1,int2,0,1,1,0.00019903000000454085
NbS2,Ca,20,4,adsorbate,3,ads2,1,ads2,1,1,1,0.0
NbS2,Ca,20,4,interstitial,4,int0,1,int4,0,1,1,0.002318469999977424
NbS2,Cd,48,5,adsorbate,3,ads2,1,ads2,1,1,1,0.0
NbS2,Cd,48,5,interstitial,2,int4,1,int4,1,0,,0.0
NbS2,Cl,17,3,adsorbate,3,ads0,1,ads0,1,1,1,0.0
NbS2,Cl,17,3,interstitial,2,int4,1,int4,1,0,,0.0
NbS2,Co,27,4,adsorbate,3,ads1,1,ads2,0,1,1,3.38604989999999
NbS2,Co,27,4,interstitial,4,int2,1,int2,1,1,1,0.0
NbS2,Cr,24,4,adsorbate,3,ads2,1,ads2,1,1,1,0.0
NbS2,Cr,24,4,interstitial,4,int4,1,int0,0,1,1,0.922203380000012
NbS2,Cs,55,6,adsorbate,3,ads2,1,ads1,0,1,1,0.03454782999997974
NbS2,Cu,29,4,adsorbate,4,ads2,1,ads2,1,1,1,0.0
NbS2,Cu,29,4,interstitial,3,int4,1,int4,1,1,1,0.0
NbS2,F,9,2,adsorbate,2,ads0,1,ads1,0,0,,0.7391964100000052
NbS2,F,9,2,interstitial,5,int4,1,int4,1,1,1,0.0
NbS2,Fe,26,4,adsorbate,3,ads2,1,ads2,1,1,1,0.0
NbS2,Fe,26,4,interstitial,4,int4,1,int4,1,1,1,0.0
NbS2,Ga,31,4,interstitial,2,int4,1,int4,1,0,,0.0
NbS2,Ge,32,4,adsorbate,2,ads1,1,ads1,1,0,,0.0
NbS2,H,1,1,adsorbate,3,ads0,1,ads0,1,1,1,0.0
NbS2,H,1,1,interstitial,5,int4,1,int0,0,1,0,1.5420072400000036
NbS2,Hf,72,6,adsorbate,3,ads1,1,ads1,1,1,1,0.0
NbS2,Hf,72,6,interstitial,2,int4,1,int4,1,0,,0.0
NbS2,Hg,80,6,adsorbate,3,ads0,1,ads0,1,1,1,0.0
NbS2,Hg,80,6,interstitial,2,int4,1,int4,1,0,,0.0
NbS2,I,53,5,adsorbate,3,ads0,1,ads0,1,1,1,0.0
NbS2,I,53,5,interstitial,2,int4,1,int4,1,0,,0.0
NbS2,Ir,77,6,adsorbate,3,ads2,1,ads2,1,1,1,0.0
NbS2,Ir,77,6,interstitial,2,int4,1,int4,1,0,,0.0
NbS2,K,19,4,adsorbate,3,ads2,1,ads2,1,1,1,0.0
NbS2,K,19,4,interstitial,3,int4,1,int4,1,1,1,0.0
NbS2,Li,3,2,adsorbate,3,ads2,1,ads2,1,1,1,0.0
NbS2,Li,3,2,interstitial,4,int4,1,int0,0,1,1,0.020419529999997632
NbS2,Lu,71,6,adsorbate,3,ads1,1,ads1,1,1,1,0.0
NbS2,Mg,12,3,adsorbate,3,ads2,1,ads2,1,1,1,0.0
NbS2,Mg,12,3,interstitial,4,int2,1,int2,1,1,1,0.0
NbS2,Mn,25,4,adsorbate,3,ads2,1,ads2,1,1,1,0.0
NbS2,Mn,25,4,interstitial,3,int4,1,int4,1,1,1,0.0
NbS2,Mo,42,5,adsorbate,2,ads2,1,ads2,1,0,,0.0
NbS2,N,7,2,adsorbate,2,ads1,1,ads1,1,0,,0.0
NbS2,N,7,2,interstitial,6,int0,1,int2,0,1,0,0.0533388799999841
NbS2,Ni,28,4,adsorbate,3,ads2,1,ads2,1,1,1,0.0
NbS2,Ni,28,4,interstitial,4,int2,1,int2,1,1,1,0.0
NbS2,O,8,2,adsorbate,2,ads0,1,ads1,0,0,,0.9818672000000106
NbS2,O,8,2,interstitial,4,ads2,1,int2,0,1,0,0.3514719499999899
NbS2,Os,76,6,adsorbate,3,ads2,1,ads1,0,1,1,0.943501559999989
NbS2,Os,76,6,interstitial,2,int4,1,int4,1,0,,0.0
NbS2,P,15,3,adsorbate,3,ads1,1,ads1,1,1,1,0.0
NbS2,P,15,3,interstitial,4,int0,1,int0,1,1,1,0.0
NbS2,Pb,82,6,adsorbate,2,ads2,1,ads1,0,0,,1.1383835500000146
NbS2,Pb,82,6,interstitial,2,int4,1,int4,1,0,,0.0
NbS2,Pd,46,5,adsorbate,3,ads1,1,ads1,1,1,1,0.0
NbS2,Pt,78,6,adsorbate,3,ads1,1,ads1,1,1,1,0.0
NbS2,Pt,78,6,interstitial,3,int4,1,int4,1,1,1,0.0
NbS2,Rb,37,5,adsorbate,4,ads2,1,ads1,0,1,1,0.046257920000016384
NbS2,Re,75,6,adsorbate,3,ads1,1,ads2,0,1,1,3.2715840600000083
NbS2,Re,75,6,interstitial,2,int4,1,int4,1,0,,0.0
NbS2,Rh,45,5,adsorbate,3,ads1,1,ads1,1,1,1,0.0
NbS2,Rh,45,5,interstitial,4,int4,1,int4,1,1,1,0.0
NbS2,Ru,44,5,adsorbate,3,ads2,1,ads2,1,1,1,0.0
NbS2,Ru,44,5,interstitial,3,int4,1,int4,1,1,1,0.0
NbS2,Sb,51,5,adsorbate,4,ads1,1,ads1,1,1,1,0.0
NbS2,Sb,51,5,interstitial,3,int4,1,int4,1,1,1,0.0
NbS2,Sc,21,4,adsorbate,3,ads2,1,ads2,1,1,1,0.0
NbS2,Sc,21,4,interstitial,4,int2,1,int4,0,1,0,1.0572403700000166
NbS2,Se,34,4,adsorbate,2,ads1,1,ads1,1,0,,0.0
NbS2,Se,34,4,interstitial,3,int4,1,int0,0,1,1,0.23964524000001575
NbS2,Si,14,3,adsorbate,3,ads2,1,ads2,1,1,1,0.0
NbS2,Si,14,3,interstitial,4,int2,1,int2,1,1,1,0.0
NbS2,Sr,38,5,adsorbate,3,ads2,1,ads2,1,1,1,0.0
NbS2,Ta,73,6,adsorbate,3,ads1,1,ads1,1,1,1,0.0
NbS2,Ta,73,6,interstitial,2,int4,1,int4,1,0,,0.0
NbS2,Tc,43,5,adsorbate,2,ads1,1,ads1,1,0,,0.0
NbS2,Tc,43,5,interstitial,4,int4,1,int4,1,1,1,0.0
NbS2,Te,52,5,adsorbate,3,ads1,1,ads0,0,1,1,0.060540540000005305
NbS2,Te,52,5,interstitial,2,int4,1,int4,1,0,,0.0
NbS2,Ti,22,4,interstitial,3,int4,1,int4,1,1,1,0.0
NbS2,Tl,81,6,adsorbate,3,ads2,1,ads2,1,1,1,0.0
NbS2,V,23,4,adsorbate,3,ads2,1,ads2,1,1,1,0.0
NbS2,V,23,4,interstitial,3,int4,1,int4,1,1,1,0.0
NbS2,W,74,6,adsorbate,3,ads2,1,ads2,1,1,1,0.0
NbS2,W,74,6,interstitial,3,int0,1,int4,0,1,1,0.1550778699999844
NbS2,Xe,54,5,adsorbate,3,ads2,1,ads0,0,1,1,0.03424372000000629
NbS2,Y,39,5,adsorbate,2,ads2,1,ads2,1,0,,0.0
NbS2,Y,39,5,interstitial,2,int4,1,int4,1,0,,0.0
NbS2,Zn,30,4,adsorbate,3,ads2,1,ads1,0,1,1,0.3011978899999974
NbS2,Zn,30,4,interstitial,4,int4,1,int4,1,1,1,0.0
NbS2,Zr,40,5,adsorbate,3,ads2,1,ads2,1,1,1,0.0
NbS2,Zr,40,5,interstitial,3,int4,1,int4,1,1,1,0.0
NbSe2,Ag,47,5,adsorbate,3,ads2,1,ads1,0,1,1,0.08466373999999632
NbSe2,Ag,47,5,interstitial,3,int4,1,int4,1,1,1,0.0
NbSe2,Al,13,3,adsorbate,3,ads2,1,ads2,1,1,1,0.0
NbSe2,Al,13,3,interstitial,2,int3,1,int3,1,0,,0.0
NbSe2,As,33,4,adsorbate,2,ads2,1,ads2,1,0,,0.0
NbSe2,As,33,4,interstitial,3,int4,1,int0,0,1,1,0.6916396899999881
NbSe2,Au,79,6,adsorbate,3,ads1,1,ads1,1,1,1,0.0
NbSe2,Au,79,6,interstitial,4,int3,1,int3,1,1,1,0.0
NbSe2,B,5,2,interstitial,4,ads2,1,ads2,1,1,1,0.0
NbSe2,Ba,56,6,adsorbate,3,ads2,1,ads1,0,1,1,0.19239028000001213
NbSe2,Ba,56,6,interstitial,3,int4,1,int4,1,1,1,0.0
NbSe2,Be,4,2,adsorbate,2,ads1,1,ads1,1,0,,0.0
NbSe2,Be,4,2,interstitial,6,ads2,1,ads2,1,1,1,0.0
NbSe2,Br,35,4,adsorbate,3,ads0,1,ads0,1,1,1,0.0
NbSe2,Br,35,4,interstitial,3,int4,1,int4,1,1,1,0.0
NbSe2,C,6,2,interstitial,5,int0,1,int0,1,1,1,0.0
NbSe2,Ca,20,4,adsorbate,3,ads2,1,ads2,1,1,1,0.0
NbSe2,Ca,20,4,interstitial,3,int0,1,int0,1,1,1,0.0
NbSe2,Cd,48,5,adsorbate,3,ads2,1,ads2,1,1,1,0.0
NbSe2,Cd,48,5,interstitial,4,int0,1,int4,0,1,0,0.09905749999998559
NbSe2,Cl,17,3,adsorbate,3,ads0,1,ads0,1,1,1,0.0
NbSe2,Cl,17,3,interstitial,2,int0,1,int3,0,0,,0.006687290000002566
NbSe2,Co,27,4,adsorbate,2,ads1,1,ads1,1,0,,0.0
NbSe2,Co,27,4,interstitial,4,int4,1,int3,0,1,1,1.2799999926649264e-06
NbSe2,Cr,24,4,adsorbate,3,ads2,1,ads2,1,1,1,0.0
NbSe2,Cr,24,4,interstitial,3,int4,1,int0,0,1,1,0.1282139700000191
NbSe2,Cs,55,6,adsorbate,3,ads2,1,ads1,0,1,1,0.03080462999997824
NbSe2,Cs,55,6,interstitial,3,int3,1,int3,1,1,1,0.0
NbSe2,Cu,29,4,adsorbate,3,ads2,1,ads2,1,1,1,0.0
NbSe2,Cu,29,4,interstitial,4,int3,1,int3,1,1,1,0.0
NbSe2,F,9,2,adsorbate,2,ads0,1,ads1,0,0,,0.38020599000000765
NbSe2,F,9,2,interstitial,4,int3,1,ads2,0,1,0,0.025567060000014408
NbSe2,Fe,26,4,adsorbate,3,ads1,1,ads2,0,1,1,0.17624889000001076
NbSe2,Fe,26,4,interstitial,3,int3,1,int0,0,1,1,0.00020176000001015382
NbSe2,Ga,31,4,adsorbate,2,ads1,1,ads1,1,0,,0.0
NbSe2,Ga,31,4,interstitial,3,int3,1,int3,1,1,1,0.0
NbSe2,H,1,1,adsorbate,3,ads0,1,ads1,0,1,1,0.048732459999996536
NbSe2,H,1,1,interstitial,4,int4,1,int0,0,1,1,1.567131499999988
NbSe2,Hf,72,6,adsorbate,2,ads0,1,ads0,1,0,,0.0
NbSe2,Hf,72,6,interstitial,3,int0,1,int3,0,1,1,0.3106483199999843
NbSe2,Hg,80,6,adsorbate,3,ads2,1,ads0,0,1,0,0.034980719999992915
NbSe2,Hg,80,6,interstitial,3,int4,1,int4,1,1,1,0.0
NbSe2,I,53,5,adsorbate,3,ads0,1,ads0,1,1,1,0.0
NbSe2,I,53,5,interstitial,3,int3,1,int3,1,1,1,0.0
NbSe2,In,49,5,interstitial,2,int4,1,int4,1,0,,0.0
NbSe2,Ir,77,6,interstitial,4,int3,1,int4,0,1,1,1.2799999922208372e-06
NbSe2,K,19,4,adsorbate,3,ads2,1,ads2,1,1,1,0.0
NbSe2,K,19,4,interstitial,3,int3,1,int0,0,1,1,0.47878287999998204
NbSe2,Li,3,2,adsorbate,3,ads2,1,ads2,1,1,1,0.0
NbSe2,Li,3,2,interstitial,4,int1,1,int1,1,1,1,0.0
NbSe2,Lu,71,6,adsorbate,2,ads2,1,ads2,1,0,,0.0
NbSe2,Lu,71,6,interstitial,4,int4,1,int4,1,1,1,0.0
NbSe2,Mg,12,3,adsorbate,3,ads2,1,ads2,1,1,1,0.0
NbSe2,Mg,12,3,interstitial,3,int4,1,int0,0,1,1,0.13639469000000348
NbSe2,Mn,25,4,adsorbate,3,ads2,1,ads2,1,1,1,0.0
NbSe2,Mn,25,4,interstitial,3,int4,1,int4,1,1,1,0.0
NbSe2,Mo,42,5,adsorbate,3,ads2,1,ads2,1,1,1,0.0
NbSe2,Mo,42,5,interstitial,2,int0,1,int4,0,0,,0.21104635000000327
NbSe2,N,7,2,interstitial,5,int0,1,ads2,0,1,1,0.6697514800000022
NbSe2,Ni,28,4,adsorbate,3,ads2,1,ads2,1,1,1,0.0
NbSe2,Ni,28,4,interstitial,4,int4,1,int4,1,1,1,0.0
NbSe2,O,8,2,adsorbate,2,ads1,1,ads0,0,0,,0.4345520800000031
NbSe2,O,8,2,interstitial,5,int0,1,int3,0,1,1,0.2800403200000119
NbSe2,Os,76,6,interstitial,2,int4,1,int4,1,0,,0.0
NbSe2,P,15,3,adsorbate,3,ads1,1,ads2,0,1,1,0.34681428999999775
NbSe2,P,15,3,interstitial,3,int0,1,int4,0,1,1,0.059207479999997537
NbSe2,Pb,82,6,adsorbate,2,ads2,1,ads2,1,0,,0.0
NbSe2,Pb,82,6,interstitial,3,int4,1,int4,1,1,1,0.0
NbSe2,Pd,46,5,adsorbate,3,ads1,1,ads1,1,1,1,0.0
NbSe2,Pd,46,5,interstitial,3,int0,1,int3,0,1,1,0.46354714000000286
NbSe2,Pt,78,6,adsorbate,3,ads1,1,ads1,1,1,1,0.0
NbSe2,Pt,78,6,interstitial,4,int0,1,int4,0,1,0,0.60256665
NbSe2,Rb,37,5,adsorbate,3,ads2,1,ads1,0,1,1,0.04627868000000035
NbSe2,Rb,37,5,interstitial,3,int0,1,int4,0,1,1,0.04667377999999012
NbSe2,Re,75,6,adsorbate,2,ads1,1,ads1,1,0,,0.0
NbSe2,Re,75,6,interstitial,3,int3,1,int4,0,1,1,0.08284263999999553
NbSe2,Rh,45,5,adsorbate,3,ads1,1,ads2,0,1,1,0.15919940999998516
NbSe2,Rh,45,5,interstitial,3,int3,1,int3,1,1,1,0.0
NbSe2,Ru,44,5,adsorbate,2,ads2,1,ads2,1,0,,0.0
NbSe2,Ru,44,5,interstitial,3,int0,1,int3,0,1,1,0.30721271000001593
NbSe2,S,16,3,adsorbate,3,ads0,1,ads0,1,1,1,0.0
NbSe2,S,16,3,interstitial,3,int0,1,int0,1,1,1,0.0
NbSe2,Sb,51,5,adsorbate,3,ads1,1,ads1,1,1,1,0.0
NbSe2,Sb,51,5,interstitial,2,int4,1,int4,1,0,,0.0
NbSe2,Sc,21,4,adsorbate,3,ads2,1,ads2,1,1,1,0.0
NbSe2,Sc,21,4,interstitial,4,int0,1,int3,0,1,0,0.3257665600000057
NbSe2,Si,14,3,adsorbate,3,ads2,1,ads2,1,1,1,0.0
NbSe2,Si,14,3,interstitial,3,int3,1,int3,1,1,1,0.0
NbSe2,Sr,38,5,adsorbate,3,ads2,1,ads2,1,1,1,0.0
NbSe2,Sr,38,5,interstitial,2,int4,1,int4,1,0,,0.0
NbSe2,Ta,73,6,interstitial,3,int4,1,int4,1,1,1,0.0
NbSe2,Tc,43,5,adsorbate,2,ads1,1,ads1,1,0,,0.0
NbSe2,Tc,43,5,interstitial,3,int3,1,int3,1,1,1,0.0
NbSe2,Te,52,5,adsorbate,3,ads0,1,ads0,1,1,1,0.0
NbSe2,Te,52,5,interstitial,3,int4,1,int4,1,1,1,0.0
NbSe2,Ti,22,4,adsorbate,3,ads2,1,ads2,1,1,1,0.0
NbSe2,Ti,22,4,interstitial,2,int3,1,int4,0,0,,0.0022768000000041866
NbSe2,Tl,81,6,adsorbate,3,ads2,1,ads1,0,1,1,0.011697699999984934
NbSe2,Tl,81,6,interstitial,3,int4,1,int4,1,1,1,0.0
NbSe2,V,23,4,adsorbate,3,ads2,1,ads2,1,1,1,0.0
NbSe2,V,23,4,interstitial,3,int3,1,int3,1,1,1,0.0
NbSe2,W,74,6,adsorbate,3,ads2,1,ads2,1,1,1,0.0
NbSe2,W,74,6,interstitial,4,int0,1,int4,0,1,0,0.12509277999998858
NbSe2,Xe,54,5,adsorbate,3,ads2,1,ads0,0,1,1,0.016321349999998302
NbSe2,Xe,54,5,interstitial,3,int4,1,int3,0,1,1,0.006134160000017985
NbSe2,Y,39,5,adsorbate,3,ads1,1,ads2,0,1,1,5.021279990000012
NbSe2,Y,39,5,interstitial,4,int0,1,int0,1,1,1,0.0
NbSe2,Zn,30,4,adsorbate,3,ads2,1,ads2,1,1,1,0.0
NbSe2,Zn,30,4,interstitial,3,int3,2,int3,1,1,1,0.0
NbSe2,Zr,40,5,adsorbate,3,ads2,1,ads2,1,1,1,0.0
NbSe2,Zr,40,5,interstitial,3,int0,1,int0,1,1,1,0.0
NiSe2,Ag,47,5,adsorbate,3,ads2,1,ads2,1,1,1,0.0
NiSe2,Ag,47,5,interstitial,2,int2,1,int2,1,0,,0.0
NiSe2,Al,13,3,adsorbate,3,ads1,1,ads2,0,1,1,0.029169780000003698
NiSe2,As,33,4,adsorbate,3,ads2,1,ads1,0,1,1,0.06166731000000425
NiSe2,Au,79,6,adsorbate,3,ads0,1,ads1,0,1,0,0.03548684000000413
NiSe2,B,5,2,adsorbate,2,ads1,1,ads1,1,0,,0.0
NiSe2,B,5,2,interstitial,3,int2,1,ads2,0,1,1,0.011262229999999818
NiSe2,Ba,56,6,adsorbate,4,ads2,1,ads1,0,1,1,0.168864659999997
NiSe2,Be,4,2,adsorbate,3,ads2,1,ads2,1,1,1,0.0
NiSe2,Be,4,2,interstitial,2,int2,1,int2,1,0,,0.0
NiSe2,Br,35,4,adsorbate,3,ads0,1,ads0,1,1,1,0.0
NiSe2,C,6,2,adsorbate,2,ads1,1,ads1,1,0,,0.0
NiSe2,C,6,2,interstitial,3,int0,1,int0,1,1,1,0.0
NiSe2,Ca,20,4,adsorbate,4,ads2,1,int2,0,1,1,1.0949821700000086
NiSe2,Cd,48,5,adsorbate,3,ads1,1,ads2,0,1,1,0.07237834999999393
NiSe2,Cd,48,5,interstitial,2,int2,1,int2,1,0,,0.0
NiSe2,Cl,17,3,adsorbate,3,ads0,1,ads1,0,1,1,0.0929479599999894
NiSe2,Co,27,4,adsorbate,3,ads2,1,ads1,0,1,1,0.4549454099999932
NiSe2,Cr,24,4,adsorbate,3,ads2,1,ads2,1,1,1,0.0
NiSe2,Cr,24,4,interstitial,2,int2,1,int2,1,0,,0.0
NiSe2,Cs,55,6,adsorbate,4,ads2,1,ads2,1,1,1,0.0
NiSe2,Cu,29,4,adsorbate,3,ads2,1,ads1,0,1,1,0.02067047999999283
NiSe2,F,9,2,adsorbate,3,ads0,1,ads0,1,1,1,0.0
NiSe2,F,9,2,interstitial,3,int0,1,int0,1,1,1,0.0
NiSe2,Fe,26,4,adsorbate,2,ads1,1,ads1,1,0,,0.0
NiSe2,Ge,32,4,adsorbate,3,ads2,1,ads2,1,1,1,0.0
NiSe2,Ge,32,4,interstitial,2,int2,1,int0,0,0,,0.07247052000000975
NiSe2,H,1,1,adsorbate,3,ads0,1,ads0,1,1,1,0.0
NiSe2,H,1,1,interstitial,3,int1,1,int1,1,1,1,0.0
NiSe2,Hf,72,6,adsorbate,2,ads1,1,ads1,1,0,,0.0
NiSe2,Hg,80,6,adsorbate,3,ads1,1,ads1,1,1,1,0.0
NiSe2,I,53,5,adsorbate,3,ads0,1,ads1,0,1,1,0.0391727599999995
NiSe2,In,49,5,interstitial,2,int2,1,int2,1,0,,0.0
NiSe2,Ir,77,6,adsorbate,3,ads2,1,ads2,1,1,1,0.0
NiSe2,K,19,4,adsorbate,4,ads2,1,ads2,1,1,1,0.0
NiSe2,Li,3,2,adsorbate,4,ads2,1,int2,0,1,1,0.5026008800000029
NiSe2,Lu,71,6,adsorbate,2,ads1,1,ads1,1,0,,0.0
NiSe2,Lu,71,6,interstitial,2,int0,1,int0,1,0,,0.0
NiSe2,Mg,12,3,adsorbate,3,ads2,1,ads2,1,1,1,0.0
NiSe2,Mg,12,3,interstitial,2,int2,1,int2,1,0,,0.0
NiSe2,Mn,25,4,adsorbate,2,ads1,1,ads1,1,0,,0.0
NiSe2,Mn,25,4,interstitial,2,int2,1,int2,1,0,,0.0
NiSe2,Mo,42,5,adsorbate,3,ads2,1,ads2,1,1,1,0.0
NiSe2,N,7,2,adsorbate,2,ads0,1,ads1,0,0,,0.008560319999999955
NiSe2,N,7,2,interstitial,3,int1,1,int0,0,1,0,1.2506789500000082
NiSe2,Nb,41,5,adsorbate,2,ads1,1,ads1,1,0,,0.0
NiSe2,O,8,2,adsorbate,2,ads0,1,ads0,1,0,,0.0
NiSe2,O,8,2,interstitial,3,int0,1,ads2,0,1,1,0.8086005100000047
NiSe2,Os,76,6,adsorbate,2,ads2,1,ads2,1,0,,0.0
NiSe2,P,15,3,adsorbate,3,ads2,1,ads1,0,1,1,0.9662644299999956
NiSe2,P,15,3,interstitial,2,int2,1,int2,1,0,,0.0
NiSe2,Pb,82,6,adsorbate,3,ads2,1,ads2,1,1,1,0.0
NiSe2,Pd,46,5,adsorbate,3,ads2,1,ads2,1,1,1,0.0
NiSe2,Pd,46,5,interstitial,2,int2,1,int2,1,0,,0.0
NiSe2,Pt,78,6,adsorbate,3,ads2,1,ads2,1,1,1,0.0
NiSe2,Pt,78,6,interstitial,2,int2,1,int2,1,0,,0.0
NiSe2,Rb,37,5,adsorbate,4,ads2,1,ads2,1,1,1,0.0
NiSe2,Re,75,6,adsorbate,2,ads2,1,ads2,1,0,,0.0
NiSe2,Rh,45,5,adsorbate,3,ads2,1,ads2,1,1,1,0.0
NiSe2,Ru,44,5,adsorbate,3,ads2,1,ads2,1,1,1,0.0
NiSe2,Ru,44,5,interstitial,2,int2,1,int2,1,0,,0.0
NiSe2,S,16,3,adsorbate,3,ads1,1,ads0,0,1,1,0.3388749799999998
NiSe2,S,16,3,interstitial,2,int0,1,int0,1,0,,0.0
NiSe2,Sb,51,5,adsorbate,3,ads2,1,ads2,1,1,1,0.0
NiSe2,Sc,21,4,adsorbate,4,ads2,1,ads2,1,1,1,0.0
NiSe2,Si,14,3,interstitial,2,int2,1,int2,1,0,,0.0
NiSe2,Sn,50,5,adsorbate,2,ads1,1,ads1,1,0,,0.0
NiSe2,Sr,38,5,adsorbate,4,int2,1,ads2,0,1,0,0.6312988600000009
NiSe2,Ta,73,6,adsorbate,2,ads1,1,ads1,1,0,,0.0
NiSe2,Tc,43,5,adsorbate,3,ads2,1,ads2,1,1,1,0.0
NiSe2,Te,52,5,adsorbate,3,ads1,1,ads0,0,1,1,0.5000297899999993
NiSe2,Ti,22,4,adsorbate,2,ads1,1,ads1,1,0,,0.0
NiSe2,Ti,22,4,interstitial,2,int2,1,int0,0,0,,0.1098553199999941
NiSe2,Tl,81,6,adsorbate,3,ads1,1,ads2,0,1,1,0.048602690000009885
NiSe2,V,23,4,adsorbate,2,ads1,1,ads1,1,0,,0.0
NiSe2,V,23,4,interstitial,2,int2,1,int2,1,0,,0.0
NiSe2,W,74,6,adsorbate,2,ads1,1,ads1,1,0,,0.0
NiSe2,Xe,54,5,adsorbate,4,ads1,1,ads0,0,1,0,0.045088620000001293
NiSe2,Y,39,5,adsorbate,3,ads2,1,ads2,1,1,1,0.0
NiSe2,Zn,30,4,adsorbate,2,ads1,1,ads1,1,0,,0.0
NiSe2,Zr,40,5,adsorbate,2,ads1,1,ads1,1,0,,0.0
P4,Ag,47,5,adsorbate,2,ads1,1,ads1,1,0,,0.0
P4,Al,13,3,adsorbate,2,ads1,1,ads1,1,0,,0.0
P4,As,33,4,adsorbate,2,ads0,1,ads1,0,0,,0.3612808500000142
P4,Au,79,6,adsorbate,2,ads1,1,ads1,1,0,,0.0
P4,B,5,2,adsorbate,2,ads1,1,ads1,1,0,,0.0
P4,B,5,2,interstitial,2,int1,1,int1,1,0,,0.0
P4,Ba,56,6,adsorbate,3,int1,1,ads1,0,1,1,0.028727829999979804
P4,Be,4,2,adsorbate,2,ads1,1,ads1,1,0,,0.0
P4,Be,4,2,interstitial,2,int1,1,int0,0,0,,0.66288492000001
P4,Br,35,4,adsorbate,3,ads0,1,ads0,1,1,1,0.0
P4,C,6,2,adsorbate,2,ads1,1,ads1,1,0,,0.0
P4,Ca,20,4,adsorbate,2,ads1,1,ads1,1,0,,0.0
P4,Cd,48,5,adsorbate,2,ads1,1,ads1,1,0,,0.0
P4,Cl,17,3,adsorbate,3,ads0,1,ads0,1,1,1,0.0
P4,Co,27,4,adsorbate,2,ads1,1,ads1,1,0,,0.0
P4,Cr,24,4,adsorbate,2,ads1,1,ads1,1,0,,0.0
P4,Cs,55,6,adsorbate,2,ads1,1,ads1,1,0,,0.0
P4,Cu,29,4,adsorbate,2,ads1,1,ads1,1,0,,0.0
P4,F,9,2,adsorbate,3,ads0,1,ads0,1,1,1,0.0
P4,Fe,26,4,adsorbate,2,ads1,1,ads1,1,0,,0.0
P4,Ga,31,4,adsorbate,3,ads1,1,ads1,1,1,1,0.0
P4,Ge,32,4,adsorbate,2,ads1,1,ads1,1,0,,0.0
P4,H,1,1,adsorbate,3,ads0,1,ads0,1,1,1,0.0
P4,Hf,72,6,adsorbate,2,ads1,1,ads1,1,0,,0.0
P4,Hg,80,6,adsorbate,2,ads1,1,ads0,0,0,,0.019301410000025485
P4,I,53,5,adsorbate,3,ads0,1,ads1,0,1,1,0.3154874699999937
P4,K,19,4,adsorbate,3,int1,1,ads1,0,1,1,0.0009040799999978644
P4,Li,3,2,adsorbate,3,ads1,1,ads1,1,1,1,0.0
P4,Lu,71,6,adsorbate,2,ads1,1,ads1,1,0,,0.0
P4,Mg,12,3,adsorbate,2,ads1,1,ads1,1,0,,0.0
P4,Mn,25,4,adsorbate,2,ads1,1,ads1,1,0,,0.0
P4,N,7,2,interstitial,2,int0,1,int1,0,0,,1.7589091300000064
P4,Na,11,3,adsorbate,2,int1,1,ads0,0,0,,0.1715092300000265
P4,Nb,41,5,adsorbate,2,ads1,1,ads1,1,0,,0.0
P4,Ni,28,4,adsorbate,2,ads1,1,ads1,1,0,,0.0
P4,O,8,2,adsorbate,2,ads0,1,ads0,1,0,,0.0
P4,O,8,2,interstitial,2,int0,1,int0,1,0,,0.0
P4,Pd,46,5,adsorbate,2,ads1,1,ads1,1,0,,0.0
P4,Rb,37,5,adsorbate,3,int1,1,int1,1,1,1,0.0
P4,Re,75,6,adsorbate,2,ads1,1,ads1,1,0,,0.0
P4,Rh,45,5,adsorbate,2,ads1,1,ads1,1,0,,0.0
P4,Ru,44,5,adsorbate,2,ads1,1,ads1,1,0,,0.0
P4,S,16,3,adsorbate,2,ads0,1,ads0,1,0,,0.0
P4,Sb,51,5,adsorbate,2,ads0,1,ads0,1,0,,0.0
P4,Sc,21,4,adsorbate,2,ads1,1,ads1,1,0,,0.0
P4,Se,34,4,adsorbate,2,ads0,1,ads0,1,0,,0.0
P4,Si,14,3,adsorbate,2,ads1,1,ads1,1,0,,0.0
P4,Sn,50,5,adsorbate,2,ads1,1,ads1,1,0,,0.0
P4,Sr,38,5,adsorbate,2,ads1,1,ads1,1,0,,0.0
P4,Ta,73,6,adsorbate,2,ads1,1,ads1,1,0,,0.0
P4,Tc,43,5,adsorbate,2,ads1,1,ads1,1,0,,0.0
P4,Te,52,5,adsorbate,2,ads0,1,ads0,1,0,,0.0
P4,Ti,22,4,adsorbate,2,ads1,1,ads1,1,0,,0.0
P4,Tl,81,6,adsorbate,3,ads1,1,ads1,1,1,1,0.0
P4,V,23,4,adsorbate,2,ads1,1,ads1,1,0,,0.0
P4,W,74,6,adsorbate,2,ads1,1,ads1,1,0,,0.0
P4,Xe,54,5,adsorbate,2,ads1,1,ads0,0,0,,0.0383628499999986
P4,Y,39,5,adsorbate,2,ads1,1,ads1,1,0,,0.0
P4,Zn,30,4,adsorbate,2,ads1,1,ads1,1,0,,0.0
P4,Zr,40,5,adsorbate,2,ads1,1,ads1,1,0,,0.0
PbI2,Au,79,6,adsorbate,2,ads2,1,ads2,1,0,,0.0
PbI2,Cl,17,3,interstitial,2,int1,1,int2,0,0,,0.9097472899999985
PbI2,F,9,2,interstitial,3,int2,1,ads1,0,1,0,0.3658958400000074
PbI2,Lu,71,6,adsorbate,3,ads2,1,ads2,1,1,1,0.0
PbI2,Lu,71,6,interstitial,2,int2,1,int2,1,0,,0.0
PbI2,N,7,2,interstitial,2,int1,1,int0,0,0,,0.06255398999999784
PbI2,O,8,2,interstitial,4,int1,1,int1,1,1,1,0.0
PbI2,Re,75,6,adsorbate,3,ads1,1,ads1,1,1,1,0.0
PbI2,Re,75,6,interstitial,2,int2,1,int2,1,0,,0.0
PbI2,S,16,3,interstitial,2,int0,1,int0,1,0,,0.0
PbI2,Sb,51,5,adsorbate,2,ads2,1,ads2,1,0,,0.0
PbI2,Se,34,4,interstitial,2,int0,1,int0,1,0,,0.0
PbI2,Xe,54,5,adsorbate,4,ads1,1,ads0,0,1,1,0.003187889999992491
PbI2,Xe,54,5,interstitial,2,int0,1,int1,0,0,,4.4285947200000075
Pd2Se4,Ag,47,5,adsorbate,2,ads1,1,ads1,1,0,,0.0
Pd2Se4,Al,13,3,adsorbate,2,ads1,1,ads1,1,0,,0.0
Pd2Se4,As,33,4,adsorbate,3,ads0,1,ads0,1,1,1,0.0
Pd2Se4,Au,79,6,adsorbate,2,ads0,1,ads0,1,0,,0.0
Pd2Se4,B,5,2,adsorbate,2,ads1,1,ads0,0,0,,0.4971782500000046
Pd2Se4,B,5,2,interstitial,2,int0,1,int0,1,0,,0.0
Pd2Se4,Be,4,2,adsorbate,2,ads1,1,ads1,1,0,,0.0
Pd2Se4,Be,4,2,interstitial,2,int0,1,int0,1,0,,0.0
Pd2Se4,Br,35,4,adsorbate,3,ads1,1,ads0,0,1,1,0.0610274000000004
Pd2Se4,C,6,2,adsorbate,2,ads0,1,ads0,1,0,,0.0
Pd2Se4,Ca,20,4,adsorbate,2,ads0,1,ads0,1,0,,0.0
Pd2Se4,Cd,48,5,adsorbate,3,ads1,1,ads1,1,1,1,0.0
Pd2Se4,Cl,17,3,adsorbate,3,ads1,1,ads0,0,1,1,0.03140107000000111
Pd2Se4,Co,27,4,adsorbate,2,ads0,1,ads1,0,0,,0.19818727999999908
Pd2Se4,Cr,24,4,adsorbate,3,ads0,1,ads0,1,1,1,0.0
Pd2Se4,Cs,55,6,adsorbate,3,ads1,1,ads1,1,1,1,0.0
Pd2Se4,Cu,29,4,adsorbate,2,ads0,1,ads1,0,0,,0.21331431999999584
Pd2Se4,F,9,2,adsorbate,3,ads0,1,ads0,1,1,1,0.0
Pd2Se4,Fe,26,4,adsorbate,2,ads0,1,ads0,1,0,,0.0
Pd2Se4,Ga,31,4,adsorbate,2,ads1,1,ads1,1,0,,0.0
Pd2Se4,H,1,1,adsorbate,2,ads0,1,ads0,1,0,,0.0
Pd2Se4,H,1,1,interstitial,2,int0,1,int0,1,0,,0.0
Pd2Se4,Hf,72,6,adsorbate,2,ads0,1,ads0,1,0,,0.0
Pd2Se4,I,53,5,adsorbate,2,ads1,1,ads0,0,0,,0.07867134999999331
Pd2Se4,Ir,77,6,adsorbate,2,ads0,1,ads0,1,0,,0.0
Pd2Se4,K,19,4,adsorbate,2,ads1,1,ads1,1,0,,0.0
Pd2Se4,Li,3,2,adsorbate,3,ads1,1,ads1,1,1,1,0.0
Pd2Se4,Lu,71,6,adsorbate,2,ads0,1,int0,0,0,,0.3785414000000027
Pd2Se4,Mg,12,3,adsorbate,3,ads1,1,ads1,1,1,1,0.0
Pd2Se4,Mn,25,4,adsorbate,2,ads1,1,ads1,1,0,,0.0
Pd2Se4,Mo,42,5,adsorbate,2,ads0,1,ads0,1,0,,0.0
Pd2Se4,N,7,2,adsorbate,3,ads0,1,ads0,1,1,1,0.0
Pd2Se4,Ni,28,4,adsorbate,3,ads0,1,ads1,0,1,1,0.6656724700000036
Pd2Se4,O,8,2,adsorbate,3,int0,1,ads0,0,1,1,0.16383104999999887
Pd2Se4,Os,76,6,adsorbate,3,ads0,1,ads0,1,1,1,0.0
Pd2Se4,P,15,3,adsorbate,3,ads0,1,ads0,1,1,1,0.0
Pd2Se4,Pt,78,6,adsorbate,2,ads0,1,ads0,1,0,,0.0
Pd2Se4,Rb,37,5,adsorbate,2,ads1,1,ads1,1,0,,0.0
Pd2Se4,Re,75,6,adsorbate,2,ads0,1,ads0,1,0,,0.0
Pd2Se4,Ru,44,5,adsorbate,2,ads0,1,ads0,1,0,,0.0
Pd2Se4,S,16,3,adsorbate,2,ads0,1,ads0,1,0,,0.0
Pd2Se4,Sb,51,5,adsorbate,2,ads0,1,ads0,1,0,,0.0
Pd2Se4,Si,14,3,adsorbate,2,ads1,1,ads1,1,0,,0.0
Pd2Se4,Tc,43,5,adsorbate,2,ads0,1,ads0,1,0,,0.0
Pd2Se4,Te,52,5,adsorbate,2,ads0,1,ads0,1,0,,0.0
Pd2Se4,Tl,81,6,adsorbate,2,ads1,1,ads1,1,0,,0.0
Pd2Se4,W,74,6,adsorbate,2,ads0,1,ads0,1,0,,0.0
Pd2Se4,Xe,54,5,adsorbate,2,ads1,1,ads1,1,0,,0.0
Pd2Se4,Y,39,5,adsorbate,3,int0,1,int0,1,1,1,0.0
PtS2,Ag,47,5,adsorbate,4,ads2,1,ads1,0,1,1,0.10208006999999952
PtS2,Al,13,3,adsorbate,3,ads2,1,ads1,0,1,1,0.010632640000011628
PtS2,Al,13,3,interstitial,2,int2,1,int2,1,0,,0.0
PtS2,As,33,4,adsorbate,3,ads0,1,ads1,0,1,1,0.12870733999997697
PtS2,As,33,4,interstitial,2,int2,1,int2,1,0,,0.0
PtS2,Au,79,6,adsorbate,4,ads2,1,ads1,0,1,0,0.006103809999984833
PtS2,B,5,2,adsorbate,2,ads1,1,ads1,1,0,,0.0
PtS2,B,5,2,interstitial,4,int2,1,int2,1,1,1,0.0
PtS2,Ba,56,6,adsorbate,4,ads2,1,int2,0,1,1,0.11551546000001173
PtS2,Be,4,2,adsorbate,2,ads1,1,ads1,1,0,,0.0
PtS2,Be,4,2,interstitial,3,ads2,1,ads2,1,1,1,0.0
PtS2,Br,35,4,adsorbate,3,ads0,1,ads0,1,1,1,0.0
PtS2,Br,35,4,interstitial,2,int2,1,int2,1,0,,0.0
PtS2,C,6,2,adsorbate,2,ads1,1,ads0,0,0,,0.1964198299999964
PtS2,C,6,2,interstitial,3,int0,1,int2,0,1,1,0.18138669999998935
PtS2,Ca,20,4,adsorbate,4,ads2,1,int2,0,1,1,0.0058396000000016
PtS2,Cd,48,5,adsorbate,4,ads2,1,ads1,0,1,0,0.01815594999999348
PtS2,Cl,17,3,adsorbate,3,ads0,1,ads2,0,1,1,0.016240129999999908
PtS2,Cl,17,3,interstitial,2,int0,1,int2,0,0,,0.7994986399999968
PtS2,Co,27,4,adsorbate,4,int2,1,int2,1,1,1,0.0
PtS2,Cr,24,4,adsorbate,4,ads2,1,int2,0,1,1,0.6262951500000042
PtS2,Cs,55,6,adsorbate,4,ads2,1,int2,0,1,0,0.003877819999985377
PtS2,Cu,29,4,adsorbate,3,ads2,1,ads1,0,1,1,0.1209333099999983
PtS2,F,9,2,adsorbate,5,int2,1,ads0,0,1,0,0.023349359999997432
PtS2,Fe,26,4,adsorbate,4,int2,1,int2,1,1,1,0.0
PtS2,Ga,31,4,adsorbate,2,ads1,1,ads1,1,0,,0.0
PtS2,Ge,32,4,adsorbate,3,ads1,1,ads1,1,1,1,0.0
PtS2,H,1,1,adsorbate,4,ads0,1,ads0,1,1,1,0.0
PtS2,H,1,1,interstitial,2,int1,1,int1,1,0,,0.0
PtS2,Hf,72,6,adsorbate,3,ads2,1,ads2,1,1,1,0.0
PtS2,Hg,80,6,adsorbate,4,ads2,1,ads2,1,1,1,0.0
PtS2,I,53,5,adsorbate,3,ads0,1,ads1,0,1,0,0.2606279299999983
PtS2,Ir,77,6,adsorbate,4,ads1,1,ads1,1,1,1,0.0
PtS2,K,19,4,adsorbate,4,ads2,1,ads2,1,1,1,0.0
PtS2,Li,3,2,adsorbate,4,ads2,1,ads2,1,1,1,0.0
PtS2,Lu,71,6,adsorbate,4,int2,1,ads2,0,1,1,0.43596336000001645
PtS2,Mg,12,3,adsorbate,4,ads2,1,ads2,1,1,1,0.0
PtS2,Mn,25,4,adsorbate,4,ads2,1,ads1,0,1,0,0.1451851899999781
PtS2,Mo,42,5,adsorbate,3,ads2,1,ads2,1,1,1,0.0
PtS2,Mo,42,5,interstitial,2,int2,1,int2,1,0,,0.0
PtS2,N,7,2,adsorbate,3,ads0,1,ads0,1,1,1,0.0
PtS2,N,7,2,interstitial,3,int0,1,int0,1,1,1,0.0
PtS2,Nb,41,5,adsorbate,3,ads2,1,ads2,1,1,1,0.0
PtS2,Nb,41,5,interstitial,2,int2,1,int2,1,0,,0.0
PtS2,Ni,28,4,adsorbate,3,ads2,1,ads2,1,1,1,0.0
PtS2,O,8,2,adsorbate,5,ads0,1,ads0,1,1,1,0.0
PtS2,Os,76,6,adsorbate,3,ads1,1,ads2,0,1,1,0.2911024599999896
PtS2,P,15,3,adsorbate,3,ads0,1,ads0,1,1,1,0.0
PtS2,P,15,3,interstitial,2,int2,1,int2,1,0,,0.0
PtS2,Pb,82,6,adsorbate,3,ads2,1,ads2,1,1,1,0.0
PtS2,Pd,46,5,adsorbate,4,ads1,1,ads1,1,1,1,0.0
PtS2,Rb,37,5,adsorbate,4,ads2,1,ads2,1,1,1,0.0
PtS2,Re,75,6,adsorbate,3,ads1,1,ads1,1,1,1,0.0
PtS2,Re,75,6,interstitial,2,int2,1,int2,1,0,,0.0
PtS2,Rh,45,5,adsorbate,4,ads1,1,int2,0,1,1,0.3252354100000048
PtS2,Ru,44,5,adsorbate,4,ads1,1,ads1,1,1,1,0.0
PtS2,Sb,51,5,adsorbate,4,ads0,1,ads0,1,1,1,0.0
PtS2,Sc,21,4,adsorbate,4,int2,1,int2,1,1,1,0.0
PtS2,Se,34,4,adsorbate,3,ads0,1,ads0,1,1,1,0.0
PtS2,Si,14,3,adsorbate,3,ads1,1,ads1,1,1,1,0.0
PtS2,Si,14,3,interstitial,2,int2,1,int2,1,0,,0.0
PtS2,Sn,50,5,adsorbate,3,ads1,1,ads1,1,1,1,0.0
PtS2,Sr,38,5,adsorbate,4,ads2,1,int2,0,1,1,0.03654904999999069
PtS2,Ta,73,6,adsorbate,2,ads1,1,ads1,1,0,,0.0
PtS2,Tc,43,5,adsorbate,3,ads1,1,ads1,1,1,1,0.0
PtS2,Te,52,5,adsorbate,3,ads0,1,ads0,1,1,1,0.0
PtS2,Te,52,5,interstitial,2,int2,1,int2,1,0,,0.0
PtS2,Ti,22,4,adsorbate,3,ads2,1,ads2,1,1,1,0.0
PtS2,Ti,22,4,interstitial,2,int2,1,int2,1,0,,0.0
PtS2,Tl,81,6,adsorbate,2,ads2,1,ads2,1,0,,0.0
PtS2,V,23,4,adsorbate,4,int2,1,int2,1,1,1,0.0
PtS2,W,74,6,adsorbate,3,ads2,1,ads2,1,1,1,0.0
PtS2,Xe,54,5,adsorbate,3,ads1,1,ads1,1,1,1,0.0
PtS2,Y,39,5,adsorbate,4,int2,1,int2,1,1,1,0.0
PtS2,Zr,40,5,adsorbate,4,int2,1,int2,1,1,1,0.0
PtSe2,Ag,47,5,adsorbate,3,ads2,1,ads2,1,1,1,0.0
PtSe2,Al,13,3,adsorbate,3,ads2,1,ads1,0,1,1,0.019695490000003257
PtSe2,Al,13,3,interstitial,2,int1,1,int1,1,0,,0.0
PtSe2,As,33,4,adsorbate,3,ads2,1,ads1,0,1,0,0.057425660000006484
PtSe2,Au,79,6,adsorbate,3,ads2,1,ads1,0,1,1,0.040304700000008076
PtSe2,B,5,2,adsorbate,2,ads1,1,ads1,1,0,,0.0
PtSe2,B,5,2,interstitial,3,int0,1,int1,0,1,0,0.0571075599999924
PtSe2,Ba,56,6,adsorbate,4,int1,1,int1,1,1,1,0.0
PtSe2,Be,4,2,adsorbate,2,ads1,1,ads1,1,0,,0.0
PtSe2,Be,4,2,interstitial,3,int1,1,ads2,0,1,1,0.00019804999999450956
PtSe2,Br,35,4,adsorbate,3,ads0,1,ads2,0,1,1,0.007218510000001177
PtSe2,C,6,2,adsorbate,2,ads1,1,ads1,1,0,,0.0
PtSe2,C,6,2,interstitial,3,int1,1,int0,0,1,1,0.3054982099999961
PtSe2,Ca,20,4,adsorbate,4,int1,1,ads2,0,1,1,0.026045520000025135
PtSe2,Cd,48,5,adsorbate,4,ads1,1,ads0,0,1,1,2.337942100000006
PtSe2,Cl,17,3,adsorbate,3,ads0,1,ads0,1,1,1,0.0
PtSe2,Co,27,4,adsorbate,3,ads2,1,ads2,1,1,1,0.0
PtSe2,Co,27,4,interstitial,2,int1,1,int1,1,0,,0.0
PtSe2,Cr,24,4,adsorbate,3,ads2,1,ads2,1,1,1,0.0
PtSe2,Cr,24,4,interstitial,2,int1,1,int1,1,0,,0.0
PtSe2,Cs,55,6,adsorbate,4,int1,1,int1,1,1,1,0.0
PtSe2,Cu,29,4,adsorbate,3,ads2,1,ads2,1,1,1,0.0
PtSe2,F,9,2,adsorbate,4,ads2,1,ads0,0,1,0,0.042789290000001756
PtSe2,Fe,26,4,adsorbate,2,ads1,1,ads1,1,0,,0.0
PtSe2,Fe,26,4,interstitial,2,int1,1,int1,1,0,,0.0
PtSe2,Ge,32,4,adsorbate,3,ads1,1,ads1,1,1,1,0.0
PtSe2,H,1,1,adsorbate,4,ads0,1,ads0,1,1,1,0.0
PtSe2,Hf,72,6,adsorbate,2,ads1,1,ads1,1,0,,0.0
PtSe2,Hf,72,6,interstitial,2,int0,1,int1,0,0,,0.2922803400000187
PtSe2,Hg,80,6,adsorbate,3,ads2,1,ads0,0,1,1,0.010449749999992292
PtSe2,I,53,5,adsorbate,3,ads0,1,ads1,0,1,1,0.18823229000000197
PtSe2,I,53,5,interstitial,2,int1,1,int1,1,0,,0.0
PtSe2,Ir,77,6,adsorbate,2,ads2,1,ads1,0,0,,0.09460666000000995
PtSe2,K,19,4,adsorbate,4,ads2,1,ads2,1,1,1,0.0
PtSe2,Li,3,2,adsorbate,4,ads2,1,ads1,0,1,1,0.0846858699999869
PtSe2,Lu,71,6,adsorbate,4,int1,1,int1,1,1,1,0.0
PtSe2,Mg,12,3,adsorbate,4,ads2,1,ads2,1,1,1,0.0
PtSe2,Mn,25,4,adsorbate,3,ads2,1,ads2,1,1,1,0.0
PtSe2,Mo,42,5,adsorbate,3,ads2,1,ads2,1,1,1,0.0
PtSe2,N,7,2,adsorbate,3,ads0,1,ads0,1,1,1,0.0
PtSe2,N,7,2,interstitial,2,int1,1,int0,0,0,,0.5273607099999831
PtSe2,Nb,41,5,adsorbate,3,ads2,1,ads2,1,1,1,0.0
PtSe2,Ni,28,4,adsorbate,2,ads1,1,ads1,1,0,,0.0
PtSe2,Ni,28,4,interstitial,2,int1,1,int1,1,0,,0.0
PtSe2,O,8,2,adsorbate,3,ads0,1,ads0,1,1,1,0.0
PtSe2,Os,76,6,adsorbate,3,ads2,1,ads2,1,1,1,0.0
PtSe2,P,15,3,adsorbate,3,ads1,1,ads0,0,1,1,0.09369093999998768
PtSe2,P,15,3,interstitial,2,int1,1,int1,1,0,,0.0
PtSe2,Pb,82,6,adsorbate,3,ads1,1,ads1,1,1,1,0.0
PtSe2,Pd,46,5,adsorbate,4,ads1,1,ads2,0,1,1,0.051184930000005124
PtSe2,Rb,37,5,adsorbate,4,int1,1,int1,1,1,1,0.0
PtSe2,Re,75,6,adsorbate,3,ads1,1,ads2,0,1,1,0.07190043999997808
PtSe2,Rh,45,5,adsorbate,4,int1,1,int1,1,1,1,0.0
PtSe2,Ru,44,5,adsorbate,2,ads2,1,ads2,1,0,,0.0
PtSe2,S,16,3,adsorbate,3,ads0,1,ads0,1,1,1,0.0
PtSe2,S,16,3,interstitial,2,int0,1,int0,1,0,,0.0
PtSe2,Sb,51,5,adsorbate,4,ads2,1,ads2,1,1,1,0.0
PtSe2,Sc,21,4,adsorbate,2,ads2,1,ads2,1,0,,0.0
PtSe2,Si,14,3,adsorbate,3,ads1,1,ads2,0,1,1,0.34188715999999975
PtSe2,Si,14,3,interstitial,2,int1,1,int1,1,0,,0.0
PtSe2,Sn,50,5,adsorbate,4,ads2,1,ads2,1,1,1,0.0
PtSe2,Sr,38,5,adsorbate,4,ads2,1,ads2,1,1,1,0.0
PtSe2,Ta,73,6,adsorbate,2,ads1,1,ads1,1,0,,0.0
PtSe2,Tc,43,5,adsorbate,3,ads2,1,ads2,1,1,1,0.0
PtSe2,Te,52,5,adsorbate,3,ads0,1,ads0,1,1,1,0.0
PtSe2,Ti,22,4,adsorbate,3,ads2,1,ads2,1,1,1,0.0
PtSe2,Tl,81,6,adsorbate,2,ads1,1,ads1,1,0,,0.0
PtSe2,V,23,4,adsorbate,3,ads2,1,ads2,1,1,1,0.0
PtSe2,V,23,4,interstitial,2,int1,1,int1,1,0,,0.0
PtSe2,W,74,6,adsorbate,3,ads2,1,ads2,1,1,1,0.0
PtSe2,W,74,6,interstitial,2,int1,1,int1,1,0,,0.0
PtSe2,Xe,54,5,adsorbate,3,ads2,1,ads2,1,1,1,0.0
PtSe2,Y,39,5,adsorbate,4,int1,1,int1,1,1,1,0.0
PtSe2,Zn,30,4,adsorbate,3,ads2,1,ads0,0,1,0,0.045383909999998195
PtSe2,Zr,40,5,adsorbate,3,ads2,1,ads2,1,1,1,0.0
PtSe2,Zr,40,5,interstitial,2,int1,1,int1,1,0,,0.0
Re4S8,Ag,47,5,adsorbate,3,ads2,1,ads2,1,1,1,0.0
Re4S8,Al,13,3,adsorbate,3,ads2,1,ads2,1,1,1,0.0
Re4S8,Al,13,3,interstitial,2,int0,1,int2,0,0,,0.2757196400000339
Re4S8,As,33,4,adsorbate,3,ads1,1,ads1,1,1,1,0.0
Re4S8,Au,79,6,adsorbate,3,ads1,1,ads1,1,1,1,0.0
Re4S8,B,5,2,adsorbate,3,ads2,1,ads1,0,1,1,0.1834463600000058
Re4S8,B,5,2,interstitial,2,int0,1,int0,1,0,,0.0
Re4S8,Ba,56,6,adsorbate,2,ads1,1,ads1,1,0,,0.0
Re4S8,Be,4,2,adsorbate,3,ads2,1,ads2,1,1,1,0.0
Re4S8,Be,4,2,interstitial,3,int2,1,int2,1,1,1,0.0
Re4S8,Bi,83,6,adsorbate,3,ads1,1,ads1,1,1,1,0.0
Re4S8,Br,35,4,adsorbate,3,ads1,1,ads0,0,1,1,0.26878383999996913
Re4S8,C,6,2,adsorbate,3,ads1,1,ads1,1,1,1,0.0
Re4S8,Ca,20,4,adsorbate,3,ads2,1,ads2,1,1,1,0.0
Re4S8,Cd,48,5,adsorbate,3,ads2,1,ads0,0,1,1,0.041214949999982764
Re4S8,Cl,17,3,adsorbate,4,ads1,1,ads1,1,1,1,0.0
Re4S8,Co,27,4,adsorbate,3,ads2,1,ads2,1,1,1,0.0
Re4S8,Co,27,4,interstitial,2,int2,1,int0,0,0,,0.8418952300000342
Re4S8,Cr,24,4,adsorbate,3,ads2,1,ads2,1,1,1,0.0
Re4S8,Cr,24,4,interstitial,2,int2,1,int2,1,0,,0.0
Re4S8,Cs,55,6,adsorbate,3,ads2,1,ads2,1,1,1,0.0
Re4S8,Cu,29,4,adsorbate,3,ads2,1,ads2,1,1,1,0.0
Re4S8,Cu,29,4,interstitial,2,int2,1,int2,1,0,,0.0
Re4S8,F,9,2,adsorbate,5,ads1,1,ads1,1,1,1,0.0
Re4S8,Fe,26,4,adsorbate,3,ads2,1,ads2,1,1,1,0.0
Re4S8,Ga,31,4,adsorbate,4,ads2,1,ads2,1,1,1,0.0
Re4S8,Ge,32,4,adsorbate,4,ads1,1,ads2,0,1,1,0.008169790000010835
Re4S8,H,1,1,adsorbate,3,ads1,1,ads1,1,1,1,0.0
Re4S8,H,1,1,interstitial,3,int0,1,int0,1,1,1,0.0
Re4S8,Hf,72,6,adsorbate,2,ads1,1,ads1,1,0,,0.0
Re4S8,Hg,80,6,adsorbate,3,ads2,1,ads1,0,1,1,0.005829399999981916
Re4S8,I,53,5,adsorbate,3,ads1,1,ads1,1,1,1,0.0
Re4S8,In,49,5,adsorbate,3,ads2,1,ads2,1,1,1,0.0
Re4S8,Ir,77,6,adsorbate,3,ads2,1,ads2,1,1,1,0.0
Re4S8,K,19,4,adsorbate,3,ads2,1,ads2,1,1,1,0.0
Re4S8,Li,3,2,adsorbate,3,ads2,1,ads2,1,1,1,0.0
Re4S8,Lu,71,6,adsorbate,2,ads1,1,ads1,1,0,,0.0
Re4S8,Mg,12,3,adsorbate,4,ads2,1,ads2,1,1,1,0.0
Re4S8,Mn,25,4,adsorbate,3,ads2,1,ads2,1,1,1,0.0
Re4S8,Mo,42,5,adsorbate,3,ads2,1,ads2,1,1,1,0.0
Re4S8,N,7,2,adsorbate,2,ads1,1,ads1,1,0,,0.0
Re4S8,N,7,2,interstitial,2,int0,1,int0,1,0,,0.0
Re4S8,Na,11,3,adsorbate,3,ads2,1,ads2,1,1,1,0.0
Re4S8,Nb,41,5,adsorbate,3,ads2,1,ads2,1,1,1,0.0
Re4S8,Ni,28,4,adsorbate,2,ads2,1,ads2,1,0,,0.0
Re4S8,Ni,28,4,interstitial,2,int2,1,int2,1,0,,0.0
Re4S8,O,8,2,adsorbate,3,ads1,1,ads1,1,1,1,0.0
Re4S8,Os,76,6,adsorbate,3,ads2,1,ads2,1,1,1,0.0
Re4S8,P,15,3,adsorbate,3,ads1,1,ads1,1,1,1,0.0
Re4S8,Pb,82,6,adsorbate,3,ads2,1,ads2,1,1,1,0.0
Re4S8,Pd,46,5,adsorbate,4,ads2,1,ads2,1,1,1,0.0
Re4S8,Pt,78,6,adsorbate,4,ads1,1,int2,0,1,0,0.13512284999995927
Re4S8,Rb,37,5,adsorbate,3,ads2,1,ads2,1,1,1,0.0
Re4S8,Rh,45,5,adsorbate,3,ads2,1,ads2,1,1,1,0.0
Re4S8,Ru,44,5,adsorbate,3,ads0,1,ads2,0,1,1,1.4754952100000196
Re4S8,Sb,51,5,adsorbate,3,ads1,1,ads1,1,1,1,0.0
Re4S8,Sc,21,4,adsorbate,2,ads1,1,ads1,1,0,,0.0
Re4S8,Sc,21,4,interstitial,2,int2,1,int2,1,0,,0.0
Re4S8,Se,34,4,adsorbate,3,ads1,1,ads1,1,1,1,0.0
Re4S8,Si,14,3,adsorbate,3,ads2,1,ads2,1,1,1,0.0
Re4S8,Sn,50,5,adsorbate,3,ads2,1,ads2,1,1,1,0.0
Re4S8,Sr,38,5,adsorbate,3,ads2,1,ads2,1,1,1,0.0
Re4S8,Ta,73,6,adsorbate,3,ads2,1,ads2,1,1,1,0.0
Re4S8,Tc,43,5,adsorbate,3,ads2,1,ads2,1,1,1,0.0
Re4S8,Te,52,5,adsorbate,3,ads1,1,ads1,1,1,1,0.0
Re4S8,Ti,22,4,adsorbate,3,ads2,1,ads2,1,1,1,0.0
Re4S8,Tl,81,6,adsorbate,3,ads2,1,ads2,1,1,1,0.0
Re4S8,V,23,4,adsorbate,3,ads2,1,ads2,1,1,1,0.0
Re4S8,W,74,6,adsorbate,3,ads2,1,ads2,1,1,1,0.0
Re4S8,Xe,54,5,adsorbate,3,ads0,1,ads2,0,1,0,0.0019315899999697017
Re4S8,Y,39,5,adsorbate,3,ads2,1,ads2,1,1,1,0.0
Re4S8,Zn,30,4,adsorbate,3,ads2,1,ads0,0,1,0,0.037377829999968526
Re4S8,Zr,40,5,adsorbate,2,ads1,1,ads1,1,0,,0.0
Re4Se8,Ag,47,5,adsorbate,3,ads2,1,ads2,1,1,1,0.0
Re4Se8,Al,13,3,adsorbate,3,ads2,1,ads2,1,1,1,0.0
Re4Se8,Al,13,3,interstitial,2,int0,1,int0,1,0,,0.0
Re4Se8,As,33,4,adsorbate,4,ads1,1,ads1,1,1,1,0.0
Re4Se8,Au,79,6,adsorbate,3,ads1,1,ads2,0,1,1,0.00689948999996659
Re4Se8,B,5,2,adsorbate,3,ads2,1,ads2,1,1,1,0.0
Re4Se8,B,5,2,interstitial,3,int1,1,int1,1,1,1,0.0
Re4Se8,Ba,56,6,adsorbate,3,ads2,1,ads2,1,1,1,0.0
Re4Se8,Be,4,2,adsorbate,3,ads2,1,ads2,1,1,1,0.0
Re4Se8,Be,4,2,interstitial,3,int1,1,int0,0,1,1,0.39482651999998075
Re4Se8,Bi,83,6,adsorbate,3,ads2,1,ads1,0,1,1,0.003152799999952105
Re4Se8,Br,35,4,adsorbate,3,ads1,1,ads2,0,1,1,0.21152710999996316
Re4Se8,C,6,2,adsorbate,3,ads1,1,ads1,1,1,1,0.0
Re4Se8,C,6,2,interstitial,2,int0,1,int0,1,0,,0.0
Re4Se8,Ca,20,4,adsorbate,4,ads2,1,ads2,1,1,1,0.0
Re4Se8,Cd,48,5,adsorbate,3,ads2,1,ads0,0,1,1,0.035974099999975806
Re4Se8,Cl,17,3,adsorbate,4,ads1,1,ads1,1,1,1,0.0
Re4Se8,Cl,17,3,interstitial,2,int2,1,int2,1,0,,0.0
Re4Se8,Co,27,4,adsorbate,3,ads2,1,ads2,1,1,1,0.0
Re4Se8,Co,27,4,interstitial,3,int2,1,int0,0,1,1,0.07129616999998234
Re4Se8,Cr,24,4,adsorbate,3,ads2,1,ads2,1,1,1,0.0
Re4Se8,Cr,24,4,interstitial,2,int0,1,int0,1,0,,0.0
Re4Se8,Cs,55,6,adsorbate,3,ads2,1,ads2,1,1,1,0.0
Re4Se8,Cu,29,4,adsorbate,4,ads2,1,ads2,1,1,1,0.0
Re4Se8,F,9,2,adsorbate,3,ads1,1,ads1,1,1,1,0.0
Re4Se8,F,9,2,interstitial,2,int1,1,int1,1,0,,0.0
Re4Se8,Fe,26,4,adsorbate,3,ads2,1,ads2,1,1,1,0.0
Re4Se8,Ga,31,4,adsorbate,3,ads2,1,ads2,1,1,1,0.0
Re4Se8,Ge,32,4,adsorbate,3,ads1,1,ads1,1,1,1,0.0
Re4Se8,H,1,1,adsorbate,3,ads1,1,ads1,1,1,1,0.0
Re4Se8,H,1,1,interstitial,3,int0,1,int0,1,1,1,0.0
Re4Se8,Hf,72,6,adsorbate,3,ads2,1,ads2,1,1,1,0.0
Re4Se8,Hg,80,6,adsorbate,3,ads2,1,ads2,1,1,1,0.0
Re4Se8,I,53,5,adsorbate,3,ads1,1,ads1,1,1,1,0.0
Re4Se8,In,49,5,adsorbate,3,ads2,1,ads2,1,1,1,0.0
Re4Se8,Ir,77,6,adsorbate,3,ads2,1,ads2,1,1,1,0.0
Re4Se8,K,19,4,adsorbate,3,ads2,1,ads2,1,1,1,0.0
Re4Se8,Li,3,2,adsorbate,4,ads2,1,int2,0,1,1,0.0354457500000081
Re4Se8,Lu,71,6,adsorbate,3,ads2,1,ads2,1,1,1,0.0
Re4Se8,Lu,71,6,interstitial,2,int2,1,int2,1,0,,0.0
Re4Se8,Mg,12,3,adsorbate,3,ads2,1,ads0,0,1,1,0.30117964999999436
Re4Se8,Mn,25,4,adsorbate,3,ads2,1,ads2,1,1,1,0.0
Re4Se8,Mn,25,4,interstitial,2,int0,1,int0,1,0,,0.0
Re4Se8,Mo,42,5,adsorbate,3,ads2,1,ads2,1,1,1,0.0
Re4Se8,N,7,2,adsorbate,3,ads1,1,ads1,1,1,1,0.0
Re4Se8,N,7,2,interstitial,2,int0,1,int0,1,0,,0.0
Re4Se8,Na,11,3,adsorbate,4,ads2,1,int2,0,1,1,0.012607150000007998
Re4Se8,Nb,41,5,adsorbate,3,ads2,1,ads2,1,1,1,0.0
Re4Se8,Ni,28,4,adsorbate,3,ads2,1,ads2,1,1,1,0.0
Re4Se8,Ni,28,4,interstitial,2,int0,1,int2,0,0,,0.17433166000000755
Re4Se8,O,8,2,adsorbate,4,ads1,1,ads1,1,1,1,0.0
Re4Se8,Os,76,6,adsorbate,3,ads2,1,ads2,1,1,1,0.0
Re4Se8,Os,76,6,interstitial,2,int2,1,int2,1,0,,0.0
Re4Se8,P,15,3,adsorbate,3,ads1,1,ads1,1,1,1,0.0
Re4Se8,Pb,82,6,adsorbate,3,ads1,1,ads2,0,1,1,0.021502679999969576
Re4Se8,Pd,46,5,adsorbate,3,ads2,1,ads2,1,1,1,0.0
Re4Se8,Pt,78,6,adsorbate,3,ads1,1,ads1,1,1,1,0.0
Re4Se8,Rb,37,5,adsorbate,3,ads2,1,ads2,1,1,1,0.0
Re4Se8,Rh,45,5,adsorbate,3,ads2,1,ads2,1,1,1,0.0
Re4Se8,Ru,44,5,adsorbate,3,ads2,1,ads2,1,1,1,0.0
Re4Se8,S,16,3,adsorbate,3,ads1,1,ads1,1,1,1,0.0
Re4Se8,Sb,51,5,adsorbate,3,ads1,1,ads1,1,1,1,0.0
Re4Se8,Sc,21,4,adsorbate,3,ads2,1,ads2,1,1,1,0.0
Re4Se8,Sc,21,4,interstitial,2,int0,1,int0,1,0,,0.0
Re4Se8,Si,14,3,adsorbate,3,ads1,1,ads1,1,1,1,0.0
Re4Se8,Si,14,3,interstitial,2,int0,1,int0,1,0,,0.0
Re4Se8,Sn,50,5,adsorbate,3,ads1,1,ads2,0,1,1,0.05569973000001527
Re4Se8,Sr,38,5,adsorbate,3,ads2,1,ads2,1,1,1,0.0
Re4Se8,Ta,73,6,adsorbate,2,ads0,1,ads1,0,0,,1.0632945099999933
Re4Se8,Tc,43,5,adsorbate,3,ads2,1,ads2,1,1,1,0.0
Re4Se8,Te,52,5,adsorbate,3,ads1,1,ads1,1,1,1,0.0
Re4Se8,Ti,22,4,adsorbate,3,ads2,1,ads2,1,1,1,0.0
Re4Se8,Ti,22,4,interstitial,3,int0,1,int0,1,1,1,0.0
Re4Se8,Tl,81,6,adsorbate,3,ads2,1,ads2,1,1,1,0.0
Re4Se8,V,23,4,adsorbate,3,ads2,1,ads2,1,1,1,0.0
Re4Se8,V,23,4,interstitial,2,int0,1,int0,1,0,,0.0
Re4Se8,W,74,6,adsorbate,3,ads2,1,ads2,1,1,1,0.0
Re4Se8,Xe,54,5,adsorbate,3,ads1,1,ads0,0,1,0,0.0141446199999678
Re4Se8,Y,39,5,adsorbate,3,ads2,1,ads2,1,1,1,0.0
Re4Se8,Zn,30,4,adsorbate,3,ads2,1,ads0,0,1,0,0.030038410000031712
Re4Se8,Zr,40,5,adsorbate,3,ads2,1,ads2,1,1,1,0.0
Si2,Ag,47,5,adsorbate,3,ads2,1,ads1,0,1,1,0.21540577999999755
Si2,Al,13,3,adsorbate,3,ads2,1,ads2,1,1,1,0.0
Si2,As,33,4,adsorbate,3,ads2,1,ads1,0,1,1,0.13269434000000047
Si2,Au,79,6,adsorbate,3,ads0,1,ads1,0,1,0,0.014423180000008529
Si2,B,5,2,adsorbate,3,ads1,1,ads1,1,1,1,0.0
Si2,B,5,2,interstitial,2,int1,1,int0,0,0,,2.5192492400000077
Si2,Ba,56,6,adsorbate,3,ads2,1,ads2,1,1,1,0.0
Si2,Be,4,2,adsorbate,2,ads1,1,ads1,1,0,,0.0
Si2,Be,4,2,interstitial,2,int1,1,ads2,0,0,,0.003870620000000713
Si2,Br,35,4,adsorbate,3,ads0,1,ads0,1,1,1,0.0
Si2,C,6,2,adsorbate,2,ads1,1,ads1,1,0,,0.0
Si2,C,6,2,interstitial,2,int1,1,ads2,0,0,,0.008497280000000274
Si2,Ca,20,4,adsorbate,3,ads2,1,ads2,1,1,1,0.0
Si2,Cd,48,5,adsorbate,3,ads1,1,ads1,1,1,1,0.0
Si2,Cl,17,3,adsorbate,3,ads0,1,ads0,1,1,1,0.0
Si2,Co,27,4,adsorbate,3,ads2,1,ads2,1,1,1,0.0
Si2,Cr,24,4,adsorbate,3,ads2,1,ads2,1,1,1,0.0
Si2,Cs,55,6,adsorbate,3,ads2,1,ads2,1,1,1,0.0
Si2,Cu,29,4,adsorbate,3,ads2,1,ads1,0,1,1,0.5567335499999899
Si2,F,9,2,adsorbate,2,ads0,1,ads1,0,0,,1.2255165699999964
Si2,F,9,2,interstitial,3,int1,1,int0,0,1,0,0.49669286000001023
Si2,Fe,26,4,adsorbate,3,ads2,1,ads2,1,1,1,0.0
Si2,Ge,32,4,adsorbate,3,ads2,1,ads2,1,1,1,0.0
Si2,H,1,1,adsorbate,2,ads0,1,ads0,1,0,,0.0
Si2,H,1,1,interstitial,3,int0,1,int0,1,1,1,0.0
Si2,Hf,72,6,adsorbate,2,ads2,1,ads2,1,0,,0.0
Si2,Hg,80,6,adsorbate,3,ads0,1,ads1,0,1,0,0.033660140000009095
Si2,I,53,5,adsorbate,3,ads0,1,ads0,1,1,1,0.0
Si2,Ir,77,6,adsorbate,2,ads2,1,ads2,1,0,,0.0
Si2,K,19,4,adsorbate,3,ads2,1,ads2,1,1,1,0.0
Si2,Li,3,2,adsorbate,3,ads2,1,ads2,1,1,1,0.0
Si2,Lu,71,6,adsorbate,3,ads2,1,ads2,1,1,1,0.0
Si2,Mg,12,3,adsorbate,3,ads1,1,ads2,0,1,1,0.09187428000001319
Si2,Mn,25,4,adsorbate,3,ads2,1,ads2,1,1,1,0.0
Si2,Mo,42,5,adsorbate,3,ads2,1,ads2,1,1,1,0.0
Si2,N,7,2,adsorbate,2,ads1,1,ads1,1,0,,0.0
Si2,N,7,2,interstitial,3,int1,1,int0,0,1,1,0.7766574200000065
Si2,Na,11,3,adsorbate,3,ads2,1,ads2,1,1,1,0.0
Si2,Nb,41,5,adsorbate,2,ads2,1,ads2,1,0,,0.0
Si2,Ni,28,4,adsorbate,2,ads2,1,ads2,1,0,,0.0
Si2,O,8,2,adsorbate,2,ads1,1,ads1,1,0,,0.0
Si2,O,8,2,interstitial,3,int1,1,int0,0,1,0,0.9524628199999939
Si2,Os,76,6,adsorbate,3,ads2,1,ads2,1,1,1,0.0
Si2,P,15,3,adsorbate,2,ads1,1,ads1,1,0,,0.0
Si2,P,15,3,interstitial,2,int1,1,ads2,0,0,,0.04335872999999513
Si2,Pb,82,6,adsorbate,2,ads1,1,ads1,1,0,,0.0
Si2,Pd,46,5,adsorbate,2,ads2,1,ads2,1,0,,0.0
Si2,Pt,78,6,adsorbate,3,ads2,1,ads2,1,1,1,0.0
Si2,Rb,37,5,adsorbate,3,ads2,1,ads2,1,1,1,0.0
Si2,Re,75,6,adsorbate,3,ads2,1,ads2,1,1,1,0.0
Si2,Ru,44,5,adsorbate,2,ads2,1,ads2,1,0,,0.0
Si2,S,16,3,adsorbate,3,ads2,1,ads1,0,1,1,0.06347531999999445
Si2,Sb,51,5,adsorbate,3,ads2,1,ads2,1,1,1,0.0
Si2,Sc,21,4,adsorbate,3,ads2,1,ads2,1,1,1,0.0
Si2,Se,34,4,adsorbate,3,ads1,1,ads2,0,1,1,0.05124295000000245
Si2,Sn,50,5,adsorbate,2,ads1,1,ads1,1,0,,0.0
Si2,Sr,38,5,adsorbate,3,ads2,1,ads1,0,1,1,0.4118356699999878
Si2,Ta,73,6,adsorbate,3,ads2,1,ads2,1,1,1,0.0
Si2,Tc,43,5,adsorbate,2,ads1,1,ads1,1,0,,0.0
Si2,Te,52,5,adsorbate,3,ads1,1,ads1,1,1,1,0.0
Si2,Ti,22,4,adsorbate,3,ads2,1,ads2,1,1,1,0.0
Si2,Tl,81,6,adsorbate,2,ads2,1,ads2,1,0,,0.0
Si2,V,23,4,adsorbate,3,ads2,1,ads2,1,1,1,0.0
Si2,W,74,6,adsorbate,2,ads1,1,ads1,1,0,,0.0
Si2,Xe,54,5,adsorbate,3,ads2,1,ads0,0,1,1,0.06930402000000399
Si2,Y,39,5,adsorbate,2,ads2,1,ads2,1,0,,0.0
Si2,Zn,30,4,adsorbate,3,ads1,1,ads1,1,1,1,0.0
Si2,Zr,40,5,adsorbate,3,ads2,1,ads2,1,1,1,0.0
Sn2,Ag,47,5,adsorbate,2,ads2,1,ads2,1,0,,0.0
Sn2,Al,13,3,interstitial,2,ads2,1,ads2,1,0,,0.0
Sn2,As,33,4,adsorbate,3,ads2,1,ads1,0,1,1,0.5178987700000022
Sn2,Au,79,6,adsorbate,3,ads1,1,ads2,0,1,1,0.15240430999999433
Sn2,B,5,2,interstitial,4,ads1,1,int1,0,1,0,1.0716735800000026
Sn2,Ba,56,6,adsorbate,3,ads2,1,ads2,1,1,1,0.0
Sn2,Be,4,2,adsorbate,2,ads1,1,ads1,1,0,,0.0
Sn2,Be,4,2,interstitial,3,int0,1,ads2,0,1,0,0.1662718099999978
Sn2,Bi,83,6,adsorbate,2,ads2,1,ads2,1,0,,0.0
Sn2,Br,35,4,adsorbate,2,ads0,1,ads0,1,0,,0.0
Sn2,C,6,2,interstitial,3,ads1,1,ads2,0,1,0,0.34595973999999696
Sn2,Ca,20,4,adsorbate,3,ads2,1,ads2,1,1,1,0.0
Sn2,Cd,48,5,adsorbate,3,ads2,1,ads1,0,1,0,0.27805902000000066
Sn2,Cl,17,3,adsorbate,2,ads0,1,ads0,1,0,,0.0
Sn2,Co,27,4,adsorbate,2,ads1,1,ads1,1,0,,0.0
Sn2,Cr,24,4,adsorbate,2,ads1,1,ads1,1,0,,0.0
Sn2,Cs,55,6,adsorbate,3,ads2,1,ads2,1,1,1,0.0
Sn2,F,9,2,adsorbate,2,ads1,1,ads1,1,0,,0.0
Sn2,F,9,2,interstitial,2,ads2,1,ads2,1,0,,0.0
Sn2,Ga,31,4,adsorbate,3,ads1,1,ads1,1,1,1,0.0
Sn2,Ge,32,4,adsorbate,3,ads1,1,ads2,0,1,1,0.009643109999999011
Sn2,Hf,72,6,adsorbate,2,ads1,1,ads1,1,0,,0.0
Sn2,Hg,80,6,adsorbate,3,ads2,1,ads1,0,1,1,0.19371057000000041
Sn2,I,53,5,adsorbate,3,ads0,1,ads1,0,1,1,0.21796051999999833
Sn2,K,19,4,adsorbate,3,ads2,1,ads1,0,1,1,0.14467901999999822
Sn2,Li,3,2,adsorbate,3,ads2,1,ads1,0,1,0,0.12049329999999964
Sn2,Lu,71,6,adsorbate,2,ads2,1,ads2,1,0,,0.0
Sn2,Mg,12,3,adsorbate,3,ads2,1,ads2,1,1,1,0.0
Sn2,Mn,25,4,adsorbate,2,ads1,1,ads1,1,0,,0.0
Sn2,Mn,25,4,interstitial,2,ads2,1,ads2,1,0,,0.0
Sn2,Mo,42,5,adsorbate,2,ads1,1,ads1,1,0,,0.0
Sn2,Na,11,3,adsorbate,3,ads2,1,ads2,1,1,1,0.0
Sn2,Ni,28,4,adsorbate,2,ads1,1,ads1,1,0,,0.0
Sn2,Ni,28,4,interstitial,2,int1,1,ads2,0,0,,0.8619059899999968
Sn2,O,8,2,interstitial,3,ads1,1,ads1,1,1,1,0.0
Sn2,P,15,3,adsorbate,2,ads1,1,ads1,1,0,,0.0
Sn2,P,15,3,interstitial,2,ads2,1,ads2,1,0,,0.0
Sn2,Pd,46,5,adsorbate,2,ads1,1,ads1,1,0,,0.0
Sn2,Pt,78,6,adsorbate,2,ads1,1,ads1,1,0,,0.0
Sn2,Pt,78,6,interstitial,2,ads2,1,ads2,1,0,,0.0
Sn2,Rb,37,5,adsorbate,3,ads2,1,ads2,1,1,1,0.0
Sn2,Re,75,6,adsorbate,2,ads1,1,ads1,1,0,,0.0
Sn2,Rh,45,5,interstitial,2,ads2,1,ads2,1,0,,0.0
Sn2,Ru,44,5,adsorbate,2,ads1,1,ads1,1,0,,0.0
Sn2,S,16,3,adsorbate,3,ads1,1,ads2,0,1,1,0.06488428000000113
Sn2,Sb,51,5,adsorbate,3,ads2,1,ads2,1,1,1,0.0
Sn2,Sc,21,4,adsorbate,2,ads1,1,ads1,1,0,,0.0
Sn2,Sc,21,4,interstitial,2,ads2,1,ads2,1,0,,0.0
Sn2,Se,34,4,adsorbate,3,ads1,1,ads1,1,1,1,0.0
Sn2,Si,14,3,adsorbate,2,ads1,1,ads1,1,0,,0.0
Sn2,Si,14,3,interstitial,2,int1,1,ads2,0,0,,0.030164849999998578
Sn2,Sr,38,5,adsorbate,3,ads2,1,ads2,1,1,1,0.0
Sn2,Te,52,5,adsorbate,3,ads1,1,ads1,1,1,1,0.0
Sn2,Ti,22,4,adsorbate,2,ads1,1,ads1,1,0,,0.0
Sn2,Ti,22,4,interstitial,2,int1,1,ads2,0,0,,0.02439453000000924
Sn2,Tl,81,6,adsorbate,2,ads1,1,ads1,1,0,,0.0
Sn2,V,23,4,adsorbate,2,ads1,1,ads1,1,0,,0.0
Sn2,W,74,6,adsorbate,2,ads1,1,ads1,1,0,,0.0
Sn2,Xe,54,5,adsorbate,3,ads1,1,ads0,0,1,0,1.2207578400000045
Sn2,Y,39,5,adsorbate,2,ads2,1,ads2,1,0,,0.0
Sn2,Zn,30,4,adsorbate,3,ads1,1,ads1,1,1,1,0.0
Sn2,Zr,40,5,adsorbate,2,ads1,1,ads1,1,0,,0.0
SnS2,Ag,47,5,adsorbate,3,ads2,1,ads2,1,1,1,0.0
SnS2,Al,13,3,adsorbate,3,ads2,1,ads2,1,1,1,0.0
SnS2,Al,13,3,interstitial,3,int0,1,int0,1,1,1,0.0
SnS2,As,33,4,adsorbate,3,ads2,1,ads2,1,1,1,0.0
SnS2,Au,79,6,adsorbate,3,ads2,1,ads2,1,1,1,0.0
SnS2,B,5,2,adsorbate,2,ads1,1,ads1,1,0,,0.0
SnS2,B,5,2,interstitial,2,int0,1,int0,1,0,,0.0
SnS2,Ba,56,6,adsorbate,4,int1,1,int1,1,1,1,0.0
SnS2,Ba,56,6,interstitial,2,int4,1,int4,1,0,,0.0
SnS2,Be,4,2,adsorbate,2,ads2,1,ads2,1,0,,0.0
SnS2,Br,35,4,adsorbate,3,ads0,1,ads0,1,1,1,0.0
SnS2,C,6,2,interstitial,3,int1,1,int1,1,1,1,0.0
SnS2,Ca,20,4,adsorbate,4,int1,1,int1,1,1,1,0.0
SnS2,Cd,48,5,adsorbate,3,ads0,1,ads0,1,1,1,0.0
SnS2,Cd,48,5,interstitial,2,int0,1,int0,1,0,,0.0
SnS2,Cl,17,3,adsorbate,2,ads0,1,ads0,1,0,,0.0
SnS2,Co,27,4,interstitial,2,int1,1,int1,1,0,,0.0
SnS2,Cr,24,4,adsorbate,3,ads2,1,ads2,1,1,1,0.0
SnS2,Cs,55,6,adsorbate,3,ads2,1,ads2,1,1,1,0.0
SnS2,Cs,55,6,interstitial,2,int4,1,int4,1,0,,0.0
SnS2,F,9,2,adsorbate,3,int1,1,int1,1,1,1,0.0
SnS2,F,9,2,interstitial,2,int4,1,int4,1,0,,0.0
SnS2,Fe,26,4,interstitial,2,int4,1,int4,1,0,,0.0
SnS2,Ga,31,4,adsorbate,3,ads2,1,ads2,1,1,1,0.0
SnS2,Ge,32,4,adsorbate,3,ads2,1,ads2,1,1,1,0.0
SnS2,Ge,32,4,interstitial,3,int0,1,int4,0,1,1,2.6704185499999937
SnS2,H,1,1,adsorbate,3,ads0,1,ads0,1,1,1,0.0
SnS2,H,1,1,interstitial,5,int1,1,int1,1,1,1,0.0
SnS2,Hf,72,6,adsorbate,2,ads2,1,ads2,1,0,,0.0
SnS2,Hf,72,6,interstitial,3,int1,1,int1,1,1,1,0.0
SnS2,Hg,80,6,adsorbate,2,ads1,1,ads0,0,0,,0.40813712999999996
SnS2,I,53,5,adsorbate,3,ads0,1,ads0,1,1,1,0.0
SnS2,I,53,5,interstitial,2,int1,1,int1,1,0,,0.0
SnS2,K,19,4,adsorbate,3,ads2,1,ads2,1,1,1,0.0
SnS2,Li,3,2,adsorbate,3,ads2,1,ads2,1,1,1,0.0
SnS2,Li,3,2,interstitial,3,int4,1,int4,1,1,1,0.0
SnS2,Lu,71,6,adsorbate,2,ads2,1,ads2,1,0,,0.0
SnS2,Lu,71,6,interstitial,4,int1,1,int1,1,1,1,0.0
SnS2,Mg,12,3,adsorbate,2,ads1,1,ads1,1,0,,0.0
SnS2,Mg,12,3,interstitial,2,int4,1,int4,1,0,,0.0
SnS2,Mn,25,4,adsorbate,3,ads2,1,ads2,1,1,1,0.0
SnS2,Mo,42,5,adsorbate,3,ads2,1,ads2,1,1,1,0.0
SnS2,N,7,2,interstitial,2,int1,1,int1,1,0,,0.0
SnS2,Na,11,3,interstitial,2,int0,1,int4,0,0,,0.0009089100000063688
SnS2,Ni,28,4,interstitial,3,int1,1,int1,1,1,1,0.0
SnS2,O,8,2,adsorbate,2,int1,1,ads0,0,0,,0.8765484600000093
SnS2,O,8,2,interstitial,3,ads1,1,ads1,1,1,1,0.0
SnS2,Os,76,6,adsorbate,3,ads2,1,ads2,1,1,1,0.0
SnS2,P,15,3,adsorbate,3,ads2,1,ads1,0,1,1,1.0435912599999995
SnS2,Pd,46,5,adsorbate,3,ads2,1,ads2,1,1,1,0.0
SnS2,Pt,78,6,adsorbate,2,ads2,1,ads2,1,0,,0.0
SnS2,Rb,37,5,adsorbate,3,ads2,1,ads1,0,1,1,0.10553455999999461
SnS2,Rb,37,5,interstitial,2,int0,1,int0,1,0,,0.0
SnS2,Re,75,6,adsorbate,3,ads2,1,ads2,1,1,1,0.0
SnS2,Re,75,6,interstitial,3,int1,1,int1,1,1,1,0.0
SnS2,Rh,45,5,adsorbate,2,ads2,1,ads2,1,0,,0.0
SnS2,Ru,44,5,adsorbate,3,ads2,1,ads2,1,1,1,0.0
SnS2,Ru,44,5,interstitial,2,int1,1,int1,1,0,,0.0
SnS2,Sb,51,5,adsorbate,3,ads2,1,ads2,1,1,1,0.0
SnS2,Sc,21,4,adsorbate,2,ads2,1,ads2,1,0,,0.0
SnS2,Sc,21,4,interstitial,3,int4,1,int4,1,1,1,0.0
SnS2,Se,34,4,adsorbate,3,ads1,1,ads2,0,1,1,0.6701755100000071
SnS2,Si,14,3,adsorbate,3,ads2,1,ads2,1,1,1,0.0
SnS2,Sr,38,5,adsorbate,4,int1,1,int1,1,1,1,0.0
SnS2,Ta,73,6,adsorbate,3,ads2,1,ads2,1,1,1,0.0
SnS2,Ta,73,6,interstitial,2,int4,1,int4,1,0,,0.0
SnS2,Tc,43,5,adsorbate,3,ads2,1,ads2,1,1,1,0.0
SnS2,Tc,43,5,interstitial,2,int4,1,int0,0,0,,0.25683514000000673
SnS2,Te,52,5,adsorbate,3,ads1,1,ads2,0,1,1,0.5908715799999982
SnS2,Te,52,5,interstitial,2,int0,1,int0,1,0,,0.0
SnS2,Ti,22,4,adsorbate,3,ads2,1,ads2,1,1,1,0.0
SnS2,Ti,22,4,interstitial,3,int1,1,int1,1,1,1,0.0
SnS2,Tl,81,6,adsorbate,3,ads2,1,ads2,1,1,1,0.0
SnS2,V,23,4,adsorbate,3,ads2,1,ads2,1,1,1,0.0
SnS2,W,74,6,adsorbate,3,ads2,1,ads2,1,1,1,0.0
SnS2,W,74,6,interstitial,2,int1,1,int1,1,0,,0.0
SnS2,Xe,54,5,adsorbate,3,ads1,1,ads0,0,1,1,0.4959244500000039
SnS2,Xe,54,5,interstitial,3,int1,1,int1,1,1,1,0.0
SnS2,Y,39,5,adsorbate,3,int1,1,int1,1,1,1,0.0
SnS2,Zn,30,4,adsorbate,2,ads2,1,ads2,1,0,,0.0
SnS2,Zr,40,5,adsorbate,3,ads2,1,ads2,1,1,1,0.0
SnS2,Zr,40,5,interstitial,2,int1,1,int1,1,0,,0.0
SnSe2,Ag,47,5,adsorbate,3,ads2,1,ads2,1,1,1,0.0
SnSe2,Al,13,3,adsorbate,2,ads1,1,ads1,1,0,,0.0
SnSe2,As,33,4,adsorbate,3,ads2,1,ads1,0,1,1,0.6877022599999947
SnSe2,Au,79,6,adsorbate,3,ads2,1,ads2,1,1,1,0.0
SnSe2,B,5,2,adsorbate,2,ads2,1,ads2,1,0,,0.0
SnSe2,B,5,2,interstitial,3,ads1,1,int2,0,1,0,2.171401919999994
SnSe2,Ba,56,6,adsorbate,3,ads2,1,ads2,1,1,1,0.0
SnSe2,Be,4,2,adsorbate,3,ads2,1,ads2,1,1,1,0.0
SnSe2,Br,35,4,adsorbate,3,ads2,1,ads0,0,1,1,0.16731151000000466
SnSe2,C,6,2,adsorbate,2,ads2,1,ads2,1,0,,0.0
SnSe2,C,6,2,interstitial,2,ads1,1,ads1,1,0,,0.0
SnSe2,Ca,20,4,adsorbate,3,ads2,1,ads2,1,1,1,0.0
SnSe2,Cd,48,5,adsorbate,3,ads2,1,ads0,0,1,1,0.46503834000000666
SnSe2,Cl,17,3,adsorbate,3,ads2,1,ads0,0,1,1,0.2172567200000089
SnSe2,Co,27,4,interstitial,2,int2,1,int2,1,0,,0.0
SnSe2,Cr,24,4,adsorbate,3,ads2,1,ads2,1,1,1,0.0
SnSe2,Cs,55,6,adsorbate,3,ads2,1,ads0,0,1,0,0.2691001199999903
SnSe2,F,9,2,adsorbate,4,ads1,1,ads1,1,1,1,0.0
SnSe2,Ge,32,4,adsorbate,3,ads2,1,ads2,1,1,1,0.0
SnSe2,H,1,1,adsorbate,3,ads1,1,ads0,0,1,1,0.07109591999999043
SnSe2,H,1,1,interstitial,2,int1,1,int1,1,0,,0.0
SnSe2,Hf,72,6,adsorbate,2,ads2,1,ads2,1,0,,0.0
SnSe2,Hg,80,6,adsorbate,2,ads2,1,ads1,0,0,,0.02176522999999969
SnSe2,I,53,5,adsorbate,3,ads0,1,ads2,0,1,0,0.237865329999991
SnSe2,K,19,4,adsorbate,3,ads2,1,ads2,1,1,1,0.0
SnSe2,Li,3,2,adsorbate,3,ads2,1,ads2,1,1,1,0.0
SnSe2,Lu,71,6,adsorbate,3,ads2,1,ads2,1,1,1,0.0
SnSe2,Mg,12,3,adsorbate,3,ads2,1,ads2,1,1,1,0.0
SnSe2,Mn,25,4,adsorbate,3,ads2,1,ads2,1,1,1,0.0
SnSe2,Mn,25,4,interstitial,2,int2,1,int2,1,0,,0.0
SnSe2,Mo,42,5,adsorbate,3,ads2,1,ads2,1,1,1,0.0
SnSe2,N,7,2,adsorbate,2,ads2,1,ads2,1,0,,0.0
SnSe2,N,7,2,interstitial,2,ads1,1,ads1,1,0,,0.0
SnSe2,Ni,28,4,adsorbate,3,ads2,1,ads2,1,1,1,0.0
SnSe2,O,8,2,adsorbate,2,ads0,1,ads2,0,0,,0.49229281000000924
SnSe2,O,8,2,interstitial,2,ads1,1,ads1,1,0,,0.0
SnSe2,Os,76,6,adsorbate,2,ads2,1,ads2,1,0,,0.0
SnSe2,P,15,3,adsorbate,3,ads2,1,ads2,1,1,1,0.0
SnSe2,Pd,46,5,adsorbate,3,ads2,1,ads2,1,1,1,0.0
SnSe2,Pt,78,6,adsorbate,3,ads2,1,ads2,1,1,1,0.0
SnSe2,Rb,37,5,adsorbate,3,ads2,1,ads1,0,1,1,0.07079176999999937
SnSe2,Re,75,6,adsorbate,3,ads2,1,ads2,1,1,1,0.0
SnSe2,Re,75,6,interstitial,2,int2,1,int2,1,0,,0.0
SnSe2,Rh,45,5,adsorbate,3,ads2,1,ads2,1,1,1,0.0
SnSe2,Ru,44,5,adsorbate,2,ads1,1,ads1,1,0,,0.0
SnSe2,S,16,3,adsorbate,3,ads1,1,ads1,1,1,1,0.0
SnSe2,S,16,3,interstitial,2,int0,1,int2,0,0,,1.6329862199999923
SnSe2,Sb,51,5,adsorbate,2,ads1,1,ads1,1,0,,0.0
SnSe2,Sc,21,4,adsorbate,3,ads2,1,ads2,1,1,1,0.0
SnSe2,Si,14,3,adsorbate,3,ads2,1,ads2,1,1,1,0.0
SnSe2,Sr,38,5,adsorbate,3,ads2,1,ads2,1,1,1,0.0
SnSe2,Ta,73,6,adsorbate,3,ads2,1,ads2,1,1,1,0.0
SnSe2,Tc,43,5,adsorbate,3,ads2,1,ads2,1,1,1,0.0
SnSe2,Te,52,5,adsorbate,3,ads1,1,ads2,0,1,1,0.43699250000000234
SnSe2,Ti,22,4,adsorbate,3,ads2,1,ads2,1,1,1,0.0
SnSe2,Tl,81,6,adsorbate,2,ads1,1,ads1,1,0,,0.0
SnSe2,V,23,4,adsorbate,3,ads2,1,ads2,1,1,1,0.0
SnSe2,W,74,6,adsorbate,2,ads1,1,ads1,1,0,,0.0
SnSe2,Xe,54,5,adsorbate,3,ads2,1,ads1,0,1,0,0.0007419500000055007
SnSe2,Xe,54,5,interstitial,2,int2,1,int2,1,0,,0.0
SnSe2,Y,39,5,adsorbate,3,ads2,1,ads2,1,1,1,0.0
SnSe2,Zn,30,4,adsorbate,3,ads2,1,ads2,1,1,1,0.0
SnSe2,Zr,40,5,adsorbate,3,ads2,1,ads2,1,1,1,0.0
TaS2,Ag,47,5,adsorbate,3,ads0,1,ads2,0,1,0,0.14921056999998017
TaS2,Al,13,3,adsorbate,3,ads2,1,ads2,1,1,1,0.0
TaS2,As,33,4,adsorbate,3,ads1,1,ads1,1,1,1,0.0
TaS2,As,33,4,interstitial,2,int2,1,int2,1,0,,0.0
TaS2,Au,79,6,adsorbate,3,ads1,1,ads1,1,1,1,0.0
TaS2,B,5,2,adsorbate,2,ads1,1,ads1,1,0,,0.0
TaS2,B,5,2,interstitial,3,ads2,1,ads2,1,1,1,0.0
TaS2,Ba,56,6,adsorbate,3,ads2,1,ads1,0,1,1,0.2533922300000033
TaS2,Be,4,2,adsorbate,3,ads2,1,ads2,1,1,1,0.0
TaS2,Be,4,2,interstitial,2,int2,1,int2,1,0,,0.0
TaS2,Br,35,4,adsorbate,4,ads0,1,ads0,1,1,1,0.0
TaS2,C,6,2,interstitial,5,ads1,1,int0,0,1,0,0.684552749999995
TaS2,Ca,20,4,adsorbate,3,ads2,1,ads2,1,1,1,0.0
TaS2,Cd,48,5,adsorbate,3,ads1,1,ads2,0,1,1,0.0023743999999794596
TaS2,Cl,17,3,adsorbate,3,ads0,1,ads0,1,1,1,0.0
TaS2,Co,27,4,adsorbate,3,ads2,1,ads2,1,1,1,0.0
TaS2,Cr,24,4,adsorbate,3,ads2,1,ads2,1,1,1,0.0
TaS2,Cs,55,6,adsorbate,3,ads1,1,ads2,0,1,1,0.1230134000000187
TaS2,Cu,29,4,adsorbate,3,int2,1,int2,1,1,1,0.0
TaS2,F,9,2,adsorbate,2,ads1,1,ads1,1,0,,0.0
TaS2,F,9,2,interstitial,2,ads2,1,ads2,1,0,,0.0
TaS2,Fe,26,4,adsorbate,3,ads2,1,ads2,1,1,1,0.0
TaS2,Ge,32,4,adsorbate,3,ads1,1,ads2,0,1,1,0.6621399800000064
TaS2,H,1,1,adsorbate,2,ads0,1,ads0,1,0,,0.0
TaS2,H,1,1,interstitial,3,int1,1,int1,1,1,1,0.0
TaS2,Hf,72,6,adsorbate,3,ads2,1,ads2,1,1,1,0.0
TaS2,Hg,80,6,adsorbate,3,ads0,1,ads2,0,1,0,0.0015320400000007062
TaS2,I,53,5,adsorbate,3,ads0,1,ads0,1,1,1,0.0
TaS2,Ir,77,6,adsorbate,2,int2,1,int2,1,0,,0.0
TaS2,K,19,4,adsorbate,3,ads2,1,ads2,1,1,1,0.0
TaS2,Li,3,2,adsorbate,3,ads1,1,ads2,0,1,1,0.09146717000001559
TaS2,Mg,12,3,adsorbate,4,ads2,1,ads2,1,1,1,0.0
TaS2,Mn,25,4,adsorbate,3,ads2,1,ads2,1,1,1,0.0
TaS2,Mn,25,4,interstitial,2,int2,1,int2,1,0,,0.0
TaS2,Mo,42,5,adsorbate,4,int2,1,ads2,0,1,1,0.00010266999998975734
TaS2,N,7,2,adsorbate,2,ads1,1,ads1,1,0,,0.0
TaS2,N,7,2,interstitial,3,ads2,1,int2,0,1,1,0.2354069400000185
TaS2,Nb,41,5,adsorbate,4,ads2,1,ads2,1,1,1,0.0
TaS2,Ni,28,4,adsorbate,2,ads1,1,ads1,1,0,,0.0
TaS2,O,8,2,adsorbate,2,ads1,1,ads1,1,0,,0.0
TaS2,O,8,2,interstitial,3,ads2,1,ads2,1,1,1,0.0
TaS2,P,15,3,adsorbate,3,ads1,1,ads1,1,1,1,0.0
TaS2,Pd,46,5,adsorbate,3,ads1,1,ads1,1,1,1,0.0
TaS2,Pt,78,6,adsorbate,4,int2,1,int2,1,1,1,0.0
TaS2,Rb,37,5,adsorbate,3,ads1,1,ads2,0,1,1,0.25776188999998406
TaS2,Re,75,6,adsorbate,2,ads1,1,ads1,1,0,,0.0
TaS2,Rh,45,5,adsorbate,2,ads1,1,ads1,1,0,,0.0
TaS2,Ru,44,5,adsorbate,2,ads1,1,ads1,1,0,,0.0
TaS2,Sb,51,5,adsorbate,3,ads1,1,ads1,1,1,1,0.0
TaS2,Sc,21,4,adsorbate,3,ads2,1,ads2,1,1,1,0.0
TaS2,Se,34,4,adsorbate,3,ads1,1,ads0,0,1,1,0.32268689000000017
TaS2,Si,14,3,adsorbate,3,ads1,1,ads1,1,1,1,0.0
TaS2,Sn,50,5,adsorbate,3,ads1,1,ads2,0,1,1,0.5836971399999982
TaS2,Sr,38,5,adsorbate,3,ads2,1,ads2,1,1,1,0.0
TaS2,Tc,43,5,adsorbate,3,ads2,1,ads2,1,1,1,0.0
TaS2,Te,52,5,adsorbate,3,ads0,1,ads0,1,1,1,0.0
TaS2,Ti,22,4,adsorbate,4,ads2,1,ads2,1,1,1,0.0
TaS2,Tl,81,6,adsorbate,3,ads1,1,ads1,1,1,1,0.0
TaS2,V,23,4,adsorbate,2,ads2,1,ads2,1,0,,0.0
TaS2,W,74,6,adsorbate,3,ads2,1,ads2,1,1,1,0.0
TaS2,Xe,54,5,adsorbate,2,ads0,1,ads0,1,0,,0.0
TaS2,Y,39,5,adsorbate,3,ads1,1,ads1,1,1,1,0.0
TaS2,Zn,30,4,adsorbate,4,ads2,1,int2,0,1,0,0.1528313800000093
TaS2,Zr,40,5,adsorbate,3,ads2,1,ads2,1,1,1,0.0
TaSe2,Ag,47,5,adsorbate,3,ads2,1,ads2,1,1,1,0.0
TaSe2,Al,13,3,adsorbate,3,ads2,1,ads2,1,1,1,0.0
TaSe2,As,33,4,adsorbate,3,ads1,1,ads1,1,1,1,0.0
TaSe2,Au,79,6,adsorbate,3,ads2,1,ads1,0,1,1,0.04447801000000551
TaSe2,B,5,2,interstitial,3,int2,1,int2,1,1,1,0.0
TaSe2,Ba,56,6,adsorbate,2,ads2,1,ads1,0,0,,0.17345205999998847
TaSe2,Be,4,2,interstitial,3,int2,1,ads2,0,1,1,0.5451626400000009
TaSe2,Br,35,4,adsorbate,4,ads1,1,ads0,0,1,0,0.24089675999999827
TaSe2,C,6,2,interstitial,2,int2,1,int2,1,0,,0.0
TaSe2,Ca,20,4,adsorbate,3,ads2,1,ads2,1,1,1,0.0
TaSe2,Cd,48,5,adsorbate,3,ads2,1,ads2,1,1,1,0.0
TaSe2,Cl,17,3,adsorbate,3,ads1,1,ads0,0,1,0,0.26443722000001907
TaSe2,Cl,17,3,interstitial,2,int2,1,int2,1,0,,0.0
TaSe2,Co,27,4,interstitial,3,ads2,1,int2,0,1,0,0.25969661999999977
TaSe2,Cr,24,4,adsorbate,3,ads2,1,ads1,0,1,1,1.5530776800000012
TaSe2,Cr,24,4,interstitial,2,int2,1,int2,1,0,,0.0
TaSe2,Cs,55,6,adsorbate,3,ads2,1,ads1,0,1,1,0.03367627000000084
TaSe2,Cu,29,4,adsorbate,2,ads1,1,ads1,1,0,,0.0
TaSe2,Cu,29,4,interstitial,2,int2,1,int2,1,0,,0.0
TaSe2,F,9,2,adsorbate,2,ads1,1,ads1,1,0,,0.0
TaSe2,F,9,2,interstitial,3,int0,1,int2,0,1,1,0.5218986499999971
TaSe2,Fe,26,4,adsorbate,3,ads2,1,ads2,1,1,1,0.0
TaSe2,Fe,26,4,interstitial,2,int2,1,int2,1,0,,0.0
TaSe2,Ga,31,4,adsorbate,2,ads1,1,ads1,1,0,,0.0
TaSe2,Ge,32,4,adsorbate,2,ads2,1,ads2,1,0,,0.0
TaSe2,Ge,32,4,interstitial,2,int2,1,int2,1,0,,0.0
TaSe2,H,1,1,adsorbate,2,ads0,1,ads0,1,0,,0.0
TaSe2,H,1,1,interstitial,4,int2,1,int2,1,1,1,0.0
TaSe2,Hg,80,6,adsorbate,3,ads0,1,ads1,0,1,1,0.004603180000003704
TaSe2,I,53,5,adsorbate,3,ads1,1,ads0,0,1,0,0.1952648799999963
TaSe2,Ir,77,6,adsorbate,2,ads1,1,ads1,1,0,,0.0
TaSe2,K,19,4,adsorbate,3,ads2,1,ads2,1,1,1,0.0
TaSe2,Li,3,2,adsorbate,3,ads2,1,ads2,1,1,1,0.0
TaSe2,Li,3,2,interstitial,2,int2,1,int2,1,0,,0.0
TaSe2,Lu,71,6,adsorbate,2,ads1,1,ads1,1,0,,0.0
TaSe2,Mg,12,3,adsorbate,4,ads2,1,ads2,1,1,1,0.0
TaSe2,Mn,25,4,adsorbate,3,ads2,1,ads2,1,1,1,0.0
TaSe2,Mn,25,4,interstitial,2,int2,1,int2,1,0,,0.0
TaSe2,Mo,42,5,adsorbate,2,ads2,1,ads2,1,0,,0.0
TaSe2,N,7,2,adsorbate,2,ads1,1,ads1,1,0,,0.0
TaSe2,N,7,2,interstitial,4,int2,1,int2,1,1,1,0.0
TaSe2,Nb,41,5,interstitial,2,int2,1,int2,1,0,,0.0
TaSe2,Ni,28,4,interstitial,2,int2,1,int2,1,0,,0.0
TaSe2,O,8,2,adsorbate,2,ads1,1,ads1,1,0,,0.0
TaSe2,O,8,2,interstitial,3,int2,1,int2,1,1,1,0.0
TaSe2,P,15,3,adsorbate,2,ads2,1,ads0,0,0,,0.46082221999998296
TaSe2,P,15,3,interstitial,2,int2,1,int2,1,0,,0.0
TaSe2,Pd,46,5,adsorbate,3,ads1,1,ads2,0,1,1,0.052283520000003136
TaSe2,Pt,78,6,adsorbate,3,ads1,1,ads2,0,1,1,0.07643644000000904
TaSe2,Rb,37,5,adsorbate,3,ads2,1,ads2,1,1,1,0.0
TaSe2,Re,75,6,adsorbate,2,ads1,1,ads1,1,0,,0.0
TaSe2,Re,75,6,interstitial,2,int2,1,int2,1,0,,0.0
TaSe2,Rh,45,5,adsorbate,2,ads1,1,ads1,1,0,,0.0
TaSe2,S,16,3,adsorbate,3,ads0,1,ads0,1,1,1,0.0
TaSe2,Sb,51,5,adsorbate,3,ads1,1,ads1,1,1,1,0.0
TaSe2,Sc,21,4,adsorbate,2,ads1,1,ads1,1,0,,0.0
TaSe2,Si,14,3,adsorbate,3,ads2,1,ads2,1,1,1,0.0
TaSe2,Si,14,3,interstitial,2,int2,1,int2,1,0,,0.0
TaSe2,Sn,50,5,adsorbate,3,ads1,1,ads1,1,1,1,0.0
TaSe2,Sn,50,5,interstitial,2,int2,1,int2,1,0,,0.0
TaSe2,Sr,38,5,adsorbate,2,ads2,1,ads2,1,0,,0.0
TaSe2,Tc,43,5,adsorbate,2,ads2,1,ads2,1,0,,0.0
TaSe2,Te,52,5,adsorbate,3,ads0,1,ads0,1,1,1,0.0
TaSe2,Ti,22,4,adsorbate,2,ads1,1,ads1,1,0,,0.0
TaSe2,Tl,81,6,adsorbate,3,ads1,1,ads2,0,1,1,0.034066570000021605
TaSe2,V,23,4,adsorbate,2,ads1,1,ads1,1,0,,0.0
TaSe2,V,23,4,interstitial,2,int2,1,int2,1,0,,0.0
TaSe2,W,74,6,adsorbate,2,ads1,1,ads1,1,0,,0.0
TaSe2,Xe,54,5,adsorbate,3,ads1,1,ads1,1,1,1,0.0
TaSe2,Y,39,5,adsorbate,3,ads2,1,int2,0,1,1,1.5361660100000165
TaSe2,Zn,30,4,adsorbate,2,ads2,1,ads2,1,0,,0.0
TaSe2,Zn,30,4,interstitial,2,int2,1,int2,1,0,,0.0
TaSe2,Zr,40,5,adsorbate,2,ads0,1,ads0,1,0,,0.0
TiO2,Ag,47,5,adsorbate,4,int1,1,int1,1,1,1,0.0
TiO2,Al,13,3,adsorbate,4,ads2,1,int1,0,1,1,0.01094432000002149
TiO2,As,33,4,adsorbate,4,int1,1,int1,1,1,1,0.0
TiO2,Au,79,6,adsorbate,3,ads2,1,ads1,0,1,1,0.15879590999998072
TiO2,B,5,2,adsorbate,3,int1,1,int1,1,1,1,0.0
TiO2,Ba,56,6,adsorbate,2,ads2,1,ads2,1,0,,0.0
TiO2,Be,4,2,adsorbate,4,int1,1,int1,1,1,1,0.0
TiO2,Br,35,4,adsorbate,4,int1,1,ads2,0,1,0,0.057843910000030974
TiO2,C,6,2,adsorbate,3,ads0,1,ads1,0,1,1,3.413633570000002
TiO2,C,6,2,interstitial,2,int1,1,int0,0,0,,4.3864743499999586
TiO2,Ca,20,4,adsorbate,4,int1,1,int1,1,1,1,0.0
TiO2,Cd,48,5,adsorbate,3,ads1,1,ads1,1,1,1,0.0
TiO2,Cl,17,3,adsorbate,4,int1,1,ads1,0,1,0,0.42985713999996766
TiO2,Co,27,4,adsorbate,4,int1,1,int1,1,1,1,0.0
TiO2,Cr,24,4,adsorbate,3,int1,1,int1,1,1,1,0.0
TiO2,Cs,55,6,adsorbate,4,ads1,1,ads2,0,1,1,0.019025790000000153
TiO2,Cu,29,4,adsorbate,4,int1,1,ads1,0,1,1,0.22674326999998584
TiO2,F,9,2,adsorbate,3,ads2,1,ads2,1,1,1,0.0
TiO2,F,9,2,interstitial,2,int0,1,int0,1,0,,0.0
TiO2,Fe,26,4,adsorbate,4,int1,1,ads1,0,1,1,2.5613161899999577
TiO2,Ga,31,4,adsorbate,4,int1,1,ads2,0,1,0,0.2533577599999716
TiO2,Ge,32,4,adsorbate,4,int1,1,ads1,0,1,0,0.214659700000027
TiO2,H,1,1,adsorbate,4,ads0,1,ads0,1,1,1,0.0
TiO2,Hf,72,6,adsorbate,4,int1,1,int1,1,1,1,0.0
TiO2,Hg,80,6,adsorbate,4,ads2,1,ads2,1,1,1,0.0
TiO2,I,53,5,adsorbate,3,ads1,1,ads1,1,1,1,0.0
TiO2,Ir,77,6,adsorbate,3,ads2,1,ads2,1,1,1,0.0
TiO2,K,19,4,adsorbate,4,int1,1,ads2,0,1,1,0.2163140399999861
TiO2,Li,3,2,adsorbate,4,int1,1,ads2,0,1,0,0.3508395999999723
TiO2,Lu,71,6,adsorbate,4,ads2,1,ads2,1,1,1,0.0
TiO2,Mg,12,3,adsorbate,4,int1,1,ads2,0,1,1,0.7828520900000058
TiO2,Mn,25,4,adsorbate,4,ads2,1,int1,0,1,1,0.02798989000001484
TiO2,Mo,42,5,adsorbate,4,int1,1,int1,1,1,1,0.0
TiO2,N,7,2,adsorbate,3,ads0,1,ads2,0,1,1,0.9934523300000242
TiO2,N,7,2,interstitial,2,int1,1,int0,0,0,,0.6916707400000064
TiO2,Na,11,3,adsorbate,2,int1,1,ads1,0,0,,0.2815015399999652
TiO2,Nb,41,5,adsorbate,4,int1,1,int1,1,1,1,0.0
TiO2,Ni,28,4,adsorbate,4,int1,1,ads1,0,1,0,0.3050624900000123
TiO2,Os,76,6,adsorbate,3,ads2,1,ads2,1,1,1,0.0
TiO2,P,15,3,adsorbate,3,int1,1,int1,1,1,1,0.0
TiO2,Pd,46,5,adsorbate,4,ads1,1,ads1,1,1,1,0.0
TiO2,Pt,78,6,adsorbate,4,int1,1,ads2,0,1,0,1.5278717799999977
TiO2,Rb,37,5,adsorbate,4,int1,1,ads1,0,1,0,0.17893940999999813
TiO2,Re,75,6,adsorbate,2,int1,1,int1,1,0,,0.0
TiO2,Rh,45,5,adsorbate,4,int1,1,ads1,0,1,0,0.13933443000001944
TiO2,Ru,44,5,adsorbate,4,ads2,1,int1,0,1,1,0.31280835000001206
TiO2,S,16,3,adsorbate,3,ads0,1,ads0,1,1,1,0.0
TiO2,Sb,51,5,adsorbate,2,ads2,1,ads0,0,0,,0.27020585000002484
TiO2,Sc,21,4,adsorbate,3,ads2,1,ads2,1,1,1,0.0
TiO2,Se,34,4,adsorbate,4,ads0,1,ads0,1,1,1,0.0
TiO2,Si,14,3,adsorbate,4,ads2,1,int1,0,1,1,2.2784828700000053
TiO2,Sn,50,5,adsorbate,4,ads2,1,ads0,0,1,0,1.5167770600000379
TiO2,Sr,38,5,adsorbate,3,int1,1,int1,1,1,1,0.0
TiO2,Ta,73,6,adsorbate,4,int1,1,ads2,0,1,1,0.35147559000000683
TiO2,Tc,43,5,adsorbate,4,ads2,1,int1,0,1,1,0.2313837400000125
TiO2,Te,52,5,adsorbate,4,ads0,1,ads2,0,1,0,0.056952819999992244
TiO2,Tl,81,6,adsorbate,3,ads2,1,ads2,1,1,1,0.0
TiO2,V,23,4,adsorbate,4,int1,1,int1,1,1,1,0.0
TiO2,W,74,6,adsorbate,2,ads0,1,ads0,1,0,,0.0
TiO2,Xe,54,5,adsorbate,3,ads1,1,ads2,0,1,1,0.005484630000012203
TiO2,Y,39,5,adsorbate,4,int1,1,int1,1,1,1,0.0
TiO2,Zn,30,4,adsorbate,4,ads1,1,int1,0,1,1,0.21633418000004667
TiO2,Zr,40,5,adsorbate,4,int1,1,int1,1,1,1,0.0
TiS2,Ag,47,5,adsorbate,3,ads2,1,ads2,1,1,1,0.0
TiS2,Al,13,3,adsorbate,3,ads2,1,ads2,1,1,1,0.0
TiS2,As,33,4,adsorbate,3,ads1,1,ads1,1,1,1,0.0
TiS2,As,33,4,interstitial,2,int2,1,int2,1,0,,0.0
TiS2,Au,79,6,adsorbate,3,ads1,1,ads1,1,1,1,0.0
TiS2,B,5,2,adsorbate,2,ads1,1,ads1,1,0,,0.0
TiS2,B,5,2,interstitial,3,int2,1,ads2,0,1,1,0.33425117999999543
TiS2,Ba,56,6,adsorbate,3,ads2,1,ads2,1,1,1,0.0
TiS2,Be,4,2,adsorbate,3,ads2,1,ads2,1,1,1,0.0
TiS2,Be,4,2,interstitial,2,int2,1,int2,1,0,,0.0
TiS2,Br,35,4,adsorbate,3,ads2,1,ads0,0,1,1,0.7934835199999952
TiS2,C,6,2,interstitial,4,ads1,1,int0,0,1,1,0.9089434299999937
TiS2,Ca,20,4,adsorbate,3,ads2,1,int2,0,1,1,0.5484623399999866
TiS2,Cd,48,5,adsorbate,4,int2,1,ads1,0,1,0,0.2322214400000178
TiS2,Cl,17,3,adsorbate,4,ads1,1,ads1,1,1,1,0.0
TiS2,Co,27,4,adsorbate,2,ads2,1,ads2,1,0,,0.0
TiS2,Co,27,4,interstitial,2,int2,1,int2,1,0,,0.0
TiS2,Cr,24,4,adsorbate,2,ads1,1,ads1,1,0,,0.0
TiS2,Cs,55,6,adsorbate,4,ads2,1,ads2,1,1,1,0.0
TiS2,Cu,29,4,adsorbate,3,ads2,1,ads2,1,1,1,0.0
TiS2,Cu,29,4,interstitial,2,int2,1,int2,1,0,,0.0
TiS2,F,9,2,adsorbate,2,ads1,1,ads1,1,0,,0.0
TiS2,Fe,26,4,adsorbate,2,ads2,1,ads2,1,0,,0.0
TiS2,Ga,31,4,adsorbate,3,ads2,1,ads2,1,1,1,0.0
TiS2,Ga,31,4,interstitial,2,int2,1,int2,1,0,,0.0
TiS2,Ge,32,4,adsorbate,3,ads2,1,ads1,0,1,1,0.24242320000001882
TiS2,H,1,1,adsorbate,2,ads0,1,ads0,1,0,,0.0
TiS2,H,1,1,interstitial,3,int1,1,int1,1,1,1,0.0
TiS2,Hf,72,6,adsorbate,3,int2,1,int2,1,1,1,0.0
TiS2,Hg,80,6,adsorbate,3,ads2,1,ads1,0,1,1,0.022578799999990906
TiS2,I,53,5,adsorbate,2,ads1,1,ads0,0,0,,0.975770759999989
TiS2,K,19,4,adsorbate,3,ads2,1,ads2,1,1,1,0.0
TiS2,Li,3,2,adsorbate,3,ads2,1,ads2,1,1,1,0.0
TiS2,Li,3,2,interstitial,2,int2,1,int2,1,0,,0.0
TiS2,Lu,71,6,adsorbate,4,int2,1,int2,1,1,1,0.0
TiS2,Mg,12,3,adsorbate,3,ads2,1,ads2,1,1,1,0.0
TiS2,Mn,25,4,adsorbate,3,ads2,1,ads2,1,1,1,0.0
TiS2,Mo,42,5,adsorbate,3,ads2,1,ads2,1,1,1,0.0
TiS2,N,7,2,adsorbate,2,ads1,1,ads1,1,0,,0.0
TiS2,N,7,2,interstitial,4,int2,1,int2,1,1,1,0.0
TiS2,Nb,41,5,adsorbate,2,ads2,1,ads2,1,0,,0.0
TiS2,Nb,41,5,interstitial,2,int2,1,int2,1,0,,0.0
TiS2,Ni,28,4,adsorbate,3,ads2,1,ads2,1,1,1,0.0
TiS2,O,8,2,adsorbate,3,ads1,1,ads1,1,1,1,0.0
TiS2,P,15,3,adsorbate,2,ads2,1,ads2,1,0,,0.0
TiS2,P,15,3,interstitial,2,int2,1,int2,1,0,,0.0
TiS2,Pd,46,5,adsorbate,2,ads1,1,ads1,1,0,,0.0
TiS2,Rb,37,5,adsorbate,3,ads2,1,ads2,1,1,1,0.0
TiS2,Rh,45,5,interstitial,2,int2,1,int2,1,0,,0.0
TiS2,Ru,44,5,adsorbate,3,ads2,1,ads2,1,1,1,0.0
TiS2,Ru,44,5,interstitial,2,int2,1,int2,1,0,,0.0
TiS2,Sb,51,5,adsorbate,3,ads1,1,ads2,0,1,1,0.1257817400000079
TiS2,Sc,21,4,adsorbate,4,ads2,1,ads2,1,1,1,0.0
TiS2,Se,34,4,adsorbate,3,ads0,1,ads1,0,1,1,0.2857701899999938
TiS2,Se,34,4,interstitial,2,int0,1,int2,0,0,,0.39725599999999917
TiS2,Si,14,3,adsorbate,3,ads2,1,ads1,0,1,1,0.35734762999999237
TiS2,Si,14,3,interstitial,2,int2,1,int2,1,0,,0.0
TiS2,Sn,50,5,adsorbate,3,ads2,1,ads1,0,1,1,0.2138768300000038
TiS2,Sn,50,5,interstitial,2,int2,1,int2,1,0,,0.0
TiS2,Sr,38,5,adsorbate,4,ads2,1,int2,0,1,1,0.4262791600000071
TiS2,Ta,73,6,adsorbate,4,int2,1,int2,1,1,1,0.0
TiS2,Tc,43,5,adsorbate,3,ads2,1,ads2,1,1,1,0.0
TiS2,Tc,43,5,interstitial,2,int2,1,int2,1,0,,0.0
TiS2,Te,52,5,adsorbate,4,ads1,1,ads1,1,1,1,0.0
TiS2,Tl,81,6,adsorbate,3,ads1,1,ads2,0,1,1,0.9078781700000036
TiS2,V,23,4,adsorbate,2,ads1,1,ads1,1,0,,0.0
TiS2,W,74,6,adsorbate,2,ads1,1,ads1,1,0,,0.0
TiS2,W,74,6,interstitial,2,int2,1,int2,1,0,,0.0
TiS2,Xe,54,5,adsorbate,3,ads1,1,ads1,1,1,1,0.0
TiS2,Y,39,5,adsorbate,4,ads2,1,ads2,1,1,1,0.0
TiS2,Zn,30,4,adsorbate,4,int2,1,int2,1,1,1,0.0
TiS2,Zr,40,5,adsorbate,4,int2,1,ads2,0,1,1,0.3373692700000106
V2CO2,Ag,47,5,adsorbate,3,ads2,1,ads2,1,1,1,0.0
V2CO2,Al,13,3,adsorbate,3,ads2,1,ads2,1,1,1,0.0
V2CO2,As,33,4,adsorbate,3,ads2,1,ads2,1,1,1,0.0
V2CO2,Au,79,6,adsorbate,3,ads0,1,ads1,0,1,0,0.16756301999998868
V2CO2,B,5,2,adsorbate,3,ads2,1,ads2,1,1,1,0.0
V2CO2,Ba,56,6,adsorbate,3,ads2,1,ads2,1,1,1,0.0
V2CO2,Be,4,2,adsorbate,3,ads2,1,ads1,0,1,1,0.7827681399999165
V2CO2,Be,4,2,interstitial,2,int0,1,int1,0,0,,0.5812164699999585
V2CO2,Br,35,4,adsorbate,3,ads1,1,ads2,0,1,1,0.36460161000002245
V2CO2,Ca,20,4,adsorbate,3,ads2,1,ads2,1,1,1,0.0
V2CO2,Cd,48,5,adsorbate,3,ads1,1,ads1,1,1,1,0.0
V2CO2,Cl,17,3,adsorbate,3,ads0,1,ads0,1,1,1,0.0
V2CO2,Co,27,4,adsorbate,3,ads2,1,ads2,1,1,1,0.0
V2CO2,Cr,24,4,adsorbate,3,ads2,1,ads2,1,1,1,0.0
V2CO2,Cs,55,6,adsorbate,3,ads0,1,ads2,0,1,0,0.5725122100000131
V2CO2,Cu,29,4,adsorbate,3,ads1,1,ads1,1,1,1,0.0
V2CO2,F,9,2,adsorbate,2,ads2,1,ads2,1,0,,0.0
V2CO2,Fe,26,4,adsorbate,3,ads2,1,ads2,1,1,1,0.0
V2CO2,Ga,31,4,adsorbate,3,ads1,1,ads1,1,1,1,0.0
V2CO2,Ge,32,4,adsorbate,3,ads2,1,ads2,1,1,1,0.0
V2CO2,H,1,1,adsorbate,3,ads0,1,ads0,1,1,1,0.0
V2CO2,H,1,1,interstitial,2,int0,1,int0,1,0,,0.0
V2CO2,Hf,72,6,adsorbate,3,ads2,1,ads2,1,1,1,0.0
V2CO2,Hg,80,6,adsorbate,3,ads2,1,ads2,1,1,1,0.0
V2CO2,I,53,5,adsorbate,3,ads0,1,ads2,0,1,0,0.39437439999994683
V2CO2,Ir,77,6,adsorbate,3,ads1,1,ads1,1,1,1,0.0
V2CO2,K,19,4,adsorbate,3,ads2,1,ads2,1,1,1,0.0
V2CO2,Li,3,2,adsorbate,3,ads2,1,ads2,1,1,1,0.0
V2CO2,Li,3,2,interstitial,2,int0,1,int1,0,0,,0.11597506000009661
V2CO2,Lu,71,6,adsorbate,2,ads2,1,ads2,1,0,,0.0
V2CO2,Mg,12,3,adsorbate,2,ads2,1,ads2,1,0,,0.0
V2CO2,Mn,25,4,adsorbate,3,ads2,1,ads2,1,1,1,0.0
V2CO2,Mo,42,5,adsorbate,3,ads2,1,ads2,1,1,1,0.0
V2CO2,N,7,2,adsorbate,2,ads0,1,ads0,1,0,,0.0
V2CO2,N,7,2,interstitial,2,int0,1,int1,0,0,,0.0006577699999756881
V2CO2,Nb,41,5,adsorbate,3,ads2,1,ads2,1,1,1,0.0
V2CO2,Ni,28,4,adsorbate,3,ads2,1,ads2,1,1,1,0.0
V2CO2,Os,76,6,adsorbate,3,ads1,1,ads2,0,1,1,0.7118662000000313
V2CO2,P,15,3,adsorbate,3,ads2,1,ads2,1,1,1,0.0
V2CO2,Pd,46,5,adsorbate,3,ads1,1,ads0,0,1,1,0.6802717100000564
V2CO2,Pt,78,6,adsorbate,3,ads1,1,ads1,1,1,1,0.0
V2CO2,Rb,37,5,adsorbate,3,ads2,1,ads2,1,1,1,0.0
V2CO2,Re,75,6,adsorbate,3,ads2,1,ads2,1,1,1,0.0
V2CO2,Rh,45,5,adsorbate,3,ads1,1,ads1,1,1,1,0.0
V2CO2,Ru,44,5,adsorbate,3,ads2,1,ads1,0,1,1,0.1598378599999255
V2CO2,S,16,3,adsorbate,3,ads0,1,ads0,1,1,1,0.0
V2CO2,Sb,51,5,adsorbate,3,ads2,1,ads2,1,1,1,0.0
V2CO2,Sc,21,4,adsorbate,2,ads1,1,ads1,1,0,,0.0
V2CO2,Se,34,4,adsorbate,3,ads0,1,ads0,1,1,1,0.0
V2CO2,Si,14,3,adsorbate,3,ads2,1,ads2,1,1,1,0.0
V2CO2,Sn,50,5,adsorbate,3,ads2,1,ads2,1,1,1,0.0
V2CO2,Sr,38,5,adsorbate,3,ads2,1,ads2,1,1,1,0.0
V2CO2,Ta,73,6,adsorbate,3,ads2,1,ads2,1,1,1,0.0
V2CO2,Tc,43,5,adsorbate,3,ads2,1,ads1,0,1,1,0.21079588999998577
V2CO2,Te,52,5,adsorbate,3,ads0,1,ads1,0,1,0,0.03272835000007035
V2CO2,Ti,22,4,adsorbate,3,ads2,1,ads2,1,1,1,0.0
V2CO2,Tl,81,6,adsorbate,3,ads2,1,ads2,1,1,1,0.0
V2CO2,W,74,6,adsorbate,3,ads2,1,ads2,1,1,1,0.0
V2CO2,W,74,6,interstitial,2,int0,1,int1,0,0,,0.6479050399999551
V2CO2,Xe,54,5,adsorbate,3,ads0,1,ads2,0,1,0,0.2018773400000099
V2CO2,Y,39,5,adsorbate,3,ads2,1,ads2,1,1,1,0.0
V2CO2,Zn,30,4,adsorbate,3,ads2,1,ads2,1,1,1,0.0
V2CO2,Zr,40,5,adsorbate,3,ads2,1,ads2,1,1,1,0.0
W2Se4,Ag,47,5,adsorbate,3,ads2,1,ads2,1,1,1,0.0
W2Se4,Al,13,3,adsorbate,4,ads2,1,ads2,1,1,1,0.0
W2Se4,As,33,4,adsorbate,3,ads2,1,ads2,1,1,1,0.0
W2Se4,Au,79,6,adsorbate,3,ads2,1,ads2,1,1,1,0.0
W2Se4,B,5,2,adsorbate,3,ads2,1,ads2,1,1,1,0.0
W2Se4,B,5,2,interstitial,3,int4,1,int4,1,1,1,0.0
W2Se4,Ba,56,6,adsorbate,2,ads2,1,ads2,1,0,,0.0
W2Se4,Be,4,2,adsorbate,3,int3,1,int3,1,1,1,0.0
W2Se4,Be,4,2,interstitial,2,int4,1,int4,1,0,,0.0
W2Se4,Br,35,4,adsorbate,3,ads2,1,ads1,0,1,1,0.17571338999994168
W2Se4,C,6,2,interstitial,5,int1,1,int4,0,1,0,0.34550794000006135
W2Se4,Ca,20,4,adsorbate,4,ads2,1,ads2,1,1,1,0.0
W2Se4,Cd,48,5,adsorbate,3,ads2,1,ads0,0,1,0,0.04982215999996242
W2Se4,Cl,17,3,adsorbate,3,ads2,1,ads1,0,1,1,0.16308655000000277
W2Se4,Co,27,4,adsorbate,2,ads2,1,ads2,1,0,,0.0
W2Se4,Cr,24,4,adsorbate,3,ads2,1,ads2,1,1,1,0.0
W2Se4,Cr,24,4,interstitial,2,int4,1,int3,0,0,,0.02346284999998627
W2Se4,Cs,55,6,adsorbate,3,ads2,1,ads2,1,1,1,0.0
W2Se4,Cu,29,4,adsorbate,3,ads2,1,int3,0,1,1,0.13333774000000176
W2Se4,F,9,2,adsorbate,4,ads2,1,ads2,1,1,1,0.0
W2Se4,Fe,26,4,adsorbate,3,ads2,1,ads2,1,1,1,0.0
W2Se4,Ge,32,4,adsorbate,2,ads1,1,ads1,1,0,,0.0
W2Se4,H,1,1,adsorbate,3,ads1,1,ads0,0,1,1,0.1812164799999889
W2Se4,H,1,1,interstitial,5,int4,1,int1,0,1,0,0.6370516299999733
W2Se4,Hf,72,6,adsorbate,3,ads1,1,ads2,0,1,1,1.3581782399999156
W2Se4,Hg,80,6,adsorbate,2,ads0,1,ads2,0,0,,0.003592640000078917
W2Se4,I,53,5,adsorbate,3,ads2,1,ads2,1,1,1,0.0
W2Se4,Ir,77,6,adsorbate,3,ads2,1,ads0,0,1,1,2.7006058299999722
W2Se4,K,19,4,adsorbate,3,ads2,1,ads2,1,1,1,0.0
W2Se4,Li,3,2,adsorbate,4,ads2,1,int4,0,1,1,0.12501995000002353
W2Se4,Lu,71,6,adsorbate,5,ads2,1,int4,0,1,0,0.26448609999999917
W2Se4,Mg,12,3,adsorbate,5,ads2,1,ads2,1,1,1,0.0
W2Se4,Mn,25,4,adsorbate,4,ads2,1,int4,0,1,1,0.2638139800000092
W2Se4,Mo,42,5,adsorbate,2,ads1,1,ads1,1,0,,0.0
W2Se4,N,7,2,adsorbate,2,ads1,1,ads1,1,0,,0.0
W2Se4,N,7,2,interstitial,3,ads2,1,ads2,1,1,1,0.0
W2Se4,Na,11,3,adsorbate,2,int3,1,int4,0,0,,0.00466599000003487
W2Se4,Nb,41,5,adsorbate,3,int4,1,int4,1,1,1,0.0
W2Se4,Ni,28,4,adsorbate,3,ads2,1,ads2,1,1,1,0.0
W2Se4,O,8,2,adsorbate,4,int3,1,int3,1,1,1,0.0
W2Se4,O,8,2,interstitial,4,int4,1,int1,0,1,1,0.5511586599999417
W2Se4,Os,76,6,interstitial,2,int4,1,int4,1,0,,0.0
W2Se4,P,15,3,adsorbate,3,ads2,1,ads2,1,1,1,0.0
W2Se4,Pd,46,5,adsorbate,3,ads2,1,ads2,1,1,1,0.0
W2Se4,Pt,78,6,adsorbate,3,ads2,1,ads2,1,1,1,0.0
W2Se4,Rb,37,5,adsorbate,3,ads2,1,ads2,1,1,1,0.0
W2Se4,Re,75,6,adsorbate,3,ads2,1,ads2,1,1,1,0.0
W2Se4,Rh,45,5,adsorbate,3,ads2,1,ads2,1,1,1,0.0
W2Se4,Ru,44,5,adsorbate,3,ads2,1,ads2,1,1,1,0.0
W2Se4,S,16,3,adsorbate,4,ads0,1,ads0,1,1,1,0.0
W2Se4,S,16,3,interstitial,2,int4,1,int4,1,0,,0.0
W2Se4,Sb,51,5,adsorbate,3,ads2,1,ads2,1,1,1,0.0
W2Se4,Sc,21,4,adsorbate,5,ads2,1,ads2,1,1,1,0.0
W2Se4,Si,14,3,adsorbate,3,ads2,1,ads2,1,1,1,0.0
W2Se4,Sn,50,5,adsorbate,3,int4,1,ads1,0,1,0,0.1939375499999869
W2Se4,Sr,38,5,adsorbate,2,ads2,1,ads2,1,0,,0.0
W2Se4,Ta,73,6,adsorbate,3,ads2,1,ads2,1,1,1,0.0
W2Se4,Tc,43,5,adsorbate,2,ads1,1,ads1,1,0,,0.0
W2Se4,Tc,43,5,interstitial,2,int2,1,int2,1,0,,0.0
W2Se4,Te,52,5,adsorbate,3,ads0,1,ads2,0,1,0,0.1884641900001045
W2Se4,Ti,22,4,adsorbate,4,int4,1,int4,1,1,1,0.0
W2Se4,Tl,81,6,adsorbate,3,ads2,1,ads2,1,1,1,0.0
W2Se4,V,23,4,adsorbate,3,ads2,1,ads2,1,1,1,0.0
W2Se4,V,23,4,interstitial,2,int3,1,int4,0,0,,0.0752840999999762
W2Se4,Xe,54,5,adsorbate,3,ads1,1,ads2,0,1,1,0.007701489999931296
W2Se4,Y,39,5,adsorbate,4,ads2,1,ads2,1,1,1,0.0
W2Se4,Zn,30,4,adsorbate,3,ads2,1,ads2,1,1,1,0.0
W2Se4,Zr,40,5,adsorbate,4,int4,1,ads2,0,1,1,0.16912425999998937
W2Te4,Ag,47,5,adsorbate,4,ads2,1,ads0,0,1,1,0.6293115500000113
W2Te4,Al,13,3,adsorbate,3,ads2,1,ads2,1,1,1,0.0
W2Te4,As,33,4,adsorbate,3,ads2,1,ads2,1,1,1,0.0
W2Te4,Au,79,6,adsorbate,3,ads2,1,ads2,1,1,1,0.0
W2Te4,B,5,2,adsorbate,3,ads2,1,ads0,0,1,1,1.1175352599999542
W2Te4,B,5,2,interstitial,3,int4,1,int4,1,1,1,0.0
W2Te4,Ba,56,6,adsorbate,3,ads2,1,ads2,1,1,1,0.0
W2Te4,Be,4,2,adsorbate,3,ads2,1,ads2,1,1,1,0.0
W2Te4,Be,4,2,interstitial,4,int4,1,int3,0,1,1,0.01623962000002166
W2Te4,Br,35,4,adsorbate,3,ads2,1,ads2,1,1,1,0.0
W2Te4,Br,35,4,interstitial,2,int4,1,int4,1,0,,0.0
W2Te4,C,6,2,adsorbate,2,ads1,1,ads1,1,0,,0.0
W2Te4,C,6,2,interstitial,3,int3,1,int3,1,1,1,0.0
W2Te4,Ca,20,4,adsorbate,4,ads2,1,ads2,1,1,1,0.0
W2Te4,Cd,48,5,adsorbate,3,ads1,1,ads0,0,1,0,0.0456949400000326
W2Te4,Cl,17,3,adsorbate,3,ads2,1,ads2,1,1,1,0.0
W2Te4,Cl,17,3,interstitial,3,int4,1,int4,1,1,1,0.0
W2Te4,Co,27,4,adsorbate,2,ads1,1,ads1,1,0,,0.0
W2Te4,Co,27,4,interstitial,2,int3,1,int3,1,0,,0.0
W2Te4,Cr,24,4,adsorbate,3,ads2,1,ads2,1,1,1,0.0
W2Te4,Cr,24,4,interstitial,2,int3,1,int4,0,0,,0.8598642599999944
W2Te4,Cs,55,6,adsorbate,3,ads2,1,ads2,1,1,1,0.0
W2Te4,Cu,29,4,adsorbate,3,ads2,1,ads2,1,1,1,0.0
W2Te4,Cu,29,4,interstitial,2,int3,1,int3,1,0,,0.0
W2Te4,F,9,2,adsorbate,3,ads2,1,ads2,1,1,1,0.0
W2Te4,F,9,2,interstitial,4,int3,1,int3,1,1,1,0.0
W2Te4,Fe,26,4,adsorbate,3,ads2,1,ads2,1,1,1,0.0
W2Te4,Fe,26,4,interstitial,2,int3,1,int3,1,0,,0.0
W2Te4,Ga,31,4,adsorbate,3,ads2,1,ads2,1,1,1,0.0
W2Te4,Ga,31,4,interstitial,2,int4,1,int4,1,0,,0.0
W2Te4,Ge,32,4,adsorbate,3,ads2,1,ads2,1,1,1,0.0
W2Te4,Ge,32,4,interstitial,2,int4,1,int4,1,0,,0.0
W2Te4,H,1,1,adsorbate,2,ads2,1,ads0,0,0,,0.5175763499999562
W2Te4,H,1,1,interstitial,6,int4,1,int4,1,1,1,0.0
W2Te4,Hf,72,6,adsorbate,3,ads2,1,ads2,1,1,1,0.0
W2Te4,Hf,72,6,interstitial,2,int4,1,int3,0,0,,3.381784199999972
W2Te4,Hg,80,6,adsorbate,3,ads2,1,ads0,0,1,0,0.02750911999999059
W2Te4,I,53,5,adsorbate,3,ads2,1,ads2,1,1,1,0.0
W2Te4,Ir,77,6,adsorbate,3,ads2,1,ads2,1,1,1,0.0
W2Te4,K,19,4,adsorbate,3,ads2,1,ads2,1,1,1,0.0
W2Te4,Li,3,2,adsorbate,4,ads2,1,ads2,1,1,1,0.0
W2Te4,Li,3,2,interstitial,2,int3,1,int3,1,0,,0.0
W2Te4,Lu,71,6,adsorbate,4,ads2,1,int4,0,1,1,0.5159614899999945
W2Te4,Mg,12,3,adsorbate,4,ads2,1,ads2,1,1,1,0.0
W2Te4,Mn,25,4,adsorbate,3,ads2,1,ads2,1,1,1,0.0
W2Te4,Mn,25,4,interstitial,2,int3,1,int4,0,0,,0.3816277899999818
W2Te4,Mo,42,5,adsorbate,3,ads2,1,ads2,1,1,1,0.0
W2Te4,Mo,42,5,interstitial,2,int4,1,int4,1,0,,0.0
W2Te4,N,7,2,adsorbate,3,ads2,1,ads2,1,1,1,0.0
W2Te4,N,7,2,interstitial,4,int4,1,int4,1,1,1,0.0
W2Te4,Na,11,3,interstitial,3,int3,1,int3,1,1,1,0.0
W2Te4,Nb,41,5,adsorbate,3,ads2,1,ads2,1,1,1,0.0
W2Te4,Ni,28,4,adsorbate,2,ads2,1,ads2,1,0,,0.0
W2Te4,O,8,2,adsorbate,3,ads2,1,ads2,1,1,1,0.0
W2Te4,O,8,2,interstitial,4,int3,1,int4,0,1,1,1.133427289999986
W2Te4,Os,76,6,adsorbate,2,ads1,1,ads0,0,0,,0.503147839999996
W2Te4,P,15,3,adsorbate,3,ads2,1,ads2,1,1,1,0.0
W2Te4,P,15,3,interstitial,2,int3,1,int3,1,0,,0.0
W2Te4,Pd,46,5,adsorbate,3,ads2,1,ads2,1,1,1,0.0
W2Te4,Pt,78,6,adsorbate,3,ads2,1,ads2,1,1,1,0.0
W2Te4,Rb,37,5,adsorbate,3,ads2,1,ads2,1,1,1,0.0
W2Te4,Re,75,6,adsorbate,3,ads2,1,ads2,1,1,1,0.0
W2Te4,Rh,45,5,adsorbate,3,ads2,1,ads2,1,1,1,0.0
W2Te4,Ru,44,5,adsorbate,3,ads2,1,ads2,1,1,1,0.0
W2Te4,S,16,3,adsorbate,3,ads0,1,ads0,1,1,1,0.0
W2Te4,S,16,3,interstitial,2,int4,1,int4,1,0,,0.0
W2Te4,Sb,51,5,adsorbate,3,ads2,1,ads2,1,1,1,0.0
W2Te4,Sc,21,4,adsorbate,4,ads2,1,int4,0,1,1,0.4610320400000205
W2Te4,Se,34,4,adsorbate,3,ads0,1,ads0,1,1,1,0.0
W2Te4,Se,34,4,interstitial,2,int4,1,int4,1,0,,0.0
W2Te4,Si,14,3,adsorbate,3,ads2,1,ads2,1,1,1,0.0
W2Te4,Sn,50,5,adsorbate,3,ads2,1,ads2,1,1,1,0.0
W2Te4,Sr,38,5,adsorbate,3,ads2,1,ads2,1,1,1,0.0
W2Te4,Ta,73,6,adsorbate,3,ads2,1,ads2,1,1,1,0.0
W2Te4,Tc,43,5,adsorbate,2,ads1,1,ads1,1,0,,0.0
W2Te4,Ti,22,4,adsorbate,3,ads2,1,ads2,1,1,1,0.0
W2Te4,Ti,22,4,interstitial,2,int3,1,int3,1,0,,0.0
W2Te4,Tl,81,6,adsorbate,3,ads2,1,ads2,1,1,1,0.0
W2Te4,V,23,4,adsorbate,3,ads2,1,ads2,1,1,1,0.0
W2Te4,V,23,4,interstitial,2,int3,1,int3,1,0,,0.0
W2Te4,Xe,54,5,adsorbate,3,ads2,1,ads0,0,1,1,0.0217014300000073
W2Te4,Y,39,5,adsorbate,3,ads2,1,ads2,1,1,1,0.0
W2Te4,Zn,30,4,adsorbate,2,ads2,1,ads1,0,0,,0.032602800000006704
W2Te4,Zn,30,4,interstitial,2,int4,1,int4,1,0,,0.0
W2Te4,Zr,40,5,adsorbate,3,ads2,1,ads2,1,1,1,0.0
W2Te4,Zr,40,5,interstitial,2,int3,1,int4,0,0,,1.7695448299999725
WS2,Ag,47,5,adsorbate,3,ads2,1,ads1,0,1,1,0.030449039999950855
WS2,Al,13,3,adsorbate,3,ads1,1,ads1,1,1,1,0.0
WS2,As,33,4,adsorbate,3,ads0,1,ads0,1,1,1,0.0
WS2,Au,79,6,adsorbate,3,ads0,1,ads1,0,1,0,0.0882051599999727
WS2,B,5,2,adsorbate,2,ads1,1,ads1,1,0,,0.0
WS2,B,5,2,interstitial,4,int3,1,int3,1,1,1,0.0
WS2,Ba,56,6,adsorbate,3,ads1,1,ads2,0,1,1,0.0314916799999877
WS2,Be,4,2,adsorbate,3,ads2,1,ads2,1,1,1,0.0
WS2,Be,4,2,interstitial,4,int0,1,int0,1,1,1,0.0
WS2,Br,35,4,adsorbate,3,ads0,1,ads0,1,1,1,0.0
WS2,C,6,2,adsorbate,3,ads0,1,ads0,1,1,1,0.0
WS2,C,6,2,interstitial,4,int3,2,int4,1,1,1,0.0
WS2,Ca,20,4,adsorbate,3,ads2,1,ads1,0,1,1,0.0403275500000293
WS2,Cd,48,5,adsorbate,3,ads1,1,ads2,0,1,0,0.0017501800000445655
WS2,Cd,48,5,interstitial,2,int0,1,int0,1,0,,0.0
WS2,Cl,17,3,adsorbate,3,ads0,1,ads0,1,1,1,0.0
WS2,Cl,17,3,interstitial,2,int3,1,int3,1,0,,0.0
WS2,Co,27,4,adsorbate,3,ads1,1,ads2,0,1,1,0.36491151999996463
WS2,Co,27,4,interstitial,2,int3,1,int3,1,0,,0.0
WS2,Cr,24,4,adsorbate,3,ads2,1,ads2,1,1,1,0.0
WS2,Cs,55,6,adsorbate,3,ads2,1,ads2,1,1,1,0.0
WS2,Cu,29,4,adsorbate,3,ads2,1,ads2,1,1,1,0.0
WS2,F,9,2,adsorbate,4,ads1,1,ads1,1,1,1,0.0
WS2,F,9,2,interstitial,3,int0,1,int0,1,1,1,0.0
WS2,Fe,26,4,adsorbate,3,ads1,1,ads2,0,1,1,0.039652759999966314
WS2,Ga,31,4,adsorbate,2,ads1,1,ads1,1,0,,0.0
WS2,Ga,31,4,interstitial,2,int3,1,int4,0,0,,0.004949259999989408
WS2,Ge,32,4,adsorbate,2,ads0,1,ads0,1,0,,0.0
WS2,H,1,1,adsorbate,4,ads0,1,ads0,1,1,1,0.0
WS2,H,1,1,interstitial,4,int0,1,int0,1,1,1,0.0
WS2,Hf,72,6,adsorbate,3,ads1,1,ads1,1,1,1,0.0
WS2,Hg,80,6,adsorbate,3,ads1,1,ads1,1,1,1,0.0
WS2,I,53,5,adsorbate,3,ads0,1,ads0,1,1,1,0.0
WS2,Ir,77,6,adsorbate,2,ads1,1,ads1,1,0,,0.0
WS2,K,19,4,adsorbate,3,ads2,1,ads0,0,1,0,0.1392393400000173
WS2,Li,3,2,adsorbate,2,ads2,1,ads2,1,0,,0.0
WS2,Li,3,2,interstitial,2,int0,1,int3,0,0,,0.0004708899999741334
WS2,Lu,71,6,adsorbate,3,ads1,1,ads1,1,1,1,0.0
WS2,Lu,71,6,interstitial,3,int0,1,int3,0,1,1,0.0025597400000396675
WS2,Mg,12,3,adsorbate,3,ads2,1,ads2,1,1,1,0.0
WS2,Mn,25,4,adsorbate,3,ads1,1,ads1,1,1,1,0.0
WS2,Mo,42,5,adsorbate,3,ads2,1,ads2,1,1,1,0.0
WS2,N,7,2,adsorbate,2,ads0,1,ads0,1,0,,0.0
WS2,N,7,2,interstitial,4,int3,1,int3,1,1,1,0.0
WS2,Nb,41,5,adsorbate,3,ads1,1,ads2,0,1,1,0.09107708999999886
WS2,Nb,41,5,interstitial,2,int4,1,int3,0,0,,0.0013064799999824572
WS2,Ni,28,4,adsorbate,3,ads2,1,ads2,1,1,1,0.0
WS2,Ni,28,4,interstitial,2,int4,1,int4,1,0,,0.0
WS2,O,8,2,adsorbate,3,ads0,1,ads0,1,1,1,0.0
WS2,O,8,2,interstitial,3,int0,1,int3,0,1,1,9.997000000794287e-05
WS2,Os,76,6,adsorbate,3,ads2,1,ads1,0,1,1,0.11149199999999837
WS2,P,15,3,adsorbate,3,ads0,1,ads0,1,1,1,0.0
WS2,Pd,46,5,adsorbate,3,ads1,1,ads1,1,1,1,0.0
WS2,Pd,46,5,interstitial,2,int4,1,int4,1,0,,0.0
WS2,Pt,78,6,adsorbate,3,ads0,1,ads0,1,1,1,0.0
WS2,Rb,37,5,adsorbate,3,ads2,1,ads2,1,1,1,0.0
WS2,Re,75,6,adsorbate,3,ads1,1,ads1,1,1,1,0.0
WS2,Rh,45,5,adsorbate,3,ads2,1,ads1,0,1,1,0.005332549999992331
WS2,Ru,44,5,adsorbate,3,ads2,1,ads1,0,1,0,0.03709637000002797
WS2,Sb,51,5,adsorbate,3,ads2,1,ads0,0,1,1,0.08120888000001969
WS2,Sc,21,4,adsorbate,2,ads2,1,ads2,1,0,,0.0
WS2,Se,34,4,adsorbate,3,ads0,1,ads0,1,1,1,0.0
WS2,Si,14,3,adsorbate,3,ads0,1,ads0,1,1,1,0.0
WS2,Sn,50,5,adsorbate,3,ads0,1,ads0,1,1,1,0.0
WS2,Sr,38,5,adsorbate,3,ads2,1,ads1,0,1,1,0.028720360000022538
WS2,Sr,38,5,interstitial,2,int0,1,int0,1,0,,0.0
WS2,Ta,73,6,adsorbate,3,ads2,1,ads2,1,1,1,0.0
WS2,Tc,43,5,adsorbate,3,ads1,1,ads0,0,1,1,0.1848257500000159
WS2,Te,52,5,adsorbate,3,ads0,1,ads0,1,1,1,0.0
WS2,Ti,22,4,adsorbate,3,ads2,1,ads2,1,1,1,0.0
WS2,Tl,81,6,adsorbate,3,ads1,1,ads1,1,1,1,0.0
WS2,V,23,4,adsorbate,3,ads1,1,ads2,0,1,1,0.018455679999988206
WS2,Xe,54,5,adsorbate,3,ads1,1,ads2,0,1,0,0.039985820000026706
WS2,Y,39,5,adsorbate,3,ads1,1,ads1,1,1,1,0.0
WS2,Zn,30,4,adsorbate,3,ads1,1,ads1,1,1,1,0.0
WS2,Zr,40,5,adsorbate,3,ads2,1,ads1,0,1,1,0.00742510000003449
WSe2,Ag,47,5,adsorbate,3,ads2,1,ads2,1,1,1,0.0
WSe2,Ag,47,5,interstitial,2,int3,1,int3,1,0,,0.0
WSe2,Al,13,3,adsorbate,3,ads1,1,ads2,0,1,1,0.1429319199999668
WSe2,Al,13,3,interstitial,3,int4,1,int4,1,1,1,0.0
WSe2,As,33,4,adsorbate,3,ads0,1,ads1,0,1,0,0.042194859999994616
WSe2,Au,79,6,adsorbate,3,ads2,1,ads0,0,1,1,0.029990590000011252
WSe2,B,5,2,adsorbate,2,ads2,1,ads2,1,0,,0.0
WSe2,B,5,2,interstitial,5,int4,1,int4,1,1,1,0.0
WSe2,Ba,56,6,adsorbate,3,ads1,1,ads1,1,1,1,0.0
WSe2,Be,4,2,adsorbate,3,ads1,1,ads1,1,1,1,0.0
WSe2,Be,4,2,interstitial,3,int2,1,int2,1,1,1,0.0
WSe2,Br,35,4,adsorbate,3,ads0,1,ads2,0,1,0,0.07538328999999067
WSe2,C,6,2,adsorbate,2,ads0,1,ads0,1,0,,0.0
WSe2,C,6,2,interstitial,5,int4,1,int2,0,1,1,3.450000008342613e-06
WSe2,Ca,20,4,adsorbate,3,ads1,1,ads1,1,1,1,0.0
WSe2,Ca,20,4,interstitial,4,int4,1,int3,0,1,1,0.020946519999995417
WSe2,Cd,48,5,adsorbate,3,ads1,1,ads2,0,1,0,0.013366070000017771
WSe2,Cl,17,3,adsorbate,3,ads0,1,ads2,0,1,1,0.08045852000003606
WSe2,Cl,17,3,interstitial,4,int2,1,int4,0,1,1,1.7055129700000293
WSe2,Co,27,4,adsorbate,3,ads1,1,ads1,1,1,1,0.0
WSe2,Co,27,4,interstitial,4,int2,1,int2,1,1,1,0.0
WSe2,Cr,24,4,adsorbate,3,ads1,1,ads1,1,1,1,0.0
WSe2,Cs,55,6,adsorbate,3,ads1,1,ads1,1,1,1,0.0
WSe2,Cu,29,4,adsorbate,2,ads2,1,ads2,1,0,,0.0
WSe2,F,9,2,adsorbate,2,ads0,1,ads0,1,0,,0.0
WSe2,F,9,2,interstitial,4,int0,1,int2,0,1,1,0.0005260400000111076
WSe2,Fe,26,4,adsorbate,3,ads1,1,ads1,1,1,1,0.0
WSe2,Fe,26,4,interstitial,4,int2,1,int3,0,1,0,0.3906629800000019
WSe2,Ga,31,4,adsorbate,3,ads1,1,ads2,0,1,1,0.0836704000000168
WSe2,Ga,31,4,interstitial,2,int4,1,int4,1,0,,0.0
WSe2,Ge,32,4,adsorbate,3,ads0,1,ads2,0,1,1,0.04357174000000441
WSe2,Ge,32,4,interstitial,2,int3,1,int3,1,0,,0.0
WSe2,H,1,1,adsorbate,3,ads0,1,ads1,0,1,1,0.5322994599999902
WSe2,H,1,1,interstitial,4,int0,1,int3,0,1,0,0.1188273999999867
WSe2,Hf,72,6,adsorbate,3,ads1,1,ads1,1,1,1,0.0
WSe2,Hf,72,6,interstitial,2,int4,1,int4,1,0,,0.0
WSe2,Hg,80,6,adsorbate,3,ads1,1,ads2,0,1,1,0.003543449999995202
WSe2,I,53,5,adsorbate,3,ads0,1,ads0,1,1,1,0.0
WSe2,Ir,77,6,adsorbate,3,ads1,1,ads1,1,1,1,0.0
WSe2,K,19,4,adsorbate,3,ads1,1,ads1,1,1,1,0.0
WSe2,K,19,4,interstitial,2,int4,1,int4,1,0,,0.0
WSe2,Li,3,2,adsorbate,3,ads1,1,ads1,1,1,1,0.0
WSe2,Li,3,2,interstitial,4,int0,1,int2,0,1,1,0.028624630000024798
WSe2,Lu,71,6,adsorbate,3,ads1,1,ads1,1,1,1,0.0
WSe2,Lu,71,6,interstitial,3,int4,1,int4,1,1,1,0.0
WSe2,Mg,12,3,adsorbate,3,ads1,1,ads1,1,1,1,0.0
WSe2,Mg,12,3,interstitial,3,int4,1,int4,1,1,1,0.0
WSe2,Mn,25,4,adsorbate,3,ads1,1,ads1,1,1,1,0.0
WSe2,Mn,25,4,interstitial,3,int3,1,int3,1,1,1,0.0
WSe2,Mo,42,5,adsorbate,3,ads1,1,ads1,1,1,1,0.0
WSe2,N,7,2,adsorbate,3,ads0,1,ads0,1,1,1,0.0
WSe2,N,7,2,interstitial,4,int4,1,int4,1,1,1,0.0
WSe2,Nb,41,5,adsorbate,2,ads2,1,ads2,1,0,,0.0
WSe2,Nb,41,5,interstitial,2,int3,1,int3,1,0,,0.0
WSe2,Ni,28,4,adsorbate,3,ads1,1,ads1,1,1,1,0.0
WSe2,Ni,28,4,interstitial,2,int2,1,int2,1,0,,0.0
WSe2,O,8,2,adsorbate,2,ads0,1,ads0,1,0,,0.0
WSe2,O,8,2,interstitial,3,int0,1,int4,0,1,1,5.447999996019415e-05
WSe2,Os,76,6,adsorbate,3,ads1,1,ads1,1,1,1,0.0
WSe2,Os,76,6,interstitial,2,int0,1,int0,1,0,,0.0
WSe2,P,15,3,adsorbate,3,ads0,1,ads1,0,1,1,0.27626689000004445
WSe2,P,15,3,interstitial,2,int0,1,int0,1,0,,0.0
WSe2,Pd,46,5,adsorbate,3,ads1,1,ads1,1,1,1,0.0
WSe2,Pt,78,6,adsorbate,3,ads1,1,ads1,1,1,1,0.0
WSe2,Rb,37,5,adsorbate,3,ads1,1,ads1,1,1,1,0.0
WSe2,Re,75,6,adsorbate,3,ads1,1,ads1,1,1,1,0.0
WSe2,Re,75,6,interstitial,2,int4,1,int3,0,0,,0.00015086000001929278
WSe2,Rh,45,5,adsorbate,3,ads1,1,ads1,1,1,1,0.0
WSe2,Ru,44,5,adsorbate,3,ads1,1,ads1,1,1,1,0.0
WSe2,S,16,3,adsorbate,3,ads0,1,ads0,1,1,1,0.0
WSe2,S,16,3,interstitial,2,int2,1,int2,1,0,,0.0
WSe2,Sb,51,5,adsorbate,3,ads2,1,ads0,0,1,1,0.10674456999998982
WSe2,Sc,21,4,adsorbate,3,ads1,1,ads1,1,1,1,0.0
WSe2,Sc,21,4,interstitial,2,int3,1,int3,1,0,,0.0
WSe2,Si,14,3,adsorbate,3,ads0,1,ads1,0,1,1,0.538246939999965
WSe2,Sn,50,5,adsorbate,3,ads0,1,ads0,1,1,1,0.0
WSe2,Sr,38,5,adsorbate,3,ads1,1,ads1,1,1,1,0.0
WSe2,Sr,38,5,interstitial,2,int3,1,int3,1,0,,0.0
WSe2,Ta,73,6,adsorbate,3,ads1,1,ads1,1,1,1,0.0
WSe2,Tc,43,5,adsorbate,3,ads1,1,ads1,1,1,1,0.0
WSe2,Tc,43,5,interstitial,2,int3,1,int4,0,0,,5.2369999991697114e-05
WSe2,Te,52,5,adsorbate,3,ads0,1,ads0,1,1,1,0.0
WSe2,Ti,22,4,adsorbate,3,ads1,1,ads1,1,1,1,0.0
WSe2,Tl,81,6,adsorbate,3,ads1,1,ads0,0,1,1,0.10747804999999744
WSe2,Tl,81,6,interstitial,2,int3,1,int3,1,0,,0.0
WSe2,V,23,4,adsorbate,2,ads2,1,ads2,1,0,,0.0
WSe2,V,23,4,interstitial,2,int4,1,int4,1,0,,0.0
WSe2,Xe,54,5,adsorbate,3,ads0,1,ads0,1,1,1,0.0
WSe2,Y,39,5,adsorbate,3,ads1,1,ads1,1,1,1,0.0
WSe2,Y,39,5,interstitial,2,int4,1,int4,1,0,,0.0
WSe2,Zn,30,4,adsorbate,3,ads1,1,ads1,1,1,1,0.0
WSe2,Zr,40,5,adsorbate,3,ads1,1,ads1,1,1,1,0.0
WTe2,Ag,47,5,adsorbate,3,ads2,1,ads2,1,1,1,0.0
WTe2,Al,13,3,adsorbate,3,ads1,1,ads2,0,1,1,0.28408386000000974
WTe2,Al,13,3,interstitial,2,int4,1,int4,1,0,,0.0
WTe2,As,33,4,adsorbate,3,ads0,1,ads0,1,1,1,0.0
WTe2,As,33,4,interstitial,2,int2,1,int2,1,0,,0.0
WTe2,Au,79,6,adsorbate,3,ads2,1,ads2,1,1,1,0.0
WTe2,B,5,2,adsorbate,3,ads1,1,ads1,1,1,1,0.0
WTe2,B,5,2,interstitial,5,int3,1,int4,0,1,1,0.0026104800000155137
WTe2,Ba,56,6,adsorbate,3,ads1,1,ads0,0,1,0,0.4250471500000115
WTe2,Be,4,2,adsorbate,3,ads1,1,ads1,1,1,1,0.0
WTe2,Be,4,2,interstitial,4,int0,1,int0,1,1,1,0.0
WTe2,Br,35,4,adsorbate,3,ads2,1,ads2,1,1,1,0.0
WTe2,Br,35,4,interstitial,2,int4,1,int4,1,0,,0.0
WTe2,C,6,2,adsorbate,2,ads0,1,ads2,0,0,,0.380599200000006
WTe2,C,6,2,interstitial,5,int4,1,int4,1,1,1,0.0
WTe2,Ca,20,4,adsorbate,3,ads1,1,ads2,0,1,1,0.1579454799999953
WTe2,Ca,20,4,interstitial,4,int0,1,int0,1,1,1,0.0
WTe2,Cd,48,5,adsorbate,2,ads1,1,ads1,1,0,,0.0
WTe2,Cl,17,3,adsorbate,3,ads2,1,ads2,1,1,1,0.0
WTe2,Cl,17,3,interstitial,2,int4,1,int4,1,0,,0.0
WTe2,Co,27,4,adsorbate,2,ads2,1,ads2,1,0,,0.0
WTe2,Co,27,4,interstitial,3,int4,1,int4,1,1,1,0.0
WTe2,Cr,24,4,adsorbate,3,ads1,1,ads1,1,1,1,0.0
WTe2,Cr,24,4,interstitial,3,int4,1,int4,1,1,1,0.0
WTe2,Cs,55,6,adsorbate,3,ads1,1,ads1,1,1,1,0.0
WTe2,Cs,55,6,interstitial,2,int4,1,int4,1,0,,0.0
WTe2,F,9,2,adsorbate,2,ads2,1,ads2,1,0,,0.0
WTe2,F,9,2,interstitial,4,int4,1,int4,1,1,1,0.0
WTe2,Fe,26,4,adsorbate,3,ads1,1,ads1,1,1,1,0.0
WTe2,Fe,26,4,interstitial,3,int4,1,int4,1,1,1,0.0
WTe2,Ga,31,4,interstitial,2,int4,1,int4,1,0,,0.0
WTe2,Ge,32,4,adsorbate,2,ads2,1,ads0,0,0,,0.019738240000009455
WTe2,H,1,1,adsorbate,2,ads1,1,ads1,1,0,,0.0
WTe2,H,1,1,interstitial,6,int4,1,int4,1,1,1,0.0
WTe2,Hf,72,6,adsorbate,3,ads1,1,ads1,1,1,1,0.0
WTe2,Hg,80,6,adsorbate,2,ads1,1,ads1,1,0,,0.0
WTe2,I,53,5,adsorbate,3,ads2,1,ads1,0,1,0,0.17944808000001444
WTe2,Ir,77,6,adsorbate,3,ads1,1,ads1,1,1,1,0.0
WTe2,K,19,4,adsorbate,3,ads1,1,ads1,1,1,1,0.0
WTe2,K,19,4,interstitial,2,int4,1,int4,1,0,,0.0
WTe2,Li,3,2,adsorbate,2,ads1,1,ads1,1,0,,0.0
WTe2,Li,3,2,interstitial,3,int3,1,int4,0,1,1,0.01715386000000807
WTe2,Lu,71,6,adsorbate,3,ads1,1,ads2,0,1,1,0.2553140100000064
WTe2,Lu,71,6,interstitial,4,int3,1,int4,0,1,1,1.918544569999995
WTe2,Mg,12,3,adsorbate,3,ads1,1,ads0,0,1,0,0.07302530000001206
WTe2,Mg,12,3,interstitial,2,int4,1,int4,1,0,,0.0
WTe2,Mn,25,4,adsorbate,3,ads1,1,ads1,1,1,1,0.0
WTe2,Mn,25,4,interstitial,2,int4,1,int4,1,0,,0.0
WTe2,Mo,42,5,adsorbate,3,ads1,1,ads1,1,1,1,0.0
WTe2,Mo,42,5,interstitial,2,int4,1,int4,1,0,,0.0
WTe2,N,7,2,adsorbate,3,ads1,1,ads1,1,1,1,0.0
WTe2,N,7,2,interstitial,4,int4,1,int4,1,1,1,0.0
WTe2,Nb,41,5,adsorbate,3,ads1,1,ads1,1,1,1,0.0
WTe2,Ni,28,4,adsorbate,3,ads1,1,ads1,1,1,1,0.0
WTe2,Ni,28,4,interstitial,2,int4,1,int4,1,0,,0.0
WTe2,O,8,2,adsorbate,2,ads0,1,ads0,1,0,,0.0
WTe2,O,8,2,interstitial,5,int4,1,int0,0,1,0,0.003596229999999423
WTe2,Os,76,6,adsorbate,3,ads2,1,ads1,0,1,0,0.9726664699999796
WTe2,Os,76,6,interstitial,2,int4,1,int4,1,0,,0.0
WTe2,P,15,3,adsorbate,3,ads0,1,ads0,1,1,1,0.0
WTe2,P,15,3,interstitial,2,int4,1,int4,1,0,,0.0
WTe2,Pb,82,6,adsorbate,2,ads0,1,ads0,1,0,,0.0
WTe2,Pd,46,5,adsorbate,3,ads1,1,ads1,1,1,1,0.0
WTe2,Pt,78,6,adsorbate,3,ads1,1,ads1,1,1,1,0.0
WTe2,Rb,37,5,adsorbate,3,ads1,1,ads1,1,1,1,0.0
WTe2,Re,75,6,adsorbate,3,ads1,1,ads1,1,1,1,0.0
WTe2,Re,75,6,interstitial,2,int0,1,int4,0,0,,0.29738938999997755
WTe2,Rh,45,5,adsorbate,3,ads1,1,ads1,1,1,1,0.0
WTe2,Ru,44,5,adsorbate,3,ads1,1,ads1,1,1,1,0.0
WTe2,S,16,3,adsorbate,3,ads0,1,ads0,1,1,1,0.0
WTe2,S,16,3,interstitial,2,int4,1,int4,1,0,,0.0
WTe2,Sb,51,5,adsorbate,3,ads0,1,ads1,0,1,1,0.27417923999999605
WTe2,Se,34,4,adsorbate,2,ads2,1,ads2,1,0,,0.0
WTe2,Se,34,4,interstitial,2,int4,1,int4,1,0,,0.0
WTe2,Si,14,3,adsorbate,3,ads0,1,ads0,1,1,1,0.0
WTe2,Si,14,3,interstitial,2,int4,1,int4,1,0,,0.0
WTe2,Sn,50,5,adsorbate,3,ads0,1,ads0,1,1,1,0.0
WTe2,Sr,38,5,adsorbate,3,ads1,1,ads2,0,1,1,0.11300202000001036
WTe2,Sr,38,5,interstitial,3,int3,1,int0,0,1,1,0.028550560000013547
WTe2,Ta,73,6,adsorbate,3,ads1,1,ads1,1,1,1,0.0
WTe2,Tc,43,5,adsorbate,2,ads2,1,ads2,1,0,,0.0
WTe2,Ti,22,4,adsorbate,3,ads1,1,ads1,1,1,1,0.0
WTe2,Tl,81,6,adsorbate,3,ads1,1,ads0,0,1,0,0.23807764000000042
WTe2,V,23,4,adsorbate,3,ads1,1,ads1,1,1,1,0.0
WTe2,V,23,4,interstitial,2,int4,1,int4,1,0,,0.0
WTe2,Xe,54,5,adsorbate,3,ads0,1,ads0,1,1,1,0.0
WTe2,Y,39,5,adsorbate,3,ads1,1,ads1,1,1,1,0.0
WTe2,Zn,30,4,adsorbate,2,ads0,1,ads0,1,0,,0.0
WTe2,Zn,30,4,interstitial,2,int4,1,int4,1,0,,0.0
WTe2,Zr,40,5,adsorbate,3,ads1,1,ads1,1,1,1,0.0
ZrS2,Ag,47,5,adsorbate,4,ads2,1,ads2,1,1,1,0.0
ZrS2,Al,13,3,adsorbate,3,ads2,1,ads1,0,1,1,0.02226390000001288
ZrS2,Al,13,3,interstitial,2,int1,1,int1,1,0,,0.0
ZrS2,As,33,4,adsorbate,3,ads1,1,ads1,1,1,1,0.0
ZrS2,As,33,4,interstitial,2,int1,1,int1,1,0,,0.0
ZrS2,Au,79,6,adsorbate,4,int1,1,int1,1,1,1,0.0
ZrS2,B,5,2,interstitial,3,ads2,1,ads2,1,1,1,0.0
ZrS2,Ba,56,6,adsorbate,3,ads2,1,ads2,1,1,1,0.0
ZrS2,Be,4,2,adsorbate,3,ads2,1,ads2,1,1,1,0.0
ZrS2,Be,4,2,interstitial,2,int1,1,int1,1,0,,0.0
ZrS2,Br,35,4,adsorbate,3,ads1,1,ads1,1,1,1,0.0
ZrS2,C,6,2,adsorbate,2,ads1,1,ads1,1,0,,0.0
ZrS2,C,6,2,interstitial,3,int0,1,int1,0,1,1,0.14777394999998705
ZrS2,Ca,20,4,adsorbate,4,ads2,1,ads2,1,1,1,0.0
ZrS2,Cd,48,5,adsorbate,4,ads1,1,ads1,1,1,1,0.0
ZrS2,Cl,17,3,adsorbate,3,ads1,1,ads1,1,1,1,0.0
ZrS2,Co,27,4,adsorbate,3,ads2,1,ads2,1,1,1,0.0
ZrS2,Co,27,4,interstitial,2,int1,1,int1,1,0,,0.0
ZrS2,Cr,24,4,adsorbate,3,ads2,1,ads2,1,1,1,0.0
ZrS2,Cr,24,4,interstitial,2,int1,1,int1,1,0,,0.0
ZrS2,Cs,55,6,adsorbate,3,ads2,1,ads1,0,1,1,0.033530539999986786
ZrS2,Cu,29,4,adsorbate,3,ads2,1,ads2,1,1,1,0.0
ZrS2,F,9,2,adsorbate,2,ads1,1,ads1,1,0,,0.0
ZrS2,F,9,2,interstitial,3,int1,1,int1,1,1,1,0.0
ZrS2,Fe,26,4,adsorbate,3,ads2,1,ads2,1,1,1,0.0
ZrS2,Fe,26,4,interstitial,2,int1,1,int1,1,0,,0.0
ZrS2,Ga,31,4,adsorbate,2,ads0,1,ads0,1,0,,0.0
ZrS2,Ge,32,4,adsorbate,2,ads1,1,ads1,1,0,,0.0
ZrS2,H,1,1,adsorbate,2,ads0,1,ads1,0,0,,0.5117505499999881
ZrS2,H,1,1,interstitial,3,int0,1,int1,0,1,1,0.1833225299999981
ZrS2,Hf,72,6,adsorbate,4,ads2,1,int1,0,1,1,0.10791908999999579
ZrS2,Hg,80,6,adsorbate,4,ads1,1,ads2,0,1,1,2.5328885099999923
ZrS2,I,53,5,adsorbate,3,ads0,1,ads0,1,1,1,0.0
ZrS2,Ir,77,6,adsorbate,3,ads2,1,ads2,1,1,1,0.0
ZrS2,Ir,77,6,interstitial,2,int1,1,int1,1,0,,0.0
ZrS2,K,19,4,adsorbate,3,ads2,1,ads2,1,1,1,0.0
ZrS2,Li,3,2,adsorbate,4,int1,1,int1,1,1,1,0.0
ZrS2,Lu,71,6,adsorbate,4,int1,1,ads2,0,1,1,6.928999999900043e-05
ZrS2,Mg,12,3,adsorbate,4,ads2,1,ads2,1,1,1,0.0
ZrS2,Mn,25,4,adsorbate,4,ads2,1,ads2,1,1,1,0.0
ZrS2,Mo,42,5,adsorbate,4,ads2,1,ads2,1,1,1,0.0
ZrS2,N,7,2,adsorbate,2,ads1,1,ads1,1,0,,0.0
ZrS2,N,7,2,interstitial,2,int1,1,int1,1,0,,0.0
ZrS2,Nb,41,5,adsorbate,4,ads2,1,ads2,1,1,1,0.0
ZrS2,Ni,28,4,adsorbate,3,ads2,1,ads2,1,1,1,0.0
ZrS2,Ni,28,4,interstitial,2,int1,1,int1,1,0,,0.0
ZrS2,O,8,2,adsorbate,2,ads1,1,ads1,1,0,,0.0
ZrS2,O,8,2,interstitial,2,int1,1,int1,1,0,,0.0
ZrS2,Os,76,6,adsorbate,3,ads2,1,ads2,1,1,1,0.0
ZrS2,P,15,3,adsorbate,3,ads1,1,ads1,1,1,1,0.0
ZrS2,Pd,46,5,adsorbate,3,ads2,1,ads2,1,1,1,0.0
ZrS2,Pd,46,5,interstitial,2,int1,1,int1,1,0,,0.0
ZrS2,Pt,78,6,adsorbate,3,ads2,1,ads2,1,1,1,0.0
ZrS2,Pt,78,6,interstitial,2,int1,1,int1,1,0,,0.0
ZrS2,Rb,37,5,adsorbate,3,ads2,1,ads1,0,1,1,0.04662792999999965
ZrS2,Re,75,6,adsorbate,3,ads2,1,ads2,1,1,1,0.0
ZrS2,Rh,45,5,adsorbate,2,ads1,1,ads1,1,0,,0.0
ZrS2,Ru,44,5,adsorbate,3,ads1,1,ads2,0,1,1,3.812186280000021
ZrS2,Ru,44,5,interstitial,2,int1,1,int1,1,0,,0.0
ZrS2,Sb,51,5,adsorbate,3,ads1,1,ads1,1,1,1,0.0
ZrS2,Sc,21,4,adsorbate,4,ads2,1,ads2,1,1,1,0.0
ZrS2,Se,34,4,adsorbate,3,ads1,1,ads1,1,1,1,0.0
ZrS2,Se,34,4,interstitial,2,int1,1,int1,1,0,,0.0
ZrS2,Si,14,3,adsorbate,2,ads1,1,ads1,1,0,,0.0
ZrS2,Si,14,3,interstitial,3,int1,1,ads2,0,1,1,0.13912847000000328
ZrS2,Sn,50,5,adsorbate,2,ads1,1,ads1,1,0,,0.0
ZrS2,Sn,50,5,interstitial,2,int1,1,int1,1,0,,0.0
ZrS2,Sr,38,5,adsorbate,4,int1,1,int1,1,1,1,0.0
ZrS2,Ta,73,6,adsorbate,4,int1,1,int1,1,1,1,0.0
ZrS2,Tc,43,5,adsorbate,2,ads2,1,ads2,1,0,,0.0
ZrS2,Te,52,5,adsorbate,3,ads1,1,ads0,0,1,1,0.4002538299999969
ZrS2,Ti,22,4,adsorbate,4,ads2,1,ads2,1,1,1,0.0
ZrS2,Tl,81,6,adsorbate,3,ads2,1,ads2,1,1,1,0.0
ZrS2,Tl,81,6,interstitial,2,int1,1,int1,1,0,,0.0
ZrS2,V,23,4,adsorbate,2,ads1,1,ads1,1,0,,0.0
ZrS2,V,23,4,interstitial,2,int1,1,int1,1,0,,0.0
ZrS2,W,74,6,adsorbate,2,ads1,1,ads1,1,0,,0.0
ZrS2,W,74,6,interstitial,2,int1,1,int1,1,0,,0.0
ZrS2,Xe,54,5,adsorbate,3,ads1,1,ads0,0,1,0,0.07392540000000719
ZrS2,Y,39,5,adsorbate,3,ads2,1,ads2,1,1,1,0.0
ZrS2,Zn,30,4,adsorbate,3,int1,1,ads1,0,1,1,0.5108458699999971
ZrSe2,Ag,47,5,adsorbate,4,int2,1,ads2,0,1,1,0.261575910000005
ZrSe2,Al,13,3,adsorbate,3,ads2,1,ads2,1,1,1,0.0
ZrSe2,Al,13,3,interstitial,2,int2,1,int2,1,0,,0.0
ZrSe2,As,33,4,adsorbate,3,ads1,1,ads1,1,1,1,0.0
ZrSe2,As,33,4,interstitial,2,int2,1,int2,1,0,,0.0
ZrSe2,Au,79,6,adsorbate,4,int2,1,int2,1,1,1,0.0
ZrSe2,B,5,2,interstitial,5,ads2,1,ads2,1,1,1,0.0
ZrSe2,Ba,56,6,adsorbate,3,ads2,1,ads2,1,1,1,0.0
ZrSe2,Be,4,2,adsorbate,3,ads2,1,ads2,1,1,1,0.0
ZrSe2,Be,4,2,interstitial,2,int2,1,int2,1,0,,0.0
ZrSe2,Br,35,4,adsorbate,3,ads2,1,ads0,0,1,1,0.07598106999998333
ZrSe2,C,6,2,adsorbate,2,ads2,1,ads2,1,0,,0.0
ZrSe2,C,6,2,interstitial,3,int2,1,int2,1,1,1,0.0
ZrSe2,Ca,20,4,adsorbate,4,int2,1,ads2,0,1,1,0.002034560000026664
ZrSe2,Cd,48,5,adsorbate,2,ads0,1,ads1,0,0,,0.000499959999984867
ZrSe2,Cl,17,3,adsorbate,4,ads1,1,ads1,1,1,1,0.0
ZrSe2,Co,27,4,adsorbate,3,ads2,1,ads2,1,1,1,0.0
ZrSe2,Co,27,4,interstitial,2,int2,1,int2,1,0,,0.0
ZrSe2,Cr,24,4,adsorbate,3,ads1,1,ads2,0,1,1,4.213088510000006
ZrSe2,Cr,24,4,interstitial,2,int0,1,int2,0,0,,11.479313520000005
ZrSe2,Cs,55,6,adsorbate,3,ads2,1,ads1,0,1,1,0.07009221999999315
ZrSe2,Cu,29,4,adsorbate,3,ads2,1,ads2,1,1,1,0.0
ZrSe2,Cu,29,4,interstitial,2,int2,1,int2,1,0,,0.0
ZrSe2,F,9,2,adsorbate,2,ads1,1,ads1,1,0,,0.0
ZrSe2,F,9,2,interstitial,3,int2,1,int2,1,1,1,0.0
ZrSe2,Fe,26,4,adsorbate,3,ads2,1,ads2,1,1,1,0.0
ZrSe2,Fe,26,4,interstitial,2,int2,1,int2,1,0,,0.0
ZrSe2,Ga,31,4,adsorbate,3,ads2,1,ads2,1,1,1,0.0
ZrSe2,Ga,31,4,interstitial,2,int2,1,int2,1,0,,0.0
ZrSe2,Ge,32,4,adsorbate,3,ads1,1,ads1,1,1,1,0.0
ZrSe2,Ge,32,4,interstitial,2,int2,1,int2,1,0,,0.0
ZrSe2,H,1,1,adsorbate,2,ads0,1,ads0,1,0,,0.0
ZrSe2,H,1,1,interstitial,4,int1,1,ads2,0,1,1,0.9395335099999895
ZrSe2,Hf,72,6,adsorbate,4,int2,1,int2,1,1,1,0.0
ZrSe2,Hg,80,6,adsorbate,4,ads1,1,ads2,0,1,0,0.3009794099999964
ZrSe2,I,53,5,adsorbate,3,ads0,1,ads1,0,1,1,0.02102249000000711
ZrSe2,Ir,77,6,adsorbate,2,ads1,1,ads1,1,0,,0.0
ZrSe2,Ir,77,6,interstitial,2,int2,1,int2,1,0,,0.0
ZrSe2,K,19,4,adsorbate,3,ads2,1,ads2,1,1,1,0.0
ZrSe2,Li,3,2,adsorbate,4,int1,1,ads2,0,1,1,0.14548840000000496
ZrSe2,Li,3,2,interstitial,2,int2,1,int2,1,0,,0.0
ZrSe2,Lu,71,6,adsorbate,3,int2,1,int2,1,1,1,0.0
ZrSe2,Mg,12,3,adsorbate,4,ads2,1,ads2,1,1,1,0.0
ZrSe2,Mn,25,4,adsorbate,3,ads2,1,ads2,1,1,1,0.0
ZrSe2,Mn,25,4,interstitial,2,int2,1,int2,1,0,,0.0
ZrSe2,Mo,42,5,adsorbate,2,ads1,1,ads1,1,0,,0.0
ZrSe2,Mo,42,5,interstitial,2,int2,1,int2,1,0,,0.0
ZrSe2,N,7,2,adsorbate,2,ads1,1,ads1,1,0,,0.0
ZrSe2,N,7,2,interstitial,3,int2,1,int2,1,1,1,0.0
ZrSe2,Nb,41,5,adsorbate,3,ads2,1,ads2,1,1,1,0.0
ZrSe2,Nb,41,5,interstitial,2,int2,1,int2,1,0,,0.0
ZrSe2,Ni,28,4,interstitial,2,int2,1,int2,1,0,,0.0
ZrSe2,O,8,2,adsorbate,2,ads1,1,ads1,1,0,,0.0
ZrSe2,O,8,2,interstitial,3,int2,1,int2,1,1,1,0.0
ZrSe2,Os,76,6,adsorbate,3,ads2,1,ads2,1,1,1,0.0
ZrSe2,Os,76,6,interstitial,2,int2,1,int2,1,0,,0.0
ZrSe2,P,15,3,adsorbate,3,ads1,1,ads2,0,1,1,0.24799878000001774
ZrSe2,P,15,3,interstitial,2,int2,1,int2,1,0,,0.0
ZrSe2,Pd,46,5,adsorbate,3,ads2,1,ads1,0,1,1,0.7725268799999866
ZrSe2,Pd,46,5,interstitial,2,int2,1,int2,1,0,,0.0
ZrSe2,Pt,78,6,adsorbate,3,ads2,1,ads1,0,1,1,0.036670009999994146
ZrSe2,Pt,78,6,interstitial,2,int2,1,int2,1,0,,0.0
ZrSe2,Rb,37,5,adsorbate,3,ads2,1,ads1,0,1,1,0.05551424999998722
ZrSe2,Re,75,6,interstitial,2,int2,1,int2,1,0,,0.0
ZrSe2,Rh,45,5,adsorbate,2,ads1,1,ads1,1,0,,0.0
ZrSe2,Rh,45,5,interstitial,2,int2,1,int2,1,0,,0.0
ZrSe2,Ru,44,5,adsorbate,3,ads2,1,ads2,1,1,1,0.0
ZrSe2,Ru,44,5,interstitial,2,int2,1,int2,1,0,,0.0
ZrSe2,S,16,3,adsorbate,2,ads1,1,ads1,1,0,,0.0
ZrSe2,S,16,3,interstitial,2,int0,1,int0,1,0,,0.0
ZrSe2,Sb,51,5,adsorbate,3,ads1,1,ads2,0,1,1,0.866533930000003
ZrSe2,Sb,51,5,interstitial,2,int2,1,int2,1,0,,0.0
ZrSe2,Sc,21,4,adsorbate,4,ads2,1,ads2,1,1,1,0.0
ZrSe2,Si,14,3,adsorbate,3,ads1,1,ads1,1,1,1,0.0
ZrSe2,Si,14,3,interstitial,2,int2,1,int2,1,0,,0.0
ZrSe2,Sn,50,5,adsorbate,3,ads2,1,ads2,1,1,1,0.0
ZrSe2,Sn,50,5,interstitial,2,int2,1,int2,1,0,,0.0
ZrSe2,Sr,38,5,adsorbate,3,ads2,1,ads2,1,1,1,0.0
ZrSe2,Ta,73,6,adsorbate,3,ads2,1,ads2,1,1,1,0.0
ZrSe2,Tc,43,5,adsorbate,3,ads2,1,ads2,1,1,1,0.0
ZrSe2,Tc,43,5,interstitial,2,int2,1,int2,1,0,,0.0
ZrSe2,Te,52,5,adsorbate,2,ads0,1,ads0,1,0,,0.0
ZrSe2,Te,52,5,interstitial,2,int2,1,int2,1,0,,0.0
ZrSe2,Ti,22,4,adsorbate,3,ads2,1,ads2,1,1,1,0.0
ZrSe2,Ti,22,4,interstitial,2,int2,1,int2,1,0,,0.0
ZrSe2,Tl,81,6,adsorbate,3,ads1,1,ads2,0,1,1,0.15015776999999267
ZrSe2,V,23,4,adsorbate,3,ads2,1,ads2,1,1,1,0.0
ZrSe2,V,23,4,interstitial,2,int2,1,int2,1,0,,0.0
ZrSe2,W,74,6,adsorbate,3,ads2,1,ads2,1,1,1,0.0
ZrSe2,Xe,54,5,adsorbate,3,ads1,1,ads0,0,1,0,0.5548727299999995
ZrSe2,Y,39,5,adsorbate,4,ads2,1,ads2,1,1,1,0.0
ZrSe2,Zn,30,4,adsorbate,3,ads2,1,ads2,1,1,1,0.0
