{
  "config": {
    "initial_frac": 0.1,
    "n_rounds": 15,
    "k_per_round": 50,
    "mc_k": 10,
    "epochs_per_round": 20,
    "batch_size": 16,
    "lr_backbone": 1e-05,
    "lr_readout": 0.001,
    "n_random_seeds": 3,
    "global_seed": 42
  },
  "active": {
    "n_labeled": [
      851,
      901,
      951,
      1001,
      1051,
      1101,
      1151,
      1201,
      1251,
      1301,
      1351,
      1401,
      1451,
      1501,
      1551,
      1601
    ],
    "test_mae": [
      0.508131078711138,
      0.5030797139020033,
      0.49988274551893064,
      0.49648407143606266,
      0.5017199001401803,
      0.4988401833834223,
      0.4982724404670823,
      0.4965902950842056,
      0.4976875560384401,
      0.4982193371499648,
      0.49503044925385237,
      0.4978064490036226,
      0.4908212939338505,
      0.5104196214899771,
      0.4948624138541065,
      0.504938763408034
    ],
    "aulc": 374.3125695857644
  },
  "random": {
    "n_labeled": [
      851,
      901,
      951,
      1001,
      1051,
      1101,
      1151,
      1201,
      1251,
      1301,
      1351,
      1401,
      1451,
      1501,
      1551,
      1601
    ],
    "test_mae_mean": [
      0.5057510205837482,
      0.5050499422822573,
      0.5054309643490213,
      0.5063771273981611,
      0.5006729887871302,
      0.498996715068071,
      0.5066111775071408,
      0.5077220742131622,
      0.5003247187171184,
      0.4981823975304856,
      0.5029037724824765,
      0.502929431545156,
      0.5011725086188279,
      0.5012770640085188,
      0.5045646360036167,
      0.4998468288606694
    ],
    "test_mae_std": [
      0.003944639257302519,
      0.005724904127904768,
      0.002408397966375263,
      0.0018361497280320177,
      0.002920251574906682,
      0.0026603963864730716,
      0.0025686969413403447,
      0.003939943797594874,
      0.0029795407259962407,
      0.0032489977091030905,
      0.009446026560752215,
      0.003807264314925056,
      0.0019308953164378804,
      0.006741598818713683,
      0.003471675598355272,
      0.0012388185985163767
    ],
    "aulc": 377.2507221616677
  },
  "aulc_reduction_pct": 0.778832856586072,
  "wall_time_sec": 1345.1022338867188
}