{
  "IMP2D_test": {
    "N": 1065,
    "MAE": 0.49551424037980013,
    "mean_sigma": 0.46498384588265945,
    "median_sigma": 0.37179287247816484,
    "spearman_r": 0.5393524671282358,
    "spearman_p": 2.0248175070582533e-81,
    "ECE_z": 0.008521596244131402,
    "cov_50": 0.5107981220657277,
    "cov_68": 0.672300469483568,
    "cov_80": 0.7737089201877935,
    "cov_90": 0.8572769953051643,
    "cov_95": 0.8929577464788733
  },
  "JARVIS_2D": {
    "N": 70,
    "MAE": 2.0172880896387686,
    "mean_sigma": 0.863497252009036,
    "median_sigma": 0.7540735410309336,
    "spearman_r": 0.2949698189134809,
    "spearman_p": 0.013179497335107843,
    "ECE_z": 0.45412857142857144,
    "cov_50": 0.12857142857142856,
    "cov_68": 0.22857142857142856,
    "cov_80": 0.35714285714285715,
    "cov_90": 0.45714285714285713,
    "cov_95": 0.5428571428571428
  },
  "JARVIS_3D": {
    "N": 381,
    "MAE": 2.3452317226586414,
    "mean_sigma": 1.3853478418529337,
    "median_sigma": 1.304222558424923,
    "spearman_r": 0.32967846384390304,
    "spearman_p": 4.1304580496896845e-11,
    "ECE_z": 0.3887367454068241,
    "cov_50": 0.1994750656167979,
    "cov_68": 0.29396325459317585,
    "cov_80": 0.3805774278215223,
    "cov_90": 0.5091863517060368,
    "cov_95": 0.6089238845144357
  }
}