{
  "imp2d_test_single": {
    "MAE": 0.5163582124843529,
    "RMSE": 1.1435918358475534,
    "R2": 0.8781625735675047,
    "MedianAE": 0.27161967754364014,
    "N": 1065
  },
  "jarvis_2d_single": {
    "MAE": 2.2966974777834754,
    "RMSE": 2.9405591903135186,
    "R2": -0.560825645241755,
    "MedianAE": 1.8503133356571198,
    "N": 70
  },
  "jarvis_3d_single": {
    "MAE": 2.626103807549943,
    "RMSE": 3.3905576604594265,
    "R2": -2.059804096529712,
    "MedianAE": 1.9579592943191528,
    "N": 381
  },
  "jarvis_2d_per_host": {
    "As": {
      "MAE": 1.114190697669983,
      "N": 1,
      "mean_Ef": 1.7546499967575073,
      "std_Ef": 0.0
    },
    "BN": {
      "MAE": 4.309149980545044,
      "N": 1,
      "mean_Ef": 7.935689926147461,
      "std_Ef": 0.0
    },
    "Bi": {
      "MAE": 0.5605223178863525,
      "N": 1,
      "mean_Ef": 1.3307900428771973,
      "std_Ef": 0.0
    },
    "Bi2Se3": {
      "MAE": 2.6765596866607666,
      "N": 2,
      "mean_Ef": 1.8458950519561768,
      "std_Ef": 0.25473499298095703
    },
    "Bi2Te3": {
      "MAE": 1.60977403819561,
      "N": 2,
      "mean_Ef": 1.1640600115060806,
      "std_Ef": 0.6707600206136703
    },
    "Bi2TeI": {
      "MAE": 2.446683168411255,
      "N": 1,
      "mean_Ef": 1.6198699474334717,
      "std_Ef": 0.0
    },
    "C": {
      "MAE": 2.306793212890625,
      "N": 1,
      "mean_Ef": 7.911839962005615,
      "std_Ef": 0.0
    },
    "CrSe": {
      "MAE": 1.4664828777313232,
      "N": 1,
      "mean_Ef": 3.062419891357422,
      "std_Ef": 0.0
    },
    "FeCl3": {
      "MAE": 0.5346931417783102,
      "N": 3,
      "mean_Ef": 1.8773600061734517,
      "std_Ef": 0.8629390408047787
    },
    "FeSe": {
      "MAE": 0.6261407732963562,
      "N": 1,
      "mean_Ef": 0.39726001024246216,
      "std_Ef": 0.0
    },
    "FeTe": {
      "MAE": 3.6695775985717773,
      "N": 1,
      "mean_Ef": 0.5246000289916992,
      "std_Ef": 0.0
    },
    "GaS": {
      "MAE": 3.2145156860351562,
      "N": 1,
      "mean_Ef": 2.7855401039123535,
      "std_Ef": 0.0
    },
    "HfS2": {
      "MAE": 7.062389612197876,
      "N": 1,
      "mean_Ef": 9.3093900680542,
      "std_Ef": 0.0
    },
    "HfTe2": {
      "MAE": 0.9825890064239502,
      "N": 1,
      "mean_Ef": 2.6816699504852295,
      "std_Ef": 0.0
    },
    "HfTe3": {
      "MAE": 2.4290105402469635,
      "N": 1,
      "mean_Ef": 0.33243998885154724,
      "std_Ef": 0.0
    },
    "HfTe5": {
      "MAE": 1.3137918909390767,
      "N": 3,
      "mean_Ef": 2.159000019232432,
      "std_Ef": 1.3824326242514555
    },
    "InBi": {
      "MAE": 1.6121129989624023,
      "N": 2,
      "mean_Ef": 0.6525650024414062,
      "std_Ef": 0.3302749991416931
    },
    "MnO2": {
      "MAE": 3.131941556930542,
      "N": 1,
      "mean_Ef": 3.4971299171447754,
      "std_Ef": 0.0
    },
    "MnSe": {
      "MAE": 2.438591480255127,
      "N": 1,
      "mean_Ef": 3.1757800579071045,
      "std_Ef": 0.0
    },
    "MoS2": {
      "MAE": 1.9177272319793701,
      "N": 2,
      "mean_Ef": 4.886504888534546,
      "std_Ef": 2.0863449573516846
    },
    "NiO2": {
      "MAE": 4.781125545501709,
      "N": 1,
      "mean_Ef": 6.643849849700928,
      "std_Ef": 0.0
    },
    "NiTe2": {
      "MAE": 2.4684893786907196,
      "N": 2,
      "mean_Ef": 1.0365599691867828,
      "std_Ef": 0.39483997225761414
    },
    "P": {
      "MAE": 0.9481186866760254,
      "N": 1,
      "mean_Ef": 1.994920015335083,
      "std_Ef": 0.0
    },
    "PbO": {
      "MAE": 2.743810772895813,
      "N": 1,
      "mean_Ef": 4.6031999588012695,
      "std_Ef": 0.0
    },
    "PtO2": {
      "MAE": 3.4050984382629395,
      "N": 1,
      "mean_Ef": 3.7168400287628174,
      "std_Ef": 0.0
    },
    "PtS2": {
      "MAE": 2.7189884185791016,
      "N": 1,
      "mean_Ef": 4.766739845275879,
      "std_Ef": 0.0
    },
    "RuCl3": {
      "MAE": 0.8213786482810974,
      "N": 2,
      "mean_Ef": 2.0462200045585632,
      "std_Ef": 0.42830997705459595
    },
    "Sb2Te3": {
      "MAE": 0.24623125791549683,
      "N": 2,
      "mean_Ef": 1.5845450162887573,
      "std_Ef": 0.24790501594543457
    },
    "SbTe": {
      "MAE": 1.785010278224945,
      "N": 1,
      "mean_Ef": 0.855650007724762,
      "std_Ef": 0.0
    },
    "Sc2C": {
      "MAE": 1.167310357093811,
      "N": 1,
      "mean_Ef": 2.3681600093841553,
      "std_Ef": 0.0
    },
    "SnS": {
      "MAE": 0.6554322242736816,
      "N": 1,
      "mean_Ef": 2.0351901054382324,
      "std_Ef": 0.0
    },
    "SnSe2": {
      "MAE": 0.5936499834060669,
      "N": 1,
      "mean_Ef": 1.2015299797058105,
      "std_Ef": 0.0
    },
    "Ta2Se": {
      "MAE": 2.374530792236328,
      "N": 1,
      "mean_Ef": 2.9339799880981445,
      "std_Ef": 0.0
    },
    "Te2W": {
      "MAE": 2.0716031789779663,
      "N": 1,
      "mean_Ef": 1.4463499784469604,
      "std_Ef": 0.0
    },
    "Ti2Te2P": {
      "MAE": 0.8990913033485413,
      "N": 2,
      "mean_Ef": 2.6697049736976624,
      "std_Ef": 0.8944949507713318
    },
    "TiCl3": {
      "MAE": 2.1741979122161865,
      "N": 2,
      "mean_Ef": 2.7121050357818604,
      "std_Ef": 0.11869502067565918
    },
    "TiS2": {
      "MAE": 7.565611124038696,
      "N": 1,
      "mean_Ef": 7.55217981338501,
      "std_Ef": 0.0
    },
    "TiTe2": {
      "MAE": 1.9070531725883484,
      "N": 2,
      "mean_Ef": 2.8245999813079834,
      "std_Ef": 0.8010900020599365
    },
    "VAgP2Se6": {
      "MAE": 6.669337749481201,
      "N": 2,
      "mean_Ef": 8.865654945373535,
      "std_Ef": 0.6242046356201172
    },
    "VSe2": {
      "MAE": 1.1118158102035522,
      "N": 1,
      "mean_Ef": 1.626979947090149,
      "std_Ef": 0.0
    },
    "WS2": {
      "MAE": 2.2380294799804688,
      "N": 1,
      "mean_Ef": 5.818349838256836,
      "std_Ef": 0.0
    },
    "WSe2": {
      "MAE": 3.983872890472412,
      "N": 2,
      "mean_Ef": 3.6047301292419434,
      "std_Ef": 0.9385700225830078
    },
    "YBr3": {
      "MAE": 4.853976607322693,
      "N": 2,
      "mean_Ef": 5.27318000793457,
      "std_Ef": 1.1958098411560059
    },
    "ZrFeCl6": {
      "MAE": 0.14062285423278809,
      "N": 1,
      "mean_Ef": 2.391510009765625,
      "std_Ef": 0.0
    },
    "ZrS3": {
      "MAE": 0.14199554920196533,
      "N": 1,
      "mean_Ef": 0.5571500062942505,
      "std_Ef": 0.0
    },
    "ZrSe2": {
      "MAE": 6.514582395553589,
      "N": 1,
      "mean_Ef": 7.325980186462402,
      "std_Ef": 0.0
    },
    "ZrTe5": {
      "MAE": 1.1344773769378662,
      "N": 3,
      "mean_Ef": 2.3369534015655518,
      "std_Ef": 1.5561400124344777
    },
    "ZrTiSe4": {
      "MAE": 2.856104016304016,
      "N": 4,
      "mean_Ef": 4.036247491836548,
      "std_Ef": 2.1663941098183828
    }
  }
}