{
  "jarvis_2d_few_shot_v2": {
    "k10": {
      "ft_MAE_mean": 1.5856067657470703,
      "ft_MAE_std": 0.0010420319916728692,
      "sc_MAE_mean": 1.8671144704023996,
      "sc_MAE_std": 0.12088132511795562,
      "improvement_pct": 15.07715296077476,
      "ft_seeds": [
        1.5870392262935638,
        1.5845908880233766,
        1.5851901829242707
      ],
      "sc_seeds": [
        1.9212392091751098,
        1.9804847419261933,
        1.699619460105896
      ]
    },
    "k20": {
      "ft_MAE_mean": 1.7639143923918406,
      "ft_MAE_std": 0.035656363757818325,
      "sc_MAE_mean": 1.801530021429062,
      "sc_MAE_std": 0.06674255421577106,
      "improvement_pct": 2.087982358871978,
      "ft_seeds": [
        1.800006341934204,
        1.7153709948062896,
        1.776365840435028
      ],
      "sc_seeds": [
        1.714520663022995,
        1.813350611925125,
        1.8767187893390656
      ]
    },
    "k30": {
      "ft_MAE_mean": 1.5494954109191894,
      "ft_MAE_std": 0.005297438402488218,
      "sc_MAE_mean": 1.6772811532020568,
      "sc_MAE_std": 0.11493577034467271,
      "improvement_pct": 7.618623868688608,
      "ft_seeds": [
        1.5433060586452485,
        1.5489345133304595,
        1.5562456607818604
      ],
      "sc_seeds": [
        1.5303619146347045,
        1.8109603703022004,
        1.6905211746692657
      ]
    }
  },
  "jarvis_3d_full_v2": {
    "ft_MAE_mean": 1.3159341000848348,
    "ft_MAE_std": 0.04511208495776383,
    "sc_MAE_mean": 1.3255445145898397,
    "sc_MAE_std": 0.031104694937177175,
    "improvement_pct": 0.7250163535985521,
    "ft_seeds": [
      1.2786398121179678,
      1.2897537705989985,
      1.3794087175375376
    ],
    "sc_seeds": [
      1.368003744727526,
      1.2943568172363134,
      1.314272981805679
    ]
  }
}