{
  "k_zero_shot": 0.8855584027015999,
  "few_shot": {
    "k=10": {
      "ft_mae": 0.7400003110981423,
      "scratch_mae": 0.5738873372883557,
      "improvement_pct": -28.945223742813024
    },
    "k=30": {
      "ft_mae": 0.5353779379091307,
      "scratch_mae": 0.3726033141079559,
      "improvement_pct": -43.685769191525075
    },
    "k=100": {
      "ft_mae": 0.32309921255939084,
      "scratch_mae": 0.28373445550056353,
      "improvement_pct": -13.873802175128894
    },
    "k=300": {
      "ft_mae": 0.27434841247454084,
      "scratch_mae": 0.2250885745706079,
      "improvement_pct": -21.884646076729513
    }
  },
  "mean_predictor_mae": 0.6827612889283692,
  "wall_time_min": 0.7830373128255208
}