{
  "K": 30,
  "methods": [
    {
      "method": "MC-Dropout (K=30)",
      "tau": 10.72002722690143,
      "raw": {
        "label": "MC-Dropout (K=30) | raw",
        "n": 1065,
        "mae": 0.5154783725738525,
        "rmse": 1.1432628631591797,
        "mean_sigma": 0.09914381802082062,
        "nll": 76.06962585449219,
        "ece_z": 0.23432787396175894,
        "pearson_sigma_err": 0.2764375462991014,
        "cov_50": 0.13708920187793427,
        "cov_68": 0.19154929577464788,
        "cov_90": 0.3032863849765258,
        "cov_95": 0.3502347417840376
      },
      "tau_eval": {
        "label": "MC-Dropout (K=30) | \u03c4=10.72",
        "n": 533,
        "mae": 0.5309830904006958,
        "rmse": 1.231650948524475,
        "mean_sigma": 1.050131916999817,
        "nll": 1.6866599321365356,
        "ece_z": 0.049982979828046704,
        "pearson_sigma_err": 0.23614138441909135,
        "cov_50": 0.7804878048780488,
        "cov_68": 0.8724202626641651,
        "cov_90": 0.9455909943714822,
        "cov_95": 0.9624765478424016
      }
    },
    {
      "method": "4-seed ensemble",
      "tau": 2.5953441155091057,
      "raw": {
        "label": "4-seed ensemble | raw",
        "n": 1065,
        "mae": 0.464401796667841,
        "rmse": 1.101632158245343,
        "mean_sigma": 0.32862013257939887,
        "nll": 2.8621198017991984,
        "ece_z": 0.06361470606549245,
        "pearson_sigma_err": 0.48377367207046873,
        "cov_50": 0.39530516431924884,
        "cov_68": 0.539906103286385,
        "cov_90": 0.7248826291079812,
        "cov_95": 0.7774647887323943
      },
      "tau_eval": {
        "label": "4-seed ensemble | \u03c4=2.60",
        "n": 533,
        "mae": 0.4833544050954897,
        "rmse": 1.201412020509927,
        "mean_sigma": 0.8740256110277177,
        "nll": 1.0055187789706426,
        "ece_z": 0.0475632741378867,
        "pearson_sigma_err": 0.3643907927352684,
        "cov_50": 0.7523452157598499,
        "cov_68": 0.8536585365853658,
        "cov_90": 0.9343339587242027,
        "cov_95": 0.9455909943714822
      }
    },
    {
      "method": "6-member mixed ensemble",
      "tau": 1.8328466385364386,
      "raw": {
        "label": "6-member mixed ensemble | raw",
        "n": 1065,
        "mae": 0.44277857178151725,
        "rmse": 1.0942583093527338,
        "mean_sigma": 0.3308962192914033,
        "nll": 1.353525190241309,
        "ece_z": 0.037949604344052715,
        "pearson_sigma_err": 0.5154224243047617,
        "cov_50": 0.45258215962441317,
        "cov_68": 0.5896713615023474,
        "cov_90": 0.7887323943661971,
        "cov_95": 0.8469483568075117
      },
      "tau_eval": {
        "label": "6-member mixed ensemble | \u03c4=1.83",
        "n": 533,
        "mae": 0.4581851091581263,
        "rmse": 1.1919802975363514,
        "mean_sigma": 0.6275335577173993,
        "nll": 0.7840195331712752,
        "ece_z": 0.03665972081706454,
        "pearson_sigma_err": 0.418471426965169,
        "cov_50": 0.6885553470919324,
        "cov_68": 0.8292682926829268,
        "cov_90": 0.9230769230769231,
        "cov_95": 0.9455909943714822
      }
    }
  ]
}