{
  "n_boot": 5000,
  "rng_seed": 42,
  "n_candidates": 37,
  "n_A": 20,
  "n_B": 17,
  "per_dopant_offsets": {
    "Na": -2.6727256144161706,
    "Pb": -3.8311111319151676,
    "Ti": -1.6531147860609963,
    "Cu": -3.6645260031373255,
    "Bi": 2.4498535078557326,
    "Ir": -9.317180609344177,
    "In": 0.19881817936610396,
    "Tl": -2.8256059672366973,
    "Sn": 5.105667372657081,
    "Cd": -0.767315435457931,
    "Ta": -3.6631225082837773,
    "Zn": 0.06101038697079275,
    "Au": -11.216002027395007,
    "Si": -9.689525612728318,
    "Ba": -6.479817420933614,
    "Y": -7.725361521929244,
    "Ca": -6.969371065661107,
    "Sr": -7.511984783432126,
    "I": -3.9550921512100103
  },
  "point_estimate": {
    "all": {
      "n": 37,
      "mae_corr_eV": 2.6580608293983654,
      "median_err_corr_eV": 1.7253994665100305,
      "rmse_corr_eV": 4.5471437283311555,
      "pearson_pred_dft_corr": 0.3540716246407885,
      "spearman_pred_dft_corr": 0.3494547178757705,
      "pearson_sig_err_corr": -0.053721206539483736,
      "spearman_sig_err_corr": 0.021100047415836886,
      "frac_dft_below_1eV": 0.5135135135135135,
      "frac_dft_below_0eV": 0.35135135135135137
    },
    "bucket_A": {
      "n": 20,
      "mae_corr_eV": 2.5312905016892744,
      "median_err_corr_eV": 1.741977615421222,
      "rmse_corr_eV": 4.115719399198809,
      "pearson_pred_dft_corr": 0.18883815244242622,
      "spearman_pred_dft_corr": 0.037593984962406006,
      "pearson_sig_err_corr": -0.0169551575158772,
      "spearman_sig_err_corr": 0.193984962406015,
      "frac_dft_below_1eV": 0.7,
      "frac_dft_below_0eV": 0.4
    },
    "bucket_B": {
      "n": 17,
      "mae_corr_eV": 2.8072023914090605,
      "median_err_corr_eV": 1.2075603978999423,
      "rmse_corr_eV": 5.0073368037600146,
      "pearson_pred_dft_corr": 0.2766504993815367,
      "spearman_pred_dft_corr": 0.2622549019607843,
      "pearson_sig_err_corr": -0.2881469376402534,
      "spearman_sig_err_corr": -0.30147058823529416,
      "frac_dft_below_1eV": 0.29411764705882354,
      "frac_dft_below_0eV": 0.29411764705882354
    }
  },
  "ci_95": {
    "all": {
      "mae_corr_eV": [
        1.5911735222593413,
        3.9752163366094635
      ],
      "median_err_corr_eV": [
        0.0,
        3.07582928428504
      ],
      "rmse_corr_eV": [
        2.525705438553102,
        6.4341688895637965
      ],
      "pearson_pred_dft_corr": [
        0.06248926248811488,
        0.7020668102470405
      ],
      "spearman_pred_dft_corr": [
        0.0386261261261262,
        0.6029220009483163
      ],
      "pearson_sig_err_corr": [
        -0.3469338348080613,
        0.22639885203144205
      ],
      "spearman_sig_err_corr": [
        -0.3689011379800853,
        0.3224454717875768
      ],
      "frac_dft_below_1eV": [
        0.3783783783783784,
        0.6486486486486487
      ],
      "frac_dft_below_0eV": [
        0.21621621621621623,
        0.5135135135135135
      ]
    },
    "bucket_A": {
      "mae_corr_eV": [
        1.2738066009866655,
        4.106507295642637
      ],
      "median_err_corr_eV": [
        0.28367653293649453,
        2.4858321111724457
      ],
      "rmse_corr_eV": [
        1.9453592816180874,
        6.0249511484516525
      ],
      "pearson_pred_dft_corr": [
        -0.4256511844482929,
        0.5247833942190778
      ],
      "spearman_pred_dft_corr": [
        -0.4601503759398496,
        0.47823308270676634
      ],
      "pearson_sig_err_corr": [
        -0.3600786715766507,
        0.4570916723576317
      ],
      "spearman_sig_err_corr": [
        -0.26315789473684204,
        0.625563909774436
      ],
      "frac_dft_below_1eV": [
        0.5,
        0.9
      ],
      "frac_dft_below_0eV": [
        0.2,
        0.6
      ]
    },
    "bucket_B": {
      "mae_corr_eV": [
        1.201790913842018,
        5.122884846695944
      ],
      "median_err_corr_eV": [
        0.0,
        4.064349650619261
      ],
      "rmse_corr_eV": [
        2.1264509944676155,
        7.895811468820304
      ],
      "pearson_pred_dft_corr": [
        -0.33889640076342664,
        0.8858860831273274
      ],
      "spearman_pred_dft_corr": [
        -0.3628063725490194,
        0.7794117647058825
      ],
      "pearson_sig_err_corr": [
        -0.5959109869055425,
        0.08580043049815601
      ],
      "spearman_sig_err_corr": [
        -0.5955882352941178,
        0.3701593137254894
      ],
      "frac_dft_below_1eV": [
        0.11764705882352941,
        0.5294117647058824
      ],
      "frac_dft_below_0eV": [
        0.11764705882352941,
        0.5294117647058824
      ]
    }
  },
  "sig_at_95": {
    "all": {
      "pearson_pred_dft_corr": true,
      "spearman_pred_dft_corr": true,
      "pearson_sig_err_corr": false,
      "spearman_sig_err_corr": false
    },
    "bucket_A": {
      "pearson_pred_dft_corr": false,
      "spearman_pred_dft_corr": false,
      "pearson_sig_err_corr": false,
      "spearman_sig_err_corr": false
    },
    "bucket_B": {
      "pearson_pred_dft_corr": false,
      "spearman_pred_dft_corr": false,
      "pearson_sig_err_corr": false,
      "spearman_sig_err_corr": false
    }
  }
}