{
  "n_total": 37,
  "raw": {
    "all": {
      "n": 37,
      "mae_eV": 4.911535676093564,
      "median_abs_err_eV": 3.3440814215282444,
      "rmse_eV": 6.567828529173489,
      "pearson_pred_vs_dft": -0.040566915729383576,
      "spearman_pred_vs_dft": 0.10692271218587007,
      "pearson_sigma_vs_abs_err": 0.3289508529028575,
      "spearman_sigma_vs_abs_err": 0.43029871977240397
    },
    "bucketA": {
      "n": 20,
      "mae_eV": 3.224381557479501,
      "median_abs_err_eV": 1.8141647844577165,
      "rmse_eV": 4.824666947756324,
      "pearson_pred_vs_dft": 0.4468305427129656,
      "spearman_pred_vs_dft": 0.4030075187969925,
      "pearson_sigma_vs_abs_err": -0.10801339476006215,
      "spearman_sigma_vs_abs_err": -0.07518796992481201
    },
    "bucketB": {
      "n": 17,
      "mae_eV": 6.89642287446305,
      "median_abs_err_eV": 6.728227138057264,
      "rmse_eV": 8.1547442908793,
      "pearson_pred_vs_dft": -0.1196727404776645,
      "spearman_pred_vs_dft": 0.056372549019607844,
      "pearson_sigma_vs_abs_err": 0.028074717721113248,
      "spearman_sigma_vs_abs_err": 0.14215686274509806
    }
  },
  "per_dopant_corrected": {
    "all": {
      "n": 37,
      "mae_eV": 2.6580608293983654,
      "median_abs_err_eV": 1.7253994665100305,
      "rmse_eV": 4.5471437283311555,
      "pearson_pred_vs_dft": 0.3540716246407885,
      "spearman_pred_vs_dft": 0.3494547178757705,
      "pearson_sigma_vs_abs_err": -0.053721206539483736,
      "spearman_sigma_vs_abs_err": 0.021100047415836886
    },
    "bucketA": {
      "n": 20,
      "mae_eV": 2.5312905016892744,
      "median_abs_err_eV": 1.741977615421222,
      "rmse_eV": 4.115719399198809,
      "pearson_pred_vs_dft": 0.18883815244242622,
      "spearman_pred_vs_dft": 0.037593984962406006,
      "pearson_sigma_vs_abs_err": -0.0169551575158772,
      "spearman_sigma_vs_abs_err": 0.193984962406015
    },
    "bucketB": {
      "n": 17,
      "mae_eV": 2.8072023914090605,
      "median_abs_err_eV": 1.2075603978999423,
      "rmse_eV": 5.0073368037600146,
      "pearson_pred_vs_dft": 0.2766504993815367,
      "spearman_pred_vs_dft": 0.2622549019607843,
      "pearson_sigma_vs_abs_err": -0.2881469376402534,
      "spearman_sigma_vs_abs_err": -0.30147058823529416
    },
    "discovery_A": {
      "frac_dft_below_1eV": 0.7,
      "frac_dft_below_0eV": 0.4
    },
    "median_abs_err_A_eV": 1.741977615421222,
    "median_abs_err_B_eV": 1.2075603978999423
  },
  "per_dopant_offsets": {
    "Na": -2.6727256144161706,
    "Pb": -3.8311111319151676,
    "Ti": -1.6531147860609963,
    "Cu": -3.6645260031373255,
    "Bi": 2.4498535078557326,
    "Ir": -9.317180609344177,
    "In": 0.19881817936610396,
    "Tl": -2.8256059672366973,
    "Sn": 5.105667372657081,
    "Cd": -0.767315435457931,
    "Ta": -3.6631225082837773,
    "Zn": 0.06101038697079275,
    "Au": -11.216002027395007,
    "Si": -9.689525612728318,
    "Ba": -6.479817420933614,
    "Y": -7.725361521929244,
    "Ca": -6.969371065661107,
    "Sr": -7.511984783432126,
    "I": -3.9550921512100103
  }
}