{
  "by_dopant_block_sigma": {
    "5d": {
      "n": 130,
      "mean_sigma": 0.3506465684877801,
      "median_sigma": 0.28969208926027246
    },
    "main": {
      "n": 558,
      "mean_sigma": 0.35165960842186084,
      "median_sigma": 0.2564860672590744
    },
    "3d": {
      "n": 171,
      "mean_sigma": 0.2832792735097133,
      "median_sigma": 0.22278467663667026
    },
    "4d": {
      "n": 164,
      "mean_sigma": 0.30877266492942124,
      "median_sigma": 0.21569270067373858
    },
    "4f": {
      "n": 21,
      "mean_sigma": 0.3148663055424906,
      "median_sigma": 0.26948943417504484
    },
    "s": {
      "n": 21,
      "mean_sigma": 0.23346156702649473,
      "median_sigma": 0.2264744290530344
    }
  },
  "by_dopant_block_err": {
    "5d": {
      "n": 130,
      "mean_abs_err": 0.5446010319026522
    },
    "main": {
      "n": 558,
      "mean_abs_err": 0.461163582304201
    },
    "3d": {
      "n": 171,
      "mean_abs_err": 0.3141689373808414
    },
    "4d": {
      "n": 164,
      "mean_abs_err": 0.4487011697506759
    },
    "4f": {
      "n": 21,
      "mean_abs_err": 0.5343367091365276
    },
    "s": {
      "n": 21,
      "mean_abs_err": 0.233372135767861
    }
  },
  "by_defect_type_sigma": {
    "interstitial": {
      "n": 366,
      "mean_sigma": 0.4692013903743577,
      "median_sigma": 0.36910692445014914
    },
    "adsorbate": {
      "n": 699,
      "mean_sigma": 0.25847891941105805,
      "median_sigma": 0.20614692645537377
    }
  },
  "by_defect_type_err": {
    "interstitial": {
      "n": 366,
      "mean_abs_err": 0.7178528235138705
    },
    "adsorbate": {
      "n": 699,
      "mean_abs_err": 0.2987482768830319
    }
  },
  "by_ef_magnitude_sigma": {
    "1-3": {
      "n": 421,
      "mean_sigma": 0.2847517145637376,
      "median_sigma": 0.22664809093165192
    },
    "3-6": {
      "n": 278,
      "mean_sigma": 0.3488650428221495,
      "median_sigma": 0.260576122151879
    },
    "|Ef|<1": {
      "n": 243,
      "mean_sigma": 0.2517638118129581,
      "median_sigma": 0.21369893980409627
    },
    "\u22656": {
      "n": 123,
      "mean_sigma": 0.6045602726740215,
      "median_sigma": 0.4817895411177819
    }
  },
  "by_ef_magnitude_err": {
    "1-3": {
      "n": 421,
      "mean_abs_err": 0.33066217090436045
    },
    "3-6": {
      "n": 278,
      "mean_abs_err": 0.40902118860102965
    },
    "|Ef|<1": {
      "n": 243,
      "mean_abs_err": 0.25288754079774517
    },
    "\u22656": {
      "n": 123,
      "mean_abs_err": 1.2779743264361125
    }
  }
}