{
  "n_seeds": 4,
  "n_test": 1065,
  "raw": {
    "label": "raw_ensemble",
    "n": 1065,
    "mae": 0.464401796667841,
    "rmse": 1.101632158245343,
    "mean_sigma": 0.32862013257939887,
    "nll": 2.8621198017991984,
    "crps": 0.3676424006526313,
    "ece_z": 0.06361470606549245,
    "pearson_sigma_err": 0.48377367207046873,
    "cov_50": 0.39530516431924884,
    "cov_68": 0.539906103286385,
    "cov_90": 0.7248826291079812,
    "cov_95": 0.7774647887323943
  },
  "tau": 2.5953441155091057,
  "tau_eval_metrics": {
    "label": "temperature_scaled (\u03c4=2.595, eval-half)",
    "n": 533,
    "mae": 0.4833544050954897,
    "rmse": 1.201412020509927,
    "mean_sigma": 0.8740256110277177,
    "nll": 1.0055187789706426,
    "crps": 0.40961008895913564,
    "ece_z": 0.0475632741378867,
    "pearson_sigma_err": 0.3643907927352684,
    "cov_50": 0.7523452157598499,
    "cov_68": 0.8536585365853658,
    "cov_90": 0.9343339587242027,
    "cov_95": 0.9455909943714822
  }
}