{
  "members": [
    "long_seed42",
    "long_seed0",
    "long_seed1",
    "long_seed2",
    "xlong_seed42",
    "xlong_seed0"
  ],
  "n_members": 6,
  "raw": {
    "label": "raw_ensemble",
    "n": 1065,
    "mae": 0.44277857178151725,
    "rmse": 1.0942583093527338,
    "mean_sigma": 0.3308962192914033,
    "nll": 1.353525190241309,
    "crps": 0.34691672130817486,
    "ece_z": 0.037949604344052715,
    "pearson_sigma_err": 0.5154224243047617,
    "cov_50": 0.45258215962441317,
    "cov_68": 0.5896713615023474,
    "cov_90": 0.7887323943661971,
    "cov_95": 0.8469483568075117
  },
  "tau": 1.8328466385364386,
  "tau_eval_metrics": {
    "label": "temperature_scaled (\u03c4=1.833, eval-half)",
    "n": 533,
    "mae": 0.4581851091581263,
    "rmse": 1.1919802975363514,
    "mean_sigma": 0.6275335577173993,
    "nll": 0.7840195331712752,
    "crps": 0.36623841615416014,
    "ece_z": 0.03665972081706454,
    "pearson_sigma_err": 0.418471426965169,
    "cov_50": 0.6885553470919324,
    "cov_68": 0.8292682926829268,
    "cov_90": 0.9230769230769231,
    "cov_95": 0.9455909943714822
  }
}