{
  "best-3": {
    "tau": 5.5606104273832315,
    "nll": 0.862769060517643,
    "ece": 0.12055182235687034,
    "cov90": 0.9718574108818011,
    "mae": 0.3721469044685364,
    "rmse": 0.962571382522583,
    "corr": 0.4550865980153665
  },
  "best-5": {
    "tau": 2.664098564308645,
    "nll": 0.9639705554437926,
    "ece": 0.06821240497261227,
    "cov90": 0.9324577861163227,
    "mae": 0.3684239387512207,
    "rmse": 0.9734269380569458,
    "corr": 0.5161590390369165
  },
  "best-6": {
    "tau": 2.566667574810814,
    "nll": 0.6041593183335461,
    "ece": 0.06795808514080175,
    "cov90": 0.9343339587242027,
    "mae": 0.3684312701225281,
    "rmse": 0.9798803925514221,
    "corr": 0.5436948786417658
  },
  "full-26": {
    "tau": 1.3950128087750922,
    "nll": 1.0340462129276755,
    "ece": 0.026657662639244586,
    "cov90": 0.9043151969981238,
    "mae": 0.3893422782421112,
    "rmse": 1.01090407371521,
    "corr": 0.5455431779582309
  }
}