evidence_tier,evidence_label,sample_index,raw_row_id,defecttype,env_zero_neighbor_mode,oof_inference_batch_size,model_edge_zero_defect_neighbor_5A,e_module_oof_batch_activation_verified,legacy_zero_neighbor_oof_batch_evidence,legacy_zero_neighbor_min_positive_defect_edge_rows,legacy_zero_neighbor_min_total_defect_center_edges,zero_neighbor_imputed_features,remaining_missing_features,outcome_finite,primary_analysis_included
canonical,CANONICAL — REPAIRED G2 OOF,0,5,interstitial,zero_residual_v1,64,0,1,,,,,,1,1
canonical,CANONICAL — REPAIRED G2 OOF,1,7,interstitial,zero_residual_v1,64,0,1,,,,,,1,1
canonical,CANONICAL — REPAIRED G2 OOF,2,8,adsorbate,zero_residual_v1,64,0,1,,,,,,1,1
canonical,CANONICAL — REPAIRED G2 OOF,4,13,adsorbate,zero_residual_v1,64,0,1,,,,,,1,1
canonical,CANONICAL — REPAIRED G2 OOF,5,14,adsorbate,zero_residual_v1,64,0,1,,,,,,1,1
canonical,CANONICAL — REPAIRED G2 OOF,6,15,interstitial,zero_residual_v1,64,0,1,,,,,,1,1
canonical,CANONICAL — REPAIRED G2 OOF,7,16,adsorbate,zero_residual_v1,64,0,1,,,,,,1,1
canonical,CANONICAL — REPAIRED G2 OOF,8,17,adsorbate,zero_residual_v1,64,0,1,,,,,,1,1
canonical,CANONICAL — REPAIRED G2 OOF,9,19,adsorbate,zero_residual_v1,64,0,1,,,,,,1,1
canonical,CANONICAL — REPAIRED G2 OOF,10,20,interstitial,zero_residual_v1,64,0,1,,,,,,1,1
canonical,CANONICAL — REPAIRED G2 OOF,11,21,adsorbate,zero_residual_v1,64,0,1,,,,,,1,1
canonical,CANONICAL — REPAIRED G2 OOF,12,24,adsorbate,zero_residual_v1,64,0,1,,,,,,1,1
canonical,CANONICAL — REPAIRED G2 OOF,13,26,adsorbate,zero_residual_v1,64,0,1,,,,,,1,1
canonical,CANONICAL — REPAIRED G2 OOF,14,27,adsorbate,zero_residual_v1,64,0,1,,,,,,1,1
canonical,CANONICAL — REPAIRED G2 OOF,15,28,adsorbate,zero_residual_v1,64,0,1,,,,,,1,1
canonical,CANONICAL — REPAIRED G2 OOF,16,29,adsorbate,zero_residual_v1,64,0,1,,,,,,1,1
canonical,CANONICAL — REPAIRED G2 OOF,17,31,adsorbate,zero_residual_v1,64,0,1,,,,,,1,1
canonical,CANONICAL — REPAIRED G2 OOF,18,32,adsorbate,zero_residual_v1,64,0,1,,,,,,1,1
canonical,CANONICAL — REPAIRED G2 OOF,19,33,adsorbate,zero_residual_v1,64,0,1,,,,,,1,1
canonical,CANONICAL — REPAIRED G2 OOF,20,34,adsorbate,zero_residual_v1,64,0,1,,,,,,1,1
canonical,CANONICAL — REPAIRED G2 OOF,21,35,adsorbate,zero_residual_v1,64,0,1,,,,,,1,1
canonical,CANONICAL — REPAIRED G2 OOF,22,37,adsorbate,zero_residual_v1,64,0,1,,,,,,1,1
canonical,CANONICAL — REPAIRED G2 OOF,23,39,adsorbate,zero_residual_v1,64,0,1,,,,,,1,1
canonical,CANONICAL — REPAIRED G2 OOF,24,40,interstitial,zero_residual_v1,64,0,1,,,,,,1,1
canonical,CANONICAL — REPAIRED G2 OOF,25,41,adsorbate,zero_residual_v1,64,0,1,,,,,,1,1
canonical,CANONICAL — REPAIRED G2 OOF,26,42,interstitial,zero_residual_v1,64,0,1,,,,,,1,1
canonical,CANONICAL — REPAIRED G2 OOF,27,43,adsorbate,zero_residual_v1,64,0,1,,,,,,1,1
canonical,CANONICAL — REPAIRED G2 OOF,28,44,adsorbate,zero_residual_v1,64,0,1,,,,,,1,1
canonical,CANONICAL — REPAIRED G2 OOF,29,46,adsorbate,zero_residual_v1,64,0,1,,,,,,1,1
canonical,CANONICAL — REPAIRED G2 OOF,30,47,adsorbate,zero_residual_v1,64,0,1,,,,,,1,1
canonical,CANONICAL — REPAIRED G2 OOF,31,50,adsorbate,zero_residual_v1,64,0,1,,,,,,1,1
canonical,CANONICAL — REPAIRED G2 OOF,32,51,interstitial,zero_residual_v1,64,0,1,,,,,,1,1
canonical,CANONICAL — REPAIRED G2 OOF,33,52,adsorbate,zero_residual_v1,64,0,1,,,,,,1,1
canonical,CANONICAL — REPAIRED G2 OOF,34,54,adsorbate,zero_residual_v1,64,0,1,,,,,,1,1
canonical,CANONICAL — REPAIRED G2 OOF,35,55,adsorbate,zero_residual_v1,64,0,1,,,,,,1,1
canonical,CANONICAL — REPAIRED G2 OOF,36,56,interstitial,zero_residual_v1,64,0,1,,,,,,1,1
canonical,CANONICAL — REPAIRED G2 OOF,37,57,interstitial,zero_residual_v1,64,0,1,,,,,,1,1
canonical,CANONICAL — REPAIRED G2 OOF,38,58,adsorbate,zero_residual_v1,64,0,1,,,,,,1,1
canonical,CANONICAL — REPAIRED G2 OOF,39,59,interstitial,zero_residual_v1,64,0,1,,,,,,1,1
canonical,CANONICAL — REPAIRED G2 OOF,40,60,adsorbate,zero_residual_v1,64,0,1,,,,,,1,1
canonical,CANONICAL — REPAIRED G2 OOF,41,61,adsorbate,zero_residual_v1,64,0,1,,,,,,1,1
canonical,CANONICAL — REPAIRED G2 OOF,42,63,adsorbate,zero_residual_v1,64,0,1,,,,,,1,1
canonical,CANONICAL — REPAIRED G2 OOF,43,65,adsorbate,zero_residual_v1,64,0,1,,,,,,1,1
canonical,CANONICAL — REPAIRED G2 OOF,44,66,interstitial,zero_residual_v1,64,0,1,,,,,,1,1
canonical,CANONICAL — REPAIRED G2 OOF,45,68,interstitial,zero_residual_v1,64,0,1,,,,,,1,1
canonical,CANONICAL — REPAIRED G2 OOF,46,71,adsorbate,zero_residual_v1,64,0,1,,,,,,1,1
canonical,CANONICAL — REPAIRED G2 OOF,47,72,adsorbate,zero_residual_v1,64,0,1,,,,,,1,1
canonical,CANONICAL — REPAIRED G2 OOF,48,73,adsorbate,zero_residual_v1,64,0,1,,,,,,1,1
canonical,CANONICAL — REPAIRED G2 OOF,49,74,adsorbate,zero_residual_v1,64,0,1,,,,,,1,1
canonical,CANONICAL — REPAIRED G2 OOF,50,75,adsorbate,zero_residual_v1,64,0,1,,,,,,1,1
canonical,CANONICAL — REPAIRED G2 OOF,51,76,interstitial,zero_residual_v1,64,0,1,,,,,,1,1
canonical,CANONICAL — REPAIRED G2 OOF,52,77,adsorbate,zero_residual_v1,64,0,1,,,,,,1,1
canonical,CANONICAL — REPAIRED G2 OOF,53,78,interstitial,zero_residual_v1,64,0,1,,,,,,1,1
canonical,CANONICAL — REPAIRED G2 OOF,54,79,adsorbate,zero_residual_v1,64,0,1,,,,,,1,1
canonical,CANONICAL — REPAIRED G2 OOF,55,81,adsorbate,zero_residual_v1,64,0,1,,,,,,1,1
canonical,CANONICAL — REPAIRED G2 OOF,56,82,interstitial,zero_residual_v1,64,0,1,,,,,,1,1
canonical,CANONICAL — REPAIRED G2 OOF,57,83,adsorbate,zero_residual_v1,64,0,1,,,,,,1,1
canonical,CANONICAL — REPAIRED G2 OOF,58,84,interstitial,zero_residual_v1,64,0,1,,,,,,1,1
canonical,CANONICAL — REPAIRED G2 OOF,59,85,interstitial,zero_residual_v1,64,0,1,,,,,,1,1
canonical,CANONICAL — REPAIRED G2 OOF,61,88,adsorbate,zero_residual_v1,64,0,1,,,,,,1,1
canonical,CANONICAL — REPAIRED G2 OOF,62,89,adsorbate,zero_residual_v1,64,0,1,,,,,,1,1
canonical,CANONICAL — REPAIRED G2 OOF,63,90,adsorbate,zero_residual_v1,64,0,1,,,,,,1,1
canonical,CANONICAL — REPAIRED G2 OOF,64,91,adsorbate,zero_residual_v1,64,0,1,,,,,,1,1
canonical,CANONICAL — REPAIRED G2 OOF,65,92,interstitial,zero_residual_v1,64,0,1,,,,,,1,1
canonical,CANONICAL — REPAIRED G2 OOF,66,93,adsorbate,zero_residual_v1,64,0,1,,,,,,1,1
canonical,CANONICAL — REPAIRED G2 OOF,68,95,interstitial,zero_residual_v1,64,0,1,,,,,,1,1
canonical,CANONICAL — REPAIRED G2 OOF,69,97,adsorbate,zero_residual_v1,64,0,1,,,,,,1,1
canonical,CANONICAL — REPAIRED G2 OOF,70,98,interstitial,zero_residual_v1,64,0,1,,,,,,1,1
canonical,CANONICAL — REPAIRED G2 OOF,71,99,adsorbate,zero_residual_v1,64,0,1,,,,,,1,1
canonical,CANONICAL — REPAIRED G2 OOF,72,102,interstitial,zero_residual_v1,64,0,1,,,,,,1,1
canonical,CANONICAL — REPAIRED G2 OOF,73,103,adsorbate,zero_residual_v1,64,0,1,,,,,,1,1
canonical,CANONICAL — REPAIRED G2 OOF,74,104,adsorbate,zero_residual_v1,64,0,1,,,,,,1,1
canonical,CANONICAL — REPAIRED G2 OOF,75,106,adsorbate,zero_residual_v1,64,0,1,,,,,,1,1
canonical,CANONICAL — REPAIRED G2 OOF,76,109,adsorbate,zero_residual_v1,64,0,1,,,,,,1,1
canonical,CANONICAL — REPAIRED G2 OOF,77,110,adsorbate,zero_residual_v1,64,0,1,,,,,,1,1
canonical,CANONICAL — REPAIRED G2 OOF,78,112,adsorbate,zero_residual_v1,64,0,1,,,,,,1,1
canonical,CANONICAL — REPAIRED G2 OOF,79,115,adsorbate,zero_residual_v1,64,0,1,,,,,,1,1
canonical,CANONICAL — REPAIRED G2 OOF,80,116,adsorbate,zero_residual_v1,64,0,1,,,,,,1,1
canonical,CANONICAL — REPAIRED G2 OOF,81,118,interstitial,zero_residual_v1,64,0,1,,,,,,1,1
canonical,CANONICAL — REPAIRED G2 OOF,82,121,interstitial,zero_residual_v1,64,0,1,,,,,,1,1
canonical,CANONICAL — REPAIRED G2 OOF,83,122,adsorbate,zero_residual_v1,64,0,1,,,,,,1,1
canonical,CANONICAL — REPAIRED G2 OOF,84,124,interstitial,zero_residual_v1,64,0,1,,,,,,1,1
canonical,CANONICAL — REPAIRED G2 OOF,85,125,adsorbate,zero_residual_v1,64,0,1,,,,,,1,1
canonical,CANONICAL — REPAIRED G2 OOF,86,127,interstitial,zero_residual_v1,64,0,1,,,,,,1,1
canonical,CANONICAL — REPAIRED G2 OOF,87,128,adsorbate,zero_residual_v1,64,0,1,,,,,,1,1
canonical,CANONICAL — REPAIRED G2 OOF,88,130,adsorbate,zero_residual_v1,64,0,1,,,,,,1,1
canonical,CANONICAL — REPAIRED G2 OOF,89,133,adsorbate,zero_residual_v1,64,0,1,,,,,,1,1
canonical,CANONICAL — REPAIRED G2 OOF,90,135,interstitial,zero_residual_v1,64,0,1,,,,,,1,1
canonical,CANONICAL — REPAIRED G2 OOF,91,136,adsorbate,zero_residual_v1,64,0,1,,,,,,1,1
canonical,CANONICAL — REPAIRED G2 OOF,92,137,adsorbate,zero_residual_v1,64,0,1,,,,,,1,1
canonical,CANONICAL — REPAIRED G2 OOF,94,139,adsorbate,zero_residual_v1,64,0,1,,,,,,1,1
canonical,CANONICAL — REPAIRED G2 OOF,95,140,adsorbate,zero_residual_v1,64,0,1,,,,,,1,1
canonical,CANONICAL — REPAIRED G2 OOF,96,141,adsorbate,zero_residual_v1,64,0,1,,,,,,1,1
canonical,CANONICAL — REPAIRED G2 OOF,97,143,interstitial,zero_residual_v1,64,0,1,,,,,,1,1
canonical,CANONICAL — REPAIRED G2 OOF,98,146,interstitial,zero_residual_v1,64,0,1,,,,,,1,1
canonical,CANONICAL — REPAIRED G2 OOF,99,147,adsorbate,zero_residual_v1,64,0,1,,,,,,1,1
canonical,CANONICAL — REPAIRED G2 OOF,100,148,adsorbate,zero_residual_v1,64,0,1,,,,,,1,1
canonical,CANONICAL — REPAIRED G2 OOF,101,149,interstitial,zero_residual_v1,64,0,1,,,,,,1,1
canonical,CANONICAL — REPAIRED G2 OOF,102,150,interstitial,zero_residual_v1,64,0,1,,,,,,1,1
canonical,CANONICAL — REPAIRED G2 OOF,103,151,adsorbate,zero_residual_v1,64,0,1,,,,,,1,1
canonical,CANONICAL — REPAIRED G2 OOF,104,156,adsorbate,zero_residual_v1,64,0,1,,,,,,1,1
canonical,CANONICAL — REPAIRED G2 OOF,105,157,interstitial,zero_residual_v1,64,0,1,,,,,,1,1
canonical,CANONICAL — REPAIRED G2 OOF,106,158,interstitial,zero_residual_v1,64,0,1,,,,,,1,1
canonical,CANONICAL — REPAIRED G2 OOF,107,159,interstitial,zero_residual_v1,64,0,1,,,,,,1,1
canonical,CANONICAL — REPAIRED G2 OOF,108,160,adsorbate,zero_residual_v1,64,0,1,,,,,,1,1
canonical,CANONICAL — REPAIRED G2 OOF,110,163,adsorbate,zero_residual_v1,64,0,1,,,,,,1,1
canonical,CANONICAL — REPAIRED G2 OOF,111,164,adsorbate,zero_residual_v1,64,0,1,,,,,,1,1
canonical,CANONICAL — REPAIRED G2 OOF,112,166,adsorbate,zero_residual_v1,64,0,1,,,,,,1,1
canonical,CANONICAL — REPAIRED G2 OOF,113,167,adsorbate,zero_residual_v1,64,0,1,,,,,,1,1
canonical,CANONICAL — REPAIRED G2 OOF,114,169,interstitial,zero_residual_v1,64,0,1,,,,,,1,1
canonical,CANONICAL — REPAIRED G2 OOF,115,171,adsorbate,zero_residual_v1,64,0,1,,,,,,1,1
canonical,CANONICAL — REPAIRED G2 OOF,116,172,interstitial,zero_residual_v1,64,0,1,,,,,,1,1
canonical,CANONICAL — REPAIRED G2 OOF,117,173,adsorbate,zero_residual_v1,64,0,1,,,,,,1,1
canonical,CANONICAL — REPAIRED G2 OOF,118,175,interstitial,zero_residual_v1,64,0,1,,,,,,1,1
canonical,CANONICAL — REPAIRED G2 OOF,119,176,interstitial,zero_residual_v1,64,0,1,,,,,,1,1
canonical,CANONICAL — REPAIRED G2 OOF,120,177,interstitial,zero_residual_v1,64,0,1,,,,,,1,1
canonical,CANONICAL — REPAIRED G2 OOF,121,181,adsorbate,zero_residual_v1,64,0,1,,,,,,1,1
canonical,CANONICAL — REPAIRED G2 OOF,122,182,adsorbate,zero_residual_v1,64,0,1,,,,,,1,1
canonical,CANONICAL — REPAIRED G2 OOF,123,183,interstitial,zero_residual_v1,64,0,1,,,,,,1,1
canonical,CANONICAL — REPAIRED G2 OOF,124,184,adsorbate,zero_residual_v1,64,0,1,,,,,,1,1
canonical,CANONICAL — REPAIRED G2 OOF,125,185,adsorbate,zero_residual_v1,64,0,1,,,,,,1,1
canonical,CANONICAL — REPAIRED G2 OOF,127,187,interstitial,zero_residual_v1,64,0,1,,,,,,1,1
canonical,CANONICAL — REPAIRED G2 OOF,128,188,adsorbate,zero_residual_v1,64,0,1,,,,,,1,1
canonical,CANONICAL — REPAIRED G2 OOF,129,189,adsorbate,zero_residual_v1,64,0,1,,,,,,1,1
canonical,CANONICAL — REPAIRED G2 OOF,130,190,adsorbate,zero_residual_v1,64,0,1,,,,,,1,1
canonical,CANONICAL — REPAIRED G2 OOF,131,191,adsorbate,zero_residual_v1,64,0,1,,,,,,1,1
canonical,CANONICAL — REPAIRED G2 OOF,132,193,adsorbate,zero_residual_v1,64,0,1,,,,,,1,1
canonical,CANONICAL — REPAIRED G2 OOF,133,194,adsorbate,zero_residual_v1,64,0,1,,,,,,1,1
canonical,CANONICAL — REPAIRED G2 OOF,135,199,interstitial,zero_residual_v1,64,0,1,,,,,,1,1
canonical,CANONICAL — REPAIRED G2 OOF,136,201,adsorbate,zero_residual_v1,64,0,1,,,,,,1,1
canonical,CANONICAL — REPAIRED G2 OOF,137,202,adsorbate,zero_residual_v1,64,0,1,,,,,,1,1
canonical,CANONICAL — REPAIRED G2 OOF,138,204,adsorbate,zero_residual_v1,64,0,1,,,,,,1,1
canonical,CANONICAL — REPAIRED G2 OOF,139,205,interstitial,zero_residual_v1,64,0,1,,,,,,1,1
canonical,CANONICAL — REPAIRED G2 OOF,140,206,adsorbate,zero_residual_v1,64,0,1,,,,,,1,1
canonical,CANONICAL — REPAIRED G2 OOF,141,207,adsorbate,zero_residual_v1,64,0,1,,,,,,1,1
canonical,CANONICAL — REPAIRED G2 OOF,142,208,adsorbate,zero_residual_v1,64,0,1,,,,,,1,1
canonical,CANONICAL — REPAIRED G2 OOF,143,209,interstitial,zero_residual_v1,64,0,1,,,,,,1,1
canonical,CANONICAL — REPAIRED G2 OOF,144,212,adsorbate,zero_residual_v1,64,0,1,,,,,,1,1
canonical,CANONICAL — REPAIRED G2 OOF,145,214,interstitial,zero_residual_v1,64,0,1,,,,,,1,1
canonical,CANONICAL — REPAIRED G2 OOF,146,215,interstitial,zero_residual_v1,64,0,1,,,,,,1,1
canonical,CANONICAL — REPAIRED G2 OOF,147,218,adsorbate,zero_residual_v1,64,0,1,,,,,,1,1
canonical,CANONICAL — REPAIRED G2 OOF,148,219,adsorbate,zero_residual_v1,64,0,1,,,,,,1,1
canonical,CANONICAL — REPAIRED G2 OOF,149,220,adsorbate,zero_residual_v1,64,0,1,,,,,,1,1
canonical,CANONICAL — REPAIRED G2 OOF,150,221,adsorbate,zero_residual_v1,64,0,1,,,,,,1,1
canonical,CANONICAL — REPAIRED G2 OOF,151,222,adsorbate,zero_residual_v1,64,0,1,,,,,,1,1
canonical,CANONICAL — REPAIRED G2 OOF,152,223,adsorbate,zero_residual_v1,64,0,1,,,,,,1,1
canonical,CANONICAL — REPAIRED G2 OOF,153,224,adsorbate,zero_residual_v1,64,0,1,,,,,,1,1
canonical,CANONICAL — REPAIRED G2 OOF,154,226,adsorbate,zero_residual_v1,64,0,1,,,,,,1,1
canonical,CANONICAL — REPAIRED G2 OOF,155,227,adsorbate,zero_residual_v1,64,0,1,,,,,,1,1
canonical,CANONICAL — REPAIRED G2 OOF,156,229,adsorbate,zero_residual_v1,64,0,1,,,,,,1,1
canonical,CANONICAL — REPAIRED G2 OOF,157,231,interstitial,zero_residual_v1,64,0,1,,,,,,1,1
canonical,CANONICAL — REPAIRED G2 OOF,158,232,adsorbate,zero_residual_v1,64,0,1,,,,,,1,1
canonical,CANONICAL — REPAIRED G2 OOF,159,233,interstitial,zero_residual_v1,64,0,1,,,,,,1,1
canonical,CANONICAL — REPAIRED G2 OOF,160,234,interstitial,zero_residual_v1,64,0,1,,,,,,1,1
canonical,CANONICAL — REPAIRED G2 OOF,161,235,interstitial,zero_residual_v1,64,0,1,,,,,,1,1
canonical,CANONICAL — REPAIRED G2 OOF,162,237,adsorbate,zero_residual_v1,64,0,1,,,,,,1,1
canonical,CANONICAL — REPAIRED G2 OOF,163,238,interstitial,zero_residual_v1,64,0,1,,,,,,1,1
canonical,CANONICAL — REPAIRED G2 OOF,164,239,adsorbate,zero_residual_v1,64,0,1,,,,,,1,1
canonical,CANONICAL — REPAIRED G2 OOF,165,241,adsorbate,zero_residual_v1,64,0,1,,,,,,1,1
canonical,CANONICAL — REPAIRED G2 OOF,166,242,adsorbate,zero_residual_v1,64,0,1,,,,,,1,1
canonical,CANONICAL — REPAIRED G2 OOF,167,244,interstitial,zero_residual_v1,64,0,1,,,,,,1,1
canonical,CANONICAL — REPAIRED G2 OOF,168,245,adsorbate,zero_residual_v1,64,0,1,,,,,,1,1
canonical,CANONICAL — REPAIRED G2 OOF,169,246,interstitial,zero_residual_v1,64,0,1,,,,,,1,1
canonical,CANONICAL — REPAIRED G2 OOF,170,247,adsorbate,zero_residual_v1,64,0,1,,,,,,1,1
canonical,CANONICAL — REPAIRED G2 OOF,171,248,adsorbate,zero_residual_v1,64,0,1,,,,,,1,1
canonical,CANONICAL — REPAIRED G2 OOF,172,250,interstitial,zero_residual_v1,64,0,1,,,,,,1,1
canonical,CANONICAL — REPAIRED G2 OOF,173,253,adsorbate,zero_residual_v1,64,0,1,,,,,,1,1
canonical,CANONICAL — REPAIRED G2 OOF,174,254,interstitial,zero_residual_v1,64,0,1,,,,,,1,1
canonical,CANONICAL — REPAIRED G2 OOF,175,255,adsorbate,zero_residual_v1,64,0,1,,,,,,1,1
canonical,CANONICAL — REPAIRED G2 OOF,176,256,adsorbate,zero_residual_v1,64,0,1,,,,,,1,1
canonical,CANONICAL — REPAIRED G2 OOF,177,257,interstitial,zero_residual_v1,64,0,1,,,,,,1,1
canonical,CANONICAL — REPAIRED G2 OOF,178,258,interstitial,zero_residual_v1,64,0,1,,,,,,1,1
canonical,CANONICAL — REPAIRED G2 OOF,179,259,interstitial,zero_residual_v1,64,0,1,,,,,,1,1
canonical,CANONICAL — REPAIRED G2 OOF,180,260,adsorbate,zero_residual_v1,64,0,1,,,,,,1,1
canonical,CANONICAL — REPAIRED G2 OOF,181,261,interstitial,zero_residual_v1,64,0,1,,,,,,1,1
canonical,CANONICAL — REPAIRED G2 OOF,182,262,interstitial,zero_residual_v1,64,0,1,,,,,,1,1
canonical,CANONICAL — REPAIRED G2 OOF,183,263,adsorbate,zero_residual_v1,64,0,1,,,,,,1,1
canonical,CANONICAL — REPAIRED G2 OOF,184,264,adsorbate,zero_residual_v1,64,0,1,,,,,,1,1
canonical,CANONICAL — REPAIRED G2 OOF,185,265,adsorbate,zero_residual_v1,64,0,1,,,,,,1,1
canonical,CANONICAL — REPAIRED G2 OOF,186,266,adsorbate,zero_residual_v1,64,0,1,,,,,,1,1
canonical,CANONICAL — REPAIRED G2 OOF,187,267,interstitial,zero_residual_v1,64,0,1,,,,,,1,1
canonical,CANONICAL — REPAIRED G2 OOF,188,270,adsorbate,zero_residual_v1,64,0,1,,,,,,1,1
canonical,CANONICAL — REPAIRED G2 OOF,189,271,interstitial,zero_residual_v1,64,0,1,,,,,,1,1
canonical,CANONICAL — REPAIRED G2 OOF,190,272,interstitial,zero_residual_v1,64,0,1,,,,,,1,1
canonical,CANONICAL — REPAIRED G2 OOF,191,273,interstitial,zero_residual_v1,64,0,1,,,,,,1,1
canonical,CANONICAL — REPAIRED G2 OOF,192,275,interstitial,zero_residual_v1,64,0,1,,,,,,1,1
canonical,CANONICAL — REPAIRED G2 OOF,193,276,interstitial,zero_residual_v1,64,0,1,,,,,,1,1
canonical,CANONICAL — REPAIRED G2 OOF,194,277,adsorbate,zero_residual_v1,64,0,1,,,,,,1,1
canonical,CANONICAL — REPAIRED G2 OOF,195,281,interstitial,zero_residual_v1,64,0,1,,,,,,1,1
canonical,CANONICAL — REPAIRED G2 OOF,196,282,adsorbate,zero_residual_v1,64,0,1,,,,,,1,1
canonical,CANONICAL — REPAIRED G2 OOF,197,283,adsorbate,zero_residual_v1,64,0,1,,,,,,1,1
canonical,CANONICAL — REPAIRED G2 OOF,198,284,adsorbate,zero_residual_v1,64,0,1,,,,,,1,1
canonical,CANONICAL — REPAIRED G2 OOF,199,285,adsorbate,zero_residual_v1,64,0,1,,,,,,1,1
canonical,CANONICAL — REPAIRED G2 OOF,200,288,adsorbate,zero_residual_v1,64,0,1,,,,,,1,1
canonical,CANONICAL — REPAIRED G2 OOF,201,289,interstitial,zero_residual_v1,64,0,1,,,,,,1,1
canonical,CANONICAL — REPAIRED G2 OOF,202,290,interstitial,zero_residual_v1,64,0,1,,,,,,1,1
canonical,CANONICAL — REPAIRED G2 OOF,203,291,adsorbate,zero_residual_v1,64,0,1,,,,,,1,1
canonical,CANONICAL — REPAIRED G2 OOF,204,292,interstitial,zero_residual_v1,64,0,1,,,,,,1,1
canonical,CANONICAL — REPAIRED G2 OOF,205,293,interstitial,zero_residual_v1,64,0,1,,,,,,1,1
canonical,CANONICAL — REPAIRED G2 OOF,207,296,interstitial,zero_residual_v1,64,0,1,,,,,,1,1
canonical,CANONICAL — REPAIRED G2 OOF,208,298,adsorbate,zero_residual_v1,64,0,1,,,,,,1,1
canonical,CANONICAL — REPAIRED G2 OOF,209,299,interstitial,zero_residual_v1,64,0,1,,,,,,1,1
canonical,CANONICAL — REPAIRED G2 OOF,210,301,interstitial,zero_residual_v1,64,0,1,,,,,,1,1
canonical,CANONICAL — REPAIRED G2 OOF,211,302,adsorbate,zero_residual_v1,64,0,1,,,,,,1,1
canonical,CANONICAL — REPAIRED G2 OOF,212,303,adsorbate,zero_residual_v1,64,0,1,,,,,,1,1
canonical,CANONICAL — REPAIRED G2 OOF,213,304,adsorbate,zero_residual_v1,64,0,1,,,,,,1,1
canonical,CANONICAL — REPAIRED G2 OOF,214,306,adsorbate,zero_residual_v1,64,0,1,,,,,,1,1
canonical,CANONICAL — REPAIRED G2 OOF,215,307,adsorbate,zero_residual_v1,64,0,1,,,,,,1,1
canonical,CANONICAL — REPAIRED G2 OOF,216,308,adsorbate,zero_residual_v1,64,0,1,,,,,,1,1
canonical,CANONICAL — REPAIRED G2 OOF,217,310,interstitial,zero_residual_v1,64,0,1,,,,,,1,1
canonical,CANONICAL — REPAIRED G2 OOF,218,311,adsorbate,zero_residual_v1,64,0,1,,,,,,1,1
canonical,CANONICAL — REPAIRED G2 OOF,219,312,adsorbate,zero_residual_v1,64,0,1,,,,,,1,1
canonical,CANONICAL — REPAIRED G2 OOF,220,313,interstitial,zero_residual_v1,64,0,1,,,,,,1,1
canonical,CANONICAL — REPAIRED G2 OOF,221,314,interstitial,zero_residual_v1,64,0,1,,,,,,1,1
canonical,CANONICAL — REPAIRED G2 OOF,222,316,adsorbate,zero_residual_v1,64,0,1,,,,,,1,1
canonical,CANONICAL — REPAIRED G2 OOF,223,317,adsorbate,zero_residual_v1,64,0,1,,,,,,1,1
canonical,CANONICAL — REPAIRED G2 OOF,224,318,adsorbate,zero_residual_v1,64,0,1,,,,,,1,1
canonical,CANONICAL — REPAIRED G2 OOF,225,319,adsorbate,zero_residual_v1,64,0,1,,,,,,1,1
canonical,CANONICAL — REPAIRED G2 OOF,226,320,interstitial,zero_residual_v1,64,0,1,,,,,,1,1
canonical,CANONICAL — REPAIRED G2 OOF,227,322,interstitial,zero_residual_v1,64,0,1,,,,,,1,1
canonical,CANONICAL — REPAIRED G2 OOF,228,324,adsorbate,zero_residual_v1,64,0,1,,,,,,1,1
canonical,CANONICAL — REPAIRED G2 OOF,229,325,interstitial,zero_residual_v1,64,0,1,,,,,,1,1
canonical,CANONICAL — REPAIRED G2 OOF,230,328,interstitial,zero_residual_v1,64,0,1,,,,,,1,1
canonical,CANONICAL — REPAIRED G2 OOF,231,329,adsorbate,zero_residual_v1,64,0,1,,,,,,1,1
canonical,CANONICAL — REPAIRED G2 OOF,232,332,adsorbate,zero_residual_v1,64,0,1,,,,,,1,1
canonical,CANONICAL — REPAIRED G2 OOF,233,333,interstitial,zero_residual_v1,64,0,1,,,,,,1,1
canonical,CANONICAL — REPAIRED G2 OOF,234,335,adsorbate,zero_residual_v1,64,0,1,,,,,,1,1
canonical,CANONICAL — REPAIRED G2 OOF,235,336,adsorbate,zero_residual_v1,64,0,1,,,,,,1,1
canonical,CANONICAL — REPAIRED G2 OOF,236,338,interstitial,zero_residual_v1,64,0,1,,,,,,1,1
canonical,CANONICAL — REPAIRED G2 OOF,237,341,interstitial,zero_residual_v1,64,0,1,,,,,,1,1
canonical,CANONICAL — REPAIRED G2 OOF,238,342,adsorbate,zero_residual_v1,64,0,1,,,,,,1,1
canonical,CANONICAL — REPAIRED G2 OOF,239,343,adsorbate,zero_residual_v1,64,0,1,,,,,,1,1
canonical,CANONICAL — REPAIRED G2 OOF,240,344,interstitial,zero_residual_v1,64,0,1,,,,,,1,1
canonical,CANONICAL — REPAIRED G2 OOF,241,345,adsorbate,zero_residual_v1,64,0,1,,,,,,1,1
canonical,CANONICAL — REPAIRED G2 OOF,242,346,adsorbate,zero_residual_v1,64,0,1,,,,,,1,1
canonical,CANONICAL — REPAIRED G2 OOF,243,347,interstitial,zero_residual_v1,64,0,1,,,,,,1,1
canonical,CANONICAL — REPAIRED G2 OOF,244,348,interstitial,zero_residual_v1,64,0,1,,,,,,1,1
canonical,CANONICAL — REPAIRED G2 OOF,245,349,adsorbate,zero_residual_v1,64,0,1,,,,,,1,1
canonical,CANONICAL — REPAIRED G2 OOF,246,350,interstitial,zero_residual_v1,64,0,1,,,,,,1,1
canonical,CANONICAL — REPAIRED G2 OOF,247,351,adsorbate,zero_residual_v1,64,0,1,,,,,,1,1
canonical,CANONICAL — REPAIRED G2 OOF,248,352,interstitial,zero_residual_v1,64,0,1,,,,,,1,1
canonical,CANONICAL — REPAIRED G2 OOF,249,353,adsorbate,zero_residual_v1,64,0,1,,,,,,1,1
canonical,CANONICAL — REPAIRED G2 OOF,250,354,adsorbate,zero_residual_v1,64,0,1,,,,,,1,1
canonical,CANONICAL — REPAIRED G2 OOF,251,356,adsorbate,zero_residual_v1,64,0,1,,,,,,1,1
canonical,CANONICAL — REPAIRED G2 OOF,252,358,adsorbate,zero_residual_v1,64,0,1,,,,,,1,1
canonical,CANONICAL — REPAIRED G2 OOF,253,359,interstitial,zero_residual_v1,64,0,1,,,,,,1,1
canonical,CANONICAL — REPAIRED G2 OOF,254,361,adsorbate,zero_residual_v1,64,0,1,,,,,,1,1
canonical,CANONICAL — REPAIRED G2 OOF,255,363,adsorbate,zero_residual_v1,64,0,1,,,,,,1,1
canonical,CANONICAL — REPAIRED G2 OOF,256,364,adsorbate,zero_residual_v1,64,0,1,,,,,,1,1
canonical,CANONICAL — REPAIRED G2 OOF,257,365,adsorbate,zero_residual_v1,64,0,1,,,,,,1,1
canonical,CANONICAL — REPAIRED G2 OOF,258,366,interstitial,zero_residual_v1,64,0,1,,,,,,1,1
canonical,CANONICAL — REPAIRED G2 OOF,260,369,adsorbate,zero_residual_v1,64,0,1,,,,,,1,1
canonical,CANONICAL — REPAIRED G2 OOF,261,372,interstitial,zero_residual_v1,64,0,1,,,,,,1,1
canonical,CANONICAL — REPAIRED G2 OOF,262,373,adsorbate,zero_residual_v1,64,0,1,,,,,,1,1
canonical,CANONICAL — REPAIRED G2 OOF,263,374,adsorbate,zero_residual_v1,64,0,1,,,,,,1,1
canonical,CANONICAL — REPAIRED G2 OOF,264,375,adsorbate,zero_residual_v1,64,0,1,,,,,,1,1
canonical,CANONICAL — REPAIRED G2 OOF,265,377,interstitial,zero_residual_v1,64,0,1,,,,,,1,1
canonical,CANONICAL — REPAIRED G2 OOF,266,378,adsorbate,zero_residual_v1,64,0,1,,,,,,1,1
canonical,CANONICAL — REPAIRED G2 OOF,267,379,adsorbate,zero_residual_v1,64,0,1,,,,,,1,1
canonical,CANONICAL — REPAIRED G2 OOF,268,380,adsorbate,zero_residual_v1,64,0,1,,,,,,1,1
canonical,CANONICAL — REPAIRED G2 OOF,269,381,interstitial,zero_residual_v1,64,0,1,,,,,,1,1
canonical,CANONICAL — REPAIRED G2 OOF,270,382,interstitial,zero_residual_v1,64,0,1,,,,,,1,1
canonical,CANONICAL — REPAIRED G2 OOF,271,383,interstitial,zero_residual_v1,64,0,1,,,,,,1,1
canonical,CANONICAL — REPAIRED G2 OOF,272,385,interstitial,zero_residual_v1,64,0,1,,,,,,1,1
canonical,CANONICAL — REPAIRED G2 OOF,273,386,adsorbate,zero_residual_v1,64,0,1,,,,,,1,1
canonical,CANONICAL — REPAIRED G2 OOF,274,388,interstitial,zero_residual_v1,64,0,1,,,,,,1,1
canonical,CANONICAL — REPAIRED G2 OOF,275,389,adsorbate,zero_residual_v1,64,0,1,,,,,,1,1
canonical,CANONICAL — REPAIRED G2 OOF,276,390,adsorbate,zero_residual_v1,64,0,1,,,,,,1,1
canonical,CANONICAL — REPAIRED G2 OOF,277,391,adsorbate,zero_residual_v1,64,0,1,,,,,,1,1
canonical,CANONICAL — REPAIRED G2 OOF,278,393,adsorbate,zero_residual_v1,64,0,1,,,,,,1,1
canonical,CANONICAL — REPAIRED G2 OOF,279,394,adsorbate,zero_residual_v1,64,0,1,,,,,,1,1
canonical,CANONICAL — REPAIRED G2 OOF,280,395,interstitial,zero_residual_v1,64,0,1,,,,,,1,1
canonical,CANONICAL — REPAIRED G2 OOF,281,397,interstitial,zero_residual_v1,64,0,1,,,,,,1,1
canonical,CANONICAL — REPAIRED G2 OOF,282,398,interstitial,zero_residual_v1,64,0,1,,,,,,1,1
canonical,CANONICAL — REPAIRED G2 OOF,284,401,interstitial,zero_residual_v1,64,0,1,,,,,,1,1
canonical,CANONICAL — REPAIRED G2 OOF,285,405,interstitial,zero_residual_v1,64,0,1,,,,,,1,1
canonical,CANONICAL — REPAIRED G2 OOF,286,406,interstitial,zero_residual_v1,64,0,1,,,,,,1,1
canonical,CANONICAL — REPAIRED G2 OOF,287,407,adsorbate,zero_residual_v1,64,0,1,,,,,,1,1
canonical,CANONICAL — REPAIRED G2 OOF,288,408,adsorbate,zero_residual_v1,64,0,1,,,,,,1,1
canonical,CANONICAL — REPAIRED G2 OOF,289,409,interstitial,zero_residual_v1,64,0,1,,,,,,1,1
canonical,CANONICAL — REPAIRED G2 OOF,290,410,adsorbate,zero_residual_v1,64,0,1,,,,,,1,1
canonical,CANONICAL — REPAIRED G2 OOF,291,411,adsorbate,zero_residual_v1,64,0,1,,,,,,1,1
canonical,CANONICAL — REPAIRED G2 OOF,292,414,interstitial,zero_residual_v1,64,0,1,,,,,,1,1
canonical,CANONICAL — REPAIRED G2 OOF,294,418,adsorbate,zero_residual_v1,64,0,1,,,,,,1,1
canonical,CANONICAL — REPAIRED G2 OOF,295,419,adsorbate,zero_residual_v1,64,0,1,,,,,,1,1
canonical,CANONICAL — REPAIRED G2 OOF,296,423,adsorbate,zero_residual_v1,64,0,1,,,,,,1,1
canonical,CANONICAL — REPAIRED G2 OOF,297,424,interstitial,zero_residual_v1,64,0,1,,,,,,1,1
canonical,CANONICAL — REPAIRED G2 OOF,298,425,adsorbate,zero_residual_v1,64,0,1,,,,,,1,1
canonical,CANONICAL — REPAIRED G2 OOF,299,426,interstitial,zero_residual_v1,64,0,1,,,,,,1,1
canonical,CANONICAL — REPAIRED G2 OOF,300,427,adsorbate,zero_residual_v1,64,0,1,,,,,,1,1
canonical,CANONICAL — REPAIRED G2 OOF,301,428,adsorbate,zero_residual_v1,64,0,1,,,,,,1,1
canonical,CANONICAL — REPAIRED G2 OOF,302,429,interstitial,zero_residual_v1,64,0,1,,,,,,1,1
canonical,CANONICAL — REPAIRED G2 OOF,303,430,adsorbate,zero_residual_v1,64,0,1,,,,,,1,1
canonical,CANONICAL — REPAIRED G2 OOF,304,436,adsorbate,zero_residual_v1,64,0,1,,,,,,1,1
canonical,CANONICAL — REPAIRED G2 OOF,305,437,adsorbate,zero_residual_v1,64,0,1,,,,,,1,1
canonical,CANONICAL — REPAIRED G2 OOF,306,438,adsorbate,zero_residual_v1,64,0,1,,,,,,1,1
canonical,CANONICAL — REPAIRED G2 OOF,307,439,adsorbate,zero_residual_v1,64,0,1,,,,,,1,1
canonical,CANONICAL — REPAIRED G2 OOF,308,440,adsorbate,zero_residual_v1,64,0,1,,,,,,1,1
canonical,CANONICAL — REPAIRED G2 OOF,309,441,interstitial,zero_residual_v1,64,0,1,,,,,,1,1
canonical,CANONICAL — REPAIRED G2 OOF,310,442,interstitial,zero_residual_v1,64,0,1,,,,,,1,1
canonical,CANONICAL — REPAIRED G2 OOF,311,443,interstitial,zero_residual_v1,64,0,1,,,,,,1,1
canonical,CANONICAL — REPAIRED G2 OOF,312,444,adsorbate,zero_residual_v1,64,0,1,,,,,,1,1
canonical,CANONICAL — REPAIRED G2 OOF,313,445,adsorbate,zero_residual_v1,64,0,1,,,,,,1,1
canonical,CANONICAL — REPAIRED G2 OOF,314,449,adsorbate,zero_residual_v1,64,0,1,,,,,,1,1
canonical,CANONICAL — REPAIRED G2 OOF,315,451,interstitial,zero_residual_v1,64,0,1,,,,,,1,1
canonical,CANONICAL — REPAIRED G2 OOF,316,452,adsorbate,zero_residual_v1,64,0,1,,,,,,1,1
canonical,CANONICAL — REPAIRED G2 OOF,317,453,adsorbate,zero_residual_v1,64,0,1,,,,,,1,1
canonical,CANONICAL — REPAIRED G2 OOF,319,456,adsorbate,zero_residual_v1,64,0,1,,,,,,1,1
canonical,CANONICAL — REPAIRED G2 OOF,320,458,adsorbate,zero_residual_v1,64,0,1,,,,,,1,1
canonical,CANONICAL — REPAIRED G2 OOF,321,460,adsorbate,zero_residual_v1,64,0,1,,,,,,1,1
canonical,CANONICAL — REPAIRED G2 OOF,322,461,adsorbate,zero_residual_v1,64,0,1,,,,,,1,1
canonical,CANONICAL — REPAIRED G2 OOF,323,462,adsorbate,zero_residual_v1,64,0,1,,,,,,1,1
canonical,CANONICAL — REPAIRED G2 OOF,324,464,adsorbate,zero_residual_v1,64,0,1,,,,,,1,1
canonical,CANONICAL — REPAIRED G2 OOF,325,465,adsorbate,zero_residual_v1,64,0,1,,,,,,1,1
canonical,CANONICAL — REPAIRED G2 OOF,326,467,adsorbate,zero_residual_v1,64,0,1,,,,,,1,1
canonical,CANONICAL — REPAIRED G2 OOF,327,469,interstitial,zero_residual_v1,64,0,1,,,,,,1,1
canonical,CANONICAL — REPAIRED G2 OOF,328,471,interstitial,zero_residual_v1,64,0,1,,,,,,1,1
canonical,CANONICAL — REPAIRED G2 OOF,329,475,adsorbate,zero_residual_v1,64,0,1,,,,,,1,1
canonical,CANONICAL — REPAIRED G2 OOF,330,477,adsorbate,zero_residual_v1,64,0,1,,,,,,1,1
canonical,CANONICAL — REPAIRED G2 OOF,331,478,adsorbate,zero_residual_v1,64,0,1,,,,,,1,1
canonical,CANONICAL — REPAIRED G2 OOF,333,484,interstitial,zero_residual_v1,64,0,1,,,,,,1,1
canonical,CANONICAL — REPAIRED G2 OOF,334,485,adsorbate,zero_residual_v1,64,0,1,,,,,,1,1
canonical,CANONICAL — REPAIRED G2 OOF,335,487,adsorbate,zero_residual_v1,64,0,1,,,,,,1,1
canonical,CANONICAL — REPAIRED G2 OOF,336,489,interstitial,zero_residual_v1,64,0,1,,,,,,1,1
canonical,CANONICAL — REPAIRED G2 OOF,337,490,adsorbate,zero_residual_v1,64,0,1,,,,,,1,1
canonical,CANONICAL — REPAIRED G2 OOF,338,491,adsorbate,zero_residual_v1,64,0,1,,,,,,1,1
canonical,CANONICAL — REPAIRED G2 OOF,339,492,adsorbate,zero_residual_v1,64,0,1,,,,,,1,1
canonical,CANONICAL — REPAIRED G2 OOF,340,495,adsorbate,zero_residual_v1,64,0,1,,,,,,1,1
canonical,CANONICAL — REPAIRED G2 OOF,341,498,interstitial,zero_residual_v1,64,0,1,,,,,,1,1
canonical,CANONICAL — REPAIRED G2 OOF,342,499,interstitial,zero_residual_v1,64,0,1,,,,,,1,1
canonical,CANONICAL — REPAIRED G2 OOF,343,501,interstitial,zero_residual_v1,64,0,1,,,,,,1,1
canonical,CANONICAL — REPAIRED G2 OOF,344,502,adsorbate,zero_residual_v1,64,0,1,,,,,,1,1
canonical,CANONICAL — REPAIRED G2 OOF,345,505,adsorbate,zero_residual_v1,64,0,1,,,,,,1,1
canonical,CANONICAL — REPAIRED G2 OOF,346,508,adsorbate,zero_residual_v1,64,0,1,,,,,,1,1
canonical,CANONICAL — REPAIRED G2 OOF,347,509,interstitial,zero_residual_v1,64,0,1,,,,,,1,1
canonical,CANONICAL — REPAIRED G2 OOF,348,511,adsorbate,zero_residual_v1,64,0,1,,,,,,1,1
canonical,CANONICAL — REPAIRED G2 OOF,349,513,interstitial,zero_residual_v1,64,0,1,,,,,,1,1
canonical,CANONICAL — REPAIRED G2 OOF,350,517,adsorbate,zero_residual_v1,64,0,1,,,,,,1,1
canonical,CANONICAL — REPAIRED G2 OOF,351,518,interstitial,zero_residual_v1,64,0,1,,,,,,1,1
canonical,CANONICAL — REPAIRED G2 OOF,353,522,interstitial,zero_residual_v1,64,0,1,,,,,,1,1
canonical,CANONICAL — REPAIRED G2 OOF,354,523,interstitial,zero_residual_v1,64,0,1,,,,,,1,1
canonical,CANONICAL — REPAIRED G2 OOF,355,524,interstitial,zero_residual_v1,64,0,1,,,,,,1,1
canonical,CANONICAL — REPAIRED G2 OOF,356,525,adsorbate,zero_residual_v1,64,0,1,,,,,,1,1
canonical,CANONICAL — REPAIRED G2 OOF,357,526,adsorbate,zero_residual_v1,64,0,1,,,,,,1,1
canonical,CANONICAL — REPAIRED G2 OOF,358,527,adsorbate,zero_residual_v1,64,0,1,,,,,,1,1
canonical,CANONICAL — REPAIRED G2 OOF,359,529,interstitial,zero_residual_v1,64,0,1,,,,,,1,1
canonical,CANONICAL — REPAIRED G2 OOF,360,530,interstitial,zero_residual_v1,64,0,1,,,,,,1,1
canonical,CANONICAL — REPAIRED G2 OOF,361,531,adsorbate,zero_residual_v1,64,0,1,,,,,,1,1
canonical,CANONICAL — REPAIRED G2 OOF,362,532,adsorbate,zero_residual_v1,64,0,1,,,,,,1,1
canonical,CANONICAL — REPAIRED G2 OOF,363,533,interstitial,zero_residual_v1,64,0,1,,,,,,1,1
canonical,CANONICAL — REPAIRED G2 OOF,364,535,adsorbate,zero_residual_v1,64,0,1,,,,,,1,1
canonical,CANONICAL — REPAIRED G2 OOF,365,537,adsorbate,zero_residual_v1,64,0,1,,,,,,1,1
canonical,CANONICAL — REPAIRED G2 OOF,366,539,interstitial,zero_residual_v1,64,0,1,,,,,,1,1
canonical,CANONICAL — REPAIRED G2 OOF,368,544,adsorbate,zero_residual_v1,64,0,1,,,,,,1,1
canonical,CANONICAL — REPAIRED G2 OOF,369,545,adsorbate,zero_residual_v1,64,0,1,,,,,,1,1
canonical,CANONICAL — REPAIRED G2 OOF,370,546,adsorbate,zero_residual_v1,64,0,1,,,,,,1,1
canonical,CANONICAL — REPAIRED G2 OOF,371,547,interstitial,zero_residual_v1,64,0,1,,,,,,1,1
canonical,CANONICAL — REPAIRED G2 OOF,372,548,adsorbate,zero_residual_v1,64,0,1,,,,,,1,1
canonical,CANONICAL — REPAIRED G2 OOF,374,553,interstitial,zero_residual_v1,64,0,1,,,,,,1,1
canonical,CANONICAL — REPAIRED G2 OOF,375,555,adsorbate,zero_residual_v1,64,0,1,,,,,,1,1
canonical,CANONICAL — REPAIRED G2 OOF,376,556,interstitial,zero_residual_v1,64,0,1,,,,,,1,1
canonical,CANONICAL — REPAIRED G2 OOF,377,557,interstitial,zero_residual_v1,64,0,1,,,,,,1,1
canonical,CANONICAL — REPAIRED G2 OOF,378,558,interstitial,zero_residual_v1,64,0,1,,,,,,1,1
canonical,CANONICAL — REPAIRED G2 OOF,379,559,interstitial,zero_residual_v1,64,0,1,,,,,,1,1
canonical,CANONICAL — REPAIRED G2 OOF,380,561,interstitial,zero_residual_v1,64,0,1,,,,,,1,1
canonical,CANONICAL — REPAIRED G2 OOF,381,562,interstitial,zero_residual_v1,64,0,1,,,,,,1,1
canonical,CANONICAL — REPAIRED G2 OOF,382,564,interstitial,zero_residual_v1,64,0,1,,,,,,1,1
canonical,CANONICAL — REPAIRED G2 OOF,383,565,interstitial,zero_residual_v1,64,0,1,,,,,,1,1
canonical,CANONICAL — REPAIRED G2 OOF,384,566,interstitial,zero_residual_v1,64,0,1,,,,,,1,1
canonical,CANONICAL — REPAIRED G2 OOF,385,568,interstitial,zero_residual_v1,64,0,1,,,,,,1,1
canonical,CANONICAL — REPAIRED G2 OOF,386,569,interstitial,zero_residual_v1,64,0,1,,,,,,1,1
canonical,CANONICAL — REPAIRED G2 OOF,387,570,interstitial,zero_residual_v1,64,0,1,,,,,,1,1
canonical,CANONICAL — REPAIRED G2 OOF,388,573,interstitial,zero_residual_v1,64,0,1,,,,,,1,1
canonical,CANONICAL — REPAIRED G2 OOF,389,574,adsorbate,zero_residual_v1,64,0,1,,,,,,1,1
canonical,CANONICAL — REPAIRED G2 OOF,390,577,interstitial,zero_residual_v1,64,0,1,,,,,,1,1
canonical,CANONICAL — REPAIRED G2 OOF,391,578,interstitial,zero_residual_v1,64,0,1,,,,,,1,1
canonical,CANONICAL — REPAIRED G2 OOF,393,580,adsorbate,zero_residual_v1,64,0,1,,,,,,1,1
canonical,CANONICAL — REPAIRED G2 OOF,394,581,adsorbate,zero_residual_v1,64,0,1,,,,,,1,1
canonical,CANONICAL — REPAIRED G2 OOF,395,582,adsorbate,zero_residual_v1,64,0,1,,,,,,1,1
canonical,CANONICAL — REPAIRED G2 OOF,396,583,interstitial,zero_residual_v1,64,0,1,,,,,,1,1
canonical,CANONICAL — REPAIRED G2 OOF,397,587,adsorbate,zero_residual_v1,64,0,1,,,,,,1,1
canonical,CANONICAL — REPAIRED G2 OOF,399,589,adsorbate,zero_residual_v1,64,0,1,,,,,,1,1
canonical,CANONICAL — REPAIRED G2 OOF,400,591,interstitial,zero_residual_v1,64,0,1,,,,,,1,1
canonical,CANONICAL — REPAIRED G2 OOF,401,592,interstitial,zero_residual_v1,64,0,1,,,,,,1,1
canonical,CANONICAL — REPAIRED G2 OOF,402,593,interstitial,zero_residual_v1,64,0,1,,,,,,1,1
canonical,CANONICAL — REPAIRED G2 OOF,403,594,adsorbate,zero_residual_v1,64,0,1,,,,,,1,1
canonical,CANONICAL — REPAIRED G2 OOF,404,595,interstitial,zero_residual_v1,64,0,1,,,,,,1,1
canonical,CANONICAL — REPAIRED G2 OOF,405,597,adsorbate,zero_residual_v1,64,0,1,,,,,,1,1
canonical,CANONICAL — REPAIRED G2 OOF,406,599,adsorbate,zero_residual_v1,64,0,1,,,,,,1,1
canonical,CANONICAL — REPAIRED G2 OOF,407,600,interstitial,zero_residual_v1,64,0,1,,,,,,1,1
canonical,CANONICAL — REPAIRED G2 OOF,408,601,interstitial,zero_residual_v1,64,0,1,,,,,,1,1
canonical,CANONICAL — REPAIRED G2 OOF,409,602,adsorbate,zero_residual_v1,64,0,1,,,,,,1,1
canonical,CANONICAL — REPAIRED G2 OOF,410,603,adsorbate,zero_residual_v1,64,0,1,,,,,,1,1
canonical,CANONICAL — REPAIRED G2 OOF,411,604,adsorbate,zero_residual_v1,64,0,1,,,,,,1,1
canonical,CANONICAL — REPAIRED G2 OOF,412,605,interstitial,zero_residual_v1,64,0,1,,,,,,1,1
canonical,CANONICAL — REPAIRED G2 OOF,415,608,adsorbate,zero_residual_v1,64,0,1,,,,,,1,1
canonical,CANONICAL — REPAIRED G2 OOF,416,610,adsorbate,zero_residual_v1,64,0,1,,,,,,1,1
canonical,CANONICAL — REPAIRED G2 OOF,417,612,interstitial,zero_residual_v1,64,0,1,,,,,,1,1
canonical,CANONICAL — REPAIRED G2 OOF,418,613,interstitial,zero_residual_v1,64,0,1,,,,,,1,1
canonical,CANONICAL — REPAIRED G2 OOF,419,615,adsorbate,zero_residual_v1,64,0,1,,,,,,1,1
canonical,CANONICAL — REPAIRED G2 OOF,420,616,interstitial,zero_residual_v1,64,0,1,,,,,,1,1
canonical,CANONICAL — REPAIRED G2 OOF,421,617,adsorbate,zero_residual_v1,64,0,1,,,,,,1,1
canonical,CANONICAL — REPAIRED G2 OOF,422,618,adsorbate,zero_residual_v1,64,0,1,,,,,,1,1
canonical,CANONICAL — REPAIRED G2 OOF,423,624,interstitial,zero_residual_v1,64,0,1,,,,,,1,1
canonical,CANONICAL — REPAIRED G2 OOF,424,625,interstitial,zero_residual_v1,64,0,1,,,,,,1,1
canonical,CANONICAL — REPAIRED G2 OOF,425,629,interstitial,zero_residual_v1,64,0,1,,,,,,1,1
canonical,CANONICAL — REPAIRED G2 OOF,426,630,adsorbate,zero_residual_v1,64,0,1,,,,,,1,1
canonical,CANONICAL — REPAIRED G2 OOF,427,631,interstitial,zero_residual_v1,64,0,1,,,,,,1,1
canonical,CANONICAL — REPAIRED G2 OOF,428,632,interstitial,zero_residual_v1,64,0,1,,,,,,1,1
canonical,CANONICAL — REPAIRED G2 OOF,429,633,interstitial,zero_residual_v1,64,0,1,,,,,,1,1
canonical,CANONICAL — REPAIRED G2 OOF,430,634,interstitial,zero_residual_v1,64,0,1,,,,,,1,1
canonical,CANONICAL — REPAIRED G2 OOF,431,635,adsorbate,zero_residual_v1,64,0,1,,,,,,1,1
canonical,CANONICAL — REPAIRED G2 OOF,432,637,adsorbate,zero_residual_v1,64,0,1,,,,,,1,1
canonical,CANONICAL — REPAIRED G2 OOF,433,639,interstitial,zero_residual_v1,64,0,1,,,,,,1,1
canonical,CANONICAL — REPAIRED G2 OOF,434,642,adsorbate,zero_residual_v1,64,0,1,,,,,,1,1
canonical,CANONICAL — REPAIRED G2 OOF,435,643,interstitial,zero_residual_v1,64,0,1,,,,,,1,1
canonical,CANONICAL — REPAIRED G2 OOF,436,644,adsorbate,zero_residual_v1,64,0,1,,,,,,1,1
canonical,CANONICAL — REPAIRED G2 OOF,437,647,interstitial,zero_residual_v1,64,0,1,,,,,,1,1
canonical,CANONICAL — REPAIRED G2 OOF,438,654,adsorbate,zero_residual_v1,64,0,1,,,,,,1,1
canonical,CANONICAL — REPAIRED G2 OOF,439,655,interstitial,zero_residual_v1,64,0,1,,,,,,1,1
canonical,CANONICAL — REPAIRED G2 OOF,440,656,adsorbate,zero_residual_v1,64,0,1,,,,,,1,1
canonical,CANONICAL — REPAIRED G2 OOF,441,657,interstitial,zero_residual_v1,64,0,1,,,,,,1,1
canonical,CANONICAL — REPAIRED G2 OOF,442,658,adsorbate,zero_residual_v1,64,0,1,,,,,,1,1
canonical,CANONICAL — REPAIRED G2 OOF,443,659,interstitial,zero_residual_v1,64,0,1,,,,,,1,1
canonical,CANONICAL — REPAIRED G2 OOF,444,660,interstitial,zero_residual_v1,64,0,1,,,,,,1,1
canonical,CANONICAL — REPAIRED G2 OOF,445,661,interstitial,zero_residual_v1,64,0,1,,,,,,1,1
canonical,CANONICAL — REPAIRED G2 OOF,446,662,interstitial,zero_residual_v1,64,0,1,,,,,,1,1
canonical,CANONICAL — REPAIRED G2 OOF,447,663,interstitial,zero_residual_v1,64,0,1,,,,,,1,1
canonical,CANONICAL — REPAIRED G2 OOF,448,664,interstitial,zero_residual_v1,64,0,1,,,,,,1,1
canonical,CANONICAL — REPAIRED G2 OOF,449,665,interstitial,zero_residual_v1,64,0,1,,,,,,1,1
canonical,CANONICAL — REPAIRED G2 OOF,450,666,interstitial,zero_residual_v1,64,0,1,,,,,,1,1
canonical,CANONICAL — REPAIRED G2 OOF,451,667,interstitial,zero_residual_v1,64,0,1,,,,,,1,1
canonical,CANONICAL — REPAIRED G2 OOF,452,668,adsorbate,zero_residual_v1,64,0,1,,,,,,1,1
canonical,CANONICAL — REPAIRED G2 OOF,453,669,adsorbate,zero_residual_v1,64,0,1,,,,,,1,1
canonical,CANONICAL — REPAIRED G2 OOF,454,672,interstitial,zero_residual_v1,64,0,1,,,,,,1,1
canonical,CANONICAL — REPAIRED G2 OOF,455,674,interstitial,zero_residual_v1,64,0,1,,,,,,1,1
canonical,CANONICAL — REPAIRED G2 OOF,456,675,interstitial,zero_residual_v1,64,0,1,,,,,,1,1
canonical,CANONICAL — REPAIRED G2 OOF,457,676,interstitial,zero_residual_v1,64,0,1,,,,,,1,1
canonical,CANONICAL — REPAIRED G2 OOF,458,677,adsorbate,zero_residual_v1,64,0,1,,,,,,1,1
canonical,CANONICAL — REPAIRED G2 OOF,459,678,interstitial,zero_residual_v1,64,0,1,,,,,,1,1
canonical,CANONICAL — REPAIRED G2 OOF,460,680,interstitial,zero_residual_v1,64,0,1,,,,,,1,1
canonical,CANONICAL — REPAIRED G2 OOF,461,682,interstitial,zero_residual_v1,64,0,1,,,,,,1,1
canonical,CANONICAL — REPAIRED G2 OOF,462,684,adsorbate,zero_residual_v1,64,0,1,,,,,,1,1
canonical,CANONICAL — REPAIRED G2 OOF,463,686,interstitial,zero_residual_v1,64,0,1,,,,,,1,1
canonical,CANONICAL — REPAIRED G2 OOF,464,688,interstitial,zero_residual_v1,64,0,1,,,,,,1,1
canonical,CANONICAL — REPAIRED G2 OOF,465,690,interstitial,zero_residual_v1,64,0,1,,,,,,1,1
canonical,CANONICAL — REPAIRED G2 OOF,466,691,adsorbate,zero_residual_v1,64,0,1,,,,,,1,1
canonical,CANONICAL — REPAIRED G2 OOF,467,692,interstitial,zero_residual_v1,64,0,1,,,,,,1,1
canonical,CANONICAL — REPAIRED G2 OOF,468,693,interstitial,zero_residual_v1,64,0,1,,,,,,1,1
canonical,CANONICAL — REPAIRED G2 OOF,469,694,adsorbate,zero_residual_v1,64,0,1,,,,,,1,1
canonical,CANONICAL — REPAIRED G2 OOF,470,695,adsorbate,zero_residual_v1,64,0,1,,,,,,1,1
canonical,CANONICAL — REPAIRED G2 OOF,471,696,adsorbate,zero_residual_v1,64,0,1,,,,,,1,1
canonical,CANONICAL — REPAIRED G2 OOF,472,698,interstitial,zero_residual_v1,64,0,1,,,,,,1,1
canonical,CANONICAL — REPAIRED G2 OOF,473,699,interstitial,zero_residual_v1,64,0,1,,,,,,1,1
canonical,CANONICAL — REPAIRED G2 OOF,474,700,interstitial,zero_residual_v1,64,0,1,,,,,,1,1
canonical,CANONICAL — REPAIRED G2 OOF,475,701,adsorbate,zero_residual_v1,64,0,1,,,,,,1,1
canonical,CANONICAL — REPAIRED G2 OOF,476,702,interstitial,zero_residual_v1,64,0,1,,,,,,1,1
canonical,CANONICAL — REPAIRED G2 OOF,477,703,interstitial,zero_residual_v1,64,0,1,,,,,,1,1
canonical,CANONICAL — REPAIRED G2 OOF,478,704,interstitial,zero_residual_v1,64,0,1,,,,,,1,1
canonical,CANONICAL — REPAIRED G2 OOF,479,705,adsorbate,zero_residual_v1,64,0,1,,,,,,1,1
canonical,CANONICAL — REPAIRED G2 OOF,480,706,adsorbate,zero_residual_v1,64,0,1,,,,,,1,1
canonical,CANONICAL — REPAIRED G2 OOF,481,707,adsorbate,zero_residual_v1,64,0,1,,,,,,1,1
canonical,CANONICAL — REPAIRED G2 OOF,482,708,adsorbate,zero_residual_v1,64,0,1,,,,,,1,1
canonical,CANONICAL — REPAIRED G2 OOF,483,709,adsorbate,zero_residual_v1,64,0,1,,,,,,1,1
canonical,CANONICAL — REPAIRED G2 OOF,484,710,interstitial,zero_residual_v1,64,0,1,,,,,,1,1
canonical,CANONICAL — REPAIRED G2 OOF,485,712,adsorbate,zero_residual_v1,64,0,1,,,,,,1,1
canonical,CANONICAL — REPAIRED G2 OOF,486,714,adsorbate,zero_residual_v1,64,0,1,,,,,,1,1
canonical,CANONICAL — REPAIRED G2 OOF,487,715,adsorbate,zero_residual_v1,64,0,1,,,,,,1,1
canonical,CANONICAL — REPAIRED G2 OOF,488,716,interstitial,zero_residual_v1,64,0,1,,,,,,1,1
canonical,CANONICAL — REPAIRED G2 OOF,489,718,adsorbate,zero_residual_v1,64,0,1,,,,,,1,1
canonical,CANONICAL — REPAIRED G2 OOF,490,721,interstitial,zero_residual_v1,64,0,1,,,,,,1,1
canonical,CANONICAL — REPAIRED G2 OOF,491,722,adsorbate,zero_residual_v1,64,0,1,,,,,,1,1
canonical,CANONICAL — REPAIRED G2 OOF,492,724,adsorbate,zero_residual_v1,64,0,1,,,,,,1,1
canonical,CANONICAL — REPAIRED G2 OOF,493,728,interstitial,zero_residual_v1,64,0,1,,,,,,1,1
canonical,CANONICAL — REPAIRED G2 OOF,494,729,interstitial,zero_residual_v1,64,0,1,,,,,,1,1
canonical,CANONICAL — REPAIRED G2 OOF,495,730,adsorbate,zero_residual_v1,64,0,1,,,,,,1,1
canonical,CANONICAL — REPAIRED G2 OOF,496,731,adsorbate,zero_residual_v1,64,0,1,,,,,,1,1
canonical,CANONICAL — REPAIRED G2 OOF,497,733,interstitial,zero_residual_v1,64,0,1,,,,,,1,1
canonical,CANONICAL — REPAIRED G2 OOF,498,734,adsorbate,zero_residual_v1,64,0,1,,,,,,1,1
canonical,CANONICAL — REPAIRED G2 OOF,499,735,adsorbate,zero_residual_v1,64,0,1,,,,,,1,1
canonical,CANONICAL — REPAIRED G2 OOF,500,736,interstitial,zero_residual_v1,64,0,1,,,,,,1,1
canonical,CANONICAL — REPAIRED G2 OOF,501,738,adsorbate,zero_residual_v1,64,0,1,,,,,,1,1
canonical,CANONICAL — REPAIRED G2 OOF,503,740,interstitial,zero_residual_v1,64,0,1,,,,,,1,1
canonical,CANONICAL — REPAIRED G2 OOF,504,741,adsorbate,zero_residual_v1,64,0,1,,,,,,1,1
canonical,CANONICAL — REPAIRED G2 OOF,505,742,adsorbate,zero_residual_v1,64,0,1,,,,,,1,1
canonical,CANONICAL — REPAIRED G2 OOF,506,743,interstitial,zero_residual_v1,64,0,1,,,,,,1,1
canonical,CANONICAL — REPAIRED G2 OOF,507,745,adsorbate,zero_residual_v1,64,0,1,,,,,,1,1
canonical,CANONICAL — REPAIRED G2 OOF,508,747,adsorbate,zero_residual_v1,64,0,1,,,,,,1,1
canonical,CANONICAL — REPAIRED G2 OOF,509,748,interstitial,zero_residual_v1,64,0,1,,,,,,1,1
canonical,CANONICAL — REPAIRED G2 OOF,510,749,adsorbate,zero_residual_v1,64,0,1,,,,,,1,1
canonical,CANONICAL — REPAIRED G2 OOF,511,751,adsorbate,zero_residual_v1,64,0,1,,,,,,1,1
canonical,CANONICAL — REPAIRED G2 OOF,512,753,adsorbate,zero_residual_v1,64,0,1,,,,,,1,1
canonical,CANONICAL — REPAIRED G2 OOF,513,754,adsorbate,zero_residual_v1,64,0,1,,,,,,1,1
canonical,CANONICAL — REPAIRED G2 OOF,514,755,interstitial,zero_residual_v1,64,0,1,,,,,,1,1
canonical,CANONICAL — REPAIRED G2 OOF,515,757,adsorbate,zero_residual_v1,64,0,1,,,,,,1,1
canonical,CANONICAL — REPAIRED G2 OOF,516,758,interstitial,zero_residual_v1,64,0,1,,,,,,1,1
canonical,CANONICAL — REPAIRED G2 OOF,517,760,adsorbate,zero_residual_v1,64,0,1,,,,,,1,1
canonical,CANONICAL — REPAIRED G2 OOF,519,764,interstitial,zero_residual_v1,64,0,1,,,,,,1,1
canonical,CANONICAL — REPAIRED G2 OOF,520,765,interstitial,zero_residual_v1,64,0,1,,,,,,1,1
canonical,CANONICAL — REPAIRED G2 OOF,521,767,interstitial,zero_residual_v1,64,0,1,,,,,,1,1
canonical,CANONICAL — REPAIRED G2 OOF,522,768,adsorbate,zero_residual_v1,64,0,1,,,,,,1,1
canonical,CANONICAL — REPAIRED G2 OOF,523,770,adsorbate,zero_residual_v1,64,0,1,,,,,,1,1
canonical,CANONICAL — REPAIRED G2 OOF,524,771,adsorbate,zero_residual_v1,64,0,1,,,,,,1,1
canonical,CANONICAL — REPAIRED G2 OOF,525,772,interstitial,zero_residual_v1,64,0,1,,,,,,1,1
canonical,CANONICAL — REPAIRED G2 OOF,526,773,adsorbate,zero_residual_v1,64,0,1,,,,,,1,1
canonical,CANONICAL — REPAIRED G2 OOF,527,774,adsorbate,zero_residual_v1,64,0,1,,,,,,1,1
canonical,CANONICAL — REPAIRED G2 OOF,528,775,adsorbate,zero_residual_v1,64,0,1,,,,,,1,1
canonical,CANONICAL — REPAIRED G2 OOF,529,776,adsorbate,zero_residual_v1,64,0,1,,,,,,1,1
canonical,CANONICAL — REPAIRED G2 OOF,530,777,adsorbate,zero_residual_v1,64,0,1,,,,,,1,1
canonical,CANONICAL — REPAIRED G2 OOF,531,778,interstitial,zero_residual_v1,64,0,1,,,,,,1,1
canonical,CANONICAL — REPAIRED G2 OOF,532,780,adsorbate,zero_residual_v1,64,0,1,,,,,,1,1
canonical,CANONICAL — REPAIRED G2 OOF,533,781,adsorbate,zero_residual_v1,64,0,1,,,,,,1,1
canonical,CANONICAL — REPAIRED G2 OOF,534,782,adsorbate,zero_residual_v1,64,0,1,,,,,,1,1
canonical,CANONICAL — REPAIRED G2 OOF,535,783,adsorbate,zero_residual_v1,64,0,1,,,,,,1,1
canonical,CANONICAL — REPAIRED G2 OOF,536,785,interstitial,zero_residual_v1,64,0,1,,,,,,1,1
canonical,CANONICAL — REPAIRED G2 OOF,537,787,adsorbate,zero_residual_v1,64,0,1,,,,,,1,1
canonical,CANONICAL — REPAIRED G2 OOF,538,788,interstitial,zero_residual_v1,64,0,1,,,,,,1,1
canonical,CANONICAL — REPAIRED G2 OOF,539,789,interstitial,zero_residual_v1,64,0,1,,,,,,1,1
canonical,CANONICAL — REPAIRED G2 OOF,540,790,adsorbate,zero_residual_v1,64,0,1,,,,,,1,1
canonical,CANONICAL — REPAIRED G2 OOF,541,791,adsorbate,zero_residual_v1,64,0,1,,,,,,1,1
canonical,CANONICAL — REPAIRED G2 OOF,542,794,adsorbate,zero_residual_v1,64,0,1,,,,,,1,1
canonical,CANONICAL — REPAIRED G2 OOF,543,795,interstitial,zero_residual_v1,64,0,1,,,,,,1,1
canonical,CANONICAL — REPAIRED G2 OOF,544,796,interstitial,zero_residual_v1,64,0,1,,,,,,1,1
canonical,CANONICAL — REPAIRED G2 OOF,545,799,adsorbate,zero_residual_v1,64,0,1,,,,,,1,1
canonical,CANONICAL — REPAIRED G2 OOF,546,800,adsorbate,zero_residual_v1,64,0,1,,,,,,1,1
canonical,CANONICAL — REPAIRED G2 OOF,547,802,interstitial,zero_residual_v1,64,0,1,,,,,,1,1
canonical,CANONICAL — REPAIRED G2 OOF,548,803,adsorbate,zero_residual_v1,64,0,1,,,,,,1,1
canonical,CANONICAL — REPAIRED G2 OOF,549,804,interstitial,zero_residual_v1,64,0,1,,,,,,1,1
canonical,CANONICAL — REPAIRED G2 OOF,551,806,interstitial,zero_residual_v1,64,0,1,,,,,,1,1
canonical,CANONICAL — REPAIRED G2 OOF,553,810,interstitial,zero_residual_v1,64,0,1,,,,,,1,1
canonical,CANONICAL — REPAIRED G2 OOF,554,811,interstitial,zero_residual_v1,64,0,1,,,,,,1,1
canonical,CANONICAL — REPAIRED G2 OOF,555,812,interstitial,zero_residual_v1,64,0,1,,,,,,1,1
canonical,CANONICAL — REPAIRED G2 OOF,556,814,adsorbate,zero_residual_v1,64,0,1,,,,,,1,1
canonical,CANONICAL — REPAIRED G2 OOF,557,816,adsorbate,zero_residual_v1,64,0,1,,,,,,1,1
canonical,CANONICAL — REPAIRED G2 OOF,558,818,interstitial,zero_residual_v1,64,0,1,,,,,,1,1
canonical,CANONICAL — REPAIRED G2 OOF,559,819,interstitial,zero_residual_v1,64,0,1,,,,,,1,1
canonical,CANONICAL — REPAIRED G2 OOF,560,822,adsorbate,zero_residual_v1,64,0,1,,,,,,1,1
canonical,CANONICAL — REPAIRED G2 OOF,561,823,interstitial,zero_residual_v1,64,0,1,,,,,,1,1
canonical,CANONICAL — REPAIRED G2 OOF,562,824,interstitial,zero_residual_v1,64,0,1,,,,,,1,1
canonical,CANONICAL — REPAIRED G2 OOF,563,825,adsorbate,zero_residual_v1,64,0,1,,,,,,1,1
canonical,CANONICAL — REPAIRED G2 OOF,564,826,interstitial,zero_residual_v1,64,0,1,,,,,,1,1
canonical,CANONICAL — REPAIRED G2 OOF,565,828,adsorbate,zero_residual_v1,64,0,1,,,,,,1,1
canonical,CANONICAL — REPAIRED G2 OOF,566,830,adsorbate,zero_residual_v1,64,0,1,,,,,,1,1
canonical,CANONICAL — REPAIRED G2 OOF,567,831,interstitial,zero_residual_v1,64,0,1,,,,,,1,1
canonical,CANONICAL — REPAIRED G2 OOF,568,832,adsorbate,zero_residual_v1,64,0,1,,,,,,1,1
canonical,CANONICAL — REPAIRED G2 OOF,569,833,adsorbate,zero_residual_v1,64,0,1,,,,,,1,1
canonical,CANONICAL — REPAIRED G2 OOF,570,834,adsorbate,zero_residual_v1,64,0,1,,,,,,1,1
canonical,CANONICAL — REPAIRED G2 OOF,571,835,adsorbate,zero_residual_v1,64,0,1,,,,,,1,1
canonical,CANONICAL — REPAIRED G2 OOF,572,836,adsorbate,zero_residual_v1,64,0,1,,,,,,1,1
canonical,CANONICAL — REPAIRED G2 OOF,573,838,adsorbate,zero_residual_v1,64,0,1,,,,,,1,1
canonical,CANONICAL — REPAIRED G2 OOF,574,840,adsorbate,zero_residual_v1,64,0,1,,,,,,1,1
canonical,CANONICAL — REPAIRED G2 OOF,575,841,interstitial,zero_residual_v1,64,0,1,,,,,,1,1
canonical,CANONICAL — REPAIRED G2 OOF,576,842,interstitial,zero_residual_v1,64,0,1,,,,,,1,1
canonical,CANONICAL — REPAIRED G2 OOF,577,843,adsorbate,zero_residual_v1,64,0,1,,,,,,1,1
canonical,CANONICAL — REPAIRED G2 OOF,578,844,adsorbate,zero_residual_v1,64,0,1,,,,,,1,1
canonical,CANONICAL — REPAIRED G2 OOF,579,845,adsorbate,zero_residual_v1,64,0,1,,,,,,1,1
canonical,CANONICAL — REPAIRED G2 OOF,580,846,adsorbate,zero_residual_v1,64,0,1,,,,,,1,1
canonical,CANONICAL — REPAIRED G2 OOF,581,847,interstitial,zero_residual_v1,64,0,1,,,,,,1,1
canonical,CANONICAL — REPAIRED G2 OOF,582,849,interstitial,zero_residual_v1,64,0,1,,,,,,1,1
canonical,CANONICAL — REPAIRED G2 OOF,583,850,adsorbate,zero_residual_v1,64,0,1,,,,,,1,1
canonical,CANONICAL — REPAIRED G2 OOF,584,851,interstitial,zero_residual_v1,64,0,1,,,,,,1,1
canonical,CANONICAL — REPAIRED G2 OOF,585,852,adsorbate,zero_residual_v1,64,0,1,,,,,,1,1
canonical,CANONICAL — REPAIRED G2 OOF,586,857,adsorbate,zero_residual_v1,64,0,1,,,,,,1,1
canonical,CANONICAL — REPAIRED G2 OOF,587,858,adsorbate,zero_residual_v1,64,0,1,,,,,,1,1
canonical,CANONICAL — REPAIRED G2 OOF,588,860,adsorbate,zero_residual_v1,64,0,1,,,,,,1,1
canonical,CANONICAL — REPAIRED G2 OOF,589,861,interstitial,zero_residual_v1,64,0,1,,,,,,1,1
canonical,CANONICAL — REPAIRED G2 OOF,590,862,adsorbate,zero_residual_v1,64,0,1,,,,,,1,1
canonical,CANONICAL — REPAIRED G2 OOF,591,863,interstitial,zero_residual_v1,64,0,1,,,,,,1,1
canonical,CANONICAL — REPAIRED G2 OOF,592,864,adsorbate,zero_residual_v1,64,0,1,,,,,,1,1
canonical,CANONICAL — REPAIRED G2 OOF,593,865,interstitial,zero_residual_v1,64,0,1,,,,,,1,1
canonical,CANONICAL — REPAIRED G2 OOF,594,866,interstitial,zero_residual_v1,64,0,1,,,,,,1,1
canonical,CANONICAL — REPAIRED G2 OOF,595,867,interstitial,zero_residual_v1,64,0,1,,,,,,1,1
canonical,CANONICAL — REPAIRED G2 OOF,596,868,adsorbate,zero_residual_v1,64,0,1,,,,,,1,1
canonical,CANONICAL — REPAIRED G2 OOF,597,869,adsorbate,zero_residual_v1,64,0,1,,,,,,1,1
canonical,CANONICAL — REPAIRED G2 OOF,598,870,adsorbate,zero_residual_v1,64,0,1,,,,,,1,1
canonical,CANONICAL — REPAIRED G2 OOF,599,872,interstitial,zero_residual_v1,64,0,1,,,,,,1,1
canonical,CANONICAL — REPAIRED G2 OOF,600,873,interstitial,zero_residual_v1,64,0,1,,,,,,1,1
canonical,CANONICAL — REPAIRED G2 OOF,601,874,adsorbate,zero_residual_v1,64,0,1,,,,,,1,1
canonical,CANONICAL — REPAIRED G2 OOF,602,875,interstitial,zero_residual_v1,64,0,1,,,,,,1,1
canonical,CANONICAL — REPAIRED G2 OOF,603,876,adsorbate,zero_residual_v1,64,0,1,,,,,,1,1
canonical,CANONICAL — REPAIRED G2 OOF,604,877,adsorbate,zero_residual_v1,64,0,1,,,,,,1,1
canonical,CANONICAL — REPAIRED G2 OOF,605,880,adsorbate,zero_residual_v1,64,0,1,,,,,,1,1
canonical,CANONICAL — REPAIRED G2 OOF,606,882,adsorbate,zero_residual_v1,64,0,1,,,,,,1,1
canonical,CANONICAL — REPAIRED G2 OOF,607,886,interstitial,zero_residual_v1,64,0,1,,,,,,1,1
canonical,CANONICAL — REPAIRED G2 OOF,608,887,adsorbate,zero_residual_v1,64,0,1,,,,,,1,1
canonical,CANONICAL — REPAIRED G2 OOF,609,889,adsorbate,zero_residual_v1,64,0,1,,,,,,1,1
canonical,CANONICAL — REPAIRED G2 OOF,610,892,interstitial,zero_residual_v1,64,0,1,,,,,,1,1
canonical,CANONICAL — REPAIRED G2 OOF,611,896,interstitial,zero_residual_v1,64,0,1,,,,,,1,1
canonical,CANONICAL — REPAIRED G2 OOF,614,901,adsorbate,zero_residual_v1,64,0,1,,,,,,1,1
canonical,CANONICAL — REPAIRED G2 OOF,615,903,adsorbate,zero_residual_v1,64,0,1,,,,,,1,1
canonical,CANONICAL — REPAIRED G2 OOF,617,905,adsorbate,zero_residual_v1,64,0,1,,,,,,1,1
canonical,CANONICAL — REPAIRED G2 OOF,618,906,adsorbate,zero_residual_v1,64,0,1,,,,,,1,1
canonical,CANONICAL — REPAIRED G2 OOF,619,907,adsorbate,zero_residual_v1,64,0,1,,,,,,1,1
canonical,CANONICAL — REPAIRED G2 OOF,620,908,interstitial,zero_residual_v1,64,0,1,,,,,,1,1
canonical,CANONICAL — REPAIRED G2 OOF,621,910,adsorbate,zero_residual_v1,64,0,1,,,,,,1,1
canonical,CANONICAL — REPAIRED G2 OOF,622,911,adsorbate,zero_residual_v1,64,0,1,,,,,,1,1
canonical,CANONICAL — REPAIRED G2 OOF,623,912,adsorbate,zero_residual_v1,64,0,1,,,,,,1,1
canonical,CANONICAL — REPAIRED G2 OOF,624,915,adsorbate,zero_residual_v1,64,0,1,,,,,,1,1
canonical,CANONICAL — REPAIRED G2 OOF,625,916,adsorbate,zero_residual_v1,64,0,1,,,,,,1,1
canonical,CANONICAL — REPAIRED G2 OOF,626,917,interstitial,zero_residual_v1,64,0,1,,,,,,1,1
canonical,CANONICAL — REPAIRED G2 OOF,627,919,interstitial,zero_residual_v1,64,0,1,,,,,,1,1
canonical,CANONICAL — REPAIRED G2 OOF,628,920,interstitial,zero_residual_v1,64,0,1,,,,,,1,1
canonical,CANONICAL — REPAIRED G2 OOF,629,921,interstitial,zero_residual_v1,64,0,1,,,,,,1,1
canonical,CANONICAL — REPAIRED G2 OOF,630,923,interstitial,zero_residual_v1,64,0,1,,,,,,1,1
canonical,CANONICAL — REPAIRED G2 OOF,631,924,adsorbate,zero_residual_v1,64,0,1,,,,,,1,1
canonical,CANONICAL — REPAIRED G2 OOF,632,925,interstitial,zero_residual_v1,64,0,1,,,,,,1,1
canonical,CANONICAL — REPAIRED G2 OOF,633,927,adsorbate,zero_residual_v1,64,0,1,,,,,,1,1
canonical,CANONICAL — REPAIRED G2 OOF,634,928,interstitial,zero_residual_v1,64,0,1,,,,,,1,1
canonical,CANONICAL — REPAIRED G2 OOF,635,930,interstitial,zero_residual_v1,64,0,1,,,,,,1,1
canonical,CANONICAL — REPAIRED G2 OOF,636,931,adsorbate,zero_residual_v1,64,0,1,,,,,,1,1
canonical,CANONICAL — REPAIRED G2 OOF,637,932,adsorbate,zero_residual_v1,64,0,1,,,,,,1,1
canonical,CANONICAL — REPAIRED G2 OOF,638,933,adsorbate,zero_residual_v1,64,0,1,,,,,,1,1
canonical,CANONICAL — REPAIRED G2 OOF,639,934,interstitial,zero_residual_v1,64,0,1,,,,,,1,1
canonical,CANONICAL — REPAIRED G2 OOF,640,936,interstitial,zero_residual_v1,64,0,1,,,,,,1,1
canonical,CANONICAL — REPAIRED G2 OOF,641,939,interstitial,zero_residual_v1,64,0,1,,,,,,1,1
canonical,CANONICAL — REPAIRED G2 OOF,642,940,adsorbate,zero_residual_v1,64,0,1,,,,,,1,1
canonical,CANONICAL — REPAIRED G2 OOF,643,941,interstitial,zero_residual_v1,64,0,1,,,,,,1,1
canonical,CANONICAL — REPAIRED G2 OOF,644,942,adsorbate,zero_residual_v1,64,0,1,,,,,,1,1
canonical,CANONICAL — REPAIRED G2 OOF,645,944,interstitial,zero_residual_v1,64,0,1,,,,,,1,1
canonical,CANONICAL — REPAIRED G2 OOF,646,945,interstitial,zero_residual_v1,64,0,1,,,,,,1,1
canonical,CANONICAL — REPAIRED G2 OOF,647,946,interstitial,zero_residual_v1,64,0,1,,,,,,1,1
canonical,CANONICAL — REPAIRED G2 OOF,648,947,adsorbate,zero_residual_v1,64,0,1,,,,,,1,1
canonical,CANONICAL — REPAIRED G2 OOF,649,948,interstitial,zero_residual_v1,64,0,1,,,,,,1,1
canonical,CANONICAL — REPAIRED G2 OOF,650,952,adsorbate,zero_residual_v1,64,0,1,,,,,,1,1
canonical,CANONICAL — REPAIRED G2 OOF,651,953,adsorbate,zero_residual_v1,64,0,1,,,,,,1,1
canonical,CANONICAL — REPAIRED G2 OOF,652,954,adsorbate,zero_residual_v1,64,0,1,,,,,,1,1
canonical,CANONICAL — REPAIRED G2 OOF,653,956,adsorbate,zero_residual_v1,64,0,1,,,,,,1,1
canonical,CANONICAL — REPAIRED G2 OOF,654,960,adsorbate,zero_residual_v1,64,0,1,,,,,,1,1
canonical,CANONICAL — REPAIRED G2 OOF,655,961,interstitial,zero_residual_v1,64,0,1,,,,,,1,1
canonical,CANONICAL — REPAIRED G2 OOF,656,962,interstitial,zero_residual_v1,64,0,1,,,,,,1,1
canonical,CANONICAL — REPAIRED G2 OOF,657,964,adsorbate,zero_residual_v1,64,0,1,,,,,,1,1
canonical,CANONICAL — REPAIRED G2 OOF,658,966,adsorbate,zero_residual_v1,64,0,1,,,,,,1,1
canonical,CANONICAL — REPAIRED G2 OOF,659,967,adsorbate,zero_residual_v1,64,0,1,,,,,,1,1
canonical,CANONICAL — REPAIRED G2 OOF,660,968,interstitial,zero_residual_v1,64,0,1,,,,,,1,1
canonical,CANONICAL — REPAIRED G2 OOF,661,969,adsorbate,zero_residual_v1,64,0,1,,,,,,1,1
canonical,CANONICAL — REPAIRED G2 OOF,662,970,interstitial,zero_residual_v1,64,0,1,,,,,,1,1
canonical,CANONICAL — REPAIRED G2 OOF,663,971,adsorbate,zero_residual_v1,64,0,1,,,,,,1,1
canonical,CANONICAL — REPAIRED G2 OOF,664,972,adsorbate,zero_residual_v1,64,0,1,,,,,,1,1
canonical,CANONICAL — REPAIRED G2 OOF,665,973,adsorbate,zero_residual_v1,64,0,1,,,,,,1,1
canonical,CANONICAL — REPAIRED G2 OOF,666,974,interstitial,zero_residual_v1,64,0,1,,,,,,1,1
canonical,CANONICAL — REPAIRED G2 OOF,667,975,interstitial,zero_residual_v1,64,0,1,,,,,,1,1
canonical,CANONICAL — REPAIRED G2 OOF,668,976,adsorbate,zero_residual_v1,64,0,1,,,,,,1,1
canonical,CANONICAL — REPAIRED G2 OOF,669,977,adsorbate,zero_residual_v1,64,0,1,,,,,,1,1
canonical,CANONICAL — REPAIRED G2 OOF,670,978,interstitial,zero_residual_v1,64,0,1,,,,,,1,1
canonical,CANONICAL — REPAIRED G2 OOF,671,980,interstitial,zero_residual_v1,64,0,1,,,,,,1,1
canonical,CANONICAL — REPAIRED G2 OOF,672,981,adsorbate,zero_residual_v1,64,0,1,,,,,,1,1
canonical,CANONICAL — REPAIRED G2 OOF,673,982,adsorbate,zero_residual_v1,64,0,1,,,,,,1,1
canonical,CANONICAL — REPAIRED G2 OOF,674,986,interstitial,zero_residual_v1,64,0,1,,,,,,1,1
canonical,CANONICAL — REPAIRED G2 OOF,675,987,adsorbate,zero_residual_v1,64,0,1,,,,,,1,1
canonical,CANONICAL — REPAIRED G2 OOF,676,988,interstitial,zero_residual_v1,64,0,1,,,,,,1,1
canonical,CANONICAL — REPAIRED G2 OOF,677,990,adsorbate,zero_residual_v1,64,0,1,,,,,,1,1
canonical,CANONICAL — REPAIRED G2 OOF,678,993,adsorbate,zero_residual_v1,64,0,1,,,,,,1,1
canonical,CANONICAL — REPAIRED G2 OOF,679,995,interstitial,zero_residual_v1,64,0,1,,,,,,1,1
canonical,CANONICAL — REPAIRED G2 OOF,680,996,interstitial,zero_residual_v1,64,0,1,,,,,,1,1
canonical,CANONICAL — REPAIRED G2 OOF,681,997,interstitial,zero_residual_v1,64,0,1,,,,,,1,1
canonical,CANONICAL — REPAIRED G2 OOF,682,998,adsorbate,zero_residual_v1,64,0,1,,,,,,1,1
canonical,CANONICAL — REPAIRED G2 OOF,683,1000,adsorbate,zero_residual_v1,64,0,1,,,,,,1,1
canonical,CANONICAL — REPAIRED G2 OOF,684,1003,interstitial,zero_residual_v1,64,0,1,,,,,,1,1
canonical,CANONICAL — REPAIRED G2 OOF,685,1005,interstitial,zero_residual_v1,64,0,1,,,,,,1,1
canonical,CANONICAL — REPAIRED G2 OOF,686,1006,interstitial,zero_residual_v1,64,0,1,,,,,,1,1
canonical,CANONICAL — REPAIRED G2 OOF,687,1007,adsorbate,zero_residual_v1,64,0,1,,,,,,1,1
canonical,CANONICAL — REPAIRED G2 OOF,688,1009,adsorbate,zero_residual_v1,64,0,1,,,,,,1,1
canonical,CANONICAL — REPAIRED G2 OOF,689,1010,adsorbate,zero_residual_v1,64,0,1,,,,,,1,1
canonical,CANONICAL — REPAIRED G2 OOF,690,1011,adsorbate,zero_residual_v1,64,0,1,,,,,,1,1
canonical,CANONICAL — REPAIRED G2 OOF,691,1012,adsorbate,zero_residual_v1,64,0,1,,,,,,1,1
canonical,CANONICAL — REPAIRED G2 OOF,692,1013,adsorbate,zero_residual_v1,64,0,1,,,,,,1,1
canonical,CANONICAL — REPAIRED G2 OOF,693,1014,interstitial,zero_residual_v1,64,0,1,,,,,,1,1
canonical,CANONICAL — REPAIRED G2 OOF,694,1015,interstitial,zero_residual_v1,64,0,1,,,,,,1,1
canonical,CANONICAL — REPAIRED G2 OOF,695,1016,interstitial,zero_residual_v1,64,0,1,,,,,,1,1
canonical,CANONICAL — REPAIRED G2 OOF,696,1017,adsorbate,zero_residual_v1,64,0,1,,,,,,1,1
canonical,CANONICAL — REPAIRED G2 OOF,697,1021,interstitial,zero_residual_v1,64,0,1,,,,,,1,1
canonical,CANONICAL — REPAIRED G2 OOF,698,1022,adsorbate,zero_residual_v1,64,0,1,,,,,,1,1
canonical,CANONICAL — REPAIRED G2 OOF,699,1023,interstitial,zero_residual_v1,64,0,1,,,,,,1,1
canonical,CANONICAL — REPAIRED G2 OOF,700,1025,adsorbate,zero_residual_v1,64,0,1,,,,,,1,1
canonical,CANONICAL — REPAIRED G2 OOF,702,1029,interstitial,zero_residual_v1,64,0,1,,,,,,1,1
canonical,CANONICAL — REPAIRED G2 OOF,703,1031,interstitial,zero_residual_v1,64,0,1,,,,,,1,1
canonical,CANONICAL — REPAIRED G2 OOF,704,1032,interstitial,zero_residual_v1,64,0,1,,,,,,1,1
canonical,CANONICAL — REPAIRED G2 OOF,705,1033,adsorbate,zero_residual_v1,64,0,1,,,,,,1,1
canonical,CANONICAL — REPAIRED G2 OOF,706,1034,interstitial,zero_residual_v1,64,0,1,,,,,,1,1
canonical,CANONICAL — REPAIRED G2 OOF,707,1035,interstitial,zero_residual_v1,64,0,1,,,,,,1,1
canonical,CANONICAL — REPAIRED G2 OOF,708,1036,interstitial,zero_residual_v1,64,0,1,,,,,,1,1
canonical,CANONICAL — REPAIRED G2 OOF,709,1037,interstitial,zero_residual_v1,64,0,1,,,,,,1,1
canonical,CANONICAL — REPAIRED G2 OOF,710,1038,interstitial,zero_residual_v1,64,0,1,,,,,,1,1
canonical,CANONICAL — REPAIRED G2 OOF,711,1039,adsorbate,zero_residual_v1,64,0,1,,,,,,1,1
canonical,CANONICAL — REPAIRED G2 OOF,712,1040,adsorbate,zero_residual_v1,64,0,1,,,,,,1,1
canonical,CANONICAL — REPAIRED G2 OOF,713,1041,interstitial,zero_residual_v1,64,0,1,,,,,,1,1
canonical,CANONICAL — REPAIRED G2 OOF,714,1043,interstitial,zero_residual_v1,64,0,1,,,,,,1,1
canonical,CANONICAL — REPAIRED G2 OOF,715,1044,adsorbate,zero_residual_v1,64,0,1,,,,,,1,1
canonical,CANONICAL — REPAIRED G2 OOF,716,1047,adsorbate,zero_residual_v1,64,0,1,,,,,,1,1
canonical,CANONICAL — REPAIRED G2 OOF,717,1050,adsorbate,zero_residual_v1,64,0,1,,,,,,1,1
canonical,CANONICAL — REPAIRED G2 OOF,718,1052,interstitial,zero_residual_v1,64,0,1,,,,,,1,1
canonical,CANONICAL — REPAIRED G2 OOF,719,1053,adsorbate,zero_residual_v1,64,0,1,,,,,,1,1
canonical,CANONICAL — REPAIRED G2 OOF,720,1055,interstitial,zero_residual_v1,64,0,1,,,,,,1,1
canonical,CANONICAL — REPAIRED G2 OOF,721,1056,adsorbate,zero_residual_v1,64,0,1,,,,,,1,1
canonical,CANONICAL — REPAIRED G2 OOF,723,1059,interstitial,zero_residual_v1,64,0,1,,,,,,1,1
canonical,CANONICAL — REPAIRED G2 OOF,724,1061,interstitial,zero_residual_v1,64,0,1,,,,,,1,1
canonical,CANONICAL — REPAIRED G2 OOF,725,1062,adsorbate,zero_residual_v1,64,0,1,,,,,,1,1
canonical,CANONICAL — REPAIRED G2 OOF,726,1063,adsorbate,zero_residual_v1,64,0,1,,,,,,1,1
canonical,CANONICAL — REPAIRED G2 OOF,727,1064,adsorbate,zero_residual_v1,64,0,1,,,,,,1,1
canonical,CANONICAL — REPAIRED G2 OOF,729,1067,interstitial,zero_residual_v1,64,0,1,,,,,,1,1
canonical,CANONICAL — REPAIRED G2 OOF,730,1071,adsorbate,zero_residual_v1,64,0,1,,,,,,1,1
canonical,CANONICAL — REPAIRED G2 OOF,731,1073,adsorbate,zero_residual_v1,64,0,1,,,,,,1,1
canonical,CANONICAL — REPAIRED G2 OOF,732,1074,interstitial,zero_residual_v1,64,0,1,,,,,,1,1
canonical,CANONICAL — REPAIRED G2 OOF,733,1076,interstitial,zero_residual_v1,64,0,1,,,,,,1,1
canonical,CANONICAL — REPAIRED G2 OOF,734,1077,interstitial,zero_residual_v1,64,0,1,,,,,,1,1
canonical,CANONICAL — REPAIRED G2 OOF,735,1079,interstitial,zero_residual_v1,64,0,1,,,,,,1,1
canonical,CANONICAL — REPAIRED G2 OOF,736,1080,interstitial,zero_residual_v1,64,0,1,,,,,,1,1
canonical,CANONICAL — REPAIRED G2 OOF,737,1082,interstitial,zero_residual_v1,64,0,1,,,,,,1,1
canonical,CANONICAL — REPAIRED G2 OOF,738,1083,interstitial,zero_residual_v1,64,0,1,,,,,,1,1
canonical,CANONICAL — REPAIRED G2 OOF,739,1086,adsorbate,zero_residual_v1,64,0,1,,,,,,1,1
canonical,CANONICAL — REPAIRED G2 OOF,740,1087,adsorbate,zero_residual_v1,64,0,1,,,,,,1,1
canonical,CANONICAL — REPAIRED G2 OOF,741,1088,interstitial,zero_residual_v1,64,0,1,,,,,,1,1
canonical,CANONICAL — REPAIRED G2 OOF,742,1089,interstitial,zero_residual_v1,64,0,1,,,,,,1,1
canonical,CANONICAL — REPAIRED G2 OOF,743,1091,interstitial,zero_residual_v1,64,0,1,,,,,,1,1
canonical,CANONICAL — REPAIRED G2 OOF,745,1093,adsorbate,zero_residual_v1,64,0,1,,,,,,1,1
canonical,CANONICAL — REPAIRED G2 OOF,746,1094,adsorbate,zero_residual_v1,64,0,1,,,,,,1,1
canonical,CANONICAL — REPAIRED G2 OOF,747,1095,adsorbate,zero_residual_v1,64,0,1,,,,,,1,1
canonical,CANONICAL — REPAIRED G2 OOF,748,1096,adsorbate,zero_residual_v1,64,1,1,,,,local_abs_covalent_radius_mismatch_A|local_abs_electronegativity_contrast|local_abs_valence_mismatch|local_signed_covalent_radius_mismatch_A|local_signed_electronegativity_mismatch|local_signed_valence_mismatch|neighbor_distance_std_A|postrelaxation_min_clearance_A,,1,1
canonical,CANONICAL — REPAIRED G2 OOF,749,1097,adsorbate,zero_residual_v1,64,0,1,,,,,,1,1
canonical,CANONICAL — REPAIRED G2 OOF,750,1099,adsorbate,zero_residual_v1,64,0,1,,,,,,1,1
canonical,CANONICAL — REPAIRED G2 OOF,751,1100,interstitial,zero_residual_v1,64,0,1,,,,,,1,1
canonical,CANONICAL — REPAIRED G2 OOF,752,1101,adsorbate,zero_residual_v1,64,0,1,,,,,,1,1
canonical,CANONICAL — REPAIRED G2 OOF,753,1103,adsorbate,zero_residual_v1,64,0,1,,,,,,1,1
canonical,CANONICAL — REPAIRED G2 OOF,754,1105,interstitial,zero_residual_v1,64,0,1,,,,,,1,1
canonical,CANONICAL — REPAIRED G2 OOF,755,1106,adsorbate,zero_residual_v1,64,0,1,,,,,,1,1
canonical,CANONICAL — REPAIRED G2 OOF,756,1109,adsorbate,zero_residual_v1,64,0,1,,,,,,1,1
canonical,CANONICAL — REPAIRED G2 OOF,757,1110,adsorbate,zero_residual_v1,64,0,1,,,,,,1,1
canonical,CANONICAL — REPAIRED G2 OOF,758,1111,interstitial,zero_residual_v1,64,0,1,,,,,,1,1
canonical,CANONICAL — REPAIRED G2 OOF,759,1112,adsorbate,zero_residual_v1,64,0,1,,,,,,1,1
canonical,CANONICAL — REPAIRED G2 OOF,760,1113,interstitial,zero_residual_v1,64,0,1,,,,,,1,1
canonical,CANONICAL — REPAIRED G2 OOF,761,1114,adsorbate,zero_residual_v1,64,0,1,,,,,,1,1
canonical,CANONICAL — REPAIRED G2 OOF,762,1115,adsorbate,zero_residual_v1,64,0,1,,,,,,1,1
canonical,CANONICAL — REPAIRED G2 OOF,763,1117,adsorbate,zero_residual_v1,64,0,1,,,,,,1,1
canonical,CANONICAL — REPAIRED G2 OOF,764,1118,interstitial,zero_residual_v1,64,0,1,,,,,,1,1
canonical,CANONICAL — REPAIRED G2 OOF,766,1120,interstitial,zero_residual_v1,64,0,1,,,,,,1,1
canonical,CANONICAL — REPAIRED G2 OOF,767,1122,interstitial,zero_residual_v1,64,0,1,,,,,,1,1
canonical,CANONICAL — REPAIRED G2 OOF,768,1123,interstitial,zero_residual_v1,64,0,1,,,,,,1,1
canonical,CANONICAL — REPAIRED G2 OOF,769,1124,adsorbate,zero_residual_v1,64,0,1,,,,,,1,1
canonical,CANONICAL — REPAIRED G2 OOF,770,1125,interstitial,zero_residual_v1,64,0,1,,,,,,1,1
canonical,CANONICAL — REPAIRED G2 OOF,771,1126,interstitial,zero_residual_v1,64,0,1,,,,,,1,1
canonical,CANONICAL — REPAIRED G2 OOF,772,1128,adsorbate,zero_residual_v1,64,0,1,,,,,,1,1
canonical,CANONICAL — REPAIRED G2 OOF,773,1129,interstitial,zero_residual_v1,64,0,1,,,,,,1,1
canonical,CANONICAL — REPAIRED G2 OOF,774,1130,adsorbate,zero_residual_v1,64,0,1,,,,,,1,1
canonical,CANONICAL — REPAIRED G2 OOF,775,1131,adsorbate,zero_residual_v1,64,0,1,,,,,,1,1
canonical,CANONICAL — REPAIRED G2 OOF,776,1133,interstitial,zero_residual_v1,64,0,1,,,,,,1,1
canonical,CANONICAL — REPAIRED G2 OOF,777,1136,interstitial,zero_residual_v1,64,0,1,,,,,,1,1
canonical,CANONICAL — REPAIRED G2 OOF,778,1137,adsorbate,zero_residual_v1,64,0,1,,,,,,1,1
canonical,CANONICAL — REPAIRED G2 OOF,780,1139,adsorbate,zero_residual_v1,64,0,1,,,,,,1,1
canonical,CANONICAL — REPAIRED G2 OOF,781,1141,adsorbate,zero_residual_v1,64,0,1,,,,,,1,1
canonical,CANONICAL — REPAIRED G2 OOF,782,1142,adsorbate,zero_residual_v1,64,0,1,,,,,,1,1
canonical,CANONICAL — REPAIRED G2 OOF,783,1143,adsorbate,zero_residual_v1,64,0,1,,,,,,1,1
canonical,CANONICAL — REPAIRED G2 OOF,784,1145,adsorbate,zero_residual_v1,64,0,1,,,,,,1,1
canonical,CANONICAL — REPAIRED G2 OOF,785,1146,interstitial,zero_residual_v1,64,0,1,,,,,,1,1
canonical,CANONICAL — REPAIRED G2 OOF,786,1147,interstitial,zero_residual_v1,64,0,1,,,,,,1,1
canonical,CANONICAL — REPAIRED G2 OOF,787,1149,interstitial,zero_residual_v1,64,0,1,,,,,,1,1
canonical,CANONICAL — REPAIRED G2 OOF,788,1150,interstitial,zero_residual_v1,64,0,1,,,,,,1,1
canonical,CANONICAL — REPAIRED G2 OOF,789,1151,interstitial,zero_residual_v1,64,0,1,,,,,,1,1
canonical,CANONICAL — REPAIRED G2 OOF,790,1152,interstitial,zero_residual_v1,64,0,1,,,,,,1,1
canonical,CANONICAL — REPAIRED G2 OOF,791,1153,adsorbate,zero_residual_v1,64,0,1,,,,,,1,1
canonical,CANONICAL — REPAIRED G2 OOF,792,1154,adsorbate,zero_residual_v1,64,0,1,,,,,,1,1
canonical,CANONICAL — REPAIRED G2 OOF,793,1155,adsorbate,zero_residual_v1,64,0,1,,,,,,1,1
canonical,CANONICAL — REPAIRED G2 OOF,794,1156,adsorbate,zero_residual_v1,64,0,1,,,,,,1,1
canonical,CANONICAL — REPAIRED G2 OOF,795,1158,interstitial,zero_residual_v1,64,0,1,,,,,,1,1
canonical,CANONICAL — REPAIRED G2 OOF,796,1160,interstitial,zero_residual_v1,64,0,1,,,,,,1,1
canonical,CANONICAL — REPAIRED G2 OOF,797,1163,adsorbate,zero_residual_v1,64,0,1,,,,,,1,1
canonical,CANONICAL — REPAIRED G2 OOF,798,1164,interstitial,zero_residual_v1,64,0,1,,,,,,1,1
canonical,CANONICAL — REPAIRED G2 OOF,799,1165,adsorbate,zero_residual_v1,64,0,1,,,,,,1,1
canonical,CANONICAL — REPAIRED G2 OOF,800,1166,interstitial,zero_residual_v1,64,0,1,,,,,,1,1
canonical,CANONICAL — REPAIRED G2 OOF,801,1168,adsorbate,zero_residual_v1,64,0,1,,,,,,1,1
canonical,CANONICAL — REPAIRED G2 OOF,802,1169,adsorbate,zero_residual_v1,64,0,1,,,,,,1,1
canonical,CANONICAL — REPAIRED G2 OOF,803,1171,interstitial,zero_residual_v1,64,0,1,,,,,,1,1
canonical,CANONICAL — REPAIRED G2 OOF,804,1174,interstitial,zero_residual_v1,64,0,1,,,,,,1,1
canonical,CANONICAL — REPAIRED G2 OOF,805,1175,interstitial,zero_residual_v1,64,0,1,,,,,,1,1
canonical,CANONICAL — REPAIRED G2 OOF,806,1176,interstitial,zero_residual_v1,64,0,1,,,,,,1,1
canonical,CANONICAL — REPAIRED G2 OOF,807,1177,interstitial,zero_residual_v1,64,0,1,,,,,,1,1
canonical,CANONICAL — REPAIRED G2 OOF,808,1178,interstitial,zero_residual_v1,64,0,1,,,,,,1,1
canonical,CANONICAL — REPAIRED G2 OOF,809,1179,interstitial,zero_residual_v1,64,0,1,,,,,,1,1
canonical,CANONICAL — REPAIRED G2 OOF,810,1180,interstitial,zero_residual_v1,64,0,1,,,,,,1,1
canonical,CANONICAL — REPAIRED G2 OOF,811,1181,adsorbate,zero_residual_v1,64,0,1,,,,,,1,1
canonical,CANONICAL — REPAIRED G2 OOF,812,1182,adsorbate,zero_residual_v1,64,0,1,,,,,,1,1
canonical,CANONICAL — REPAIRED G2 OOF,813,1184,interstitial,zero_residual_v1,64,0,1,,,,,,1,1
canonical,CANONICAL — REPAIRED G2 OOF,814,1185,interstitial,zero_residual_v1,64,0,1,,,,,,1,1
canonical,CANONICAL — REPAIRED G2 OOF,815,1186,adsorbate,zero_residual_v1,64,0,1,,,,,,1,1
canonical,CANONICAL — REPAIRED G2 OOF,816,1187,interstitial,zero_residual_v1,64,0,1,,,,,,1,1
canonical,CANONICAL — REPAIRED G2 OOF,817,1188,adsorbate,zero_residual_v1,64,0,1,,,,,,1,1
canonical,CANONICAL — REPAIRED G2 OOF,818,1190,interstitial,zero_residual_v1,64,0,1,,,,,,1,1
canonical,CANONICAL — REPAIRED G2 OOF,819,1191,adsorbate,zero_residual_v1,64,0,1,,,,,,1,1
canonical,CANONICAL — REPAIRED G2 OOF,820,1192,interstitial,zero_residual_v1,64,0,1,,,,,,1,1
canonical,CANONICAL — REPAIRED G2 OOF,821,1195,interstitial,zero_residual_v1,64,0,1,,,,,,1,1
canonical,CANONICAL — REPAIRED G2 OOF,822,1196,interstitial,zero_residual_v1,64,0,1,,,,,,1,1
canonical,CANONICAL — REPAIRED G2 OOF,823,1198,interstitial,zero_residual_v1,64,0,1,,,,,,1,1
canonical,CANONICAL — REPAIRED G2 OOF,824,1202,adsorbate,zero_residual_v1,64,0,1,,,,,,1,1
canonical,CANONICAL — REPAIRED G2 OOF,825,1205,interstitial,zero_residual_v1,64,0,1,,,,,,1,1
canonical,CANONICAL — REPAIRED G2 OOF,826,1206,adsorbate,zero_residual_v1,64,0,1,,,,,,1,1
canonical,CANONICAL — REPAIRED G2 OOF,827,1207,interstitial,zero_residual_v1,64,0,1,,,,,,1,1
canonical,CANONICAL — REPAIRED G2 OOF,828,1208,interstitial,zero_residual_v1,64,0,1,,,,,,1,1
canonical,CANONICAL — REPAIRED G2 OOF,829,1209,interstitial,zero_residual_v1,64,0,1,,,,,,1,1
canonical,CANONICAL — REPAIRED G2 OOF,830,1211,interstitial,zero_residual_v1,64,0,1,,,,,,1,1
canonical,CANONICAL — REPAIRED G2 OOF,831,1212,interstitial,zero_residual_v1,64,0,1,,,,,,1,1
canonical,CANONICAL — REPAIRED G2 OOF,832,1213,adsorbate,zero_residual_v1,64,0,1,,,,,,1,1
canonical,CANONICAL — REPAIRED G2 OOF,833,1214,adsorbate,zero_residual_v1,64,0,1,,,,,,1,1
canonical,CANONICAL — REPAIRED G2 OOF,834,1215,adsorbate,zero_residual_v1,64,0,1,,,,,,1,1
canonical,CANONICAL — REPAIRED G2 OOF,835,1216,adsorbate,zero_residual_v1,64,0,1,,,,,,1,1
canonical,CANONICAL — REPAIRED G2 OOF,836,1217,interstitial,zero_residual_v1,64,0,1,,,,,,1,1
canonical,CANONICAL — REPAIRED G2 OOF,837,1218,adsorbate,zero_residual_v1,64,0,1,,,,,,1,1
canonical,CANONICAL — REPAIRED G2 OOF,838,1219,adsorbate,zero_residual_v1,64,0,1,,,,,,1,1
canonical,CANONICAL — REPAIRED G2 OOF,839,1220,adsorbate,zero_residual_v1,64,0,1,,,,,,1,1
canonical,CANONICAL — REPAIRED G2 OOF,840,1221,adsorbate,zero_residual_v1,64,0,1,,,,,,1,1
canonical,CANONICAL — REPAIRED G2 OOF,841,1223,interstitial,zero_residual_v1,64,0,1,,,,,,1,1
canonical,CANONICAL — REPAIRED G2 OOF,842,1224,interstitial,zero_residual_v1,64,0,1,,,,,,1,1
canonical,CANONICAL — REPAIRED G2 OOF,843,1225,adsorbate,zero_residual_v1,64,0,1,,,,,,1,1
canonical,CANONICAL — REPAIRED G2 OOF,844,1226,adsorbate,zero_residual_v1,64,0,1,,,,,,1,1
canonical,CANONICAL — REPAIRED G2 OOF,845,1229,adsorbate,zero_residual_v1,64,0,1,,,,,,1,1
canonical,CANONICAL — REPAIRED G2 OOF,846,1230,interstitial,zero_residual_v1,64,0,1,,,,,,1,1
canonical,CANONICAL — REPAIRED G2 OOF,847,1232,interstitial,zero_residual_v1,64,0,1,,,,,,1,1
canonical,CANONICAL — REPAIRED G2 OOF,848,1233,interstitial,zero_residual_v1,64,0,1,,,,,,1,1
canonical,CANONICAL — REPAIRED G2 OOF,849,1234,interstitial,zero_residual_v1,64,0,1,,,,,,1,1
canonical,CANONICAL — REPAIRED G2 OOF,850,1236,adsorbate,zero_residual_v1,64,0,1,,,,,,1,1
canonical,CANONICAL — REPAIRED G2 OOF,851,1237,adsorbate,zero_residual_v1,64,0,1,,,,,,1,1
canonical,CANONICAL — REPAIRED G2 OOF,852,1238,adsorbate,zero_residual_v1,64,0,1,,,,,,1,1
canonical,CANONICAL — REPAIRED G2 OOF,853,1239,interstitial,zero_residual_v1,64,0,1,,,,,,1,1
canonical,CANONICAL — REPAIRED G2 OOF,855,1241,interstitial,zero_residual_v1,64,0,1,,,,,,1,1
canonical,CANONICAL — REPAIRED G2 OOF,856,1242,interstitial,zero_residual_v1,64,0,1,,,,,,1,1
canonical,CANONICAL — REPAIRED G2 OOF,857,1243,adsorbate,zero_residual_v1,64,0,1,,,,,,1,1
canonical,CANONICAL — REPAIRED G2 OOF,858,1244,interstitial,zero_residual_v1,64,0,1,,,,,,1,1
canonical,CANONICAL — REPAIRED G2 OOF,859,1245,interstitial,zero_residual_v1,64,0,1,,,,,,1,1
canonical,CANONICAL — REPAIRED G2 OOF,860,1247,adsorbate,zero_residual_v1,64,0,1,,,,,,1,1
canonical,CANONICAL — REPAIRED G2 OOF,861,1248,adsorbate,zero_residual_v1,64,0,1,,,,,,1,1
canonical,CANONICAL — REPAIRED G2 OOF,862,1250,adsorbate,zero_residual_v1,64,0,1,,,,,,1,1
canonical,CANONICAL — REPAIRED G2 OOF,863,1251,adsorbate,zero_residual_v1,64,0,1,,,,,,1,1
canonical,CANONICAL — REPAIRED G2 OOF,864,1254,adsorbate,zero_residual_v1,64,0,1,,,,,,1,1
canonical,CANONICAL — REPAIRED G2 OOF,865,1255,interstitial,zero_residual_v1,64,0,1,,,,,,1,1
canonical,CANONICAL — REPAIRED G2 OOF,866,1256,adsorbate,zero_residual_v1,64,0,1,,,,,,1,1
canonical,CANONICAL — REPAIRED G2 OOF,867,1257,adsorbate,zero_residual_v1,64,0,1,,,,,,1,1
canonical,CANONICAL — REPAIRED G2 OOF,868,1258,interstitial,zero_residual_v1,64,0,1,,,,,,1,1
canonical,CANONICAL — REPAIRED G2 OOF,869,1259,interstitial,zero_residual_v1,64,0,1,,,,,,1,1
canonical,CANONICAL — REPAIRED G2 OOF,870,1260,interstitial,zero_residual_v1,64,0,1,,,,,,1,1
canonical,CANONICAL — REPAIRED G2 OOF,871,1263,adsorbate,zero_residual_v1,64,0,1,,,,,,1,1
canonical,CANONICAL — REPAIRED G2 OOF,872,1264,adsorbate,zero_residual_v1,64,0,1,,,,,,1,1
canonical,CANONICAL — REPAIRED G2 OOF,873,1265,interstitial,zero_residual_v1,64,0,1,,,,,,1,1
canonical,CANONICAL — REPAIRED G2 OOF,874,1268,interstitial,zero_residual_v1,64,0,1,,,,,,1,1
canonical,CANONICAL — REPAIRED G2 OOF,875,1270,interstitial,zero_residual_v1,64,0,1,,,,,,1,1
canonical,CANONICAL — REPAIRED G2 OOF,876,1271,adsorbate,zero_residual_v1,64,0,1,,,,,,1,1
canonical,CANONICAL — REPAIRED G2 OOF,877,1272,adsorbate,zero_residual_v1,64,0,1,,,,,,1,1
canonical,CANONICAL — REPAIRED G2 OOF,878,1274,adsorbate,zero_residual_v1,64,0,1,,,,,,1,1
canonical,CANONICAL — REPAIRED G2 OOF,879,1275,interstitial,zero_residual_v1,64,0,1,,,,,,1,1
canonical,CANONICAL — REPAIRED G2 OOF,880,1277,adsorbate,zero_residual_v1,64,0,1,,,,,,1,1
canonical,CANONICAL — REPAIRED G2 OOF,881,1279,adsorbate,zero_residual_v1,64,0,1,,,,,,1,1
canonical,CANONICAL — REPAIRED G2 OOF,882,1280,adsorbate,zero_residual_v1,64,0,1,,,,,,1,1
canonical,CANONICAL — REPAIRED G2 OOF,883,1281,adsorbate,zero_residual_v1,64,0,1,,,,,,1,1
canonical,CANONICAL — REPAIRED G2 OOF,884,1282,adsorbate,zero_residual_v1,64,0,1,,,,,,1,1
canonical,CANONICAL — REPAIRED G2 OOF,885,1283,adsorbate,zero_residual_v1,64,0,1,,,,,,1,1
canonical,CANONICAL — REPAIRED G2 OOF,886,1284,adsorbate,zero_residual_v1,64,0,1,,,,,,1,1
canonical,CANONICAL — REPAIRED G2 OOF,887,1285,interstitial,zero_residual_v1,64,0,1,,,,,,1,1
canonical,CANONICAL — REPAIRED G2 OOF,888,1287,adsorbate,zero_residual_v1,64,0,1,,,,,,1,1
canonical,CANONICAL — REPAIRED G2 OOF,889,1289,interstitial,zero_residual_v1,64,0,1,,,,,,1,1
canonical,CANONICAL — REPAIRED G2 OOF,890,1291,adsorbate,zero_residual_v1,64,0,1,,,,,,1,1
canonical,CANONICAL — REPAIRED G2 OOF,891,1292,adsorbate,zero_residual_v1,64,0,1,,,,,,1,1
canonical,CANONICAL — REPAIRED G2 OOF,892,1294,adsorbate,zero_residual_v1,64,0,1,,,,,,1,1
canonical,CANONICAL — REPAIRED G2 OOF,893,1295,interstitial,zero_residual_v1,64,0,1,,,,,,1,1
canonical,CANONICAL — REPAIRED G2 OOF,894,1299,adsorbate,zero_residual_v1,64,0,1,,,,,,1,1
canonical,CANONICAL — REPAIRED G2 OOF,895,1300,interstitial,zero_residual_v1,64,0,1,,,,,,1,1
canonical,CANONICAL — REPAIRED G2 OOF,896,1301,adsorbate,zero_residual_v1,64,0,1,,,,,,1,1
canonical,CANONICAL — REPAIRED G2 OOF,897,1302,adsorbate,zero_residual_v1,64,0,1,,,,,,1,1
canonical,CANONICAL — REPAIRED G2 OOF,898,1305,interstitial,zero_residual_v1,64,0,1,,,,,,1,1
canonical,CANONICAL — REPAIRED G2 OOF,899,1307,interstitial,zero_residual_v1,64,0,1,,,,,,1,1
canonical,CANONICAL — REPAIRED G2 OOF,900,1308,adsorbate,zero_residual_v1,64,0,1,,,,,,1,1
canonical,CANONICAL — REPAIRED G2 OOF,901,1310,interstitial,zero_residual_v1,64,0,1,,,,,,1,1
canonical,CANONICAL — REPAIRED G2 OOF,902,1313,interstitial,zero_residual_v1,64,0,1,,,,,,1,1
canonical,CANONICAL — REPAIRED G2 OOF,903,1316,interstitial,zero_residual_v1,64,0,1,,,,,,1,1
canonical,CANONICAL — REPAIRED G2 OOF,904,1317,interstitial,zero_residual_v1,64,0,1,,,,,,1,1
canonical,CANONICAL — REPAIRED G2 OOF,905,1318,interstitial,zero_residual_v1,64,0,1,,,,,,1,1
canonical,CANONICAL — REPAIRED G2 OOF,906,1319,adsorbate,zero_residual_v1,64,0,1,,,,,,1,1
canonical,CANONICAL — REPAIRED G2 OOF,907,1323,interstitial,zero_residual_v1,64,0,1,,,,,,1,1
canonical,CANONICAL — REPAIRED G2 OOF,908,1324,interstitial,zero_residual_v1,64,0,1,,,,,,1,1
canonical,CANONICAL — REPAIRED G2 OOF,909,1325,adsorbate,zero_residual_v1,64,0,1,,,,,,1,1
canonical,CANONICAL — REPAIRED G2 OOF,910,1328,interstitial,zero_residual_v1,64,0,1,,,,,,1,1
canonical,CANONICAL — REPAIRED G2 OOF,911,1329,interstitial,zero_residual_v1,64,0,1,,,,,,1,1
canonical,CANONICAL — REPAIRED G2 OOF,912,1332,interstitial,zero_residual_v1,64,0,1,,,,,,1,1
canonical,CANONICAL — REPAIRED G2 OOF,913,1334,adsorbate,zero_residual_v1,64,0,1,,,,,,1,1
canonical,CANONICAL — REPAIRED G2 OOF,914,1335,interstitial,zero_residual_v1,64,0,1,,,,,,1,1
canonical,CANONICAL — REPAIRED G2 OOF,915,1337,interstitial,zero_residual_v1,64,0,1,,,,,,1,1
canonical,CANONICAL — REPAIRED G2 OOF,916,1339,interstitial,zero_residual_v1,64,0,1,,,,,,1,1
canonical,CANONICAL — REPAIRED G2 OOF,917,1340,adsorbate,zero_residual_v1,64,0,1,,,,,,1,1
canonical,CANONICAL — REPAIRED G2 OOF,918,1342,adsorbate,zero_residual_v1,64,0,1,,,,,,1,1
canonical,CANONICAL — REPAIRED G2 OOF,919,1343,adsorbate,zero_residual_v1,64,0,1,,,,,,1,1
canonical,CANONICAL — REPAIRED G2 OOF,920,1344,adsorbate,zero_residual_v1,64,0,1,,,,,,1,1
canonical,CANONICAL — REPAIRED G2 OOF,921,1345,adsorbate,zero_residual_v1,64,0,1,,,,,,1,1
canonical,CANONICAL — REPAIRED G2 OOF,922,1346,adsorbate,zero_residual_v1,64,0,1,,,,,,1,1
canonical,CANONICAL — REPAIRED G2 OOF,923,1347,adsorbate,zero_residual_v1,64,0,1,,,,,,1,1
canonical,CANONICAL — REPAIRED G2 OOF,924,1348,adsorbate,zero_residual_v1,64,0,1,,,,,,1,1
canonical,CANONICAL — REPAIRED G2 OOF,925,1349,interstitial,zero_residual_v1,64,0,1,,,,,,1,1
canonical,CANONICAL — REPAIRED G2 OOF,926,1351,adsorbate,zero_residual_v1,64,0,1,,,,,,1,1
canonical,CANONICAL — REPAIRED G2 OOF,927,1353,adsorbate,zero_residual_v1,64,0,1,,,,,,1,1
canonical,CANONICAL — REPAIRED G2 OOF,928,1354,adsorbate,zero_residual_v1,64,0,1,,,,,,1,1
canonical,CANONICAL — REPAIRED G2 OOF,929,1355,adsorbate,zero_residual_v1,64,0,1,,,,,,1,1
canonical,CANONICAL — REPAIRED G2 OOF,930,1356,adsorbate,zero_residual_v1,64,0,1,,,,,,1,1
canonical,CANONICAL — REPAIRED G2 OOF,931,1357,interstitial,zero_residual_v1,64,0,1,,,,,,1,1
canonical,CANONICAL — REPAIRED G2 OOF,932,1358,interstitial,zero_residual_v1,64,0,1,,,,,,1,1
canonical,CANONICAL — REPAIRED G2 OOF,933,1359,adsorbate,zero_residual_v1,64,0,1,,,,,,1,1
canonical,CANONICAL — REPAIRED G2 OOF,934,1360,interstitial,zero_residual_v1,64,0,1,,,,,,1,1
canonical,CANONICAL — REPAIRED G2 OOF,935,1361,adsorbate,zero_residual_v1,64,0,1,,,,,,1,1
canonical,CANONICAL — REPAIRED G2 OOF,936,1363,adsorbate,zero_residual_v1,64,0,1,,,,,,1,1
canonical,CANONICAL — REPAIRED G2 OOF,937,1364,adsorbate,zero_residual_v1,64,0,1,,,,,,1,1
canonical,CANONICAL — REPAIRED G2 OOF,938,1365,adsorbate,zero_residual_v1,64,0,1,,,,,,1,1
canonical,CANONICAL — REPAIRED G2 OOF,939,1366,interstitial,zero_residual_v1,64,0,1,,,,,,1,1
canonical,CANONICAL — REPAIRED G2 OOF,940,1367,interstitial,zero_residual_v1,64,0,1,,,,,,1,1
canonical,CANONICAL — REPAIRED G2 OOF,941,1368,adsorbate,zero_residual_v1,64,0,1,,,,,,1,1
canonical,CANONICAL — REPAIRED G2 OOF,942,1370,interstitial,zero_residual_v1,64,0,1,,,,,,1,1
canonical,CANONICAL — REPAIRED G2 OOF,943,1372,interstitial,zero_residual_v1,64,0,1,,,,,,1,1
canonical,CANONICAL — REPAIRED G2 OOF,944,1373,adsorbate,zero_residual_v1,64,0,1,,,,,,1,1
canonical,CANONICAL — REPAIRED G2 OOF,945,1374,adsorbate,zero_residual_v1,64,0,1,,,,,,1,1
canonical,CANONICAL — REPAIRED G2 OOF,946,1375,interstitial,zero_residual_v1,64,0,1,,,,,,1,1
canonical,CANONICAL — REPAIRED G2 OOF,947,1376,interstitial,zero_residual_v1,64,0,1,,,,,,1,1
canonical,CANONICAL — REPAIRED G2 OOF,948,1379,adsorbate,zero_residual_v1,64,0,1,,,,,,1,1
canonical,CANONICAL — REPAIRED G2 OOF,949,1381,adsorbate,zero_residual_v1,64,0,1,,,,,,1,1
canonical,CANONICAL — REPAIRED G2 OOF,950,1382,interstitial,zero_residual_v1,64,0,1,,,,,,1,1
canonical,CANONICAL — REPAIRED G2 OOF,951,1383,adsorbate,zero_residual_v1,64,0,1,,,,,,1,1
canonical,CANONICAL — REPAIRED G2 OOF,952,1384,interstitial,zero_residual_v1,64,0,1,,,,,,1,1
canonical,CANONICAL — REPAIRED G2 OOF,953,1385,interstitial,zero_residual_v1,64,0,1,,,,,,1,1
canonical,CANONICAL — REPAIRED G2 OOF,954,1386,interstitial,zero_residual_v1,64,0,1,,,,,,1,1
canonical,CANONICAL — REPAIRED G2 OOF,955,1388,adsorbate,zero_residual_v1,64,0,1,,,,,,1,1
canonical,CANONICAL — REPAIRED G2 OOF,956,1390,interstitial,zero_residual_v1,64,0,1,,,,,,1,1
canonical,CANONICAL — REPAIRED G2 OOF,957,1394,adsorbate,zero_residual_v1,64,0,1,,,,,,1,1
canonical,CANONICAL — REPAIRED G2 OOF,958,1395,interstitial,zero_residual_v1,64,0,1,,,,,,1,1
canonical,CANONICAL — REPAIRED G2 OOF,959,1396,interstitial,zero_residual_v1,64,0,1,,,,,,1,1
canonical,CANONICAL — REPAIRED G2 OOF,960,1397,interstitial,zero_residual_v1,64,0,1,,,,,,1,1
canonical,CANONICAL — REPAIRED G2 OOF,961,1398,interstitial,zero_residual_v1,64,0,1,,,,,,1,1
canonical,CANONICAL — REPAIRED G2 OOF,962,1401,interstitial,zero_residual_v1,64,0,1,,,,,,1,1
canonical,CANONICAL — REPAIRED G2 OOF,964,1404,interstitial,zero_residual_v1,64,0,1,,,,,,1,1
canonical,CANONICAL — REPAIRED G2 OOF,965,1407,adsorbate,zero_residual_v1,64,0,1,,,,,,1,1
canonical,CANONICAL — REPAIRED G2 OOF,966,1408,interstitial,zero_residual_v1,64,0,1,,,,,,1,1
canonical,CANONICAL — REPAIRED G2 OOF,967,1409,interstitial,zero_residual_v1,64,0,1,,,,,,1,1
canonical,CANONICAL — REPAIRED G2 OOF,968,1410,interstitial,zero_residual_v1,64,0,1,,,,,,1,1
canonical,CANONICAL — REPAIRED G2 OOF,969,1411,adsorbate,zero_residual_v1,64,0,1,,,,,,1,1
canonical,CANONICAL — REPAIRED G2 OOF,970,1412,adsorbate,zero_residual_v1,64,0,1,,,,,,1,1
canonical,CANONICAL — REPAIRED G2 OOF,972,1414,adsorbate,zero_residual_v1,64,0,1,,,,,,1,1
canonical,CANONICAL — REPAIRED G2 OOF,973,1416,interstitial,zero_residual_v1,64,0,1,,,,,,1,1
canonical,CANONICAL — REPAIRED G2 OOF,974,1418,interstitial,zero_residual_v1,64,0,1,,,,,,1,1
canonical,CANONICAL — REPAIRED G2 OOF,975,1419,adsorbate,zero_residual_v1,64,0,1,,,,,,1,1
canonical,CANONICAL — REPAIRED G2 OOF,976,1420,interstitial,zero_residual_v1,64,0,1,,,,,,1,1
canonical,CANONICAL — REPAIRED G2 OOF,977,1421,adsorbate,zero_residual_v1,64,0,1,,,,,,1,1
canonical,CANONICAL — REPAIRED G2 OOF,978,1424,adsorbate,zero_residual_v1,64,0,1,,,,,,1,1
canonical,CANONICAL — REPAIRED G2 OOF,979,1425,adsorbate,zero_residual_v1,64,0,1,,,,,,1,1
canonical,CANONICAL — REPAIRED G2 OOF,980,1426,interstitial,zero_residual_v1,64,0,1,,,,,,1,1
canonical,CANONICAL — REPAIRED G2 OOF,981,1427,interstitial,zero_residual_v1,64,0,1,,,,,,1,1
canonical,CANONICAL — REPAIRED G2 OOF,982,1430,interstitial,zero_residual_v1,64,0,1,,,,,,1,1
canonical,CANONICAL — REPAIRED G2 OOF,983,1431,interstitial,zero_residual_v1,64,0,1,,,,,,1,1
canonical,CANONICAL — REPAIRED G2 OOF,984,1432,interstitial,zero_residual_v1,64,0,1,,,,,,1,1
canonical,CANONICAL — REPAIRED G2 OOF,985,1433,interstitial,zero_residual_v1,64,0,1,,,,,,1,1
canonical,CANONICAL — REPAIRED G2 OOF,986,1435,interstitial,zero_residual_v1,64,0,1,,,,,,1,1
canonical,CANONICAL — REPAIRED G2 OOF,987,1436,adsorbate,zero_residual_v1,64,0,1,,,,,,1,1
canonical,CANONICAL — REPAIRED G2 OOF,988,1438,adsorbate,zero_residual_v1,64,0,1,,,,,,1,1
canonical,CANONICAL — REPAIRED G2 OOF,989,1440,adsorbate,zero_residual_v1,64,0,1,,,,,,1,1
canonical,CANONICAL — REPAIRED G2 OOF,990,1443,interstitial,zero_residual_v1,64,0,1,,,,,,1,1
canonical,CANONICAL — REPAIRED G2 OOF,991,1445,interstitial,zero_residual_v1,64,0,1,,,,,,1,1
canonical,CANONICAL — REPAIRED G2 OOF,992,1447,adsorbate,zero_residual_v1,64,0,1,,,,,,1,1
canonical,CANONICAL — REPAIRED G2 OOF,993,1448,adsorbate,zero_residual_v1,64,0,1,,,,,,1,1
canonical,CANONICAL — REPAIRED G2 OOF,994,1449,adsorbate,zero_residual_v1,64,0,1,,,,,,1,1
canonical,CANONICAL — REPAIRED G2 OOF,995,1450,interstitial,zero_residual_v1,64,0,1,,,,,,1,1
canonical,CANONICAL — REPAIRED G2 OOF,996,1451,adsorbate,zero_residual_v1,64,0,1,,,,,,1,1
canonical,CANONICAL — REPAIRED G2 OOF,997,1453,adsorbate,zero_residual_v1,64,0,1,,,,,,1,1
canonical,CANONICAL — REPAIRED G2 OOF,998,1454,adsorbate,zero_residual_v1,64,0,1,,,,,,1,1
canonical,CANONICAL — REPAIRED G2 OOF,999,1455,adsorbate,zero_residual_v1,64,0,1,,,,,,1,1
canonical,CANONICAL — REPAIRED G2 OOF,1000,1456,adsorbate,zero_residual_v1,64,0,1,,,,,,1,1
canonical,CANONICAL — REPAIRED G2 OOF,1001,1459,interstitial,zero_residual_v1,64,0,1,,,,,,1,1
canonical,CANONICAL — REPAIRED G2 OOF,1002,1461,adsorbate,zero_residual_v1,64,0,1,,,,,,1,1
canonical,CANONICAL — REPAIRED G2 OOF,1003,1463,adsorbate,zero_residual_v1,64,0,1,,,,,,1,1
canonical,CANONICAL — REPAIRED G2 OOF,1004,1464,adsorbate,zero_residual_v1,64,0,1,,,,,,1,1
canonical,CANONICAL — REPAIRED G2 OOF,1005,1465,interstitial,zero_residual_v1,64,0,1,,,,,,1,1
canonical,CANONICAL — REPAIRED G2 OOF,1006,1466,interstitial,zero_residual_v1,64,0,1,,,,,,1,1
canonical,CANONICAL — REPAIRED G2 OOF,1007,1467,interstitial,zero_residual_v1,64,0,1,,,,,,1,1
canonical,CANONICAL — REPAIRED G2 OOF,1008,1469,interstitial,zero_residual_v1,64,0,1,,,,,,1,1
canonical,CANONICAL — REPAIRED G2 OOF,1009,1470,adsorbate,zero_residual_v1,64,0,1,,,,,,1,1
canonical,CANONICAL — REPAIRED G2 OOF,1010,1473,adsorbate,zero_residual_v1,64,0,1,,,,,,1,1
canonical,CANONICAL — REPAIRED G2 OOF,1011,1474,adsorbate,zero_residual_v1,64,0,1,,,,,,1,1
canonical,CANONICAL — REPAIRED G2 OOF,1012,1475,adsorbate,zero_residual_v1,64,0,1,,,,,,1,1
canonical,CANONICAL — REPAIRED G2 OOF,1013,1476,adsorbate,zero_residual_v1,64,0,1,,,,,,1,1
canonical,CANONICAL — REPAIRED G2 OOF,1014,1477,interstitial,zero_residual_v1,64,0,1,,,,,,1,1
canonical,CANONICAL — REPAIRED G2 OOF,1015,1478,adsorbate,zero_residual_v1,64,0,1,,,,,,1,1
canonical,CANONICAL — REPAIRED G2 OOF,1016,1479,interstitial,zero_residual_v1,64,0,1,,,,,,1,1
canonical,CANONICAL — REPAIRED G2 OOF,1017,1483,interstitial,zero_residual_v1,64,0,1,,,,,,1,1
canonical,CANONICAL — REPAIRED G2 OOF,1018,1484,adsorbate,zero_residual_v1,64,0,1,,,,,,1,1
canonical,CANONICAL — REPAIRED G2 OOF,1019,1485,adsorbate,zero_residual_v1,64,0,1,,,,,,1,1
canonical,CANONICAL — REPAIRED G2 OOF,1020,1486,adsorbate,zero_residual_v1,64,0,1,,,,,,1,1
canonical,CANONICAL — REPAIRED G2 OOF,1022,1490,adsorbate,zero_residual_v1,64,0,1,,,,,,1,1
canonical,CANONICAL — REPAIRED G2 OOF,1023,1491,adsorbate,zero_residual_v1,64,0,1,,,,,,1,1
canonical,CANONICAL — REPAIRED G2 OOF,1024,1492,adsorbate,zero_residual_v1,64,0,1,,,,,,1,1
canonical,CANONICAL — REPAIRED G2 OOF,1025,1493,adsorbate,zero_residual_v1,64,0,1,,,,,,1,1
canonical,CANONICAL — REPAIRED G2 OOF,1026,1494,adsorbate,zero_residual_v1,64,0,1,,,,,,1,1
canonical,CANONICAL — REPAIRED G2 OOF,1027,1495,adsorbate,zero_residual_v1,64,0,1,,,,,,1,1
canonical,CANONICAL — REPAIRED G2 OOF,1028,1496,adsorbate,zero_residual_v1,64,0,1,,,,,,1,1
canonical,CANONICAL — REPAIRED G2 OOF,1029,1497,adsorbate,zero_residual_v1,64,0,1,,,,,,1,1
canonical,CANONICAL — REPAIRED G2 OOF,1030,1498,adsorbate,zero_residual_v1,64,0,1,,,,,,1,1
canonical,CANONICAL — REPAIRED G2 OOF,1031,1499,interstitial,zero_residual_v1,64,0,1,,,,,,1,1
canonical,CANONICAL — REPAIRED G2 OOF,1032,1500,interstitial,zero_residual_v1,64,0,1,,,,,,1,1
canonical,CANONICAL — REPAIRED G2 OOF,1033,1501,interstitial,zero_residual_v1,64,0,1,,,,,,1,1
canonical,CANONICAL — REPAIRED G2 OOF,1034,1502,interstitial,zero_residual_v1,64,0,1,,,,,,1,1
canonical,CANONICAL — REPAIRED G2 OOF,1035,1503,adsorbate,zero_residual_v1,64,0,1,,,,,,1,1
canonical,CANONICAL — REPAIRED G2 OOF,1036,1507,adsorbate,zero_residual_v1,64,0,1,,,,,,1,1
canonical,CANONICAL — REPAIRED G2 OOF,1037,1508,adsorbate,zero_residual_v1,64,0,1,,,,,,1,1
canonical,CANONICAL — REPAIRED G2 OOF,1038,1511,adsorbate,zero_residual_v1,64,0,1,,,,,,1,1
canonical,CANONICAL — REPAIRED G2 OOF,1039,1512,adsorbate,zero_residual_v1,64,0,1,,,,,,1,1
canonical,CANONICAL — REPAIRED G2 OOF,1040,1515,adsorbate,zero_residual_v1,64,0,1,,,,,,1,1
canonical,CANONICAL — REPAIRED G2 OOF,1041,1516,adsorbate,zero_residual_v1,64,0,1,,,,,,1,1
canonical,CANONICAL — REPAIRED G2 OOF,1042,1518,adsorbate,zero_residual_v1,64,0,1,,,,,,1,1
canonical,CANONICAL — REPAIRED G2 OOF,1043,1519,interstitial,zero_residual_v1,64,0,1,,,,,,1,1
canonical,CANONICAL — REPAIRED G2 OOF,1044,1520,interstitial,zero_residual_v1,64,0,1,,,,,,1,1
canonical,CANONICAL — REPAIRED G2 OOF,1045,1521,adsorbate,zero_residual_v1,64,0,1,,,,,,1,1
canonical,CANONICAL — REPAIRED G2 OOF,1046,1523,adsorbate,zero_residual_v1,64,0,1,,,,,,1,1
canonical,CANONICAL — REPAIRED G2 OOF,1047,1524,adsorbate,zero_residual_v1,64,0,1,,,,,,1,1
canonical,CANONICAL — REPAIRED G2 OOF,1048,1525,interstitial,zero_residual_v1,64,0,1,,,,,,1,1
canonical,CANONICAL — REPAIRED G2 OOF,1049,1526,interstitial,zero_residual_v1,64,0,1,,,,,,1,1
canonical,CANONICAL — REPAIRED G2 OOF,1050,1527,adsorbate,zero_residual_v1,64,0,1,,,,,,1,1
canonical,CANONICAL — REPAIRED G2 OOF,1051,1528,adsorbate,zero_residual_v1,64,0,1,,,,,,1,1
canonical,CANONICAL — REPAIRED G2 OOF,1052,1529,adsorbate,zero_residual_v1,64,0,1,,,,,,1,1
canonical,CANONICAL — REPAIRED G2 OOF,1053,1530,adsorbate,zero_residual_v1,64,0,1,,,,,,1,1
canonical,CANONICAL — REPAIRED G2 OOF,1054,1531,interstitial,zero_residual_v1,64,0,1,,,,,,1,1
canonical,CANONICAL — REPAIRED G2 OOF,1055,1532,interstitial,zero_residual_v1,64,0,1,,,,,,1,1
canonical,CANONICAL — REPAIRED G2 OOF,1056,1533,adsorbate,zero_residual_v1,64,0,1,,,,,,1,1
canonical,CANONICAL — REPAIRED G2 OOF,1057,1534,adsorbate,zero_residual_v1,64,0,1,,,,,,1,1
canonical,CANONICAL — REPAIRED G2 OOF,1058,1536,adsorbate,zero_residual_v1,64,0,1,,,,,,1,1
canonical,CANONICAL — REPAIRED G2 OOF,1059,1537,interstitial,zero_residual_v1,64,0,1,,,,,,1,1
canonical,CANONICAL — REPAIRED G2 OOF,1060,1538,interstitial,zero_residual_v1,64,0,1,,,,,,1,1
canonical,CANONICAL — REPAIRED G2 OOF,1061,1539,adsorbate,zero_residual_v1,64,0,1,,,,,,1,1
canonical,CANONICAL — REPAIRED G2 OOF,1062,1540,adsorbate,zero_residual_v1,64,0,1,,,,,,1,1
canonical,CANONICAL — REPAIRED G2 OOF,1063,1541,interstitial,zero_residual_v1,64,0,1,,,,,,1,1
canonical,CANONICAL — REPAIRED G2 OOF,1064,1542,interstitial,zero_residual_v1,64,0,1,,,,,,1,1
canonical,CANONICAL — REPAIRED G2 OOF,1065,1544,interstitial,zero_residual_v1,64,0,1,,,,,,1,1
canonical,CANONICAL — REPAIRED G2 OOF,1066,1545,adsorbate,zero_residual_v1,64,0,1,,,,,,1,1
canonical,CANONICAL — REPAIRED G2 OOF,1067,1546,adsorbate,zero_residual_v1,64,0,1,,,,,,1,1
canonical,CANONICAL — REPAIRED G2 OOF,1068,1548,adsorbate,zero_residual_v1,64,0,1,,,,,,1,1
canonical,CANONICAL — REPAIRED G2 OOF,1069,1550,adsorbate,zero_residual_v1,64,0,1,,,,,,1,1
canonical,CANONICAL — REPAIRED G2 OOF,1070,1552,interstitial,zero_residual_v1,64,0,1,,,,,,1,1
canonical,CANONICAL — REPAIRED G2 OOF,1071,1555,adsorbate,zero_residual_v1,64,0,1,,,,,,1,1
canonical,CANONICAL — REPAIRED G2 OOF,1072,1556,interstitial,zero_residual_v1,64,0,1,,,,,,1,1
canonical,CANONICAL — REPAIRED G2 OOF,1073,1557,interstitial,zero_residual_v1,64,0,1,,,,,,1,1
canonical,CANONICAL — REPAIRED G2 OOF,1074,1558,adsorbate,zero_residual_v1,64,0,1,,,,,,1,1
canonical,CANONICAL — REPAIRED G2 OOF,1075,1559,adsorbate,zero_residual_v1,64,0,1,,,,,,1,1
canonical,CANONICAL — REPAIRED G2 OOF,1076,1560,adsorbate,zero_residual_v1,64,0,1,,,,,,1,1
canonical,CANONICAL — REPAIRED G2 OOF,1077,1561,adsorbate,zero_residual_v1,64,0,1,,,,,,1,1
canonical,CANONICAL — REPAIRED G2 OOF,1078,1562,interstitial,zero_residual_v1,64,0,1,,,,,,1,1
canonical,CANONICAL — REPAIRED G2 OOF,1079,1563,interstitial,zero_residual_v1,64,0,1,,,,,,1,1
canonical,CANONICAL — REPAIRED G2 OOF,1080,1564,adsorbate,zero_residual_v1,64,0,1,,,,,,1,1
canonical,CANONICAL — REPAIRED G2 OOF,1081,1565,interstitial,zero_residual_v1,64,0,1,,,,,,1,1
canonical,CANONICAL — REPAIRED G2 OOF,1083,1568,adsorbate,zero_residual_v1,64,0,1,,,,,,1,1
canonical,CANONICAL — REPAIRED G2 OOF,1084,1570,adsorbate,zero_residual_v1,64,0,1,,,,,,1,1
canonical,CANONICAL — REPAIRED G2 OOF,1085,1571,interstitial,zero_residual_v1,64,0,1,,,,,,1,1
canonical,CANONICAL — REPAIRED G2 OOF,1086,1573,adsorbate,zero_residual_v1,64,0,1,,,,,,1,1
canonical,CANONICAL — REPAIRED G2 OOF,1087,1574,adsorbate,zero_residual_v1,64,0,1,,,,,,1,1
canonical,CANONICAL — REPAIRED G2 OOF,1088,1575,adsorbate,zero_residual_v1,64,0,1,,,,,,1,1
canonical,CANONICAL — REPAIRED G2 OOF,1089,1576,adsorbate,zero_residual_v1,64,0,1,,,,,,1,1
canonical,CANONICAL — REPAIRED G2 OOF,1090,1578,adsorbate,zero_residual_v1,64,0,1,,,,,,1,1
canonical,CANONICAL — REPAIRED G2 OOF,1091,1580,adsorbate,zero_residual_v1,64,0,1,,,,,,1,1
canonical,CANONICAL — REPAIRED G2 OOF,1093,1582,adsorbate,zero_residual_v1,64,0,1,,,,,,1,1
canonical,CANONICAL — REPAIRED G2 OOF,1094,1584,interstitial,zero_residual_v1,64,0,1,,,,,,1,1
canonical,CANONICAL — REPAIRED G2 OOF,1095,1586,adsorbate,zero_residual_v1,64,0,1,,,,,,1,1
canonical,CANONICAL — REPAIRED G2 OOF,1096,1587,adsorbate,zero_residual_v1,64,0,1,,,,,,1,1
canonical,CANONICAL — REPAIRED G2 OOF,1097,1588,adsorbate,zero_residual_v1,64,0,1,,,,,,1,1
canonical,CANONICAL — REPAIRED G2 OOF,1098,1589,adsorbate,zero_residual_v1,64,0,1,,,,,,1,1
canonical,CANONICAL — REPAIRED G2 OOF,1099,1591,adsorbate,zero_residual_v1,64,0,1,,,,,,1,1
canonical,CANONICAL — REPAIRED G2 OOF,1100,1594,adsorbate,zero_residual_v1,64,0,1,,,,,,1,1
canonical,CANONICAL — REPAIRED G2 OOF,1101,1595,adsorbate,zero_residual_v1,64,0,1,,,,,,1,1
canonical,CANONICAL — REPAIRED G2 OOF,1102,1596,interstitial,zero_residual_v1,64,0,1,,,,,,1,1
canonical,CANONICAL — REPAIRED G2 OOF,1103,1597,adsorbate,zero_residual_v1,64,0,1,,,,,,1,1
canonical,CANONICAL — REPAIRED G2 OOF,1104,1599,interstitial,zero_residual_v1,64,0,1,,,,,,1,1
canonical,CANONICAL — REPAIRED G2 OOF,1105,1600,interstitial,zero_residual_v1,64,0,1,,,,,,1,1
canonical,CANONICAL — REPAIRED G2 OOF,1106,1601,adsorbate,zero_residual_v1,64,0,1,,,,,,1,1
canonical,CANONICAL — REPAIRED G2 OOF,1107,1603,adsorbate,zero_residual_v1,64,0,1,,,,,,1,1
canonical,CANONICAL — REPAIRED G2 OOF,1108,1607,interstitial,zero_residual_v1,64,0,1,,,,,,1,1
canonical,CANONICAL — REPAIRED G2 OOF,1109,1608,adsorbate,zero_residual_v1,64,0,1,,,,,,1,1
canonical,CANONICAL — REPAIRED G2 OOF,1110,1611,adsorbate,zero_residual_v1,64,0,1,,,,,,1,1
canonical,CANONICAL — REPAIRED G2 OOF,1111,1613,adsorbate,zero_residual_v1,64,0,1,,,,,,1,1
canonical,CANONICAL — REPAIRED G2 OOF,1112,1614,interstitial,zero_residual_v1,64,0,1,,,,,,1,1
canonical,CANONICAL — REPAIRED G2 OOF,1113,1615,adsorbate,zero_residual_v1,64,0,1,,,,,,1,1
canonical,CANONICAL — REPAIRED G2 OOF,1114,1617,interstitial,zero_residual_v1,64,0,1,,,,,,1,1
canonical,CANONICAL — REPAIRED G2 OOF,1115,1618,adsorbate,zero_residual_v1,64,0,1,,,,,,1,1
canonical,CANONICAL — REPAIRED G2 OOF,1117,1620,adsorbate,zero_residual_v1,64,0,1,,,,,,1,1
canonical,CANONICAL — REPAIRED G2 OOF,1118,1622,adsorbate,zero_residual_v1,64,0,1,,,,,,1,1
canonical,CANONICAL — REPAIRED G2 OOF,1119,1623,adsorbate,zero_residual_v1,64,0,1,,,,,,1,1
canonical,CANONICAL — REPAIRED G2 OOF,1120,1624,adsorbate,zero_residual_v1,64,0,1,,,,,,1,1
canonical,CANONICAL — REPAIRED G2 OOF,1121,1626,interstitial,zero_residual_v1,64,0,1,,,,,,1,1
canonical,CANONICAL — REPAIRED G2 OOF,1122,1628,adsorbate,zero_residual_v1,64,0,1,,,,,,1,1
canonical,CANONICAL — REPAIRED G2 OOF,1123,1631,interstitial,zero_residual_v1,64,0,1,,,,,,1,1
canonical,CANONICAL — REPAIRED G2 OOF,1124,1632,interstitial,zero_residual_v1,64,0,1,,,,,,1,1
canonical,CANONICAL — REPAIRED G2 OOF,1125,1634,adsorbate,zero_residual_v1,64,0,1,,,,,,1,1
canonical,CANONICAL — REPAIRED G2 OOF,1126,1635,adsorbate,zero_residual_v1,64,0,1,,,,,,1,1
canonical,CANONICAL — REPAIRED G2 OOF,1127,1636,interstitial,zero_residual_v1,64,0,1,,,,,,1,1
canonical,CANONICAL — REPAIRED G2 OOF,1128,1637,adsorbate,zero_residual_v1,64,0,1,,,,,,1,1
canonical,CANONICAL — REPAIRED G2 OOF,1129,1639,adsorbate,zero_residual_v1,64,0,1,,,,,,1,1
canonical,CANONICAL — REPAIRED G2 OOF,1130,1641,interstitial,zero_residual_v1,64,0,1,,,,,,1,1
canonical,CANONICAL — REPAIRED G2 OOF,1131,1643,adsorbate,zero_residual_v1,64,0,1,,,,,,1,1
canonical,CANONICAL — REPAIRED G2 OOF,1132,1645,interstitial,zero_residual_v1,64,0,1,,,,,,1,1
canonical,CANONICAL — REPAIRED G2 OOF,1133,1647,adsorbate,zero_residual_v1,64,0,1,,,,,,1,1
canonical,CANONICAL — REPAIRED G2 OOF,1134,1649,adsorbate,zero_residual_v1,64,0,1,,,,,,1,1
canonical,CANONICAL — REPAIRED G2 OOF,1135,1650,adsorbate,zero_residual_v1,64,0,1,,,,,,1,1
canonical,CANONICAL — REPAIRED G2 OOF,1136,1651,interstitial,zero_residual_v1,64,0,1,,,,,,1,1
canonical,CANONICAL — REPAIRED G2 OOF,1137,1652,interstitial,zero_residual_v1,64,0,1,,,,,,1,1
canonical,CANONICAL — REPAIRED G2 OOF,1138,1653,interstitial,zero_residual_v1,64,0,1,,,,,,1,1
canonical,CANONICAL — REPAIRED G2 OOF,1139,1654,adsorbate,zero_residual_v1,64,0,1,,,,,,1,1
canonical,CANONICAL — REPAIRED G2 OOF,1140,1658,adsorbate,zero_residual_v1,64,0,1,,,,,,1,1
canonical,CANONICAL — REPAIRED G2 OOF,1141,1659,interstitial,zero_residual_v1,64,0,1,,,,,,1,1
canonical,CANONICAL — REPAIRED G2 OOF,1142,1660,interstitial,zero_residual_v1,64,0,1,,,,,,1,1
canonical,CANONICAL — REPAIRED G2 OOF,1143,1661,interstitial,zero_residual_v1,64,0,1,,,,,,1,1
canonical,CANONICAL — REPAIRED G2 OOF,1144,1662,adsorbate,zero_residual_v1,64,0,1,,,,,,1,1
canonical,CANONICAL — REPAIRED G2 OOF,1146,1664,adsorbate,zero_residual_v1,64,0,1,,,,,,1,1
canonical,CANONICAL — REPAIRED G2 OOF,1147,1665,adsorbate,zero_residual_v1,64,0,1,,,,,,1,1
canonical,CANONICAL — REPAIRED G2 OOF,1148,1666,adsorbate,zero_residual_v1,64,0,1,,,,,,1,1
canonical,CANONICAL — REPAIRED G2 OOF,1149,1667,adsorbate,zero_residual_v1,64,0,1,,,,,,1,1
canonical,CANONICAL — REPAIRED G2 OOF,1150,1670,adsorbate,zero_residual_v1,64,0,1,,,,,,1,1
canonical,CANONICAL — REPAIRED G2 OOF,1151,1671,adsorbate,zero_residual_v1,64,0,1,,,,,,1,1
canonical,CANONICAL — REPAIRED G2 OOF,1152,1673,interstitial,zero_residual_v1,64,0,1,,,,,,1,1
canonical,CANONICAL — REPAIRED G2 OOF,1153,1674,adsorbate,zero_residual_v1,64,0,1,,,,,,1,1
canonical,CANONICAL — REPAIRED G2 OOF,1155,1679,interstitial,zero_residual_v1,64,0,1,,,,,,1,1
canonical,CANONICAL — REPAIRED G2 OOF,1156,1680,adsorbate,zero_residual_v1,64,0,1,,,,,,1,1
canonical,CANONICAL — REPAIRED G2 OOF,1157,1683,interstitial,zero_residual_v1,64,0,1,,,,,,1,1
canonical,CANONICAL — REPAIRED G2 OOF,1158,1684,interstitial,zero_residual_v1,64,0,1,,,,,,1,1
canonical,CANONICAL — REPAIRED G2 OOF,1159,1685,adsorbate,zero_residual_v1,64,0,1,,,,,,1,1
canonical,CANONICAL — REPAIRED G2 OOF,1160,1686,adsorbate,zero_residual_v1,64,0,1,,,,,,1,1
canonical,CANONICAL — REPAIRED G2 OOF,1161,1687,interstitial,zero_residual_v1,64,0,1,,,,,,1,1
canonical,CANONICAL — REPAIRED G2 OOF,1162,1688,adsorbate,zero_residual_v1,64,0,1,,,,,,1,1
canonical,CANONICAL — REPAIRED G2 OOF,1164,1692,interstitial,zero_residual_v1,64,0,1,,,,,,1,1
canonical,CANONICAL — REPAIRED G2 OOF,1165,1693,interstitial,zero_residual_v1,64,0,1,,,,,,1,1
canonical,CANONICAL — REPAIRED G2 OOF,1166,1694,adsorbate,zero_residual_v1,64,0,1,,,,,,1,1
canonical,CANONICAL — REPAIRED G2 OOF,1167,1698,adsorbate,zero_residual_v1,64,0,1,,,,,,1,1
canonical,CANONICAL — REPAIRED G2 OOF,1168,1700,interstitial,zero_residual_v1,64,0,1,,,,,,1,1
canonical,CANONICAL — REPAIRED G2 OOF,1169,1705,adsorbate,zero_residual_v1,64,0,1,,,,,,1,1
canonical,CANONICAL — REPAIRED G2 OOF,1170,1706,adsorbate,zero_residual_v1,64,0,1,,,,,,1,1
canonical,CANONICAL — REPAIRED G2 OOF,1171,1707,adsorbate,zero_residual_v1,64,0,1,,,,,,1,1
canonical,CANONICAL — REPAIRED G2 OOF,1172,1708,adsorbate,zero_residual_v1,64,0,1,,,,,,1,1
canonical,CANONICAL — REPAIRED G2 OOF,1173,1710,interstitial,zero_residual_v1,64,0,1,,,,,,1,1
canonical,CANONICAL — REPAIRED G2 OOF,1174,1711,adsorbate,zero_residual_v1,64,0,1,,,,,,1,1
canonical,CANONICAL — REPAIRED G2 OOF,1175,1712,interstitial,zero_residual_v1,64,0,1,,,,,,1,1
canonical,CANONICAL — REPAIRED G2 OOF,1176,1714,adsorbate,zero_residual_v1,64,0,1,,,,,,1,1
canonical,CANONICAL — REPAIRED G2 OOF,1177,1715,adsorbate,zero_residual_v1,64,0,1,,,,,,1,1
canonical,CANONICAL — REPAIRED G2 OOF,1178,1717,adsorbate,zero_residual_v1,64,0,1,,,,,,1,1
canonical,CANONICAL — REPAIRED G2 OOF,1179,1718,adsorbate,zero_residual_v1,64,0,1,,,,,,1,1
canonical,CANONICAL — REPAIRED G2 OOF,1180,1719,adsorbate,zero_residual_v1,64,0,1,,,,,,1,1
canonical,CANONICAL — REPAIRED G2 OOF,1181,1720,adsorbate,zero_residual_v1,64,0,1,,,,,,1,1
canonical,CANONICAL — REPAIRED G2 OOF,1182,1722,adsorbate,zero_residual_v1,64,0,1,,,,,,1,1
canonical,CANONICAL — REPAIRED G2 OOF,1183,1723,interstitial,zero_residual_v1,64,0,1,,,,,,1,1
canonical,CANONICAL — REPAIRED G2 OOF,1184,1724,adsorbate,zero_residual_v1,64,0,1,,,,,,1,1
canonical,CANONICAL — REPAIRED G2 OOF,1186,1727,interstitial,zero_residual_v1,64,0,1,,,,,,1,1
canonical,CANONICAL — REPAIRED G2 OOF,1187,1728,adsorbate,zero_residual_v1,64,0,1,,,,,,1,1
canonical,CANONICAL — REPAIRED G2 OOF,1188,1729,adsorbate,zero_residual_v1,64,0,1,,,,,,1,1
canonical,CANONICAL — REPAIRED G2 OOF,1189,1731,interstitial,zero_residual_v1,64,0,1,,,,,,1,1
canonical,CANONICAL — REPAIRED G2 OOF,1190,1732,adsorbate,zero_residual_v1,64,0,1,,,,,,1,1
canonical,CANONICAL — REPAIRED G2 OOF,1191,1734,interstitial,zero_residual_v1,64,0,1,,,,,,1,1
canonical,CANONICAL — REPAIRED G2 OOF,1192,1735,interstitial,zero_residual_v1,64,0,1,,,,,,1,1
canonical,CANONICAL — REPAIRED G2 OOF,1193,1736,adsorbate,zero_residual_v1,64,0,1,,,,,,1,1
canonical,CANONICAL — REPAIRED G2 OOF,1194,1738,adsorbate,zero_residual_v1,64,0,1,,,,,,1,1
canonical,CANONICAL — REPAIRED G2 OOF,1195,1739,interstitial,zero_residual_v1,64,0,1,,,,,,1,1
canonical,CANONICAL — REPAIRED G2 OOF,1196,1740,adsorbate,zero_residual_v1,64,0,1,,,,,,1,1
canonical,CANONICAL — REPAIRED G2 OOF,1197,1741,interstitial,zero_residual_v1,64,0,1,,,,,,1,1
canonical,CANONICAL — REPAIRED G2 OOF,1198,1742,adsorbate,zero_residual_v1,64,0,1,,,,,,1,1
canonical,CANONICAL — REPAIRED G2 OOF,1199,1743,adsorbate,zero_residual_v1,64,0,1,,,,,,1,1
canonical,CANONICAL — REPAIRED G2 OOF,1200,1745,adsorbate,zero_residual_v1,64,0,1,,,,,,1,1
canonical,CANONICAL — REPAIRED G2 OOF,1201,1747,interstitial,zero_residual_v1,64,0,1,,,,,,1,1
canonical,CANONICAL — REPAIRED G2 OOF,1202,1748,adsorbate,zero_residual_v1,64,0,1,,,,,,1,1
canonical,CANONICAL — REPAIRED G2 OOF,1203,1750,adsorbate,zero_residual_v1,64,0,1,,,,,,1,1
canonical,CANONICAL — REPAIRED G2 OOF,1204,1751,interstitial,zero_residual_v1,64,0,1,,,,,,1,1
canonical,CANONICAL — REPAIRED G2 OOF,1205,1752,interstitial,zero_residual_v1,64,0,1,,,,,,1,1
canonical,CANONICAL — REPAIRED G2 OOF,1206,1753,interstitial,zero_residual_v1,64,0,1,,,,,,1,1
canonical,CANONICAL — REPAIRED G2 OOF,1207,1755,interstitial,zero_residual_v1,64,0,1,,,,,,1,1
canonical,CANONICAL — REPAIRED G2 OOF,1208,1756,interstitial,zero_residual_v1,64,0,1,,,,,,1,1
canonical,CANONICAL — REPAIRED G2 OOF,1209,1757,interstitial,zero_residual_v1,64,0,1,,,,,,1,1
canonical,CANONICAL — REPAIRED G2 OOF,1210,1758,adsorbate,zero_residual_v1,64,0,1,,,,,,1,1
canonical,CANONICAL — REPAIRED G2 OOF,1211,1759,interstitial,zero_residual_v1,64,0,1,,,,,,1,1
canonical,CANONICAL — REPAIRED G2 OOF,1212,1760,adsorbate,zero_residual_v1,64,0,1,,,,,,1,1
canonical,CANONICAL — REPAIRED G2 OOF,1213,1762,interstitial,zero_residual_v1,64,0,1,,,,,,1,1
canonical,CANONICAL — REPAIRED G2 OOF,1214,1763,interstitial,zero_residual_v1,64,0,1,,,,,,1,1
canonical,CANONICAL — REPAIRED G2 OOF,1215,1764,adsorbate,zero_residual_v1,64,0,1,,,,,,1,1
canonical,CANONICAL — REPAIRED G2 OOF,1216,1765,interstitial,zero_residual_v1,64,0,1,,,,,,1,1
canonical,CANONICAL — REPAIRED G2 OOF,1217,1766,adsorbate,zero_residual_v1,64,0,1,,,,,,1,1
canonical,CANONICAL — REPAIRED G2 OOF,1218,1767,adsorbate,zero_residual_v1,64,0,1,,,,,,1,1
canonical,CANONICAL — REPAIRED G2 OOF,1219,1768,interstitial,zero_residual_v1,64,0,1,,,,,,1,1
canonical,CANONICAL — REPAIRED G2 OOF,1220,1769,adsorbate,zero_residual_v1,64,0,1,,,,,,1,1
canonical,CANONICAL — REPAIRED G2 OOF,1221,1770,adsorbate,zero_residual_v1,64,0,1,,,,,,1,1
canonical,CANONICAL — REPAIRED G2 OOF,1222,1771,adsorbate,zero_residual_v1,64,0,1,,,,,,1,1
canonical,CANONICAL — REPAIRED G2 OOF,1223,1775,adsorbate,zero_residual_v1,64,0,1,,,,,,1,1
canonical,CANONICAL — REPAIRED G2 OOF,1224,1776,interstitial,zero_residual_v1,64,0,1,,,,,,1,1
canonical,CANONICAL — REPAIRED G2 OOF,1225,1777,interstitial,zero_residual_v1,64,0,1,,,,,,1,1
canonical,CANONICAL — REPAIRED G2 OOF,1226,1778,adsorbate,zero_residual_v1,64,0,1,,,,,,1,1
canonical,CANONICAL — REPAIRED G2 OOF,1227,1780,interstitial,zero_residual_v1,64,0,1,,,,,,1,1
canonical,CANONICAL — REPAIRED G2 OOF,1228,1783,interstitial,zero_residual_v1,64,0,1,,,,,,1,1
canonical,CANONICAL — REPAIRED G2 OOF,1229,1785,interstitial,zero_residual_v1,64,0,1,,,,,,1,1
canonical,CANONICAL — REPAIRED G2 OOF,1230,1788,adsorbate,zero_residual_v1,64,0,1,,,,,,1,1
canonical,CANONICAL — REPAIRED G2 OOF,1231,1789,adsorbate,zero_residual_v1,64,0,1,,,,,,1,1
canonical,CANONICAL — REPAIRED G2 OOF,1232,1790,adsorbate,zero_residual_v1,64,0,1,,,,,,1,1
canonical,CANONICAL — REPAIRED G2 OOF,1233,1791,adsorbate,zero_residual_v1,64,0,1,,,,,,1,1
canonical,CANONICAL — REPAIRED G2 OOF,1234,1792,interstitial,zero_residual_v1,64,0,1,,,,,,1,1
canonical,CANONICAL — REPAIRED G2 OOF,1235,1793,interstitial,zero_residual_v1,64,0,1,,,,,,1,1
canonical,CANONICAL — REPAIRED G2 OOF,1236,1798,adsorbate,zero_residual_v1,64,0,1,,,,,,1,1
canonical,CANONICAL — REPAIRED G2 OOF,1237,1799,adsorbate,zero_residual_v1,64,0,1,,,,,,1,1
canonical,CANONICAL — REPAIRED G2 OOF,1238,1800,adsorbate,zero_residual_v1,64,0,1,,,,,,1,1
canonical,CANONICAL — REPAIRED G2 OOF,1239,1801,adsorbate,zero_residual_v1,64,0,1,,,,,,1,1
canonical,CANONICAL — REPAIRED G2 OOF,1240,1804,interstitial,zero_residual_v1,64,0,1,,,,,,1,1
canonical,CANONICAL — REPAIRED G2 OOF,1241,1805,interstitial,zero_residual_v1,64,0,1,,,,,,1,1
canonical,CANONICAL — REPAIRED G2 OOF,1242,1809,interstitial,zero_residual_v1,64,0,1,,,,,,1,1
canonical,CANONICAL — REPAIRED G2 OOF,1243,1811,adsorbate,zero_residual_v1,64,0,1,,,,,,1,1
canonical,CANONICAL — REPAIRED G2 OOF,1244,1812,interstitial,zero_residual_v1,64,0,1,,,,,,1,1
canonical,CANONICAL — REPAIRED G2 OOF,1245,1815,adsorbate,zero_residual_v1,64,0,1,,,,,,1,1
canonical,CANONICAL — REPAIRED G2 OOF,1246,1816,adsorbate,zero_residual_v1,64,0,1,,,,,,1,1
canonical,CANONICAL — REPAIRED G2 OOF,1247,1817,adsorbate,zero_residual_v1,64,0,1,,,,,,1,1
canonical,CANONICAL — REPAIRED G2 OOF,1248,1818,adsorbate,zero_residual_v1,64,0,1,,,,,,1,1
canonical,CANONICAL — REPAIRED G2 OOF,1249,1819,interstitial,zero_residual_v1,64,0,1,,,,,,1,1
canonical,CANONICAL — REPAIRED G2 OOF,1250,1820,interstitial,zero_residual_v1,64,0,1,,,,,,1,1
canonical,CANONICAL — REPAIRED G2 OOF,1251,1821,interstitial,zero_residual_v1,64,0,1,,,,,,1,1
canonical,CANONICAL — REPAIRED G2 OOF,1252,1822,adsorbate,zero_residual_v1,64,0,1,,,,,,1,1
canonical,CANONICAL — REPAIRED G2 OOF,1253,1824,interstitial,zero_residual_v1,64,0,1,,,,,,1,1
canonical,CANONICAL — REPAIRED G2 OOF,1254,1825,adsorbate,zero_residual_v1,64,0,1,,,,,,1,1
canonical,CANONICAL — REPAIRED G2 OOF,1255,1829,adsorbate,zero_residual_v1,64,0,1,,,,,,1,1
canonical,CANONICAL — REPAIRED G2 OOF,1256,1830,adsorbate,zero_residual_v1,64,0,1,,,,,,1,1
canonical,CANONICAL — REPAIRED G2 OOF,1257,1831,adsorbate,zero_residual_v1,64,0,1,,,,,,1,1
canonical,CANONICAL — REPAIRED G2 OOF,1258,1832,interstitial,zero_residual_v1,64,0,1,,,,,,1,1
canonical,CANONICAL — REPAIRED G2 OOF,1259,1833,interstitial,zero_residual_v1,64,0,1,,,,,,1,1
canonical,CANONICAL — REPAIRED G2 OOF,1260,1835,adsorbate,zero_residual_v1,64,0,1,,,,,,1,1
canonical,CANONICAL — REPAIRED G2 OOF,1261,1836,adsorbate,zero_residual_v1,64,0,1,,,,,,1,1
canonical,CANONICAL — REPAIRED G2 OOF,1262,1837,interstitial,zero_residual_v1,64,0,1,,,,,,1,1
canonical,CANONICAL — REPAIRED G2 OOF,1263,1838,adsorbate,zero_residual_v1,64,0,1,,,,,,1,1
canonical,CANONICAL — REPAIRED G2 OOF,1264,1841,interstitial,zero_residual_v1,64,0,1,,,,,,1,1
canonical,CANONICAL — REPAIRED G2 OOF,1265,1843,interstitial,zero_residual_v1,64,0,1,,,,,,1,1
canonical,CANONICAL — REPAIRED G2 OOF,1266,1845,interstitial,zero_residual_v1,64,0,1,,,,,,1,1
canonical,CANONICAL — REPAIRED G2 OOF,1267,1847,adsorbate,zero_residual_v1,64,0,1,,,,,,1,1
canonical,CANONICAL — REPAIRED G2 OOF,1268,1849,adsorbate,zero_residual_v1,64,0,1,,,,,,1,1
canonical,CANONICAL — REPAIRED G2 OOF,1269,1850,interstitial,zero_residual_v1,64,0,1,,,,,,1,1
canonical,CANONICAL — REPAIRED G2 OOF,1270,1851,interstitial,zero_residual_v1,64,0,1,,,,,,1,1
canonical,CANONICAL — REPAIRED G2 OOF,1271,1852,interstitial,zero_residual_v1,64,0,1,,,,,,1,1
canonical,CANONICAL — REPAIRED G2 OOF,1272,1854,interstitial,zero_residual_v1,64,0,1,,,,,,1,1
canonical,CANONICAL — REPAIRED G2 OOF,1274,1857,interstitial,zero_residual_v1,64,0,1,,,,,,1,1
canonical,CANONICAL — REPAIRED G2 OOF,1275,1858,adsorbate,zero_residual_v1,64,0,1,,,,,,1,1
canonical,CANONICAL — REPAIRED G2 OOF,1276,1860,adsorbate,zero_residual_v1,64,0,1,,,,,,1,1
canonical,CANONICAL — REPAIRED G2 OOF,1277,1861,interstitial,zero_residual_v1,64,0,1,,,,,,1,1
canonical,CANONICAL — REPAIRED G2 OOF,1278,1862,adsorbate,zero_residual_v1,64,0,1,,,,,,1,1
canonical,CANONICAL — REPAIRED G2 OOF,1279,1863,interstitial,zero_residual_v1,64,0,1,,,,,,1,1
canonical,CANONICAL — REPAIRED G2 OOF,1280,1864,adsorbate,zero_residual_v1,64,0,1,,,,,,1,1
canonical,CANONICAL — REPAIRED G2 OOF,1281,1867,interstitial,zero_residual_v1,64,0,1,,,,,,1,1
canonical,CANONICAL — REPAIRED G2 OOF,1282,1868,adsorbate,zero_residual_v1,64,0,1,,,,,,1,1
canonical,CANONICAL — REPAIRED G2 OOF,1283,1869,adsorbate,zero_residual_v1,64,0,1,,,,,,1,1
canonical,CANONICAL — REPAIRED G2 OOF,1284,1870,adsorbate,zero_residual_v1,64,0,1,,,,,,1,1
canonical,CANONICAL — REPAIRED G2 OOF,1285,1871,adsorbate,zero_residual_v1,64,0,1,,,,,,1,1
canonical,CANONICAL — REPAIRED G2 OOF,1286,1873,interstitial,zero_residual_v1,64,0,1,,,,,,1,1
canonical,CANONICAL — REPAIRED G2 OOF,1287,1875,adsorbate,zero_residual_v1,64,0,1,,,,,,1,1
canonical,CANONICAL — REPAIRED G2 OOF,1288,1876,adsorbate,zero_residual_v1,64,0,1,,,,,,1,1
canonical,CANONICAL — REPAIRED G2 OOF,1289,1877,adsorbate,zero_residual_v1,64,0,1,,,,,,1,1
canonical,CANONICAL — REPAIRED G2 OOF,1290,1878,adsorbate,zero_residual_v1,64,0,1,,,,,,1,1
canonical,CANONICAL — REPAIRED G2 OOF,1291,1881,adsorbate,zero_residual_v1,64,0,1,,,,,,1,1
canonical,CANONICAL — REPAIRED G2 OOF,1293,1885,interstitial,zero_residual_v1,64,0,1,,,,,,1,1
canonical,CANONICAL — REPAIRED G2 OOF,1294,1889,adsorbate,zero_residual_v1,64,0,1,,,,,,1,1
canonical,CANONICAL — REPAIRED G2 OOF,1295,1891,adsorbate,zero_residual_v1,64,0,1,,,,,,1,1
canonical,CANONICAL — REPAIRED G2 OOF,1296,1892,interstitial,zero_residual_v1,64,0,1,,,,,,1,1
canonical,CANONICAL — REPAIRED G2 OOF,1297,1893,interstitial,zero_residual_v1,64,0,1,,,,,,1,1
canonical,CANONICAL — REPAIRED G2 OOF,1298,1894,adsorbate,zero_residual_v1,64,0,1,,,,,,1,1
canonical,CANONICAL — REPAIRED G2 OOF,1299,1897,interstitial,zero_residual_v1,64,0,1,,,,,,1,1
canonical,CANONICAL — REPAIRED G2 OOF,1300,1899,interstitial,zero_residual_v1,64,0,1,,,,,,1,1
canonical,CANONICAL — REPAIRED G2 OOF,1301,1903,adsorbate,zero_residual_v1,64,0,1,,,,,,1,1
canonical,CANONICAL — REPAIRED G2 OOF,1302,1904,adsorbate,zero_residual_v1,64,0,1,,,,,,1,1
canonical,CANONICAL — REPAIRED G2 OOF,1303,1908,adsorbate,zero_residual_v1,64,0,1,,,,,,1,1
canonical,CANONICAL — REPAIRED G2 OOF,1304,1909,adsorbate,zero_residual_v1,64,0,1,,,,,,1,1
canonical,CANONICAL — REPAIRED G2 OOF,1305,1910,adsorbate,zero_residual_v1,64,0,1,,,,,,1,1
canonical,CANONICAL — REPAIRED G2 OOF,1306,1911,adsorbate,zero_residual_v1,64,0,1,,,,,,1,1
canonical,CANONICAL — REPAIRED G2 OOF,1308,1913,interstitial,zero_residual_v1,64,0,1,,,,,,1,1
canonical,CANONICAL — REPAIRED G2 OOF,1309,1914,interstitial,zero_residual_v1,64,0,1,,,,,,1,1
canonical,CANONICAL — REPAIRED G2 OOF,1310,1917,interstitial,zero_residual_v1,64,0,1,,,,,,1,1
canonical,CANONICAL — REPAIRED G2 OOF,1311,1918,interstitial,zero_residual_v1,64,0,1,,,,,,1,1
canonical,CANONICAL — REPAIRED G2 OOF,1312,1923,adsorbate,zero_residual_v1,64,0,1,,,,,,1,1
canonical,CANONICAL — REPAIRED G2 OOF,1313,1924,interstitial,zero_residual_v1,64,0,1,,,,,,1,1
canonical,CANONICAL — REPAIRED G2 OOF,1314,1926,adsorbate,zero_residual_v1,64,0,1,,,,,,1,1
canonical,CANONICAL — REPAIRED G2 OOF,1315,1929,adsorbate,zero_residual_v1,64,0,1,,,,,,1,1
canonical,CANONICAL — REPAIRED G2 OOF,1316,1931,adsorbate,zero_residual_v1,64,0,1,,,,,,1,1
canonical,CANONICAL — REPAIRED G2 OOF,1317,1932,interstitial,zero_residual_v1,64,0,1,,,,,,1,1
canonical,CANONICAL — REPAIRED G2 OOF,1318,1933,adsorbate,zero_residual_v1,64,0,1,,,,,,1,1
canonical,CANONICAL — REPAIRED G2 OOF,1319,1934,adsorbate,zero_residual_v1,64,0,1,,,,,,1,1
canonical,CANONICAL — REPAIRED G2 OOF,1320,1935,interstitial,zero_residual_v1,64,0,1,,,,,,1,1
canonical,CANONICAL — REPAIRED G2 OOF,1321,1937,interstitial,zero_residual_v1,64,0,1,,,,,,1,1
canonical,CANONICAL — REPAIRED G2 OOF,1322,1938,adsorbate,zero_residual_v1,64,0,1,,,,,,1,1
canonical,CANONICAL — REPAIRED G2 OOF,1323,1939,adsorbate,zero_residual_v1,64,0,1,,,,,,1,1
canonical,CANONICAL — REPAIRED G2 OOF,1324,1940,adsorbate,zero_residual_v1,64,0,1,,,,,,1,1
canonical,CANONICAL — REPAIRED G2 OOF,1325,1941,interstitial,zero_residual_v1,64,0,1,,,,,,1,1
canonical,CANONICAL — REPAIRED G2 OOF,1326,1942,adsorbate,zero_residual_v1,64,0,1,,,,,,1,1
canonical,CANONICAL — REPAIRED G2 OOF,1327,1943,interstitial,zero_residual_v1,64,0,1,,,,,,1,1
canonical,CANONICAL — REPAIRED G2 OOF,1328,1944,adsorbate,zero_residual_v1,64,0,1,,,,,,1,1
canonical,CANONICAL — REPAIRED G2 OOF,1329,1945,interstitial,zero_residual_v1,64,0,1,,,,,,1,1
canonical,CANONICAL — REPAIRED G2 OOF,1330,1946,adsorbate,zero_residual_v1,64,0,1,,,,,,1,1
canonical,CANONICAL — REPAIRED G2 OOF,1331,1948,interstitial,zero_residual_v1,64,0,1,,,,,,1,1
canonical,CANONICAL — REPAIRED G2 OOF,1332,1950,adsorbate,zero_residual_v1,64,0,1,,,,,,1,1
canonical,CANONICAL — REPAIRED G2 OOF,1333,1951,adsorbate,zero_residual_v1,64,0,1,,,,,,1,1
canonical,CANONICAL — REPAIRED G2 OOF,1334,1953,adsorbate,zero_residual_v1,64,0,1,,,,,,1,1
canonical,CANONICAL — REPAIRED G2 OOF,1335,1954,interstitial,zero_residual_v1,64,0,1,,,,,,1,1
canonical,CANONICAL — REPAIRED G2 OOF,1336,1958,adsorbate,zero_residual_v1,64,0,1,,,,,,1,1
canonical,CANONICAL — REPAIRED G2 OOF,1338,1960,adsorbate,zero_residual_v1,64,0,1,,,,,,1,1
canonical,CANONICAL — REPAIRED G2 OOF,1339,1961,adsorbate,zero_residual_v1,64,0,1,,,,,,1,1
canonical,CANONICAL — REPAIRED G2 OOF,1340,1962,adsorbate,zero_residual_v1,64,0,1,,,,,,1,1
canonical,CANONICAL — REPAIRED G2 OOF,1341,1963,adsorbate,zero_residual_v1,64,0,1,,,,,,1,1
canonical,CANONICAL — REPAIRED G2 OOF,1342,1964,interstitial,zero_residual_v1,64,0,1,,,,,,1,1
canonical,CANONICAL — REPAIRED G2 OOF,1343,1965,interstitial,zero_residual_v1,64,0,1,,,,,,1,1
canonical,CANONICAL — REPAIRED G2 OOF,1344,1966,adsorbate,zero_residual_v1,64,1,1,,,,local_abs_covalent_radius_mismatch_A|local_abs_electronegativity_contrast|local_abs_valence_mismatch|local_signed_covalent_radius_mismatch_A|local_signed_electronegativity_mismatch|local_signed_valence_mismatch|neighbor_distance_std_A|postrelaxation_min_clearance_A,,1,1
canonical,CANONICAL — REPAIRED G2 OOF,1345,1967,adsorbate,zero_residual_v1,64,0,1,,,,,,1,1
canonical,CANONICAL — REPAIRED G2 OOF,1346,1968,interstitial,zero_residual_v1,64,0,1,,,,,,1,1
canonical,CANONICAL — REPAIRED G2 OOF,1347,1971,adsorbate,zero_residual_v1,64,0,1,,,,,,1,1
canonical,CANONICAL — REPAIRED G2 OOF,1348,1972,adsorbate,zero_residual_v1,64,0,1,,,,,,1,1
canonical,CANONICAL — REPAIRED G2 OOF,1349,1973,interstitial,zero_residual_v1,64,0,1,,,,,,1,1
canonical,CANONICAL — REPAIRED G2 OOF,1350,1974,adsorbate,zero_residual_v1,64,0,1,,,,,,1,1
canonical,CANONICAL — REPAIRED G2 OOF,1351,1975,interstitial,zero_residual_v1,64,0,1,,,,,,1,1
canonical,CANONICAL — REPAIRED G2 OOF,1352,1976,interstitial,zero_residual_v1,64,0,1,,,,,,1,1
canonical,CANONICAL — REPAIRED G2 OOF,1353,1978,interstitial,zero_residual_v1,64,0,1,,,,,,1,1
canonical,CANONICAL — REPAIRED G2 OOF,1354,1979,interstitial,zero_residual_v1,64,0,1,,,,,,1,1
canonical,CANONICAL — REPAIRED G2 OOF,1355,1980,adsorbate,zero_residual_v1,64,0,1,,,,,,1,1
canonical,CANONICAL — REPAIRED G2 OOF,1356,1982,interstitial,zero_residual_v1,64,0,1,,,,,,1,1
canonical,CANONICAL — REPAIRED G2 OOF,1357,1983,adsorbate,zero_residual_v1,64,0,1,,,,,,1,1
canonical,CANONICAL — REPAIRED G2 OOF,1358,1987,adsorbate,zero_residual_v1,64,0,1,,,,,,1,1
canonical,CANONICAL — REPAIRED G2 OOF,1359,1988,adsorbate,zero_residual_v1,64,0,1,,,,,,1,1
canonical,CANONICAL — REPAIRED G2 OOF,1360,1990,interstitial,zero_residual_v1,64,0,1,,,,,,1,1
canonical,CANONICAL — REPAIRED G2 OOF,1361,1991,adsorbate,zero_residual_v1,64,0,1,,,,,,1,1
canonical,CANONICAL — REPAIRED G2 OOF,1362,1992,interstitial,zero_residual_v1,64,0,1,,,,,,1,1
canonical,CANONICAL — REPAIRED G2 OOF,1363,1994,adsorbate,zero_residual_v1,64,0,1,,,,,,1,1
canonical,CANONICAL — REPAIRED G2 OOF,1364,1999,adsorbate,zero_residual_v1,64,0,1,,,,,,1,1
canonical,CANONICAL — REPAIRED G2 OOF,1365,2001,interstitial,zero_residual_v1,64,0,1,,,,,,1,1
canonical,CANONICAL — REPAIRED G2 OOF,1366,2003,interstitial,zero_residual_v1,64,0,1,,,,,,1,1
canonical,CANONICAL — REPAIRED G2 OOF,1367,2004,interstitial,zero_residual_v1,64,0,1,,,,,,1,1
canonical,CANONICAL — REPAIRED G2 OOF,1368,2005,adsorbate,zero_residual_v1,64,0,1,,,,,,1,1
canonical,CANONICAL — REPAIRED G2 OOF,1369,2006,interstitial,zero_residual_v1,64,0,1,,,,,,1,1
canonical,CANONICAL — REPAIRED G2 OOF,1370,2007,interstitial,zero_residual_v1,64,0,1,,,,,,1,1
canonical,CANONICAL — REPAIRED G2 OOF,1371,2009,interstitial,zero_residual_v1,64,0,1,,,,,,1,1
canonical,CANONICAL — REPAIRED G2 OOF,1372,2011,adsorbate,zero_residual_v1,64,0,1,,,,,,1,1
canonical,CANONICAL — REPAIRED G2 OOF,1373,2013,adsorbate,zero_residual_v1,64,0,1,,,,,,1,1
canonical,CANONICAL — REPAIRED G2 OOF,1374,2014,adsorbate,zero_residual_v1,64,0,1,,,,,,1,1
canonical,CANONICAL — REPAIRED G2 OOF,1375,2015,adsorbate,zero_residual_v1,64,0,1,,,,,,1,1
canonical,CANONICAL — REPAIRED G2 OOF,1376,2016,adsorbate,zero_residual_v1,64,0,1,,,,,,1,1
canonical,CANONICAL — REPAIRED G2 OOF,1377,2017,adsorbate,zero_residual_v1,64,0,1,,,,,,1,1
canonical,CANONICAL — REPAIRED G2 OOF,1378,2018,adsorbate,zero_residual_v1,64,0,1,,,,,,1,1
canonical,CANONICAL — REPAIRED G2 OOF,1379,2019,interstitial,zero_residual_v1,64,0,1,,,,,,1,1
canonical,CANONICAL — REPAIRED G2 OOF,1380,2021,interstitial,zero_residual_v1,64,0,1,,,,,,1,1
canonical,CANONICAL — REPAIRED G2 OOF,1381,2022,interstitial,zero_residual_v1,64,0,1,,,,,,1,1
canonical,CANONICAL — REPAIRED G2 OOF,1382,2023,adsorbate,zero_residual_v1,64,0,1,,,,,,1,1
canonical,CANONICAL — REPAIRED G2 OOF,1383,2026,adsorbate,zero_residual_v1,64,0,1,,,,,,1,1
canonical,CANONICAL — REPAIRED G2 OOF,1384,2028,interstitial,zero_residual_v1,64,0,1,,,,,,1,1
canonical,CANONICAL — REPAIRED G2 OOF,1385,2029,interstitial,zero_residual_v1,64,0,1,,,,,,1,1
canonical,CANONICAL — REPAIRED G2 OOF,1387,2031,adsorbate,zero_residual_v1,64,0,1,,,,,,1,1
canonical,CANONICAL — REPAIRED G2 OOF,1388,2032,interstitial,zero_residual_v1,64,0,1,,,,,,1,1
canonical,CANONICAL — REPAIRED G2 OOF,1389,2033,interstitial,zero_residual_v1,64,0,1,,,,,,1,1
canonical,CANONICAL — REPAIRED G2 OOF,1390,2035,adsorbate,zero_residual_v1,64,0,1,,,,,,1,1
canonical,CANONICAL — REPAIRED G2 OOF,1391,2036,adsorbate,zero_residual_v1,64,0,1,,,,,,1,1
canonical,CANONICAL — REPAIRED G2 OOF,1392,2037,interstitial,zero_residual_v1,64,0,1,,,,,,1,1
canonical,CANONICAL — REPAIRED G2 OOF,1393,2038,adsorbate,zero_residual_v1,64,0,1,,,,,,1,1
canonical,CANONICAL — REPAIRED G2 OOF,1394,2039,interstitial,zero_residual_v1,64,0,1,,,,,,1,1
canonical,CANONICAL — REPAIRED G2 OOF,1395,2040,interstitial,zero_residual_v1,64,0,1,,,,,,1,1
canonical,CANONICAL — REPAIRED G2 OOF,1396,2042,adsorbate,zero_residual_v1,64,0,1,,,,,,1,1
canonical,CANONICAL — REPAIRED G2 OOF,1398,2044,adsorbate,zero_residual_v1,64,0,1,,,,,,1,1
canonical,CANONICAL — REPAIRED G2 OOF,1399,2045,adsorbate,zero_residual_v1,64,0,1,,,,,,1,1
canonical,CANONICAL — REPAIRED G2 OOF,1400,2046,adsorbate,zero_residual_v1,64,0,1,,,,,,1,1
canonical,CANONICAL — REPAIRED G2 OOF,1402,2051,adsorbate,zero_residual_v1,64,0,1,,,,,,1,1
canonical,CANONICAL — REPAIRED G2 OOF,1403,2052,adsorbate,zero_residual_v1,64,0,1,,,,,,1,1
canonical,CANONICAL — REPAIRED G2 OOF,1404,2053,interstitial,zero_residual_v1,64,0,1,,,,,,1,1
canonical,CANONICAL — REPAIRED G2 OOF,1405,2054,adsorbate,zero_residual_v1,64,0,1,,,,,,1,1
canonical,CANONICAL — REPAIRED G2 OOF,1406,2056,adsorbate,zero_residual_v1,64,0,1,,,,,,1,1
canonical,CANONICAL — REPAIRED G2 OOF,1407,2058,adsorbate,zero_residual_v1,64,0,1,,,,,,1,1
canonical,CANONICAL — REPAIRED G2 OOF,1408,2060,adsorbate,zero_residual_v1,64,0,1,,,,,,1,1
canonical,CANONICAL — REPAIRED G2 OOF,1410,2062,interstitial,zero_residual_v1,64,0,1,,,,,,1,1
canonical,CANONICAL — REPAIRED G2 OOF,1412,2069,adsorbate,zero_residual_v1,64,0,1,,,,,,1,1
canonical,CANONICAL — REPAIRED G2 OOF,1413,2072,interstitial,zero_residual_v1,64,0,1,,,,,,1,1
canonical,CANONICAL — REPAIRED G2 OOF,1414,2074,interstitial,zero_residual_v1,64,0,1,,,,,,1,1
canonical,CANONICAL — REPAIRED G2 OOF,1415,2075,interstitial,zero_residual_v1,64,0,1,,,,,,1,1
canonical,CANONICAL — REPAIRED G2 OOF,1416,2076,interstitial,zero_residual_v1,64,0,1,,,,,,1,1
canonical,CANONICAL — REPAIRED G2 OOF,1418,2080,interstitial,zero_residual_v1,64,0,1,,,,,,1,1
canonical,CANONICAL — REPAIRED G2 OOF,1419,2084,interstitial,zero_residual_v1,64,0,1,,,,,,1,1
canonical,CANONICAL — REPAIRED G2 OOF,1420,2085,interstitial,zero_residual_v1,64,0,1,,,,,,1,1
canonical,CANONICAL — REPAIRED G2 OOF,1421,2086,adsorbate,zero_residual_v1,64,0,1,,,,,,1,1
canonical,CANONICAL — REPAIRED G2 OOF,1422,2088,interstitial,zero_residual_v1,64,0,1,,,,,,1,1
canonical,CANONICAL — REPAIRED G2 OOF,1423,2089,adsorbate,zero_residual_v1,64,0,1,,,,,,1,1
canonical,CANONICAL — REPAIRED G2 OOF,1424,2090,adsorbate,zero_residual_v1,64,0,1,,,,,,1,1
canonical,CANONICAL — REPAIRED G2 OOF,1425,2092,interstitial,zero_residual_v1,64,0,1,,,,,,1,1
canonical,CANONICAL — REPAIRED G2 OOF,1426,2094,interstitial,zero_residual_v1,64,0,1,,,,,,1,1
canonical,CANONICAL — REPAIRED G2 OOF,1427,2097,adsorbate,zero_residual_v1,64,0,1,,,,,,1,1
canonical,CANONICAL — REPAIRED G2 OOF,1428,2098,adsorbate,zero_residual_v1,64,0,1,,,,,,1,1
canonical,CANONICAL — REPAIRED G2 OOF,1429,2099,adsorbate,zero_residual_v1,64,0,1,,,,,,1,1
canonical,CANONICAL — REPAIRED G2 OOF,1430,2100,adsorbate,zero_residual_v1,64,0,1,,,,,,1,1
canonical,CANONICAL — REPAIRED G2 OOF,1432,2102,adsorbate,zero_residual_v1,64,0,1,,,,,,1,1
canonical,CANONICAL — REPAIRED G2 OOF,1433,2105,adsorbate,zero_residual_v1,64,0,1,,,,,,1,1
canonical,CANONICAL — REPAIRED G2 OOF,1434,2106,adsorbate,zero_residual_v1,64,0,1,,,,,,1,1
canonical,CANONICAL — REPAIRED G2 OOF,1435,2107,interstitial,zero_residual_v1,64,0,1,,,,,,1,1
canonical,CANONICAL — REPAIRED G2 OOF,1436,2108,interstitial,zero_residual_v1,64,0,1,,,,,,1,1
canonical,CANONICAL — REPAIRED G2 OOF,1437,2109,adsorbate,zero_residual_v1,64,0,1,,,,,,1,1
canonical,CANONICAL — REPAIRED G2 OOF,1438,2110,interstitial,zero_residual_v1,64,0,1,,,,,,1,1
canonical,CANONICAL — REPAIRED G2 OOF,1439,2112,adsorbate,zero_residual_v1,64,0,1,,,,,,1,1
canonical,CANONICAL — REPAIRED G2 OOF,1440,2113,adsorbate,zero_residual_v1,64,0,1,,,,,,1,1
canonical,CANONICAL — REPAIRED G2 OOF,1441,2114,interstitial,zero_residual_v1,64,0,1,,,,,,1,1
canonical,CANONICAL — REPAIRED G2 OOF,1442,2115,interstitial,zero_residual_v1,64,0,1,,,,,,1,1
canonical,CANONICAL — REPAIRED G2 OOF,1443,2116,adsorbate,zero_residual_v1,64,0,1,,,,,,1,1
canonical,CANONICAL — REPAIRED G2 OOF,1444,2117,adsorbate,zero_residual_v1,64,0,1,,,,,,1,1
canonical,CANONICAL — REPAIRED G2 OOF,1445,2118,interstitial,zero_residual_v1,64,0,1,,,,,,1,1
canonical,CANONICAL — REPAIRED G2 OOF,1446,2119,adsorbate,zero_residual_v1,64,0,1,,,,,,1,1
canonical,CANONICAL — REPAIRED G2 OOF,1447,2120,adsorbate,zero_residual_v1,64,0,1,,,,,,1,1
canonical,CANONICAL — REPAIRED G2 OOF,1448,2122,interstitial,zero_residual_v1,64,0,1,,,,,,1,1
canonical,CANONICAL — REPAIRED G2 OOF,1449,2124,interstitial,zero_residual_v1,64,0,1,,,,,,1,1
canonical,CANONICAL — REPAIRED G2 OOF,1450,2126,interstitial,zero_residual_v1,64,0,1,,,,,,1,1
canonical,CANONICAL — REPAIRED G2 OOF,1451,2127,adsorbate,zero_residual_v1,64,0,1,,,,,,1,1
canonical,CANONICAL — REPAIRED G2 OOF,1452,2131,adsorbate,zero_residual_v1,64,0,1,,,,,,1,1
canonical,CANONICAL — REPAIRED G2 OOF,1453,2133,adsorbate,zero_residual_v1,64,0,1,,,,,,1,1
canonical,CANONICAL — REPAIRED G2 OOF,1454,2134,adsorbate,zero_residual_v1,64,0,1,,,,,,1,1
canonical,CANONICAL — REPAIRED G2 OOF,1455,2135,adsorbate,zero_residual_v1,64,0,1,,,,,,1,1
canonical,CANONICAL — REPAIRED G2 OOF,1456,2137,interstitial,zero_residual_v1,64,0,1,,,,,,1,1
canonical,CANONICAL — REPAIRED G2 OOF,1457,2138,adsorbate,zero_residual_v1,64,0,1,,,,,,1,1
canonical,CANONICAL — REPAIRED G2 OOF,1458,2141,interstitial,zero_residual_v1,64,0,1,,,,,,1,1
canonical,CANONICAL — REPAIRED G2 OOF,1459,2142,interstitial,zero_residual_v1,64,0,1,,,,,,1,1
canonical,CANONICAL — REPAIRED G2 OOF,1460,2143,adsorbate,zero_residual_v1,64,0,1,,,,,,1,1
canonical,CANONICAL — REPAIRED G2 OOF,1461,2145,adsorbate,zero_residual_v1,64,0,1,,,,,,1,1
canonical,CANONICAL — REPAIRED G2 OOF,1462,2146,adsorbate,zero_residual_v1,64,0,1,,,,,,1,1
canonical,CANONICAL — REPAIRED G2 OOF,1463,2148,adsorbate,zero_residual_v1,64,0,1,,,,,,1,1
canonical,CANONICAL — REPAIRED G2 OOF,1464,2149,interstitial,zero_residual_v1,64,0,1,,,,,,1,1
canonical,CANONICAL — REPAIRED G2 OOF,1465,2150,interstitial,zero_residual_v1,64,0,1,,,,,,1,1
canonical,CANONICAL — REPAIRED G2 OOF,1466,2155,interstitial,zero_residual_v1,64,0,1,,,,,,1,1
canonical,CANONICAL — REPAIRED G2 OOF,1467,2156,adsorbate,zero_residual_v1,64,0,1,,,,,,1,1
canonical,CANONICAL — REPAIRED G2 OOF,1468,2157,interstitial,zero_residual_v1,64,0,1,,,,,,1,1
canonical,CANONICAL — REPAIRED G2 OOF,1469,2158,adsorbate,zero_residual_v1,64,0,1,,,,,,1,1
canonical,CANONICAL — REPAIRED G2 OOF,1470,2159,interstitial,zero_residual_v1,64,0,1,,,,,,1,1
canonical,CANONICAL — REPAIRED G2 OOF,1471,2161,interstitial,zero_residual_v1,64,0,1,,,,,,1,1
canonical,CANONICAL — REPAIRED G2 OOF,1472,2162,interstitial,zero_residual_v1,64,0,1,,,,,,1,1
canonical,CANONICAL — REPAIRED G2 OOF,1473,2164,adsorbate,zero_residual_v1,64,0,1,,,,,,1,1
canonical,CANONICAL — REPAIRED G2 OOF,1474,2165,interstitial,zero_residual_v1,64,0,1,,,,,,1,1
canonical,CANONICAL — REPAIRED G2 OOF,1475,2166,interstitial,zero_residual_v1,64,0,1,,,,,,1,1
canonical,CANONICAL — REPAIRED G2 OOF,1476,2167,adsorbate,zero_residual_v1,64,0,1,,,,,,1,1
canonical,CANONICAL — REPAIRED G2 OOF,1477,2168,adsorbate,zero_residual_v1,64,0,1,,,,,,1,1
canonical,CANONICAL — REPAIRED G2 OOF,1478,2169,interstitial,zero_residual_v1,64,0,1,,,,,,1,1
canonical,CANONICAL — REPAIRED G2 OOF,1479,2173,adsorbate,zero_residual_v1,64,0,1,,,,,,1,1
canonical,CANONICAL — REPAIRED G2 OOF,1480,2174,interstitial,zero_residual_v1,64,0,1,,,,,,1,1
canonical,CANONICAL — REPAIRED G2 OOF,1481,2176,adsorbate,zero_residual_v1,64,0,1,,,,,,1,1
canonical,CANONICAL — REPAIRED G2 OOF,1482,2177,adsorbate,zero_residual_v1,64,0,1,,,,,,1,1
canonical,CANONICAL — REPAIRED G2 OOF,1483,2178,adsorbate,zero_residual_v1,64,0,1,,,,,,1,1
canonical,CANONICAL — REPAIRED G2 OOF,1484,2179,adsorbate,zero_residual_v1,64,0,1,,,,,,1,1
canonical,CANONICAL — REPAIRED G2 OOF,1485,2180,interstitial,zero_residual_v1,64,0,1,,,,,,1,1
canonical,CANONICAL — REPAIRED G2 OOF,1486,2181,adsorbate,zero_residual_v1,64,0,1,,,,,,1,1
canonical,CANONICAL — REPAIRED G2 OOF,1487,2182,adsorbate,zero_residual_v1,64,0,1,,,,,,1,1
canonical,CANONICAL — REPAIRED G2 OOF,1489,2184,interstitial,zero_residual_v1,64,0,1,,,,,,1,1
canonical,CANONICAL — REPAIRED G2 OOF,1490,2185,adsorbate,zero_residual_v1,64,0,1,,,,,,1,1
canonical,CANONICAL — REPAIRED G2 OOF,1491,2186,adsorbate,zero_residual_v1,64,0,1,,,,,,1,1
canonical,CANONICAL — REPAIRED G2 OOF,1492,2188,interstitial,zero_residual_v1,64,0,1,,,,,,1,1
canonical,CANONICAL — REPAIRED G2 OOF,1494,2191,adsorbate,zero_residual_v1,64,0,1,,,,,,1,1
canonical,CANONICAL — REPAIRED G2 OOF,1495,2192,adsorbate,zero_residual_v1,64,0,1,,,,,,1,1
canonical,CANONICAL — REPAIRED G2 OOF,1496,2193,interstitial,zero_residual_v1,64,0,1,,,,,,1,1
canonical,CANONICAL — REPAIRED G2 OOF,1497,2197,adsorbate,zero_residual_v1,64,0,1,,,,,,1,1
canonical,CANONICAL — REPAIRED G2 OOF,1499,2199,interstitial,zero_residual_v1,64,0,1,,,,,,1,1
canonical,CANONICAL — REPAIRED G2 OOF,1500,2200,adsorbate,zero_residual_v1,64,0,1,,,,,,1,1
canonical,CANONICAL — REPAIRED G2 OOF,1501,2201,interstitial,zero_residual_v1,64,0,1,,,,,,1,1
canonical,CANONICAL — REPAIRED G2 OOF,1502,2202,adsorbate,zero_residual_v1,64,0,1,,,,,,1,1
canonical,CANONICAL — REPAIRED G2 OOF,1503,2203,interstitial,zero_residual_v1,64,0,1,,,,,,1,1
canonical,CANONICAL — REPAIRED G2 OOF,1504,2204,adsorbate,zero_residual_v1,64,0,1,,,,,,1,1
canonical,CANONICAL — REPAIRED G2 OOF,1505,2205,adsorbate,zero_residual_v1,64,0,1,,,,,,1,1
canonical,CANONICAL — REPAIRED G2 OOF,1506,2206,adsorbate,zero_residual_v1,64,0,1,,,,,,1,1
canonical,CANONICAL — REPAIRED G2 OOF,1507,2207,interstitial,zero_residual_v1,64,0,1,,,,,,1,1
canonical,CANONICAL — REPAIRED G2 OOF,1508,2210,adsorbate,zero_residual_v1,64,0,1,,,,,,1,1
canonical,CANONICAL — REPAIRED G2 OOF,1509,2212,adsorbate,zero_residual_v1,64,0,1,,,,,,1,1
canonical,CANONICAL — REPAIRED G2 OOF,1510,2215,interstitial,zero_residual_v1,64,0,1,,,,,,1,1
canonical,CANONICAL — REPAIRED G2 OOF,1511,2217,adsorbate,zero_residual_v1,64,0,1,,,,,,1,1
canonical,CANONICAL — REPAIRED G2 OOF,1512,2219,adsorbate,zero_residual_v1,64,0,1,,,,,,1,1
canonical,CANONICAL — REPAIRED G2 OOF,1513,2220,adsorbate,zero_residual_v1,64,0,1,,,,,,1,1
canonical,CANONICAL — REPAIRED G2 OOF,1516,2224,interstitial,zero_residual_v1,64,0,1,,,,,,1,1
canonical,CANONICAL — REPAIRED G2 OOF,1517,2225,interstitial,zero_residual_v1,64,0,1,,,,,,1,1
canonical,CANONICAL — REPAIRED G2 OOF,1518,2226,adsorbate,zero_residual_v1,64,0,1,,,,,,1,1
canonical,CANONICAL — REPAIRED G2 OOF,1519,2228,interstitial,zero_residual_v1,64,0,1,,,,,,1,1
canonical,CANONICAL — REPAIRED G2 OOF,1520,2229,adsorbate,zero_residual_v1,64,0,1,,,,,,1,1
canonical,CANONICAL — REPAIRED G2 OOF,1521,2230,interstitial,zero_residual_v1,64,0,1,,,,,,1,1
canonical,CANONICAL — REPAIRED G2 OOF,1522,2232,adsorbate,zero_residual_v1,64,0,1,,,,,,1,1
canonical,CANONICAL — REPAIRED G2 OOF,1523,2233,adsorbate,zero_residual_v1,64,0,1,,,,,,1,1
canonical,CANONICAL — REPAIRED G2 OOF,1524,2234,adsorbate,zero_residual_v1,64,0,1,,,,,,1,1
canonical,CANONICAL — REPAIRED G2 OOF,1525,2237,interstitial,zero_residual_v1,64,0,1,,,,,,1,1
canonical,CANONICAL — REPAIRED G2 OOF,1526,2238,interstitial,zero_residual_v1,64,0,1,,,,,,1,1
canonical,CANONICAL — REPAIRED G2 OOF,1527,2239,interstitial,zero_residual_v1,64,0,1,,,,,,1,1
canonical,CANONICAL — REPAIRED G2 OOF,1528,2240,interstitial,zero_residual_v1,64,0,1,,,,,,1,1
canonical,CANONICAL — REPAIRED G2 OOF,1529,2241,interstitial,zero_residual_v1,64,0,1,,,,,,1,1
canonical,CANONICAL — REPAIRED G2 OOF,1531,2244,interstitial,zero_residual_v1,64,0,1,,,,,,1,1
canonical,CANONICAL — REPAIRED G2 OOF,1532,2247,adsorbate,zero_residual_v1,64,0,1,,,,,,1,1
canonical,CANONICAL — REPAIRED G2 OOF,1533,2248,adsorbate,zero_residual_v1,64,0,1,,,,,,1,1
canonical,CANONICAL — REPAIRED G2 OOF,1534,2249,adsorbate,zero_residual_v1,64,0,1,,,,,,1,1
canonical,CANONICAL — REPAIRED G2 OOF,1535,2252,adsorbate,zero_residual_v1,64,0,1,,,,,,1,1
canonical,CANONICAL — REPAIRED G2 OOF,1536,2253,adsorbate,zero_residual_v1,64,0,1,,,,,,1,1
canonical,CANONICAL — REPAIRED G2 OOF,1537,2254,adsorbate,zero_residual_v1,64,0,1,,,,,,1,1
canonical,CANONICAL — REPAIRED G2 OOF,1538,2255,interstitial,zero_residual_v1,64,0,1,,,,,,1,1
canonical,CANONICAL — REPAIRED G2 OOF,1539,2257,interstitial,zero_residual_v1,64,0,1,,,,,,1,1
canonical,CANONICAL — REPAIRED G2 OOF,1542,2263,adsorbate,zero_residual_v1,64,0,1,,,,,,1,1
canonical,CANONICAL — REPAIRED G2 OOF,1543,2264,adsorbate,zero_residual_v1,64,0,1,,,,,,1,1
canonical,CANONICAL — REPAIRED G2 OOF,1544,2265,interstitial,zero_residual_v1,64,0,1,,,,,,1,1
canonical,CANONICAL — REPAIRED G2 OOF,1545,2267,interstitial,zero_residual_v1,64,0,1,,,,,,1,1
canonical,CANONICAL — REPAIRED G2 OOF,1547,2269,adsorbate,zero_residual_v1,64,0,1,,,,,,1,1
canonical,CANONICAL — REPAIRED G2 OOF,1548,2270,adsorbate,zero_residual_v1,64,0,1,,,,,,1,1
canonical,CANONICAL — REPAIRED G2 OOF,1549,2272,adsorbate,zero_residual_v1,64,0,1,,,,,,1,1
canonical,CANONICAL — REPAIRED G2 OOF,1550,2273,interstitial,zero_residual_v1,64,0,1,,,,,,1,1
canonical,CANONICAL — REPAIRED G2 OOF,1551,2274,adsorbate,zero_residual_v1,64,0,1,,,,,,1,1
canonical,CANONICAL — REPAIRED G2 OOF,1552,2275,adsorbate,zero_residual_v1,64,0,1,,,,,,1,1
canonical,CANONICAL — REPAIRED G2 OOF,1553,2277,adsorbate,zero_residual_v1,64,0,1,,,,,,1,1
canonical,CANONICAL — REPAIRED G2 OOF,1554,2279,interstitial,zero_residual_v1,64,0,1,,,,,,1,1
canonical,CANONICAL — REPAIRED G2 OOF,1555,2280,interstitial,zero_residual_v1,64,0,1,,,,,,1,1
canonical,CANONICAL — REPAIRED G2 OOF,1556,2281,adsorbate,zero_residual_v1,64,0,1,,,,,,1,1
canonical,CANONICAL — REPAIRED G2 OOF,1557,2283,adsorbate,zero_residual_v1,64,0,1,,,,,,1,1
canonical,CANONICAL — REPAIRED G2 OOF,1558,2285,interstitial,zero_residual_v1,64,0,1,,,,,,1,1
canonical,CANONICAL — REPAIRED G2 OOF,1559,2286,adsorbate,zero_residual_v1,64,0,1,,,,,,1,1
canonical,CANONICAL — REPAIRED G2 OOF,1560,2287,adsorbate,zero_residual_v1,64,0,1,,,,,,1,1
canonical,CANONICAL — REPAIRED G2 OOF,1561,2289,interstitial,zero_residual_v1,64,0,1,,,,,,1,1
canonical,CANONICAL — REPAIRED G2 OOF,1562,2290,interstitial,zero_residual_v1,64,0,1,,,,,,1,1
canonical,CANONICAL — REPAIRED G2 OOF,1563,2291,interstitial,zero_residual_v1,64,0,1,,,,,,1,1
canonical,CANONICAL — REPAIRED G2 OOF,1564,2292,adsorbate,zero_residual_v1,64,0,1,,,,,,1,1
canonical,CANONICAL — REPAIRED G2 OOF,1565,2293,interstitial,zero_residual_v1,64,0,1,,,,,,1,1
canonical,CANONICAL — REPAIRED G2 OOF,1566,2294,adsorbate,zero_residual_v1,64,0,1,,,,,,1,1
canonical,CANONICAL — REPAIRED G2 OOF,1567,2296,adsorbate,zero_residual_v1,64,0,1,,,,,,1,1
canonical,CANONICAL — REPAIRED G2 OOF,1568,2297,adsorbate,zero_residual_v1,64,0,1,,,,,,1,1
canonical,CANONICAL — REPAIRED G2 OOF,1569,2298,adsorbate,zero_residual_v1,64,0,1,,,,,,1,1
canonical,CANONICAL — REPAIRED G2 OOF,1570,2299,adsorbate,zero_residual_v1,64,0,1,,,,,,1,1
canonical,CANONICAL — REPAIRED G2 OOF,1571,2300,interstitial,zero_residual_v1,64,0,1,,,,,,1,1
canonical,CANONICAL — REPAIRED G2 OOF,1572,2301,adsorbate,zero_residual_v1,64,0,1,,,,,,1,1
canonical,CANONICAL — REPAIRED G2 OOF,1573,2302,adsorbate,zero_residual_v1,64,0,1,,,,,,1,1
canonical,CANONICAL — REPAIRED G2 OOF,1575,2307,interstitial,zero_residual_v1,64,0,1,,,,,,1,1
canonical,CANONICAL — REPAIRED G2 OOF,1576,2308,adsorbate,zero_residual_v1,64,0,1,,,,,,1,1
canonical,CANONICAL — REPAIRED G2 OOF,1577,2309,interstitial,zero_residual_v1,64,0,1,,,,,,1,1
canonical,CANONICAL — REPAIRED G2 OOF,1578,2310,interstitial,zero_residual_v1,64,0,1,,,,,,1,1
canonical,CANONICAL — REPAIRED G2 OOF,1580,2312,adsorbate,zero_residual_v1,64,0,1,,,,,,1,1
canonical,CANONICAL — REPAIRED G2 OOF,1581,2313,adsorbate,zero_residual_v1,64,0,1,,,,,,1,1
canonical,CANONICAL — REPAIRED G2 OOF,1582,2315,interstitial,zero_residual_v1,64,0,1,,,,,,1,1
canonical,CANONICAL — REPAIRED G2 OOF,1583,2316,adsorbate,zero_residual_v1,64,0,1,,,,,,1,1
canonical,CANONICAL — REPAIRED G2 OOF,1584,2319,adsorbate,zero_residual_v1,64,0,1,,,,,,1,1
canonical,CANONICAL — REPAIRED G2 OOF,1585,2320,adsorbate,zero_residual_v1,64,0,1,,,,,,1,1
canonical,CANONICAL — REPAIRED G2 OOF,1587,2322,interstitial,zero_residual_v1,64,0,1,,,,,,1,1
canonical,CANONICAL — REPAIRED G2 OOF,1589,2325,interstitial,zero_residual_v1,64,0,1,,,,,,1,1
canonical,CANONICAL — REPAIRED G2 OOF,1590,2326,interstitial,zero_residual_v1,64,0,1,,,,,,1,1
canonical,CANONICAL — REPAIRED G2 OOF,1591,2327,interstitial,zero_residual_v1,64,0,1,,,,,,1,1
canonical,CANONICAL — REPAIRED G2 OOF,1592,2328,interstitial,zero_residual_v1,64,0,1,,,,,,1,1
canonical,CANONICAL — REPAIRED G2 OOF,1593,2330,interstitial,zero_residual_v1,64,0,1,,,,,,1,1
canonical,CANONICAL — REPAIRED G2 OOF,1594,2331,interstitial,zero_residual_v1,64,0,1,,,,,,1,1
canonical,CANONICAL — REPAIRED G2 OOF,1595,2332,adsorbate,zero_residual_v1,64,0,1,,,,,,1,1
canonical,CANONICAL — REPAIRED G2 OOF,1596,2333,adsorbate,zero_residual_v1,64,0,1,,,,,,1,1
canonical,CANONICAL — REPAIRED G2 OOF,1597,2335,interstitial,zero_residual_v1,64,0,1,,,,,,1,1
canonical,CANONICAL — REPAIRED G2 OOF,1598,2336,interstitial,zero_residual_v1,64,0,1,,,,,,1,1
canonical,CANONICAL — REPAIRED G2 OOF,1599,2339,interstitial,zero_residual_v1,64,0,1,,,,,,1,1
canonical,CANONICAL — REPAIRED G2 OOF,1600,2340,adsorbate,zero_residual_v1,64,0,1,,,,,,1,1
canonical,CANONICAL — REPAIRED G2 OOF,1601,2341,adsorbate,zero_residual_v1,64,0,1,,,,,,1,1
canonical,CANONICAL — REPAIRED G2 OOF,1602,2342,interstitial,zero_residual_v1,64,0,1,,,,,,1,1
canonical,CANONICAL — REPAIRED G2 OOF,1603,2343,interstitial,zero_residual_v1,64,0,1,,,,,,1,1
canonical,CANONICAL — REPAIRED G2 OOF,1604,2344,adsorbate,zero_residual_v1,64,0,1,,,,,,1,1
canonical,CANONICAL — REPAIRED G2 OOF,1606,2348,adsorbate,zero_residual_v1,64,0,1,,,,,,1,1
canonical,CANONICAL — REPAIRED G2 OOF,1607,2350,adsorbate,zero_residual_v1,64,0,1,,,,,,1,1
canonical,CANONICAL — REPAIRED G2 OOF,1608,2351,adsorbate,zero_residual_v1,64,0,1,,,,,,1,1
canonical,CANONICAL — REPAIRED G2 OOF,1609,2352,adsorbate,zero_residual_v1,64,0,1,,,,,,1,1
canonical,CANONICAL — REPAIRED G2 OOF,1610,2353,adsorbate,zero_residual_v1,64,0,1,,,,,,1,1
canonical,CANONICAL — REPAIRED G2 OOF,1611,2354,interstitial,zero_residual_v1,64,0,1,,,,,,1,1
canonical,CANONICAL — REPAIRED G2 OOF,1612,2356,adsorbate,zero_residual_v1,64,0,1,,,,,,1,1
canonical,CANONICAL — REPAIRED G2 OOF,1613,2357,interstitial,zero_residual_v1,64,0,1,,,,,,1,1
canonical,CANONICAL — REPAIRED G2 OOF,1614,2359,adsorbate,zero_residual_v1,64,0,1,,,,,,1,1
canonical,CANONICAL — REPAIRED G2 OOF,1615,2360,adsorbate,zero_residual_v1,64,0,1,,,,,,1,1
canonical,CANONICAL — REPAIRED G2 OOF,1616,2361,interstitial,zero_residual_v1,64,0,1,,,,,,1,1
canonical,CANONICAL — REPAIRED G2 OOF,1617,2362,interstitial,zero_residual_v1,64,0,1,,,,,,1,1
canonical,CANONICAL — REPAIRED G2 OOF,1618,2363,interstitial,zero_residual_v1,64,0,1,,,,,,1,1
canonical,CANONICAL — REPAIRED G2 OOF,1619,2365,adsorbate,zero_residual_v1,64,0,1,,,,,,1,1
canonical,CANONICAL — REPAIRED G2 OOF,1620,2366,adsorbate,zero_residual_v1,64,0,1,,,,,,1,1
canonical,CANONICAL — REPAIRED G2 OOF,1621,2367,interstitial,zero_residual_v1,64,0,1,,,,,,1,1
canonical,CANONICAL — REPAIRED G2 OOF,1622,2368,adsorbate,zero_residual_v1,64,0,1,,,,,,1,1
canonical,CANONICAL — REPAIRED G2 OOF,1623,2369,adsorbate,zero_residual_v1,64,0,1,,,,,,1,1
canonical,CANONICAL — REPAIRED G2 OOF,1624,2370,adsorbate,zero_residual_v1,64,0,1,,,,,,1,1
canonical,CANONICAL — REPAIRED G2 OOF,1626,2372,interstitial,zero_residual_v1,64,0,1,,,,,,1,1
canonical,CANONICAL — REPAIRED G2 OOF,1627,2373,interstitial,zero_residual_v1,64,0,1,,,,,,1,1
canonical,CANONICAL — REPAIRED G2 OOF,1628,2375,interstitial,zero_residual_v1,64,0,1,,,,,,1,1
canonical,CANONICAL — REPAIRED G2 OOF,1629,2376,adsorbate,zero_residual_v1,64,0,1,,,,,,1,1
canonical,CANONICAL — REPAIRED G2 OOF,1630,2377,interstitial,zero_residual_v1,64,0,1,,,,,,1,1
canonical,CANONICAL — REPAIRED G2 OOF,1631,2379,interstitial,zero_residual_v1,64,0,1,,,,,,1,1
canonical,CANONICAL — REPAIRED G2 OOF,1632,2380,adsorbate,zero_residual_v1,64,0,1,,,,,,1,1
canonical,CANONICAL — REPAIRED G2 OOF,1633,2381,interstitial,zero_residual_v1,64,0,1,,,,,,1,1
canonical,CANONICAL — REPAIRED G2 OOF,1634,2382,adsorbate,zero_residual_v1,64,0,1,,,,,,1,1
canonical,CANONICAL — REPAIRED G2 OOF,1635,2385,adsorbate,zero_residual_v1,64,0,1,,,,,,1,1
canonical,CANONICAL — REPAIRED G2 OOF,1636,2386,adsorbate,zero_residual_v1,64,0,1,,,,,,1,1
canonical,CANONICAL — REPAIRED G2 OOF,1637,2388,interstitial,zero_residual_v1,64,0,1,,,,,,1,1
canonical,CANONICAL — REPAIRED G2 OOF,1638,2389,interstitial,zero_residual_v1,64,0,1,,,,,,1,1
canonical,CANONICAL — REPAIRED G2 OOF,1639,2391,adsorbate,zero_residual_v1,64,0,1,,,,,,1,1
canonical,CANONICAL — REPAIRED G2 OOF,1641,2393,interstitial,zero_residual_v1,64,0,1,,,,,,1,1
canonical,CANONICAL — REPAIRED G2 OOF,1642,2399,adsorbate,zero_residual_v1,64,0,1,,,,,,1,1
canonical,CANONICAL — REPAIRED G2 OOF,1643,2400,adsorbate,zero_residual_v1,64,0,1,,,,,,1,1
canonical,CANONICAL — REPAIRED G2 OOF,1644,2403,adsorbate,zero_residual_v1,64,0,1,,,,,,1,1
canonical,CANONICAL — REPAIRED G2 OOF,1645,2404,interstitial,zero_residual_v1,64,0,1,,,,,,1,1
canonical,CANONICAL — REPAIRED G2 OOF,1646,2405,interstitial,zero_residual_v1,64,0,1,,,,,,1,1
canonical,CANONICAL — REPAIRED G2 OOF,1647,2408,adsorbate,zero_residual_v1,64,0,1,,,,,,1,1
canonical,CANONICAL — REPAIRED G2 OOF,1648,2409,interstitial,zero_residual_v1,64,0,1,,,,,,1,1
canonical,CANONICAL — REPAIRED G2 OOF,1649,2410,adsorbate,zero_residual_v1,64,0,1,,,,,,1,1
canonical,CANONICAL — REPAIRED G2 OOF,1651,2412,interstitial,zero_residual_v1,64,0,1,,,,,,1,1
canonical,CANONICAL — REPAIRED G2 OOF,1653,2415,adsorbate,zero_residual_v1,64,0,1,,,,,,1,1
canonical,CANONICAL — REPAIRED G2 OOF,1654,2416,interstitial,zero_residual_v1,64,0,1,,,,,,1,1
canonical,CANONICAL — REPAIRED G2 OOF,1655,2417,adsorbate,zero_residual_v1,64,0,1,,,,,,1,1
canonical,CANONICAL — REPAIRED G2 OOF,1656,2419,adsorbate,zero_residual_v1,64,0,1,,,,,,1,1
canonical,CANONICAL — REPAIRED G2 OOF,1658,2422,interstitial,zero_residual_v1,64,0,1,,,,,,1,1
canonical,CANONICAL — REPAIRED G2 OOF,1659,2424,interstitial,zero_residual_v1,64,0,1,,,,,,1,1
canonical,CANONICAL — REPAIRED G2 OOF,1660,2425,interstitial,zero_residual_v1,64,0,1,,,,,,1,1
canonical,CANONICAL — REPAIRED G2 OOF,1661,2426,adsorbate,zero_residual_v1,64,0,1,,,,,,1,1
canonical,CANONICAL — REPAIRED G2 OOF,1662,2427,adsorbate,zero_residual_v1,64,0,1,,,,,,1,1
canonical,CANONICAL — REPAIRED G2 OOF,1663,2429,interstitial,zero_residual_v1,64,0,1,,,,,,1,1
canonical,CANONICAL — REPAIRED G2 OOF,1664,2430,adsorbate,zero_residual_v1,64,0,1,,,,,,1,1
canonical,CANONICAL — REPAIRED G2 OOF,1665,2431,interstitial,zero_residual_v1,64,0,1,,,,,,1,1
canonical,CANONICAL — REPAIRED G2 OOF,1666,2432,interstitial,zero_residual_v1,64,0,1,,,,,,1,1
canonical,CANONICAL — REPAIRED G2 OOF,1667,2433,interstitial,zero_residual_v1,64,0,1,,,,,,1,1
canonical,CANONICAL — REPAIRED G2 OOF,1668,2435,adsorbate,zero_residual_v1,64,0,1,,,,,,1,1
canonical,CANONICAL — REPAIRED G2 OOF,1669,2438,interstitial,zero_residual_v1,64,0,1,,,,,,1,1
canonical,CANONICAL — REPAIRED G2 OOF,1670,2439,interstitial,zero_residual_v1,64,0,1,,,,,,1,1
canonical,CANONICAL — REPAIRED G2 OOF,1671,2440,interstitial,zero_residual_v1,64,0,1,,,,,,1,1
canonical,CANONICAL — REPAIRED G2 OOF,1672,2441,adsorbate,zero_residual_v1,64,0,1,,,,,,1,1
canonical,CANONICAL — REPAIRED G2 OOF,1673,2443,adsorbate,zero_residual_v1,64,0,1,,,,,,1,1
canonical,CANONICAL — REPAIRED G2 OOF,1674,2444,adsorbate,zero_residual_v1,64,0,1,,,,,,1,1
canonical,CANONICAL — REPAIRED G2 OOF,1675,2445,adsorbate,zero_residual_v1,64,0,1,,,,,,1,1
canonical,CANONICAL — REPAIRED G2 OOF,1676,2446,interstitial,zero_residual_v1,64,0,1,,,,,,1,1
canonical,CANONICAL — REPAIRED G2 OOF,1680,2453,adsorbate,zero_residual_v1,64,0,1,,,,,,1,1
canonical,CANONICAL — REPAIRED G2 OOF,1681,2454,interstitial,zero_residual_v1,64,0,1,,,,,,1,1
canonical,CANONICAL — REPAIRED G2 OOF,1682,2455,interstitial,zero_residual_v1,64,0,1,,,,,,1,1
canonical,CANONICAL — REPAIRED G2 OOF,1683,2457,adsorbate,zero_residual_v1,64,0,1,,,,,,1,1
canonical,CANONICAL — REPAIRED G2 OOF,1684,2459,adsorbate,zero_residual_v1,64,0,1,,,,,,1,1
canonical,CANONICAL — REPAIRED G2 OOF,1685,2460,adsorbate,zero_residual_v1,64,0,1,,,,,,1,1
canonical,CANONICAL — REPAIRED G2 OOF,1686,2461,interstitial,zero_residual_v1,64,0,1,,,,,,1,1
canonical,CANONICAL — REPAIRED G2 OOF,1687,2462,interstitial,zero_residual_v1,64,0,1,,,,,,1,1
canonical,CANONICAL — REPAIRED G2 OOF,1688,2468,adsorbate,zero_residual_v1,64,0,1,,,,,,1,1
canonical,CANONICAL — REPAIRED G2 OOF,1689,2469,adsorbate,zero_residual_v1,64,0,1,,,,,,1,1
canonical,CANONICAL — REPAIRED G2 OOF,1690,2470,adsorbate,zero_residual_v1,64,0,1,,,,,,1,1
canonical,CANONICAL — REPAIRED G2 OOF,1691,2471,adsorbate,zero_residual_v1,64,0,1,,,,,,1,1
canonical,CANONICAL — REPAIRED G2 OOF,1692,2475,adsorbate,zero_residual_v1,64,0,1,,,,,,1,1
canonical,CANONICAL — REPAIRED G2 OOF,1693,2476,interstitial,zero_residual_v1,64,0,1,,,,,,1,1
canonical,CANONICAL — REPAIRED G2 OOF,1694,2479,interstitial,zero_residual_v1,64,0,1,,,,,,1,1
canonical,CANONICAL — REPAIRED G2 OOF,1695,2480,adsorbate,zero_residual_v1,64,0,1,,,,,,1,1
canonical,CANONICAL — REPAIRED G2 OOF,1696,2481,adsorbate,zero_residual_v1,64,0,1,,,,,,1,1
canonical,CANONICAL — REPAIRED G2 OOF,1697,2482,interstitial,zero_residual_v1,64,0,1,,,,,,1,1
canonical,CANONICAL — REPAIRED G2 OOF,1698,2483,adsorbate,zero_residual_v1,64,0,1,,,,,,1,1
canonical,CANONICAL — REPAIRED G2 OOF,1699,2487,interstitial,zero_residual_v1,64,0,1,,,,,,1,1
canonical,CANONICAL — REPAIRED G2 OOF,1700,2490,interstitial,zero_residual_v1,64,0,1,,,,,,1,1
canonical,CANONICAL — REPAIRED G2 OOF,1702,2494,interstitial,zero_residual_v1,64,0,1,,,,,,1,1
canonical,CANONICAL — REPAIRED G2 OOF,1703,2495,interstitial,zero_residual_v1,64,0,1,,,,,,1,1
canonical,CANONICAL — REPAIRED G2 OOF,1704,2496,adsorbate,zero_residual_v1,64,0,1,,,,,,1,1
canonical,CANONICAL — REPAIRED G2 OOF,1705,2497,adsorbate,zero_residual_v1,64,0,1,,,,,,1,1
canonical,CANONICAL — REPAIRED G2 OOF,1706,2498,adsorbate,zero_residual_v1,64,0,1,,,,,,1,1
canonical,CANONICAL — REPAIRED G2 OOF,1707,2499,adsorbate,zero_residual_v1,64,0,1,,,,,,1,1
canonical,CANONICAL — REPAIRED G2 OOF,1708,2500,interstitial,zero_residual_v1,64,0,1,,,,,,1,1
canonical,CANONICAL — REPAIRED G2 OOF,1709,2501,adsorbate,zero_residual_v1,64,0,1,,,,,,1,1
canonical,CANONICAL — REPAIRED G2 OOF,1710,2505,adsorbate,zero_residual_v1,64,0,1,,,,,,1,1
canonical,CANONICAL — REPAIRED G2 OOF,1711,2506,adsorbate,zero_residual_v1,64,0,1,,,,,,1,1
canonical,CANONICAL — REPAIRED G2 OOF,1712,2507,interstitial,zero_residual_v1,64,0,1,,,,,,1,1
canonical,CANONICAL — REPAIRED G2 OOF,1713,2508,adsorbate,zero_residual_v1,64,0,1,,,,,,1,1
canonical,CANONICAL — REPAIRED G2 OOF,1714,2511,interstitial,zero_residual_v1,64,0,1,,,,,,1,1
canonical,CANONICAL — REPAIRED G2 OOF,1715,2513,interstitial,zero_residual_v1,64,0,1,,,,,,1,1
canonical,CANONICAL — REPAIRED G2 OOF,1716,2514,adsorbate,zero_residual_v1,64,0,1,,,,,,1,1
canonical,CANONICAL — REPAIRED G2 OOF,1717,2515,adsorbate,zero_residual_v1,64,0,1,,,,,,1,1
canonical,CANONICAL — REPAIRED G2 OOF,1718,2516,interstitial,zero_residual_v1,64,0,1,,,,,,1,1
canonical,CANONICAL — REPAIRED G2 OOF,1719,2517,adsorbate,zero_residual_v1,64,0,1,,,,,,1,1
canonical,CANONICAL — REPAIRED G2 OOF,1720,2519,interstitial,zero_residual_v1,64,0,1,,,,,,1,1
canonical,CANONICAL — REPAIRED G2 OOF,1721,2521,interstitial,zero_residual_v1,64,0,1,,,,,,1,1
canonical,CANONICAL — REPAIRED G2 OOF,1722,2522,adsorbate,zero_residual_v1,64,0,1,,,,,,1,1
canonical,CANONICAL — REPAIRED G2 OOF,1724,2524,adsorbate,zero_residual_v1,64,0,1,,,,,,1,1
canonical,CANONICAL — REPAIRED G2 OOF,1725,2525,adsorbate,zero_residual_v1,64,0,1,,,,,,1,1
canonical,CANONICAL — REPAIRED G2 OOF,1726,2528,interstitial,zero_residual_v1,64,0,1,,,,,,1,1
canonical,CANONICAL — REPAIRED G2 OOF,1727,2529,adsorbate,zero_residual_v1,64,0,1,,,,,,1,1
canonical,CANONICAL — REPAIRED G2 OOF,1728,2530,adsorbate,zero_residual_v1,64,0,1,,,,,,1,1
canonical,CANONICAL — REPAIRED G2 OOF,1729,2531,adsorbate,zero_residual_v1,64,0,1,,,,,,1,1
canonical,CANONICAL — REPAIRED G2 OOF,1730,2532,adsorbate,zero_residual_v1,64,0,1,,,,,,1,1
canonical,CANONICAL — REPAIRED G2 OOF,1731,2533,adsorbate,zero_residual_v1,64,0,1,,,,,,1,1
canonical,CANONICAL — REPAIRED G2 OOF,1732,2536,interstitial,zero_residual_v1,64,0,1,,,,,,1,1
canonical,CANONICAL — REPAIRED G2 OOF,1733,2537,interstitial,zero_residual_v1,64,0,1,,,,,,1,1
canonical,CANONICAL — REPAIRED G2 OOF,1734,2538,adsorbate,zero_residual_v1,64,0,1,,,,,,1,1
canonical,CANONICAL — REPAIRED G2 OOF,1735,2539,adsorbate,zero_residual_v1,64,0,1,,,,,,1,1
canonical,CANONICAL — REPAIRED G2 OOF,1736,2542,interstitial,zero_residual_v1,64,0,1,,,,,,1,1
canonical,CANONICAL — REPAIRED G2 OOF,1737,2543,adsorbate,zero_residual_v1,64,0,1,,,,,,1,1
canonical,CANONICAL — REPAIRED G2 OOF,1738,2544,adsorbate,zero_residual_v1,64,0,1,,,,,,1,1
canonical,CANONICAL — REPAIRED G2 OOF,1739,2545,adsorbate,zero_residual_v1,64,0,1,,,,,,1,1
canonical,CANONICAL — REPAIRED G2 OOF,1740,2546,interstitial,zero_residual_v1,64,0,1,,,,,,1,1
canonical,CANONICAL — REPAIRED G2 OOF,1741,2547,adsorbate,zero_residual_v1,64,0,1,,,,,,1,1
canonical,CANONICAL — REPAIRED G2 OOF,1742,2548,adsorbate,zero_residual_v1,64,0,1,,,,,,1,1
canonical,CANONICAL — REPAIRED G2 OOF,1743,2549,interstitial,zero_residual_v1,64,0,1,,,,,,1,1
canonical,CANONICAL — REPAIRED G2 OOF,1744,2551,adsorbate,zero_residual_v1,64,0,1,,,,,,1,1
canonical,CANONICAL — REPAIRED G2 OOF,1745,2552,interstitial,zero_residual_v1,64,0,1,,,,,,1,1
canonical,CANONICAL — REPAIRED G2 OOF,1746,2553,adsorbate,zero_residual_v1,64,0,1,,,,,,1,1
canonical,CANONICAL — REPAIRED G2 OOF,1748,2556,adsorbate,zero_residual_v1,64,0,1,,,,,,1,1
canonical,CANONICAL — REPAIRED G2 OOF,1749,2558,interstitial,zero_residual_v1,64,0,1,,,,,,1,1
canonical,CANONICAL — REPAIRED G2 OOF,1750,2559,interstitial,zero_residual_v1,64,0,1,,,,,,1,1
canonical,CANONICAL — REPAIRED G2 OOF,1751,2560,interstitial,zero_residual_v1,64,0,1,,,,,,1,1
canonical,CANONICAL — REPAIRED G2 OOF,1752,2561,adsorbate,zero_residual_v1,64,0,1,,,,,,1,1
canonical,CANONICAL — REPAIRED G2 OOF,1754,2563,adsorbate,zero_residual_v1,64,0,1,,,,,,1,1
canonical,CANONICAL — REPAIRED G2 OOF,1756,2565,adsorbate,zero_residual_v1,64,0,1,,,,,,1,1
canonical,CANONICAL — REPAIRED G2 OOF,1757,2566,adsorbate,zero_residual_v1,64,0,1,,,,,,1,1
canonical,CANONICAL — REPAIRED G2 OOF,1758,2567,adsorbate,zero_residual_v1,64,0,1,,,,,,1,1
canonical,CANONICAL — REPAIRED G2 OOF,1759,2568,interstitial,zero_residual_v1,64,0,1,,,,,,1,1
canonical,CANONICAL — REPAIRED G2 OOF,1760,2572,interstitial,zero_residual_v1,64,0,1,,,,,,1,1
canonical,CANONICAL — REPAIRED G2 OOF,1761,2573,interstitial,zero_residual_v1,64,0,1,,,,,,1,1
canonical,CANONICAL — REPAIRED G2 OOF,1762,2574,adsorbate,zero_residual_v1,64,0,1,,,,,,1,1
canonical,CANONICAL — REPAIRED G2 OOF,1763,2577,interstitial,zero_residual_v1,64,0,1,,,,,,1,1
canonical,CANONICAL — REPAIRED G2 OOF,1764,2578,adsorbate,zero_residual_v1,64,0,1,,,,,,1,1
canonical,CANONICAL — REPAIRED G2 OOF,1765,2579,adsorbate,zero_residual_v1,64,0,1,,,,,,1,1
canonical,CANONICAL — REPAIRED G2 OOF,1766,2581,adsorbate,zero_residual_v1,64,0,1,,,,,,1,1
canonical,CANONICAL — REPAIRED G2 OOF,1767,2583,adsorbate,zero_residual_v1,64,0,1,,,,,,1,1
canonical,CANONICAL — REPAIRED G2 OOF,1769,2585,adsorbate,zero_residual_v1,64,0,1,,,,,,1,1
canonical,CANONICAL — REPAIRED G2 OOF,1771,2588,adsorbate,zero_residual_v1,64,0,1,,,,,,1,1
canonical,CANONICAL — REPAIRED G2 OOF,1772,2589,adsorbate,zero_residual_v1,64,0,1,,,,,,1,1
canonical,CANONICAL — REPAIRED G2 OOF,1773,2590,interstitial,zero_residual_v1,64,0,1,,,,,,1,1
canonical,CANONICAL — REPAIRED G2 OOF,1774,2591,adsorbate,zero_residual_v1,64,0,1,,,,,,1,1
canonical,CANONICAL — REPAIRED G2 OOF,1776,2593,adsorbate,zero_residual_v1,64,0,1,,,,,,1,1
canonical,CANONICAL — REPAIRED G2 OOF,1777,2597,adsorbate,zero_residual_v1,64,0,1,,,,,,1,1
canonical,CANONICAL — REPAIRED G2 OOF,1779,2599,adsorbate,zero_residual_v1,64,0,1,,,,,,1,1
canonical,CANONICAL — REPAIRED G2 OOF,1780,2600,adsorbate,zero_residual_v1,64,0,1,,,,,,1,1
canonical,CANONICAL — REPAIRED G2 OOF,1781,2604,interstitial,zero_residual_v1,64,0,1,,,,,,1,1
canonical,CANONICAL — REPAIRED G2 OOF,1782,2605,adsorbate,zero_residual_v1,64,0,1,,,,,,1,1
canonical,CANONICAL — REPAIRED G2 OOF,1783,2606,interstitial,zero_residual_v1,64,0,1,,,,,,1,1
canonical,CANONICAL — REPAIRED G2 OOF,1784,2607,interstitial,zero_residual_v1,64,0,1,,,,,,1,1
canonical,CANONICAL — REPAIRED G2 OOF,1785,2608,adsorbate,zero_residual_v1,64,0,1,,,,,,1,1
canonical,CANONICAL — REPAIRED G2 OOF,1786,2609,adsorbate,zero_residual_v1,64,0,1,,,,,,1,1
canonical,CANONICAL — REPAIRED G2 OOF,1787,2612,interstitial,zero_residual_v1,64,0,1,,,,,,1,1
canonical,CANONICAL — REPAIRED G2 OOF,1788,2613,adsorbate,zero_residual_v1,64,0,1,,,,,,1,1
canonical,CANONICAL — REPAIRED G2 OOF,1789,2616,adsorbate,zero_residual_v1,64,0,1,,,,,,1,1
canonical,CANONICAL — REPAIRED G2 OOF,1790,2617,adsorbate,zero_residual_v1,64,0,1,,,,,,1,1
canonical,CANONICAL — REPAIRED G2 OOF,1791,2618,adsorbate,zero_residual_v1,64,0,1,,,,,,1,1
canonical,CANONICAL — REPAIRED G2 OOF,1792,2619,interstitial,zero_residual_v1,64,0,1,,,,,,1,1
canonical,CANONICAL — REPAIRED G2 OOF,1793,2620,adsorbate,zero_residual_v1,64,0,1,,,,,,1,1
canonical,CANONICAL — REPAIRED G2 OOF,1795,2623,adsorbate,zero_residual_v1,64,0,1,,,,,,1,1
canonical,CANONICAL — REPAIRED G2 OOF,1796,2624,adsorbate,zero_residual_v1,64,0,1,,,,,,1,1
canonical,CANONICAL — REPAIRED G2 OOF,1797,2625,adsorbate,zero_residual_v1,64,0,1,,,,,,1,1
canonical,CANONICAL — REPAIRED G2 OOF,1798,2626,interstitial,zero_residual_v1,64,0,1,,,,,,1,1
canonical,CANONICAL — REPAIRED G2 OOF,1799,2627,interstitial,zero_residual_v1,64,0,1,,,,,,1,1
canonical,CANONICAL — REPAIRED G2 OOF,1800,2629,interstitial,zero_residual_v1,64,0,1,,,,,,1,1
canonical,CANONICAL — REPAIRED G2 OOF,1801,2630,adsorbate,zero_residual_v1,64,0,1,,,,,,1,1
canonical,CANONICAL — REPAIRED G2 OOF,1802,2631,interstitial,zero_residual_v1,64,0,1,,,,,,1,1
canonical,CANONICAL — REPAIRED G2 OOF,1803,2632,interstitial,zero_residual_v1,64,0,1,,,,,,1,1
canonical,CANONICAL — REPAIRED G2 OOF,1804,2634,interstitial,zero_residual_v1,64,0,1,,,,,,1,1
canonical,CANONICAL — REPAIRED G2 OOF,1805,2636,interstitial,zero_residual_v1,64,0,1,,,,,,1,1
canonical,CANONICAL — REPAIRED G2 OOF,1806,2638,adsorbate,zero_residual_v1,64,0,1,,,,,,1,1
canonical,CANONICAL — REPAIRED G2 OOF,1807,2639,interstitial,zero_residual_v1,64,0,1,,,,,,1,1
canonical,CANONICAL — REPAIRED G2 OOF,1808,2640,adsorbate,zero_residual_v1,64,0,1,,,,,,1,1
canonical,CANONICAL — REPAIRED G2 OOF,1809,2645,interstitial,zero_residual_v1,64,0,1,,,,,,1,1
canonical,CANONICAL — REPAIRED G2 OOF,1810,2646,adsorbate,zero_residual_v1,64,0,1,,,,,,1,1
canonical,CANONICAL — REPAIRED G2 OOF,1811,2647,adsorbate,zero_residual_v1,64,0,1,,,,,,1,1
canonical,CANONICAL — REPAIRED G2 OOF,1813,2649,interstitial,zero_residual_v1,64,0,1,,,,,,1,1
canonical,CANONICAL — REPAIRED G2 OOF,1814,2650,adsorbate,zero_residual_v1,64,0,1,,,,,,1,1
canonical,CANONICAL — REPAIRED G2 OOF,1815,2651,adsorbate,zero_residual_v1,64,0,1,,,,,,1,1
canonical,CANONICAL — REPAIRED G2 OOF,1816,2652,adsorbate,zero_residual_v1,64,0,1,,,,,,1,1
canonical,CANONICAL — REPAIRED G2 OOF,1817,2653,adsorbate,zero_residual_v1,64,0,1,,,,,,1,1
canonical,CANONICAL — REPAIRED G2 OOF,1818,2654,interstitial,zero_residual_v1,64,0,1,,,,,,1,1
canonical,CANONICAL — REPAIRED G2 OOF,1820,2657,interstitial,zero_residual_v1,64,0,1,,,,,,1,1
canonical,CANONICAL — REPAIRED G2 OOF,1821,2658,adsorbate,zero_residual_v1,64,0,1,,,,,,1,1
canonical,CANONICAL — REPAIRED G2 OOF,1822,2659,adsorbate,zero_residual_v1,64,0,1,,,,,,1,1
canonical,CANONICAL — REPAIRED G2 OOF,1823,2661,adsorbate,zero_residual_v1,64,0,1,,,,,,1,1
canonical,CANONICAL — REPAIRED G2 OOF,1824,2663,adsorbate,zero_residual_v1,64,0,1,,,,,,1,1
canonical,CANONICAL — REPAIRED G2 OOF,1825,2664,adsorbate,zero_residual_v1,64,0,1,,,,,,1,1
canonical,CANONICAL — REPAIRED G2 OOF,1826,2665,adsorbate,zero_residual_v1,64,0,1,,,,,,1,1
canonical,CANONICAL — REPAIRED G2 OOF,1827,2667,adsorbate,zero_residual_v1,64,0,1,,,,,,1,1
canonical,CANONICAL — REPAIRED G2 OOF,1828,2669,adsorbate,zero_residual_v1,64,0,1,,,,,,1,1
canonical,CANONICAL — REPAIRED G2 OOF,1829,2672,adsorbate,zero_residual_v1,64,0,1,,,,,,1,1
canonical,CANONICAL — REPAIRED G2 OOF,1830,2673,adsorbate,zero_residual_v1,64,0,1,,,,,,1,1
canonical,CANONICAL — REPAIRED G2 OOF,1831,2674,interstitial,zero_residual_v1,64,0,1,,,,,,1,1
canonical,CANONICAL — REPAIRED G2 OOF,1832,2676,interstitial,zero_residual_v1,64,0,1,,,,,,1,1
canonical,CANONICAL — REPAIRED G2 OOF,1833,2677,adsorbate,zero_residual_v1,64,0,1,,,,,,1,1
canonical,CANONICAL — REPAIRED G2 OOF,1835,2679,adsorbate,zero_residual_v1,64,0,1,,,,,,1,1
canonical,CANONICAL — REPAIRED G2 OOF,1836,2680,interstitial,zero_residual_v1,64,0,1,,,,,,1,1
canonical,CANONICAL — REPAIRED G2 OOF,1838,2683,interstitial,zero_residual_v1,64,0,1,,,,,,1,1
canonical,CANONICAL — REPAIRED G2 OOF,1839,2685,interstitial,zero_residual_v1,64,0,1,,,,,,1,1
canonical,CANONICAL — REPAIRED G2 OOF,1840,2686,adsorbate,zero_residual_v1,64,0,1,,,,,,1,1
canonical,CANONICAL — REPAIRED G2 OOF,1841,2687,interstitial,zero_residual_v1,64,0,1,,,,,,1,1
canonical,CANONICAL — REPAIRED G2 OOF,1842,2690,interstitial,zero_residual_v1,64,0,1,,,,,,1,1
canonical,CANONICAL — REPAIRED G2 OOF,1843,2691,interstitial,zero_residual_v1,64,0,1,,,,,,1,1
canonical,CANONICAL — REPAIRED G2 OOF,1844,2692,adsorbate,zero_residual_v1,64,0,1,,,,,,1,1
canonical,CANONICAL — REPAIRED G2 OOF,1845,2693,adsorbate,zero_residual_v1,64,0,1,,,,,,1,1
canonical,CANONICAL — REPAIRED G2 OOF,1846,2697,adsorbate,zero_residual_v1,64,0,1,,,,,,1,1
canonical,CANONICAL — REPAIRED G2 OOF,1848,2703,adsorbate,zero_residual_v1,64,0,1,,,,,,1,1
canonical,CANONICAL — REPAIRED G2 OOF,1849,2704,adsorbate,zero_residual_v1,64,0,1,,,,,,1,1
canonical,CANONICAL — REPAIRED G2 OOF,1850,2705,adsorbate,zero_residual_v1,64,0,1,,,,,,1,1
canonical,CANONICAL — REPAIRED G2 OOF,1851,2706,adsorbate,zero_residual_v1,64,0,1,,,,,,1,1
canonical,CANONICAL — REPAIRED G2 OOF,1852,2707,adsorbate,zero_residual_v1,64,0,1,,,,,,1,1
canonical,CANONICAL — REPAIRED G2 OOF,1853,2712,interstitial,zero_residual_v1,64,0,1,,,,,,1,1
canonical,CANONICAL — REPAIRED G2 OOF,1854,2714,adsorbate,zero_residual_v1,64,0,1,,,,,,1,1
canonical,CANONICAL — REPAIRED G2 OOF,1855,2715,adsorbate,zero_residual_v1,64,0,1,,,,,,1,1
canonical,CANONICAL — REPAIRED G2 OOF,1856,2716,adsorbate,zero_residual_v1,64,0,1,,,,,,1,1
canonical,CANONICAL — REPAIRED G2 OOF,1857,2718,adsorbate,zero_residual_v1,64,0,1,,,,,,1,1
canonical,CANONICAL — REPAIRED G2 OOF,1858,2719,adsorbate,zero_residual_v1,64,0,1,,,,,,1,1
canonical,CANONICAL — REPAIRED G2 OOF,1859,2720,adsorbate,zero_residual_v1,64,0,1,,,,,,1,1
canonical,CANONICAL — REPAIRED G2 OOF,1860,2722,interstitial,zero_residual_v1,64,0,1,,,,,,1,1
canonical,CANONICAL — REPAIRED G2 OOF,1862,2725,adsorbate,zero_residual_v1,64,0,1,,,,,,1,1
canonical,CANONICAL — REPAIRED G2 OOF,1863,2726,interstitial,zero_residual_v1,64,0,1,,,,,,1,1
canonical,CANONICAL — REPAIRED G2 OOF,1864,2728,adsorbate,zero_residual_v1,64,0,1,,,,,,1,1
canonical,CANONICAL — REPAIRED G2 OOF,1865,2729,interstitial,zero_residual_v1,64,0,1,,,,,,1,1
canonical,CANONICAL — REPAIRED G2 OOF,1866,2730,adsorbate,zero_residual_v1,64,0,1,,,,,,1,1
canonical,CANONICAL — REPAIRED G2 OOF,1867,2732,adsorbate,zero_residual_v1,64,0,1,,,,,,1,1
canonical,CANONICAL — REPAIRED G2 OOF,1868,2733,interstitial,zero_residual_v1,64,0,1,,,,,,1,1
canonical,CANONICAL — REPAIRED G2 OOF,1869,2735,adsorbate,zero_residual_v1,64,0,1,,,,,,1,1
canonical,CANONICAL — REPAIRED G2 OOF,1870,2737,adsorbate,zero_residual_v1,64,0,1,,,,,,1,1
canonical,CANONICAL — REPAIRED G2 OOF,1871,2738,adsorbate,zero_residual_v1,64,0,1,,,,,,1,1
canonical,CANONICAL — REPAIRED G2 OOF,1872,2739,adsorbate,zero_residual_v1,64,0,1,,,,,,1,1
canonical,CANONICAL — REPAIRED G2 OOF,1873,2741,adsorbate,zero_residual_v1,64,0,1,,,,,,1,1
canonical,CANONICAL — REPAIRED G2 OOF,1874,2742,adsorbate,zero_residual_v1,64,0,1,,,,,,1,1
canonical,CANONICAL — REPAIRED G2 OOF,1875,2743,adsorbate,zero_residual_v1,64,0,1,,,,,,1,1
canonical,CANONICAL — REPAIRED G2 OOF,1876,2745,interstitial,zero_residual_v1,64,0,1,,,,,,1,1
canonical,CANONICAL — REPAIRED G2 OOF,1877,2747,interstitial,zero_residual_v1,64,0,1,,,,,,1,1
canonical,CANONICAL — REPAIRED G2 OOF,1879,2749,interstitial,zero_residual_v1,64,0,1,,,,,,1,1
canonical,CANONICAL — REPAIRED G2 OOF,1880,2750,interstitial,zero_residual_v1,64,0,1,,,,,,1,1
canonical,CANONICAL — REPAIRED G2 OOF,1881,2752,adsorbate,zero_residual_v1,64,0,1,,,,,,1,1
canonical,CANONICAL — REPAIRED G2 OOF,1882,2753,adsorbate,zero_residual_v1,64,0,1,,,,,,1,1
canonical,CANONICAL — REPAIRED G2 OOF,1883,2755,interstitial,zero_residual_v1,64,0,1,,,,,,1,1
canonical,CANONICAL — REPAIRED G2 OOF,1884,2756,interstitial,zero_residual_v1,64,0,1,,,,,,1,1
canonical,CANONICAL — REPAIRED G2 OOF,1885,2757,adsorbate,zero_residual_v1,64,0,1,,,,,,1,1
canonical,CANONICAL — REPAIRED G2 OOF,1886,2758,adsorbate,zero_residual_v1,64,0,1,,,,,,1,1
canonical,CANONICAL — REPAIRED G2 OOF,1887,2759,interstitial,zero_residual_v1,64,0,1,,,,,,1,1
canonical,CANONICAL — REPAIRED G2 OOF,1888,2760,adsorbate,zero_residual_v1,64,0,1,,,,,,1,1
canonical,CANONICAL — REPAIRED G2 OOF,1889,2761,adsorbate,zero_residual_v1,64,0,1,,,,,,1,1
canonical,CANONICAL — REPAIRED G2 OOF,1890,2762,adsorbate,zero_residual_v1,64,0,1,,,,,,1,1
canonical,CANONICAL — REPAIRED G2 OOF,1891,2763,adsorbate,zero_residual_v1,64,0,1,,,,,,1,1
canonical,CANONICAL — REPAIRED G2 OOF,1892,2765,adsorbate,zero_residual_v1,64,0,1,,,,,,1,1
canonical,CANONICAL — REPAIRED G2 OOF,1893,2766,adsorbate,zero_residual_v1,64,0,1,,,,,,1,1
canonical,CANONICAL — REPAIRED G2 OOF,1894,2769,interstitial,zero_residual_v1,64,0,1,,,,,,1,1
canonical,CANONICAL — REPAIRED G2 OOF,1895,2770,interstitial,zero_residual_v1,64,0,1,,,,,,1,1
canonical,CANONICAL — REPAIRED G2 OOF,1896,2771,adsorbate,zero_residual_v1,64,0,1,,,,,,1,1
canonical,CANONICAL — REPAIRED G2 OOF,1897,2774,adsorbate,zero_residual_v1,64,0,1,,,,,,1,1
canonical,CANONICAL — REPAIRED G2 OOF,1898,2776,adsorbate,zero_residual_v1,64,0,1,,,,,,1,1
canonical,CANONICAL — REPAIRED G2 OOF,1899,2778,adsorbate,zero_residual_v1,64,0,1,,,,,,1,1
canonical,CANONICAL — REPAIRED G2 OOF,1900,2780,interstitial,zero_residual_v1,64,0,1,,,,,,1,1
canonical,CANONICAL — REPAIRED G2 OOF,1901,2782,adsorbate,zero_residual_v1,64,0,1,,,,,,1,1
canonical,CANONICAL — REPAIRED G2 OOF,1902,2783,interstitial,zero_residual_v1,64,0,1,,,,,,1,1
canonical,CANONICAL — REPAIRED G2 OOF,1903,2784,adsorbate,zero_residual_v1,64,0,1,,,,,,1,1
canonical,CANONICAL — REPAIRED G2 OOF,1904,2785,adsorbate,zero_residual_v1,64,0,1,,,,,,1,1
canonical,CANONICAL — REPAIRED G2 OOF,1905,2786,interstitial,zero_residual_v1,64,0,1,,,,,,1,1
canonical,CANONICAL — REPAIRED G2 OOF,1906,2787,adsorbate,zero_residual_v1,64,0,1,,,,,,1,1
canonical,CANONICAL — REPAIRED G2 OOF,1907,2788,adsorbate,zero_residual_v1,64,0,1,,,,,,1,1
canonical,CANONICAL — REPAIRED G2 OOF,1909,2790,interstitial,zero_residual_v1,64,0,1,,,,,,1,1
canonical,CANONICAL — REPAIRED G2 OOF,1910,2793,interstitial,zero_residual_v1,64,0,1,,,,,,1,1
canonical,CANONICAL — REPAIRED G2 OOF,1911,2795,adsorbate,zero_residual_v1,64,0,1,,,,,,1,1
canonical,CANONICAL — REPAIRED G2 OOF,1912,2798,adsorbate,zero_residual_v1,64,0,1,,,,,,1,1
canonical,CANONICAL — REPAIRED G2 OOF,1913,2799,adsorbate,zero_residual_v1,64,0,1,,,,,,1,1
canonical,CANONICAL — REPAIRED G2 OOF,1914,2800,adsorbate,zero_residual_v1,64,0,1,,,,,,1,1
canonical,CANONICAL — REPAIRED G2 OOF,1915,2801,adsorbate,zero_residual_v1,64,0,1,,,,,,1,1
canonical,CANONICAL — REPAIRED G2 OOF,1916,2802,adsorbate,zero_residual_v1,64,0,1,,,,,,1,1
canonical,CANONICAL — REPAIRED G2 OOF,1917,2803,adsorbate,zero_residual_v1,64,0,1,,,,,,1,1
canonical,CANONICAL — REPAIRED G2 OOF,1918,2804,adsorbate,zero_residual_v1,64,0,1,,,,,,1,1
canonical,CANONICAL — REPAIRED G2 OOF,1919,2806,adsorbate,zero_residual_v1,64,0,1,,,,,,1,1
canonical,CANONICAL — REPAIRED G2 OOF,1920,2809,interstitial,zero_residual_v1,64,0,1,,,,,,1,1
canonical,CANONICAL — REPAIRED G2 OOF,1921,2811,adsorbate,zero_residual_v1,64,0,1,,,,,,1,1
canonical,CANONICAL — REPAIRED G2 OOF,1922,2812,adsorbate,zero_residual_v1,64,0,1,,,,,,1,1
canonical,CANONICAL — REPAIRED G2 OOF,1923,2813,adsorbate,zero_residual_v1,64,0,1,,,,,,1,1
canonical,CANONICAL — REPAIRED G2 OOF,1924,2814,adsorbate,zero_residual_v1,64,0,1,,,,,,1,1
canonical,CANONICAL — REPAIRED G2 OOF,1925,2816,adsorbate,zero_residual_v1,64,0,1,,,,,,1,1
canonical,CANONICAL — REPAIRED G2 OOF,1926,2817,interstitial,zero_residual_v1,64,0,1,,,,,,1,1
canonical,CANONICAL — REPAIRED G2 OOF,1927,2819,interstitial,zero_residual_v1,64,0,1,,,,,,1,1
canonical,CANONICAL — REPAIRED G2 OOF,1928,2820,adsorbate,zero_residual_v1,64,0,1,,,,,,1,1
canonical,CANONICAL — REPAIRED G2 OOF,1929,2821,interstitial,zero_residual_v1,64,0,1,,,,,,1,1
canonical,CANONICAL — REPAIRED G2 OOF,1930,2824,interstitial,zero_residual_v1,64,0,1,,,,,,1,1
canonical,CANONICAL — REPAIRED G2 OOF,1931,2825,adsorbate,zero_residual_v1,64,0,1,,,,,,1,1
canonical,CANONICAL — REPAIRED G2 OOF,1932,2827,interstitial,zero_residual_v1,64,0,1,,,,,,1,1
canonical,CANONICAL — REPAIRED G2 OOF,1933,2828,interstitial,zero_residual_v1,64,0,1,,,,,,1,1
canonical,CANONICAL — REPAIRED G2 OOF,1934,2829,adsorbate,zero_residual_v1,64,0,1,,,,,,1,1
canonical,CANONICAL — REPAIRED G2 OOF,1935,2830,adsorbate,zero_residual_v1,64,0,1,,,,,,1,1
canonical,CANONICAL — REPAIRED G2 OOF,1936,2832,interstitial,zero_residual_v1,64,0,1,,,,,,1,1
canonical,CANONICAL — REPAIRED G2 OOF,1937,2833,adsorbate,zero_residual_v1,64,0,1,,,,,,1,1
canonical,CANONICAL — REPAIRED G2 OOF,1938,2834,interstitial,zero_residual_v1,64,0,1,,,,,,1,1
canonical,CANONICAL — REPAIRED G2 OOF,1939,2839,interstitial,zero_residual_v1,64,0,1,,,,,,1,1
canonical,CANONICAL — REPAIRED G2 OOF,1940,2840,interstitial,zero_residual_v1,64,0,1,,,,,,1,1
canonical,CANONICAL — REPAIRED G2 OOF,1941,2841,interstitial,zero_residual_v1,64,0,1,,,,,,1,1
canonical,CANONICAL — REPAIRED G2 OOF,1942,2842,interstitial,zero_residual_v1,64,0,1,,,,,,1,1
canonical,CANONICAL — REPAIRED G2 OOF,1943,2843,adsorbate,zero_residual_v1,64,0,1,,,,,,1,1
canonical,CANONICAL — REPAIRED G2 OOF,1944,2844,adsorbate,zero_residual_v1,64,0,1,,,,,,1,1
canonical,CANONICAL — REPAIRED G2 OOF,1945,2845,adsorbate,zero_residual_v1,64,0,1,,,,,,1,1
canonical,CANONICAL — REPAIRED G2 OOF,1946,2847,adsorbate,zero_residual_v1,64,0,1,,,,,,1,1
canonical,CANONICAL — REPAIRED G2 OOF,1947,2848,interstitial,zero_residual_v1,64,0,1,,,,,,1,1
canonical,CANONICAL — REPAIRED G2 OOF,1948,2849,adsorbate,zero_residual_v1,64,0,1,,,,,,1,1
canonical,CANONICAL — REPAIRED G2 OOF,1949,2850,adsorbate,zero_residual_v1,64,0,1,,,,,,1,1
canonical,CANONICAL — REPAIRED G2 OOF,1950,2852,adsorbate,zero_residual_v1,64,0,1,,,,,,1,1
canonical,CANONICAL — REPAIRED G2 OOF,1951,2853,adsorbate,zero_residual_v1,64,0,1,,,,,,1,1
canonical,CANONICAL — REPAIRED G2 OOF,1952,2854,adsorbate,zero_residual_v1,64,0,1,,,,,,1,1
canonical,CANONICAL — REPAIRED G2 OOF,1953,2855,adsorbate,zero_residual_v1,64,0,1,,,,,,1,1
canonical,CANONICAL — REPAIRED G2 OOF,1954,2857,adsorbate,zero_residual_v1,64,0,1,,,,,,1,1
canonical,CANONICAL — REPAIRED G2 OOF,1955,2858,adsorbate,zero_residual_v1,64,0,1,,,,,,1,1
canonical,CANONICAL — REPAIRED G2 OOF,1956,2861,adsorbate,zero_residual_v1,64,0,1,,,,,,1,1
canonical,CANONICAL — REPAIRED G2 OOF,1957,2862,adsorbate,zero_residual_v1,64,0,1,,,,,,1,1
canonical,CANONICAL — REPAIRED G2 OOF,1959,2866,interstitial,zero_residual_v1,64,0,1,,,,,,1,1
canonical,CANONICAL — REPAIRED G2 OOF,1960,2867,interstitial,zero_residual_v1,64,0,1,,,,,,1,1
canonical,CANONICAL — REPAIRED G2 OOF,1961,2869,adsorbate,zero_residual_v1,64,0,1,,,,,,1,1
canonical,CANONICAL — REPAIRED G2 OOF,1962,2871,interstitial,zero_residual_v1,64,0,1,,,,,,1,1
canonical,CANONICAL — REPAIRED G2 OOF,1963,2872,interstitial,zero_residual_v1,64,0,1,,,,,,1,1
canonical,CANONICAL — REPAIRED G2 OOF,1964,2873,interstitial,zero_residual_v1,64,0,1,,,,,,1,1
canonical,CANONICAL — REPAIRED G2 OOF,1965,2874,adsorbate,zero_residual_v1,64,0,1,,,,,,1,1
canonical,CANONICAL — REPAIRED G2 OOF,1966,2875,adsorbate,zero_residual_v1,64,0,1,,,,,,1,1
canonical,CANONICAL — REPAIRED G2 OOF,1967,2876,adsorbate,zero_residual_v1,64,0,1,,,,,,1,1
canonical,CANONICAL — REPAIRED G2 OOF,1968,2878,interstitial,zero_residual_v1,64,0,1,,,,,,1,1
canonical,CANONICAL — REPAIRED G2 OOF,1969,2879,adsorbate,zero_residual_v1,64,0,1,,,,,,1,1
canonical,CANONICAL — REPAIRED G2 OOF,1970,2880,interstitial,zero_residual_v1,64,0,1,,,,,,1,1
canonical,CANONICAL — REPAIRED G2 OOF,1971,2885,interstitial,zero_residual_v1,64,0,1,,,,,,1,1
canonical,CANONICAL — REPAIRED G2 OOF,1972,2886,adsorbate,zero_residual_v1,64,0,1,,,,,,1,1
canonical,CANONICAL — REPAIRED G2 OOF,1973,2887,interstitial,zero_residual_v1,64,0,1,,,,,,1,1
canonical,CANONICAL — REPAIRED G2 OOF,1974,2888,adsorbate,zero_residual_v1,64,0,1,,,,,,1,1
canonical,CANONICAL — REPAIRED G2 OOF,1975,2889,adsorbate,zero_residual_v1,64,0,1,,,,,,1,1
canonical,CANONICAL — REPAIRED G2 OOF,1976,2891,interstitial,zero_residual_v1,64,0,1,,,,,,1,1
canonical,CANONICAL — REPAIRED G2 OOF,1977,2892,interstitial,zero_residual_v1,64,0,1,,,,,,1,1
canonical,CANONICAL — REPAIRED G2 OOF,1979,2894,adsorbate,zero_residual_v1,64,0,1,,,,,,1,1
canonical,CANONICAL — REPAIRED G2 OOF,1980,2895,adsorbate,zero_residual_v1,64,0,1,,,,,,1,1
canonical,CANONICAL — REPAIRED G2 OOF,1981,2896,interstitial,zero_residual_v1,64,0,1,,,,,,1,1
canonical,CANONICAL — REPAIRED G2 OOF,1984,2899,interstitial,zero_residual_v1,64,0,1,,,,,,1,1
canonical,CANONICAL — REPAIRED G2 OOF,1985,2901,adsorbate,zero_residual_v1,64,0,1,,,,,,1,1
canonical,CANONICAL — REPAIRED G2 OOF,1986,2902,adsorbate,zero_residual_v1,64,0,1,,,,,,1,1
canonical,CANONICAL — REPAIRED G2 OOF,1987,2903,adsorbate,zero_residual_v1,64,0,1,,,,,,1,1
canonical,CANONICAL — REPAIRED G2 OOF,1988,2904,adsorbate,zero_residual_v1,64,0,1,,,,,,1,1
canonical,CANONICAL — REPAIRED G2 OOF,1989,2907,interstitial,zero_residual_v1,64,0,1,,,,,,1,1
canonical,CANONICAL — REPAIRED G2 OOF,1990,2908,adsorbate,zero_residual_v1,64,0,1,,,,,,1,1
canonical,CANONICAL — REPAIRED G2 OOF,1991,2909,interstitial,zero_residual_v1,64,0,1,,,,,,1,1
canonical,CANONICAL — REPAIRED G2 OOF,1992,2914,adsorbate,zero_residual_v1,64,0,1,,,,,,1,1
canonical,CANONICAL — REPAIRED G2 OOF,1993,2915,interstitial,zero_residual_v1,64,0,1,,,,,,1,1
canonical,CANONICAL — REPAIRED G2 OOF,1994,2917,interstitial,zero_residual_v1,64,0,1,,,,,,1,1
canonical,CANONICAL — REPAIRED G2 OOF,1995,2918,interstitial,zero_residual_v1,64,0,1,,,,,,1,1
canonical,CANONICAL — REPAIRED G2 OOF,1996,2920,adsorbate,zero_residual_v1,64,0,1,,,,,,1,1
canonical,CANONICAL — REPAIRED G2 OOF,1997,2921,adsorbate,zero_residual_v1,64,0,1,,,,,,1,1
canonical,CANONICAL — REPAIRED G2 OOF,1998,2924,adsorbate,zero_residual_v1,64,0,1,,,,,,1,1
canonical,CANONICAL — REPAIRED G2 OOF,1999,2926,adsorbate,zero_residual_v1,64,0,1,,,,,,1,1
canonical,CANONICAL — REPAIRED G2 OOF,2000,2927,adsorbate,zero_residual_v1,64,0,1,,,,,,1,1
canonical,CANONICAL — REPAIRED G2 OOF,2001,2931,adsorbate,zero_residual_v1,64,0,1,,,,,,1,1
canonical,CANONICAL — REPAIRED G2 OOF,2002,2932,adsorbate,zero_residual_v1,64,0,1,,,,,,1,1
canonical,CANONICAL — REPAIRED G2 OOF,2003,2934,adsorbate,zero_residual_v1,64,0,1,,,,,,1,1
canonical,CANONICAL — REPAIRED G2 OOF,2004,2937,adsorbate,zero_residual_v1,64,0,1,,,,,,1,1
canonical,CANONICAL — REPAIRED G2 OOF,2005,2938,interstitial,zero_residual_v1,64,0,1,,,,,,1,1
canonical,CANONICAL — REPAIRED G2 OOF,2006,2941,adsorbate,zero_residual_v1,64,0,1,,,,,,1,1
canonical,CANONICAL — REPAIRED G2 OOF,2007,2943,adsorbate,zero_residual_v1,64,0,1,,,,,,1,1
canonical,CANONICAL — REPAIRED G2 OOF,2008,2944,adsorbate,zero_residual_v1,64,0,1,,,,,,1,1
canonical,CANONICAL — REPAIRED G2 OOF,2009,2945,interstitial,zero_residual_v1,64,0,1,,,,,,1,1
canonical,CANONICAL — REPAIRED G2 OOF,2010,2946,adsorbate,zero_residual_v1,64,0,1,,,,,,1,1
canonical,CANONICAL — REPAIRED G2 OOF,2011,2947,adsorbate,zero_residual_v1,64,0,1,,,,,,1,1
canonical,CANONICAL — REPAIRED G2 OOF,2012,2948,adsorbate,zero_residual_v1,64,0,1,,,,,,1,1
canonical,CANONICAL — REPAIRED G2 OOF,2013,2949,adsorbate,zero_residual_v1,64,0,1,,,,,,1,1
canonical,CANONICAL — REPAIRED G2 OOF,2014,2950,interstitial,zero_residual_v1,64,0,1,,,,,,1,1
canonical,CANONICAL — REPAIRED G2 OOF,2015,2951,interstitial,zero_residual_v1,64,0,1,,,,,,1,1
canonical,CANONICAL — REPAIRED G2 OOF,2016,2952,interstitial,zero_residual_v1,64,0,1,,,,,,1,1
canonical,CANONICAL — REPAIRED G2 OOF,2017,2957,interstitial,zero_residual_v1,64,0,1,,,,,,1,1
canonical,CANONICAL — REPAIRED G2 OOF,2018,2959,interstitial,zero_residual_v1,64,0,1,,,,,,1,1
canonical,CANONICAL — REPAIRED G2 OOF,2019,2962,adsorbate,zero_residual_v1,64,0,1,,,,,,1,1
canonical,CANONICAL — REPAIRED G2 OOF,2020,2963,interstitial,zero_residual_v1,64,0,1,,,,,,1,1
canonical,CANONICAL — REPAIRED G2 OOF,2021,2965,adsorbate,zero_residual_v1,64,0,1,,,,,,1,1
canonical,CANONICAL — REPAIRED G2 OOF,2022,2966,interstitial,zero_residual_v1,64,0,1,,,,,,1,1
canonical,CANONICAL — REPAIRED G2 OOF,2023,2968,adsorbate,zero_residual_v1,64,0,1,,,,,,1,1
canonical,CANONICAL — REPAIRED G2 OOF,2024,2969,interstitial,zero_residual_v1,64,0,1,,,,,,1,1
canonical,CANONICAL — REPAIRED G2 OOF,2025,2970,adsorbate,zero_residual_v1,64,0,1,,,,,,1,1
canonical,CANONICAL — REPAIRED G2 OOF,2026,2971,interstitial,zero_residual_v1,64,0,1,,,,,,1,1
canonical,CANONICAL — REPAIRED G2 OOF,2027,2972,adsorbate,zero_residual_v1,64,0,1,,,,,,1,1
canonical,CANONICAL — REPAIRED G2 OOF,2028,2973,adsorbate,zero_residual_v1,64,0,1,,,,,,1,1
canonical,CANONICAL — REPAIRED G2 OOF,2029,2976,interstitial,zero_residual_v1,64,0,1,,,,,,1,1
canonical,CANONICAL — REPAIRED G2 OOF,2030,2977,interstitial,zero_residual_v1,64,0,1,,,,,,1,1
canonical,CANONICAL — REPAIRED G2 OOF,2031,2978,interstitial,zero_residual_v1,64,0,1,,,,,,1,1
canonical,CANONICAL — REPAIRED G2 OOF,2032,2980,interstitial,zero_residual_v1,64,0,1,,,,,,1,1
canonical,CANONICAL — REPAIRED G2 OOF,2033,2981,interstitial,zero_residual_v1,64,0,1,,,,,,1,1
canonical,CANONICAL — REPAIRED G2 OOF,2034,2982,adsorbate,zero_residual_v1,64,0,1,,,,,,1,1
canonical,CANONICAL — REPAIRED G2 OOF,2035,2983,adsorbate,zero_residual_v1,64,0,1,,,,,,1,1
canonical,CANONICAL — REPAIRED G2 OOF,2036,2984,interstitial,zero_residual_v1,64,0,1,,,,,,1,1
canonical,CANONICAL — REPAIRED G2 OOF,2037,2985,adsorbate,zero_residual_v1,64,0,1,,,,,,1,1
canonical,CANONICAL — REPAIRED G2 OOF,2038,2986,adsorbate,zero_residual_v1,64,0,1,,,,,,1,1
canonical,CANONICAL — REPAIRED G2 OOF,2039,2988,adsorbate,zero_residual_v1,64,0,1,,,,,,1,1
canonical,CANONICAL — REPAIRED G2 OOF,2040,2990,interstitial,zero_residual_v1,64,0,1,,,,,,1,1
canonical,CANONICAL — REPAIRED G2 OOF,2041,2992,interstitial,zero_residual_v1,64,0,1,,,,,,1,1
canonical,CANONICAL — REPAIRED G2 OOF,2042,2993,adsorbate,zero_residual_v1,64,0,1,,,,,,1,1
canonical,CANONICAL — REPAIRED G2 OOF,2043,2995,adsorbate,zero_residual_v1,64,0,1,,,,,,1,1
canonical,CANONICAL — REPAIRED G2 OOF,2044,2996,adsorbate,zero_residual_v1,64,0,1,,,,,,1,1
canonical,CANONICAL — REPAIRED G2 OOF,2045,2997,interstitial,zero_residual_v1,64,0,1,,,,,,1,1
canonical,CANONICAL — REPAIRED G2 OOF,2046,2999,adsorbate,zero_residual_v1,64,0,1,,,,,,1,1
canonical,CANONICAL — REPAIRED G2 OOF,2047,3000,interstitial,zero_residual_v1,64,0,1,,,,,,1,1
canonical,CANONICAL — REPAIRED G2 OOF,2048,3001,interstitial,zero_residual_v1,64,0,1,,,,,,1,1
canonical,CANONICAL — REPAIRED G2 OOF,2049,3002,adsorbate,zero_residual_v1,64,0,1,,,,,,1,1
canonical,CANONICAL — REPAIRED G2 OOF,2050,3003,interstitial,zero_residual_v1,64,0,1,,,,,,1,1
canonical,CANONICAL — REPAIRED G2 OOF,2052,3006,interstitial,zero_residual_v1,64,0,1,,,,,,1,1
canonical,CANONICAL — REPAIRED G2 OOF,2053,3007,interstitial,zero_residual_v1,64,0,1,,,,,,1,1
canonical,CANONICAL — REPAIRED G2 OOF,2054,3008,adsorbate,zero_residual_v1,64,0,1,,,,,,1,1
canonical,CANONICAL — REPAIRED G2 OOF,2055,3010,adsorbate,zero_residual_v1,64,0,1,,,,,,1,1
canonical,CANONICAL — REPAIRED G2 OOF,2056,3012,adsorbate,zero_residual_v1,64,0,1,,,,,,1,1
canonical,CANONICAL — REPAIRED G2 OOF,2057,3014,adsorbate,zero_residual_v1,64,0,1,,,,,,1,1
canonical,CANONICAL — REPAIRED G2 OOF,2058,3017,adsorbate,zero_residual_v1,64,0,1,,,,,,1,1
canonical,CANONICAL — REPAIRED G2 OOF,2059,3018,interstitial,zero_residual_v1,64,0,1,,,,,,1,1
canonical,CANONICAL — REPAIRED G2 OOF,2060,3019,adsorbate,zero_residual_v1,64,0,1,,,,,,1,1
canonical,CANONICAL — REPAIRED G2 OOF,2061,3020,adsorbate,zero_residual_v1,64,0,1,,,,,,1,1
canonical,CANONICAL — REPAIRED G2 OOF,2062,3022,interstitial,zero_residual_v1,64,0,1,,,,,,1,1
canonical,CANONICAL — REPAIRED G2 OOF,2063,3023,adsorbate,zero_residual_v1,64,0,1,,,,,,1,1
canonical,CANONICAL — REPAIRED G2 OOF,2064,3025,interstitial,zero_residual_v1,64,0,1,,,,,,1,1
canonical,CANONICAL — REPAIRED G2 OOF,2065,3026,adsorbate,zero_residual_v1,64,0,1,,,,,,1,1
canonical,CANONICAL — REPAIRED G2 OOF,2066,3029,interstitial,zero_residual_v1,64,0,1,,,,,,1,1
canonical,CANONICAL — REPAIRED G2 OOF,2067,3031,interstitial,zero_residual_v1,64,0,1,,,,,,1,1
canonical,CANONICAL — REPAIRED G2 OOF,2068,3032,adsorbate,zero_residual_v1,64,0,1,,,,,,1,1
canonical,CANONICAL — REPAIRED G2 OOF,2069,3034,adsorbate,zero_residual_v1,64,0,1,,,,,,1,1
canonical,CANONICAL — REPAIRED G2 OOF,2070,3035,interstitial,zero_residual_v1,64,0,1,,,,,,1,1
canonical,CANONICAL — REPAIRED G2 OOF,2071,3036,adsorbate,zero_residual_v1,64,0,1,,,,,,1,1
canonical,CANONICAL — REPAIRED G2 OOF,2072,3037,interstitial,zero_residual_v1,64,0,1,,,,,,1,1
canonical,CANONICAL — REPAIRED G2 OOF,2073,3038,adsorbate,zero_residual_v1,64,0,1,,,,,,1,1
canonical,CANONICAL — REPAIRED G2 OOF,2074,3039,adsorbate,zero_residual_v1,64,0,1,,,,,,1,1
canonical,CANONICAL — REPAIRED G2 OOF,2075,3040,adsorbate,zero_residual_v1,64,0,1,,,,,,1,1
canonical,CANONICAL — REPAIRED G2 OOF,2076,3041,adsorbate,zero_residual_v1,64,0,1,,,,,,1,1
canonical,CANONICAL — REPAIRED G2 OOF,2077,3042,adsorbate,zero_residual_v1,64,0,1,,,,,,1,1
canonical,CANONICAL — REPAIRED G2 OOF,2078,3043,interstitial,zero_residual_v1,64,0,1,,,,,,1,1
canonical,CANONICAL — REPAIRED G2 OOF,2079,3044,adsorbate,zero_residual_v1,64,0,1,,,,,,1,1
canonical,CANONICAL — REPAIRED G2 OOF,2080,3045,interstitial,zero_residual_v1,64,0,1,,,,,,1,1
canonical,CANONICAL — REPAIRED G2 OOF,2081,3046,adsorbate,zero_residual_v1,64,0,1,,,,,,1,1
canonical,CANONICAL — REPAIRED G2 OOF,2082,3047,interstitial,zero_residual_v1,64,0,1,,,,,,1,1
canonical,CANONICAL — REPAIRED G2 OOF,2083,3048,interstitial,zero_residual_v1,64,0,1,,,,,,1,1
canonical,CANONICAL — REPAIRED G2 OOF,2084,3049,adsorbate,zero_residual_v1,64,0,1,,,,,,1,1
canonical,CANONICAL — REPAIRED G2 OOF,2085,3051,interstitial,zero_residual_v1,64,0,1,,,,,,1,1
canonical,CANONICAL — REPAIRED G2 OOF,2087,3054,adsorbate,zero_residual_v1,64,0,1,,,,,,1,1
canonical,CANONICAL — REPAIRED G2 OOF,2088,3056,adsorbate,zero_residual_v1,64,0,1,,,,,,1,1
canonical,CANONICAL — REPAIRED G2 OOF,2089,3057,adsorbate,zero_residual_v1,64,0,1,,,,,,1,1
canonical,CANONICAL — REPAIRED G2 OOF,2090,3058,adsorbate,zero_residual_v1,64,0,1,,,,,,1,1
canonical,CANONICAL — REPAIRED G2 OOF,2091,3059,adsorbate,zero_residual_v1,64,0,1,,,,,,1,1
canonical,CANONICAL — REPAIRED G2 OOF,2092,3060,adsorbate,zero_residual_v1,64,0,1,,,,,,1,1
canonical,CANONICAL — REPAIRED G2 OOF,2093,3061,interstitial,zero_residual_v1,64,0,1,,,,,,1,1
canonical,CANONICAL — REPAIRED G2 OOF,2095,3064,adsorbate,zero_residual_v1,64,0,1,,,,,,1,1
canonical,CANONICAL — REPAIRED G2 OOF,2096,3065,adsorbate,zero_residual_v1,64,0,1,,,,,,1,1
canonical,CANONICAL — REPAIRED G2 OOF,2097,3066,adsorbate,zero_residual_v1,64,0,1,,,,,,1,1
canonical,CANONICAL — REPAIRED G2 OOF,2098,3067,interstitial,zero_residual_v1,64,0,1,,,,,,1,1
canonical,CANONICAL — REPAIRED G2 OOF,2099,3069,interstitial,zero_residual_v1,64,0,1,,,,,,1,1
canonical,CANONICAL — REPAIRED G2 OOF,2100,3071,adsorbate,zero_residual_v1,64,0,1,,,,,,1,1
canonical,CANONICAL — REPAIRED G2 OOF,2102,3074,adsorbate,zero_residual_v1,64,0,1,,,,,,1,1
canonical,CANONICAL — REPAIRED G2 OOF,2103,3078,adsorbate,zero_residual_v1,64,0,1,,,,,,1,1
canonical,CANONICAL — REPAIRED G2 OOF,2104,3080,interstitial,zero_residual_v1,64,0,1,,,,,,1,1
canonical,CANONICAL — REPAIRED G2 OOF,2105,3081,interstitial,zero_residual_v1,64,0,1,,,,,,1,1
canonical,CANONICAL — REPAIRED G2 OOF,2107,3083,adsorbate,zero_residual_v1,64,0,1,,,,,,1,1
canonical,CANONICAL — REPAIRED G2 OOF,2108,3084,interstitial,zero_residual_v1,64,0,1,,,,,,1,1
canonical,CANONICAL — REPAIRED G2 OOF,2109,3085,adsorbate,zero_residual_v1,64,0,1,,,,,,1,1
canonical,CANONICAL — REPAIRED G2 OOF,2110,3087,adsorbate,zero_residual_v1,64,0,1,,,,,,1,1
canonical,CANONICAL — REPAIRED G2 OOF,2111,3088,interstitial,zero_residual_v1,64,0,1,,,,,,1,1
canonical,CANONICAL — REPAIRED G2 OOF,2112,3090,adsorbate,zero_residual_v1,64,0,1,,,,,,1,1
canonical,CANONICAL — REPAIRED G2 OOF,2113,3091,adsorbate,zero_residual_v1,64,0,1,,,,,,1,1
canonical,CANONICAL — REPAIRED G2 OOF,2115,3094,adsorbate,zero_residual_v1,64,0,1,,,,,,1,1
canonical,CANONICAL — REPAIRED G2 OOF,2116,3096,adsorbate,zero_residual_v1,64,0,1,,,,,,1,1
canonical,CANONICAL — REPAIRED G2 OOF,2117,3098,adsorbate,zero_residual_v1,64,0,1,,,,,,1,1
canonical,CANONICAL — REPAIRED G2 OOF,2118,3100,adsorbate,zero_residual_v1,64,0,1,,,,,,1,1
canonical,CANONICAL — REPAIRED G2 OOF,2119,3101,interstitial,zero_residual_v1,64,0,1,,,,,,1,1
canonical,CANONICAL — REPAIRED G2 OOF,2120,3102,interstitial,zero_residual_v1,64,0,1,,,,,,1,1
canonical,CANONICAL — REPAIRED G2 OOF,2121,3103,adsorbate,zero_residual_v1,64,0,1,,,,,,1,1
canonical,CANONICAL — REPAIRED G2 OOF,2122,3104,adsorbate,zero_residual_v1,64,0,1,,,,,,1,1
canonical,CANONICAL — REPAIRED G2 OOF,2123,3107,interstitial,zero_residual_v1,64,0,1,,,,,,1,1
canonical,CANONICAL — REPAIRED G2 OOF,2124,3108,adsorbate,zero_residual_v1,64,0,1,,,,,,1,1
canonical,CANONICAL — REPAIRED G2 OOF,2125,3110,adsorbate,zero_residual_v1,64,0,1,,,,,,1,1
canonical,CANONICAL — REPAIRED G2 OOF,2126,3111,interstitial,zero_residual_v1,64,0,1,,,,,,1,1
canonical,CANONICAL — REPAIRED G2 OOF,2127,3112,adsorbate,zero_residual_v1,64,0,1,,,,,,1,1
canonical,CANONICAL — REPAIRED G2 OOF,2128,3113,interstitial,zero_residual_v1,64,0,1,,,,,,1,1
canonical,CANONICAL — REPAIRED G2 OOF,2129,3114,interstitial,zero_residual_v1,64,0,1,,,,,,1,1
canonical,CANONICAL — REPAIRED G2 OOF,2130,3116,adsorbate,zero_residual_v1,64,0,1,,,,,,1,1
canonical,CANONICAL — REPAIRED G2 OOF,2131,3117,adsorbate,zero_residual_v1,64,0,1,,,,,,1,1
canonical,CANONICAL — REPAIRED G2 OOF,2132,3118,adsorbate,zero_residual_v1,64,0,1,,,,,,1,1
canonical,CANONICAL — REPAIRED G2 OOF,2133,3119,adsorbate,zero_residual_v1,64,0,1,,,,,,1,1
canonical,CANONICAL — REPAIRED G2 OOF,2134,3120,adsorbate,zero_residual_v1,64,0,1,,,,,,1,1
canonical,CANONICAL — REPAIRED G2 OOF,2135,3123,interstitial,zero_residual_v1,64,0,1,,,,,,1,1
canonical,CANONICAL — REPAIRED G2 OOF,2136,3124,adsorbate,zero_residual_v1,64,0,1,,,,,,1,1
canonical,CANONICAL — REPAIRED G2 OOF,2137,3125,adsorbate,zero_residual_v1,64,0,1,,,,,,1,1
canonical,CANONICAL — REPAIRED G2 OOF,2138,3127,interstitial,zero_residual_v1,64,0,1,,,,,,1,1
canonical,CANONICAL — REPAIRED G2 OOF,2140,3129,adsorbate,zero_residual_v1,64,0,1,,,,,,1,1
canonical,CANONICAL — REPAIRED G2 OOF,2141,3130,adsorbate,zero_residual_v1,64,0,1,,,,,,1,1
canonical,CANONICAL — REPAIRED G2 OOF,2142,3132,adsorbate,zero_residual_v1,64,0,1,,,,,,1,1
canonical,CANONICAL — REPAIRED G2 OOF,2143,3135,interstitial,zero_residual_v1,64,0,1,,,,,,1,1
canonical,CANONICAL — REPAIRED G2 OOF,2144,3136,interstitial,zero_residual_v1,64,0,1,,,,,,1,1
canonical,CANONICAL — REPAIRED G2 OOF,2145,3137,interstitial,zero_residual_v1,64,0,1,,,,,,1,1
canonical,CANONICAL — REPAIRED G2 OOF,2146,3138,interstitial,zero_residual_v1,64,0,1,,,,,,1,1
canonical,CANONICAL — REPAIRED G2 OOF,2147,3139,interstitial,zero_residual_v1,64,0,1,,,,,,1,1
canonical,CANONICAL — REPAIRED G2 OOF,2149,3141,adsorbate,zero_residual_v1,64,0,1,,,,,,1,1
canonical,CANONICAL — REPAIRED G2 OOF,2150,3142,adsorbate,zero_residual_v1,64,0,1,,,,,,1,1
canonical,CANONICAL — REPAIRED G2 OOF,2151,3143,interstitial,zero_residual_v1,64,0,1,,,,,,1,1
canonical,CANONICAL — REPAIRED G2 OOF,2152,3145,adsorbate,zero_residual_v1,64,0,1,,,,,,1,1
canonical,CANONICAL — REPAIRED G2 OOF,2153,3146,adsorbate,zero_residual_v1,64,0,1,,,,,,1,1
canonical,CANONICAL — REPAIRED G2 OOF,2154,3147,adsorbate,zero_residual_v1,64,0,1,,,,,,1,1
canonical,CANONICAL — REPAIRED G2 OOF,2155,3148,adsorbate,zero_residual_v1,64,0,1,,,,,,1,1
canonical,CANONICAL — REPAIRED G2 OOF,2157,3150,interstitial,zero_residual_v1,64,0,1,,,,,,1,1
canonical,CANONICAL — REPAIRED G2 OOF,2158,3152,adsorbate,zero_residual_v1,64,0,1,,,,,,1,1
canonical,CANONICAL — REPAIRED G2 OOF,2159,3153,interstitial,zero_residual_v1,64,0,1,,,,,,1,1
canonical,CANONICAL — REPAIRED G2 OOF,2160,3154,adsorbate,zero_residual_v1,64,0,1,,,,,,1,1
canonical,CANONICAL — REPAIRED G2 OOF,2161,3155,adsorbate,zero_residual_v1,64,0,1,,,,,,1,1
canonical,CANONICAL — REPAIRED G2 OOF,2162,3156,adsorbate,zero_residual_v1,64,0,1,,,,,,1,1
canonical,CANONICAL — REPAIRED G2 OOF,2163,3158,interstitial,zero_residual_v1,64,0,1,,,,,,1,1
canonical,CANONICAL — REPAIRED G2 OOF,2164,3159,adsorbate,zero_residual_v1,64,0,1,,,,,,1,1
canonical,CANONICAL — REPAIRED G2 OOF,2166,3161,interstitial,zero_residual_v1,64,0,1,,,,,,1,1
canonical,CANONICAL — REPAIRED G2 OOF,2167,3164,adsorbate,zero_residual_v1,64,0,1,,,,,,1,1
canonical,CANONICAL — REPAIRED G2 OOF,2168,3165,interstitial,zero_residual_v1,64,0,1,,,,,,1,1
canonical,CANONICAL — REPAIRED G2 OOF,2169,3166,adsorbate,zero_residual_v1,64,0,1,,,,,,1,1
canonical,CANONICAL — REPAIRED G2 OOF,2170,3168,adsorbate,zero_residual_v1,64,0,1,,,,,,1,1
canonical,CANONICAL — REPAIRED G2 OOF,2171,3169,adsorbate,zero_residual_v1,64,0,1,,,,,,1,1
canonical,CANONICAL — REPAIRED G2 OOF,2172,3170,interstitial,zero_residual_v1,64,0,1,,,,,,1,1
canonical,CANONICAL — REPAIRED G2 OOF,2173,3171,adsorbate,zero_residual_v1,64,0,1,,,,,,1,1
canonical,CANONICAL — REPAIRED G2 OOF,2174,3172,adsorbate,zero_residual_v1,64,0,1,,,,,,1,1
canonical,CANONICAL — REPAIRED G2 OOF,2175,3173,interstitial,zero_residual_v1,64,0,1,,,,,,1,1
canonical,CANONICAL — REPAIRED G2 OOF,2176,3175,adsorbate,zero_residual_v1,64,0,1,,,,,,1,1
canonical,CANONICAL — REPAIRED G2 OOF,2177,3176,adsorbate,zero_residual_v1,64,0,1,,,,,,1,1
canonical,CANONICAL — REPAIRED G2 OOF,2178,3177,adsorbate,zero_residual_v1,64,0,1,,,,,,1,1
canonical,CANONICAL — REPAIRED G2 OOF,2179,3179,interstitial,zero_residual_v1,64,0,1,,,,,,1,1
canonical,CANONICAL — REPAIRED G2 OOF,2181,3182,adsorbate,zero_residual_v1,64,0,1,,,,,,1,1
canonical,CANONICAL — REPAIRED G2 OOF,2182,3184,adsorbate,zero_residual_v1,64,0,1,,,,,,1,1
canonical,CANONICAL — REPAIRED G2 OOF,2183,3185,adsorbate,zero_residual_v1,64,0,1,,,,,,1,1
canonical,CANONICAL — REPAIRED G2 OOF,2184,3186,adsorbate,zero_residual_v1,64,0,1,,,,,,1,1
canonical,CANONICAL — REPAIRED G2 OOF,2185,3187,adsorbate,zero_residual_v1,64,0,1,,,,,,1,1
canonical,CANONICAL — REPAIRED G2 OOF,2186,3188,interstitial,zero_residual_v1,64,0,1,,,,,,1,1
canonical,CANONICAL — REPAIRED G2 OOF,2187,3190,adsorbate,zero_residual_v1,64,0,1,,,,,,1,1
canonical,CANONICAL — REPAIRED G2 OOF,2188,3191,interstitial,zero_residual_v1,64,0,1,,,,,,1,1
canonical,CANONICAL — REPAIRED G2 OOF,2189,3192,adsorbate,zero_residual_v1,64,0,1,,,,,,1,1
canonical,CANONICAL — REPAIRED G2 OOF,2190,3194,interstitial,zero_residual_v1,64,0,1,,,,,,1,1
canonical,CANONICAL — REPAIRED G2 OOF,2191,3195,adsorbate,zero_residual_v1,64,0,1,,,,,,1,1
canonical,CANONICAL — REPAIRED G2 OOF,2192,3196,adsorbate,zero_residual_v1,64,0,1,,,,,,1,1
canonical,CANONICAL — REPAIRED G2 OOF,2193,3197,adsorbate,zero_residual_v1,64,0,1,,,,,,1,1
canonical,CANONICAL — REPAIRED G2 OOF,2194,3198,adsorbate,zero_residual_v1,64,0,1,,,,,,1,1
canonical,CANONICAL — REPAIRED G2 OOF,2195,3199,adsorbate,zero_residual_v1,64,0,1,,,,,,1,1
canonical,CANONICAL — REPAIRED G2 OOF,2196,3200,interstitial,zero_residual_v1,64,0,1,,,,,,1,1
canonical,CANONICAL — REPAIRED G2 OOF,2197,3202,interstitial,zero_residual_v1,64,0,1,,,,,,1,1
canonical,CANONICAL — REPAIRED G2 OOF,2198,3203,adsorbate,zero_residual_v1,64,0,1,,,,,,1,1
canonical,CANONICAL — REPAIRED G2 OOF,2199,3204,interstitial,zero_residual_v1,64,0,1,,,,,,1,1
canonical,CANONICAL — REPAIRED G2 OOF,2200,3205,adsorbate,zero_residual_v1,64,0,1,,,,,,1,1
canonical,CANONICAL — REPAIRED G2 OOF,2202,3207,adsorbate,zero_residual_v1,64,0,1,,,,,,1,1
canonical,CANONICAL — REPAIRED G2 OOF,2203,3208,interstitial,zero_residual_v1,64,0,1,,,,,,1,1
canonical,CANONICAL — REPAIRED G2 OOF,2204,3210,interstitial,zero_residual_v1,64,0,1,,,,,,1,1
canonical,CANONICAL — REPAIRED G2 OOF,2205,3215,adsorbate,zero_residual_v1,64,0,1,,,,,,1,1
canonical,CANONICAL — REPAIRED G2 OOF,2206,3216,adsorbate,zero_residual_v1,64,0,1,,,,,,1,1
canonical,CANONICAL — REPAIRED G2 OOF,2207,3217,adsorbate,zero_residual_v1,64,0,1,,,,,,1,1
canonical,CANONICAL — REPAIRED G2 OOF,2208,3219,interstitial,zero_residual_v1,64,0,1,,,,,,1,1
canonical,CANONICAL — REPAIRED G2 OOF,2209,3220,adsorbate,zero_residual_v1,64,0,1,,,,,,1,1
canonical,CANONICAL — REPAIRED G2 OOF,2210,3225,interstitial,zero_residual_v1,64,0,1,,,,,,1,1
canonical,CANONICAL — REPAIRED G2 OOF,2211,3226,interstitial,zero_residual_v1,64,0,1,,,,,,1,1
canonical,CANONICAL — REPAIRED G2 OOF,2212,3228,adsorbate,zero_residual_v1,64,0,1,,,,,,1,1
canonical,CANONICAL — REPAIRED G2 OOF,2213,3229,adsorbate,zero_residual_v1,64,0,1,,,,,,1,1
canonical,CANONICAL — REPAIRED G2 OOF,2215,3232,interstitial,zero_residual_v1,64,0,1,,,,,,1,1
canonical,CANONICAL — REPAIRED G2 OOF,2216,3234,adsorbate,zero_residual_v1,64,0,1,,,,,,1,1
canonical,CANONICAL — REPAIRED G2 OOF,2217,3235,adsorbate,zero_residual_v1,64,0,1,,,,,,1,1
canonical,CANONICAL — REPAIRED G2 OOF,2218,3238,adsorbate,zero_residual_v1,64,0,1,,,,,,1,1
canonical,CANONICAL — REPAIRED G2 OOF,2219,3240,adsorbate,zero_residual_v1,64,0,1,,,,,,1,1
canonical,CANONICAL — REPAIRED G2 OOF,2220,3242,interstitial,zero_residual_v1,64,0,1,,,,,,1,1
canonical,CANONICAL — REPAIRED G2 OOF,2221,3245,adsorbate,zero_residual_v1,64,0,1,,,,,,1,1
canonical,CANONICAL — REPAIRED G2 OOF,2222,3250,adsorbate,zero_residual_v1,64,0,1,,,,,,1,1
canonical,CANONICAL — REPAIRED G2 OOF,2223,3251,interstitial,zero_residual_v1,64,0,1,,,,,,1,1
canonical,CANONICAL — REPAIRED G2 OOF,2224,3253,adsorbate,zero_residual_v1,64,0,1,,,,,,1,1
canonical,CANONICAL — REPAIRED G2 OOF,2225,3254,interstitial,zero_residual_v1,64,0,1,,,,,,1,1
canonical,CANONICAL — REPAIRED G2 OOF,2226,3255,interstitial,zero_residual_v1,64,0,1,,,,,,1,1
canonical,CANONICAL — REPAIRED G2 OOF,2227,3256,adsorbate,zero_residual_v1,64,0,1,,,,,,1,1
canonical,CANONICAL — REPAIRED G2 OOF,2228,3259,interstitial,zero_residual_v1,64,0,1,,,,,,1,1
canonical,CANONICAL — REPAIRED G2 OOF,2229,3260,adsorbate,zero_residual_v1,64,0,1,,,,,,1,1
canonical,CANONICAL — REPAIRED G2 OOF,2230,3261,adsorbate,zero_residual_v1,64,0,1,,,,,,1,1
canonical,CANONICAL — REPAIRED G2 OOF,2231,3262,interstitial,zero_residual_v1,64,0,1,,,,,,1,1
canonical,CANONICAL — REPAIRED G2 OOF,2233,3269,interstitial,zero_residual_v1,64,0,1,,,,,,1,1
canonical,CANONICAL — REPAIRED G2 OOF,2234,3271,adsorbate,zero_residual_v1,64,0,1,,,,,,1,1
canonical,CANONICAL — REPAIRED G2 OOF,2235,3272,adsorbate,zero_residual_v1,64,0,1,,,,,,1,1
canonical,CANONICAL — REPAIRED G2 OOF,2236,3273,adsorbate,zero_residual_v1,64,0,1,,,,,,1,1
canonical,CANONICAL — REPAIRED G2 OOF,2237,3274,adsorbate,zero_residual_v1,64,0,1,,,,,,1,1
canonical,CANONICAL — REPAIRED G2 OOF,2238,3275,interstitial,zero_residual_v1,64,0,1,,,,,,1,1
canonical,CANONICAL — REPAIRED G2 OOF,2239,3276,adsorbate,zero_residual_v1,64,0,1,,,,,,1,1
canonical,CANONICAL — REPAIRED G2 OOF,2240,3278,adsorbate,zero_residual_v1,64,0,1,,,,,,1,1
canonical,CANONICAL — REPAIRED G2 OOF,2241,3279,adsorbate,zero_residual_v1,64,0,1,,,,,,1,1
canonical,CANONICAL — REPAIRED G2 OOF,2242,3280,interstitial,zero_residual_v1,64,0,1,,,,,,1,1
canonical,CANONICAL — REPAIRED G2 OOF,2243,3281,adsorbate,zero_residual_v1,64,0,1,,,,,,1,1
canonical,CANONICAL — REPAIRED G2 OOF,2244,3282,adsorbate,zero_residual_v1,64,0,1,,,,,,1,1
canonical,CANONICAL — REPAIRED G2 OOF,2245,3283,adsorbate,zero_residual_v1,64,0,1,,,,,,1,1
canonical,CANONICAL — REPAIRED G2 OOF,2246,3285,adsorbate,zero_residual_v1,64,0,1,,,,,,1,1
canonical,CANONICAL — REPAIRED G2 OOF,2247,3286,interstitial,zero_residual_v1,64,0,1,,,,,,1,1
canonical,CANONICAL — REPAIRED G2 OOF,2248,3290,interstitial,zero_residual_v1,64,0,1,,,,,,1,1
canonical,CANONICAL — REPAIRED G2 OOF,2249,3291,adsorbate,zero_residual_v1,64,0,1,,,,,,1,1
canonical,CANONICAL — REPAIRED G2 OOF,2250,3293,adsorbate,zero_residual_v1,64,0,1,,,,,,1,1
canonical,CANONICAL — REPAIRED G2 OOF,2251,3296,adsorbate,zero_residual_v1,64,0,1,,,,,,1,1
canonical,CANONICAL — REPAIRED G2 OOF,2252,3298,adsorbate,zero_residual_v1,64,0,1,,,,,,1,1
canonical,CANONICAL — REPAIRED G2 OOF,2253,3299,adsorbate,zero_residual_v1,64,0,1,,,,,,1,1
canonical,CANONICAL — REPAIRED G2 OOF,2254,3300,interstitial,zero_residual_v1,64,0,1,,,,,,1,1
canonical,CANONICAL — REPAIRED G2 OOF,2255,3303,adsorbate,zero_residual_v1,64,0,1,,,,,,1,1
canonical,CANONICAL — REPAIRED G2 OOF,2256,3305,interstitial,zero_residual_v1,64,0,1,,,,,,1,1
canonical,CANONICAL — REPAIRED G2 OOF,2257,3308,adsorbate,zero_residual_v1,64,0,1,,,,,,1,1
canonical,CANONICAL — REPAIRED G2 OOF,2258,3309,adsorbate,zero_residual_v1,64,0,1,,,,,,1,1
canonical,CANONICAL — REPAIRED G2 OOF,2259,3310,adsorbate,zero_residual_v1,64,0,1,,,,,,1,1
canonical,CANONICAL — REPAIRED G2 OOF,2260,3311,interstitial,zero_residual_v1,64,0,1,,,,,,1,1
canonical,CANONICAL — REPAIRED G2 OOF,2261,3312,adsorbate,zero_residual_v1,64,0,1,,,,,,1,1
canonical,CANONICAL — REPAIRED G2 OOF,2262,3313,adsorbate,zero_residual_v1,64,0,1,,,,,,1,1
canonical,CANONICAL — REPAIRED G2 OOF,2263,3315,interstitial,zero_residual_v1,64,0,1,,,,,,1,1
canonical,CANONICAL — REPAIRED G2 OOF,2265,3318,interstitial,zero_residual_v1,64,0,1,,,,,,1,1
canonical,CANONICAL — REPAIRED G2 OOF,2266,3319,adsorbate,zero_residual_v1,64,0,1,,,,,,1,1
canonical,CANONICAL — REPAIRED G2 OOF,2267,3320,interstitial,zero_residual_v1,64,0,1,,,,,,1,1
canonical,CANONICAL — REPAIRED G2 OOF,2268,3323,adsorbate,zero_residual_v1,64,0,1,,,,,,1,1
canonical,CANONICAL — REPAIRED G2 OOF,2269,3324,adsorbate,zero_residual_v1,64,0,1,,,,,,1,1
canonical,CANONICAL — REPAIRED G2 OOF,2270,3325,adsorbate,zero_residual_v1,64,0,1,,,,,,1,1
canonical,CANONICAL — REPAIRED G2 OOF,2271,3326,adsorbate,zero_residual_v1,64,0,1,,,,,,1,1
canonical,CANONICAL — REPAIRED G2 OOF,2272,3327,adsorbate,zero_residual_v1,64,0,1,,,,,,1,1
canonical,CANONICAL — REPAIRED G2 OOF,2273,3328,adsorbate,zero_residual_v1,64,0,1,,,,,,1,1
canonical,CANONICAL — REPAIRED G2 OOF,2274,3329,adsorbate,zero_residual_v1,64,0,1,,,,,,1,1
canonical,CANONICAL — REPAIRED G2 OOF,2275,3332,adsorbate,zero_residual_v1,64,0,1,,,,,,1,1
canonical,CANONICAL — REPAIRED G2 OOF,2276,3333,adsorbate,zero_residual_v1,64,0,1,,,,,,1,1
canonical,CANONICAL — REPAIRED G2 OOF,2277,3334,interstitial,zero_residual_v1,64,0,1,,,,,,1,1
canonical,CANONICAL — REPAIRED G2 OOF,2278,3337,adsorbate,zero_residual_v1,64,0,1,,,,,,1,1
canonical,CANONICAL — REPAIRED G2 OOF,2279,3338,interstitial,zero_residual_v1,64,0,1,,,,,,1,1
canonical,CANONICAL — REPAIRED G2 OOF,2280,3341,interstitial,zero_residual_v1,64,0,1,,,,,,1,1
canonical,CANONICAL — REPAIRED G2 OOF,2281,3343,interstitial,zero_residual_v1,64,0,1,,,,,,1,1
canonical,CANONICAL — REPAIRED G2 OOF,2282,3344,interstitial,zero_residual_v1,64,0,1,,,,,,1,1
canonical,CANONICAL — REPAIRED G2 OOF,2283,3345,adsorbate,zero_residual_v1,64,0,1,,,,,,1,1
canonical,CANONICAL — REPAIRED G2 OOF,2284,3348,interstitial,zero_residual_v1,64,0,1,,,,,,1,1
canonical,CANONICAL — REPAIRED G2 OOF,2285,3349,adsorbate,zero_residual_v1,64,0,1,,,,,,1,1
canonical,CANONICAL — REPAIRED G2 OOF,2286,3350,interstitial,zero_residual_v1,64,0,1,,,,,,1,1
canonical,CANONICAL — REPAIRED G2 OOF,2287,3351,interstitial,zero_residual_v1,64,0,1,,,,,,1,1
canonical,CANONICAL — REPAIRED G2 OOF,2288,3352,adsorbate,zero_residual_v1,64,0,1,,,,,,1,1
canonical,CANONICAL — REPAIRED G2 OOF,2289,3354,adsorbate,zero_residual_v1,64,0,1,,,,,,1,1
canonical,CANONICAL — REPAIRED G2 OOF,2290,3355,interstitial,zero_residual_v1,64,0,1,,,,,,1,1
canonical,CANONICAL — REPAIRED G2 OOF,2291,3356,interstitial,zero_residual_v1,64,0,1,,,,,,1,1
canonical,CANONICAL — REPAIRED G2 OOF,2292,3357,interstitial,zero_residual_v1,64,0,1,,,,,,1,1
canonical,CANONICAL — REPAIRED G2 OOF,2293,3359,adsorbate,zero_residual_v1,64,0,1,,,,,,1,1
canonical,CANONICAL — REPAIRED G2 OOF,2294,3361,interstitial,zero_residual_v1,64,0,1,,,,,,1,1
canonical,CANONICAL — REPAIRED G2 OOF,2295,3364,adsorbate,zero_residual_v1,64,0,1,,,,,,1,1
canonical,CANONICAL — REPAIRED G2 OOF,2296,3365,adsorbate,zero_residual_v1,64,0,1,,,,,,1,1
canonical,CANONICAL — REPAIRED G2 OOF,2297,3368,adsorbate,zero_residual_v1,64,0,1,,,,,,1,1
canonical,CANONICAL — REPAIRED G2 OOF,2298,3370,adsorbate,zero_residual_v1,64,0,1,,,,,,1,1
canonical,CANONICAL — REPAIRED G2 OOF,2299,3371,interstitial,zero_residual_v1,64,0,1,,,,,,1,1
canonical,CANONICAL — REPAIRED G2 OOF,2301,3374,adsorbate,zero_residual_v1,64,0,1,,,,,,1,1
canonical,CANONICAL — REPAIRED G2 OOF,2302,3375,interstitial,zero_residual_v1,64,0,1,,,,,,1,1
canonical,CANONICAL — REPAIRED G2 OOF,2303,3377,adsorbate,zero_residual_v1,64,0,1,,,,,,1,1
canonical,CANONICAL — REPAIRED G2 OOF,2304,3378,interstitial,zero_residual_v1,64,0,1,,,,,,1,1
canonical,CANONICAL — REPAIRED G2 OOF,2306,3380,interstitial,zero_residual_v1,64,0,1,,,,,,1,1
canonical,CANONICAL — REPAIRED G2 OOF,2307,3381,interstitial,zero_residual_v1,64,0,1,,,,,,1,1
canonical,CANONICAL — REPAIRED G2 OOF,2308,3382,interstitial,zero_residual_v1,64,0,1,,,,,,1,1
canonical,CANONICAL — REPAIRED G2 OOF,2309,3383,adsorbate,zero_residual_v1,64,0,1,,,,,,1,1
canonical,CANONICAL — REPAIRED G2 OOF,2310,3384,adsorbate,zero_residual_v1,64,0,1,,,,,,1,1
canonical,CANONICAL — REPAIRED G2 OOF,2311,3385,adsorbate,zero_residual_v1,64,0,1,,,,,,1,1
canonical,CANONICAL — REPAIRED G2 OOF,2312,3386,adsorbate,zero_residual_v1,64,0,1,,,,,,1,1
canonical,CANONICAL — REPAIRED G2 OOF,2313,3387,interstitial,zero_residual_v1,64,0,1,,,,,,1,1
canonical,CANONICAL — REPAIRED G2 OOF,2314,3388,adsorbate,zero_residual_v1,64,0,1,,,,,,1,1
canonical,CANONICAL — REPAIRED G2 OOF,2315,3389,adsorbate,zero_residual_v1,64,0,1,,,,,,1,1
canonical,CANONICAL — REPAIRED G2 OOF,2316,3393,interstitial,zero_residual_v1,64,0,1,,,,,,1,1
canonical,CANONICAL — REPAIRED G2 OOF,2318,3396,adsorbate,zero_residual_v1,64,0,1,,,,,,1,1
canonical,CANONICAL — REPAIRED G2 OOF,2319,3397,interstitial,zero_residual_v1,64,0,1,,,,,,1,1
canonical,CANONICAL — REPAIRED G2 OOF,2320,3399,adsorbate,zero_residual_v1,64,0,1,,,,,,1,1
canonical,CANONICAL — REPAIRED G2 OOF,2321,3400,adsorbate,zero_residual_v1,64,0,1,,,,,,1,1
canonical,CANONICAL — REPAIRED G2 OOF,2322,3402,adsorbate,zero_residual_v1,64,0,1,,,,,,1,1
canonical,CANONICAL — REPAIRED G2 OOF,2323,3403,adsorbate,zero_residual_v1,64,0,1,,,,,,1,1
canonical,CANONICAL — REPAIRED G2 OOF,2324,3405,interstitial,zero_residual_v1,64,0,1,,,,,,1,1
canonical,CANONICAL — REPAIRED G2 OOF,2325,3406,adsorbate,zero_residual_v1,64,0,1,,,,,,1,1
canonical,CANONICAL — REPAIRED G2 OOF,2326,3407,adsorbate,zero_residual_v1,64,0,1,,,,,,1,1
canonical,CANONICAL — REPAIRED G2 OOF,2328,3410,adsorbate,zero_residual_v1,64,0,1,,,,,,1,1
canonical,CANONICAL — REPAIRED G2 OOF,2329,3411,adsorbate,zero_residual_v1,64,0,1,,,,,,1,1
canonical,CANONICAL — REPAIRED G2 OOF,2330,3412,interstitial,zero_residual_v1,64,0,1,,,,,,1,1
canonical,CANONICAL — REPAIRED G2 OOF,2331,3413,adsorbate,zero_residual_v1,64,0,1,,,,,,1,1
canonical,CANONICAL — REPAIRED G2 OOF,2332,3415,interstitial,zero_residual_v1,64,0,1,,,,,,1,1
canonical,CANONICAL — REPAIRED G2 OOF,2333,3417,adsorbate,zero_residual_v1,64,0,1,,,,,,1,1
canonical,CANONICAL — REPAIRED G2 OOF,2334,3420,adsorbate,zero_residual_v1,64,0,1,,,,,,1,1
canonical,CANONICAL — REPAIRED G2 OOF,2335,3421,adsorbate,zero_residual_v1,64,0,1,,,,,,1,1
canonical,CANONICAL — REPAIRED G2 OOF,2337,3426,adsorbate,zero_residual_v1,64,0,1,,,,,,1,1
canonical,CANONICAL — REPAIRED G2 OOF,2338,3427,interstitial,zero_residual_v1,64,0,1,,,,,,1,1
canonical,CANONICAL — REPAIRED G2 OOF,2339,3428,adsorbate,zero_residual_v1,64,0,1,,,,,,1,1
canonical,CANONICAL — REPAIRED G2 OOF,2340,3430,adsorbate,zero_residual_v1,64,0,1,,,,,,1,1
canonical,CANONICAL — REPAIRED G2 OOF,2341,3431,interstitial,zero_residual_v1,64,0,1,,,,,,1,1
canonical,CANONICAL — REPAIRED G2 OOF,2342,3432,adsorbate,zero_residual_v1,64,0,1,,,,,,1,1
canonical,CANONICAL — REPAIRED G2 OOF,2343,3433,adsorbate,zero_residual_v1,64,0,1,,,,,,1,1
canonical,CANONICAL — REPAIRED G2 OOF,2344,3434,interstitial,zero_residual_v1,64,0,1,,,,,,1,1
canonical,CANONICAL — REPAIRED G2 OOF,2345,3435,interstitial,zero_residual_v1,64,0,1,,,,,,1,1
canonical,CANONICAL — REPAIRED G2 OOF,2346,3436,interstitial,zero_residual_v1,64,0,1,,,,,,1,1
canonical,CANONICAL — REPAIRED G2 OOF,2347,3438,adsorbate,zero_residual_v1,64,0,1,,,,,,1,1
canonical,CANONICAL — REPAIRED G2 OOF,2348,3439,interstitial,zero_residual_v1,64,0,1,,,,,,1,1
canonical,CANONICAL — REPAIRED G2 OOF,2349,3441,interstitial,zero_residual_v1,64,0,1,,,,,,1,1
canonical,CANONICAL — REPAIRED G2 OOF,2350,3442,adsorbate,zero_residual_v1,64,0,1,,,,,,1,1
canonical,CANONICAL — REPAIRED G2 OOF,2351,3443,adsorbate,zero_residual_v1,64,0,1,,,,,,1,1
canonical,CANONICAL — REPAIRED G2 OOF,2352,3446,adsorbate,zero_residual_v1,64,0,1,,,,,,1,1
canonical,CANONICAL — REPAIRED G2 OOF,2353,3448,adsorbate,zero_residual_v1,64,0,1,,,,,,1,1
canonical,CANONICAL — REPAIRED G2 OOF,2354,3449,adsorbate,zero_residual_v1,64,0,1,,,,,,1,1
canonical,CANONICAL — REPAIRED G2 OOF,2355,3450,adsorbate,zero_residual_v1,64,0,1,,,,,,1,1
canonical,CANONICAL — REPAIRED G2 OOF,2356,3452,interstitial,zero_residual_v1,64,0,1,,,,,,1,1
canonical,CANONICAL — REPAIRED G2 OOF,2357,3453,interstitial,zero_residual_v1,64,0,1,,,,,,1,1
canonical,CANONICAL — REPAIRED G2 OOF,2358,3454,adsorbate,zero_residual_v1,64,0,1,,,,,,1,1
canonical,CANONICAL — REPAIRED G2 OOF,2359,3456,adsorbate,zero_residual_v1,64,0,1,,,,,,1,1
canonical,CANONICAL — REPAIRED G2 OOF,2360,3457,adsorbate,zero_residual_v1,64,0,1,,,,,,1,1
canonical,CANONICAL — REPAIRED G2 OOF,2361,3458,interstitial,zero_residual_v1,64,0,1,,,,,,1,1
canonical,CANONICAL — REPAIRED G2 OOF,2363,3464,interstitial,zero_residual_v1,64,0,1,,,,,,1,1
canonical,CANONICAL — REPAIRED G2 OOF,2364,3466,interstitial,zero_residual_v1,64,0,1,,,,,,1,1
canonical,CANONICAL — REPAIRED G2 OOF,2365,3467,interstitial,zero_residual_v1,64,0,1,,,,,,1,1
canonical,CANONICAL — REPAIRED G2 OOF,2366,3469,interstitial,zero_residual_v1,64,0,1,,,,,,1,1
canonical,CANONICAL — REPAIRED G2 OOF,2367,3471,adsorbate,zero_residual_v1,64,0,1,,,,,,1,1
canonical,CANONICAL — REPAIRED G2 OOF,2368,3472,interstitial,zero_residual_v1,64,0,1,,,,,,1,1
canonical,CANONICAL — REPAIRED G2 OOF,2369,3473,adsorbate,zero_residual_v1,64,0,1,,,,,,1,1
canonical,CANONICAL — REPAIRED G2 OOF,2370,3474,adsorbate,zero_residual_v1,64,0,1,,,,,,1,1
canonical,CANONICAL — REPAIRED G2 OOF,2371,3475,adsorbate,zero_residual_v1,64,0,1,,,,,,1,1
canonical,CANONICAL — REPAIRED G2 OOF,2372,3476,adsorbate,zero_residual_v1,64,0,1,,,,,,1,1
canonical,CANONICAL — REPAIRED G2 OOF,2374,3478,interstitial,zero_residual_v1,64,0,1,,,,,,1,1
canonical,CANONICAL — REPAIRED G2 OOF,2376,3480,adsorbate,zero_residual_v1,64,0,1,,,,,,1,1
canonical,CANONICAL — REPAIRED G2 OOF,2377,3483,adsorbate,zero_residual_v1,64,0,1,,,,,,1,1
canonical,CANONICAL — REPAIRED G2 OOF,2378,3484,adsorbate,zero_residual_v1,64,0,1,,,,,,1,1
canonical,CANONICAL — REPAIRED G2 OOF,2380,3487,adsorbate,zero_residual_v1,64,0,1,,,,,,1,1
canonical,CANONICAL — REPAIRED G2 OOF,2381,3489,interstitial,zero_residual_v1,64,0,1,,,,,,1,1
canonical,CANONICAL — REPAIRED G2 OOF,2382,3491,adsorbate,zero_residual_v1,64,0,1,,,,,,1,1
canonical,CANONICAL — REPAIRED G2 OOF,2383,3492,adsorbate,zero_residual_v1,64,0,1,,,,,,1,1
canonical,CANONICAL — REPAIRED G2 OOF,2385,3494,adsorbate,zero_residual_v1,64,0,1,,,,,,1,1
canonical,CANONICAL — REPAIRED G2 OOF,2386,3496,adsorbate,zero_residual_v1,64,0,1,,,,,,1,1
canonical,CANONICAL — REPAIRED G2 OOF,2387,3497,adsorbate,zero_residual_v1,64,0,1,,,,,,1,1
canonical,CANONICAL — REPAIRED G2 OOF,2388,3498,adsorbate,zero_residual_v1,64,0,1,,,,,,1,1
canonical,CANONICAL — REPAIRED G2 OOF,2389,3499,adsorbate,zero_residual_v1,64,0,1,,,,,,1,1
canonical,CANONICAL — REPAIRED G2 OOF,2390,3500,adsorbate,zero_residual_v1,64,0,1,,,,,,1,1
canonical,CANONICAL — REPAIRED G2 OOF,2392,3504,interstitial,zero_residual_v1,64,0,1,,,,,,1,1
canonical,CANONICAL — REPAIRED G2 OOF,2393,3505,interstitial,zero_residual_v1,64,0,1,,,,,,1,1
canonical,CANONICAL — REPAIRED G2 OOF,2394,3506,interstitial,zero_residual_v1,64,0,1,,,,,,1,1
canonical,CANONICAL — REPAIRED G2 OOF,2395,3508,adsorbate,zero_residual_v1,64,0,1,,,,,,1,1
canonical,CANONICAL — REPAIRED G2 OOF,2396,3509,adsorbate,zero_residual_v1,64,0,1,,,,,,1,1
canonical,CANONICAL — REPAIRED G2 OOF,2397,3512,interstitial,zero_residual_v1,64,0,1,,,,,,1,1
canonical,CANONICAL — REPAIRED G2 OOF,2398,3513,adsorbate,zero_residual_v1,64,0,1,,,,,,1,1
canonical,CANONICAL — REPAIRED G2 OOF,2399,3514,interstitial,zero_residual_v1,64,0,1,,,,,,1,1
canonical,CANONICAL — REPAIRED G2 OOF,2400,3515,adsorbate,zero_residual_v1,64,0,1,,,,,,1,1
canonical,CANONICAL — REPAIRED G2 OOF,2401,3516,adsorbate,zero_residual_v1,64,0,1,,,,,,1,1
canonical,CANONICAL — REPAIRED G2 OOF,2402,3517,interstitial,zero_residual_v1,64,0,1,,,,,,1,1
canonical,CANONICAL — REPAIRED G2 OOF,2403,3518,adsorbate,zero_residual_v1,64,0,1,,,,,,1,1
canonical,CANONICAL — REPAIRED G2 OOF,2404,3519,interstitial,zero_residual_v1,64,0,1,,,,,,1,1
canonical,CANONICAL — REPAIRED G2 OOF,2405,3520,interstitial,zero_residual_v1,64,0,1,,,,,,1,1
canonical,CANONICAL — REPAIRED G2 OOF,2406,3523,interstitial,zero_residual_v1,64,0,1,,,,,,1,1
canonical,CANONICAL — REPAIRED G2 OOF,2407,3524,interstitial,zero_residual_v1,64,0,1,,,,,,1,1
canonical,CANONICAL — REPAIRED G2 OOF,2408,3525,interstitial,zero_residual_v1,64,0,1,,,,,,1,1
canonical,CANONICAL — REPAIRED G2 OOF,2409,3527,interstitial,zero_residual_v1,64,0,1,,,,,,1,1
canonical,CANONICAL — REPAIRED G2 OOF,2410,3532,interstitial,zero_residual_v1,64,0,1,,,,,,1,1
canonical,CANONICAL — REPAIRED G2 OOF,2411,3533,adsorbate,zero_residual_v1,64,0,1,,,,,,1,1
canonical,CANONICAL — REPAIRED G2 OOF,2412,3536,interstitial,zero_residual_v1,64,0,1,,,,,,1,1
canonical,CANONICAL — REPAIRED G2 OOF,2413,3537,interstitial,zero_residual_v1,64,0,1,,,,,,1,1
canonical,CANONICAL — REPAIRED G2 OOF,2414,3538,interstitial,zero_residual_v1,64,0,1,,,,,,1,1
canonical,CANONICAL — REPAIRED G2 OOF,2415,3540,interstitial,zero_residual_v1,64,0,1,,,,,,1,1
canonical,CANONICAL — REPAIRED G2 OOF,2416,3541,interstitial,zero_residual_v1,64,0,1,,,,,,1,1
canonical,CANONICAL — REPAIRED G2 OOF,2417,3542,interstitial,zero_residual_v1,64,0,1,,,,,,1,1
canonical,CANONICAL — REPAIRED G2 OOF,2418,3543,interstitial,zero_residual_v1,64,0,1,,,,,,1,1
canonical,CANONICAL — REPAIRED G2 OOF,2419,3548,interstitial,zero_residual_v1,64,0,1,,,,,,1,1
canonical,CANONICAL — REPAIRED G2 OOF,2420,3549,adsorbate,zero_residual_v1,64,0,1,,,,,,1,1
canonical,CANONICAL — REPAIRED G2 OOF,2421,3551,interstitial,zero_residual_v1,64,0,1,,,,,,1,1
canonical,CANONICAL — REPAIRED G2 OOF,2422,3552,adsorbate,zero_residual_v1,64,0,1,,,,,,1,1
canonical,CANONICAL — REPAIRED G2 OOF,2423,3553,adsorbate,zero_residual_v1,64,0,1,,,,,,1,1
canonical,CANONICAL — REPAIRED G2 OOF,2424,3554,interstitial,zero_residual_v1,64,0,1,,,,,,1,1
canonical,CANONICAL — REPAIRED G2 OOF,2425,3557,interstitial,zero_residual_v1,64,0,1,,,,,,1,1
canonical,CANONICAL — REPAIRED G2 OOF,2427,3559,interstitial,zero_residual_v1,64,0,1,,,,,,1,1
canonical,CANONICAL — REPAIRED G2 OOF,2428,3560,adsorbate,zero_residual_v1,64,0,1,,,,,,1,1
canonical,CANONICAL — REPAIRED G2 OOF,2429,3561,adsorbate,zero_residual_v1,64,0,1,,,,,,1,1
canonical,CANONICAL — REPAIRED G2 OOF,2430,3562,adsorbate,zero_residual_v1,64,0,1,,,,,,1,1
canonical,CANONICAL — REPAIRED G2 OOF,2431,3563,adsorbate,zero_residual_v1,64,0,1,,,,,,1,1
canonical,CANONICAL — REPAIRED G2 OOF,2432,3564,adsorbate,zero_residual_v1,64,0,1,,,,,,1,1
canonical,CANONICAL — REPAIRED G2 OOF,2434,3570,adsorbate,zero_residual_v1,64,0,1,,,,,,1,1
canonical,CANONICAL — REPAIRED G2 OOF,2435,3571,adsorbate,zero_residual_v1,64,0,1,,,,,,1,1
canonical,CANONICAL — REPAIRED G2 OOF,2436,3573,adsorbate,zero_residual_v1,64,0,1,,,,,,1,1
canonical,CANONICAL — REPAIRED G2 OOF,2437,3574,adsorbate,zero_residual_v1,64,0,1,,,,,,1,1
canonical,CANONICAL — REPAIRED G2 OOF,2438,3575,interstitial,zero_residual_v1,64,0,1,,,,,,1,1
canonical,CANONICAL — REPAIRED G2 OOF,2439,3576,interstitial,zero_residual_v1,64,0,1,,,,,,1,1
canonical,CANONICAL — REPAIRED G2 OOF,2440,3577,adsorbate,zero_residual_v1,64,0,1,,,,,,1,1
canonical,CANONICAL — REPAIRED G2 OOF,2441,3578,adsorbate,zero_residual_v1,64,0,1,,,,,,1,1
canonical,CANONICAL — REPAIRED G2 OOF,2442,3579,adsorbate,zero_residual_v1,64,0,1,,,,,,1,1
canonical,CANONICAL — REPAIRED G2 OOF,2443,3580,adsorbate,zero_residual_v1,64,0,1,,,,,,1,1
canonical,CANONICAL — REPAIRED G2 OOF,2444,3583,adsorbate,zero_residual_v1,64,0,1,,,,,,1,1
canonical,CANONICAL — REPAIRED G2 OOF,2446,3585,adsorbate,zero_residual_v1,64,0,1,,,,,,1,1
canonical,CANONICAL — REPAIRED G2 OOF,2447,3586,interstitial,zero_residual_v1,64,0,1,,,,,,1,1
canonical,CANONICAL — REPAIRED G2 OOF,2448,3587,interstitial,zero_residual_v1,64,0,1,,,,,,1,1
canonical,CANONICAL — REPAIRED G2 OOF,2449,3590,adsorbate,zero_residual_v1,64,0,1,,,,,,1,1
canonical,CANONICAL — REPAIRED G2 OOF,2451,3593,adsorbate,zero_residual_v1,64,0,1,,,,,,1,1
canonical,CANONICAL — REPAIRED G2 OOF,2452,3594,adsorbate,zero_residual_v1,64,0,1,,,,,,1,1
canonical,CANONICAL — REPAIRED G2 OOF,2453,3596,adsorbate,zero_residual_v1,64,0,1,,,,,,1,1
canonical,CANONICAL — REPAIRED G2 OOF,2455,3599,interstitial,zero_residual_v1,64,0,1,,,,,,1,1
canonical,CANONICAL — REPAIRED G2 OOF,2456,3600,interstitial,zero_residual_v1,64,0,1,,,,,,1,1
canonical,CANONICAL — REPAIRED G2 OOF,2457,3601,interstitial,zero_residual_v1,64,0,1,,,,,,1,1
canonical,CANONICAL — REPAIRED G2 OOF,2458,3603,adsorbate,zero_residual_v1,64,0,1,,,,,,1,1
canonical,CANONICAL — REPAIRED G2 OOF,2459,3604,interstitial,zero_residual_v1,64,0,1,,,,,,1,1
canonical,CANONICAL — REPAIRED G2 OOF,2460,3605,adsorbate,zero_residual_v1,64,0,1,,,,,,1,1
canonical,CANONICAL — REPAIRED G2 OOF,2461,3606,adsorbate,zero_residual_v1,64,0,1,,,,,,1,1
canonical,CANONICAL — REPAIRED G2 OOF,2462,3609,adsorbate,zero_residual_v1,64,0,1,,,,,,1,1
canonical,CANONICAL — REPAIRED G2 OOF,2465,3614,adsorbate,zero_residual_v1,64,1,1,,,,local_abs_covalent_radius_mismatch_A|local_abs_electronegativity_contrast|local_abs_valence_mismatch|local_signed_covalent_radius_mismatch_A|local_signed_electronegativity_mismatch|local_signed_valence_mismatch|neighbor_distance_std_A|postrelaxation_min_clearance_A,,1,1
canonical,CANONICAL — REPAIRED G2 OOF,2466,3615,adsorbate,zero_residual_v1,64,0,1,,,,,,1,1
canonical,CANONICAL — REPAIRED G2 OOF,2467,3616,adsorbate,zero_residual_v1,64,0,1,,,,,,1,1
canonical,CANONICAL — REPAIRED G2 OOF,2468,3617,interstitial,zero_residual_v1,64,0,1,,,,,,1,1
canonical,CANONICAL — REPAIRED G2 OOF,2469,3618,interstitial,zero_residual_v1,64,0,1,,,,,,1,1
canonical,CANONICAL — REPAIRED G2 OOF,2470,3620,interstitial,zero_residual_v1,64,0,1,,,,,,1,1
canonical,CANONICAL — REPAIRED G2 OOF,2472,3623,adsorbate,zero_residual_v1,64,0,1,,,,,,1,1
canonical,CANONICAL — REPAIRED G2 OOF,2473,3626,adsorbate,zero_residual_v1,64,0,1,,,,,,1,1
canonical,CANONICAL — REPAIRED G2 OOF,2475,3628,interstitial,zero_residual_v1,64,0,1,,,,,,1,1
canonical,CANONICAL — REPAIRED G2 OOF,2476,3629,adsorbate,zero_residual_v1,64,0,1,,,,,,1,1
canonical,CANONICAL — REPAIRED G2 OOF,2477,3630,adsorbate,zero_residual_v1,64,0,1,,,,,,1,1
canonical,CANONICAL — REPAIRED G2 OOF,2478,3635,adsorbate,zero_residual_v1,64,0,1,,,,,,1,1
canonical,CANONICAL — REPAIRED G2 OOF,2479,3636,adsorbate,zero_residual_v1,64,0,1,,,,,,1,1
canonical,CANONICAL — REPAIRED G2 OOF,2480,3637,interstitial,zero_residual_v1,64,0,1,,,,,,1,1
canonical,CANONICAL — REPAIRED G2 OOF,2481,3638,adsorbate,zero_residual_v1,64,0,1,,,,,,1,1
canonical,CANONICAL — REPAIRED G2 OOF,2482,3639,interstitial,zero_residual_v1,64,0,1,,,,,,1,1
canonical,CANONICAL — REPAIRED G2 OOF,2483,3640,interstitial,zero_residual_v1,64,0,1,,,,,,1,1
canonical,CANONICAL — REPAIRED G2 OOF,2484,3641,adsorbate,zero_residual_v1,64,0,1,,,,,,1,1
canonical,CANONICAL — REPAIRED G2 OOF,2485,3642,interstitial,zero_residual_v1,64,0,1,,,,,,1,1
canonical,CANONICAL — REPAIRED G2 OOF,2486,3643,interstitial,zero_residual_v1,64,0,1,,,,,,1,1
canonical,CANONICAL — REPAIRED G2 OOF,2487,3645,interstitial,zero_residual_v1,64,0,1,,,,,,1,1
canonical,CANONICAL — REPAIRED G2 OOF,2488,3646,adsorbate,zero_residual_v1,64,0,1,,,,,,1,1
canonical,CANONICAL — REPAIRED G2 OOF,2490,3648,adsorbate,zero_residual_v1,64,0,1,,,,,,1,1
canonical,CANONICAL — REPAIRED G2 OOF,2491,3649,adsorbate,zero_residual_v1,64,0,1,,,,,,1,1
canonical,CANONICAL — REPAIRED G2 OOF,2492,3650,adsorbate,zero_residual_v1,64,0,1,,,,,,1,1
canonical,CANONICAL — REPAIRED G2 OOF,2493,3651,interstitial,zero_residual_v1,64,0,1,,,,,,1,1
canonical,CANONICAL — REPAIRED G2 OOF,2495,3655,adsorbate,zero_residual_v1,64,0,1,,,,,,1,1
canonical,CANONICAL — REPAIRED G2 OOF,2496,3656,interstitial,zero_residual_v1,64,0,1,,,,,,1,1
canonical,CANONICAL — REPAIRED G2 OOF,2497,3660,adsorbate,zero_residual_v1,64,0,1,,,,,,1,1
canonical,CANONICAL — REPAIRED G2 OOF,2498,3661,interstitial,zero_residual_v1,64,0,1,,,,,,1,1
canonical,CANONICAL — REPAIRED G2 OOF,2499,3663,adsorbate,zero_residual_v1,64,0,1,,,,,,1,1
canonical,CANONICAL — REPAIRED G2 OOF,2501,3666,interstitial,zero_residual_v1,64,0,1,,,,,,1,1
canonical,CANONICAL — REPAIRED G2 OOF,2502,3669,interstitial,zero_residual_v1,64,0,1,,,,,,1,1
canonical,CANONICAL — REPAIRED G2 OOF,2503,3670,adsorbate,zero_residual_v1,64,0,1,,,,,,1,1
canonical,CANONICAL — REPAIRED G2 OOF,2504,3672,adsorbate,zero_residual_v1,64,0,1,,,,,,1,1
canonical,CANONICAL — REPAIRED G2 OOF,2505,3677,adsorbate,zero_residual_v1,64,0,1,,,,,,1,1
canonical,CANONICAL — REPAIRED G2 OOF,2506,3678,interstitial,zero_residual_v1,64,0,1,,,,,,1,1
canonical,CANONICAL — REPAIRED G2 OOF,2507,3679,interstitial,zero_residual_v1,64,0,1,,,,,,1,1
canonical,CANONICAL — REPAIRED G2 OOF,2508,3680,interstitial,zero_residual_v1,64,0,1,,,,,,1,1
canonical,CANONICAL — REPAIRED G2 OOF,2509,3681,adsorbate,zero_residual_v1,64,0,1,,,,,,1,1
canonical,CANONICAL — REPAIRED G2 OOF,2510,3682,adsorbate,zero_residual_v1,64,0,1,,,,,,1,1
canonical,CANONICAL — REPAIRED G2 OOF,2511,3683,adsorbate,zero_residual_v1,64,0,1,,,,,,1,1
canonical,CANONICAL — REPAIRED G2 OOF,2512,3684,adsorbate,zero_residual_v1,64,0,1,,,,,,1,1
canonical,CANONICAL — REPAIRED G2 OOF,2513,3685,adsorbate,zero_residual_v1,64,0,1,,,,,,1,1
canonical,CANONICAL — REPAIRED G2 OOF,2514,3686,adsorbate,zero_residual_v1,64,0,1,,,,,,1,1
canonical,CANONICAL — REPAIRED G2 OOF,2515,3687,interstitial,zero_residual_v1,64,0,1,,,,,,1,1
canonical,CANONICAL — REPAIRED G2 OOF,2516,3688,interstitial,zero_residual_v1,64,0,1,,,,,,1,1
canonical,CANONICAL — REPAIRED G2 OOF,2517,3689,adsorbate,zero_residual_v1,64,0,1,,,,,,1,1
canonical,CANONICAL — REPAIRED G2 OOF,2518,3693,adsorbate,zero_residual_v1,64,0,1,,,,,,1,1
canonical,CANONICAL — REPAIRED G2 OOF,2519,3694,adsorbate,zero_residual_v1,64,0,1,,,,,,1,1
canonical,CANONICAL — REPAIRED G2 OOF,2520,3696,adsorbate,zero_residual_v1,64,0,1,,,,,,1,1
canonical,CANONICAL — REPAIRED G2 OOF,2521,3697,adsorbate,zero_residual_v1,64,0,1,,,,,,1,1
canonical,CANONICAL — REPAIRED G2 OOF,2522,3699,interstitial,zero_residual_v1,64,0,1,,,,,,1,1
canonical,CANONICAL — REPAIRED G2 OOF,2523,3700,interstitial,zero_residual_v1,64,0,1,,,,,,1,1
canonical,CANONICAL — REPAIRED G2 OOF,2524,3702,interstitial,zero_residual_v1,64,0,1,,,,,,1,1
canonical,CANONICAL — REPAIRED G2 OOF,2525,3703,interstitial,zero_residual_v1,64,0,1,,,,,,1,1
canonical,CANONICAL — REPAIRED G2 OOF,2526,3704,interstitial,zero_residual_v1,64,0,1,,,,,,1,1
canonical,CANONICAL — REPAIRED G2 OOF,2527,3707,adsorbate,zero_residual_v1,64,0,1,,,,,,1,1
canonical,CANONICAL — REPAIRED G2 OOF,2528,3708,adsorbate,zero_residual_v1,64,0,1,,,,,,1,1
canonical,CANONICAL — REPAIRED G2 OOF,2529,3709,interstitial,zero_residual_v1,64,0,1,,,,,,1,1
canonical,CANONICAL — REPAIRED G2 OOF,2530,3711,interstitial,zero_residual_v1,64,0,1,,,,,,1,1
canonical,CANONICAL — REPAIRED G2 OOF,2533,3716,interstitial,zero_residual_v1,64,0,1,,,,,,1,1
canonical,CANONICAL — REPAIRED G2 OOF,2534,3718,interstitial,zero_residual_v1,64,0,1,,,,,,1,1
canonical,CANONICAL — REPAIRED G2 OOF,2535,3719,adsorbate,zero_residual_v1,64,0,1,,,,,,1,1
canonical,CANONICAL — REPAIRED G2 OOF,2536,3720,adsorbate,zero_residual_v1,64,0,1,,,,,,1,1
canonical,CANONICAL — REPAIRED G2 OOF,2537,3722,interstitial,zero_residual_v1,64,0,1,,,,,,1,1
canonical,CANONICAL — REPAIRED G2 OOF,2538,3723,adsorbate,zero_residual_v1,64,0,1,,,,,,1,1
canonical,CANONICAL — REPAIRED G2 OOF,2540,3725,adsorbate,zero_residual_v1,64,0,1,,,,,,1,1
canonical,CANONICAL — REPAIRED G2 OOF,2541,3730,adsorbate,zero_residual_v1,64,0,1,,,,,,1,1
canonical,CANONICAL — REPAIRED G2 OOF,2542,3731,adsorbate,zero_residual_v1,64,0,1,,,,,,1,1
canonical,CANONICAL — REPAIRED G2 OOF,2544,3734,interstitial,zero_residual_v1,64,0,1,,,,,,1,1
canonical,CANONICAL — REPAIRED G2 OOF,2545,3735,adsorbate,zero_residual_v1,64,0,1,,,,,,1,1
canonical,CANONICAL — REPAIRED G2 OOF,2546,3736,adsorbate,zero_residual_v1,64,0,1,,,,,,1,1
canonical,CANONICAL — REPAIRED G2 OOF,2547,3737,adsorbate,zero_residual_v1,64,0,1,,,,,,1,1
canonical,CANONICAL — REPAIRED G2 OOF,2549,3739,interstitial,zero_residual_v1,64,0,1,,,,,,1,1
canonical,CANONICAL — REPAIRED G2 OOF,2550,3741,adsorbate,zero_residual_v1,64,0,1,,,,,,1,1
canonical,CANONICAL — REPAIRED G2 OOF,2551,3742,interstitial,zero_residual_v1,64,0,1,,,,,,1,1
canonical,CANONICAL — REPAIRED G2 OOF,2552,3743,adsorbate,zero_residual_v1,64,0,1,,,,,,1,1
canonical,CANONICAL — REPAIRED G2 OOF,2553,3744,interstitial,zero_residual_v1,64,0,1,,,,,,1,1
canonical,CANONICAL — REPAIRED G2 OOF,2554,3745,adsorbate,zero_residual_v1,64,0,1,,,,,,1,1
canonical,CANONICAL — REPAIRED G2 OOF,2555,3746,adsorbate,zero_residual_v1,64,0,1,,,,,,1,1
canonical,CANONICAL — REPAIRED G2 OOF,2556,3747,adsorbate,zero_residual_v1,64,0,1,,,,,,1,1
canonical,CANONICAL — REPAIRED G2 OOF,2557,3749,adsorbate,zero_residual_v1,64,0,1,,,,,,1,1
canonical,CANONICAL — REPAIRED G2 OOF,2558,3750,adsorbate,zero_residual_v1,64,0,1,,,,,,1,1
canonical,CANONICAL — REPAIRED G2 OOF,2559,3752,interstitial,zero_residual_v1,64,0,1,,,,,,1,1
canonical,CANONICAL — REPAIRED G2 OOF,2560,3753,adsorbate,zero_residual_v1,64,0,1,,,,,,1,1
canonical,CANONICAL — REPAIRED G2 OOF,2561,3754,adsorbate,zero_residual_v1,64,0,1,,,,,,1,1
canonical,CANONICAL — REPAIRED G2 OOF,2562,3755,adsorbate,zero_residual_v1,64,0,1,,,,,,1,1
canonical,CANONICAL — REPAIRED G2 OOF,2563,3756,adsorbate,zero_residual_v1,64,0,1,,,,,,1,1
canonical,CANONICAL — REPAIRED G2 OOF,2564,3757,adsorbate,zero_residual_v1,64,0,1,,,,,,1,1
canonical,CANONICAL — REPAIRED G2 OOF,2565,3762,interstitial,zero_residual_v1,64,0,1,,,,,,1,1
canonical,CANONICAL — REPAIRED G2 OOF,2566,3763,interstitial,zero_residual_v1,64,0,1,,,,,,1,1
canonical,CANONICAL — REPAIRED G2 OOF,2567,3764,adsorbate,zero_residual_v1,64,0,1,,,,,,1,1
canonical,CANONICAL — REPAIRED G2 OOF,2568,3766,adsorbate,zero_residual_v1,64,0,1,,,,,,1,1
canonical,CANONICAL — REPAIRED G2 OOF,2569,3767,adsorbate,zero_residual_v1,64,0,1,,,,,,1,1
canonical,CANONICAL — REPAIRED G2 OOF,2570,3768,interstitial,zero_residual_v1,64,0,1,,,,,,1,1
canonical,CANONICAL — REPAIRED G2 OOF,2571,3771,interstitial,zero_residual_v1,64,0,1,,,,,,1,1
canonical,CANONICAL — REPAIRED G2 OOF,2572,3773,adsorbate,zero_residual_v1,64,0,1,,,,,,1,1
canonical,CANONICAL — REPAIRED G2 OOF,2574,3776,adsorbate,zero_residual_v1,64,0,1,,,,,,1,1
canonical,CANONICAL — REPAIRED G2 OOF,2575,3777,interstitial,zero_residual_v1,64,0,1,,,,,,1,1
canonical,CANONICAL — REPAIRED G2 OOF,2576,3778,interstitial,zero_residual_v1,64,0,1,,,,,,1,1
canonical,CANONICAL — REPAIRED G2 OOF,2578,3783,interstitial,zero_residual_v1,64,0,1,,,,,,1,1
canonical,CANONICAL — REPAIRED G2 OOF,2579,3785,adsorbate,zero_residual_v1,64,0,1,,,,,,1,1
canonical,CANONICAL — REPAIRED G2 OOF,2580,3786,interstitial,zero_residual_v1,64,0,1,,,,,,1,1
canonical,CANONICAL — REPAIRED G2 OOF,2581,3788,interstitial,zero_residual_v1,64,0,1,,,,,,1,1
canonical,CANONICAL — REPAIRED G2 OOF,2582,3793,interstitial,zero_residual_v1,64,0,1,,,,,,1,1
canonical,CANONICAL — REPAIRED G2 OOF,2583,3795,interstitial,zero_residual_v1,64,0,1,,,,,,1,1
canonical,CANONICAL — REPAIRED G2 OOF,2584,3796,adsorbate,zero_residual_v1,64,0,1,,,,,,1,1
canonical,CANONICAL — REPAIRED G2 OOF,2585,3797,adsorbate,zero_residual_v1,64,0,1,,,,,,1,1
canonical,CANONICAL — REPAIRED G2 OOF,2586,3798,interstitial,zero_residual_v1,64,0,1,,,,,,1,1
canonical,CANONICAL — REPAIRED G2 OOF,2587,3799,interstitial,zero_residual_v1,64,0,1,,,,,,1,1
canonical,CANONICAL — REPAIRED G2 OOF,2588,3800,interstitial,zero_residual_v1,64,0,1,,,,,,1,1
canonical,CANONICAL — REPAIRED G2 OOF,2589,3801,adsorbate,zero_residual_v1,64,0,1,,,,,,1,1
canonical,CANONICAL — REPAIRED G2 OOF,2590,3802,adsorbate,zero_residual_v1,64,0,1,,,,,,1,1
canonical,CANONICAL — REPAIRED G2 OOF,2591,3803,adsorbate,zero_residual_v1,64,0,1,,,,,,1,1
canonical,CANONICAL — REPAIRED G2 OOF,2592,3805,adsorbate,zero_residual_v1,64,0,1,,,,,,1,1
canonical,CANONICAL — REPAIRED G2 OOF,2593,3806,adsorbate,zero_residual_v1,64,0,1,,,,,,1,1
canonical,CANONICAL — REPAIRED G2 OOF,2594,3807,interstitial,zero_residual_v1,64,0,1,,,,,,1,1
canonical,CANONICAL — REPAIRED G2 OOF,2596,3810,adsorbate,zero_residual_v1,64,0,1,,,,,,1,1
canonical,CANONICAL — REPAIRED G2 OOF,2597,3811,adsorbate,zero_residual_v1,64,0,1,,,,,,1,1
canonical,CANONICAL — REPAIRED G2 OOF,2598,3812,adsorbate,zero_residual_v1,64,0,1,,,,,,1,1
canonical,CANONICAL — REPAIRED G2 OOF,2599,3813,interstitial,zero_residual_v1,64,0,1,,,,,,1,1
canonical,CANONICAL — REPAIRED G2 OOF,2600,3814,adsorbate,zero_residual_v1,64,0,1,,,,,,1,1
canonical,CANONICAL — REPAIRED G2 OOF,2601,3816,adsorbate,zero_residual_v1,64,0,1,,,,,,1,1
canonical,CANONICAL — REPAIRED G2 OOF,2602,3817,adsorbate,zero_residual_v1,64,0,1,,,,,,1,1
canonical,CANONICAL — REPAIRED G2 OOF,2603,3818,adsorbate,zero_residual_v1,64,0,1,,,,,,1,1
canonical,CANONICAL — REPAIRED G2 OOF,2604,3819,adsorbate,zero_residual_v1,64,0,1,,,,,,1,1
canonical,CANONICAL — REPAIRED G2 OOF,2605,3820,interstitial,zero_residual_v1,64,0,1,,,,,,1,1
canonical,CANONICAL — REPAIRED G2 OOF,2606,3821,adsorbate,zero_residual_v1,64,0,1,,,,,,1,1
canonical,CANONICAL — REPAIRED G2 OOF,2607,3822,adsorbate,zero_residual_v1,64,0,1,,,,,,1,1
canonical,CANONICAL — REPAIRED G2 OOF,2608,3823,interstitial,zero_residual_v1,64,0,1,,,,,,1,1
canonical,CANONICAL — REPAIRED G2 OOF,2609,3826,adsorbate,zero_residual_v1,64,0,1,,,,,,1,1
canonical,CANONICAL — REPAIRED G2 OOF,2610,3827,interstitial,zero_residual_v1,64,0,1,,,,,,1,1
canonical,CANONICAL — REPAIRED G2 OOF,2611,3828,adsorbate,zero_residual_v1,64,0,1,,,,,,1,1
canonical,CANONICAL — REPAIRED G2 OOF,2612,3829,adsorbate,zero_residual_v1,64,0,1,,,,,,1,1
canonical,CANONICAL — REPAIRED G2 OOF,2613,3831,interstitial,zero_residual_v1,64,0,1,,,,,,1,1
canonical,CANONICAL — REPAIRED G2 OOF,2614,3832,interstitial,zero_residual_v1,64,0,1,,,,,,1,1
canonical,CANONICAL — REPAIRED G2 OOF,2615,3833,interstitial,zero_residual_v1,64,0,1,,,,,,1,1
canonical,CANONICAL — REPAIRED G2 OOF,2616,3834,adsorbate,zero_residual_v1,64,0,1,,,,,,1,1
canonical,CANONICAL — REPAIRED G2 OOF,2617,3836,adsorbate,zero_residual_v1,64,0,1,,,,,,1,1
canonical,CANONICAL — REPAIRED G2 OOF,2618,3838,interstitial,zero_residual_v1,64,0,1,,,,,,1,1
canonical,CANONICAL — REPAIRED G2 OOF,2619,3839,adsorbate,zero_residual_v1,64,0,1,,,,,,1,1
canonical,CANONICAL — REPAIRED G2 OOF,2620,3840,interstitial,zero_residual_v1,64,0,1,,,,,,1,1
canonical,CANONICAL — REPAIRED G2 OOF,2621,3841,adsorbate,zero_residual_v1,64,0,1,,,,,,1,1
canonical,CANONICAL — REPAIRED G2 OOF,2622,3842,interstitial,zero_residual_v1,64,0,1,,,,,,1,1
canonical,CANONICAL — REPAIRED G2 OOF,2623,3844,adsorbate,zero_residual_v1,64,0,1,,,,,,1,1
canonical,CANONICAL — REPAIRED G2 OOF,2624,3847,adsorbate,zero_residual_v1,64,0,1,,,,,,1,1
canonical,CANONICAL — REPAIRED G2 OOF,2625,3851,interstitial,zero_residual_v1,64,0,1,,,,,,1,1
canonical,CANONICAL — REPAIRED G2 OOF,2626,3852,adsorbate,zero_residual_v1,64,0,1,,,,,,1,1
canonical,CANONICAL — REPAIRED G2 OOF,2628,3854,adsorbate,zero_residual_v1,64,0,1,,,,,,1,1
canonical,CANONICAL — REPAIRED G2 OOF,2630,3857,interstitial,zero_residual_v1,64,0,1,,,,,,1,1
canonical,CANONICAL — REPAIRED G2 OOF,2631,3858,adsorbate,zero_residual_v1,64,0,1,,,,,,1,1
canonical,CANONICAL — REPAIRED G2 OOF,2632,3859,interstitial,zero_residual_v1,64,0,1,,,,,,1,1
canonical,CANONICAL — REPAIRED G2 OOF,2634,3861,interstitial,zero_residual_v1,64,0,1,,,,,,1,1
canonical,CANONICAL — REPAIRED G2 OOF,2635,3862,adsorbate,zero_residual_v1,64,0,1,,,,,,1,1
canonical,CANONICAL — REPAIRED G2 OOF,2636,3864,interstitial,zero_residual_v1,64,0,1,,,,,,1,1
canonical,CANONICAL — REPAIRED G2 OOF,2637,3865,adsorbate,zero_residual_v1,64,0,1,,,,,,1,1
canonical,CANONICAL — REPAIRED G2 OOF,2638,3866,adsorbate,zero_residual_v1,64,0,1,,,,,,1,1
canonical,CANONICAL — REPAIRED G2 OOF,2640,3868,interstitial,zero_residual_v1,64,0,1,,,,,,1,1
canonical,CANONICAL — REPAIRED G2 OOF,2641,3869,adsorbate,zero_residual_v1,64,0,1,,,,,,1,1
canonical,CANONICAL — REPAIRED G2 OOF,2642,3870,interstitial,zero_residual_v1,64,0,1,,,,,,1,1
canonical,CANONICAL — REPAIRED G2 OOF,2643,3871,adsorbate,zero_residual_v1,64,0,1,,,,,,1,1
canonical,CANONICAL — REPAIRED G2 OOF,2644,3873,adsorbate,zero_residual_v1,64,0,1,,,,,,1,1
canonical,CANONICAL — REPAIRED G2 OOF,2645,3875,interstitial,zero_residual_v1,64,0,1,,,,,,1,1
canonical,CANONICAL — REPAIRED G2 OOF,2646,3877,interstitial,zero_residual_v1,64,0,1,,,,,,1,1
canonical,CANONICAL — REPAIRED G2 OOF,2648,3879,interstitial,zero_residual_v1,64,0,1,,,,,,1,1
canonical,CANONICAL — REPAIRED G2 OOF,2649,3880,interstitial,zero_residual_v1,64,0,1,,,,,,1,1
canonical,CANONICAL — REPAIRED G2 OOF,2650,3883,adsorbate,zero_residual_v1,64,0,1,,,,,,1,1
canonical,CANONICAL — REPAIRED G2 OOF,2651,3884,adsorbate,zero_residual_v1,64,0,1,,,,,,1,1
canonical,CANONICAL — REPAIRED G2 OOF,2652,3885,interstitial,zero_residual_v1,64,0,1,,,,,,1,1
canonical,CANONICAL — REPAIRED G2 OOF,2653,3887,interstitial,zero_residual_v1,64,0,1,,,,,,1,1
canonical,CANONICAL — REPAIRED G2 OOF,2654,3888,adsorbate,zero_residual_v1,64,0,1,,,,,,1,1
canonical,CANONICAL — REPAIRED G2 OOF,2655,3889,interstitial,zero_residual_v1,64,0,1,,,,,,1,1
canonical,CANONICAL — REPAIRED G2 OOF,2656,3890,interstitial,zero_residual_v1,64,0,1,,,,,,1,1
canonical,CANONICAL — REPAIRED G2 OOF,2657,3891,adsorbate,zero_residual_v1,64,0,1,,,,,,1,1
canonical,CANONICAL — REPAIRED G2 OOF,2658,3892,adsorbate,zero_residual_v1,64,0,1,,,,,,1,1
canonical,CANONICAL — REPAIRED G2 OOF,2660,3894,adsorbate,zero_residual_v1,64,0,1,,,,,,1,1
canonical,CANONICAL — REPAIRED G2 OOF,2661,3896,interstitial,zero_residual_v1,64,0,1,,,,,,1,1
canonical,CANONICAL — REPAIRED G2 OOF,2662,3897,interstitial,zero_residual_v1,64,0,1,,,,,,1,1
canonical,CANONICAL — REPAIRED G2 OOF,2663,3898,adsorbate,zero_residual_v1,64,0,1,,,,,,1,1
canonical,CANONICAL — REPAIRED G2 OOF,2664,3899,interstitial,zero_residual_v1,64,0,1,,,,,,1,1
canonical,CANONICAL — REPAIRED G2 OOF,2665,3901,adsorbate,zero_residual_v1,64,0,1,,,,,,1,1
canonical,CANONICAL — REPAIRED G2 OOF,2666,3902,interstitial,zero_residual_v1,64,0,1,,,,,,1,1
canonical,CANONICAL — REPAIRED G2 OOF,2667,3904,interstitial,zero_residual_v1,64,0,1,,,,,,1,1
canonical,CANONICAL — REPAIRED G2 OOF,2668,3905,interstitial,zero_residual_v1,64,0,1,,,,,,1,1
canonical,CANONICAL — REPAIRED G2 OOF,2669,3907,interstitial,zero_residual_v1,64,0,1,,,,,,1,1
canonical,CANONICAL — REPAIRED G2 OOF,2670,3908,interstitial,zero_residual_v1,64,0,1,,,,,,1,1
canonical,CANONICAL — REPAIRED G2 OOF,2671,3909,interstitial,zero_residual_v1,64,0,1,,,,,,1,1
canonical,CANONICAL — REPAIRED G2 OOF,2672,3912,interstitial,zero_residual_v1,64,0,1,,,,,,1,1
canonical,CANONICAL — REPAIRED G2 OOF,2673,3913,adsorbate,zero_residual_v1,64,0,1,,,,,,1,1
canonical,CANONICAL — REPAIRED G2 OOF,2674,3914,interstitial,zero_residual_v1,64,0,1,,,,,,1,1
canonical,CANONICAL — REPAIRED G2 OOF,2675,3916,interstitial,zero_residual_v1,64,0,1,,,,,,1,1
canonical,CANONICAL — REPAIRED G2 OOF,2677,3919,adsorbate,zero_residual_v1,64,0,1,,,,,,1,1
canonical,CANONICAL — REPAIRED G2 OOF,2678,3920,adsorbate,zero_residual_v1,64,0,1,,,,,,1,1
canonical,CANONICAL — REPAIRED G2 OOF,2679,3922,interstitial,zero_residual_v1,64,0,1,,,,,,1,1
canonical,CANONICAL — REPAIRED G2 OOF,2680,3924,adsorbate,zero_residual_v1,64,0,1,,,,,,1,1
canonical,CANONICAL — REPAIRED G2 OOF,2681,3925,adsorbate,zero_residual_v1,64,0,1,,,,,,1,1
canonical,CANONICAL — REPAIRED G2 OOF,2682,3926,interstitial,zero_residual_v1,64,0,1,,,,,,1,1
canonical,CANONICAL — REPAIRED G2 OOF,2683,3927,adsorbate,zero_residual_v1,64,0,1,,,,,,1,1
canonical,CANONICAL — REPAIRED G2 OOF,2684,3928,interstitial,zero_residual_v1,64,0,1,,,,,,1,1
canonical,CANONICAL — REPAIRED G2 OOF,2685,3930,interstitial,zero_residual_v1,64,0,1,,,,,,1,1
canonical,CANONICAL — REPAIRED G2 OOF,2686,3931,adsorbate,zero_residual_v1,64,0,1,,,,,,1,1
canonical,CANONICAL — REPAIRED G2 OOF,2687,3934,adsorbate,zero_residual_v1,64,0,1,,,,,,1,1
canonical,CANONICAL — REPAIRED G2 OOF,2688,3935,adsorbate,zero_residual_v1,64,0,1,,,,,,1,1
canonical,CANONICAL — REPAIRED G2 OOF,2689,3937,interstitial,zero_residual_v1,64,0,1,,,,,,1,1
canonical,CANONICAL — REPAIRED G2 OOF,2690,3940,interstitial,zero_residual_v1,64,0,1,,,,,,1,1
canonical,CANONICAL — REPAIRED G2 OOF,2691,3941,interstitial,zero_residual_v1,64,0,1,,,,,,1,1
canonical,CANONICAL — REPAIRED G2 OOF,2692,3942,adsorbate,zero_residual_v1,64,0,1,,,,,,1,1
canonical,CANONICAL — REPAIRED G2 OOF,2694,3949,adsorbate,zero_residual_v1,64,0,1,,,,,,1,1
canonical,CANONICAL — REPAIRED G2 OOF,2695,3951,interstitial,zero_residual_v1,64,0,1,,,,,,1,1
canonical,CANONICAL — REPAIRED G2 OOF,2696,3952,interstitial,zero_residual_v1,64,0,1,,,,,,1,1
canonical,CANONICAL — REPAIRED G2 OOF,2697,3953,interstitial,zero_residual_v1,64,0,1,,,,,,1,1
canonical,CANONICAL — REPAIRED G2 OOF,2698,3954,adsorbate,zero_residual_v1,64,0,1,,,,,,1,1
canonical,CANONICAL — REPAIRED G2 OOF,2699,3957,interstitial,zero_residual_v1,64,0,1,,,,,,1,1
canonical,CANONICAL — REPAIRED G2 OOF,2700,3959,adsorbate,zero_residual_v1,64,0,1,,,,,,1,1
canonical,CANONICAL — REPAIRED G2 OOF,2701,3961,interstitial,zero_residual_v1,64,0,1,,,,,,1,1
canonical,CANONICAL — REPAIRED G2 OOF,2702,3965,adsorbate,zero_residual_v1,64,0,1,,,,,,1,1
canonical,CANONICAL — REPAIRED G2 OOF,2703,3969,interstitial,zero_residual_v1,64,0,1,,,,,,1,1
canonical,CANONICAL — REPAIRED G2 OOF,2704,3971,adsorbate,zero_residual_v1,64,0,1,,,,,,1,1
canonical,CANONICAL — REPAIRED G2 OOF,2705,3979,adsorbate,zero_residual_v1,64,0,1,,,,,,1,1
canonical,CANONICAL — REPAIRED G2 OOF,2706,3981,adsorbate,zero_residual_v1,64,0,1,,,,,,1,1
canonical,CANONICAL — REPAIRED G2 OOF,2707,3985,adsorbate,zero_residual_v1,64,0,1,,,,,,1,1
canonical,CANONICAL — REPAIRED G2 OOF,2708,3987,interstitial,zero_residual_v1,64,0,1,,,,,,1,1
canonical,CANONICAL — REPAIRED G2 OOF,2709,3994,adsorbate,zero_residual_v1,64,0,1,,,,,,1,1
canonical,CANONICAL — REPAIRED G2 OOF,2710,3997,adsorbate,zero_residual_v1,64,0,1,,,,,,1,1
canonical,CANONICAL — REPAIRED G2 OOF,2711,4001,adsorbate,zero_residual_v1,64,0,1,,,,,,1,1
canonical,CANONICAL — REPAIRED G2 OOF,2712,4002,adsorbate,zero_residual_v1,64,0,1,,,,,,1,1
canonical,CANONICAL — REPAIRED G2 OOF,2713,4007,interstitial,zero_residual_v1,64,0,1,,,,,,1,1
canonical,CANONICAL — REPAIRED G2 OOF,2714,4008,adsorbate,zero_residual_v1,64,0,1,,,,,,1,1
canonical,CANONICAL — REPAIRED G2 OOF,2715,4011,adsorbate,zero_residual_v1,64,0,1,,,,,,1,1
canonical,CANONICAL — REPAIRED G2 OOF,2716,4012,adsorbate,zero_residual_v1,64,0,1,,,,,,1,1
canonical,CANONICAL — REPAIRED G2 OOF,2717,4021,interstitial,zero_residual_v1,64,0,1,,,,,,1,1
canonical,CANONICAL — REPAIRED G2 OOF,2718,4025,adsorbate,zero_residual_v1,64,0,1,,,,,,1,1
canonical,CANONICAL — REPAIRED G2 OOF,2720,4030,interstitial,zero_residual_v1,64,0,1,,,,,,1,1
canonical,CANONICAL — REPAIRED G2 OOF,2721,4031,adsorbate,zero_residual_v1,64,0,1,,,,,,1,1
canonical,CANONICAL — REPAIRED G2 OOF,2722,4037,adsorbate,zero_residual_v1,64,0,1,,,,,,1,1
canonical,CANONICAL — REPAIRED G2 OOF,2724,4045,adsorbate,zero_residual_v1,64,0,1,,,,,,1,1
canonical,CANONICAL — REPAIRED G2 OOF,2725,4049,adsorbate,zero_residual_v1,64,0,1,,,,,,1,1
canonical,CANONICAL — REPAIRED G2 OOF,2726,4051,adsorbate,zero_residual_v1,64,0,1,,,,,,1,1
canonical,CANONICAL — REPAIRED G2 OOF,2727,4054,adsorbate,zero_residual_v1,64,0,1,,,,,,1,1
canonical,CANONICAL — REPAIRED G2 OOF,2728,4057,interstitial,zero_residual_v1,64,0,1,,,,,,1,1
canonical,CANONICAL — REPAIRED G2 OOF,2729,4058,adsorbate,zero_residual_v1,64,0,1,,,,,,1,1
canonical,CANONICAL — REPAIRED G2 OOF,2730,4061,adsorbate,zero_residual_v1,64,0,1,,,,,,1,1
canonical,CANONICAL — REPAIRED G2 OOF,2731,4064,adsorbate,zero_residual_v1,64,0,1,,,,,,1,1
canonical,CANONICAL — REPAIRED G2 OOF,2732,4066,adsorbate,zero_residual_v1,64,0,1,,,,,,1,1
canonical,CANONICAL — REPAIRED G2 OOF,2733,4069,adsorbate,zero_residual_v1,64,0,1,,,,,,1,1
canonical,CANONICAL — REPAIRED G2 OOF,2734,4070,adsorbate,zero_residual_v1,64,0,1,,,,,,1,1
canonical,CANONICAL — REPAIRED G2 OOF,2735,4076,adsorbate,zero_residual_v1,64,0,1,,,,,,1,1
canonical,CANONICAL — REPAIRED G2 OOF,2737,4081,interstitial,zero_residual_v1,64,0,1,,,,,,1,1
canonical,CANONICAL — REPAIRED G2 OOF,2738,4087,adsorbate,zero_residual_v1,64,0,1,,,,,,1,1
canonical,CANONICAL — REPAIRED G2 OOF,2739,4091,adsorbate,zero_residual_v1,64,0,1,,,,,,1,1
canonical,CANONICAL — REPAIRED G2 OOF,2740,4100,adsorbate,zero_residual_v1,64,0,1,,,,,,1,1
canonical,CANONICAL — REPAIRED G2 OOF,2741,4105,interstitial,zero_residual_v1,64,0,1,,,,,,1,1
canonical,CANONICAL — REPAIRED G2 OOF,2742,4107,interstitial,zero_residual_v1,64,0,1,,,,,,1,1
canonical,CANONICAL — REPAIRED G2 OOF,2743,4113,adsorbate,zero_residual_v1,64,0,1,,,,,,1,1
canonical,CANONICAL — REPAIRED G2 OOF,2744,4114,adsorbate,zero_residual_v1,64,0,1,,,,,,1,1
canonical,CANONICAL — REPAIRED G2 OOF,2745,4115,adsorbate,zero_residual_v1,64,0,1,,,,,,1,1
canonical,CANONICAL — REPAIRED G2 OOF,2746,4122,adsorbate,zero_residual_v1,64,0,1,,,,,,1,1
canonical,CANONICAL — REPAIRED G2 OOF,2747,4124,adsorbate,zero_residual_v1,64,0,1,,,,,,1,1
canonical,CANONICAL — REPAIRED G2 OOF,2748,4125,interstitial,zero_residual_v1,64,0,1,,,,,,1,1
canonical,CANONICAL — REPAIRED G2 OOF,2749,4126,adsorbate,zero_residual_v1,64,0,1,,,,,,1,1
canonical,CANONICAL — REPAIRED G2 OOF,2750,4129,adsorbate,zero_residual_v1,64,0,1,,,,,,1,1
canonical,CANONICAL — REPAIRED G2 OOF,2751,4131,adsorbate,zero_residual_v1,64,0,1,,,,,,1,1
canonical,CANONICAL — REPAIRED G2 OOF,2752,4132,interstitial,zero_residual_v1,64,0,1,,,,,,1,1
canonical,CANONICAL — REPAIRED G2 OOF,2753,4133,adsorbate,zero_residual_v1,64,0,1,,,,,,1,1
canonical,CANONICAL — REPAIRED G2 OOF,2754,4136,interstitial,zero_residual_v1,64,0,1,,,,,,1,1
canonical,CANONICAL — REPAIRED G2 OOF,2755,4145,interstitial,zero_residual_v1,64,0,1,,,,,,1,1
canonical,CANONICAL — REPAIRED G2 OOF,2756,4148,adsorbate,zero_residual_v1,64,0,1,,,,,,1,1
canonical,CANONICAL — REPAIRED G2 OOF,2757,4150,adsorbate,zero_residual_v1,64,0,1,,,,,,1,1
canonical,CANONICAL — REPAIRED G2 OOF,2758,4158,adsorbate,zero_residual_v1,64,0,1,,,,,,1,1
canonical,CANONICAL — REPAIRED G2 OOF,2759,4162,adsorbate,zero_residual_v1,64,0,1,,,,,,1,1
canonical,CANONICAL — REPAIRED G2 OOF,2760,4164,adsorbate,zero_residual_v1,64,0,1,,,,,,1,1
canonical,CANONICAL — REPAIRED G2 OOF,2761,4165,adsorbate,zero_residual_v1,64,0,1,,,,,,1,1
canonical,CANONICAL — REPAIRED G2 OOF,2762,4166,adsorbate,zero_residual_v1,64,0,1,,,,,,1,1
canonical,CANONICAL — REPAIRED G2 OOF,2763,4172,interstitial,zero_residual_v1,64,0,1,,,,,,1,1
canonical,CANONICAL — REPAIRED G2 OOF,2764,4175,adsorbate,zero_residual_v1,64,0,1,,,,,,1,1
canonical,CANONICAL — REPAIRED G2 OOF,2765,4178,adsorbate,zero_residual_v1,64,0,1,,,,,,1,1
canonical,CANONICAL — REPAIRED G2 OOF,2766,4183,adsorbate,zero_residual_v1,64,0,1,,,,,,1,1
canonical,CANONICAL — REPAIRED G2 OOF,2767,4186,adsorbate,zero_residual_v1,64,0,1,,,,,,1,1
canonical,CANONICAL — REPAIRED G2 OOF,2768,4188,adsorbate,zero_residual_v1,64,0,1,,,,,,1,1
canonical,CANONICAL — REPAIRED G2 OOF,2769,4195,adsorbate,zero_residual_v1,64,0,1,,,,,,1,1
canonical,CANONICAL — REPAIRED G2 OOF,2770,4197,adsorbate,zero_residual_v1,64,0,1,,,,,,1,1
canonical,CANONICAL — REPAIRED G2 OOF,2771,4199,adsorbate,zero_residual_v1,64,0,1,,,,,,1,1
canonical,CANONICAL — REPAIRED G2 OOF,2772,4203,adsorbate,zero_residual_v1,64,0,1,,,,,,1,1
canonical,CANONICAL — REPAIRED G2 OOF,2773,4205,adsorbate,zero_residual_v1,64,0,1,,,,,,1,1
canonical,CANONICAL — REPAIRED G2 OOF,2774,4206,interstitial,zero_residual_v1,64,0,1,,,,,,1,1
canonical,CANONICAL — REPAIRED G2 OOF,2775,4209,adsorbate,zero_residual_v1,64,0,1,,,,,,1,1
canonical,CANONICAL — REPAIRED G2 OOF,2776,4211,adsorbate,zero_residual_v1,64,0,1,,,,,,1,1
canonical,CANONICAL — REPAIRED G2 OOF,2777,4214,adsorbate,zero_residual_v1,64,0,1,,,,,,1,1
canonical,CANONICAL — REPAIRED G2 OOF,2778,4216,interstitial,zero_residual_v1,64,0,1,,,,,,1,1
canonical,CANONICAL — REPAIRED G2 OOF,2779,4219,adsorbate,zero_residual_v1,64,0,1,,,,,,1,1
canonical,CANONICAL — REPAIRED G2 OOF,2780,4222,adsorbate,zero_residual_v1,64,0,1,,,,,,1,1
canonical,CANONICAL — REPAIRED G2 OOF,2781,4224,adsorbate,zero_residual_v1,64,0,1,,,,,,1,1
canonical,CANONICAL — REPAIRED G2 OOF,2782,4226,adsorbate,zero_residual_v1,64,0,1,,,,,,1,1
canonical,CANONICAL — REPAIRED G2 OOF,2783,4228,adsorbate,zero_residual_v1,64,0,1,,,,,,1,1
canonical,CANONICAL — REPAIRED G2 OOF,2784,4229,interstitial,zero_residual_v1,64,0,1,,,,,,1,1
canonical,CANONICAL — REPAIRED G2 OOF,2785,4233,adsorbate,zero_residual_v1,64,0,1,,,,,,1,1
canonical,CANONICAL — REPAIRED G2 OOF,2786,4234,adsorbate,zero_residual_v1,64,0,1,,,,,,1,1
canonical,CANONICAL — REPAIRED G2 OOF,2787,4235,adsorbate,zero_residual_v1,64,0,1,,,,,,1,1
canonical,CANONICAL — REPAIRED G2 OOF,2788,4236,interstitial,zero_residual_v1,64,0,1,,,,,,1,1
canonical,CANONICAL — REPAIRED G2 OOF,2789,4242,adsorbate,zero_residual_v1,64,0,1,,,,,,1,1
canonical,CANONICAL — REPAIRED G2 OOF,2790,4243,adsorbate,zero_residual_v1,64,0,1,,,,,,1,1
canonical,CANONICAL — REPAIRED G2 OOF,2791,4244,adsorbate,zero_residual_v1,64,0,1,,,,,,1,1
canonical,CANONICAL — REPAIRED G2 OOF,2792,4251,adsorbate,zero_residual_v1,64,0,1,,,,,,1,1
canonical,CANONICAL — REPAIRED G2 OOF,2793,4252,interstitial,zero_residual_v1,64,0,1,,,,,,1,1
canonical,CANONICAL — REPAIRED G2 OOF,2794,4254,adsorbate,zero_residual_v1,64,0,1,,,,,,1,1
canonical,CANONICAL — REPAIRED G2 OOF,2795,4256,adsorbate,zero_residual_v1,64,0,1,,,,,,1,1
canonical,CANONICAL — REPAIRED G2 OOF,2796,4259,adsorbate,zero_residual_v1,64,0,1,,,,,,1,1
canonical,CANONICAL — REPAIRED G2 OOF,2797,4260,interstitial,zero_residual_v1,64,0,1,,,,,,1,1
canonical,CANONICAL — REPAIRED G2 OOF,2798,4261,adsorbate,zero_residual_v1,64,0,1,,,,,,1,1
canonical,CANONICAL — REPAIRED G2 OOF,2799,4262,adsorbate,zero_residual_v1,64,0,1,,,,,,1,1
canonical,CANONICAL — REPAIRED G2 OOF,2800,4263,adsorbate,zero_residual_v1,64,0,1,,,,,,1,1
canonical,CANONICAL — REPAIRED G2 OOF,2801,4265,adsorbate,zero_residual_v1,64,0,1,,,,,,1,1
canonical,CANONICAL — REPAIRED G2 OOF,2803,4269,adsorbate,zero_residual_v1,64,0,1,,,,,,1,1
canonical,CANONICAL — REPAIRED G2 OOF,2804,4270,interstitial,zero_residual_v1,64,0,1,,,,,,1,1
canonical,CANONICAL — REPAIRED G2 OOF,2805,4272,adsorbate,zero_residual_v1,64,0,1,,,,,,1,1
canonical,CANONICAL — REPAIRED G2 OOF,2806,4274,adsorbate,zero_residual_v1,64,0,1,,,,,,1,1
canonical,CANONICAL — REPAIRED G2 OOF,2807,4275,adsorbate,zero_residual_v1,64,0,1,,,,,,1,1
canonical,CANONICAL — REPAIRED G2 OOF,2808,4277,adsorbate,zero_residual_v1,64,0,1,,,,,,1,1
canonical,CANONICAL — REPAIRED G2 OOF,2809,4279,interstitial,zero_residual_v1,64,0,1,,,,,,1,1
canonical,CANONICAL — REPAIRED G2 OOF,2810,4283,interstitial,zero_residual_v1,64,0,1,,,,,,1,1
canonical,CANONICAL — REPAIRED G2 OOF,2811,4284,interstitial,zero_residual_v1,64,0,1,,,,,,1,1
canonical,CANONICAL — REPAIRED G2 OOF,2812,4286,interstitial,zero_residual_v1,64,0,1,,,,,,1,1
canonical,CANONICAL — REPAIRED G2 OOF,2813,4288,adsorbate,zero_residual_v1,64,0,1,,,,,,1,1
canonical,CANONICAL — REPAIRED G2 OOF,2814,4289,adsorbate,zero_residual_v1,64,0,1,,,,,,1,1
canonical,CANONICAL — REPAIRED G2 OOF,2815,4290,adsorbate,zero_residual_v1,64,0,1,,,,,,1,1
canonical,CANONICAL — REPAIRED G2 OOF,2816,4294,adsorbate,zero_residual_v1,64,0,1,,,,,,1,1
canonical,CANONICAL — REPAIRED G2 OOF,2818,4317,adsorbate,zero_residual_v1,64,0,1,,,,,,1,1
canonical,CANONICAL — REPAIRED G2 OOF,2819,4321,adsorbate,zero_residual_v1,64,0,1,,,,,,1,1
canonical,CANONICAL — REPAIRED G2 OOF,2821,4324,adsorbate,zero_residual_v1,64,0,1,,,,,,1,1
canonical,CANONICAL — REPAIRED G2 OOF,2822,4326,interstitial,zero_residual_v1,64,0,1,,,,,,1,1
canonical,CANONICAL — REPAIRED G2 OOF,2823,4327,interstitial,zero_residual_v1,64,0,1,,,,,,1,1
canonical,CANONICAL — REPAIRED G2 OOF,2824,4328,adsorbate,zero_residual_v1,64,0,1,,,,,,1,1
canonical,CANONICAL — REPAIRED G2 OOF,2825,4330,adsorbate,zero_residual_v1,64,0,1,,,,,,1,1
canonical,CANONICAL — REPAIRED G2 OOF,2826,4332,adsorbate,zero_residual_v1,64,0,1,,,,,,1,1
canonical,CANONICAL — REPAIRED G2 OOF,2827,4333,adsorbate,zero_residual_v1,64,0,1,,,,,,1,1
canonical,CANONICAL — REPAIRED G2 OOF,2828,4334,interstitial,zero_residual_v1,64,0,1,,,,,,1,1
canonical,CANONICAL — REPAIRED G2 OOF,2829,4337,adsorbate,zero_residual_v1,64,0,1,,,,,,1,1
canonical,CANONICAL — REPAIRED G2 OOF,2830,4338,interstitial,zero_residual_v1,64,0,1,,,,,,1,1
canonical,CANONICAL — REPAIRED G2 OOF,2831,4340,adsorbate,zero_residual_v1,64,0,1,,,,,,1,1
canonical,CANONICAL — REPAIRED G2 OOF,2832,4343,adsorbate,zero_residual_v1,64,0,1,,,,,,1,1
canonical,CANONICAL — REPAIRED G2 OOF,2833,4347,interstitial,zero_residual_v1,64,0,1,,,,,,1,1
canonical,CANONICAL — REPAIRED G2 OOF,2834,4349,adsorbate,zero_residual_v1,64,0,1,,,,,,1,1
canonical,CANONICAL — REPAIRED G2 OOF,2836,4356,interstitial,zero_residual_v1,64,0,1,,,,,,1,1
canonical,CANONICAL — REPAIRED G2 OOF,2837,4359,adsorbate,zero_residual_v1,64,0,1,,,,,,1,1
canonical,CANONICAL — REPAIRED G2 OOF,2838,4362,interstitial,zero_residual_v1,64,0,1,,,,,,1,1
canonical,CANONICAL — REPAIRED G2 OOF,2839,4363,adsorbate,zero_residual_v1,64,0,1,,,,,,1,1
canonical,CANONICAL — REPAIRED G2 OOF,2840,4364,adsorbate,zero_residual_v1,64,0,1,,,,,,1,1
canonical,CANONICAL — REPAIRED G2 OOF,2841,4366,interstitial,zero_residual_v1,64,0,1,,,,,,1,1
canonical,CANONICAL — REPAIRED G2 OOF,2842,4367,adsorbate,zero_residual_v1,64,0,1,,,,,,1,1
canonical,CANONICAL — REPAIRED G2 OOF,2843,4369,adsorbate,zero_residual_v1,64,0,1,,,,,,1,1
canonical,CANONICAL — REPAIRED G2 OOF,2844,4374,adsorbate,zero_residual_v1,64,0,1,,,,,,1,1
canonical,CANONICAL — REPAIRED G2 OOF,2845,4375,adsorbate,zero_residual_v1,64,0,1,,,,,,1,1
canonical,CANONICAL — REPAIRED G2 OOF,2846,4381,adsorbate,zero_residual_v1,64,0,1,,,,,,1,1
canonical,CANONICAL — REPAIRED G2 OOF,2847,4382,adsorbate,zero_residual_v1,64,0,1,,,,,,1,1
canonical,CANONICAL — REPAIRED G2 OOF,2849,4384,interstitial,zero_residual_v1,64,0,1,,,,,,1,1
canonical,CANONICAL — REPAIRED G2 OOF,2850,4388,adsorbate,zero_residual_v1,64,0,1,,,,,,1,1
canonical,CANONICAL — REPAIRED G2 OOF,2851,4390,adsorbate,zero_residual_v1,64,0,1,,,,,,1,1
canonical,CANONICAL — REPAIRED G2 OOF,2852,4397,interstitial,zero_residual_v1,64,0,1,,,,,,1,1
canonical,CANONICAL — REPAIRED G2 OOF,2853,4402,adsorbate,zero_residual_v1,64,0,1,,,,,,1,1
canonical,CANONICAL — REPAIRED G2 OOF,2854,4409,adsorbate,zero_residual_v1,64,0,1,,,,,,1,1
canonical,CANONICAL — REPAIRED G2 OOF,2855,4410,adsorbate,zero_residual_v1,64,0,1,,,,,,1,1
canonical,CANONICAL — REPAIRED G2 OOF,2856,4411,adsorbate,zero_residual_v1,64,0,1,,,,,,1,1
canonical,CANONICAL — REPAIRED G2 OOF,2857,4414,adsorbate,zero_residual_v1,64,0,1,,,,,,1,1
canonical,CANONICAL — REPAIRED G2 OOF,2858,4421,adsorbate,zero_residual_v1,64,0,1,,,,,,1,1
canonical,CANONICAL — REPAIRED G2 OOF,2859,4423,adsorbate,zero_residual_v1,64,0,1,,,,,,1,1
canonical,CANONICAL — REPAIRED G2 OOF,2860,4428,adsorbate,zero_residual_v1,64,0,1,,,,,,1,1
canonical,CANONICAL — REPAIRED G2 OOF,2861,4429,adsorbate,zero_residual_v1,64,0,1,,,,,,1,1
canonical,CANONICAL — REPAIRED G2 OOF,2862,4430,adsorbate,zero_residual_v1,64,0,1,,,,,,1,1
canonical,CANONICAL — REPAIRED G2 OOF,2863,4431,adsorbate,zero_residual_v1,64,0,1,,,,,,1,1
canonical,CANONICAL — REPAIRED G2 OOF,2864,4432,adsorbate,zero_residual_v1,64,0,1,,,,,,1,1
canonical,CANONICAL — REPAIRED G2 OOF,2865,4433,adsorbate,zero_residual_v1,64,0,1,,,,,,1,1
canonical,CANONICAL — REPAIRED G2 OOF,2866,4437,adsorbate,zero_residual_v1,64,0,1,,,,,,1,1
canonical,CANONICAL — REPAIRED G2 OOF,2867,4439,adsorbate,zero_residual_v1,64,0,1,,,,,,1,1
canonical,CANONICAL — REPAIRED G2 OOF,2868,4441,adsorbate,zero_residual_v1,64,0,1,,,,,,1,1
canonical,CANONICAL — REPAIRED G2 OOF,2869,4442,interstitial,zero_residual_v1,64,0,1,,,,,,1,1
canonical,CANONICAL — REPAIRED G2 OOF,2870,4444,adsorbate,zero_residual_v1,64,0,1,,,,,,1,1
canonical,CANONICAL — REPAIRED G2 OOF,2871,4445,interstitial,zero_residual_v1,64,0,1,,,,,,1,1
canonical,CANONICAL — REPAIRED G2 OOF,2872,4446,interstitial,zero_residual_v1,64,0,1,,,,,,1,1
canonical,CANONICAL — REPAIRED G2 OOF,2873,4449,adsorbate,zero_residual_v1,64,0,1,,,,,,1,1
canonical,CANONICAL — REPAIRED G2 OOF,2874,4452,adsorbate,zero_residual_v1,64,0,1,,,,,,1,1
canonical,CANONICAL — REPAIRED G2 OOF,2876,4457,adsorbate,zero_residual_v1,64,0,1,,,,,,1,1
canonical,CANONICAL — REPAIRED G2 OOF,2877,4460,adsorbate,zero_residual_v1,64,0,1,,,,,,1,1
canonical,CANONICAL — REPAIRED G2 OOF,2878,4462,adsorbate,zero_residual_v1,64,0,1,,,,,,1,1
canonical,CANONICAL — REPAIRED G2 OOF,2879,4464,adsorbate,zero_residual_v1,64,0,1,,,,,,1,1
canonical,CANONICAL — REPAIRED G2 OOF,2880,4465,interstitial,zero_residual_v1,64,0,1,,,,,,1,1
canonical,CANONICAL — REPAIRED G2 OOF,2881,4467,adsorbate,zero_residual_v1,64,0,1,,,,,,1,1
canonical,CANONICAL — REPAIRED G2 OOF,2882,4469,adsorbate,zero_residual_v1,64,0,1,,,,,,1,1
canonical,CANONICAL — REPAIRED G2 OOF,2883,4470,adsorbate,zero_residual_v1,64,0,1,,,,,,1,1
canonical,CANONICAL — REPAIRED G2 OOF,2884,4471,interstitial,zero_residual_v1,64,0,1,,,,,,1,1
canonical,CANONICAL — REPAIRED G2 OOF,2885,4472,adsorbate,zero_residual_v1,64,0,1,,,,,,1,1
canonical,CANONICAL — REPAIRED G2 OOF,2886,4473,adsorbate,zero_residual_v1,64,0,1,,,,,,1,1
canonical,CANONICAL — REPAIRED G2 OOF,2887,4476,adsorbate,zero_residual_v1,64,0,1,,,,,,1,1
canonical,CANONICAL — REPAIRED G2 OOF,2888,4478,interstitial,zero_residual_v1,64,0,1,,,,,,1,1
canonical,CANONICAL — REPAIRED G2 OOF,2889,4481,interstitial,zero_residual_v1,64,0,1,,,,,,1,1
canonical,CANONICAL — REPAIRED G2 OOF,2890,4483,interstitial,zero_residual_v1,64,0,1,,,,,,1,1
canonical,CANONICAL — REPAIRED G2 OOF,2891,4484,adsorbate,zero_residual_v1,64,0,1,,,,,,1,1
canonical,CANONICAL — REPAIRED G2 OOF,2892,4486,adsorbate,zero_residual_v1,64,0,1,,,,,,1,1
canonical,CANONICAL — REPAIRED G2 OOF,2893,4489,interstitial,zero_residual_v1,64,0,1,,,,,,1,1
canonical,CANONICAL — REPAIRED G2 OOF,2894,4490,interstitial,zero_residual_v1,64,0,1,,,,,,1,1
canonical,CANONICAL — REPAIRED G2 OOF,2895,4491,adsorbate,zero_residual_v1,64,0,1,,,,,,1,1
canonical,CANONICAL — REPAIRED G2 OOF,2896,4492,adsorbate,zero_residual_v1,64,0,1,,,,,,1,1
canonical,CANONICAL — REPAIRED G2 OOF,2897,4494,adsorbate,zero_residual_v1,64,0,1,,,,,,1,1
canonical,CANONICAL — REPAIRED G2 OOF,2898,4496,adsorbate,zero_residual_v1,64,0,1,,,,,,1,1
canonical,CANONICAL — REPAIRED G2 OOF,2899,4507,adsorbate,zero_residual_v1,64,0,1,,,,,,1,1
canonical,CANONICAL — REPAIRED G2 OOF,2900,4511,adsorbate,zero_residual_v1,64,0,1,,,,,,1,1
canonical,CANONICAL — REPAIRED G2 OOF,2901,4512,adsorbate,zero_residual_v1,64,0,1,,,,,,1,1
canonical,CANONICAL — REPAIRED G2 OOF,2902,4516,adsorbate,zero_residual_v1,64,0,1,,,,,,1,1
canonical,CANONICAL — REPAIRED G2 OOF,2903,4519,adsorbate,zero_residual_v1,64,0,1,,,,,,1,1
canonical,CANONICAL — REPAIRED G2 OOF,2904,4523,interstitial,zero_residual_v1,64,0,1,,,,,,1,1
canonical,CANONICAL — REPAIRED G2 OOF,2905,4525,adsorbate,zero_residual_v1,64,0,1,,,,,,1,1
canonical,CANONICAL — REPAIRED G2 OOF,2906,4527,interstitial,zero_residual_v1,64,0,1,,,,,,1,1
canonical,CANONICAL — REPAIRED G2 OOF,2907,4528,adsorbate,zero_residual_v1,64,0,1,,,,,,1,1
canonical,CANONICAL — REPAIRED G2 OOF,2908,4531,adsorbate,zero_residual_v1,64,0,1,,,,,,1,1
canonical,CANONICAL — REPAIRED G2 OOF,2909,4535,interstitial,zero_residual_v1,64,0,1,,,,,,1,1
canonical,CANONICAL — REPAIRED G2 OOF,2911,4539,adsorbate,zero_residual_v1,64,0,1,,,,,,1,1
canonical,CANONICAL — REPAIRED G2 OOF,2912,4542,adsorbate,zero_residual_v1,64,1,1,,,,local_abs_covalent_radius_mismatch_A|local_abs_electronegativity_contrast|local_abs_valence_mismatch|local_signed_covalent_radius_mismatch_A|local_signed_electronegativity_mismatch|local_signed_valence_mismatch|neighbor_distance_std_A|postrelaxation_min_clearance_A,,1,1
canonical,CANONICAL — REPAIRED G2 OOF,2913,4544,adsorbate,zero_residual_v1,64,0,1,,,,,,1,1
canonical,CANONICAL — REPAIRED G2 OOF,2914,4546,adsorbate,zero_residual_v1,64,0,1,,,,,,1,1
canonical,CANONICAL — REPAIRED G2 OOF,2915,4547,adsorbate,zero_residual_v1,64,0,1,,,,,,1,1
canonical,CANONICAL — REPAIRED G2 OOF,2916,4548,adsorbate,zero_residual_v1,64,0,1,,,,,,1,1
canonical,CANONICAL — REPAIRED G2 OOF,2917,4551,interstitial,zero_residual_v1,64,0,1,,,,,,1,1
canonical,CANONICAL — REPAIRED G2 OOF,2918,4552,adsorbate,zero_residual_v1,64,0,1,,,,,,1,1
canonical,CANONICAL — REPAIRED G2 OOF,2919,4557,adsorbate,zero_residual_v1,64,0,1,,,,,,1,1
canonical,CANONICAL — REPAIRED G2 OOF,2920,4561,adsorbate,zero_residual_v1,64,0,1,,,,,,1,1
canonical,CANONICAL — REPAIRED G2 OOF,2921,4563,interstitial,zero_residual_v1,64,0,1,,,,,,1,1
canonical,CANONICAL — REPAIRED G2 OOF,2922,4565,adsorbate,zero_residual_v1,64,0,1,,,,,,1,1
canonical,CANONICAL — REPAIRED G2 OOF,2923,4567,adsorbate,zero_residual_v1,64,0,1,,,,,,1,1
canonical,CANONICAL — REPAIRED G2 OOF,2924,4570,adsorbate,zero_residual_v1,64,0,1,,,,,,1,1
canonical,CANONICAL — REPAIRED G2 OOF,2925,4575,adsorbate,zero_residual_v1,64,0,1,,,,,,1,1
canonical,CANONICAL — REPAIRED G2 OOF,2926,4578,interstitial,zero_residual_v1,64,0,1,,,,,,1,1
canonical,CANONICAL — REPAIRED G2 OOF,2927,4580,adsorbate,zero_residual_v1,64,0,1,,,,,,1,1
canonical,CANONICAL — REPAIRED G2 OOF,2928,4583,interstitial,zero_residual_v1,64,0,1,,,,,,1,1
canonical,CANONICAL — REPAIRED G2 OOF,2929,4585,adsorbate,zero_residual_v1,64,0,1,,,,,,1,1
canonical,CANONICAL — REPAIRED G2 OOF,2930,4589,adsorbate,zero_residual_v1,64,0,1,,,,,,1,1
canonical,CANONICAL — REPAIRED G2 OOF,2931,4590,adsorbate,zero_residual_v1,64,0,1,,,,,,1,1
canonical,CANONICAL — REPAIRED G2 OOF,2932,4596,adsorbate,zero_residual_v1,64,0,1,,,,,,1,1
canonical,CANONICAL — REPAIRED G2 OOF,2933,4597,adsorbate,zero_residual_v1,64,0,1,,,,,,1,1
canonical,CANONICAL — REPAIRED G2 OOF,2934,4598,adsorbate,zero_residual_v1,64,0,1,,,,,,1,1
canonical,CANONICAL — REPAIRED G2 OOF,2935,4599,interstitial,zero_residual_v1,64,0,1,,,,,,1,1
canonical,CANONICAL — REPAIRED G2 OOF,2936,4600,adsorbate,zero_residual_v1,64,0,1,,,,,,1,1
canonical,CANONICAL — REPAIRED G2 OOF,2937,4602,interstitial,zero_residual_v1,64,0,1,,,,,,1,1
canonical,CANONICAL — REPAIRED G2 OOF,2938,4605,adsorbate,zero_residual_v1,64,0,1,,,,,,1,1
canonical,CANONICAL — REPAIRED G2 OOF,2939,4606,adsorbate,zero_residual_v1,64,0,1,,,,,,1,1
canonical,CANONICAL — REPAIRED G2 OOF,2940,4609,adsorbate,zero_residual_v1,64,0,1,,,,,,1,1
canonical,CANONICAL — REPAIRED G2 OOF,2941,4618,adsorbate,zero_residual_v1,64,0,1,,,,,,1,1
canonical,CANONICAL — REPAIRED G2 OOF,2942,4622,adsorbate,zero_residual_v1,64,0,1,,,,,,1,1
canonical,CANONICAL — REPAIRED G2 OOF,2943,4627,adsorbate,zero_residual_v1,64,0,1,,,,,,1,1
canonical,CANONICAL — REPAIRED G2 OOF,2944,4628,adsorbate,zero_residual_v1,64,0,1,,,,,,1,1
canonical,CANONICAL — REPAIRED G2 OOF,2945,4631,adsorbate,zero_residual_v1,64,0,1,,,,,,1,1
canonical,CANONICAL — REPAIRED G2 OOF,2947,4633,adsorbate,zero_residual_v1,64,0,1,,,,,,1,1
canonical,CANONICAL — REPAIRED G2 OOF,2948,4634,interstitial,zero_residual_v1,64,0,1,,,,,,1,1
canonical,CANONICAL — REPAIRED G2 OOF,2949,4643,adsorbate,zero_residual_v1,64,0,1,,,,,,1,1
canonical,CANONICAL — REPAIRED G2 OOF,2950,4644,adsorbate,zero_residual_v1,64,0,1,,,,,,1,1
canonical,CANONICAL — REPAIRED G2 OOF,2951,4652,adsorbate,zero_residual_v1,64,0,1,,,,,,1,1
canonical,CANONICAL — REPAIRED G2 OOF,2952,4658,adsorbate,zero_residual_v1,64,0,1,,,,,,1,1
canonical,CANONICAL — REPAIRED G2 OOF,2953,4659,adsorbate,zero_residual_v1,64,0,1,,,,,,1,1
canonical,CANONICAL — REPAIRED G2 OOF,2954,4660,adsorbate,zero_residual_v1,64,0,1,,,,,,1,1
canonical,CANONICAL — REPAIRED G2 OOF,2955,4661,adsorbate,zero_residual_v1,64,0,1,,,,,,1,1
canonical,CANONICAL — REPAIRED G2 OOF,2956,4662,adsorbate,zero_residual_v1,64,0,1,,,,,,1,1
canonical,CANONICAL — REPAIRED G2 OOF,2957,4663,interstitial,zero_residual_v1,64,0,1,,,,,,1,1
canonical,CANONICAL — REPAIRED G2 OOF,2958,4665,adsorbate,zero_residual_v1,64,0,1,,,,,,1,1
canonical,CANONICAL — REPAIRED G2 OOF,2959,4666,adsorbate,zero_residual_v1,64,0,1,,,,,,1,1
canonical,CANONICAL — REPAIRED G2 OOF,2961,4672,interstitial,zero_residual_v1,64,0,1,,,,,,1,1
canonical,CANONICAL — REPAIRED G2 OOF,2963,4680,adsorbate,zero_residual_v1,64,0,1,,,,,,1,1
canonical,CANONICAL — REPAIRED G2 OOF,2964,4685,interstitial,zero_residual_v1,64,0,1,,,,,,1,1
canonical,CANONICAL — REPAIRED G2 OOF,2965,4686,adsorbate,zero_residual_v1,64,0,1,,,,,,1,1
canonical,CANONICAL — REPAIRED G2 OOF,2966,4687,interstitial,zero_residual_v1,64,0,1,,,,,,1,1
canonical,CANONICAL — REPAIRED G2 OOF,2967,4688,adsorbate,zero_residual_v1,64,0,1,,,,,,1,1
canonical,CANONICAL — REPAIRED G2 OOF,2968,4692,interstitial,zero_residual_v1,64,0,1,,,,,,1,1
canonical,CANONICAL — REPAIRED G2 OOF,2969,4695,adsorbate,zero_residual_v1,64,0,1,,,,,,1,1
canonical,CANONICAL — REPAIRED G2 OOF,2970,4696,adsorbate,zero_residual_v1,64,0,1,,,,,,1,1
canonical,CANONICAL — REPAIRED G2 OOF,2971,4697,adsorbate,zero_residual_v1,64,0,1,,,,,,1,1
canonical,CANONICAL — REPAIRED G2 OOF,2972,4698,adsorbate,zero_residual_v1,64,0,1,,,,,,1,1
canonical,CANONICAL — REPAIRED G2 OOF,2973,4700,interstitial,zero_residual_v1,64,0,1,,,,,,1,1
canonical,CANONICAL — REPAIRED G2 OOF,2974,4703,adsorbate,zero_residual_v1,64,0,1,,,,,,1,1
canonical,CANONICAL — REPAIRED G2 OOF,2975,4705,interstitial,zero_residual_v1,64,0,1,,,,,,1,1
canonical,CANONICAL — REPAIRED G2 OOF,2976,4707,adsorbate,zero_residual_v1,64,0,1,,,,,,1,1
canonical,CANONICAL — REPAIRED G2 OOF,2977,4708,interstitial,zero_residual_v1,64,0,1,,,,,,1,1
canonical,CANONICAL — REPAIRED G2 OOF,2979,4725,interstitial,zero_residual_v1,64,0,1,,,,,,1,1
canonical,CANONICAL — REPAIRED G2 OOF,2981,4730,adsorbate,zero_residual_v1,64,0,1,,,,,,1,1
canonical,CANONICAL — REPAIRED G2 OOF,2982,4734,adsorbate,zero_residual_v1,64,0,1,,,,,,1,1
canonical,CANONICAL — REPAIRED G2 OOF,2983,4737,adsorbate,zero_residual_v1,64,0,1,,,,,,1,1
canonical,CANONICAL — REPAIRED G2 OOF,2984,4738,adsorbate,zero_residual_v1,64,0,1,,,,,,1,1
canonical,CANONICAL — REPAIRED G2 OOF,2985,4739,adsorbate,zero_residual_v1,64,0,1,,,,,,1,1
canonical,CANONICAL — REPAIRED G2 OOF,2987,4742,adsorbate,zero_residual_v1,64,0,1,,,,,,1,1
canonical,CANONICAL — REPAIRED G2 OOF,2988,4743,adsorbate,zero_residual_v1,64,0,1,,,,,,1,1
canonical,CANONICAL — REPAIRED G2 OOF,2989,4746,interstitial,zero_residual_v1,64,0,1,,,,,,1,1
canonical,CANONICAL — REPAIRED G2 OOF,2990,4748,adsorbate,zero_residual_v1,64,0,1,,,,,,1,1
canonical,CANONICAL — REPAIRED G2 OOF,2991,4749,adsorbate,zero_residual_v1,64,0,1,,,,,,1,1
canonical,CANONICAL — REPAIRED G2 OOF,2992,4752,adsorbate,zero_residual_v1,64,0,1,,,,,,1,1
canonical,CANONICAL — REPAIRED G2 OOF,2993,4755,interstitial,zero_residual_v1,64,0,1,,,,,,1,1
canonical,CANONICAL — REPAIRED G2 OOF,2994,4757,adsorbate,zero_residual_v1,64,0,1,,,,,,1,1
canonical,CANONICAL — REPAIRED G2 OOF,2995,4761,interstitial,zero_residual_v1,64,0,1,,,,,,1,1
canonical,CANONICAL — REPAIRED G2 OOF,2996,4762,adsorbate,zero_residual_v1,64,0,1,,,,,,1,1
canonical,CANONICAL — REPAIRED G2 OOF,2998,4769,adsorbate,zero_residual_v1,64,0,1,,,,,,1,1
canonical,CANONICAL — REPAIRED G2 OOF,2999,4771,interstitial,zero_residual_v1,64,0,1,,,,,,1,1
canonical,CANONICAL — REPAIRED G2 OOF,3000,4772,adsorbate,zero_residual_v1,64,0,1,,,,,,1,1
canonical,CANONICAL — REPAIRED G2 OOF,3001,4774,adsorbate,zero_residual_v1,64,0,1,,,,,,1,1
canonical,CANONICAL — REPAIRED G2 OOF,3002,4776,adsorbate,zero_residual_v1,64,0,1,,,,,,1,1
canonical,CANONICAL — REPAIRED G2 OOF,3003,4777,adsorbate,zero_residual_v1,64,0,1,,,,,,1,1
canonical,CANONICAL — REPAIRED G2 OOF,3004,4778,adsorbate,zero_residual_v1,64,0,1,,,,,,1,1
canonical,CANONICAL — REPAIRED G2 OOF,3005,4783,adsorbate,zero_residual_v1,64,0,1,,,,,,1,1
canonical,CANONICAL — REPAIRED G2 OOF,3006,4784,adsorbate,zero_residual_v1,64,0,1,,,,,,1,1
canonical,CANONICAL — REPAIRED G2 OOF,3007,4788,adsorbate,zero_residual_v1,64,0,1,,,,,,1,1
canonical,CANONICAL — REPAIRED G2 OOF,3009,4790,adsorbate,zero_residual_v1,64,0,1,,,,,,1,1
canonical,CANONICAL — REPAIRED G2 OOF,3011,4795,adsorbate,zero_residual_v1,64,0,1,,,,,,1,1
canonical,CANONICAL — REPAIRED G2 OOF,3012,4797,adsorbate,zero_residual_v1,64,0,1,,,,,,1,1
canonical,CANONICAL — REPAIRED G2 OOF,3013,4804,adsorbate,zero_residual_v1,64,0,1,,,,,,1,1
canonical,CANONICAL — REPAIRED G2 OOF,3014,4810,adsorbate,zero_residual_v1,64,0,1,,,,,,1,1
canonical,CANONICAL — REPAIRED G2 OOF,3015,4819,adsorbate,zero_residual_v1,64,0,1,,,,,,1,1
canonical,CANONICAL — REPAIRED G2 OOF,3016,4820,adsorbate,zero_residual_v1,64,0,1,,,,,,1,1
canonical,CANONICAL — REPAIRED G2 OOF,3017,4821,adsorbate,zero_residual_v1,64,0,1,,,,,,1,1
canonical,CANONICAL — REPAIRED G2 OOF,3018,4822,interstitial,zero_residual_v1,64,0,1,,,,,,1,1
canonical,CANONICAL — REPAIRED G2 OOF,3019,4824,adsorbate,zero_residual_v1,64,0,1,,,,,,1,1
canonical,CANONICAL — REPAIRED G2 OOF,3020,4826,adsorbate,zero_residual_v1,64,0,1,,,,,,1,1
canonical,CANONICAL — REPAIRED G2 OOF,3021,4830,adsorbate,zero_residual_v1,64,0,1,,,,,,1,1
canonical,CANONICAL — REPAIRED G2 OOF,3022,4832,adsorbate,zero_residual_v1,64,0,1,,,,,,1,1
canonical,CANONICAL — REPAIRED G2 OOF,3023,4836,adsorbate,zero_residual_v1,64,0,1,,,,,,1,1
canonical,CANONICAL — REPAIRED G2 OOF,3024,4841,adsorbate,zero_residual_v1,64,0,1,,,,,,1,1
canonical,CANONICAL — REPAIRED G2 OOF,3025,4842,adsorbate,zero_residual_v1,64,0,1,,,,,,1,1
canonical,CANONICAL — REPAIRED G2 OOF,3026,4844,adsorbate,zero_residual_v1,64,0,1,,,,,,1,1
canonical,CANONICAL — REPAIRED G2 OOF,3027,4846,adsorbate,zero_residual_v1,64,0,1,,,,,,1,1
canonical,CANONICAL — REPAIRED G2 OOF,3028,4848,adsorbate,zero_residual_v1,64,0,1,,,,,,1,1
canonical,CANONICAL — REPAIRED G2 OOF,3029,4849,adsorbate,zero_residual_v1,64,0,1,,,,,,1,1
canonical,CANONICAL — REPAIRED G2 OOF,3030,4850,interstitial,zero_residual_v1,64,0,1,,,,,,1,1
canonical,CANONICAL — REPAIRED G2 OOF,3031,4852,adsorbate,zero_residual_v1,64,0,1,,,,,,1,1
canonical,CANONICAL — REPAIRED G2 OOF,3032,4853,interstitial,zero_residual_v1,64,0,1,,,,,,1,1
canonical,CANONICAL — REPAIRED G2 OOF,3033,4855,adsorbate,zero_residual_v1,64,0,1,,,,,,1,1
canonical,CANONICAL — REPAIRED G2 OOF,3034,4857,adsorbate,zero_residual_v1,64,0,1,,,,,,1,1
canonical,CANONICAL — REPAIRED G2 OOF,3035,4861,adsorbate,zero_residual_v1,64,0,1,,,,,,1,1
canonical,CANONICAL — REPAIRED G2 OOF,3036,4864,adsorbate,zero_residual_v1,64,0,1,,,,,,1,1
canonical,CANONICAL — REPAIRED G2 OOF,3037,4865,interstitial,zero_residual_v1,64,0,1,,,,,,1,1
canonical,CANONICAL — REPAIRED G2 OOF,3039,4870,adsorbate,zero_residual_v1,64,0,1,,,,,,1,1
canonical,CANONICAL — REPAIRED G2 OOF,3040,4873,adsorbate,zero_residual_v1,64,0,1,,,,,,1,1
canonical,CANONICAL — REPAIRED G2 OOF,3041,4876,adsorbate,zero_residual_v1,64,0,1,,,,,,1,1
canonical,CANONICAL — REPAIRED G2 OOF,3042,4878,adsorbate,zero_residual_v1,64,0,1,,,,,,1,1
canonical,CANONICAL — REPAIRED G2 OOF,3043,4879,adsorbate,zero_residual_v1,64,0,1,,,,,,1,1
canonical,CANONICAL — REPAIRED G2 OOF,3044,4881,interstitial,zero_residual_v1,64,0,1,,,,,,1,1
canonical,CANONICAL — REPAIRED G2 OOF,3045,4887,adsorbate,zero_residual_v1,64,0,1,,,,,,1,1
canonical,CANONICAL — REPAIRED G2 OOF,3046,4890,interstitial,zero_residual_v1,64,0,1,,,,,,1,1
canonical,CANONICAL — REPAIRED G2 OOF,3047,4891,adsorbate,zero_residual_v1,64,0,1,,,,,,1,1
canonical,CANONICAL — REPAIRED G2 OOF,3048,4899,adsorbate,zero_residual_v1,64,0,1,,,,,,1,1
canonical,CANONICAL — REPAIRED G2 OOF,3049,4905,adsorbate,zero_residual_v1,64,0,1,,,,,,1,1
canonical,CANONICAL — REPAIRED G2 OOF,3050,4907,adsorbate,zero_residual_v1,64,0,1,,,,,,1,1
canonical,CANONICAL — REPAIRED G2 OOF,3051,4909,adsorbate,zero_residual_v1,64,0,1,,,,,,1,1
canonical,CANONICAL — REPAIRED G2 OOF,3052,4912,adsorbate,zero_residual_v1,64,0,1,,,,,,1,1
canonical,CANONICAL — REPAIRED G2 OOF,3053,4913,adsorbate,zero_residual_v1,64,0,1,,,,,,1,1
canonical,CANONICAL — REPAIRED G2 OOF,3054,4921,adsorbate,zero_residual_v1,64,0,1,,,,,,1,1
canonical,CANONICAL — REPAIRED G2 OOF,3055,4923,adsorbate,zero_residual_v1,64,0,1,,,,,,1,1
canonical,CANONICAL — REPAIRED G2 OOF,3056,4924,adsorbate,zero_residual_v1,64,0,1,,,,,,1,1
canonical,CANONICAL — REPAIRED G2 OOF,3057,4925,interstitial,zero_residual_v1,64,0,1,,,,,,1,1
canonical,CANONICAL — REPAIRED G2 OOF,3058,4926,adsorbate,zero_residual_v1,64,0,1,,,,,,1,1
canonical,CANONICAL — REPAIRED G2 OOF,3059,4927,adsorbate,zero_residual_v1,64,0,1,,,,,,1,1
canonical,CANONICAL — REPAIRED G2 OOF,3060,4931,adsorbate,zero_residual_v1,64,0,1,,,,,,1,1
canonical,CANONICAL — REPAIRED G2 OOF,3061,4932,adsorbate,zero_residual_v1,64,0,1,,,,,,1,1
canonical,CANONICAL — REPAIRED G2 OOF,3062,4933,adsorbate,zero_residual_v1,64,0,1,,,,,,1,1
canonical,CANONICAL — REPAIRED G2 OOF,3063,4937,adsorbate,zero_residual_v1,64,0,1,,,,,,1,1
canonical,CANONICAL — REPAIRED G2 OOF,3064,4939,interstitial,zero_residual_v1,64,0,1,,,,,,1,1
canonical,CANONICAL — REPAIRED G2 OOF,3065,4940,adsorbate,zero_residual_v1,64,0,1,,,,,,1,1
canonical,CANONICAL — REPAIRED G2 OOF,3066,4942,adsorbate,zero_residual_v1,64,0,1,,,,,,1,1
canonical,CANONICAL — REPAIRED G2 OOF,3067,4943,adsorbate,zero_residual_v1,64,0,1,,,,,,1,1
canonical,CANONICAL — REPAIRED G2 OOF,3068,4948,adsorbate,zero_residual_v1,64,0,1,,,,,,1,1
canonical,CANONICAL — REPAIRED G2 OOF,3069,4960,adsorbate,zero_residual_v1,64,0,1,,,,,,1,1
canonical,CANONICAL — REPAIRED G2 OOF,3070,4965,adsorbate,zero_residual_v1,64,0,1,,,,,,1,1
canonical,CANONICAL — REPAIRED G2 OOF,3071,4970,adsorbate,zero_residual_v1,64,0,1,,,,,,1,1
canonical,CANONICAL — REPAIRED G2 OOF,3072,4971,adsorbate,zero_residual_v1,64,0,1,,,,,,1,1
canonical,CANONICAL — REPAIRED G2 OOF,3073,4972,adsorbate,zero_residual_v1,64,0,1,,,,,,1,1
canonical,CANONICAL — REPAIRED G2 OOF,3074,4974,adsorbate,zero_residual_v1,64,0,1,,,,,,1,1
canonical,CANONICAL — REPAIRED G2 OOF,3075,4978,adsorbate,zero_residual_v1,64,0,1,,,,,,1,1
canonical,CANONICAL — REPAIRED G2 OOF,3076,4979,interstitial,zero_residual_v1,64,0,1,,,,,,1,1
canonical,CANONICAL — REPAIRED G2 OOF,3077,4981,adsorbate,zero_residual_v1,64,0,1,,,,,,1,1
canonical,CANONICAL — REPAIRED G2 OOF,3078,4983,adsorbate,zero_residual_v1,64,0,1,,,,,,1,1
canonical,CANONICAL — REPAIRED G2 OOF,3079,4984,adsorbate,zero_residual_v1,64,0,1,,,,,,1,1
canonical,CANONICAL — REPAIRED G2 OOF,3080,4992,adsorbate,zero_residual_v1,64,0,1,,,,,,1,1
canonical,CANONICAL — REPAIRED G2 OOF,3081,4993,interstitial,zero_residual_v1,64,0,1,,,,,,1,1
canonical,CANONICAL — REPAIRED G2 OOF,3083,4998,adsorbate,zero_residual_v1,64,0,1,,,,,,1,1
canonical,CANONICAL — REPAIRED G2 OOF,3084,4999,adsorbate,zero_residual_v1,64,0,1,,,,,,1,1
canonical,CANONICAL — REPAIRED G2 OOF,3085,5000,adsorbate,zero_residual_v1,64,0,1,,,,,,1,1
canonical,CANONICAL — REPAIRED G2 OOF,3086,5005,adsorbate,zero_residual_v1,64,0,1,,,,,,1,1
canonical,CANONICAL — REPAIRED G2 OOF,3087,5014,adsorbate,zero_residual_v1,64,0,1,,,,,,1,1
canonical,CANONICAL — REPAIRED G2 OOF,3088,5018,adsorbate,zero_residual_v1,64,0,1,,,,,,1,1
canonical,CANONICAL — REPAIRED G2 OOF,3089,5026,adsorbate,zero_residual_v1,64,0,1,,,,,,1,1
canonical,CANONICAL — REPAIRED G2 OOF,3090,5029,adsorbate,zero_residual_v1,64,0,1,,,,,,1,1
canonical,CANONICAL — REPAIRED G2 OOF,3091,5030,adsorbate,zero_residual_v1,64,0,1,,,,,,1,1
canonical,CANONICAL — REPAIRED G2 OOF,3092,5031,adsorbate,zero_residual_v1,64,0,1,,,,,,1,1
canonical,CANONICAL — REPAIRED G2 OOF,3093,5034,adsorbate,zero_residual_v1,64,0,1,,,,,,1,1
canonical,CANONICAL — REPAIRED G2 OOF,3094,5037,interstitial,zero_residual_v1,64,0,1,,,,,,1,1
canonical,CANONICAL — REPAIRED G2 OOF,3095,5038,adsorbate,zero_residual_v1,64,0,1,,,,,,1,1
canonical,CANONICAL — REPAIRED G2 OOF,3096,5042,adsorbate,zero_residual_v1,64,0,1,,,,,,1,1
canonical,CANONICAL — REPAIRED G2 OOF,3097,5045,adsorbate,zero_residual_v1,64,0,1,,,,,,1,1
canonical,CANONICAL — REPAIRED G2 OOF,3098,5047,adsorbate,zero_residual_v1,64,0,1,,,,,,1,1
canonical,CANONICAL — REPAIRED G2 OOF,3099,5052,adsorbate,zero_residual_v1,64,0,1,,,,,,1,1
canonical,CANONICAL — REPAIRED G2 OOF,3100,5053,interstitial,zero_residual_v1,64,0,1,,,,,,1,1
canonical,CANONICAL — REPAIRED G2 OOF,3101,5056,adsorbate,zero_residual_v1,64,0,1,,,,,,1,1
canonical,CANONICAL — REPAIRED G2 OOF,3102,5059,adsorbate,zero_residual_v1,64,0,1,,,,,,1,1
canonical,CANONICAL — REPAIRED G2 OOF,3103,5061,adsorbate,zero_residual_v1,64,0,1,,,,,,1,1
canonical,CANONICAL — REPAIRED G2 OOF,3104,5063,interstitial,zero_residual_v1,64,0,1,,,,,,1,1
canonical,CANONICAL — REPAIRED G2 OOF,3105,5064,adsorbate,zero_residual_v1,64,0,1,,,,,,1,1
canonical,CANONICAL — REPAIRED G2 OOF,3106,5068,adsorbate,zero_residual_v1,64,0,1,,,,,,1,1
canonical,CANONICAL — REPAIRED G2 OOF,3107,5070,adsorbate,zero_residual_v1,64,0,1,,,,,,1,1
canonical,CANONICAL — REPAIRED G2 OOF,3108,5071,adsorbate,zero_residual_v1,64,0,1,,,,,,1,1
canonical,CANONICAL — REPAIRED G2 OOF,3109,5079,adsorbate,zero_residual_v1,64,0,1,,,,,,1,1
canonical,CANONICAL — REPAIRED G2 OOF,3110,5087,adsorbate,zero_residual_v1,64,0,1,,,,,,1,1
canonical,CANONICAL — REPAIRED G2 OOF,3111,5090,adsorbate,zero_residual_v1,64,0,1,,,,,,1,1
canonical,CANONICAL — REPAIRED G2 OOF,3112,5091,adsorbate,zero_residual_v1,64,0,1,,,,,,1,1
canonical,CANONICAL — REPAIRED G2 OOF,3113,5092,adsorbate,zero_residual_v1,64,0,1,,,,,,1,1
canonical,CANONICAL — REPAIRED G2 OOF,3114,5094,adsorbate,zero_residual_v1,64,0,1,,,,,,1,1
canonical,CANONICAL — REPAIRED G2 OOF,3115,5096,adsorbate,zero_residual_v1,64,0,1,,,,,,1,1
canonical,CANONICAL — REPAIRED G2 OOF,3116,5097,interstitial,zero_residual_v1,64,0,1,,,,,,1,1
canonical,CANONICAL — REPAIRED G2 OOF,3118,5102,adsorbate,zero_residual_v1,64,0,1,,,,,,1,1
canonical,CANONICAL — REPAIRED G2 OOF,3119,5106,adsorbate,zero_residual_v1,64,0,1,,,,,,1,1
canonical,CANONICAL — REPAIRED G2 OOF,3120,5108,adsorbate,zero_residual_v1,64,0,1,,,,,,1,1
canonical,CANONICAL — REPAIRED G2 OOF,3121,5110,adsorbate,zero_residual_v1,64,0,1,,,,,,1,1
canonical,CANONICAL — REPAIRED G2 OOF,3122,5113,interstitial,zero_residual_v1,64,0,1,,,,,,1,1
canonical,CANONICAL — REPAIRED G2 OOF,3123,5114,adsorbate,zero_residual_v1,64,0,1,,,,,,1,1
canonical,CANONICAL — REPAIRED G2 OOF,3124,5115,interstitial,zero_residual_v1,64,0,1,,,,,,1,1
canonical,CANONICAL — REPAIRED G2 OOF,3125,5116,adsorbate,zero_residual_v1,64,0,1,,,,,,1,1
canonical,CANONICAL — REPAIRED G2 OOF,3126,5120,adsorbate,zero_residual_v1,64,0,1,,,,,,1,1
canonical,CANONICAL — REPAIRED G2 OOF,3127,5121,interstitial,zero_residual_v1,64,0,1,,,,,,1,1
canonical,CANONICAL — REPAIRED G2 OOF,3128,5122,adsorbate,zero_residual_v1,64,0,1,,,,,,1,1
canonical,CANONICAL — REPAIRED G2 OOF,3129,5124,adsorbate,zero_residual_v1,64,0,1,,,,,,1,1
canonical,CANONICAL — REPAIRED G2 OOF,3130,5125,adsorbate,zero_residual_v1,64,0,1,,,,,,1,1
canonical,CANONICAL — REPAIRED G2 OOF,3131,5126,adsorbate,zero_residual_v1,64,0,1,,,,,,1,1
canonical,CANONICAL — REPAIRED G2 OOF,3132,5142,adsorbate,zero_residual_v1,64,0,1,,,,,,1,1
canonical,CANONICAL — REPAIRED G2 OOF,3133,5145,adsorbate,zero_residual_v1,64,0,1,,,,,,1,1
canonical,CANONICAL — REPAIRED G2 OOF,3134,5149,adsorbate,zero_residual_v1,64,0,1,,,,,,1,1
canonical,CANONICAL — REPAIRED G2 OOF,3135,5151,interstitial,zero_residual_v1,64,0,1,,,,,,1,1
canonical,CANONICAL — REPAIRED G2 OOF,3137,5153,adsorbate,zero_residual_v1,64,0,1,,,,,,1,1
canonical,CANONICAL — REPAIRED G2 OOF,3139,5157,adsorbate,zero_residual_v1,64,0,1,,,,,,1,1
canonical,CANONICAL — REPAIRED G2 OOF,3140,5159,adsorbate,zero_residual_v1,64,0,1,,,,,,1,1
canonical,CANONICAL — REPAIRED G2 OOF,3141,5162,adsorbate,zero_residual_v1,64,0,1,,,,,,1,1
canonical,CANONICAL — REPAIRED G2 OOF,3142,5165,adsorbate,zero_residual_v1,64,0,1,,,,,,1,1
canonical,CANONICAL — REPAIRED G2 OOF,3143,5167,adsorbate,zero_residual_v1,64,0,1,,,,,,1,1
canonical,CANONICAL — REPAIRED G2 OOF,3144,5168,adsorbate,zero_residual_v1,64,0,1,,,,,,1,1
canonical,CANONICAL — REPAIRED G2 OOF,3145,5169,interstitial,zero_residual_v1,64,0,1,,,,,,1,1
canonical,CANONICAL — REPAIRED G2 OOF,3146,5173,adsorbate,zero_residual_v1,64,0,1,,,,,,1,1
canonical,CANONICAL — REPAIRED G2 OOF,3147,5175,interstitial,zero_residual_v1,64,0,1,,,,,,1,1
canonical,CANONICAL — REPAIRED G2 OOF,3148,5176,adsorbate,zero_residual_v1,64,0,1,,,,,,1,1
canonical,CANONICAL — REPAIRED G2 OOF,3149,5178,adsorbate,zero_residual_v1,64,0,1,,,,,,1,1
canonical,CANONICAL — REPAIRED G2 OOF,3150,5182,adsorbate,zero_residual_v1,64,0,1,,,,,,1,1
canonical,CANONICAL — REPAIRED G2 OOF,3151,5183,interstitial,zero_residual_v1,64,0,1,,,,,,1,1
canonical,CANONICAL — REPAIRED G2 OOF,3152,5189,adsorbate,zero_residual_v1,64,0,1,,,,,,1,1
canonical,CANONICAL — REPAIRED G2 OOF,3153,5191,adsorbate,zero_residual_v1,64,0,1,,,,,,1,1
canonical,CANONICAL — REPAIRED G2 OOF,3154,5194,interstitial,zero_residual_v1,64,0,1,,,,,,1,1
canonical,CANONICAL — REPAIRED G2 OOF,3155,5196,adsorbate,zero_residual_v1,64,0,1,,,,,,1,1
canonical,CANONICAL — REPAIRED G2 OOF,3157,5199,interstitial,zero_residual_v1,64,0,1,,,,,,1,1
canonical,CANONICAL — REPAIRED G2 OOF,3158,5200,interstitial,zero_residual_v1,64,0,1,,,,,,1,1
canonical,CANONICAL — REPAIRED G2 OOF,3159,5202,adsorbate,zero_residual_v1,64,0,1,,,,,,1,1
canonical,CANONICAL — REPAIRED G2 OOF,3160,5204,adsorbate,zero_residual_v1,64,0,1,,,,,,1,1
canonical,CANONICAL — REPAIRED G2 OOF,3161,5211,adsorbate,zero_residual_v1,64,0,1,,,,,,1,1
canonical,CANONICAL — REPAIRED G2 OOF,3162,5215,adsorbate,zero_residual_v1,64,0,1,,,,,,1,1
canonical,CANONICAL — REPAIRED G2 OOF,3163,5219,adsorbate,zero_residual_v1,64,0,1,,,,,,1,1
canonical,CANONICAL — REPAIRED G2 OOF,3164,5220,interstitial,zero_residual_v1,64,0,1,,,,,,1,1
canonical,CANONICAL — REPAIRED G2 OOF,3165,5223,interstitial,zero_residual_v1,64,0,1,,,,,,1,1
canonical,CANONICAL — REPAIRED G2 OOF,3166,5225,adsorbate,zero_residual_v1,64,0,1,,,,,,1,1
canonical,CANONICAL — REPAIRED G2 OOF,3167,5226,adsorbate,zero_residual_v1,64,0,1,,,,,,1,1
canonical,CANONICAL — REPAIRED G2 OOF,3168,5230,adsorbate,zero_residual_v1,64,0,1,,,,,,1,1
canonical,CANONICAL — REPAIRED G2 OOF,3169,5232,adsorbate,zero_residual_v1,64,0,1,,,,,,1,1
canonical,CANONICAL — REPAIRED G2 OOF,3170,5247,adsorbate,zero_residual_v1,64,0,1,,,,,,1,1
canonical,CANONICAL — REPAIRED G2 OOF,3171,5252,interstitial,zero_residual_v1,64,0,1,,,,,,1,1
canonical,CANONICAL — REPAIRED G2 OOF,3172,5253,adsorbate,zero_residual_v1,64,0,1,,,,,,1,1
canonical,CANONICAL — REPAIRED G2 OOF,3173,5257,interstitial,zero_residual_v1,64,0,1,,,,,,1,1
canonical,CANONICAL — REPAIRED G2 OOF,3174,5258,adsorbate,zero_residual_v1,64,0,1,,,,,,1,1
canonical,CANONICAL — REPAIRED G2 OOF,3175,5259,adsorbate,zero_residual_v1,64,0,1,,,,,,1,1
canonical,CANONICAL — REPAIRED G2 OOF,3176,5262,interstitial,zero_residual_v1,64,0,1,,,,,,1,1
canonical,CANONICAL — REPAIRED G2 OOF,3177,5265,adsorbate,zero_residual_v1,64,0,1,,,,,,1,1
canonical,CANONICAL — REPAIRED G2 OOF,3178,5267,interstitial,zero_residual_v1,64,0,1,,,,,,1,1
canonical,CANONICAL — REPAIRED G2 OOF,3179,5272,adsorbate,zero_residual_v1,64,0,1,,,,,,1,1
canonical,CANONICAL — REPAIRED G2 OOF,3181,5277,adsorbate,zero_residual_v1,64,0,1,,,,,,1,1
canonical,CANONICAL — REPAIRED G2 OOF,3182,5279,adsorbate,zero_residual_v1,64,0,1,,,,,,1,1
canonical,CANONICAL — REPAIRED G2 OOF,3183,5282,adsorbate,zero_residual_v1,64,0,1,,,,,,1,1
canonical,CANONICAL — REPAIRED G2 OOF,3185,5293,adsorbate,zero_residual_v1,64,0,1,,,,,,1,1
canonical,CANONICAL — REPAIRED G2 OOF,3186,5295,interstitial,zero_residual_v1,64,0,1,,,,,,1,1
canonical,CANONICAL — REPAIRED G2 OOF,3187,5296,adsorbate,zero_residual_v1,64,0,1,,,,,,1,1
canonical,CANONICAL — REPAIRED G2 OOF,3188,5298,adsorbate,zero_residual_v1,64,0,1,,,,,,1,1
canonical,CANONICAL — REPAIRED G2 OOF,3189,5303,adsorbate,zero_residual_v1,64,0,1,,,,,,1,1
canonical,CANONICAL — REPAIRED G2 OOF,3190,5305,adsorbate,zero_residual_v1,64,0,1,,,,,,1,1
canonical,CANONICAL — REPAIRED G2 OOF,3191,5310,adsorbate,zero_residual_v1,64,0,1,,,,,,1,1
canonical,CANONICAL — REPAIRED G2 OOF,3192,5311,adsorbate,zero_residual_v1,64,0,1,,,,,,1,1
canonical,CANONICAL — REPAIRED G2 OOF,3193,5314,adsorbate,zero_residual_v1,64,0,1,,,,,,1,1
canonical,CANONICAL — REPAIRED G2 OOF,3194,5318,adsorbate,zero_residual_v1,64,0,1,,,,,,1,1
canonical,CANONICAL — REPAIRED G2 OOF,3195,5319,adsorbate,zero_residual_v1,64,0,1,,,,,,1,1
canonical,CANONICAL — REPAIRED G2 OOF,3196,5320,adsorbate,zero_residual_v1,64,0,1,,,,,,1,1
canonical,CANONICAL — REPAIRED G2 OOF,3197,5323,interstitial,zero_residual_v1,64,0,1,,,,,,1,1
canonical,CANONICAL — REPAIRED G2 OOF,3198,5334,adsorbate,zero_residual_v1,64,0,1,,,,,,1,1
canonical,CANONICAL — REPAIRED G2 OOF,3199,5336,adsorbate,zero_residual_v1,64,0,1,,,,,,1,1
canonical,CANONICAL — REPAIRED G2 OOF,3200,5338,adsorbate,zero_residual_v1,64,0,1,,,,,,1,1
canonical,CANONICAL — REPAIRED G2 OOF,3201,5340,adsorbate,zero_residual_v1,64,0,1,,,,,,1,1
canonical,CANONICAL — REPAIRED G2 OOF,3202,5341,adsorbate,zero_residual_v1,64,0,1,,,,,,1,1
canonical,CANONICAL — REPAIRED G2 OOF,3203,5347,adsorbate,zero_residual_v1,64,0,1,,,,,,1,1
canonical,CANONICAL — REPAIRED G2 OOF,3204,5352,adsorbate,zero_residual_v1,64,0,1,,,,,,1,1
canonical,CANONICAL — REPAIRED G2 OOF,3205,5353,adsorbate,zero_residual_v1,64,0,1,,,,,,1,1
canonical,CANONICAL — REPAIRED G2 OOF,3206,5354,interstitial,zero_residual_v1,64,0,1,,,,,,1,1
canonical,CANONICAL — REPAIRED G2 OOF,3207,5360,interstitial,zero_residual_v1,64,0,1,,,,,,1,1
canonical,CANONICAL — REPAIRED G2 OOF,3208,5370,adsorbate,zero_residual_v1,64,0,1,,,,,,1,1
canonical,CANONICAL — REPAIRED G2 OOF,3209,5376,adsorbate,zero_residual_v1,64,0,1,,,,,,1,1
canonical,CANONICAL — REPAIRED G2 OOF,3210,5379,adsorbate,zero_residual_v1,64,0,1,,,,,,1,1
canonical,CANONICAL — REPAIRED G2 OOF,3211,5382,adsorbate,zero_residual_v1,64,0,1,,,,,,1,1
canonical,CANONICAL — REPAIRED G2 OOF,3212,5383,adsorbate,zero_residual_v1,64,0,1,,,,,,1,1
canonical,CANONICAL — REPAIRED G2 OOF,3213,5387,adsorbate,zero_residual_v1,64,0,1,,,,,,1,1
canonical,CANONICAL — REPAIRED G2 OOF,3214,5392,adsorbate,zero_residual_v1,64,0,1,,,,,,1,1
canonical,CANONICAL — REPAIRED G2 OOF,3215,5394,interstitial,zero_residual_v1,64,0,1,,,,,,1,1
canonical,CANONICAL — REPAIRED G2 OOF,3216,5396,interstitial,zero_residual_v1,64,0,1,,,,,,1,1
canonical,CANONICAL — REPAIRED G2 OOF,3217,5397,interstitial,zero_residual_v1,64,0,1,,,,,,1,1
canonical,CANONICAL — REPAIRED G2 OOF,3218,5400,adsorbate,zero_residual_v1,64,1,1,,,,local_abs_covalent_radius_mismatch_A|local_abs_electronegativity_contrast|local_abs_valence_mismatch|local_signed_covalent_radius_mismatch_A|local_signed_electronegativity_mismatch|local_signed_valence_mismatch|neighbor_distance_std_A|postrelaxation_min_clearance_A,,1,1
canonical,CANONICAL — REPAIRED G2 OOF,3219,5401,adsorbate,zero_residual_v1,64,0,1,,,,,,1,1
canonical,CANONICAL — REPAIRED G2 OOF,3220,5403,adsorbate,zero_residual_v1,64,0,1,,,,,,1,1
canonical,CANONICAL — REPAIRED G2 OOF,3221,5404,adsorbate,zero_residual_v1,64,0,1,,,,,,1,1
canonical,CANONICAL — REPAIRED G2 OOF,3222,5409,adsorbate,zero_residual_v1,64,0,1,,,,,,1,1
canonical,CANONICAL — REPAIRED G2 OOF,3223,5412,adsorbate,zero_residual_v1,64,0,1,,,,,,1,1
canonical,CANONICAL — REPAIRED G2 OOF,3224,5416,adsorbate,zero_residual_v1,64,0,1,,,,,,1,1
canonical,CANONICAL — REPAIRED G2 OOF,3225,5423,adsorbate,zero_residual_v1,64,0,1,,,,,,1,1
canonical,CANONICAL — REPAIRED G2 OOF,3226,5425,adsorbate,zero_residual_v1,64,0,1,,,,,,1,1
canonical,CANONICAL — REPAIRED G2 OOF,3227,5429,adsorbate,zero_residual_v1,64,0,1,,,,,,1,1
canonical,CANONICAL — REPAIRED G2 OOF,3228,5431,adsorbate,zero_residual_v1,64,0,1,,,,,,1,1
canonical,CANONICAL — REPAIRED G2 OOF,3229,5435,adsorbate,zero_residual_v1,64,0,1,,,,,,1,1
canonical,CANONICAL — REPAIRED G2 OOF,3230,5436,adsorbate,zero_residual_v1,64,0,1,,,,,,1,1
canonical,CANONICAL — REPAIRED G2 OOF,3231,5440,adsorbate,zero_residual_v1,64,0,1,,,,,,1,1
canonical,CANONICAL — REPAIRED G2 OOF,3232,5442,adsorbate,zero_residual_v1,64,0,1,,,,,,1,1
canonical,CANONICAL — REPAIRED G2 OOF,3233,5444,adsorbate,zero_residual_v1,64,0,1,,,,,,1,1
canonical,CANONICAL — REPAIRED G2 OOF,3234,5446,adsorbate,zero_residual_v1,64,0,1,,,,,,1,1
canonical,CANONICAL — REPAIRED G2 OOF,3235,5447,adsorbate,zero_residual_v1,64,0,1,,,,,,1,1
canonical,CANONICAL — REPAIRED G2 OOF,3236,5449,adsorbate,zero_residual_v1,64,0,1,,,,,,1,1
canonical,CANONICAL — REPAIRED G2 OOF,3237,5450,adsorbate,zero_residual_v1,64,0,1,,,,,,1,1
canonical,CANONICAL — REPAIRED G2 OOF,3238,5451,interstitial,zero_residual_v1,64,0,1,,,,,,1,1
canonical,CANONICAL — REPAIRED G2 OOF,3239,5453,adsorbate,zero_residual_v1,64,0,1,,,,,,1,1
canonical,CANONICAL — REPAIRED G2 OOF,3240,5456,adsorbate,zero_residual_v1,64,0,1,,,,,,1,1
canonical,CANONICAL — REPAIRED G2 OOF,3241,5457,adsorbate,zero_residual_v1,64,0,1,,,,,,1,1
canonical,CANONICAL — REPAIRED G2 OOF,3242,5460,adsorbate,zero_residual_v1,64,0,1,,,,,,1,1
canonical,CANONICAL — REPAIRED G2 OOF,3243,5468,interstitial,zero_residual_v1,64,0,1,,,,,,1,1
canonical,CANONICAL — REPAIRED G2 OOF,3244,5469,adsorbate,zero_residual_v1,64,0,1,,,,,,1,1
canonical,CANONICAL — REPAIRED G2 OOF,3245,5474,adsorbate,zero_residual_v1,64,0,1,,,,,,1,1
canonical,CANONICAL — REPAIRED G2 OOF,3246,5475,interstitial,zero_residual_v1,64,0,1,,,,,,1,1
canonical,CANONICAL — REPAIRED G2 OOF,3247,5480,adsorbate,zero_residual_v1,64,0,1,,,,,,1,1
canonical,CANONICAL — REPAIRED G2 OOF,3248,5486,adsorbate,zero_residual_v1,64,0,1,,,,,,1,1
canonical,CANONICAL — REPAIRED G2 OOF,3249,5488,adsorbate,zero_residual_v1,64,0,1,,,,,,1,1
canonical,CANONICAL — REPAIRED G2 OOF,3250,5490,adsorbate,zero_residual_v1,64,0,1,,,,,,1,1
canonical,CANONICAL — REPAIRED G2 OOF,3251,5491,adsorbate,zero_residual_v1,64,0,1,,,,,,1,1
canonical,CANONICAL — REPAIRED G2 OOF,3252,5492,interstitial,zero_residual_v1,64,0,1,,,,,,1,1
canonical,CANONICAL — REPAIRED G2 OOF,3253,5494,interstitial,zero_residual_v1,64,0,1,,,,,,1,1
canonical,CANONICAL — REPAIRED G2 OOF,3254,5495,adsorbate,zero_residual_v1,64,0,1,,,,,,1,1
canonical,CANONICAL — REPAIRED G2 OOF,3255,5496,adsorbate,zero_residual_v1,64,0,1,,,,,,1,1
canonical,CANONICAL — REPAIRED G2 OOF,3256,5497,interstitial,zero_residual_v1,64,0,1,,,,,,1,1
canonical,CANONICAL — REPAIRED G2 OOF,3257,5499,interstitial,zero_residual_v1,64,0,1,,,,,,1,1
canonical,CANONICAL — REPAIRED G2 OOF,3258,5500,adsorbate,zero_residual_v1,64,0,1,,,,,,1,1
canonical,CANONICAL — REPAIRED G2 OOF,3259,5503,interstitial,zero_residual_v1,64,0,1,,,,,,1,1
canonical,CANONICAL — REPAIRED G2 OOF,3260,5505,adsorbate,zero_residual_v1,64,0,1,,,,,,1,1
canonical,CANONICAL — REPAIRED G2 OOF,3261,5507,interstitial,zero_residual_v1,64,0,1,,,,,,1,1
canonical,CANONICAL — REPAIRED G2 OOF,3262,5508,adsorbate,zero_residual_v1,64,0,1,,,,,,1,1
canonical,CANONICAL — REPAIRED G2 OOF,3263,5509,adsorbate,zero_residual_v1,64,0,1,,,,,,1,1
canonical,CANONICAL — REPAIRED G2 OOF,3264,5512,adsorbate,zero_residual_v1,64,0,1,,,,,,1,1
canonical,CANONICAL — REPAIRED G2 OOF,3265,5515,adsorbate,zero_residual_v1,64,0,1,,,,,,1,1
canonical,CANONICAL — REPAIRED G2 OOF,3266,5516,adsorbate,zero_residual_v1,64,0,1,,,,,,1,1
canonical,CANONICAL — REPAIRED G2 OOF,3267,5520,adsorbate,zero_residual_v1,64,0,1,,,,,,1,1
canonical,CANONICAL — REPAIRED G2 OOF,3268,5523,interstitial,zero_residual_v1,64,0,1,,,,,,1,1
canonical,CANONICAL — REPAIRED G2 OOF,3269,5525,adsorbate,zero_residual_v1,64,0,1,,,,,,1,1
canonical,CANONICAL — REPAIRED G2 OOF,3270,5526,adsorbate,zero_residual_v1,64,0,1,,,,,,1,1
canonical,CANONICAL — REPAIRED G2 OOF,3271,5528,adsorbate,zero_residual_v1,64,0,1,,,,,,1,1
canonical,CANONICAL — REPAIRED G2 OOF,3272,5531,interstitial,zero_residual_v1,64,0,1,,,,,,1,1
canonical,CANONICAL — REPAIRED G2 OOF,3273,5533,interstitial,zero_residual_v1,64,0,1,,,,,,1,1
canonical,CANONICAL — REPAIRED G2 OOF,3274,5534,adsorbate,zero_residual_v1,64,0,1,,,,,,1,1
canonical,CANONICAL — REPAIRED G2 OOF,3275,5535,adsorbate,zero_residual_v1,64,0,1,,,,,,1,1
canonical,CANONICAL — REPAIRED G2 OOF,3276,5536,adsorbate,zero_residual_v1,64,0,1,,,,,,1,1
canonical,CANONICAL — REPAIRED G2 OOF,3277,5537,interstitial,zero_residual_v1,64,0,1,,,,,,1,1
canonical,CANONICAL — REPAIRED G2 OOF,3278,5538,adsorbate,zero_residual_v1,64,0,1,,,,,,1,1
canonical,CANONICAL — REPAIRED G2 OOF,3279,5539,adsorbate,zero_residual_v1,64,0,1,,,,,,1,1
canonical,CANONICAL — REPAIRED G2 OOF,3280,5540,interstitial,zero_residual_v1,64,0,1,,,,,,1,1
canonical,CANONICAL — REPAIRED G2 OOF,3281,5542,adsorbate,zero_residual_v1,64,0,1,,,,,,1,1
canonical,CANONICAL — REPAIRED G2 OOF,3282,5555,adsorbate,zero_residual_v1,64,0,1,,,,,,1,1
canonical,CANONICAL — REPAIRED G2 OOF,3283,5564,adsorbate,zero_residual_v1,64,0,1,,,,,,1,1
canonical,CANONICAL — REPAIRED G2 OOF,3284,5566,adsorbate,zero_residual_v1,64,0,1,,,,,,1,1
canonical,CANONICAL — REPAIRED G2 OOF,3286,5573,adsorbate,zero_residual_v1,64,0,1,,,,,,1,1
canonical,CANONICAL — REPAIRED G2 OOF,3287,5575,adsorbate,zero_residual_v1,64,0,1,,,,,,1,1
canonical,CANONICAL — REPAIRED G2 OOF,3288,5577,interstitial,zero_residual_v1,64,0,1,,,,,,1,1
canonical,CANONICAL — REPAIRED G2 OOF,3289,5578,adsorbate,zero_residual_v1,64,0,1,,,,,,1,1
canonical,CANONICAL — REPAIRED G2 OOF,3290,5579,adsorbate,zero_residual_v1,64,0,1,,,,,,1,1
canonical,CANONICAL — REPAIRED G2 OOF,3291,5582,adsorbate,zero_residual_v1,64,0,1,,,,,,1,1
canonical,CANONICAL — REPAIRED G2 OOF,3292,5583,adsorbate,zero_residual_v1,64,0,1,,,,,,1,1
canonical,CANONICAL — REPAIRED G2 OOF,3293,5587,adsorbate,zero_residual_v1,64,0,1,,,,,,1,1
canonical,CANONICAL — REPAIRED G2 OOF,3294,5588,interstitial,zero_residual_v1,64,0,1,,,,,,1,1
canonical,CANONICAL — REPAIRED G2 OOF,3295,5594,adsorbate,zero_residual_v1,64,0,1,,,,,,1,1
canonical,CANONICAL — REPAIRED G2 OOF,3296,5596,adsorbate,zero_residual_v1,64,0,1,,,,,,1,1
canonical,CANONICAL — REPAIRED G2 OOF,3297,5597,adsorbate,zero_residual_v1,64,0,1,,,,,,1,1
canonical,CANONICAL — REPAIRED G2 OOF,3298,5598,adsorbate,zero_residual_v1,64,0,1,,,,,,1,1
canonical,CANONICAL — REPAIRED G2 OOF,3299,5599,adsorbate,zero_residual_v1,64,0,1,,,,,,1,1
canonical,CANONICAL — REPAIRED G2 OOF,3300,5600,adsorbate,zero_residual_v1,64,0,1,,,,,,1,1
canonical,CANONICAL — REPAIRED G2 OOF,3301,5602,adsorbate,zero_residual_v1,64,0,1,,,,,,1,1
canonical,CANONICAL — REPAIRED G2 OOF,3302,5604,adsorbate,zero_residual_v1,64,0,1,,,,,,1,1
canonical,CANONICAL — REPAIRED G2 OOF,3303,5610,interstitial,zero_residual_v1,64,0,1,,,,,,1,1
canonical,CANONICAL — REPAIRED G2 OOF,3304,5611,adsorbate,zero_residual_v1,64,0,1,,,,,,1,1
canonical,CANONICAL — REPAIRED G2 OOF,3305,5613,adsorbate,zero_residual_v1,64,0,1,,,,,,1,1
canonical,CANONICAL — REPAIRED G2 OOF,3306,5616,adsorbate,zero_residual_v1,64,0,1,,,,,,1,1
canonical,CANONICAL — REPAIRED G2 OOF,3307,5617,adsorbate,zero_residual_v1,64,0,1,,,,,,1,1
canonical,CANONICAL — REPAIRED G2 OOF,3308,5618,adsorbate,zero_residual_v1,64,0,1,,,,,,1,1
canonical,CANONICAL — REPAIRED G2 OOF,3310,5622,adsorbate,zero_residual_v1,64,0,1,,,,,,1,1
canonical,CANONICAL — REPAIRED G2 OOF,3311,5623,adsorbate,zero_residual_v1,64,0,1,,,,,,1,1
canonical,CANONICAL — REPAIRED G2 OOF,3312,5624,adsorbate,zero_residual_v1,64,0,1,,,,,,1,1
canonical,CANONICAL — REPAIRED G2 OOF,3313,5635,interstitial,zero_residual_v1,64,0,1,,,,,,1,1
canonical,CANONICAL — REPAIRED G2 OOF,3314,5636,adsorbate,zero_residual_v1,64,0,1,,,,,,1,1
canonical,CANONICAL — REPAIRED G2 OOF,3315,5650,adsorbate,zero_residual_v1,64,0,1,,,,,,1,1
canonical,CANONICAL — REPAIRED G2 OOF,3316,5655,adsorbate,zero_residual_v1,64,0,1,,,,,,1,1
canonical,CANONICAL — REPAIRED G2 OOF,3317,5656,interstitial,zero_residual_v1,64,0,1,,,,,,1,1
canonical,CANONICAL — REPAIRED G2 OOF,3318,5657,adsorbate,zero_residual_v1,64,0,1,,,,,,1,1
canonical,CANONICAL — REPAIRED G2 OOF,3319,5658,interstitial,zero_residual_v1,64,0,1,,,,,,1,1
canonical,CANONICAL — REPAIRED G2 OOF,3320,5659,adsorbate,zero_residual_v1,64,0,1,,,,,,1,1
canonical,CANONICAL — REPAIRED G2 OOF,3321,5660,interstitial,zero_residual_v1,64,0,1,,,,,,1,1
canonical,CANONICAL — REPAIRED G2 OOF,3322,5661,adsorbate,zero_residual_v1,64,0,1,,,,,,1,1
canonical,CANONICAL — REPAIRED G2 OOF,3323,5662,adsorbate,zero_residual_v1,64,0,1,,,,,,1,1
canonical,CANONICAL — REPAIRED G2 OOF,3324,5663,interstitial,zero_residual_v1,64,0,1,,,,,,1,1
canonical,CANONICAL — REPAIRED G2 OOF,3325,5668,adsorbate,zero_residual_v1,64,0,1,,,,,,1,1
canonical,CANONICAL — REPAIRED G2 OOF,3326,5669,adsorbate,zero_residual_v1,64,0,1,,,,,,1,1
canonical,CANONICAL — REPAIRED G2 OOF,3327,5670,adsorbate,zero_residual_v1,64,0,1,,,,,,1,1
canonical,CANONICAL — REPAIRED G2 OOF,3328,5672,adsorbate,zero_residual_v1,64,0,1,,,,,,1,1
canonical,CANONICAL — REPAIRED G2 OOF,3329,5673,adsorbate,zero_residual_v1,64,0,1,,,,,,1,1
canonical,CANONICAL — REPAIRED G2 OOF,3330,5677,adsorbate,zero_residual_v1,64,0,1,,,,,,1,1
canonical,CANONICAL — REPAIRED G2 OOF,3331,5680,adsorbate,zero_residual_v1,64,0,1,,,,,,1,1
canonical,CANONICAL — REPAIRED G2 OOF,3332,5681,adsorbate,zero_residual_v1,64,0,1,,,,,,1,1
canonical,CANONICAL — REPAIRED G2 OOF,3333,5686,adsorbate,zero_residual_v1,64,0,1,,,,,,1,1
canonical,CANONICAL — REPAIRED G2 OOF,3334,5692,adsorbate,zero_residual_v1,64,0,1,,,,,,1,1
canonical,CANONICAL — REPAIRED G2 OOF,3335,5695,adsorbate,zero_residual_v1,64,0,1,,,,,,1,1
canonical,CANONICAL — REPAIRED G2 OOF,3336,5697,adsorbate,zero_residual_v1,64,0,1,,,,,,1,1
canonical,CANONICAL — REPAIRED G2 OOF,3337,5702,adsorbate,zero_residual_v1,64,0,1,,,,,,1,1
canonical,CANONICAL — REPAIRED G2 OOF,3338,5705,interstitial,zero_residual_v1,64,0,1,,,,,,1,1
canonical,CANONICAL — REPAIRED G2 OOF,3339,5712,interstitial,zero_residual_v1,64,0,1,,,,,,1,1
canonical,CANONICAL — REPAIRED G2 OOF,3340,5714,adsorbate,zero_residual_v1,64,0,1,,,,,,1,1
canonical,CANONICAL — REPAIRED G2 OOF,3341,5717,adsorbate,zero_residual_v1,64,0,1,,,,,,1,1
canonical,CANONICAL — REPAIRED G2 OOF,3342,5720,adsorbate,zero_residual_v1,64,0,1,,,,,,1,1
canonical,CANONICAL — REPAIRED G2 OOF,3343,5722,interstitial,zero_residual_v1,64,0,1,,,,,,1,1
canonical,CANONICAL — REPAIRED G2 OOF,3344,5729,interstitial,zero_residual_v1,64,0,1,,,,,,1,1
canonical,CANONICAL — REPAIRED G2 OOF,3345,5733,adsorbate,zero_residual_v1,64,0,1,,,,,,1,1
canonical,CANONICAL — REPAIRED G2 OOF,3346,5734,interstitial,zero_residual_v1,64,0,1,,,,,,1,1
canonical,CANONICAL — REPAIRED G2 OOF,3347,5735,adsorbate,zero_residual_v1,64,0,1,,,,,,1,1
canonical,CANONICAL — REPAIRED G2 OOF,3348,5737,adsorbate,zero_residual_v1,64,0,1,,,,,,1,1
canonical,CANONICAL — REPAIRED G2 OOF,3349,5739,adsorbate,zero_residual_v1,64,0,1,,,,,,1,1
canonical,CANONICAL — REPAIRED G2 OOF,3350,5743,adsorbate,zero_residual_v1,64,0,1,,,,,,1,1
canonical,CANONICAL — REPAIRED G2 OOF,3351,5746,interstitial,zero_residual_v1,64,0,1,,,,,,1,1
canonical,CANONICAL — REPAIRED G2 OOF,3352,5748,adsorbate,zero_residual_v1,64,0,1,,,,,,1,1
canonical,CANONICAL — REPAIRED G2 OOF,3353,5750,adsorbate,zero_residual_v1,64,0,1,,,,,,1,1
canonical,CANONICAL — REPAIRED G2 OOF,3354,5751,interstitial,zero_residual_v1,64,0,1,,,,,,1,1
canonical,CANONICAL — REPAIRED G2 OOF,3355,5756,adsorbate,zero_residual_v1,64,0,1,,,,,,1,1
canonical,CANONICAL — REPAIRED G2 OOF,3356,5758,interstitial,zero_residual_v1,64,0,1,,,,,,1,1
canonical,CANONICAL — REPAIRED G2 OOF,3358,5769,adsorbate,zero_residual_v1,64,0,1,,,,,,1,1
canonical,CANONICAL — REPAIRED G2 OOF,3359,5778,interstitial,zero_residual_v1,64,0,1,,,,,,1,1
canonical,CANONICAL — REPAIRED G2 OOF,3360,5781,interstitial,zero_residual_v1,64,0,1,,,,,,1,1
canonical,CANONICAL — REPAIRED G2 OOF,3361,5782,adsorbate,zero_residual_v1,64,0,1,,,,,,1,1
canonical,CANONICAL — REPAIRED G2 OOF,3362,5784,adsorbate,zero_residual_v1,64,0,1,,,,,,1,1
canonical,CANONICAL — REPAIRED G2 OOF,3363,5785,adsorbate,zero_residual_v1,64,0,1,,,,,,1,1
canonical,CANONICAL — REPAIRED G2 OOF,3364,5787,interstitial,zero_residual_v1,64,0,1,,,,,,1,1
canonical,CANONICAL — REPAIRED G2 OOF,3365,5791,adsorbate,zero_residual_v1,64,0,1,,,,,,1,1
canonical,CANONICAL — REPAIRED G2 OOF,3366,5798,interstitial,zero_residual_v1,64,0,1,,,,,,1,1
canonical,CANONICAL — REPAIRED G2 OOF,3367,5800,adsorbate,zero_residual_v1,64,0,1,,,,,,1,1
canonical,CANONICAL — REPAIRED G2 OOF,3368,5803,adsorbate,zero_residual_v1,64,0,1,,,,,,1,1
canonical,CANONICAL — REPAIRED G2 OOF,3369,5805,adsorbate,zero_residual_v1,64,0,1,,,,,,1,1
canonical,CANONICAL — REPAIRED G2 OOF,3370,5813,adsorbate,zero_residual_v1,64,0,1,,,,,,1,1
canonical,CANONICAL — REPAIRED G2 OOF,3371,5814,adsorbate,zero_residual_v1,64,0,1,,,,,,1,1
canonical,CANONICAL — REPAIRED G2 OOF,3372,5820,adsorbate,zero_residual_v1,64,0,1,,,,,,1,1
canonical,CANONICAL — REPAIRED G2 OOF,3373,5822,adsorbate,zero_residual_v1,64,0,1,,,,,,1,1
canonical,CANONICAL — REPAIRED G2 OOF,3374,5824,adsorbate,zero_residual_v1,64,0,1,,,,,,1,1
canonical,CANONICAL — REPAIRED G2 OOF,3375,5827,adsorbate,zero_residual_v1,64,0,1,,,,,,1,1
canonical,CANONICAL — REPAIRED G2 OOF,3376,5829,adsorbate,zero_residual_v1,64,0,1,,,,,,1,1
canonical,CANONICAL — REPAIRED G2 OOF,3377,5830,adsorbate,zero_residual_v1,64,0,1,,,,,,1,1
canonical,CANONICAL — REPAIRED G2 OOF,3378,5832,adsorbate,zero_residual_v1,64,0,1,,,,,,1,1
canonical,CANONICAL — REPAIRED G2 OOF,3379,5833,adsorbate,zero_residual_v1,64,0,1,,,,,,1,1
canonical,CANONICAL — REPAIRED G2 OOF,3380,5834,adsorbate,zero_residual_v1,64,0,1,,,,,,1,1
canonical,CANONICAL — REPAIRED G2 OOF,3381,5837,adsorbate,zero_residual_v1,64,0,1,,,,,,1,1
canonical,CANONICAL — REPAIRED G2 OOF,3382,5840,adsorbate,zero_residual_v1,64,0,1,,,,,,1,1
canonical,CANONICAL — REPAIRED G2 OOF,3383,5843,interstitial,zero_residual_v1,64,0,1,,,,,,1,1
canonical,CANONICAL — REPAIRED G2 OOF,3384,5844,adsorbate,zero_residual_v1,64,1,1,,,,local_abs_covalent_radius_mismatch_A|local_abs_electronegativity_contrast|local_abs_valence_mismatch|local_signed_covalent_radius_mismatch_A|local_signed_electronegativity_mismatch|local_signed_valence_mismatch|neighbor_distance_std_A|postrelaxation_min_clearance_A,,1,1
canonical,CANONICAL — REPAIRED G2 OOF,3385,5848,adsorbate,zero_residual_v1,64,0,1,,,,,,1,1
canonical,CANONICAL — REPAIRED G2 OOF,3386,5855,adsorbate,zero_residual_v1,64,0,1,,,,,,1,1
canonical,CANONICAL — REPAIRED G2 OOF,3387,5857,adsorbate,zero_residual_v1,64,0,1,,,,,,1,1
canonical,CANONICAL — REPAIRED G2 OOF,3388,5859,adsorbate,zero_residual_v1,64,0,1,,,,,,1,1
canonical,CANONICAL — REPAIRED G2 OOF,3389,5860,adsorbate,zero_residual_v1,64,0,1,,,,,,1,1
canonical,CANONICAL — REPAIRED G2 OOF,3390,5862,adsorbate,zero_residual_v1,64,0,1,,,,,,1,1
canonical,CANONICAL — REPAIRED G2 OOF,3392,5864,adsorbate,zero_residual_v1,64,0,1,,,,,,1,1
canonical,CANONICAL — REPAIRED G2 OOF,3393,5866,adsorbate,zero_residual_v1,64,0,1,,,,,,1,1
canonical,CANONICAL — REPAIRED G2 OOF,3394,5871,interstitial,zero_residual_v1,64,0,1,,,,,,1,1
canonical,CANONICAL — REPAIRED G2 OOF,3395,5873,adsorbate,zero_residual_v1,64,0,1,,,,,,1,1
canonical,CANONICAL — REPAIRED G2 OOF,3396,5876,adsorbate,zero_residual_v1,64,0,1,,,,,,1,1
canonical,CANONICAL — REPAIRED G2 OOF,3397,5885,adsorbate,zero_residual_v1,64,0,1,,,,,,1,1
canonical,CANONICAL — REPAIRED G2 OOF,3398,5887,adsorbate,zero_residual_v1,64,0,1,,,,,,1,1
canonical,CANONICAL — REPAIRED G2 OOF,3399,5888,adsorbate,zero_residual_v1,64,0,1,,,,,,1,1
canonical,CANONICAL — REPAIRED G2 OOF,3400,5889,adsorbate,zero_residual_v1,64,0,1,,,,,,1,1
canonical,CANONICAL — REPAIRED G2 OOF,3401,5891,adsorbate,zero_residual_v1,64,0,1,,,,,,1,1
canonical,CANONICAL — REPAIRED G2 OOF,3402,5893,adsorbate,zero_residual_v1,64,0,1,,,,,,1,1
canonical,CANONICAL — REPAIRED G2 OOF,3403,5894,adsorbate,zero_residual_v1,64,0,1,,,,,,1,1
canonical,CANONICAL — REPAIRED G2 OOF,3404,5895,adsorbate,zero_residual_v1,64,0,1,,,,,,1,1
canonical,CANONICAL — REPAIRED G2 OOF,3405,5897,adsorbate,zero_residual_v1,64,0,1,,,,,,1,1
canonical,CANONICAL — REPAIRED G2 OOF,3406,5900,adsorbate,zero_residual_v1,64,0,1,,,,,,1,1
canonical,CANONICAL — REPAIRED G2 OOF,3407,5903,adsorbate,zero_residual_v1,64,0,1,,,,,,1,1
canonical,CANONICAL — REPAIRED G2 OOF,3408,5907,interstitial,zero_residual_v1,64,0,1,,,,,,1,1
canonical,CANONICAL — REPAIRED G2 OOF,3409,5909,adsorbate,zero_residual_v1,64,0,1,,,,,,1,1
canonical,CANONICAL — REPAIRED G2 OOF,3410,5913,adsorbate,zero_residual_v1,64,0,1,,,,,,1,1
canonical,CANONICAL — REPAIRED G2 OOF,3411,5914,adsorbate,zero_residual_v1,64,0,1,,,,,,1,1
canonical,CANONICAL — REPAIRED G2 OOF,3412,5916,adsorbate,zero_residual_v1,64,0,1,,,,,,1,1
canonical,CANONICAL — REPAIRED G2 OOF,3413,5917,adsorbate,zero_residual_v1,64,0,1,,,,,,1,1
canonical,CANONICAL — REPAIRED G2 OOF,3414,5922,adsorbate,zero_residual_v1,64,0,1,,,,,,1,1
canonical,CANONICAL — REPAIRED G2 OOF,3415,5925,adsorbate,zero_residual_v1,64,0,1,,,,,,1,1
canonical,CANONICAL — REPAIRED G2 OOF,3416,5927,adsorbate,zero_residual_v1,64,0,1,,,,,,1,1
canonical,CANONICAL — REPAIRED G2 OOF,3417,5937,adsorbate,zero_residual_v1,64,0,1,,,,,,1,1
canonical,CANONICAL — REPAIRED G2 OOF,3418,5951,adsorbate,zero_residual_v1,64,0,1,,,,,,1,1
canonical,CANONICAL — REPAIRED G2 OOF,3419,5952,adsorbate,zero_residual_v1,64,0,1,,,,,,1,1
canonical,CANONICAL — REPAIRED G2 OOF,3420,5953,interstitial,zero_residual_v1,64,0,1,,,,,,1,1
canonical,CANONICAL — REPAIRED G2 OOF,3421,5959,adsorbate,zero_residual_v1,64,0,1,,,,,,1,1
canonical,CANONICAL — REPAIRED G2 OOF,3422,5961,interstitial,zero_residual_v1,64,0,1,,,,,,1,1
canonical,CANONICAL — REPAIRED G2 OOF,3423,5962,adsorbate,zero_residual_v1,64,0,1,,,,,,1,1
canonical,CANONICAL — REPAIRED G2 OOF,3425,5965,adsorbate,zero_residual_v1,64,0,1,,,,,,1,1
canonical,CANONICAL — REPAIRED G2 OOF,3426,5967,adsorbate,zero_residual_v1,64,0,1,,,,,,1,1
canonical,CANONICAL — REPAIRED G2 OOF,3427,5968,adsorbate,zero_residual_v1,64,0,1,,,,,,1,1
canonical,CANONICAL — REPAIRED G2 OOF,3428,5970,adsorbate,zero_residual_v1,64,0,1,,,,,,1,1
canonical,CANONICAL — REPAIRED G2 OOF,3429,5973,adsorbate,zero_residual_v1,64,0,1,,,,,,1,1
canonical,CANONICAL — REPAIRED G2 OOF,3430,5975,adsorbate,zero_residual_v1,64,0,1,,,,,,1,1
canonical,CANONICAL — REPAIRED G2 OOF,3432,5979,adsorbate,zero_residual_v1,64,0,1,,,,,,1,1
canonical,CANONICAL — REPAIRED G2 OOF,3433,5983,adsorbate,zero_residual_v1,64,0,1,,,,,,1,1
canonical,CANONICAL — REPAIRED G2 OOF,3434,5985,adsorbate,zero_residual_v1,64,0,1,,,,,,1,1
canonical,CANONICAL — REPAIRED G2 OOF,3435,5987,adsorbate,zero_residual_v1,64,0,1,,,,,,1,1
canonical,CANONICAL — REPAIRED G2 OOF,3436,5990,adsorbate,zero_residual_v1,64,0,1,,,,,,1,1
canonical,CANONICAL — REPAIRED G2 OOF,3437,5991,adsorbate,zero_residual_v1,64,0,1,,,,,,1,1
canonical,CANONICAL — REPAIRED G2 OOF,3438,5993,interstitial,zero_residual_v1,64,0,1,,,,,,1,1
canonical,CANONICAL — REPAIRED G2 OOF,3440,6005,interstitial,zero_residual_v1,64,0,1,,,,,,1,1
canonical,CANONICAL — REPAIRED G2 OOF,3441,6006,adsorbate,zero_residual_v1,64,0,1,,,,,,1,1
canonical,CANONICAL — REPAIRED G2 OOF,3442,6014,adsorbate,zero_residual_v1,64,0,1,,,,,,1,1
canonical,CANONICAL — REPAIRED G2 OOF,3443,6017,adsorbate,zero_residual_v1,64,0,1,,,,,,1,1
canonical,CANONICAL — REPAIRED G2 OOF,3444,6021,adsorbate,zero_residual_v1,64,0,1,,,,,,1,1
canonical,CANONICAL — REPAIRED G2 OOF,3445,6022,adsorbate,zero_residual_v1,64,0,1,,,,,,1,1
canonical,CANONICAL — REPAIRED G2 OOF,3446,6027,adsorbate,zero_residual_v1,64,0,1,,,,,,1,1
canonical,CANONICAL — REPAIRED G2 OOF,3447,6030,adsorbate,zero_residual_v1,64,0,1,,,,,,1,1
canonical,CANONICAL — REPAIRED G2 OOF,3448,6037,adsorbate,zero_residual_v1,64,0,1,,,,,,1,1
canonical,CANONICAL — REPAIRED G2 OOF,3449,6039,adsorbate,zero_residual_v1,64,0,1,,,,,,1,1
canonical,CANONICAL — REPAIRED G2 OOF,3450,6044,adsorbate,zero_residual_v1,64,0,1,,,,,,1,1
canonical,CANONICAL — REPAIRED G2 OOF,3451,6045,adsorbate,zero_residual_v1,64,0,1,,,,,,1,1
canonical,CANONICAL — REPAIRED G2 OOF,3452,6047,adsorbate,zero_residual_v1,64,0,1,,,,,,1,1
canonical,CANONICAL — REPAIRED G2 OOF,3453,6050,adsorbate,zero_residual_v1,64,0,1,,,,,,1,1
canonical,CANONICAL — REPAIRED G2 OOF,3454,6051,adsorbate,zero_residual_v1,64,0,1,,,,,,1,1
canonical,CANONICAL — REPAIRED G2 OOF,3455,6052,adsorbate,zero_residual_v1,64,0,1,,,,,,1,1
canonical,CANONICAL — REPAIRED G2 OOF,3456,6054,adsorbate,zero_residual_v1,64,0,1,,,,,,1,1
canonical,CANONICAL — REPAIRED G2 OOF,3457,6058,adsorbate,zero_residual_v1,64,0,1,,,,,,1,1
canonical,CANONICAL — REPAIRED G2 OOF,3458,6059,adsorbate,zero_residual_v1,64,0,1,,,,,,1,1
canonical,CANONICAL — REPAIRED G2 OOF,3459,6060,interstitial,zero_residual_v1,64,0,1,,,,,,1,1
canonical,CANONICAL — REPAIRED G2 OOF,3460,6061,interstitial,zero_residual_v1,64,0,1,,,,,,1,1
canonical,CANONICAL — REPAIRED G2 OOF,3461,6063,interstitial,zero_residual_v1,64,0,1,,,,,,1,1
canonical,CANONICAL — REPAIRED G2 OOF,3462,6066,adsorbate,zero_residual_v1,64,0,1,,,,,,1,1
canonical,CANONICAL — REPAIRED G2 OOF,3463,6068,adsorbate,zero_residual_v1,64,0,1,,,,,,1,1
canonical,CANONICAL — REPAIRED G2 OOF,3464,6071,adsorbate,zero_residual_v1,64,0,1,,,,,,1,1
canonical,CANONICAL — REPAIRED G2 OOF,3465,6073,adsorbate,zero_residual_v1,64,0,1,,,,,,1,1
canonical,CANONICAL — REPAIRED G2 OOF,3466,6077,adsorbate,zero_residual_v1,64,0,1,,,,,,1,1
canonical,CANONICAL — REPAIRED G2 OOF,3467,6080,interstitial,zero_residual_v1,64,0,1,,,,,,1,1
canonical,CANONICAL — REPAIRED G2 OOF,3468,6082,adsorbate,zero_residual_v1,64,0,1,,,,,,1,1
canonical,CANONICAL — REPAIRED G2 OOF,3470,6085,adsorbate,zero_residual_v1,64,0,1,,,,,,1,1
canonical,CANONICAL — REPAIRED G2 OOF,3471,6091,adsorbate,zero_residual_v1,64,0,1,,,,,,1,1
canonical,CANONICAL — REPAIRED G2 OOF,3472,6096,adsorbate,zero_residual_v1,64,0,1,,,,,,1,1
canonical,CANONICAL — REPAIRED G2 OOF,3473,6097,interstitial,zero_residual_v1,64,0,1,,,,,,1,1
canonical,CANONICAL — REPAIRED G2 OOF,3474,6098,adsorbate,zero_residual_v1,64,0,1,,,,,,1,1
canonical,CANONICAL — REPAIRED G2 OOF,3475,6102,interstitial,zero_residual_v1,64,0,1,,,,,,1,1
canonical,CANONICAL — REPAIRED G2 OOF,3476,6106,adsorbate,zero_residual_v1,64,0,1,,,,,,1,1
canonical,CANONICAL — REPAIRED G2 OOF,3477,6110,adsorbate,zero_residual_v1,64,0,1,,,,,,1,1
canonical,CANONICAL — REPAIRED G2 OOF,3478,6112,adsorbate,zero_residual_v1,64,0,1,,,,,,1,1
canonical,CANONICAL — REPAIRED G2 OOF,3479,6113,adsorbate,zero_residual_v1,64,0,1,,,,,,1,1
canonical,CANONICAL — REPAIRED G2 OOF,3480,6114,adsorbate,zero_residual_v1,64,0,1,,,,,,1,1
canonical,CANONICAL — REPAIRED G2 OOF,3481,6121,adsorbate,zero_residual_v1,64,0,1,,,,,,1,1
canonical,CANONICAL — REPAIRED G2 OOF,3482,6122,adsorbate,zero_residual_v1,64,0,1,,,,,,1,1
canonical,CANONICAL — REPAIRED G2 OOF,3483,6125,adsorbate,zero_residual_v1,64,0,1,,,,,,1,1
canonical,CANONICAL — REPAIRED G2 OOF,3486,6131,adsorbate,zero_residual_v1,64,0,1,,,,,,1,1
canonical,CANONICAL — REPAIRED G2 OOF,3487,6137,adsorbate,zero_residual_v1,64,0,1,,,,,,1,1
canonical,CANONICAL — REPAIRED G2 OOF,3488,6139,adsorbate,zero_residual_v1,64,0,1,,,,,,1,1
canonical,CANONICAL — REPAIRED G2 OOF,3489,6141,adsorbate,zero_residual_v1,64,0,1,,,,,,1,1
canonical,CANONICAL — REPAIRED G2 OOF,3490,6142,interstitial,zero_residual_v1,64,0,1,,,,,,1,1
canonical,CANONICAL — REPAIRED G2 OOF,3491,6146,interstitial,zero_residual_v1,64,0,1,,,,,,1,1
canonical,CANONICAL — REPAIRED G2 OOF,3492,6147,adsorbate,zero_residual_v1,64,0,1,,,,,,1,1
canonical,CANONICAL — REPAIRED G2 OOF,3493,6149,interstitial,zero_residual_v1,64,0,1,,,,,,1,1
canonical,CANONICAL — REPAIRED G2 OOF,3494,6154,interstitial,zero_residual_v1,64,0,1,,,,,,1,1
canonical,CANONICAL — REPAIRED G2 OOF,3495,6156,interstitial,zero_residual_v1,64,0,1,,,,,,1,1
canonical,CANONICAL — REPAIRED G2 OOF,3496,6157,interstitial,zero_residual_v1,64,0,1,,,,,,1,1
canonical,CANONICAL — REPAIRED G2 OOF,3497,6159,interstitial,zero_residual_v1,64,0,1,,,,,,1,1
canonical,CANONICAL — REPAIRED G2 OOF,3498,6167,adsorbate,zero_residual_v1,64,0,1,,,,,,1,1
canonical,CANONICAL — REPAIRED G2 OOF,3499,6168,adsorbate,zero_residual_v1,64,0,1,,,,,,1,1
canonical,CANONICAL — REPAIRED G2 OOF,3500,6172,interstitial,zero_residual_v1,64,0,1,,,,,,1,1
canonical,CANONICAL — REPAIRED G2 OOF,3501,6178,adsorbate,zero_residual_v1,64,0,1,,,,,,1,1
canonical,CANONICAL — REPAIRED G2 OOF,3502,6180,adsorbate,zero_residual_v1,64,0,1,,,,,,1,1
canonical,CANONICAL — REPAIRED G2 OOF,3503,6182,adsorbate,zero_residual_v1,64,0,1,,,,,,1,1
canonical,CANONICAL — REPAIRED G2 OOF,3504,6185,adsorbate,zero_residual_v1,64,0,1,,,,,,1,1
canonical,CANONICAL — REPAIRED G2 OOF,3505,6186,interstitial,zero_residual_v1,64,0,1,,,,,,1,1
canonical,CANONICAL — REPAIRED G2 OOF,3506,6187,adsorbate,zero_residual_v1,64,0,1,,,,,,1,1
canonical,CANONICAL — REPAIRED G2 OOF,3507,6188,adsorbate,zero_residual_v1,64,0,1,,,,,,1,1
canonical,CANONICAL — REPAIRED G2 OOF,3508,6201,adsorbate,zero_residual_v1,64,0,1,,,,,,1,1
canonical,CANONICAL — REPAIRED G2 OOF,3509,6203,adsorbate,zero_residual_v1,64,0,1,,,,,,1,1
canonical,CANONICAL — REPAIRED G2 OOF,3510,6206,adsorbate,zero_residual_v1,64,0,1,,,,,,1,1
canonical,CANONICAL — REPAIRED G2 OOF,3511,6207,interstitial,zero_residual_v1,64,0,1,,,,,,1,1
canonical,CANONICAL — REPAIRED G2 OOF,3512,6208,adsorbate,zero_residual_v1,64,0,1,,,,,,1,1
canonical,CANONICAL — REPAIRED G2 OOF,3513,6209,adsorbate,zero_residual_v1,64,0,1,,,,,,1,1
canonical,CANONICAL — REPAIRED G2 OOF,3514,6213,adsorbate,zero_residual_v1,64,0,1,,,,,,1,1
canonical,CANONICAL — REPAIRED G2 OOF,3515,6214,adsorbate,zero_residual_v1,64,0,1,,,,,,1,1
canonical,CANONICAL — REPAIRED G2 OOF,3517,6219,adsorbate,zero_residual_v1,64,0,1,,,,,,1,1
canonical,CANONICAL — REPAIRED G2 OOF,3518,6221,adsorbate,zero_residual_v1,64,0,1,,,,,,1,1
canonical,CANONICAL — REPAIRED G2 OOF,3519,6227,adsorbate,zero_residual_v1,64,0,1,,,,,,1,1
canonical,CANONICAL — REPAIRED G2 OOF,3520,6230,adsorbate,zero_residual_v1,64,0,1,,,,,,1,1
canonical,CANONICAL — REPAIRED G2 OOF,3521,6234,adsorbate,zero_residual_v1,64,0,1,,,,,,1,1
canonical,CANONICAL — REPAIRED G2 OOF,3522,6237,adsorbate,zero_residual_v1,64,0,1,,,,,,1,1
canonical,CANONICAL — REPAIRED G2 OOF,3523,6241,adsorbate,zero_residual_v1,64,0,1,,,,,,1,1
canonical,CANONICAL — REPAIRED G2 OOF,3524,6245,interstitial,zero_residual_v1,64,0,1,,,,,,1,1
canonical,CANONICAL — REPAIRED G2 OOF,3525,6246,adsorbate,zero_residual_v1,64,0,1,,,,,,1,1
canonical,CANONICAL — REPAIRED G2 OOF,3526,6247,adsorbate,zero_residual_v1,64,0,1,,,,,,1,1
canonical,CANONICAL — REPAIRED G2 OOF,3527,6251,adsorbate,zero_residual_v1,64,0,1,,,,,,1,1
canonical,CANONICAL — REPAIRED G2 OOF,3528,6253,adsorbate,zero_residual_v1,64,0,1,,,,,,1,1
canonical,CANONICAL — REPAIRED G2 OOF,3529,6260,interstitial,zero_residual_v1,64,0,1,,,,,,1,1
canonical,CANONICAL — REPAIRED G2 OOF,3530,6263,interstitial,zero_residual_v1,64,0,1,,,,,,1,1
canonical,CANONICAL — REPAIRED G2 OOF,3531,6269,interstitial,zero_residual_v1,64,0,1,,,,,,1,1
canonical,CANONICAL — REPAIRED G2 OOF,3532,6272,adsorbate,zero_residual_v1,64,0,1,,,,,,1,1
canonical,CANONICAL — REPAIRED G2 OOF,3533,6274,adsorbate,zero_residual_v1,64,0,1,,,,,,1,1
canonical,CANONICAL — REPAIRED G2 OOF,3534,6276,adsorbate,zero_residual_v1,64,0,1,,,,,,1,1
canonical,CANONICAL — REPAIRED G2 OOF,3535,6280,adsorbate,zero_residual_v1,64,0,1,,,,,,1,1
canonical,CANONICAL — REPAIRED G2 OOF,3536,6281,adsorbate,zero_residual_v1,64,0,1,,,,,,1,1
canonical,CANONICAL — REPAIRED G2 OOF,3537,6284,interstitial,zero_residual_v1,64,0,1,,,,,,1,1
canonical,CANONICAL — REPAIRED G2 OOF,3538,6288,adsorbate,zero_residual_v1,64,0,1,,,,,,1,1
canonical,CANONICAL — REPAIRED G2 OOF,3539,6289,interstitial,zero_residual_v1,64,0,1,,,,,,1,1
canonical,CANONICAL — REPAIRED G2 OOF,3540,6294,interstitial,zero_residual_v1,64,0,1,,,,,,1,1
canonical,CANONICAL — REPAIRED G2 OOF,3541,6295,adsorbate,zero_residual_v1,64,0,1,,,,,,1,1
canonical,CANONICAL — REPAIRED G2 OOF,3542,6298,adsorbate,zero_residual_v1,64,0,1,,,,,,1,1
canonical,CANONICAL — REPAIRED G2 OOF,3543,6301,adsorbate,zero_residual_v1,64,0,1,,,,,,1,1
canonical,CANONICAL — REPAIRED G2 OOF,3544,6304,adsorbate,zero_residual_v1,64,0,1,,,,,,1,1
canonical,CANONICAL — REPAIRED G2 OOF,3545,6309,interstitial,zero_residual_v1,64,0,1,,,,,,1,1
canonical,CANONICAL — REPAIRED G2 OOF,3546,6310,adsorbate,zero_residual_v1,64,0,1,,,,,,1,1
canonical,CANONICAL — REPAIRED G2 OOF,3547,6312,adsorbate,zero_residual_v1,64,0,1,,,,,,1,1
canonical,CANONICAL — REPAIRED G2 OOF,3548,6314,adsorbate,zero_residual_v1,64,0,1,,,,,,1,1
canonical,CANONICAL — REPAIRED G2 OOF,3549,6317,interstitial,zero_residual_v1,64,0,1,,,,,,1,1
canonical,CANONICAL — REPAIRED G2 OOF,3550,6318,adsorbate,zero_residual_v1,64,0,1,,,,,,1,1
canonical,CANONICAL — REPAIRED G2 OOF,3551,6319,adsorbate,zero_residual_v1,64,0,1,,,,,,1,1
canonical,CANONICAL — REPAIRED G2 OOF,3552,6320,adsorbate,zero_residual_v1,64,0,1,,,,,,1,1
canonical,CANONICAL — REPAIRED G2 OOF,3553,6322,adsorbate,zero_residual_v1,64,0,1,,,,,,1,1
canonical,CANONICAL — REPAIRED G2 OOF,3554,6326,interstitial,zero_residual_v1,64,0,1,,,,,,1,1
canonical,CANONICAL — REPAIRED G2 OOF,3555,6327,interstitial,zero_residual_v1,64,0,1,,,,,,1,1
canonical,CANONICAL — REPAIRED G2 OOF,3556,6332,adsorbate,zero_residual_v1,64,0,1,,,,,,1,1
canonical,CANONICAL — REPAIRED G2 OOF,3557,6333,adsorbate,zero_residual_v1,64,0,1,,,,,,1,1
canonical,CANONICAL — REPAIRED G2 OOF,3558,6334,adsorbate,zero_residual_v1,64,1,1,,,,local_abs_covalent_radius_mismatch_A|local_abs_electronegativity_contrast|local_abs_valence_mismatch|local_signed_covalent_radius_mismatch_A|local_signed_electronegativity_mismatch|local_signed_valence_mismatch|neighbor_distance_std_A|postrelaxation_min_clearance_A,,1,1
canonical,CANONICAL — REPAIRED G2 OOF,3559,6336,adsorbate,zero_residual_v1,64,0,1,,,,,,1,1
canonical,CANONICAL — REPAIRED G2 OOF,3560,6338,adsorbate,zero_residual_v1,64,0,1,,,,,,1,1
canonical,CANONICAL — REPAIRED G2 OOF,3561,6340,interstitial,zero_residual_v1,64,0,1,,,,,,1,1
canonical,CANONICAL — REPAIRED G2 OOF,3562,6341,interstitial,zero_residual_v1,64,0,1,,,,,,1,1
canonical,CANONICAL — REPAIRED G2 OOF,3564,6344,adsorbate,zero_residual_v1,64,0,1,,,,,,1,1
canonical,CANONICAL — REPAIRED G2 OOF,3566,6354,adsorbate,zero_residual_v1,64,0,1,,,,,,1,1
canonical,CANONICAL — REPAIRED G2 OOF,3567,6359,interstitial,zero_residual_v1,64,0,1,,,,,,1,1
canonical,CANONICAL — REPAIRED G2 OOF,3568,6360,adsorbate,zero_residual_v1,64,0,1,,,,,,1,1
canonical,CANONICAL — REPAIRED G2 OOF,3569,6363,interstitial,zero_residual_v1,64,0,1,,,,,,1,1
canonical,CANONICAL — REPAIRED G2 OOF,3570,6364,interstitial,zero_residual_v1,64,0,1,,,,,,1,1
canonical,CANONICAL — REPAIRED G2 OOF,3571,6365,adsorbate,zero_residual_v1,64,0,1,,,,,,1,1
canonical,CANONICAL — REPAIRED G2 OOF,3572,6370,adsorbate,zero_residual_v1,64,0,1,,,,,,1,1
canonical,CANONICAL — REPAIRED G2 OOF,3573,6372,adsorbate,zero_residual_v1,64,0,1,,,,,,1,1
canonical,CANONICAL — REPAIRED G2 OOF,3574,6375,adsorbate,zero_residual_v1,64,0,1,,,,,,1,1
canonical,CANONICAL — REPAIRED G2 OOF,3575,6380,adsorbate,zero_residual_v1,64,0,1,,,,,,1,1
canonical,CANONICAL — REPAIRED G2 OOF,3576,6382,adsorbate,zero_residual_v1,64,0,1,,,,,,1,1
canonical,CANONICAL — REPAIRED G2 OOF,3577,6383,interstitial,zero_residual_v1,64,0,1,,,,,,1,1
canonical,CANONICAL — REPAIRED G2 OOF,3578,6385,adsorbate,zero_residual_v1,64,0,1,,,,,,1,1
canonical,CANONICAL — REPAIRED G2 OOF,3579,6389,adsorbate,zero_residual_v1,64,0,1,,,,,,1,1
canonical,CANONICAL — REPAIRED G2 OOF,3580,6391,interstitial,zero_residual_v1,64,0,1,,,,,,1,1
canonical,CANONICAL — REPAIRED G2 OOF,3581,6392,interstitial,zero_residual_v1,64,0,1,,,,,,1,1
canonical,CANONICAL — REPAIRED G2 OOF,3582,6396,adsorbate,zero_residual_v1,64,0,1,,,,,,1,1
canonical,CANONICAL — REPAIRED G2 OOF,3584,6400,interstitial,zero_residual_v1,64,0,1,,,,,,1,1
canonical,CANONICAL — REPAIRED G2 OOF,3585,6401,interstitial,zero_residual_v1,64,0,1,,,,,,1,1
canonical,CANONICAL — REPAIRED G2 OOF,3586,6403,adsorbate,zero_residual_v1,64,0,1,,,,,,1,1
canonical,CANONICAL — REPAIRED G2 OOF,3587,6409,adsorbate,zero_residual_v1,64,0,1,,,,,,1,1
canonical,CANONICAL — REPAIRED G2 OOF,3588,6417,adsorbate,zero_residual_v1,64,1,1,,,,local_abs_covalent_radius_mismatch_A|local_abs_electronegativity_contrast|local_abs_valence_mismatch|local_signed_covalent_radius_mismatch_A|local_signed_electronegativity_mismatch|local_signed_valence_mismatch|neighbor_distance_std_A|postrelaxation_min_clearance_A,,1,1
canonical,CANONICAL — REPAIRED G2 OOF,3589,6418,interstitial,zero_residual_v1,64,0,1,,,,,,1,1
canonical,CANONICAL — REPAIRED G2 OOF,3590,6422,adsorbate,zero_residual_v1,64,0,1,,,,,,1,1
canonical,CANONICAL — REPAIRED G2 OOF,3591,6430,adsorbate,zero_residual_v1,64,0,1,,,,,,1,1
canonical,CANONICAL — REPAIRED G2 OOF,3592,6439,adsorbate,zero_residual_v1,64,0,1,,,,,,1,1
canonical,CANONICAL — REPAIRED G2 OOF,3594,6445,adsorbate,zero_residual_v1,64,0,1,,,,,,1,1
canonical,CANONICAL — REPAIRED G2 OOF,3595,6447,adsorbate,zero_residual_v1,64,0,1,,,,,,1,1
canonical,CANONICAL — REPAIRED G2 OOF,3596,6449,adsorbate,zero_residual_v1,64,0,1,,,,,,1,1
canonical,CANONICAL — REPAIRED G2 OOF,3597,6452,adsorbate,zero_residual_v1,64,0,1,,,,,,1,1
canonical,CANONICAL — REPAIRED G2 OOF,3598,6457,adsorbate,zero_residual_v1,64,0,1,,,,,,1,1
canonical,CANONICAL — REPAIRED G2 OOF,3599,6462,interstitial,zero_residual_v1,64,0,1,,,,,,1,1
canonical,CANONICAL — REPAIRED G2 OOF,3600,6463,interstitial,zero_residual_v1,64,0,1,,,,,,1,1
canonical,CANONICAL — REPAIRED G2 OOF,3601,6465,interstitial,zero_residual_v1,64,0,1,,,,,,1,1
canonical,CANONICAL — REPAIRED G2 OOF,3602,6467,adsorbate,zero_residual_v1,64,0,1,,,,,,1,1
canonical,CANONICAL — REPAIRED G2 OOF,3603,6470,adsorbate,zero_residual_v1,64,0,1,,,,,,1,1
canonical,CANONICAL — REPAIRED G2 OOF,3604,6474,adsorbate,zero_residual_v1,64,0,1,,,,,,1,1
canonical,CANONICAL — REPAIRED G2 OOF,3605,6475,adsorbate,zero_residual_v1,64,0,1,,,,,,1,1
canonical,CANONICAL — REPAIRED G2 OOF,3606,6477,adsorbate,zero_residual_v1,64,0,1,,,,,,1,1
canonical,CANONICAL — REPAIRED G2 OOF,3607,6478,interstitial,zero_residual_v1,64,0,1,,,,,,1,1
canonical,CANONICAL — REPAIRED G2 OOF,3608,6479,interstitial,zero_residual_v1,64,0,1,,,,,,1,1
canonical,CANONICAL — REPAIRED G2 OOF,3609,6482,interstitial,zero_residual_v1,64,0,1,,,,,,1,1
canonical,CANONICAL — REPAIRED G2 OOF,3610,6483,adsorbate,zero_residual_v1,64,0,1,,,,,,1,1
canonical,CANONICAL — REPAIRED G2 OOF,3611,6486,adsorbate,zero_residual_v1,64,0,1,,,,,,1,1
canonical,CANONICAL — REPAIRED G2 OOF,3612,6488,adsorbate,zero_residual_v1,64,0,1,,,,,,1,1
canonical,CANONICAL — REPAIRED G2 OOF,3613,6491,adsorbate,zero_residual_v1,64,0,1,,,,,,1,1
canonical,CANONICAL — REPAIRED G2 OOF,3614,6493,adsorbate,zero_residual_v1,64,0,1,,,,,,1,1
canonical,CANONICAL — REPAIRED G2 OOF,3615,6496,interstitial,zero_residual_v1,64,0,1,,,,,,1,1
canonical,CANONICAL — REPAIRED G2 OOF,3616,6497,adsorbate,zero_residual_v1,64,0,1,,,,,,1,1
canonical,CANONICAL — REPAIRED G2 OOF,3617,6503,adsorbate,zero_residual_v1,64,0,1,,,,,,1,1
canonical,CANONICAL — REPAIRED G2 OOF,3618,6505,adsorbate,zero_residual_v1,64,0,1,,,,,,1,1
canonical,CANONICAL — REPAIRED G2 OOF,3619,6507,adsorbate,zero_residual_v1,64,0,1,,,,,,1,1
canonical,CANONICAL — REPAIRED G2 OOF,3620,6508,adsorbate,zero_residual_v1,64,0,1,,,,,,1,1
canonical,CANONICAL — REPAIRED G2 OOF,3621,6509,adsorbate,zero_residual_v1,64,0,1,,,,,,1,1
canonical,CANONICAL — REPAIRED G2 OOF,3622,6514,adsorbate,zero_residual_v1,64,0,1,,,,,,1,1
canonical,CANONICAL — REPAIRED G2 OOF,3623,6516,interstitial,zero_residual_v1,64,0,1,,,,,,1,1
canonical,CANONICAL — REPAIRED G2 OOF,3626,6528,adsorbate,zero_residual_v1,64,0,1,,,,,,1,1
canonical,CANONICAL — REPAIRED G2 OOF,3627,6530,adsorbate,zero_residual_v1,64,0,1,,,,,,1,1
canonical,CANONICAL — REPAIRED G2 OOF,3628,6535,adsorbate,zero_residual_v1,64,0,1,,,,,,1,1
canonical,CANONICAL — REPAIRED G2 OOF,3629,6537,interstitial,zero_residual_v1,64,0,1,,,,,,1,1
canonical,CANONICAL — REPAIRED G2 OOF,3630,6539,adsorbate,zero_residual_v1,64,0,1,,,,,,1,1
canonical,CANONICAL — REPAIRED G2 OOF,3631,6543,interstitial,zero_residual_v1,64,0,1,,,,,,1,1
canonical,CANONICAL — REPAIRED G2 OOF,3632,6544,interstitial,zero_residual_v1,64,0,1,,,,,,1,1
canonical,CANONICAL — REPAIRED G2 OOF,3633,6545,interstitial,zero_residual_v1,64,0,1,,,,,,1,1
canonical,CANONICAL — REPAIRED G2 OOF,3634,6547,interstitial,zero_residual_v1,64,0,1,,,,,,1,1
canonical,CANONICAL — REPAIRED G2 OOF,3635,6548,interstitial,zero_residual_v1,64,0,1,,,,,,1,1
canonical,CANONICAL — REPAIRED G2 OOF,3636,6557,adsorbate,zero_residual_v1,64,0,1,,,,,,1,1
canonical,CANONICAL — REPAIRED G2 OOF,3637,6558,adsorbate,zero_residual_v1,64,0,1,,,,,,1,1
canonical,CANONICAL — REPAIRED G2 OOF,3638,6562,adsorbate,zero_residual_v1,64,0,1,,,,,,1,1
canonical,CANONICAL — REPAIRED G2 OOF,3639,6565,adsorbate,zero_residual_v1,64,0,1,,,,,,1,1
canonical,CANONICAL — REPAIRED G2 OOF,3640,6566,adsorbate,zero_residual_v1,64,0,1,,,,,,1,1
canonical,CANONICAL — REPAIRED G2 OOF,3641,6568,adsorbate,zero_residual_v1,64,0,1,,,,,,1,1
canonical,CANONICAL — REPAIRED G2 OOF,3642,6569,adsorbate,zero_residual_v1,64,0,1,,,,,,1,1
canonical,CANONICAL — REPAIRED G2 OOF,3643,6570,adsorbate,zero_residual_v1,64,0,1,,,,,,1,1
canonical,CANONICAL — REPAIRED G2 OOF,3644,6572,interstitial,zero_residual_v1,64,0,1,,,,,,1,1
canonical,CANONICAL — REPAIRED G2 OOF,3645,6573,adsorbate,zero_residual_v1,64,0,1,,,,,,1,1
canonical,CANONICAL — REPAIRED G2 OOF,3646,6574,adsorbate,zero_residual_v1,64,0,1,,,,,,1,1
canonical,CANONICAL — REPAIRED G2 OOF,3647,6578,interstitial,zero_residual_v1,64,0,1,,,,,,1,1
canonical,CANONICAL — REPAIRED G2 OOF,3648,6590,adsorbate,zero_residual_v1,64,0,1,,,,,,1,1
canonical,CANONICAL — REPAIRED G2 OOF,3649,6592,adsorbate,zero_residual_v1,64,0,1,,,,,,1,1
canonical,CANONICAL — REPAIRED G2 OOF,3650,6593,adsorbate,zero_residual_v1,64,0,1,,,,,,1,1
canonical,CANONICAL — REPAIRED G2 OOF,3651,6598,adsorbate,zero_residual_v1,64,0,1,,,,,,1,1
canonical,CANONICAL — REPAIRED G2 OOF,3652,6604,adsorbate,zero_residual_v1,64,0,1,,,,,,1,1
canonical,CANONICAL — REPAIRED G2 OOF,3653,6605,adsorbate,zero_residual_v1,64,0,1,,,,,,1,1
canonical,CANONICAL — REPAIRED G2 OOF,3654,6608,adsorbate,zero_residual_v1,64,0,1,,,,,,1,1
canonical,CANONICAL — REPAIRED G2 OOF,3655,6610,adsorbate,zero_residual_v1,64,0,1,,,,,,1,1
canonical,CANONICAL — REPAIRED G2 OOF,3657,6619,interstitial,zero_residual_v1,64,0,1,,,,,,1,1
canonical,CANONICAL — REPAIRED G2 OOF,3658,6625,adsorbate,zero_residual_v1,64,0,1,,,,,,1,1
canonical,CANONICAL — REPAIRED G2 OOF,3659,6634,adsorbate,zero_residual_v1,64,0,1,,,,,,1,1
canonical,CANONICAL — REPAIRED G2 OOF,3660,6636,adsorbate,zero_residual_v1,64,0,1,,,,,,1,1
canonical,CANONICAL — REPAIRED G2 OOF,3661,6637,adsorbate,zero_residual_v1,64,0,1,,,,,,1,1
canonical,CANONICAL — REPAIRED G2 OOF,3662,6639,adsorbate,zero_residual_v1,64,0,1,,,,,,1,1
canonical,CANONICAL — REPAIRED G2 OOF,3663,6643,interstitial,zero_residual_v1,64,0,1,,,,,,1,1
canonical,CANONICAL — REPAIRED G2 OOF,3664,6644,adsorbate,zero_residual_v1,64,0,1,,,,,,1,1
canonical,CANONICAL — REPAIRED G2 OOF,3665,6646,adsorbate,zero_residual_v1,64,0,1,,,,,,1,1
canonical,CANONICAL — REPAIRED G2 OOF,3666,6648,interstitial,zero_residual_v1,64,0,1,,,,,,1,1
canonical,CANONICAL — REPAIRED G2 OOF,3667,6651,adsorbate,zero_residual_v1,64,0,1,,,,,,1,1
canonical,CANONICAL — REPAIRED G2 OOF,3668,6652,adsorbate,zero_residual_v1,64,0,1,,,,,,1,1
canonical,CANONICAL — REPAIRED G2 OOF,3669,6653,adsorbate,zero_residual_v1,64,0,1,,,,,,1,1
canonical,CANONICAL — REPAIRED G2 OOF,3670,6656,adsorbate,zero_residual_v1,64,0,1,,,,,,1,1
canonical,CANONICAL — REPAIRED G2 OOF,3671,6658,interstitial,zero_residual_v1,64,0,1,,,,,,1,1
canonical,CANONICAL — REPAIRED G2 OOF,3672,6662,adsorbate,zero_residual_v1,64,0,1,,,,,,1,1
canonical,CANONICAL — REPAIRED G2 OOF,3673,6665,interstitial,zero_residual_v1,64,0,1,,,,,,1,1
canonical,CANONICAL — REPAIRED G2 OOF,3674,6666,adsorbate,zero_residual_v1,64,0,1,,,,,,1,1
canonical,CANONICAL — REPAIRED G2 OOF,3675,6667,interstitial,zero_residual_v1,64,0,1,,,,,,1,1
canonical,CANONICAL — REPAIRED G2 OOF,3676,6676,adsorbate,zero_residual_v1,64,0,1,,,,,,1,1
canonical,CANONICAL — REPAIRED G2 OOF,3677,6678,interstitial,zero_residual_v1,64,0,1,,,,,,1,1
canonical,CANONICAL — REPAIRED G2 OOF,3678,6680,interstitial,zero_residual_v1,64,0,1,,,,,,1,1
canonical,CANONICAL — REPAIRED G2 OOF,3679,6683,adsorbate,zero_residual_v1,64,0,1,,,,,,1,1
canonical,CANONICAL — REPAIRED G2 OOF,3680,6685,adsorbate,zero_residual_v1,64,0,1,,,,,,1,1
canonical,CANONICAL — REPAIRED G2 OOF,3681,6688,adsorbate,zero_residual_v1,64,0,1,,,,,,1,1
canonical,CANONICAL — REPAIRED G2 OOF,3682,6690,adsorbate,zero_residual_v1,64,0,1,,,,,,1,1
canonical,CANONICAL — REPAIRED G2 OOF,3683,6694,adsorbate,zero_residual_v1,64,0,1,,,,,,1,1
canonical,CANONICAL — REPAIRED G2 OOF,3684,6695,adsorbate,zero_residual_v1,64,0,1,,,,,,1,1
canonical,CANONICAL — REPAIRED G2 OOF,3685,6696,interstitial,zero_residual_v1,64,0,1,,,,,,1,1
canonical,CANONICAL — REPAIRED G2 OOF,3686,6698,adsorbate,zero_residual_v1,64,0,1,,,,,,1,1
canonical,CANONICAL — REPAIRED G2 OOF,3687,6699,adsorbate,zero_residual_v1,64,0,1,,,,,,1,1
canonical,CANONICAL — REPAIRED G2 OOF,3688,6705,adsorbate,zero_residual_v1,64,0,1,,,,,,1,1
canonical,CANONICAL — REPAIRED G2 OOF,3689,6709,adsorbate,zero_residual_v1,64,0,1,,,,,,1,1
canonical,CANONICAL — REPAIRED G2 OOF,3690,6710,interstitial,zero_residual_v1,64,0,1,,,,,,1,1
canonical,CANONICAL — REPAIRED G2 OOF,3691,6711,adsorbate,zero_residual_v1,64,0,1,,,,,,1,1
canonical,CANONICAL — REPAIRED G2 OOF,3692,6712,interstitial,zero_residual_v1,64,0,1,,,,,,1,1
canonical,CANONICAL — REPAIRED G2 OOF,3693,6717,adsorbate,zero_residual_v1,64,0,1,,,,,,1,1
canonical,CANONICAL — REPAIRED G2 OOF,3694,6719,interstitial,zero_residual_v1,64,0,1,,,,,,1,1
canonical,CANONICAL — REPAIRED G2 OOF,3695,6721,adsorbate,zero_residual_v1,64,0,1,,,,,,1,1
canonical,CANONICAL — REPAIRED G2 OOF,3696,6723,adsorbate,zero_residual_v1,64,0,1,,,,,,1,1
canonical,CANONICAL — REPAIRED G2 OOF,3697,6725,adsorbate,zero_residual_v1,64,0,1,,,,,,1,1
canonical,CANONICAL — REPAIRED G2 OOF,3698,6726,adsorbate,zero_residual_v1,64,0,1,,,,,,1,1
canonical,CANONICAL — REPAIRED G2 OOF,3699,6727,adsorbate,zero_residual_v1,64,0,1,,,,,,1,1
canonical,CANONICAL — REPAIRED G2 OOF,3701,6732,adsorbate,zero_residual_v1,64,0,1,,,,,,1,1
canonical,CANONICAL — REPAIRED G2 OOF,3702,6739,adsorbate,zero_residual_v1,64,0,1,,,,,,1,1
canonical,CANONICAL — REPAIRED G2 OOF,3703,6755,adsorbate,zero_residual_v1,64,0,1,,,,,,1,1
canonical,CANONICAL — REPAIRED G2 OOF,3704,6760,interstitial,zero_residual_v1,64,0,1,,,,,,1,1
canonical,CANONICAL — REPAIRED G2 OOF,3705,6761,interstitial,zero_residual_v1,64,0,1,,,,,,1,1
canonical,CANONICAL — REPAIRED G2 OOF,3706,6763,adsorbate,zero_residual_v1,64,0,1,,,,,,1,1
canonical,CANONICAL — REPAIRED G2 OOF,3707,6765,adsorbate,zero_residual_v1,64,0,1,,,,,,1,1
canonical,CANONICAL — REPAIRED G2 OOF,3708,6770,adsorbate,zero_residual_v1,64,0,1,,,,,,1,1
canonical,CANONICAL — REPAIRED G2 OOF,3709,6774,adsorbate,zero_residual_v1,64,0,1,,,,,,1,1
canonical,CANONICAL — REPAIRED G2 OOF,3710,6777,interstitial,zero_residual_v1,64,0,1,,,,,,1,1
canonical,CANONICAL — REPAIRED G2 OOF,3711,6782,adsorbate,zero_residual_v1,64,0,1,,,,,,1,1
canonical,CANONICAL — REPAIRED G2 OOF,3712,6784,adsorbate,zero_residual_v1,64,0,1,,,,,,1,1
canonical,CANONICAL — REPAIRED G2 OOF,3714,6786,adsorbate,zero_residual_v1,64,0,1,,,,,,1,1
canonical,CANONICAL — REPAIRED G2 OOF,3715,6787,interstitial,zero_residual_v1,64,0,1,,,,,,1,1
canonical,CANONICAL — REPAIRED G2 OOF,3716,6790,adsorbate,zero_residual_v1,64,0,1,,,,,,1,1
canonical,CANONICAL — REPAIRED G2 OOF,3717,6791,adsorbate,zero_residual_v1,64,0,1,,,,,,1,1
canonical,CANONICAL — REPAIRED G2 OOF,3718,6792,adsorbate,zero_residual_v1,64,0,1,,,,,,1,1
canonical,CANONICAL — REPAIRED G2 OOF,3719,6793,adsorbate,zero_residual_v1,64,0,1,,,,,,1,1
canonical,CANONICAL — REPAIRED G2 OOF,3720,6794,adsorbate,zero_residual_v1,64,0,1,,,,,,1,1
canonical,CANONICAL — REPAIRED G2 OOF,3721,6796,adsorbate,zero_residual_v1,64,0,1,,,,,,1,1
canonical,CANONICAL — REPAIRED G2 OOF,3722,6797,adsorbate,zero_residual_v1,64,0,1,,,,,,1,1
canonical,CANONICAL — REPAIRED G2 OOF,3723,6806,adsorbate,zero_residual_v1,64,0,1,,,,,,1,1
canonical,CANONICAL — REPAIRED G2 OOF,3724,6809,adsorbate,zero_residual_v1,64,0,1,,,,,,1,1
canonical,CANONICAL — REPAIRED G2 OOF,3726,6813,adsorbate,zero_residual_v1,64,0,1,,,,,,1,1
canonical,CANONICAL — REPAIRED G2 OOF,3728,6817,adsorbate,zero_residual_v1,64,0,1,,,,,,1,1
canonical,CANONICAL — REPAIRED G2 OOF,3729,6819,adsorbate,zero_residual_v1,64,0,1,,,,,,1,1
canonical,CANONICAL — REPAIRED G2 OOF,3730,6821,adsorbate,zero_residual_v1,64,0,1,,,,,,1,1
canonical,CANONICAL — REPAIRED G2 OOF,3731,6823,adsorbate,zero_residual_v1,64,0,1,,,,,,1,1
canonical,CANONICAL — REPAIRED G2 OOF,3732,6836,adsorbate,zero_residual_v1,64,0,1,,,,,,1,1
canonical,CANONICAL — REPAIRED G2 OOF,3733,6838,adsorbate,zero_residual_v1,64,0,1,,,,,,1,1
canonical,CANONICAL — REPAIRED G2 OOF,3734,6848,adsorbate,zero_residual_v1,64,0,1,,,,,,1,1
canonical,CANONICAL — REPAIRED G2 OOF,3735,6849,adsorbate,zero_residual_v1,64,0,1,,,,,,1,1
canonical,CANONICAL — REPAIRED G2 OOF,3736,6851,adsorbate,zero_residual_v1,64,0,1,,,,,,1,1
canonical,CANONICAL — REPAIRED G2 OOF,3737,6852,adsorbate,zero_residual_v1,64,0,1,,,,,,1,1
canonical,CANONICAL — REPAIRED G2 OOF,3738,6854,interstitial,zero_residual_v1,64,0,1,,,,,,1,1
canonical,CANONICAL — REPAIRED G2 OOF,3739,6859,adsorbate,zero_residual_v1,64,0,1,,,,,,1,1
canonical,CANONICAL — REPAIRED G2 OOF,3740,6860,adsorbate,zero_residual_v1,64,0,1,,,,,,1,1
canonical,CANONICAL — REPAIRED G2 OOF,3741,6861,adsorbate,zero_residual_v1,64,0,1,,,,,,1,1
canonical,CANONICAL — REPAIRED G2 OOF,3742,6863,adsorbate,zero_residual_v1,64,0,1,,,,,,1,1
canonical,CANONICAL — REPAIRED G2 OOF,3743,6865,adsorbate,zero_residual_v1,64,0,1,,,,,,1,1
canonical,CANONICAL — REPAIRED G2 OOF,3744,6867,adsorbate,zero_residual_v1,64,0,1,,,,,,1,1
canonical,CANONICAL — REPAIRED G2 OOF,3745,6870,adsorbate,zero_residual_v1,64,0,1,,,,,,1,1
canonical,CANONICAL — REPAIRED G2 OOF,3746,6873,adsorbate,zero_residual_v1,64,0,1,,,,,,1,1
canonical,CANONICAL — REPAIRED G2 OOF,3747,6879,adsorbate,zero_residual_v1,64,0,1,,,,,,1,1
canonical,CANONICAL — REPAIRED G2 OOF,3749,6882,interstitial,zero_residual_v1,64,0,1,,,,,,1,1
canonical,CANONICAL — REPAIRED G2 OOF,3750,6883,adsorbate,zero_residual_v1,64,0,1,,,,,,1,1
canonical,CANONICAL — REPAIRED G2 OOF,3751,6886,adsorbate,zero_residual_v1,64,0,1,,,,,,1,1
canonical,CANONICAL — REPAIRED G2 OOF,3752,6889,adsorbate,zero_residual_v1,64,0,1,,,,,,1,1
canonical,CANONICAL — REPAIRED G2 OOF,3753,6890,adsorbate,zero_residual_v1,64,0,1,,,,,,1,1
canonical,CANONICAL — REPAIRED G2 OOF,3754,6893,adsorbate,zero_residual_v1,64,0,1,,,,,,1,1
canonical,CANONICAL — REPAIRED G2 OOF,3755,6894,adsorbate,zero_residual_v1,64,0,1,,,,,,1,1
canonical,CANONICAL — REPAIRED G2 OOF,3756,6895,interstitial,zero_residual_v1,64,0,1,,,,,,1,1
canonical,CANONICAL — REPAIRED G2 OOF,3757,6898,adsorbate,zero_residual_v1,64,0,1,,,,,,1,1
canonical,CANONICAL — REPAIRED G2 OOF,3758,6901,adsorbate,zero_residual_v1,64,0,1,,,,,,1,1
canonical,CANONICAL — REPAIRED G2 OOF,3759,6905,adsorbate,zero_residual_v1,64,0,1,,,,,,1,1
canonical,CANONICAL — REPAIRED G2 OOF,3760,6908,adsorbate,zero_residual_v1,64,0,1,,,,,,1,1
canonical,CANONICAL — REPAIRED G2 OOF,3761,6910,interstitial,zero_residual_v1,64,0,1,,,,,,1,1
canonical,CANONICAL — REPAIRED G2 OOF,3762,6911,adsorbate,zero_residual_v1,64,0,1,,,,,,1,1
canonical,CANONICAL — REPAIRED G2 OOF,3763,6913,adsorbate,zero_residual_v1,64,0,1,,,,,,1,1
canonical,CANONICAL — REPAIRED G2 OOF,3764,6916,adsorbate,zero_residual_v1,64,0,1,,,,,,1,1
canonical,CANONICAL — REPAIRED G2 OOF,3765,6918,adsorbate,zero_residual_v1,64,0,1,,,,,,1,1
canonical,CANONICAL — REPAIRED G2 OOF,3766,6920,adsorbate,zero_residual_v1,64,0,1,,,,,,1,1
canonical,CANONICAL — REPAIRED G2 OOF,3767,6921,adsorbate,zero_residual_v1,64,0,1,,,,,,1,1
canonical,CANONICAL — REPAIRED G2 OOF,3768,6926,adsorbate,zero_residual_v1,64,0,1,,,,,,1,1
canonical,CANONICAL — REPAIRED G2 OOF,3769,6931,adsorbate,zero_residual_v1,64,0,1,,,,,,1,1
canonical,CANONICAL — REPAIRED G2 OOF,3770,6933,adsorbate,zero_residual_v1,64,0,1,,,,,,1,1
canonical,CANONICAL — REPAIRED G2 OOF,3771,6936,adsorbate,zero_residual_v1,64,0,1,,,,,,1,1
canonical,CANONICAL — REPAIRED G2 OOF,3772,6938,adsorbate,zero_residual_v1,64,0,1,,,,,,1,1
canonical,CANONICAL — REPAIRED G2 OOF,3773,6945,interstitial,zero_residual_v1,64,0,1,,,,,,1,1
canonical,CANONICAL — REPAIRED G2 OOF,3774,6946,adsorbate,zero_residual_v1,64,0,1,,,,,,1,1
canonical,CANONICAL — REPAIRED G2 OOF,3775,6948,adsorbate,zero_residual_v1,64,0,1,,,,,,1,1
canonical,CANONICAL — REPAIRED G2 OOF,3776,6949,adsorbate,zero_residual_v1,64,0,1,,,,,,1,1
canonical,CANONICAL — REPAIRED G2 OOF,3777,6952,adsorbate,zero_residual_v1,64,0,1,,,,,,1,1
canonical,CANONICAL — REPAIRED G2 OOF,3779,6964,adsorbate,zero_residual_v1,64,0,1,,,,,,1,1
canonical,CANONICAL — REPAIRED G2 OOF,3780,6965,adsorbate,zero_residual_v1,64,0,1,,,,,,1,1
canonical,CANONICAL — REPAIRED G2 OOF,3781,6974,adsorbate,zero_residual_v1,64,0,1,,,,,,1,1
canonical,CANONICAL — REPAIRED G2 OOF,3782,6976,adsorbate,zero_residual_v1,64,0,1,,,,,,1,1
canonical,CANONICAL — REPAIRED G2 OOF,3783,6977,adsorbate,zero_residual_v1,64,0,1,,,,,,1,1
canonical,CANONICAL — REPAIRED G2 OOF,3784,6980,adsorbate,zero_residual_v1,64,0,1,,,,,,1,1
canonical,CANONICAL — REPAIRED G2 OOF,3785,6982,adsorbate,zero_residual_v1,64,0,1,,,,,,1,1
canonical,CANONICAL — REPAIRED G2 OOF,3786,6983,adsorbate,zero_residual_v1,64,0,1,,,,,,1,1
canonical,CANONICAL — REPAIRED G2 OOF,3787,6988,adsorbate,zero_residual_v1,64,0,1,,,,,,1,1
canonical,CANONICAL — REPAIRED G2 OOF,3788,6989,interstitial,zero_residual_v1,64,0,1,,,,,,1,1
canonical,CANONICAL — REPAIRED G2 OOF,3789,6991,adsorbate,zero_residual_v1,64,0,1,,,,,,1,1
canonical,CANONICAL — REPAIRED G2 OOF,3790,6997,adsorbate,zero_residual_v1,64,0,1,,,,,,1,1
canonical,CANONICAL — REPAIRED G2 OOF,3791,7000,adsorbate,zero_residual_v1,64,0,1,,,,,,1,1
canonical,CANONICAL — REPAIRED G2 OOF,3792,7009,adsorbate,zero_residual_v1,64,0,1,,,,,,1,1
canonical,CANONICAL — REPAIRED G2 OOF,3793,7010,adsorbate,zero_residual_v1,64,0,1,,,,,,1,1
canonical,CANONICAL — REPAIRED G2 OOF,3794,7013,adsorbate,zero_residual_v1,64,0,1,,,,,,1,1
canonical,CANONICAL — REPAIRED G2 OOF,3795,7017,adsorbate,zero_residual_v1,64,0,1,,,,,,1,1
canonical,CANONICAL — REPAIRED G2 OOF,3796,7020,adsorbate,zero_residual_v1,64,0,1,,,,,,1,1
canonical,CANONICAL — REPAIRED G2 OOF,3797,7021,adsorbate,zero_residual_v1,64,0,1,,,,,,1,1
canonical,CANONICAL — REPAIRED G2 OOF,3798,7022,adsorbate,zero_residual_v1,64,0,1,,,,,,1,1
canonical,CANONICAL — REPAIRED G2 OOF,3799,7025,adsorbate,zero_residual_v1,64,0,1,,,,,,1,1
canonical,CANONICAL — REPAIRED G2 OOF,3800,7027,adsorbate,zero_residual_v1,64,0,1,,,,,,1,1
canonical,CANONICAL — REPAIRED G2 OOF,3801,7029,adsorbate,zero_residual_v1,64,0,1,,,,,,1,1
canonical,CANONICAL — REPAIRED G2 OOF,3802,7030,adsorbate,zero_residual_v1,64,0,1,,,,,,1,1
canonical,CANONICAL — REPAIRED G2 OOF,3803,7031,adsorbate,zero_residual_v1,64,0,1,,,,,,1,1
canonical,CANONICAL — REPAIRED G2 OOF,3804,7033,adsorbate,zero_residual_v1,64,0,1,,,,,,1,1
canonical,CANONICAL — REPAIRED G2 OOF,3805,7036,adsorbate,zero_residual_v1,64,0,1,,,,,,1,1
canonical,CANONICAL — REPAIRED G2 OOF,3806,7044,adsorbate,zero_residual_v1,64,0,1,,,,,,1,1
canonical,CANONICAL — REPAIRED G2 OOF,3807,7047,adsorbate,zero_residual_v1,64,0,1,,,,,,1,1
canonical,CANONICAL — REPAIRED G2 OOF,3808,7048,interstitial,zero_residual_v1,64,0,1,,,,,,1,1
canonical,CANONICAL — REPAIRED G2 OOF,3809,7051,adsorbate,zero_residual_v1,64,0,1,,,,,,1,1
canonical,CANONICAL — REPAIRED G2 OOF,3810,7053,adsorbate,zero_residual_v1,64,0,1,,,,,,1,1
canonical,CANONICAL — REPAIRED G2 OOF,3811,7056,adsorbate,zero_residual_v1,64,0,1,,,,,,1,1
canonical,CANONICAL — REPAIRED G2 OOF,3812,7057,adsorbate,zero_residual_v1,64,0,1,,,,,,1,1
canonical,CANONICAL — REPAIRED G2 OOF,3813,7058,adsorbate,zero_residual_v1,64,0,1,,,,,,1,1
canonical,CANONICAL — REPAIRED G2 OOF,3814,7068,adsorbate,zero_residual_v1,64,0,1,,,,,,1,1
canonical,CANONICAL — REPAIRED G2 OOF,3815,7074,adsorbate,zero_residual_v1,64,0,1,,,,,,1,1
canonical,CANONICAL — REPAIRED G2 OOF,3816,7077,adsorbate,zero_residual_v1,64,0,1,,,,,,1,1
canonical,CANONICAL — REPAIRED G2 OOF,3817,7079,interstitial,zero_residual_v1,64,0,1,,,,,,1,1
canonical,CANONICAL — REPAIRED G2 OOF,3818,7081,adsorbate,zero_residual_v1,64,0,1,,,,,,1,1
canonical,CANONICAL — REPAIRED G2 OOF,3819,7084,adsorbate,zero_residual_v1,64,0,1,,,,,,1,1
canonical,CANONICAL — REPAIRED G2 OOF,3820,7085,adsorbate,zero_residual_v1,64,0,1,,,,,,1,1
canonical,CANONICAL — REPAIRED G2 OOF,3821,7086,adsorbate,zero_residual_v1,64,0,1,,,,,,1,1
canonical,CANONICAL — REPAIRED G2 OOF,3822,7087,interstitial,zero_residual_v1,64,0,1,,,,,,1,1
canonical,CANONICAL — REPAIRED G2 OOF,3823,7089,adsorbate,zero_residual_v1,64,0,1,,,,,,1,1
canonical,CANONICAL — REPAIRED G2 OOF,3825,7094,adsorbate,zero_residual_v1,64,0,1,,,,,,1,1
canonical,CANONICAL — REPAIRED G2 OOF,3826,7102,adsorbate,zero_residual_v1,64,0,1,,,,,,1,1
canonical,CANONICAL — REPAIRED G2 OOF,3827,7105,adsorbate,zero_residual_v1,64,0,1,,,,,,1,1
canonical,CANONICAL — REPAIRED G2 OOF,3828,7107,interstitial,zero_residual_v1,64,0,1,,,,,,1,1
canonical,CANONICAL — REPAIRED G2 OOF,3829,7110,interstitial,zero_residual_v1,64,0,1,,,,,,1,1
canonical,CANONICAL — REPAIRED G2 OOF,3830,7111,adsorbate,zero_residual_v1,64,0,1,,,,,,1,1
canonical,CANONICAL — REPAIRED G2 OOF,3831,7112,adsorbate,zero_residual_v1,64,0,1,,,,,,1,1
canonical,CANONICAL — REPAIRED G2 OOF,3832,7114,adsorbate,zero_residual_v1,64,0,1,,,,,,1,1
canonical,CANONICAL — REPAIRED G2 OOF,3833,7116,adsorbate,zero_residual_v1,64,0,1,,,,,,1,1
canonical,CANONICAL — REPAIRED G2 OOF,3834,7118,adsorbate,zero_residual_v1,64,0,1,,,,,,1,1
canonical,CANONICAL — REPAIRED G2 OOF,3835,7120,adsorbate,zero_residual_v1,64,0,1,,,,,,1,1
canonical,CANONICAL — REPAIRED G2 OOF,3836,7121,adsorbate,zero_residual_v1,64,0,1,,,,,,1,1
canonical,CANONICAL — REPAIRED G2 OOF,3837,7122,adsorbate,zero_residual_v1,64,0,1,,,,,,1,1
canonical,CANONICAL — REPAIRED G2 OOF,3838,7130,adsorbate,zero_residual_v1,64,0,1,,,,,,1,1
canonical,CANONICAL — REPAIRED G2 OOF,3839,7141,adsorbate,zero_residual_v1,64,0,1,,,,,,1,1
canonical,CANONICAL — REPAIRED G2 OOF,3840,7144,interstitial,zero_residual_v1,64,0,1,,,,,,1,1
canonical,CANONICAL — REPAIRED G2 OOF,3841,7147,adsorbate,zero_residual_v1,64,0,1,,,,,,1,1
canonical,CANONICAL — REPAIRED G2 OOF,3842,7149,interstitial,zero_residual_v1,64,0,1,,,,,,1,1
canonical,CANONICAL — REPAIRED G2 OOF,3844,7151,adsorbate,zero_residual_v1,64,0,1,,,,,,1,1
canonical,CANONICAL — REPAIRED G2 OOF,3846,7154,adsorbate,zero_residual_v1,64,0,1,,,,,,1,1
canonical,CANONICAL — REPAIRED G2 OOF,3847,7158,adsorbate,zero_residual_v1,64,0,1,,,,,,1,1
canonical,CANONICAL — REPAIRED G2 OOF,3848,7160,adsorbate,zero_residual_v1,64,0,1,,,,,,1,1
canonical,CANONICAL — REPAIRED G2 OOF,3849,7163,adsorbate,zero_residual_v1,64,0,1,,,,,,1,1
canonical,CANONICAL — REPAIRED G2 OOF,3850,7165,adsorbate,zero_residual_v1,64,0,1,,,,,,1,1
canonical,CANONICAL — REPAIRED G2 OOF,3851,7171,adsorbate,zero_residual_v1,64,0,1,,,,,,1,1
canonical,CANONICAL — REPAIRED G2 OOF,3852,7172,adsorbate,zero_residual_v1,64,0,1,,,,,,1,1
canonical,CANONICAL — REPAIRED G2 OOF,3853,7175,adsorbate,zero_residual_v1,64,0,1,,,,,,1,1
canonical,CANONICAL — REPAIRED G2 OOF,3854,7176,adsorbate,zero_residual_v1,64,0,1,,,,,,1,1
canonical,CANONICAL — REPAIRED G2 OOF,3855,7181,adsorbate,zero_residual_v1,64,0,1,,,,,,1,1
canonical,CANONICAL — REPAIRED G2 OOF,3856,7182,adsorbate,zero_residual_v1,64,0,1,,,,,,1,1
canonical,CANONICAL — REPAIRED G2 OOF,3857,7185,interstitial,zero_residual_v1,64,0,1,,,,,,1,1
canonical,CANONICAL — REPAIRED G2 OOF,3858,7187,interstitial,zero_residual_v1,64,0,1,,,,,,1,1
canonical,CANONICAL — REPAIRED G2 OOF,3859,7188,adsorbate,zero_residual_v1,64,0,1,,,,,,1,1
canonical,CANONICAL — REPAIRED G2 OOF,3860,7189,interstitial,zero_residual_v1,64,0,1,,,,,,1,1
canonical,CANONICAL — REPAIRED G2 OOF,3861,7191,interstitial,zero_residual_v1,64,0,1,,,,,,1,1
canonical,CANONICAL — REPAIRED G2 OOF,3862,7192,adsorbate,zero_residual_v1,64,0,1,,,,,,1,1
canonical,CANONICAL — REPAIRED G2 OOF,3863,7193,interstitial,zero_residual_v1,64,0,1,,,,,,1,1
canonical,CANONICAL — REPAIRED G2 OOF,3864,7194,adsorbate,zero_residual_v1,64,0,1,,,,,,1,1
canonical,CANONICAL — REPAIRED G2 OOF,3865,7195,adsorbate,zero_residual_v1,64,0,1,,,,,,1,1
canonical,CANONICAL — REPAIRED G2 OOF,3866,7197,interstitial,zero_residual_v1,64,0,1,,,,,,1,1
canonical,CANONICAL — REPAIRED G2 OOF,3867,7198,adsorbate,zero_residual_v1,64,0,1,,,,,,1,1
canonical,CANONICAL — REPAIRED G2 OOF,3868,7200,interstitial,zero_residual_v1,64,0,1,,,,,,1,1
canonical,CANONICAL — REPAIRED G2 OOF,3869,7203,interstitial,zero_residual_v1,64,0,1,,,,,,1,1
canonical,CANONICAL — REPAIRED G2 OOF,3870,7204,adsorbate,zero_residual_v1,64,0,1,,,,,,1,1
canonical,CANONICAL — REPAIRED G2 OOF,3871,7206,adsorbate,zero_residual_v1,64,0,1,,,,,,1,1
canonical,CANONICAL — REPAIRED G2 OOF,3872,7208,adsorbate,zero_residual_v1,64,0,1,,,,,,1,1
canonical,CANONICAL — REPAIRED G2 OOF,3873,7209,interstitial,zero_residual_v1,64,0,1,,,,,,1,1
canonical,CANONICAL — REPAIRED G2 OOF,3874,7210,adsorbate,zero_residual_v1,64,0,1,,,,,,1,1
canonical,CANONICAL — REPAIRED G2 OOF,3875,7214,interstitial,zero_residual_v1,64,0,1,,,,,,1,1
canonical,CANONICAL — REPAIRED G2 OOF,3876,7216,interstitial,zero_residual_v1,64,0,1,,,,,,1,1
canonical,CANONICAL — REPAIRED G2 OOF,3877,7217,adsorbate,zero_residual_v1,64,0,1,,,,,,1,1
canonical,CANONICAL — REPAIRED G2 OOF,3878,7218,interstitial,zero_residual_v1,64,0,1,,,,,,1,1
canonical,CANONICAL — REPAIRED G2 OOF,3880,7220,adsorbate,zero_residual_v1,64,0,1,,,,,,1,1
canonical,CANONICAL — REPAIRED G2 OOF,3881,7222,interstitial,zero_residual_v1,64,0,1,,,,,,1,1
canonical,CANONICAL — REPAIRED G2 OOF,3882,7223,interstitial,zero_residual_v1,64,0,1,,,,,,1,1
canonical,CANONICAL — REPAIRED G2 OOF,3883,7225,interstitial,zero_residual_v1,64,0,1,,,,,,1,1
canonical,CANONICAL — REPAIRED G2 OOF,3884,7227,adsorbate,zero_residual_v1,64,0,1,,,,,,1,1
canonical,CANONICAL — REPAIRED G2 OOF,3885,7228,interstitial,zero_residual_v1,64,0,1,,,,,,1,1
canonical,CANONICAL — REPAIRED G2 OOF,3886,7229,adsorbate,zero_residual_v1,64,0,1,,,,,,1,1
canonical,CANONICAL — REPAIRED G2 OOF,3887,7230,adsorbate,zero_residual_v1,64,0,1,,,,,,1,1
canonical,CANONICAL — REPAIRED G2 OOF,3888,7231,adsorbate,zero_residual_v1,64,0,1,,,,,,1,1
canonical,CANONICAL — REPAIRED G2 OOF,3889,7232,interstitial,zero_residual_v1,64,0,1,,,,,,1,1
canonical,CANONICAL — REPAIRED G2 OOF,3890,7233,adsorbate,zero_residual_v1,64,0,1,,,,,,1,1
canonical,CANONICAL — REPAIRED G2 OOF,3891,7234,interstitial,zero_residual_v1,64,0,1,,,,,,1,1
canonical,CANONICAL — REPAIRED G2 OOF,3892,7235,interstitial,zero_residual_v1,64,0,1,,,,,,1,1
canonical,CANONICAL — REPAIRED G2 OOF,3893,7236,interstitial,zero_residual_v1,64,0,1,,,,,,1,1
canonical,CANONICAL — REPAIRED G2 OOF,3894,7237,adsorbate,zero_residual_v1,64,0,1,,,,,,1,1
canonical,CANONICAL — REPAIRED G2 OOF,3895,7239,adsorbate,zero_residual_v1,64,0,1,,,,,,1,1
canonical,CANONICAL — REPAIRED G2 OOF,3896,7240,adsorbate,zero_residual_v1,64,0,1,,,,,,1,1
canonical,CANONICAL — REPAIRED G2 OOF,3897,7242,adsorbate,zero_residual_v1,64,0,1,,,,,,1,1
canonical,CANONICAL — REPAIRED G2 OOF,3898,7243,adsorbate,zero_residual_v1,64,0,1,,,,,,1,1
canonical,CANONICAL — REPAIRED G2 OOF,3899,7245,adsorbate,zero_residual_v1,64,0,1,,,,,,1,1
canonical,CANONICAL — REPAIRED G2 OOF,3900,7246,adsorbate,zero_residual_v1,64,0,1,,,,,,1,1
canonical,CANONICAL — REPAIRED G2 OOF,3901,7247,interstitial,zero_residual_v1,64,0,1,,,,,,1,1
canonical,CANONICAL — REPAIRED G2 OOF,3902,7250,interstitial,zero_residual_v1,64,0,1,,,,,,1,1
canonical,CANONICAL — REPAIRED G2 OOF,3903,7251,adsorbate,zero_residual_v1,64,0,1,,,,,,1,1
canonical,CANONICAL — REPAIRED G2 OOF,3904,7252,adsorbate,zero_residual_v1,64,0,1,,,,,,1,1
canonical,CANONICAL — REPAIRED G2 OOF,3905,7253,interstitial,zero_residual_v1,64,0,1,,,,,,1,1
canonical,CANONICAL — REPAIRED G2 OOF,3906,7256,adsorbate,zero_residual_v1,64,0,1,,,,,,1,1
canonical,CANONICAL — REPAIRED G2 OOF,3907,7257,adsorbate,zero_residual_v1,64,0,1,,,,,,1,1
canonical,CANONICAL — REPAIRED G2 OOF,3908,7260,adsorbate,zero_residual_v1,64,0,1,,,,,,1,1
canonical,CANONICAL — REPAIRED G2 OOF,3909,7262,adsorbate,zero_residual_v1,64,0,1,,,,,,1,1
canonical,CANONICAL — REPAIRED G2 OOF,3910,7263,interstitial,zero_residual_v1,64,0,1,,,,,,1,1
canonical,CANONICAL — REPAIRED G2 OOF,3911,7264,adsorbate,zero_residual_v1,64,0,1,,,,,,1,1
canonical,CANONICAL — REPAIRED G2 OOF,3912,7265,adsorbate,zero_residual_v1,64,0,1,,,,,,1,1
canonical,CANONICAL — REPAIRED G2 OOF,3913,7266,adsorbate,zero_residual_v1,64,0,1,,,,,,1,1
canonical,CANONICAL — REPAIRED G2 OOF,3914,7267,adsorbate,zero_residual_v1,64,0,1,,,,,,1,1
canonical,CANONICAL — REPAIRED G2 OOF,3915,7268,interstitial,zero_residual_v1,64,0,1,,,,,,1,1
canonical,CANONICAL — REPAIRED G2 OOF,3917,7272,interstitial,zero_residual_v1,64,0,1,,,,,,1,1
canonical,CANONICAL — REPAIRED G2 OOF,3919,7274,adsorbate,zero_residual_v1,64,0,1,,,,,,1,1
canonical,CANONICAL — REPAIRED G2 OOF,3920,7276,adsorbate,zero_residual_v1,64,0,1,,,,,,1,1
canonical,CANONICAL — REPAIRED G2 OOF,3921,7277,interstitial,zero_residual_v1,64,0,1,,,,,,1,1
canonical,CANONICAL — REPAIRED G2 OOF,3922,7280,adsorbate,zero_residual_v1,64,0,1,,,,,,1,1
canonical,CANONICAL — REPAIRED G2 OOF,3923,7281,adsorbate,zero_residual_v1,64,0,1,,,,,,1,1
canonical,CANONICAL — REPAIRED G2 OOF,3924,7282,adsorbate,zero_residual_v1,64,0,1,,,,,,1,1
canonical,CANONICAL — REPAIRED G2 OOF,3925,7284,adsorbate,zero_residual_v1,64,0,1,,,,,,1,1
canonical,CANONICAL — REPAIRED G2 OOF,3926,7285,adsorbate,zero_residual_v1,64,0,1,,,,,,1,1
canonical,CANONICAL — REPAIRED G2 OOF,3927,7288,adsorbate,zero_residual_v1,64,0,1,,,,,,1,1
canonical,CANONICAL — REPAIRED G2 OOF,3928,7289,interstitial,zero_residual_v1,64,0,1,,,,,,1,1
canonical,CANONICAL — REPAIRED G2 OOF,3929,7290,adsorbate,zero_residual_v1,64,0,1,,,,,,1,1
canonical,CANONICAL — REPAIRED G2 OOF,3930,7292,adsorbate,zero_residual_v1,64,0,1,,,,,,1,1
canonical,CANONICAL — REPAIRED G2 OOF,3931,7293,adsorbate,zero_residual_v1,64,0,1,,,,,,1,1
canonical,CANONICAL — REPAIRED G2 OOF,3932,7296,interstitial,zero_residual_v1,64,0,1,,,,,,1,1
canonical,CANONICAL — REPAIRED G2 OOF,3933,7297,interstitial,zero_residual_v1,64,0,1,,,,,,1,1
canonical,CANONICAL — REPAIRED G2 OOF,3934,7298,interstitial,zero_residual_v1,64,0,1,,,,,,1,1
canonical,CANONICAL — REPAIRED G2 OOF,3935,7299,adsorbate,zero_residual_v1,64,0,1,,,,,,1,1
canonical,CANONICAL — REPAIRED G2 OOF,3936,7302,adsorbate,zero_residual_v1,64,0,1,,,,,,1,1
canonical,CANONICAL — REPAIRED G2 OOF,3937,7303,adsorbate,zero_residual_v1,64,0,1,,,,,,1,1
canonical,CANONICAL — REPAIRED G2 OOF,3938,7305,interstitial,zero_residual_v1,64,0,1,,,,,,1,1
canonical,CANONICAL — REPAIRED G2 OOF,3939,7307,adsorbate,zero_residual_v1,64,0,1,,,,,,1,1
canonical,CANONICAL — REPAIRED G2 OOF,3940,7308,adsorbate,zero_residual_v1,64,0,1,,,,,,1,1
canonical,CANONICAL — REPAIRED G2 OOF,3941,7313,adsorbate,zero_residual_v1,64,0,1,,,,,,1,1
canonical,CANONICAL — REPAIRED G2 OOF,3942,7314,adsorbate,zero_residual_v1,64,0,1,,,,,,1,1
canonical,CANONICAL — REPAIRED G2 OOF,3943,7316,interstitial,zero_residual_v1,64,0,1,,,,,,1,1
canonical,CANONICAL — REPAIRED G2 OOF,3944,7318,adsorbate,zero_residual_v1,64,0,1,,,,,,1,1
canonical,CANONICAL — REPAIRED G2 OOF,3946,7320,interstitial,zero_residual_v1,64,0,1,,,,,,1,1
canonical,CANONICAL — REPAIRED G2 OOF,3947,7321,interstitial,zero_residual_v1,64,0,1,,,,,,1,1
canonical,CANONICAL — REPAIRED G2 OOF,3948,7322,adsorbate,zero_residual_v1,64,0,1,,,,,,1,1
canonical,CANONICAL — REPAIRED G2 OOF,3949,7323,adsorbate,zero_residual_v1,64,0,1,,,,,,1,1
canonical,CANONICAL — REPAIRED G2 OOF,3950,7325,adsorbate,zero_residual_v1,64,0,1,,,,,,1,1
canonical,CANONICAL — REPAIRED G2 OOF,3951,7327,adsorbate,zero_residual_v1,64,0,1,,,,,,1,1
canonical,CANONICAL — REPAIRED G2 OOF,3952,7328,interstitial,zero_residual_v1,64,0,1,,,,,,1,1
canonical,CANONICAL — REPAIRED G2 OOF,3953,7329,interstitial,zero_residual_v1,64,0,1,,,,,,1,1
canonical,CANONICAL — REPAIRED G2 OOF,3954,7330,interstitial,zero_residual_v1,64,0,1,,,,,,1,1
canonical,CANONICAL — REPAIRED G2 OOF,3955,7331,adsorbate,zero_residual_v1,64,0,1,,,,,,1,1
canonical,CANONICAL — REPAIRED G2 OOF,3956,7332,adsorbate,zero_residual_v1,64,0,1,,,,,,1,1
canonical,CANONICAL — REPAIRED G2 OOF,3957,7333,adsorbate,zero_residual_v1,64,0,1,,,,,,1,1
canonical,CANONICAL — REPAIRED G2 OOF,3958,7334,adsorbate,zero_residual_v1,64,0,1,,,,,,1,1
canonical,CANONICAL — REPAIRED G2 OOF,3959,7338,adsorbate,zero_residual_v1,64,0,1,,,,,,1,1
canonical,CANONICAL — REPAIRED G2 OOF,3961,7341,interstitial,zero_residual_v1,64,0,1,,,,,,1,1
canonical,CANONICAL — REPAIRED G2 OOF,3962,7343,adsorbate,zero_residual_v1,64,0,1,,,,,,1,1
canonical,CANONICAL — REPAIRED G2 OOF,3963,7344,interstitial,zero_residual_v1,64,0,1,,,,,,1,1
canonical,CANONICAL — REPAIRED G2 OOF,3964,7345,interstitial,zero_residual_v1,64,0,1,,,,,,1,1
canonical,CANONICAL — REPAIRED G2 OOF,3965,7346,interstitial,zero_residual_v1,64,0,1,,,,,,1,1
canonical,CANONICAL — REPAIRED G2 OOF,3966,7347,adsorbate,zero_residual_v1,64,0,1,,,,,,1,1
canonical,CANONICAL — REPAIRED G2 OOF,3967,7348,adsorbate,zero_residual_v1,64,0,1,,,,,,1,1
canonical,CANONICAL — REPAIRED G2 OOF,3968,7349,interstitial,zero_residual_v1,64,0,1,,,,,,1,1
canonical,CANONICAL — REPAIRED G2 OOF,3969,7350,adsorbate,zero_residual_v1,64,0,1,,,,,,1,1
canonical,CANONICAL — REPAIRED G2 OOF,3970,7351,adsorbate,zero_residual_v1,64,0,1,,,,,,1,1
canonical,CANONICAL — REPAIRED G2 OOF,3971,7353,adsorbate,zero_residual_v1,64,0,1,,,,,,1,1
canonical,CANONICAL — REPAIRED G2 OOF,3972,7354,adsorbate,zero_residual_v1,64,0,1,,,,,,1,1
canonical,CANONICAL — REPAIRED G2 OOF,3973,7356,interstitial,zero_residual_v1,64,0,1,,,,,,1,1
canonical,CANONICAL — REPAIRED G2 OOF,3974,7358,interstitial,zero_residual_v1,64,0,1,,,,,,1,1
canonical,CANONICAL — REPAIRED G2 OOF,3975,7359,adsorbate,zero_residual_v1,64,0,1,,,,,,1,1
canonical,CANONICAL — REPAIRED G2 OOF,3976,7361,adsorbate,zero_residual_v1,64,0,1,,,,,,1,1
canonical,CANONICAL — REPAIRED G2 OOF,3977,7362,adsorbate,zero_residual_v1,64,0,1,,,,,,1,1
canonical,CANONICAL — REPAIRED G2 OOF,3979,7364,interstitial,zero_residual_v1,64,0,1,,,,,,1,1
canonical,CANONICAL — REPAIRED G2 OOF,3980,7365,adsorbate,zero_residual_v1,64,0,1,,,,,,1,1
canonical,CANONICAL — REPAIRED G2 OOF,3981,7366,adsorbate,zero_residual_v1,64,0,1,,,,,,1,1
canonical,CANONICAL — REPAIRED G2 OOF,3982,7367,interstitial,zero_residual_v1,64,0,1,,,,,,1,1
canonical,CANONICAL — REPAIRED G2 OOF,3983,7368,interstitial,zero_residual_v1,64,0,1,,,,,,1,1
canonical,CANONICAL — REPAIRED G2 OOF,3984,7369,interstitial,zero_residual_v1,64,0,1,,,,,,1,1
canonical,CANONICAL — REPAIRED G2 OOF,3985,7370,adsorbate,zero_residual_v1,64,0,1,,,,,,1,1
canonical,CANONICAL — REPAIRED G2 OOF,3986,7372,adsorbate,zero_residual_v1,64,0,1,,,,,,1,1
canonical,CANONICAL — REPAIRED G2 OOF,3987,7375,adsorbate,zero_residual_v1,64,0,1,,,,,,1,1
canonical,CANONICAL — REPAIRED G2 OOF,3988,7376,interstitial,zero_residual_v1,64,0,1,,,,,,1,1
canonical,CANONICAL — REPAIRED G2 OOF,3989,7378,interstitial,zero_residual_v1,64,0,1,,,,,,1,1
canonical,CANONICAL — REPAIRED G2 OOF,3990,7379,adsorbate,zero_residual_v1,64,0,1,,,,,,1,1
canonical,CANONICAL — REPAIRED G2 OOF,3991,7380,adsorbate,zero_residual_v1,64,0,1,,,,,,1,1
canonical,CANONICAL — REPAIRED G2 OOF,3992,7381,interstitial,zero_residual_v1,64,0,1,,,,,,1,1
canonical,CANONICAL — REPAIRED G2 OOF,3993,7383,interstitial,zero_residual_v1,64,0,1,,,,,,1,1
canonical,CANONICAL — REPAIRED G2 OOF,3994,7384,adsorbate,zero_residual_v1,64,0,1,,,,,,1,1
canonical,CANONICAL — REPAIRED G2 OOF,3995,7386,adsorbate,zero_residual_v1,64,0,1,,,,,,1,1
canonical,CANONICAL — REPAIRED G2 OOF,3996,7387,adsorbate,zero_residual_v1,64,0,1,,,,,,1,1
canonical,CANONICAL — REPAIRED G2 OOF,3997,7388,adsorbate,zero_residual_v1,64,0,1,,,,,,1,1
canonical,CANONICAL — REPAIRED G2 OOF,3998,7391,interstitial,zero_residual_v1,64,0,1,,,,,,1,1
canonical,CANONICAL — REPAIRED G2 OOF,3999,7393,adsorbate,zero_residual_v1,64,0,1,,,,,,1,1
canonical,CANONICAL — REPAIRED G2 OOF,4000,7395,adsorbate,zero_residual_v1,64,0,1,,,,,,1,1
canonical,CANONICAL — REPAIRED G2 OOF,4001,7396,interstitial,zero_residual_v1,64,0,1,,,,,,1,1
canonical,CANONICAL — REPAIRED G2 OOF,4002,7397,interstitial,zero_residual_v1,64,0,1,,,,,,1,1
canonical,CANONICAL — REPAIRED G2 OOF,4003,7398,adsorbate,zero_residual_v1,64,0,1,,,,,,1,1
canonical,CANONICAL — REPAIRED G2 OOF,4004,7399,interstitial,zero_residual_v1,64,0,1,,,,,,1,1
canonical,CANONICAL — REPAIRED G2 OOF,4005,7400,adsorbate,zero_residual_v1,64,0,1,,,,,,1,1
canonical,CANONICAL — REPAIRED G2 OOF,4006,7401,adsorbate,zero_residual_v1,64,0,1,,,,,,1,1
canonical,CANONICAL — REPAIRED G2 OOF,4007,7402,interstitial,zero_residual_v1,64,0,1,,,,,,1,1
canonical,CANONICAL — REPAIRED G2 OOF,4008,7403,adsorbate,zero_residual_v1,64,0,1,,,,,,1,1
canonical,CANONICAL — REPAIRED G2 OOF,4009,7407,adsorbate,zero_residual_v1,64,0,1,,,,,,1,1
canonical,CANONICAL — REPAIRED G2 OOF,4010,7409,adsorbate,zero_residual_v1,64,0,1,,,,,,1,1
canonical,CANONICAL — REPAIRED G2 OOF,4011,7410,interstitial,zero_residual_v1,64,0,1,,,,,,1,1
canonical,CANONICAL — REPAIRED G2 OOF,4012,7411,adsorbate,zero_residual_v1,64,0,1,,,,,,1,1
canonical,CANONICAL — REPAIRED G2 OOF,4013,7413,interstitial,zero_residual_v1,64,0,1,,,,,,1,1
canonical,CANONICAL — REPAIRED G2 OOF,4014,7416,adsorbate,zero_residual_v1,64,0,1,,,,,,1,1
canonical,CANONICAL — REPAIRED G2 OOF,4015,7417,adsorbate,zero_residual_v1,64,0,1,,,,,,1,1
canonical,CANONICAL — REPAIRED G2 OOF,4016,7418,adsorbate,zero_residual_v1,64,0,1,,,,,,1,1
canonical,CANONICAL — REPAIRED G2 OOF,4017,7419,adsorbate,zero_residual_v1,64,0,1,,,,,,1,1
canonical,CANONICAL — REPAIRED G2 OOF,4018,7420,adsorbate,zero_residual_v1,64,0,1,,,,,,1,1
canonical,CANONICAL — REPAIRED G2 OOF,4019,7421,adsorbate,zero_residual_v1,64,0,1,,,,,,1,1
canonical,CANONICAL — REPAIRED G2 OOF,4020,7424,adsorbate,zero_residual_v1,64,0,1,,,,,,1,1
canonical,CANONICAL — REPAIRED G2 OOF,4021,7426,adsorbate,zero_residual_v1,64,0,1,,,,,,1,1
canonical,CANONICAL — REPAIRED G2 OOF,4022,7427,adsorbate,zero_residual_v1,64,0,1,,,,,,1,1
canonical,CANONICAL — REPAIRED G2 OOF,4023,7428,interstitial,zero_residual_v1,64,0,1,,,,,,1,1
canonical,CANONICAL — REPAIRED G2 OOF,4024,7429,adsorbate,zero_residual_v1,64,0,1,,,,,,1,1
canonical,CANONICAL — REPAIRED G2 OOF,4025,7430,interstitial,zero_residual_v1,64,0,1,,,,,,1,1
canonical,CANONICAL — REPAIRED G2 OOF,4026,7431,interstitial,zero_residual_v1,64,0,1,,,,,,1,1
canonical,CANONICAL — REPAIRED G2 OOF,4027,7435,interstitial,zero_residual_v1,64,0,1,,,,,,1,1
canonical,CANONICAL — REPAIRED G2 OOF,4028,7438,adsorbate,zero_residual_v1,64,0,1,,,,,,1,1
canonical,CANONICAL — REPAIRED G2 OOF,4029,7440,adsorbate,zero_residual_v1,64,0,1,,,,,,1,1
canonical,CANONICAL — REPAIRED G2 OOF,4030,7441,interstitial,zero_residual_v1,64,0,1,,,,,,1,1
canonical,CANONICAL — REPAIRED G2 OOF,4031,7442,adsorbate,zero_residual_v1,64,0,1,,,,,,1,1
canonical,CANONICAL — REPAIRED G2 OOF,4032,7444,interstitial,zero_residual_v1,64,0,1,,,,,,1,1
canonical,CANONICAL — REPAIRED G2 OOF,4033,7446,adsorbate,zero_residual_v1,64,0,1,,,,,,1,1
canonical,CANONICAL — REPAIRED G2 OOF,4034,7447,adsorbate,zero_residual_v1,64,0,1,,,,,,1,1
canonical,CANONICAL — REPAIRED G2 OOF,4035,7449,interstitial,zero_residual_v1,64,0,1,,,,,,1,1
canonical,CANONICAL — REPAIRED G2 OOF,4036,7450,adsorbate,zero_residual_v1,64,0,1,,,,,,1,1
canonical,CANONICAL — REPAIRED G2 OOF,4037,7451,adsorbate,zero_residual_v1,64,0,1,,,,,,1,1
canonical,CANONICAL — REPAIRED G2 OOF,4038,7452,adsorbate,zero_residual_v1,64,0,1,,,,,,1,1
canonical,CANONICAL — REPAIRED G2 OOF,4039,7453,adsorbate,zero_residual_v1,64,0,1,,,,,,1,1
canonical,CANONICAL — REPAIRED G2 OOF,4040,7454,adsorbate,zero_residual_v1,64,0,1,,,,,,1,1
canonical,CANONICAL — REPAIRED G2 OOF,4041,7455,adsorbate,zero_residual_v1,64,0,1,,,,,,1,1
canonical,CANONICAL — REPAIRED G2 OOF,4042,7456,adsorbate,zero_residual_v1,64,0,1,,,,,,1,1
canonical,CANONICAL — REPAIRED G2 OOF,4043,7457,interstitial,zero_residual_v1,64,0,1,,,,,,1,1
canonical,CANONICAL — REPAIRED G2 OOF,4044,7459,adsorbate,zero_residual_v1,64,0,1,,,,,,1,1
canonical,CANONICAL — REPAIRED G2 OOF,4045,7460,interstitial,zero_residual_v1,64,0,1,,,,,,1,1
canonical,CANONICAL — REPAIRED G2 OOF,4046,7462,adsorbate,zero_residual_v1,64,0,1,,,,,,1,1
canonical,CANONICAL — REPAIRED G2 OOF,4047,7463,interstitial,zero_residual_v1,64,0,1,,,,,,1,1
canonical,CANONICAL — REPAIRED G2 OOF,4048,7467,adsorbate,zero_residual_v1,64,0,1,,,,,,1,1
canonical,CANONICAL — REPAIRED G2 OOF,4049,7470,adsorbate,zero_residual_v1,64,0,1,,,,,,1,1
canonical,CANONICAL — REPAIRED G2 OOF,4050,7473,interstitial,zero_residual_v1,64,0,1,,,,,,1,1
canonical,CANONICAL — REPAIRED G2 OOF,4051,7474,adsorbate,zero_residual_v1,64,0,1,,,,,,1,1
canonical,CANONICAL — REPAIRED G2 OOF,4052,7476,adsorbate,zero_residual_v1,64,0,1,,,,,,1,1
canonical,CANONICAL — REPAIRED G2 OOF,4053,7477,interstitial,zero_residual_v1,64,0,1,,,,,,1,1
canonical,CANONICAL — REPAIRED G2 OOF,4055,7482,interstitial,zero_residual_v1,64,0,1,,,,,,1,1
canonical,CANONICAL — REPAIRED G2 OOF,4056,7483,adsorbate,zero_residual_v1,64,0,1,,,,,,1,1
canonical,CANONICAL — REPAIRED G2 OOF,4057,7484,adsorbate,zero_residual_v1,64,0,1,,,,,,1,1
canonical,CANONICAL — REPAIRED G2 OOF,4058,7488,adsorbate,zero_residual_v1,64,0,1,,,,,,1,1
canonical,CANONICAL — REPAIRED G2 OOF,4059,7490,adsorbate,zero_residual_v1,64,0,1,,,,,,1,1
canonical,CANONICAL — REPAIRED G2 OOF,4060,7492,adsorbate,zero_residual_v1,64,0,1,,,,,,1,1
canonical,CANONICAL — REPAIRED G2 OOF,4061,7493,interstitial,zero_residual_v1,64,0,1,,,,,,1,1
canonical,CANONICAL — REPAIRED G2 OOF,4062,7494,interstitial,zero_residual_v1,64,0,1,,,,,,1,1
canonical,CANONICAL — REPAIRED G2 OOF,4063,7495,interstitial,zero_residual_v1,64,0,1,,,,,,1,1
canonical,CANONICAL — REPAIRED G2 OOF,4064,7498,interstitial,zero_residual_v1,64,0,1,,,,,,1,1
canonical,CANONICAL — REPAIRED G2 OOF,4065,7500,adsorbate,zero_residual_v1,64,0,1,,,,,,1,1
canonical,CANONICAL — REPAIRED G2 OOF,4066,7501,adsorbate,zero_residual_v1,64,0,1,,,,,,1,1
canonical,CANONICAL — REPAIRED G2 OOF,4067,7502,adsorbate,zero_residual_v1,64,0,1,,,,,,1,1
canonical,CANONICAL — REPAIRED G2 OOF,4068,7503,adsorbate,zero_residual_v1,64,0,1,,,,,,1,1
canonical,CANONICAL — REPAIRED G2 OOF,4069,7504,adsorbate,zero_residual_v1,64,0,1,,,,,,1,1
canonical,CANONICAL — REPAIRED G2 OOF,4070,7506,adsorbate,zero_residual_v1,64,0,1,,,,,,1,1
canonical,CANONICAL — REPAIRED G2 OOF,4071,7510,interstitial,zero_residual_v1,64,0,1,,,,,,1,1
canonical,CANONICAL — REPAIRED G2 OOF,4072,7511,adsorbate,zero_residual_v1,64,0,1,,,,,,1,1
canonical,CANONICAL — REPAIRED G2 OOF,4073,7512,interstitial,zero_residual_v1,64,0,1,,,,,,1,1
canonical,CANONICAL — REPAIRED G2 OOF,4074,7515,interstitial,zero_residual_v1,64,0,1,,,,,,1,1
canonical,CANONICAL — REPAIRED G2 OOF,4075,7516,adsorbate,zero_residual_v1,64,0,1,,,,,,1,1
canonical,CANONICAL — REPAIRED G2 OOF,4076,7520,adsorbate,zero_residual_v1,64,0,1,,,,,,1,1
canonical,CANONICAL — REPAIRED G2 OOF,4077,7521,adsorbate,zero_residual_v1,64,0,1,,,,,,1,1
canonical,CANONICAL — REPAIRED G2 OOF,4078,7524,adsorbate,zero_residual_v1,64,0,1,,,,,,1,1
canonical,CANONICAL — REPAIRED G2 OOF,4079,7526,interstitial,zero_residual_v1,64,0,1,,,,,,1,1
canonical,CANONICAL — REPAIRED G2 OOF,4080,7527,interstitial,zero_residual_v1,64,0,1,,,,,,1,1
canonical,CANONICAL — REPAIRED G2 OOF,4081,7529,adsorbate,zero_residual_v1,64,0,1,,,,,,1,1
canonical,CANONICAL — REPAIRED G2 OOF,4082,7530,interstitial,zero_residual_v1,64,0,1,,,,,,1,1
canonical,CANONICAL — REPAIRED G2 OOF,4083,7531,interstitial,zero_residual_v1,64,0,1,,,,,,1,1
canonical,CANONICAL — REPAIRED G2 OOF,4084,7534,adsorbate,zero_residual_v1,64,0,1,,,,,,1,1
canonical,CANONICAL — REPAIRED G2 OOF,4085,7535,adsorbate,zero_residual_v1,64,0,1,,,,,,1,1
canonical,CANONICAL — REPAIRED G2 OOF,4086,7536,interstitial,zero_residual_v1,64,0,1,,,,,,1,1
canonical,CANONICAL — REPAIRED G2 OOF,4087,7537,adsorbate,zero_residual_v1,64,0,1,,,,,,1,1
canonical,CANONICAL — REPAIRED G2 OOF,4088,7538,adsorbate,zero_residual_v1,64,0,1,,,,,,1,1
canonical,CANONICAL — REPAIRED G2 OOF,4089,7543,adsorbate,zero_residual_v1,64,0,1,,,,,,1,1
canonical,CANONICAL — REPAIRED G2 OOF,4090,7544,adsorbate,zero_residual_v1,64,0,1,,,,,,1,1
canonical,CANONICAL — REPAIRED G2 OOF,4091,7545,interstitial,zero_residual_v1,64,0,1,,,,,,1,1
canonical,CANONICAL — REPAIRED G2 OOF,4092,7546,adsorbate,zero_residual_v1,64,0,1,,,,,,1,1
canonical,CANONICAL — REPAIRED G2 OOF,4093,7547,interstitial,zero_residual_v1,64,0,1,,,,,,1,1
canonical,CANONICAL — REPAIRED G2 OOF,4094,7548,adsorbate,zero_residual_v1,64,0,1,,,,,,1,1
canonical,CANONICAL — REPAIRED G2 OOF,4095,7549,interstitial,zero_residual_v1,64,0,1,,,,,,1,1
canonical,CANONICAL — REPAIRED G2 OOF,4096,7550,adsorbate,zero_residual_v1,64,0,1,,,,,,1,1
canonical,CANONICAL — REPAIRED G2 OOF,4097,7551,interstitial,zero_residual_v1,64,0,1,,,,,,1,1
canonical,CANONICAL — REPAIRED G2 OOF,4098,7552,adsorbate,zero_residual_v1,64,0,1,,,,,,1,1
canonical,CANONICAL — REPAIRED G2 OOF,4099,7555,adsorbate,zero_residual_v1,64,0,1,,,,,,1,1
canonical,CANONICAL — REPAIRED G2 OOF,4100,7556,adsorbate,zero_residual_v1,64,0,1,,,,,,1,1
canonical,CANONICAL — REPAIRED G2 OOF,4101,7557,interstitial,zero_residual_v1,64,0,1,,,,,,1,1
canonical,CANONICAL — REPAIRED G2 OOF,4102,7558,interstitial,zero_residual_v1,64,0,1,,,,,,1,1
canonical,CANONICAL — REPAIRED G2 OOF,4103,7559,adsorbate,zero_residual_v1,64,0,1,,,,,,1,1
canonical,CANONICAL — REPAIRED G2 OOF,4105,7561,interstitial,zero_residual_v1,64,0,1,,,,,,1,1
canonical,CANONICAL — REPAIRED G2 OOF,4106,7562,adsorbate,zero_residual_v1,64,0,1,,,,,,1,1
canonical,CANONICAL — REPAIRED G2 OOF,4108,7564,adsorbate,zero_residual_v1,64,0,1,,,,,,1,1
canonical,CANONICAL — REPAIRED G2 OOF,4109,7565,interstitial,zero_residual_v1,64,0,1,,,,,,1,1
canonical,CANONICAL — REPAIRED G2 OOF,4110,7569,adsorbate,zero_residual_v1,64,0,1,,,,,,1,1
canonical,CANONICAL — REPAIRED G2 OOF,4111,7570,adsorbate,zero_residual_v1,64,0,1,,,,,,1,1
canonical,CANONICAL — REPAIRED G2 OOF,4112,7571,interstitial,zero_residual_v1,64,0,1,,,,,,1,1
canonical,CANONICAL — REPAIRED G2 OOF,4113,7572,interstitial,zero_residual_v1,64,0,1,,,,,,1,1
canonical,CANONICAL — REPAIRED G2 OOF,4114,7573,adsorbate,zero_residual_v1,64,0,1,,,,,,1,1
canonical,CANONICAL — REPAIRED G2 OOF,4115,7575,adsorbate,zero_residual_v1,64,0,1,,,,,,1,1
canonical,CANONICAL — REPAIRED G2 OOF,4116,7576,adsorbate,zero_residual_v1,64,0,1,,,,,,1,1
canonical,CANONICAL — REPAIRED G2 OOF,4117,7577,adsorbate,zero_residual_v1,64,0,1,,,,,,1,1
canonical,CANONICAL — REPAIRED G2 OOF,4118,7578,adsorbate,zero_residual_v1,64,0,1,,,,,,1,1
canonical,CANONICAL — REPAIRED G2 OOF,4119,7580,adsorbate,zero_residual_v1,64,0,1,,,,,,1,1
canonical,CANONICAL — REPAIRED G2 OOF,4120,7582,interstitial,zero_residual_v1,64,0,1,,,,,,1,1
canonical,CANONICAL — REPAIRED G2 OOF,4121,7584,adsorbate,zero_residual_v1,64,0,1,,,,,,1,1
canonical,CANONICAL — REPAIRED G2 OOF,4122,7586,adsorbate,zero_residual_v1,64,0,1,,,,,,1,1
canonical,CANONICAL — REPAIRED G2 OOF,4124,7589,interstitial,zero_residual_v1,64,0,1,,,,,,1,1
canonical,CANONICAL — REPAIRED G2 OOF,4125,7593,adsorbate,zero_residual_v1,64,0,1,,,,,,1,1
canonical,CANONICAL — REPAIRED G2 OOF,4126,7594,adsorbate,zero_residual_v1,64,0,1,,,,,,1,1
canonical,CANONICAL — REPAIRED G2 OOF,4127,7595,adsorbate,zero_residual_v1,64,0,1,,,,,,1,1
canonical,CANONICAL — REPAIRED G2 OOF,4128,7596,interstitial,zero_residual_v1,64,0,1,,,,,,1,1
canonical,CANONICAL — REPAIRED G2 OOF,4129,7597,adsorbate,zero_residual_v1,64,0,1,,,,,,1,1
canonical,CANONICAL — REPAIRED G2 OOF,4130,7598,interstitial,zero_residual_v1,64,0,1,,,,,,1,1
canonical,CANONICAL — REPAIRED G2 OOF,4131,7601,interstitial,zero_residual_v1,64,0,1,,,,,,1,1
canonical,CANONICAL — REPAIRED G2 OOF,4132,7602,adsorbate,zero_residual_v1,64,0,1,,,,,,1,1
canonical,CANONICAL — REPAIRED G2 OOF,4133,7605,adsorbate,zero_residual_v1,64,0,1,,,,,,1,1
canonical,CANONICAL — REPAIRED G2 OOF,4134,7606,adsorbate,zero_residual_v1,64,0,1,,,,,,1,1
canonical,CANONICAL — REPAIRED G2 OOF,4135,7607,interstitial,zero_residual_v1,64,0,1,,,,,,1,1
canonical,CANONICAL — REPAIRED G2 OOF,4136,7608,adsorbate,zero_residual_v1,64,0,1,,,,,,1,1
canonical,CANONICAL — REPAIRED G2 OOF,4137,7609,adsorbate,zero_residual_v1,64,0,1,,,,,,1,1
canonical,CANONICAL — REPAIRED G2 OOF,4138,7610,adsorbate,zero_residual_v1,64,0,1,,,,,,1,1
canonical,CANONICAL — REPAIRED G2 OOF,4139,7613,adsorbate,zero_residual_v1,64,0,1,,,,,,1,1
canonical,CANONICAL — REPAIRED G2 OOF,4140,7614,adsorbate,zero_residual_v1,64,0,1,,,,,,1,1
canonical,CANONICAL — REPAIRED G2 OOF,4141,7617,adsorbate,zero_residual_v1,64,0,1,,,,,,1,1
canonical,CANONICAL — REPAIRED G2 OOF,4142,7620,interstitial,zero_residual_v1,64,0,1,,,,,,1,1
canonical,CANONICAL — REPAIRED G2 OOF,4143,7623,interstitial,zero_residual_v1,64,0,1,,,,,,1,1
canonical,CANONICAL — REPAIRED G2 OOF,4144,7627,interstitial,zero_residual_v1,64,0,1,,,,,,1,1
canonical,CANONICAL — REPAIRED G2 OOF,4145,7628,adsorbate,zero_residual_v1,64,0,1,,,,,,1,1
canonical,CANONICAL — REPAIRED G2 OOF,4146,7629,adsorbate,zero_residual_v1,64,0,1,,,,,,1,1
canonical,CANONICAL — REPAIRED G2 OOF,4147,7635,adsorbate,zero_residual_v1,64,0,1,,,,,,1,1
canonical,CANONICAL — REPAIRED G2 OOF,4148,7637,interstitial,zero_residual_v1,64,0,1,,,,,,1,1
canonical,CANONICAL — REPAIRED G2 OOF,4149,7639,adsorbate,zero_residual_v1,64,0,1,,,,,,1,1
canonical,CANONICAL — REPAIRED G2 OOF,4150,7641,adsorbate,zero_residual_v1,64,0,1,,,,,,1,1
canonical,CANONICAL — REPAIRED G2 OOF,4151,7643,interstitial,zero_residual_v1,64,0,1,,,,,,1,1
canonical,CANONICAL — REPAIRED G2 OOF,4152,7644,interstitial,zero_residual_v1,64,0,1,,,,,,1,1
canonical,CANONICAL — REPAIRED G2 OOF,4153,7647,adsorbate,zero_residual_v1,64,0,1,,,,,,1,1
canonical,CANONICAL — REPAIRED G2 OOF,4154,7648,adsorbate,zero_residual_v1,64,0,1,,,,,,1,1
canonical,CANONICAL — REPAIRED G2 OOF,4155,7649,adsorbate,zero_residual_v1,64,0,1,,,,,,1,1
canonical,CANONICAL — REPAIRED G2 OOF,4156,7650,adsorbate,zero_residual_v1,64,0,1,,,,,,1,1
canonical,CANONICAL — REPAIRED G2 OOF,4157,7653,adsorbate,zero_residual_v1,64,0,1,,,,,,1,1
canonical,CANONICAL — REPAIRED G2 OOF,4158,7654,adsorbate,zero_residual_v1,64,0,1,,,,,,1,1
canonical,CANONICAL — REPAIRED G2 OOF,4159,7655,adsorbate,zero_residual_v1,64,0,1,,,,,,1,1
canonical,CANONICAL — REPAIRED G2 OOF,4160,7656,adsorbate,zero_residual_v1,64,0,1,,,,,,1,1
canonical,CANONICAL — REPAIRED G2 OOF,4161,7657,interstitial,zero_residual_v1,64,0,1,,,,,,1,1
canonical,CANONICAL — REPAIRED G2 OOF,4162,7660,interstitial,zero_residual_v1,64,0,1,,,,,,1,1
canonical,CANONICAL — REPAIRED G2 OOF,4163,7661,adsorbate,zero_residual_v1,64,0,1,,,,,,1,1
canonical,CANONICAL — REPAIRED G2 OOF,4164,7662,adsorbate,zero_residual_v1,64,1,1,,,,local_abs_covalent_radius_mismatch_A|local_abs_electronegativity_contrast|local_abs_valence_mismatch|local_signed_covalent_radius_mismatch_A|local_signed_electronegativity_mismatch|local_signed_valence_mismatch|neighbor_distance_std_A|postrelaxation_min_clearance_A,,1,1
canonical,CANONICAL — REPAIRED G2 OOF,4165,7663,interstitial,zero_residual_v1,64,0,1,,,,,,1,1
canonical,CANONICAL — REPAIRED G2 OOF,4166,7667,adsorbate,zero_residual_v1,64,0,1,,,,,,1,1
canonical,CANONICAL — REPAIRED G2 OOF,4167,7669,interstitial,zero_residual_v1,64,0,1,,,,,,1,1
canonical,CANONICAL — REPAIRED G2 OOF,4168,7670,interstitial,zero_residual_v1,64,0,1,,,,,,1,1
canonical,CANONICAL — REPAIRED G2 OOF,4169,7673,adsorbate,zero_residual_v1,64,0,1,,,,,,1,1
canonical,CANONICAL — REPAIRED G2 OOF,4170,7674,interstitial,zero_residual_v1,64,0,1,,,,,,1,1
canonical,CANONICAL — REPAIRED G2 OOF,4171,7675,adsorbate,zero_residual_v1,64,0,1,,,,,,1,1
canonical,CANONICAL — REPAIRED G2 OOF,4172,7676,interstitial,zero_residual_v1,64,0,1,,,,,,1,1
canonical,CANONICAL — REPAIRED G2 OOF,4173,7677,interstitial,zero_residual_v1,64,0,1,,,,,,1,1
canonical,CANONICAL — REPAIRED G2 OOF,4174,7679,adsorbate,zero_residual_v1,64,0,1,,,,,,1,1
canonical,CANONICAL — REPAIRED G2 OOF,4175,7681,interstitial,zero_residual_v1,64,0,1,,,,,,1,1
canonical,CANONICAL — REPAIRED G2 OOF,4176,7686,interstitial,zero_residual_v1,64,0,1,,,,,,1,1
canonical,CANONICAL — REPAIRED G2 OOF,4177,7687,adsorbate,zero_residual_v1,64,0,1,,,,,,1,1
canonical,CANONICAL — REPAIRED G2 OOF,4178,7690,adsorbate,zero_residual_v1,64,0,1,,,,,,1,1
canonical,CANONICAL — REPAIRED G2 OOF,4179,7691,adsorbate,zero_residual_v1,64,0,1,,,,,,1,1
canonical,CANONICAL — REPAIRED G2 OOF,4180,7693,adsorbate,zero_residual_v1,64,0,1,,,,,,1,1
canonical,CANONICAL — REPAIRED G2 OOF,4181,7695,interstitial,zero_residual_v1,64,0,1,,,,,,1,1
canonical,CANONICAL — REPAIRED G2 OOF,4182,7697,adsorbate,zero_residual_v1,64,0,1,,,,,,1,1
canonical,CANONICAL — REPAIRED G2 OOF,4183,7700,adsorbate,zero_residual_v1,64,0,1,,,,,,1,1
canonical,CANONICAL — REPAIRED G2 OOF,4184,7701,adsorbate,zero_residual_v1,64,0,1,,,,,,1,1
canonical,CANONICAL — REPAIRED G2 OOF,4185,7702,adsorbate,zero_residual_v1,64,0,1,,,,,,1,1
canonical,CANONICAL — REPAIRED G2 OOF,4186,7703,interstitial,zero_residual_v1,64,0,1,,,,,,1,1
canonical,CANONICAL — REPAIRED G2 OOF,4187,7704,adsorbate,zero_residual_v1,64,0,1,,,,,,1,1
canonical,CANONICAL — REPAIRED G2 OOF,4188,7705,adsorbate,zero_residual_v1,64,0,1,,,,,,1,1
canonical,CANONICAL — REPAIRED G2 OOF,4190,7709,adsorbate,zero_residual_v1,64,0,1,,,,,,1,1
canonical,CANONICAL — REPAIRED G2 OOF,4191,7713,interstitial,zero_residual_v1,64,0,1,,,,,,1,1
canonical,CANONICAL — REPAIRED G2 OOF,4192,7716,interstitial,zero_residual_v1,64,0,1,,,,,,1,1
canonical,CANONICAL — REPAIRED G2 OOF,4193,7718,interstitial,zero_residual_v1,64,0,1,,,,,,1,1
canonical,CANONICAL — REPAIRED G2 OOF,4194,7721,interstitial,zero_residual_v1,64,0,1,,,,,,1,1
canonical,CANONICAL — REPAIRED G2 OOF,4195,7724,adsorbate,zero_residual_v1,64,0,1,,,,,,1,1
canonical,CANONICAL — REPAIRED G2 OOF,4196,7725,adsorbate,zero_residual_v1,64,0,1,,,,,,1,1
canonical,CANONICAL — REPAIRED G2 OOF,4197,7726,interstitial,zero_residual_v1,64,0,1,,,,,,1,1
canonical,CANONICAL — REPAIRED G2 OOF,4198,7727,adsorbate,zero_residual_v1,64,0,1,,,,,,1,1
canonical,CANONICAL — REPAIRED G2 OOF,4199,7729,adsorbate,zero_residual_v1,64,0,1,,,,,,1,1
canonical,CANONICAL — REPAIRED G2 OOF,4200,7731,adsorbate,zero_residual_v1,64,0,1,,,,,,1,1
canonical,CANONICAL — REPAIRED G2 OOF,4201,7732,interstitial,zero_residual_v1,64,0,1,,,,,,1,1
canonical,CANONICAL — REPAIRED G2 OOF,4202,7733,adsorbate,zero_residual_v1,64,0,1,,,,,,1,1
canonical,CANONICAL — REPAIRED G2 OOF,4203,7734,adsorbate,zero_residual_v1,64,0,1,,,,,,1,1
canonical,CANONICAL — REPAIRED G2 OOF,4204,7736,interstitial,zero_residual_v1,64,0,1,,,,,,1,1
canonical,CANONICAL — REPAIRED G2 OOF,4205,7737,adsorbate,zero_residual_v1,64,0,1,,,,,,1,1
canonical,CANONICAL — REPAIRED G2 OOF,4206,7738,interstitial,zero_residual_v1,64,0,1,,,,,,1,1
canonical,CANONICAL — REPAIRED G2 OOF,4207,7740,adsorbate,zero_residual_v1,64,0,1,,,,,,1,1
canonical,CANONICAL — REPAIRED G2 OOF,4208,7741,interstitial,zero_residual_v1,64,0,1,,,,,,1,1
canonical,CANONICAL — REPAIRED G2 OOF,4209,7742,adsorbate,zero_residual_v1,64,0,1,,,,,,1,1
canonical,CANONICAL — REPAIRED G2 OOF,4210,7743,adsorbate,zero_residual_v1,64,0,1,,,,,,1,1
canonical,CANONICAL — REPAIRED G2 OOF,4211,7744,interstitial,zero_residual_v1,64,0,1,,,,,,1,1
canonical,CANONICAL — REPAIRED G2 OOF,4212,7745,interstitial,zero_residual_v1,64,0,1,,,,,,1,1
canonical,CANONICAL — REPAIRED G2 OOF,4213,7746,interstitial,zero_residual_v1,64,0,1,,,,,,1,1
canonical,CANONICAL — REPAIRED G2 OOF,4214,7747,interstitial,zero_residual_v1,64,0,1,,,,,,1,1
canonical,CANONICAL — REPAIRED G2 OOF,4215,7748,adsorbate,zero_residual_v1,64,0,1,,,,,,1,1
canonical,CANONICAL — REPAIRED G2 OOF,4216,7749,adsorbate,zero_residual_v1,64,0,1,,,,,,1,1
canonical,CANONICAL — REPAIRED G2 OOF,4217,7750,interstitial,zero_residual_v1,64,0,1,,,,,,1,1
canonical,CANONICAL — REPAIRED G2 OOF,4218,7751,adsorbate,zero_residual_v1,64,0,1,,,,,,1,1
canonical,CANONICAL — REPAIRED G2 OOF,4219,7755,adsorbate,zero_residual_v1,64,0,1,,,,,,1,1
canonical,CANONICAL — REPAIRED G2 OOF,4220,7758,interstitial,zero_residual_v1,64,0,1,,,,,,1,1
canonical,CANONICAL — REPAIRED G2 OOF,4221,7760,interstitial,zero_residual_v1,64,0,1,,,,,,1,1
canonical,CANONICAL — REPAIRED G2 OOF,4222,7761,interstitial,zero_residual_v1,64,0,1,,,,,,1,1
canonical,CANONICAL — REPAIRED G2 OOF,4223,7763,interstitial,zero_residual_v1,64,0,1,,,,,,1,1
canonical,CANONICAL — REPAIRED G2 OOF,4224,7764,interstitial,zero_residual_v1,64,0,1,,,,,,1,1
canonical,CANONICAL — REPAIRED G2 OOF,4225,7765,adsorbate,zero_residual_v1,64,0,1,,,,,,1,1
canonical,CANONICAL — REPAIRED G2 OOF,4226,7766,adsorbate,zero_residual_v1,64,0,1,,,,,,1,1
canonical,CANONICAL — REPAIRED G2 OOF,4227,7767,adsorbate,zero_residual_v1,64,0,1,,,,,,1,1
canonical,CANONICAL — REPAIRED G2 OOF,4228,7768,adsorbate,zero_residual_v1,64,0,1,,,,,,1,1
canonical,CANONICAL — REPAIRED G2 OOF,4229,7770,interstitial,zero_residual_v1,64,0,1,,,,,,1,1
canonical,CANONICAL — REPAIRED G2 OOF,4230,7771,adsorbate,zero_residual_v1,64,0,1,,,,,,1,1
canonical,CANONICAL — REPAIRED G2 OOF,4231,7772,adsorbate,zero_residual_v1,64,0,1,,,,,,1,1
canonical,CANONICAL — REPAIRED G2 OOF,4232,7773,adsorbate,zero_residual_v1,64,0,1,,,,,,1,1
canonical,CANONICAL — REPAIRED G2 OOF,4233,7774,interstitial,zero_residual_v1,64,0,1,,,,,,1,1
canonical,CANONICAL — REPAIRED G2 OOF,4234,7775,adsorbate,zero_residual_v1,64,0,1,,,,,,1,1
canonical,CANONICAL — REPAIRED G2 OOF,4235,7777,adsorbate,zero_residual_v1,64,0,1,,,,,,1,1
canonical,CANONICAL — REPAIRED G2 OOF,4236,7778,interstitial,zero_residual_v1,64,0,1,,,,,,1,1
canonical,CANONICAL — REPAIRED G2 OOF,4237,7779,adsorbate,zero_residual_v1,64,0,1,,,,,,1,1
canonical,CANONICAL — REPAIRED G2 OOF,4238,7780,adsorbate,zero_residual_v1,64,0,1,,,,,,1,1
canonical,CANONICAL — REPAIRED G2 OOF,4239,7781,adsorbate,zero_residual_v1,64,0,1,,,,,,1,1
canonical,CANONICAL — REPAIRED G2 OOF,4240,7783,adsorbate,zero_residual_v1,64,0,1,,,,,,1,1
canonical,CANONICAL — REPAIRED G2 OOF,4241,7784,adsorbate,zero_residual_v1,64,0,1,,,,,,1,1
canonical,CANONICAL — REPAIRED G2 OOF,4242,7785,adsorbate,zero_residual_v1,64,0,1,,,,,,1,1
canonical,CANONICAL — REPAIRED G2 OOF,4243,7788,interstitial,zero_residual_v1,64,0,1,,,,,,1,1
canonical,CANONICAL — REPAIRED G2 OOF,4244,7789,interstitial,zero_residual_v1,64,0,1,,,,,,1,1
canonical,CANONICAL — REPAIRED G2 OOF,4246,7791,adsorbate,zero_residual_v1,64,0,1,,,,,,1,1
canonical,CANONICAL — REPAIRED G2 OOF,4247,7794,adsorbate,zero_residual_v1,64,0,1,,,,,,1,1
canonical,CANONICAL — REPAIRED G2 OOF,4248,7795,adsorbate,zero_residual_v1,64,0,1,,,,,,1,1
canonical,CANONICAL — REPAIRED G2 OOF,4249,7796,adsorbate,zero_residual_v1,64,0,1,,,,,,1,1
canonical,CANONICAL — REPAIRED G2 OOF,4250,7797,interstitial,zero_residual_v1,64,0,1,,,,,,1,1
canonical,CANONICAL — REPAIRED G2 OOF,4251,7799,interstitial,zero_residual_v1,64,0,1,,,,,,1,1
canonical,CANONICAL — REPAIRED G2 OOF,4252,7800,adsorbate,zero_residual_v1,64,0,1,,,,,,1,1
canonical,CANONICAL — REPAIRED G2 OOF,4253,7803,adsorbate,zero_residual_v1,64,0,1,,,,,,1,1
canonical,CANONICAL — REPAIRED G2 OOF,4254,7804,interstitial,zero_residual_v1,64,0,1,,,,,,1,1
canonical,CANONICAL — REPAIRED G2 OOF,4255,7807,interstitial,zero_residual_v1,64,0,1,,,,,,1,1
canonical,CANONICAL — REPAIRED G2 OOF,4256,7808,interstitial,zero_residual_v1,64,0,1,,,,,,1,1
canonical,CANONICAL — REPAIRED G2 OOF,4258,7811,adsorbate,zero_residual_v1,64,0,1,,,,,,1,1
canonical,CANONICAL — REPAIRED G2 OOF,4259,7815,adsorbate,zero_residual_v1,64,0,1,,,,,,1,1
canonical,CANONICAL — REPAIRED G2 OOF,4260,7816,interstitial,zero_residual_v1,64,0,1,,,,,,1,1
canonical,CANONICAL — REPAIRED G2 OOF,4261,7817,interstitial,zero_residual_v1,64,0,1,,,,,,1,1
canonical,CANONICAL — REPAIRED G2 OOF,4262,7818,adsorbate,zero_residual_v1,64,0,1,,,,,,1,1
canonical,CANONICAL — REPAIRED G2 OOF,4263,7819,adsorbate,zero_residual_v1,64,0,1,,,,,,1,1
canonical,CANONICAL — REPAIRED G2 OOF,4264,7821,adsorbate,zero_residual_v1,64,0,1,,,,,,1,1
canonical,CANONICAL — REPAIRED G2 OOF,4265,7822,interstitial,zero_residual_v1,64,0,1,,,,,,1,1
canonical,CANONICAL — REPAIRED G2 OOF,4266,7823,interstitial,zero_residual_v1,64,0,1,,,,,,1,1
canonical,CANONICAL — REPAIRED G2 OOF,4267,7825,interstitial,zero_residual_v1,64,0,1,,,,,,1,1
canonical,CANONICAL — REPAIRED G2 OOF,4268,7827,adsorbate,zero_residual_v1,64,0,1,,,,,,1,1
canonical,CANONICAL — REPAIRED G2 OOF,4269,7828,interstitial,zero_residual_v1,64,0,1,,,,,,1,1
canonical,CANONICAL — REPAIRED G2 OOF,4270,7829,adsorbate,zero_residual_v1,64,0,1,,,,,,1,1
canonical,CANONICAL — REPAIRED G2 OOF,4271,7830,interstitial,zero_residual_v1,64,0,1,,,,,,1,1
canonical,CANONICAL — REPAIRED G2 OOF,4272,7831,adsorbate,zero_residual_v1,64,0,1,,,,,,1,1
canonical,CANONICAL — REPAIRED G2 OOF,4273,7832,adsorbate,zero_residual_v1,64,0,1,,,,,,1,1
canonical,CANONICAL — REPAIRED G2 OOF,4274,7833,adsorbate,zero_residual_v1,64,0,1,,,,,,1,1
canonical,CANONICAL — REPAIRED G2 OOF,4275,7836,interstitial,zero_residual_v1,64,0,1,,,,,,1,1
canonical,CANONICAL — REPAIRED G2 OOF,4276,7837,adsorbate,zero_residual_v1,64,0,1,,,,,,1,1
canonical,CANONICAL — REPAIRED G2 OOF,4277,7840,adsorbate,zero_residual_v1,64,0,1,,,,,,1,1
canonical,CANONICAL — REPAIRED G2 OOF,4278,7841,adsorbate,zero_residual_v1,64,0,1,,,,,,1,1
canonical,CANONICAL — REPAIRED G2 OOF,4279,7842,interstitial,zero_residual_v1,64,0,1,,,,,,1,1
canonical,CANONICAL — REPAIRED G2 OOF,4280,7843,interstitial,zero_residual_v1,64,0,1,,,,,,1,1
canonical,CANONICAL — REPAIRED G2 OOF,4281,7846,adsorbate,zero_residual_v1,64,0,1,,,,,,1,1
canonical,CANONICAL — REPAIRED G2 OOF,4282,7847,adsorbate,zero_residual_v1,64,0,1,,,,,,1,1
canonical,CANONICAL — REPAIRED G2 OOF,4283,7848,adsorbate,zero_residual_v1,64,0,1,,,,,,1,1
canonical,CANONICAL — REPAIRED G2 OOF,4284,7852,interstitial,zero_residual_v1,64,0,1,,,,,,1,1
canonical,CANONICAL — REPAIRED G2 OOF,4285,7853,adsorbate,zero_residual_v1,64,0,1,,,,,,1,1
canonical,CANONICAL — REPAIRED G2 OOF,4286,7854,adsorbate,zero_residual_v1,64,0,1,,,,,,1,1
canonical,CANONICAL — REPAIRED G2 OOF,4287,7856,interstitial,zero_residual_v1,64,0,1,,,,,,1,1
canonical,CANONICAL — REPAIRED G2 OOF,4288,7857,adsorbate,zero_residual_v1,64,0,1,,,,,,1,1
canonical,CANONICAL — REPAIRED G2 OOF,4289,7858,interstitial,zero_residual_v1,64,0,1,,,,,,1,1
canonical,CANONICAL — REPAIRED G2 OOF,4290,7861,interstitial,zero_residual_v1,64,0,1,,,,,,1,1
canonical,CANONICAL — REPAIRED G2 OOF,4291,7862,interstitial,zero_residual_v1,64,0,1,,,,,,1,1
canonical,CANONICAL — REPAIRED G2 OOF,4292,7864,interstitial,zero_residual_v1,64,0,1,,,,,,1,1
canonical,CANONICAL — REPAIRED G2 OOF,4293,7865,adsorbate,zero_residual_v1,64,0,1,,,,,,1,1
canonical,CANONICAL — REPAIRED G2 OOF,4294,7866,adsorbate,zero_residual_v1,64,0,1,,,,,,1,1
canonical,CANONICAL — REPAIRED G2 OOF,4295,7867,adsorbate,zero_residual_v1,64,0,1,,,,,,1,1
canonical,CANONICAL — REPAIRED G2 OOF,4296,7871,interstitial,zero_residual_v1,64,0,1,,,,,,1,1
canonical,CANONICAL — REPAIRED G2 OOF,4297,7872,interstitial,zero_residual_v1,64,0,1,,,,,,1,1
canonical,CANONICAL — REPAIRED G2 OOF,4298,7873,interstitial,zero_residual_v1,64,0,1,,,,,,1,1
canonical,CANONICAL — REPAIRED G2 OOF,4299,7874,interstitial,zero_residual_v1,64,0,1,,,,,,1,1
canonical,CANONICAL — REPAIRED G2 OOF,4300,7875,interstitial,zero_residual_v1,64,0,1,,,,,,1,1
canonical,CANONICAL — REPAIRED G2 OOF,4301,7876,adsorbate,zero_residual_v1,64,0,1,,,,,,1,1
canonical,CANONICAL — REPAIRED G2 OOF,4302,7877,adsorbate,zero_residual_v1,64,0,1,,,,,,1,1
canonical,CANONICAL — REPAIRED G2 OOF,4303,7879,adsorbate,zero_residual_v1,64,0,1,,,,,,1,1
canonical,CANONICAL — REPAIRED G2 OOF,4304,7881,adsorbate,zero_residual_v1,64,0,1,,,,,,1,1
canonical,CANONICAL — REPAIRED G2 OOF,4305,7884,adsorbate,zero_residual_v1,64,0,1,,,,,,1,1
canonical,CANONICAL — REPAIRED G2 OOF,4307,7888,adsorbate,zero_residual_v1,64,0,1,,,,,,1,1
canonical,CANONICAL — REPAIRED G2 OOF,4308,7889,adsorbate,zero_residual_v1,64,0,1,,,,,,1,1
canonical,CANONICAL — REPAIRED G2 OOF,4309,7891,interstitial,zero_residual_v1,64,0,1,,,,,,1,1
canonical,CANONICAL — REPAIRED G2 OOF,4310,7892,adsorbate,zero_residual_v1,64,0,1,,,,,,1,1
canonical,CANONICAL — REPAIRED G2 OOF,4311,7893,adsorbate,zero_residual_v1,64,0,1,,,,,,1,1
canonical,CANONICAL — REPAIRED G2 OOF,4312,7894,adsorbate,zero_residual_v1,64,0,1,,,,,,1,1
canonical,CANONICAL — REPAIRED G2 OOF,4313,7898,adsorbate,zero_residual_v1,64,0,1,,,,,,1,1
canonical,CANONICAL — REPAIRED G2 OOF,4314,7899,interstitial,zero_residual_v1,64,0,1,,,,,,1,1
canonical,CANONICAL — REPAIRED G2 OOF,4315,7900,adsorbate,zero_residual_v1,64,0,1,,,,,,1,1
canonical,CANONICAL — REPAIRED G2 OOF,4316,7903,adsorbate,zero_residual_v1,64,0,1,,,,,,1,1
canonical,CANONICAL — REPAIRED G2 OOF,4317,7904,interstitial,zero_residual_v1,64,0,1,,,,,,1,1
canonical,CANONICAL — REPAIRED G2 OOF,4318,7906,adsorbate,zero_residual_v1,64,0,1,,,,,,1,1
canonical,CANONICAL — REPAIRED G2 OOF,4319,7907,adsorbate,zero_residual_v1,64,0,1,,,,,,1,1
canonical,CANONICAL — REPAIRED G2 OOF,4320,7908,interstitial,zero_residual_v1,64,0,1,,,,,,1,1
canonical,CANONICAL — REPAIRED G2 OOF,4321,7910,interstitial,zero_residual_v1,64,0,1,,,,,,1,1
canonical,CANONICAL — REPAIRED G2 OOF,4322,7911,adsorbate,zero_residual_v1,64,0,1,,,,,,1,1
canonical,CANONICAL — REPAIRED G2 OOF,4323,7912,interstitial,zero_residual_v1,64,0,1,,,,,,1,1
canonical,CANONICAL — REPAIRED G2 OOF,4325,7915,adsorbate,zero_residual_v1,64,0,1,,,,,,1,1
canonical,CANONICAL — REPAIRED G2 OOF,4326,7916,adsorbate,zero_residual_v1,64,0,1,,,,,,1,1
canonical,CANONICAL — REPAIRED G2 OOF,4327,7920,adsorbate,zero_residual_v1,64,0,1,,,,,,1,1
canonical,CANONICAL — REPAIRED G2 OOF,4329,7922,adsorbate,zero_residual_v1,64,0,1,,,,,,1,1
canonical,CANONICAL — REPAIRED G2 OOF,4330,7923,interstitial,zero_residual_v1,64,0,1,,,,,,1,1
canonical,CANONICAL — REPAIRED G2 OOF,4331,7924,adsorbate,zero_residual_v1,64,0,1,,,,,,1,1
canonical,CANONICAL — REPAIRED G2 OOF,4332,7926,adsorbate,zero_residual_v1,64,0,1,,,,,,1,1
canonical,CANONICAL — REPAIRED G2 OOF,4333,7927,adsorbate,zero_residual_v1,64,0,1,,,,,,1,1
canonical,CANONICAL — REPAIRED G2 OOF,4334,7928,adsorbate,zero_residual_v1,64,0,1,,,,,,1,1
canonical,CANONICAL — REPAIRED G2 OOF,4335,7929,adsorbate,zero_residual_v1,64,0,1,,,,,,1,1
canonical,CANONICAL — REPAIRED G2 OOF,4336,7930,adsorbate,zero_residual_v1,64,0,1,,,,,,1,1
canonical,CANONICAL — REPAIRED G2 OOF,4337,7931,interstitial,zero_residual_v1,64,0,1,,,,,,1,1
canonical,CANONICAL — REPAIRED G2 OOF,4338,7932,adsorbate,zero_residual_v1,64,0,1,,,,,,1,1
canonical,CANONICAL — REPAIRED G2 OOF,4339,7933,interstitial,zero_residual_v1,64,0,1,,,,,,1,1
canonical,CANONICAL — REPAIRED G2 OOF,4340,7934,adsorbate,zero_residual_v1,64,0,1,,,,,,1,1
canonical,CANONICAL — REPAIRED G2 OOF,4341,7935,interstitial,zero_residual_v1,64,0,1,,,,,,1,1
canonical,CANONICAL — REPAIRED G2 OOF,4342,7938,adsorbate,zero_residual_v1,64,0,1,,,,,,1,1
canonical,CANONICAL — REPAIRED G2 OOF,4344,7940,adsorbate,zero_residual_v1,64,0,1,,,,,,1,1
canonical,CANONICAL — REPAIRED G2 OOF,4345,7941,interstitial,zero_residual_v1,64,0,1,,,,,,1,1
canonical,CANONICAL — REPAIRED G2 OOF,4346,7942,adsorbate,zero_residual_v1,64,0,1,,,,,,1,1
canonical,CANONICAL — REPAIRED G2 OOF,4347,7943,adsorbate,zero_residual_v1,64,0,1,,,,,,1,1
canonical,CANONICAL — REPAIRED G2 OOF,4348,7945,interstitial,zero_residual_v1,64,0,1,,,,,,1,1
canonical,CANONICAL — REPAIRED G2 OOF,4349,7946,adsorbate,zero_residual_v1,64,0,1,,,,,,1,1
canonical,CANONICAL — REPAIRED G2 OOF,4350,7949,interstitial,zero_residual_v1,64,0,1,,,,,,1,1
canonical,CANONICAL — REPAIRED G2 OOF,4351,7950,interstitial,zero_residual_v1,64,0,1,,,,,,1,1
canonical,CANONICAL — REPAIRED G2 OOF,4352,7951,adsorbate,zero_residual_v1,64,0,1,,,,,,1,1
canonical,CANONICAL — REPAIRED G2 OOF,4353,7952,interstitial,zero_residual_v1,64,0,1,,,,,,1,1
canonical,CANONICAL — REPAIRED G2 OOF,4354,7953,adsorbate,zero_residual_v1,64,0,1,,,,,,1,1
canonical,CANONICAL — REPAIRED G2 OOF,4355,7955,adsorbate,zero_residual_v1,64,0,1,,,,,,1,1
canonical,CANONICAL — REPAIRED G2 OOF,4356,7957,interstitial,zero_residual_v1,64,0,1,,,,,,1,1
canonical,CANONICAL — REPAIRED G2 OOF,4357,7958,adsorbate,zero_residual_v1,64,0,1,,,,,,1,1
canonical,CANONICAL — REPAIRED G2 OOF,4358,7960,adsorbate,zero_residual_v1,64,0,1,,,,,,1,1
canonical,CANONICAL — REPAIRED G2 OOF,4359,7961,adsorbate,zero_residual_v1,64,0,1,,,,,,1,1
canonical,CANONICAL — REPAIRED G2 OOF,4360,7962,adsorbate,zero_residual_v1,64,0,1,,,,,,1,1
canonical,CANONICAL — REPAIRED G2 OOF,4361,7963,interstitial,zero_residual_v1,64,0,1,,,,,,1,1
canonical,CANONICAL — REPAIRED G2 OOF,4362,7965,adsorbate,zero_residual_v1,64,0,1,,,,,,1,1
canonical,CANONICAL — REPAIRED G2 OOF,4363,7966,interstitial,zero_residual_v1,64,0,1,,,,,,1,1
canonical,CANONICAL — REPAIRED G2 OOF,4364,7968,adsorbate,zero_residual_v1,64,0,1,,,,,,1,1
canonical,CANONICAL — REPAIRED G2 OOF,4365,7970,interstitial,zero_residual_v1,64,0,1,,,,,,1,1
canonical,CANONICAL — REPAIRED G2 OOF,4366,7971,adsorbate,zero_residual_v1,64,0,1,,,,,,1,1
canonical,CANONICAL — REPAIRED G2 OOF,4367,7973,interstitial,zero_residual_v1,64,0,1,,,,,,1,1
canonical,CANONICAL — REPAIRED G2 OOF,4368,7974,interstitial,zero_residual_v1,64,0,1,,,,,,1,1
canonical,CANONICAL — REPAIRED G2 OOF,4369,7975,adsorbate,zero_residual_v1,64,0,1,,,,,,1,1
canonical,CANONICAL — REPAIRED G2 OOF,4370,7976,adsorbate,zero_residual_v1,64,0,1,,,,,,1,1
canonical,CANONICAL — REPAIRED G2 OOF,4371,7977,interstitial,zero_residual_v1,64,0,1,,,,,,1,1
canonical,CANONICAL — REPAIRED G2 OOF,4372,7979,adsorbate,zero_residual_v1,64,0,1,,,,,,1,1
canonical,CANONICAL — REPAIRED G2 OOF,4373,7980,adsorbate,zero_residual_v1,64,0,1,,,,,,1,1
canonical,CANONICAL — REPAIRED G2 OOF,4374,7981,interstitial,zero_residual_v1,64,0,1,,,,,,1,1
canonical,CANONICAL — REPAIRED G2 OOF,4375,7983,interstitial,zero_residual_v1,64,0,1,,,,,,1,1
canonical,CANONICAL — REPAIRED G2 OOF,4376,7984,adsorbate,zero_residual_v1,64,0,1,,,,,,1,1
canonical,CANONICAL — REPAIRED G2 OOF,4377,7988,adsorbate,zero_residual_v1,64,0,1,,,,,,1,1
canonical,CANONICAL — REPAIRED G2 OOF,4379,7990,adsorbate,zero_residual_v1,64,0,1,,,,,,1,1
canonical,CANONICAL — REPAIRED G2 OOF,4380,7992,adsorbate,zero_residual_v1,64,0,1,,,,,,1,1
canonical,CANONICAL — REPAIRED G2 OOF,4381,7993,adsorbate,zero_residual_v1,64,0,1,,,,,,1,1
canonical,CANONICAL — REPAIRED G2 OOF,4383,7996,adsorbate,zero_residual_v1,64,0,1,,,,,,1,1
canonical,CANONICAL — REPAIRED G2 OOF,4384,7997,adsorbate,zero_residual_v1,64,0,1,,,,,,1,1
canonical,CANONICAL — REPAIRED G2 OOF,4385,7998,adsorbate,zero_residual_v1,64,0,1,,,,,,1,1
canonical,CANONICAL — REPAIRED G2 OOF,4386,8000,interstitial,zero_residual_v1,64,0,1,,,,,,1,1
canonical,CANONICAL — REPAIRED G2 OOF,4387,8001,adsorbate,zero_residual_v1,64,0,1,,,,,,1,1
canonical,CANONICAL — REPAIRED G2 OOF,4388,8002,interstitial,zero_residual_v1,64,0,1,,,,,,1,1
canonical,CANONICAL — REPAIRED G2 OOF,4390,8006,adsorbate,zero_residual_v1,64,0,1,,,,,,1,1
canonical,CANONICAL — REPAIRED G2 OOF,4391,8010,interstitial,zero_residual_v1,64,0,1,,,,,,1,1
canonical,CANONICAL — REPAIRED G2 OOF,4392,8012,adsorbate,zero_residual_v1,64,0,1,,,,,,1,1
canonical,CANONICAL — REPAIRED G2 OOF,4393,8013,interstitial,zero_residual_v1,64,0,1,,,,,,1,1
canonical,CANONICAL — REPAIRED G2 OOF,4394,8017,adsorbate,zero_residual_v1,64,0,1,,,,,,1,1
canonical,CANONICAL — REPAIRED G2 OOF,4395,8019,adsorbate,zero_residual_v1,64,0,1,,,,,,1,1
canonical,CANONICAL — REPAIRED G2 OOF,4396,8020,interstitial,zero_residual_v1,64,0,1,,,,,,1,1
canonical,CANONICAL — REPAIRED G2 OOF,4397,8025,adsorbate,zero_residual_v1,64,0,1,,,,,,1,1
canonical,CANONICAL — REPAIRED G2 OOF,4398,8026,adsorbate,zero_residual_v1,64,0,1,,,,,,1,1
canonical,CANONICAL — REPAIRED G2 OOF,4399,8028,interstitial,zero_residual_v1,64,0,1,,,,,,1,1
canonical,CANONICAL — REPAIRED G2 OOF,4400,8029,interstitial,zero_residual_v1,64,0,1,,,,,,1,1
canonical,CANONICAL — REPAIRED G2 OOF,4401,8036,adsorbate,zero_residual_v1,64,0,1,,,,,,1,1
canonical,CANONICAL — REPAIRED G2 OOF,4402,8039,adsorbate,zero_residual_v1,64,0,1,,,,,,1,1
canonical,CANONICAL — REPAIRED G2 OOF,4403,8042,adsorbate,zero_residual_v1,64,0,1,,,,,,1,1
canonical,CANONICAL — REPAIRED G2 OOF,4404,8044,adsorbate,zero_residual_v1,64,0,1,,,,,,1,1
canonical,CANONICAL — REPAIRED G2 OOF,4405,8045,adsorbate,zero_residual_v1,64,0,1,,,,,,1,1
canonical,CANONICAL — REPAIRED G2 OOF,4406,8047,interstitial,zero_residual_v1,64,0,1,,,,,,1,1
canonical,CANONICAL — REPAIRED G2 OOF,4407,8048,interstitial,zero_residual_v1,64,0,1,,,,,,1,1
canonical,CANONICAL — REPAIRED G2 OOF,4408,8049,adsorbate,zero_residual_v1,64,0,1,,,,,,1,1
canonical,CANONICAL — REPAIRED G2 OOF,4409,8051,adsorbate,zero_residual_v1,64,0,1,,,,,,1,1
canonical,CANONICAL — REPAIRED G2 OOF,4410,8052,adsorbate,zero_residual_v1,64,0,1,,,,,,1,1
canonical,CANONICAL — REPAIRED G2 OOF,4411,8053,adsorbate,zero_residual_v1,64,0,1,,,,,,1,1
canonical,CANONICAL — REPAIRED G2 OOF,4412,8054,adsorbate,zero_residual_v1,64,0,1,,,,,,1,1
canonical,CANONICAL — REPAIRED G2 OOF,4413,8056,adsorbate,zero_residual_v1,64,0,1,,,,,,1,1
canonical,CANONICAL — REPAIRED G2 OOF,4414,8057,adsorbate,zero_residual_v1,64,0,1,,,,,,1,1
canonical,CANONICAL — REPAIRED G2 OOF,4415,8058,interstitial,zero_residual_v1,64,0,1,,,,,,1,1
canonical,CANONICAL — REPAIRED G2 OOF,4416,8061,interstitial,zero_residual_v1,64,0,1,,,,,,1,1
canonical,CANONICAL — REPAIRED G2 OOF,4417,8066,interstitial,zero_residual_v1,64,0,1,,,,,,1,1
canonical,CANONICAL — REPAIRED G2 OOF,4418,8068,interstitial,zero_residual_v1,64,0,1,,,,,,1,1
canonical,CANONICAL — REPAIRED G2 OOF,4419,8069,adsorbate,zero_residual_v1,64,0,1,,,,,,1,1
canonical,CANONICAL — REPAIRED G2 OOF,4420,8070,interstitial,zero_residual_v1,64,0,1,,,,,,1,1
canonical,CANONICAL — REPAIRED G2 OOF,4421,8074,adsorbate,zero_residual_v1,64,0,1,,,,,,1,1
canonical,CANONICAL — REPAIRED G2 OOF,4422,8075,adsorbate,zero_residual_v1,64,0,1,,,,,,1,1
canonical,CANONICAL — REPAIRED G2 OOF,4423,8076,adsorbate,zero_residual_v1,64,0,1,,,,,,1,1
canonical,CANONICAL — REPAIRED G2 OOF,4424,8077,interstitial,zero_residual_v1,64,0,1,,,,,,1,1
canonical,CANONICAL — REPAIRED G2 OOF,4425,8079,adsorbate,zero_residual_v1,64,0,1,,,,,,1,1
canonical,CANONICAL — REPAIRED G2 OOF,4426,8081,adsorbate,zero_residual_v1,64,0,1,,,,,,1,1
canonical,CANONICAL — REPAIRED G2 OOF,4427,8084,interstitial,zero_residual_v1,64,0,1,,,,,,1,1
canonical,CANONICAL — REPAIRED G2 OOF,4428,8087,interstitial,zero_residual_v1,64,0,1,,,,,,1,1
canonical,CANONICAL — REPAIRED G2 OOF,4430,8089,adsorbate,zero_residual_v1,64,0,1,,,,,,1,1
canonical,CANONICAL — REPAIRED G2 OOF,4431,8091,adsorbate,zero_residual_v1,64,0,1,,,,,,1,1
canonical,CANONICAL — REPAIRED G2 OOF,4432,8092,adsorbate,zero_residual_v1,64,0,1,,,,,,1,1
canonical,CANONICAL — REPAIRED G2 OOF,4433,8093,adsorbate,zero_residual_v1,64,0,1,,,,,,1,1
canonical,CANONICAL — REPAIRED G2 OOF,4434,8094,interstitial,zero_residual_v1,64,0,1,,,,,,1,1
canonical,CANONICAL — REPAIRED G2 OOF,4435,8096,interstitial,zero_residual_v1,64,0,1,,,,,,1,1
canonical,CANONICAL — REPAIRED G2 OOF,4436,8098,adsorbate,zero_residual_v1,64,0,1,,,,,,1,1
canonical,CANONICAL — REPAIRED G2 OOF,4437,8099,adsorbate,zero_residual_v1,64,0,1,,,,,,1,1
canonical,CANONICAL — REPAIRED G2 OOF,4438,8100,adsorbate,zero_residual_v1,64,0,1,,,,,,1,1
canonical,CANONICAL — REPAIRED G2 OOF,4439,8101,adsorbate,zero_residual_v1,64,0,1,,,,,,1,1
canonical,CANONICAL — REPAIRED G2 OOF,4440,8105,adsorbate,zero_residual_v1,64,0,1,,,,,,1,1
canonical,CANONICAL — REPAIRED G2 OOF,4441,8108,adsorbate,zero_residual_v1,64,0,1,,,,,,1,1
canonical,CANONICAL — REPAIRED G2 OOF,4442,8109,interstitial,zero_residual_v1,64,0,1,,,,,,1,1
canonical,CANONICAL — REPAIRED G2 OOF,4444,8113,interstitial,zero_residual_v1,64,0,1,,,,,,1,1
canonical,CANONICAL — REPAIRED G2 OOF,4445,8114,adsorbate,zero_residual_v1,64,0,1,,,,,,1,1
canonical,CANONICAL — REPAIRED G2 OOF,4446,8115,adsorbate,zero_residual_v1,64,0,1,,,,,,1,1
canonical,CANONICAL — REPAIRED G2 OOF,4447,8116,interstitial,zero_residual_v1,64,0,1,,,,,,1,1
canonical,CANONICAL — REPAIRED G2 OOF,4448,8117,adsorbate,zero_residual_v1,64,0,1,,,,,,1,1
canonical,CANONICAL — REPAIRED G2 OOF,4449,8119,interstitial,zero_residual_v1,64,0,1,,,,,,1,1
canonical,CANONICAL — REPAIRED G2 OOF,4450,8123,interstitial,zero_residual_v1,64,0,1,,,,,,1,1
canonical,CANONICAL — REPAIRED G2 OOF,4451,8126,adsorbate,zero_residual_v1,64,0,1,,,,,,1,1
canonical,CANONICAL — REPAIRED G2 OOF,4452,8129,interstitial,zero_residual_v1,64,0,1,,,,,,1,1
canonical,CANONICAL — REPAIRED G2 OOF,4453,8130,adsorbate,zero_residual_v1,64,0,1,,,,,,1,1
canonical,CANONICAL — REPAIRED G2 OOF,4454,8132,adsorbate,zero_residual_v1,64,0,1,,,,,,1,1
canonical,CANONICAL — REPAIRED G2 OOF,4455,8133,interstitial,zero_residual_v1,64,0,1,,,,,,1,1
canonical,CANONICAL — REPAIRED G2 OOF,4456,8134,interstitial,zero_residual_v1,64,0,1,,,,,,1,1
canonical,CANONICAL — REPAIRED G2 OOF,4457,8135,adsorbate,zero_residual_v1,64,0,1,,,,,,1,1
canonical,CANONICAL — REPAIRED G2 OOF,4458,8136,interstitial,zero_residual_v1,64,0,1,,,,,,1,1
canonical,CANONICAL — REPAIRED G2 OOF,4459,8137,interstitial,zero_residual_v1,64,0,1,,,,,,1,1
canonical,CANONICAL — REPAIRED G2 OOF,4460,8139,adsorbate,zero_residual_v1,64,0,1,,,,,,1,1
canonical,CANONICAL — REPAIRED G2 OOF,4461,8142,adsorbate,zero_residual_v1,64,0,1,,,,,,1,1
canonical,CANONICAL — REPAIRED G2 OOF,4462,8144,adsorbate,zero_residual_v1,64,0,1,,,,,,1,1
canonical,CANONICAL — REPAIRED G2 OOF,4463,8146,interstitial,zero_residual_v1,64,0,1,,,,,,1,1
canonical,CANONICAL — REPAIRED G2 OOF,4464,8147,adsorbate,zero_residual_v1,64,0,1,,,,,,1,1
canonical,CANONICAL — REPAIRED G2 OOF,4465,8149,adsorbate,zero_residual_v1,64,0,1,,,,,,1,1
canonical,CANONICAL — REPAIRED G2 OOF,4466,8150,adsorbate,zero_residual_v1,64,0,1,,,,,,1,1
canonical,CANONICAL — REPAIRED G2 OOF,4467,8151,interstitial,zero_residual_v1,64,0,1,,,,,,1,1
canonical,CANONICAL — REPAIRED G2 OOF,4468,8152,interstitial,zero_residual_v1,64,0,1,,,,,,1,1
canonical,CANONICAL — REPAIRED G2 OOF,4469,8154,adsorbate,zero_residual_v1,64,0,1,,,,,,1,1
canonical,CANONICAL — REPAIRED G2 OOF,4470,8155,interstitial,zero_residual_v1,64,0,1,,,,,,1,1
canonical,CANONICAL — REPAIRED G2 OOF,4471,8157,interstitial,zero_residual_v1,64,0,1,,,,,,1,1
canonical,CANONICAL — REPAIRED G2 OOF,4472,8158,adsorbate,zero_residual_v1,64,0,1,,,,,,1,1
canonical,CANONICAL — REPAIRED G2 OOF,4473,8159,interstitial,zero_residual_v1,64,0,1,,,,,,1,1
canonical,CANONICAL — REPAIRED G2 OOF,4474,8160,adsorbate,zero_residual_v1,64,0,1,,,,,,1,1
canonical,CANONICAL — REPAIRED G2 OOF,4475,8162,interstitial,zero_residual_v1,64,0,1,,,,,,1,1
canonical,CANONICAL — REPAIRED G2 OOF,4476,8163,interstitial,zero_residual_v1,64,0,1,,,,,,1,1
canonical,CANONICAL — REPAIRED G2 OOF,4477,8164,interstitial,zero_residual_v1,64,0,1,,,,,,1,1
canonical,CANONICAL — REPAIRED G2 OOF,4478,8165,adsorbate,zero_residual_v1,64,0,1,,,,,,1,1
canonical,CANONICAL — REPAIRED G2 OOF,4479,8166,interstitial,zero_residual_v1,64,0,1,,,,,,1,1
canonical,CANONICAL — REPAIRED G2 OOF,4480,8167,interstitial,zero_residual_v1,64,0,1,,,,,,1,1
canonical,CANONICAL — REPAIRED G2 OOF,4481,8168,interstitial,zero_residual_v1,64,0,1,,,,,,1,1
canonical,CANONICAL — REPAIRED G2 OOF,4483,8172,adsorbate,zero_residual_v1,64,0,1,,,,,,1,1
canonical,CANONICAL — REPAIRED G2 OOF,4484,8173,adsorbate,zero_residual_v1,64,0,1,,,,,,1,1
canonical,CANONICAL — REPAIRED G2 OOF,4486,8177,adsorbate,zero_residual_v1,64,0,1,,,,,,1,1
canonical,CANONICAL — REPAIRED G2 OOF,4487,8180,adsorbate,zero_residual_v1,64,0,1,,,,,,1,1
canonical,CANONICAL — REPAIRED G2 OOF,4488,8181,adsorbate,zero_residual_v1,64,0,1,,,,,,1,1
canonical,CANONICAL — REPAIRED G2 OOF,4489,8182,adsorbate,zero_residual_v1,64,0,1,,,,,,1,1
canonical,CANONICAL — REPAIRED G2 OOF,4490,8183,adsorbate,zero_residual_v1,64,0,1,,,,,,1,1
canonical,CANONICAL — REPAIRED G2 OOF,4491,8184,interstitial,zero_residual_v1,64,0,1,,,,,,1,1
canonical,CANONICAL — REPAIRED G2 OOF,4492,8186,adsorbate,zero_residual_v1,64,0,1,,,,,,1,1
canonical,CANONICAL — REPAIRED G2 OOF,4493,8187,adsorbate,zero_residual_v1,64,0,1,,,,,,1,1
canonical,CANONICAL — REPAIRED G2 OOF,4494,8190,interstitial,zero_residual_v1,64,0,1,,,,,,1,1
canonical,CANONICAL — REPAIRED G2 OOF,4495,8192,interstitial,zero_residual_v1,64,0,1,,,,,,1,1
canonical,CANONICAL — REPAIRED G2 OOF,4496,8193,adsorbate,zero_residual_v1,64,0,1,,,,,,1,1
canonical,CANONICAL — REPAIRED G2 OOF,4497,8194,adsorbate,zero_residual_v1,64,0,1,,,,,,1,1
canonical,CANONICAL — REPAIRED G2 OOF,4498,8197,interstitial,zero_residual_v1,64,0,1,,,,,,1,1
canonical,CANONICAL — REPAIRED G2 OOF,4499,8198,adsorbate,zero_residual_v1,64,0,1,,,,,,1,1
canonical,CANONICAL — REPAIRED G2 OOF,4501,8201,adsorbate,zero_residual_v1,64,0,1,,,,,,1,1
canonical,CANONICAL — REPAIRED G2 OOF,4502,8202,adsorbate,zero_residual_v1,64,0,1,,,,,,1,1
canonical,CANONICAL — REPAIRED G2 OOF,4503,8203,adsorbate,zero_residual_v1,64,0,1,,,,,,1,1
canonical,CANONICAL — REPAIRED G2 OOF,4504,8204,adsorbate,zero_residual_v1,64,0,1,,,,,,1,1
canonical,CANONICAL — REPAIRED G2 OOF,4505,8205,adsorbate,zero_residual_v1,64,0,1,,,,,,1,1
canonical,CANONICAL — REPAIRED G2 OOF,4506,8206,adsorbate,zero_residual_v1,64,0,1,,,,,,1,1
canonical,CANONICAL — REPAIRED G2 OOF,4507,8207,interstitial,zero_residual_v1,64,0,1,,,,,,1,1
canonical,CANONICAL — REPAIRED G2 OOF,4508,8208,adsorbate,zero_residual_v1,64,0,1,,,,,,1,1
canonical,CANONICAL — REPAIRED G2 OOF,4509,8209,adsorbate,zero_residual_v1,64,0,1,,,,,,1,1
canonical,CANONICAL — REPAIRED G2 OOF,4510,8210,adsorbate,zero_residual_v1,64,0,1,,,,,,1,1
canonical,CANONICAL — REPAIRED G2 OOF,4511,8211,interstitial,zero_residual_v1,64,0,1,,,,,,1,1
canonical,CANONICAL — REPAIRED G2 OOF,4512,8212,adsorbate,zero_residual_v1,64,0,1,,,,,,1,1
canonical,CANONICAL — REPAIRED G2 OOF,4513,8213,adsorbate,zero_residual_v1,64,0,1,,,,,,1,1
canonical,CANONICAL — REPAIRED G2 OOF,4514,8214,adsorbate,zero_residual_v1,64,0,1,,,,,,1,1
canonical,CANONICAL — REPAIRED G2 OOF,4516,8218,interstitial,zero_residual_v1,64,0,1,,,,,,1,1
canonical,CANONICAL — REPAIRED G2 OOF,4517,8220,adsorbate,zero_residual_v1,64,0,1,,,,,,1,1
canonical,CANONICAL — REPAIRED G2 OOF,4518,8221,interstitial,zero_residual_v1,64,0,1,,,,,,1,1
canonical,CANONICAL — REPAIRED G2 OOF,4519,8222,adsorbate,zero_residual_v1,64,0,1,,,,,,1,1
canonical,CANONICAL — REPAIRED G2 OOF,4520,8223,interstitial,zero_residual_v1,64,0,1,,,,,,1,1
canonical,CANONICAL — REPAIRED G2 OOF,4521,8225,interstitial,zero_residual_v1,64,0,1,,,,,,1,1
canonical,CANONICAL — REPAIRED G2 OOF,4522,8227,interstitial,zero_residual_v1,64,0,1,,,,,,1,1
canonical,CANONICAL — REPAIRED G2 OOF,4523,8228,adsorbate,zero_residual_v1,64,0,1,,,,,,1,1
canonical,CANONICAL — REPAIRED G2 OOF,4524,8229,adsorbate,zero_residual_v1,64,0,1,,,,,,1,1
canonical,CANONICAL — REPAIRED G2 OOF,4525,8231,interstitial,zero_residual_v1,64,0,1,,,,,,1,1
canonical,CANONICAL — REPAIRED G2 OOF,4526,8232,interstitial,zero_residual_v1,64,0,1,,,,,,1,1
canonical,CANONICAL — REPAIRED G2 OOF,4527,8233,interstitial,zero_residual_v1,64,0,1,,,,,,1,1
canonical,CANONICAL — REPAIRED G2 OOF,4528,8235,adsorbate,zero_residual_v1,64,0,1,,,,,,1,1
canonical,CANONICAL — REPAIRED G2 OOF,4529,8238,adsorbate,zero_residual_v1,64,0,1,,,,,,1,1
canonical,CANONICAL — REPAIRED G2 OOF,4530,8239,adsorbate,zero_residual_v1,64,0,1,,,,,,1,1
canonical,CANONICAL — REPAIRED G2 OOF,4531,8240,adsorbate,zero_residual_v1,64,0,1,,,,,,1,1
canonical,CANONICAL — REPAIRED G2 OOF,4532,8243,interstitial,zero_residual_v1,64,0,1,,,,,,1,1
canonical,CANONICAL — REPAIRED G2 OOF,4533,8246,interstitial,zero_residual_v1,64,0,1,,,,,,1,1
canonical,CANONICAL — REPAIRED G2 OOF,4534,8247,adsorbate,zero_residual_v1,64,0,1,,,,,,1,1
canonical,CANONICAL — REPAIRED G2 OOF,4535,8249,adsorbate,zero_residual_v1,64,0,1,,,,,,1,1
canonical,CANONICAL — REPAIRED G2 OOF,4536,8251,adsorbate,zero_residual_v1,64,0,1,,,,,,1,1
canonical,CANONICAL — REPAIRED G2 OOF,4537,8254,interstitial,zero_residual_v1,64,0,1,,,,,,1,1
canonical,CANONICAL — REPAIRED G2 OOF,4538,8255,adsorbate,zero_residual_v1,64,1,1,,,,local_abs_covalent_radius_mismatch_A|local_abs_electronegativity_contrast|local_abs_valence_mismatch|local_signed_covalent_radius_mismatch_A|local_signed_electronegativity_mismatch|local_signed_valence_mismatch|neighbor_distance_std_A|postrelaxation_min_clearance_A,,1,1
canonical,CANONICAL — REPAIRED G2 OOF,4539,8256,adsorbate,zero_residual_v1,64,0,1,,,,,,1,1
canonical,CANONICAL — REPAIRED G2 OOF,4540,8258,adsorbate,zero_residual_v1,64,0,1,,,,,,1,1
canonical,CANONICAL — REPAIRED G2 OOF,4541,8259,interstitial,zero_residual_v1,64,0,1,,,,,,1,1
canonical,CANONICAL — REPAIRED G2 OOF,4542,8260,interstitial,zero_residual_v1,64,0,1,,,,,,1,1
canonical,CANONICAL — REPAIRED G2 OOF,4543,8261,interstitial,zero_residual_v1,64,0,1,,,,,,1,1
canonical,CANONICAL — REPAIRED G2 OOF,4544,8262,interstitial,zero_residual_v1,64,0,1,,,,,,1,1
canonical,CANONICAL — REPAIRED G2 OOF,4545,8264,interstitial,zero_residual_v1,64,0,1,,,,,,1,1
canonical,CANONICAL — REPAIRED G2 OOF,4546,8265,adsorbate,zero_residual_v1,64,0,1,,,,,,1,1
canonical,CANONICAL — REPAIRED G2 OOF,4547,8267,interstitial,zero_residual_v1,64,0,1,,,,,,1,1
canonical,CANONICAL — REPAIRED G2 OOF,4548,8268,interstitial,zero_residual_v1,64,0,1,,,,,,1,1
canonical,CANONICAL — REPAIRED G2 OOF,4549,8270,adsorbate,zero_residual_v1,64,0,1,,,,,,1,1
canonical,CANONICAL — REPAIRED G2 OOF,4550,8271,adsorbate,zero_residual_v1,64,0,1,,,,,,1,1
canonical,CANONICAL — REPAIRED G2 OOF,4551,8272,adsorbate,zero_residual_v1,64,0,1,,,,,,1,1
canonical,CANONICAL — REPAIRED G2 OOF,4552,8274,adsorbate,zero_residual_v1,64,0,1,,,,,,1,1
canonical,CANONICAL — REPAIRED G2 OOF,4553,8275,interstitial,zero_residual_v1,64,0,1,,,,,,1,1
canonical,CANONICAL — REPAIRED G2 OOF,4554,8276,adsorbate,zero_residual_v1,64,0,1,,,,,,1,1
canonical,CANONICAL — REPAIRED G2 OOF,4555,8277,interstitial,zero_residual_v1,64,0,1,,,,,,1,1
canonical,CANONICAL — REPAIRED G2 OOF,4556,8279,interstitial,zero_residual_v1,64,0,1,,,,,,1,1
canonical,CANONICAL — REPAIRED G2 OOF,4557,8280,interstitial,zero_residual_v1,64,0,1,,,,,,1,1
canonical,CANONICAL — REPAIRED G2 OOF,4559,8282,adsorbate,zero_residual_v1,64,0,1,,,,,,1,1
canonical,CANONICAL — REPAIRED G2 OOF,4560,8283,adsorbate,zero_residual_v1,64,0,1,,,,,,1,1
canonical,CANONICAL — REPAIRED G2 OOF,4562,8286,adsorbate,zero_residual_v1,64,0,1,,,,,,1,1
canonical,CANONICAL — REPAIRED G2 OOF,4563,8287,adsorbate,zero_residual_v1,64,0,1,,,,,,1,1
canonical,CANONICAL — REPAIRED G2 OOF,4564,8288,adsorbate,zero_residual_v1,64,0,1,,,,,,1,1
canonical,CANONICAL — REPAIRED G2 OOF,4565,8289,interstitial,zero_residual_v1,64,0,1,,,,,,1,1
canonical,CANONICAL — REPAIRED G2 OOF,4566,8290,adsorbate,zero_residual_v1,64,0,1,,,,,,1,1
canonical,CANONICAL — REPAIRED G2 OOF,4567,8291,adsorbate,zero_residual_v1,64,0,1,,,,,,1,1
canonical,CANONICAL — REPAIRED G2 OOF,4568,8292,adsorbate,zero_residual_v1,64,0,1,,,,,,1,1
canonical,CANONICAL — REPAIRED G2 OOF,4569,8295,interstitial,zero_residual_v1,64,0,1,,,,,,1,1
canonical,CANONICAL — REPAIRED G2 OOF,4570,8296,adsorbate,zero_residual_v1,64,0,1,,,,,,1,1
canonical,CANONICAL — REPAIRED G2 OOF,4571,8298,interstitial,zero_residual_v1,64,0,1,,,,,,1,1
canonical,CANONICAL — REPAIRED G2 OOF,4572,8299,interstitial,zero_residual_v1,64,0,1,,,,,,1,1
canonical,CANONICAL — REPAIRED G2 OOF,4573,8300,adsorbate,zero_residual_v1,64,0,1,,,,,,1,1
canonical,CANONICAL — REPAIRED G2 OOF,4574,8301,adsorbate,zero_residual_v1,64,0,1,,,,,,1,1
canonical,CANONICAL — REPAIRED G2 OOF,4575,8302,adsorbate,zero_residual_v1,64,0,1,,,,,,1,1
canonical,CANONICAL — REPAIRED G2 OOF,4576,8303,interstitial,zero_residual_v1,64,0,1,,,,,,1,1
canonical,CANONICAL — REPAIRED G2 OOF,4577,8305,interstitial,zero_residual_v1,64,0,1,,,,,,1,1
canonical,CANONICAL — REPAIRED G2 OOF,4578,8306,adsorbate,zero_residual_v1,64,0,1,,,,,,1,1
canonical,CANONICAL — REPAIRED G2 OOF,4579,8307,adsorbate,zero_residual_v1,64,0,1,,,,,,1,1
canonical,CANONICAL — REPAIRED G2 OOF,4580,8308,adsorbate,zero_residual_v1,64,0,1,,,,,,1,1
canonical,CANONICAL — REPAIRED G2 OOF,4581,8309,interstitial,zero_residual_v1,64,0,1,,,,,,1,1
canonical,CANONICAL — REPAIRED G2 OOF,4583,8312,adsorbate,zero_residual_v1,64,0,1,,,,,,1,1
canonical,CANONICAL — REPAIRED G2 OOF,4584,8313,interstitial,zero_residual_v1,64,0,1,,,,,,1,1
canonical,CANONICAL — REPAIRED G2 OOF,4585,8314,adsorbate,zero_residual_v1,64,0,1,,,,,,1,1
canonical,CANONICAL — REPAIRED G2 OOF,4586,8315,interstitial,zero_residual_v1,64,0,1,,,,,,1,1
canonical,CANONICAL — REPAIRED G2 OOF,4587,8319,adsorbate,zero_residual_v1,64,0,1,,,,,,1,1
canonical,CANONICAL — REPAIRED G2 OOF,4588,8322,interstitial,zero_residual_v1,64,0,1,,,,,,1,1
canonical,CANONICAL — REPAIRED G2 OOF,4589,8324,adsorbate,zero_residual_v1,64,0,1,,,,,,1,1
canonical,CANONICAL — REPAIRED G2 OOF,4590,8327,interstitial,zero_residual_v1,64,0,1,,,,,,1,1
canonical,CANONICAL — REPAIRED G2 OOF,4591,8330,adsorbate,zero_residual_v1,64,0,1,,,,,,1,1
canonical,CANONICAL — REPAIRED G2 OOF,4592,8331,adsorbate,zero_residual_v1,64,0,1,,,,,,1,1
canonical,CANONICAL — REPAIRED G2 OOF,4593,8332,adsorbate,zero_residual_v1,64,0,1,,,,,,1,1
canonical,CANONICAL — REPAIRED G2 OOF,4594,8334,adsorbate,zero_residual_v1,64,0,1,,,,,,1,1
canonical,CANONICAL — REPAIRED G2 OOF,4595,8337,adsorbate,zero_residual_v1,64,0,1,,,,,,1,1
canonical,CANONICAL — REPAIRED G2 OOF,4596,8338,interstitial,zero_residual_v1,64,0,1,,,,,,1,1
canonical,CANONICAL — REPAIRED G2 OOF,4597,8339,interstitial,zero_residual_v1,64,0,1,,,,,,1,1
canonical,CANONICAL — REPAIRED G2 OOF,4598,8340,adsorbate,zero_residual_v1,64,0,1,,,,,,1,1
canonical,CANONICAL — REPAIRED G2 OOF,4599,8341,adsorbate,zero_residual_v1,64,0,1,,,,,,1,1
canonical,CANONICAL — REPAIRED G2 OOF,4600,8342,interstitial,zero_residual_v1,64,0,1,,,,,,1,1
canonical,CANONICAL — REPAIRED G2 OOF,4601,8343,adsorbate,zero_residual_v1,64,0,1,,,,,,1,1
canonical,CANONICAL — REPAIRED G2 OOF,4602,8344,adsorbate,zero_residual_v1,64,0,1,,,,,,1,1
canonical,CANONICAL — REPAIRED G2 OOF,4603,8345,adsorbate,zero_residual_v1,64,0,1,,,,,,1,1
canonical,CANONICAL — REPAIRED G2 OOF,4604,8347,interstitial,zero_residual_v1,64,0,1,,,,,,1,1
canonical,CANONICAL — REPAIRED G2 OOF,4605,8353,adsorbate,zero_residual_v1,64,0,1,,,,,,1,1
canonical,CANONICAL — REPAIRED G2 OOF,4606,8354,interstitial,zero_residual_v1,64,0,1,,,,,,1,1
canonical,CANONICAL — REPAIRED G2 OOF,4607,8355,adsorbate,zero_residual_v1,64,0,1,,,,,,1,1
canonical,CANONICAL — REPAIRED G2 OOF,4608,8358,adsorbate,zero_residual_v1,64,0,1,,,,,,1,1
canonical,CANONICAL — REPAIRED G2 OOF,4609,8359,adsorbate,zero_residual_v1,64,0,1,,,,,,1,1
canonical,CANONICAL — REPAIRED G2 OOF,4610,8360,adsorbate,zero_residual_v1,64,0,1,,,,,,1,1
canonical,CANONICAL — REPAIRED G2 OOF,4611,8361,adsorbate,zero_residual_v1,64,0,1,,,,,,1,1
canonical,CANONICAL — REPAIRED G2 OOF,4612,8363,adsorbate,zero_residual_v1,64,0,1,,,,,,1,1
canonical,CANONICAL — REPAIRED G2 OOF,4613,8364,adsorbate,zero_residual_v1,64,0,1,,,,,,1,1
canonical,CANONICAL — REPAIRED G2 OOF,4614,8365,adsorbate,zero_residual_v1,64,0,1,,,,,,1,1
canonical,CANONICAL — REPAIRED G2 OOF,4615,8366,interstitial,zero_residual_v1,64,0,1,,,,,,1,1
canonical,CANONICAL — REPAIRED G2 OOF,4616,8367,interstitial,zero_residual_v1,64,0,1,,,,,,1,1
canonical,CANONICAL — REPAIRED G2 OOF,4617,8370,interstitial,zero_residual_v1,64,0,1,,,,,,1,1
canonical,CANONICAL — REPAIRED G2 OOF,4618,8373,adsorbate,zero_residual_v1,64,0,1,,,,,,1,1
canonical,CANONICAL — REPAIRED G2 OOF,4619,8374,adsorbate,zero_residual_v1,64,0,1,,,,,,1,1
canonical,CANONICAL — REPAIRED G2 OOF,4620,8375,interstitial,zero_residual_v1,64,0,1,,,,,,1,1
canonical,CANONICAL — REPAIRED G2 OOF,4621,8376,interstitial,zero_residual_v1,64,0,1,,,,,,1,1
canonical,CANONICAL — REPAIRED G2 OOF,4622,8377,adsorbate,zero_residual_v1,64,0,1,,,,,,1,1
canonical,CANONICAL — REPAIRED G2 OOF,4623,8378,adsorbate,zero_residual_v1,64,0,1,,,,,,1,1
canonical,CANONICAL — REPAIRED G2 OOF,4624,8380,adsorbate,zero_residual_v1,64,0,1,,,,,,1,1
canonical,CANONICAL — REPAIRED G2 OOF,4625,8382,adsorbate,zero_residual_v1,64,0,1,,,,,,1,1
canonical,CANONICAL — REPAIRED G2 OOF,4626,8383,adsorbate,zero_residual_v1,64,0,1,,,,,,1,1
canonical,CANONICAL — REPAIRED G2 OOF,4627,8385,adsorbate,zero_residual_v1,64,0,1,,,,,,1,1
canonical,CANONICAL — REPAIRED G2 OOF,4628,8386,adsorbate,zero_residual_v1,64,0,1,,,,,,1,1
canonical,CANONICAL — REPAIRED G2 OOF,4629,8389,interstitial,zero_residual_v1,64,0,1,,,,,,1,1
canonical,CANONICAL — REPAIRED G2 OOF,4630,8390,interstitial,zero_residual_v1,64,0,1,,,,,,1,1
canonical,CANONICAL — REPAIRED G2 OOF,4631,8393,adsorbate,zero_residual_v1,64,0,1,,,,,,1,1
canonical,CANONICAL — REPAIRED G2 OOF,4632,8394,interstitial,zero_residual_v1,64,0,1,,,,,,1,1
canonical,CANONICAL — REPAIRED G2 OOF,4633,8395,interstitial,zero_residual_v1,64,0,1,,,,,,1,1
canonical,CANONICAL — REPAIRED G2 OOF,4634,8396,interstitial,zero_residual_v1,64,0,1,,,,,,1,1
canonical,CANONICAL — REPAIRED G2 OOF,4635,8398,adsorbate,zero_residual_v1,64,0,1,,,,,,1,1
canonical,CANONICAL — REPAIRED G2 OOF,4636,8400,interstitial,zero_residual_v1,64,0,1,,,,,,1,1
canonical,CANONICAL — REPAIRED G2 OOF,4637,8402,adsorbate,zero_residual_v1,64,0,1,,,,,,1,1
canonical,CANONICAL — REPAIRED G2 OOF,4638,8405,interstitial,zero_residual_v1,64,0,1,,,,,,1,1
canonical,CANONICAL — REPAIRED G2 OOF,4639,8406,interstitial,zero_residual_v1,64,0,1,,,,,,1,1
canonical,CANONICAL — REPAIRED G2 OOF,4640,8407,adsorbate,zero_residual_v1,64,0,1,,,,,,1,1
canonical,CANONICAL — REPAIRED G2 OOF,4641,8408,interstitial,zero_residual_v1,64,0,1,,,,,,1,1
canonical,CANONICAL — REPAIRED G2 OOF,4643,8410,adsorbate,zero_residual_v1,64,0,1,,,,,,1,1
canonical,CANONICAL — REPAIRED G2 OOF,4644,8411,interstitial,zero_residual_v1,64,0,1,,,,,,1,1
canonical,CANONICAL — REPAIRED G2 OOF,4645,8413,interstitial,zero_residual_v1,64,0,1,,,,,,1,1
canonical,CANONICAL — REPAIRED G2 OOF,4646,8414,interstitial,zero_residual_v1,64,0,1,,,,,,1,1
canonical,CANONICAL — REPAIRED G2 OOF,4647,8416,adsorbate,zero_residual_v1,64,0,1,,,,,,1,1
canonical,CANONICAL — REPAIRED G2 OOF,4648,8419,adsorbate,zero_residual_v1,64,0,1,,,,,,1,1
canonical,CANONICAL — REPAIRED G2 OOF,4649,8420,adsorbate,zero_residual_v1,64,0,1,,,,,,1,1
canonical,CANONICAL — REPAIRED G2 OOF,4650,8421,interstitial,zero_residual_v1,64,0,1,,,,,,1,1
canonical,CANONICAL — REPAIRED G2 OOF,4651,8424,adsorbate,zero_residual_v1,64,0,1,,,,,,1,1
canonical,CANONICAL — REPAIRED G2 OOF,4652,8425,interstitial,zero_residual_v1,64,0,1,,,,,,1,1
canonical,CANONICAL — REPAIRED G2 OOF,4653,8426,adsorbate,zero_residual_v1,64,0,1,,,,,,1,1
canonical,CANONICAL — REPAIRED G2 OOF,4654,8427,adsorbate,zero_residual_v1,64,0,1,,,,,,1,1
canonical,CANONICAL — REPAIRED G2 OOF,4655,8428,adsorbate,zero_residual_v1,64,0,1,,,,,,1,1
canonical,CANONICAL — REPAIRED G2 OOF,4656,8429,interstitial,zero_residual_v1,64,0,1,,,,,,1,1
canonical,CANONICAL — REPAIRED G2 OOF,4657,8430,adsorbate,zero_residual_v1,64,0,1,,,,,,1,1
canonical,CANONICAL — REPAIRED G2 OOF,4658,8432,adsorbate,zero_residual_v1,64,0,1,,,,,,1,1
canonical,CANONICAL — REPAIRED G2 OOF,4659,8434,adsorbate,zero_residual_v1,64,0,1,,,,,,1,1
canonical,CANONICAL — REPAIRED G2 OOF,4660,8435,interstitial,zero_residual_v1,64,0,1,,,,,,1,1
canonical,CANONICAL — REPAIRED G2 OOF,4661,8436,adsorbate,zero_residual_v1,64,0,1,,,,,,1,1
canonical,CANONICAL — REPAIRED G2 OOF,4662,8437,adsorbate,zero_residual_v1,64,0,1,,,,,,1,1
canonical,CANONICAL — REPAIRED G2 OOF,4663,8438,adsorbate,zero_residual_v1,64,0,1,,,,,,1,1
canonical,CANONICAL — REPAIRED G2 OOF,4664,8440,adsorbate,zero_residual_v1,64,0,1,,,,,,1,1
canonical,CANONICAL — REPAIRED G2 OOF,4665,8443,adsorbate,zero_residual_v1,64,0,1,,,,,,1,1
canonical,CANONICAL — REPAIRED G2 OOF,4666,8444,adsorbate,zero_residual_v1,64,0,1,,,,,,1,1
canonical,CANONICAL — REPAIRED G2 OOF,4667,8446,adsorbate,zero_residual_v1,64,0,1,,,,,,1,1
canonical,CANONICAL — REPAIRED G2 OOF,4668,8449,interstitial,zero_residual_v1,64,0,1,,,,,,1,1
canonical,CANONICAL — REPAIRED G2 OOF,4669,8450,interstitial,zero_residual_v1,64,0,1,,,,,,1,1
canonical,CANONICAL — REPAIRED G2 OOF,4670,8453,adsorbate,zero_residual_v1,64,0,1,,,,,,1,1
canonical,CANONICAL — REPAIRED G2 OOF,4671,8454,interstitial,zero_residual_v1,64,0,1,,,,,,1,1
canonical,CANONICAL — REPAIRED G2 OOF,4672,8455,adsorbate,zero_residual_v1,64,0,1,,,,,,1,1
canonical,CANONICAL — REPAIRED G2 OOF,4673,8456,adsorbate,zero_residual_v1,64,0,1,,,,,,1,1
canonical,CANONICAL — REPAIRED G2 OOF,4674,8457,adsorbate,zero_residual_v1,64,0,1,,,,,,1,1
canonical,CANONICAL — REPAIRED G2 OOF,4675,8460,adsorbate,zero_residual_v1,64,0,1,,,,,,1,1
canonical,CANONICAL — REPAIRED G2 OOF,4676,8462,adsorbate,zero_residual_v1,64,0,1,,,,,,1,1
canonical,CANONICAL — REPAIRED G2 OOF,4677,8464,adsorbate,zero_residual_v1,64,0,1,,,,,,1,1
canonical,CANONICAL — REPAIRED G2 OOF,4678,8465,interstitial,zero_residual_v1,64,0,1,,,,,,1,1
canonical,CANONICAL — REPAIRED G2 OOF,4679,8467,adsorbate,zero_residual_v1,64,0,1,,,,,,1,1
canonical,CANONICAL — REPAIRED G2 OOF,4680,8468,interstitial,zero_residual_v1,64,0,1,,,,,,1,1
canonical,CANONICAL — REPAIRED G2 OOF,4681,8470,interstitial,zero_residual_v1,64,0,1,,,,,,1,1
canonical,CANONICAL — REPAIRED G2 OOF,4683,8473,interstitial,zero_residual_v1,64,0,1,,,,,,1,1
canonical,CANONICAL — REPAIRED G2 OOF,4684,8474,adsorbate,zero_residual_v1,64,0,1,,,,,,1,1
canonical,CANONICAL — REPAIRED G2 OOF,4685,8477,adsorbate,zero_residual_v1,64,0,1,,,,,,1,1
canonical,CANONICAL — REPAIRED G2 OOF,4686,8479,adsorbate,zero_residual_v1,64,0,1,,,,,,1,1
canonical,CANONICAL — REPAIRED G2 OOF,4687,8483,adsorbate,zero_residual_v1,64,0,1,,,,,,1,1
canonical,CANONICAL — REPAIRED G2 OOF,4688,8485,interstitial,zero_residual_v1,64,0,1,,,,,,1,1
canonical,CANONICAL — REPAIRED G2 OOF,4689,8486,adsorbate,zero_residual_v1,64,0,1,,,,,,1,1
canonical,CANONICAL — REPAIRED G2 OOF,4690,8487,interstitial,zero_residual_v1,64,0,1,,,,,,1,1
canonical,CANONICAL — REPAIRED G2 OOF,4691,8492,adsorbate,zero_residual_v1,64,0,1,,,,,,1,1
canonical,CANONICAL — REPAIRED G2 OOF,4692,8493,adsorbate,zero_residual_v1,64,0,1,,,,,,1,1
canonical,CANONICAL — REPAIRED G2 OOF,4693,8495,interstitial,zero_residual_v1,64,0,1,,,,,,1,1
canonical,CANONICAL — REPAIRED G2 OOF,4694,8498,interstitial,zero_residual_v1,64,0,1,,,,,,1,1
canonical,CANONICAL — REPAIRED G2 OOF,4695,8500,adsorbate,zero_residual_v1,64,0,1,,,,,,1,1
canonical,CANONICAL — REPAIRED G2 OOF,4696,8501,adsorbate,zero_residual_v1,64,0,1,,,,,,1,1
canonical,CANONICAL — REPAIRED G2 OOF,4697,8503,adsorbate,zero_residual_v1,64,0,1,,,,,,1,1
canonical,CANONICAL — REPAIRED G2 OOF,4698,8505,adsorbate,zero_residual_v1,64,0,1,,,,,,1,1
canonical,CANONICAL — REPAIRED G2 OOF,4699,8507,interstitial,zero_residual_v1,64,0,1,,,,,,1,1
canonical,CANONICAL — REPAIRED G2 OOF,4700,8508,adsorbate,zero_residual_v1,64,0,1,,,,,,1,1
canonical,CANONICAL — REPAIRED G2 OOF,4701,8509,interstitial,zero_residual_v1,64,0,1,,,,,,1,1
canonical,CANONICAL — REPAIRED G2 OOF,4702,8511,adsorbate,zero_residual_v1,64,0,1,,,,,,1,1
canonical,CANONICAL — REPAIRED G2 OOF,4703,8512,adsorbate,zero_residual_v1,64,0,1,,,,,,1,1
canonical,CANONICAL — REPAIRED G2 OOF,4704,8514,interstitial,zero_residual_v1,64,0,1,,,,,,1,1
canonical,CANONICAL — REPAIRED G2 OOF,4705,8516,adsorbate,zero_residual_v1,64,0,1,,,,,,1,1
canonical,CANONICAL — REPAIRED G2 OOF,4707,8518,adsorbate,zero_residual_v1,64,0,1,,,,,,1,1
canonical,CANONICAL — REPAIRED G2 OOF,4708,8519,adsorbate,zero_residual_v1,64,0,1,,,,,,1,1
canonical,CANONICAL — REPAIRED G2 OOF,4709,8522,adsorbate,zero_residual_v1,64,0,1,,,,,,1,1
canonical,CANONICAL — REPAIRED G2 OOF,4710,8525,adsorbate,zero_residual_v1,64,0,1,,,,,,1,1
canonical,CANONICAL — REPAIRED G2 OOF,4711,8526,adsorbate,zero_residual_v1,64,0,1,,,,,,1,1
canonical,CANONICAL — REPAIRED G2 OOF,4712,8528,adsorbate,zero_residual_v1,64,0,1,,,,,,1,1
canonical,CANONICAL — REPAIRED G2 OOF,4713,8529,adsorbate,zero_residual_v1,64,0,1,,,,,,1,1
canonical,CANONICAL — REPAIRED G2 OOF,4714,8530,adsorbate,zero_residual_v1,64,0,1,,,,,,1,1
canonical,CANONICAL — REPAIRED G2 OOF,4715,8531,adsorbate,zero_residual_v1,64,0,1,,,,,,1,1
canonical,CANONICAL — REPAIRED G2 OOF,4716,8532,adsorbate,zero_residual_v1,64,0,1,,,,,,1,1
canonical,CANONICAL — REPAIRED G2 OOF,4717,8533,adsorbate,zero_residual_v1,64,0,1,,,,,,1,1
canonical,CANONICAL — REPAIRED G2 OOF,4719,8537,interstitial,zero_residual_v1,64,0,1,,,,,,1,1
canonical,CANONICAL — REPAIRED G2 OOF,4720,8540,interstitial,zero_residual_v1,64,0,1,,,,,,1,1
canonical,CANONICAL — REPAIRED G2 OOF,4721,8541,interstitial,zero_residual_v1,64,0,1,,,,,,1,1
canonical,CANONICAL — REPAIRED G2 OOF,4722,8542,interstitial,zero_residual_v1,64,0,1,,,,,,1,1
canonical,CANONICAL — REPAIRED G2 OOF,4723,8543,adsorbate,zero_residual_v1,64,0,1,,,,,,1,1
canonical,CANONICAL — REPAIRED G2 OOF,4724,8544,interstitial,zero_residual_v1,64,0,1,,,,,,1,1
canonical,CANONICAL — REPAIRED G2 OOF,4725,8545,adsorbate,zero_residual_v1,64,0,1,,,,,,1,1
canonical,CANONICAL — REPAIRED G2 OOF,4726,8546,interstitial,zero_residual_v1,64,0,1,,,,,,1,1
canonical,CANONICAL — REPAIRED G2 OOF,4727,8547,adsorbate,zero_residual_v1,64,0,1,,,,,,1,1
canonical,CANONICAL — REPAIRED G2 OOF,4728,8549,interstitial,zero_residual_v1,64,0,1,,,,,,1,1
canonical,CANONICAL — REPAIRED G2 OOF,4729,8550,interstitial,zero_residual_v1,64,0,1,,,,,,1,1
canonical,CANONICAL — REPAIRED G2 OOF,4730,8551,adsorbate,zero_residual_v1,64,0,1,,,,,,1,1
canonical,CANONICAL — REPAIRED G2 OOF,4731,8552,adsorbate,zero_residual_v1,64,0,1,,,,,,1,1
canonical,CANONICAL — REPAIRED G2 OOF,4732,8554,interstitial,zero_residual_v1,64,0,1,,,,,,1,1
canonical,CANONICAL — REPAIRED G2 OOF,4733,8555,interstitial,zero_residual_v1,64,0,1,,,,,,1,1
canonical,CANONICAL — REPAIRED G2 OOF,4734,8556,interstitial,zero_residual_v1,64,0,1,,,,,,1,1
canonical,CANONICAL — REPAIRED G2 OOF,4735,8557,interstitial,zero_residual_v1,64,0,1,,,,,,1,1
canonical,CANONICAL — REPAIRED G2 OOF,4736,8558,adsorbate,zero_residual_v1,64,0,1,,,,,,1,1
canonical,CANONICAL — REPAIRED G2 OOF,4737,8559,adsorbate,zero_residual_v1,64,0,1,,,,,,1,1
canonical,CANONICAL — REPAIRED G2 OOF,4738,8560,interstitial,zero_residual_v1,64,0,1,,,,,,1,1
canonical,CANONICAL — REPAIRED G2 OOF,4739,8563,interstitial,zero_residual_v1,64,0,1,,,,,,1,1
canonical,CANONICAL — REPAIRED G2 OOF,4740,8564,adsorbate,zero_residual_v1,64,0,1,,,,,,1,1
canonical,CANONICAL — REPAIRED G2 OOF,4741,8565,adsorbate,zero_residual_v1,64,0,1,,,,,,1,1
canonical,CANONICAL — REPAIRED G2 OOF,4742,8566,interstitial,zero_residual_v1,64,0,1,,,,,,1,1
canonical,CANONICAL — REPAIRED G2 OOF,4743,8571,adsorbate,zero_residual_v1,64,0,1,,,,,,1,1
canonical,CANONICAL — REPAIRED G2 OOF,4744,8572,adsorbate,zero_residual_v1,64,0,1,,,,,,1,1
canonical,CANONICAL — REPAIRED G2 OOF,4745,8575,adsorbate,zero_residual_v1,64,0,1,,,,,,1,1
canonical,CANONICAL — REPAIRED G2 OOF,4746,8576,adsorbate,zero_residual_v1,64,0,1,,,,,,1,1
canonical,CANONICAL — REPAIRED G2 OOF,4747,8577,adsorbate,zero_residual_v1,64,0,1,,,,,,1,1
canonical,CANONICAL — REPAIRED G2 OOF,4748,8578,adsorbate,zero_residual_v1,64,0,1,,,,,,1,1
canonical,CANONICAL — REPAIRED G2 OOF,4749,8579,adsorbate,zero_residual_v1,64,0,1,,,,,,1,1
canonical,CANONICAL — REPAIRED G2 OOF,4750,8580,interstitial,zero_residual_v1,64,0,1,,,,,,1,1
canonical,CANONICAL — REPAIRED G2 OOF,4751,8581,interstitial,zero_residual_v1,64,0,1,,,,,,1,1
canonical,CANONICAL — REPAIRED G2 OOF,4752,8582,interstitial,zero_residual_v1,64,0,1,,,,,,1,1
canonical,CANONICAL — REPAIRED G2 OOF,4753,8583,adsorbate,zero_residual_v1,64,0,1,,,,,,1,1
canonical,CANONICAL — REPAIRED G2 OOF,4754,8584,adsorbate,zero_residual_v1,64,0,1,,,,,,1,1
canonical,CANONICAL — REPAIRED G2 OOF,4755,8585,adsorbate,zero_residual_v1,64,0,1,,,,,,1,1
canonical,CANONICAL — REPAIRED G2 OOF,4756,8588,adsorbate,zero_residual_v1,64,0,1,,,,,,1,1
canonical,CANONICAL — REPAIRED G2 OOF,4757,8590,adsorbate,zero_residual_v1,64,0,1,,,,,,1,1
canonical,CANONICAL — REPAIRED G2 OOF,4758,8592,adsorbate,zero_residual_v1,64,0,1,,,,,,1,1
canonical,CANONICAL — REPAIRED G2 OOF,4759,8593,adsorbate,zero_residual_v1,64,0,1,,,,,,1,1
canonical,CANONICAL — REPAIRED G2 OOF,4760,8594,interstitial,zero_residual_v1,64,0,1,,,,,,1,1
canonical,CANONICAL — REPAIRED G2 OOF,4761,8595,interstitial,zero_residual_v1,64,0,1,,,,,,1,1
canonical,CANONICAL — REPAIRED G2 OOF,4762,8599,adsorbate,zero_residual_v1,64,0,1,,,,,,1,1
canonical,CANONICAL — REPAIRED G2 OOF,4763,8600,interstitial,zero_residual_v1,64,0,1,,,,,,1,1
canonical,CANONICAL — REPAIRED G2 OOF,4764,8601,adsorbate,zero_residual_v1,64,0,1,,,,,,1,1
canonical,CANONICAL — REPAIRED G2 OOF,4765,8602,interstitial,zero_residual_v1,64,0,1,,,,,,1,1
canonical,CANONICAL — REPAIRED G2 OOF,4766,8603,interstitial,zero_residual_v1,64,0,1,,,,,,1,1
canonical,CANONICAL — REPAIRED G2 OOF,4767,8605,adsorbate,zero_residual_v1,64,0,1,,,,,,1,1
canonical,CANONICAL — REPAIRED G2 OOF,4768,8606,adsorbate,zero_residual_v1,64,0,1,,,,,,1,1
canonical,CANONICAL — REPAIRED G2 OOF,4769,8608,adsorbate,zero_residual_v1,64,0,1,,,,,,1,1
canonical,CANONICAL — REPAIRED G2 OOF,4770,8609,adsorbate,zero_residual_v1,64,0,1,,,,,,1,1
canonical,CANONICAL — REPAIRED G2 OOF,4771,8612,adsorbate,zero_residual_v1,64,0,1,,,,,,1,1
canonical,CANONICAL — REPAIRED G2 OOF,4772,8614,adsorbate,zero_residual_v1,64,0,1,,,,,,1,1
canonical,CANONICAL — REPAIRED G2 OOF,4773,8616,adsorbate,zero_residual_v1,64,0,1,,,,,,1,1
canonical,CANONICAL — REPAIRED G2 OOF,4774,8620,adsorbate,zero_residual_v1,64,0,1,,,,,,1,1
canonical,CANONICAL — REPAIRED G2 OOF,4775,8621,interstitial,zero_residual_v1,64,0,1,,,,,,1,1
canonical,CANONICAL — REPAIRED G2 OOF,4776,8624,adsorbate,zero_residual_v1,64,0,1,,,,,,1,1
canonical,CANONICAL — REPAIRED G2 OOF,4777,8625,interstitial,zero_residual_v1,64,0,1,,,,,,1,1
canonical,CANONICAL — REPAIRED G2 OOF,4779,8628,interstitial,zero_residual_v1,64,0,1,,,,,,1,1
canonical,CANONICAL — REPAIRED G2 OOF,4780,8630,adsorbate,zero_residual_v1,64,0,1,,,,,,1,1
canonical,CANONICAL — REPAIRED G2 OOF,4781,8631,adsorbate,zero_residual_v1,64,0,1,,,,,,1,1
canonical,CANONICAL — REPAIRED G2 OOF,4782,8632,adsorbate,zero_residual_v1,64,0,1,,,,,,1,1
canonical,CANONICAL — REPAIRED G2 OOF,4783,8634,interstitial,zero_residual_v1,64,0,1,,,,,,1,1
canonical,CANONICAL — REPAIRED G2 OOF,4784,8635,adsorbate,zero_residual_v1,64,0,1,,,,,,1,1
canonical,CANONICAL — REPAIRED G2 OOF,4785,8637,adsorbate,zero_residual_v1,64,0,1,,,,,,1,1
canonical,CANONICAL — REPAIRED G2 OOF,4786,8638,interstitial,zero_residual_v1,64,0,1,,,,,,1,1
canonical,CANONICAL — REPAIRED G2 OOF,4788,8641,adsorbate,zero_residual_v1,64,0,1,,,,,,1,1
canonical,CANONICAL — REPAIRED G2 OOF,4789,8644,adsorbate,zero_residual_v1,64,0,1,,,,,,1,1
canonical,CANONICAL — REPAIRED G2 OOF,4790,8648,interstitial,zero_residual_v1,64,0,1,,,,,,1,1
canonical,CANONICAL — REPAIRED G2 OOF,4791,8649,adsorbate,zero_residual_v1,64,0,1,,,,,,1,1
canonical,CANONICAL — REPAIRED G2 OOF,4792,8652,adsorbate,zero_residual_v1,64,0,1,,,,,,1,1
canonical,CANONICAL — REPAIRED G2 OOF,4793,8653,adsorbate,zero_residual_v1,64,0,1,,,,,,1,1
canonical,CANONICAL — REPAIRED G2 OOF,4794,8654,adsorbate,zero_residual_v1,64,0,1,,,,,,1,1
canonical,CANONICAL — REPAIRED G2 OOF,4795,8655,adsorbate,zero_residual_v1,64,0,1,,,,,,1,1
canonical,CANONICAL — REPAIRED G2 OOF,4796,8657,adsorbate,zero_residual_v1,64,0,1,,,,,,1,1
canonical,CANONICAL — REPAIRED G2 OOF,4797,8660,interstitial,zero_residual_v1,64,0,1,,,,,,1,1
canonical,CANONICAL — REPAIRED G2 OOF,4798,8664,adsorbate,zero_residual_v1,64,0,1,,,,,,1,1
canonical,CANONICAL — REPAIRED G2 OOF,4799,8666,adsorbate,zero_residual_v1,64,0,1,,,,,,1,1
canonical,CANONICAL — REPAIRED G2 OOF,4800,8669,adsorbate,zero_residual_v1,64,0,1,,,,,,1,1
canonical,CANONICAL — REPAIRED G2 OOF,4802,8671,adsorbate,zero_residual_v1,64,0,1,,,,,,1,1
canonical,CANONICAL — REPAIRED G2 OOF,4803,8672,interstitial,zero_residual_v1,64,0,1,,,,,,1,1
canonical,CANONICAL — REPAIRED G2 OOF,4804,8674,interstitial,zero_residual_v1,64,0,1,,,,,,1,1
canonical,CANONICAL — REPAIRED G2 OOF,4805,8675,adsorbate,zero_residual_v1,64,0,1,,,,,,1,1
canonical,CANONICAL — REPAIRED G2 OOF,4806,8677,adsorbate,zero_residual_v1,64,0,1,,,,,,1,1
canonical,CANONICAL — REPAIRED G2 OOF,4807,8678,adsorbate,zero_residual_v1,64,0,1,,,,,,1,1
canonical,CANONICAL — REPAIRED G2 OOF,4808,8681,interstitial,zero_residual_v1,64,0,1,,,,,,1,1
canonical,CANONICAL — REPAIRED G2 OOF,4809,8682,adsorbate,zero_residual_v1,64,0,1,,,,,,1,1
canonical,CANONICAL — REPAIRED G2 OOF,4810,8684,adsorbate,zero_residual_v1,64,0,1,,,,,,1,1
canonical,CANONICAL — REPAIRED G2 OOF,4811,8685,adsorbate,zero_residual_v1,64,0,1,,,,,,1,1
canonical,CANONICAL — REPAIRED G2 OOF,4812,8686,adsorbate,zero_residual_v1,64,0,1,,,,,,1,1
canonical,CANONICAL — REPAIRED G2 OOF,4813,8688,adsorbate,zero_residual_v1,64,0,1,,,,,,1,1
canonical,CANONICAL — REPAIRED G2 OOF,4814,8689,interstitial,zero_residual_v1,64,0,1,,,,,,1,1
canonical,CANONICAL — REPAIRED G2 OOF,4815,8690,interstitial,zero_residual_v1,64,0,1,,,,,,1,1
canonical,CANONICAL — REPAIRED G2 OOF,4816,8693,adsorbate,zero_residual_v1,64,0,1,,,,,,1,1
canonical,CANONICAL — REPAIRED G2 OOF,4817,8695,adsorbate,zero_residual_v1,64,0,1,,,,,,1,1
canonical,CANONICAL — REPAIRED G2 OOF,4818,8696,adsorbate,zero_residual_v1,64,0,1,,,,,,1,1
canonical,CANONICAL — REPAIRED G2 OOF,4819,8697,adsorbate,zero_residual_v1,64,0,1,,,,,,1,1
canonical,CANONICAL — REPAIRED G2 OOF,4820,8698,adsorbate,zero_residual_v1,64,0,1,,,,,,1,1
canonical,CANONICAL — REPAIRED G2 OOF,4821,8701,adsorbate,zero_residual_v1,64,0,1,,,,,,1,1
canonical,CANONICAL — REPAIRED G2 OOF,4822,8703,adsorbate,zero_residual_v1,64,0,1,,,,,,1,1
canonical,CANONICAL — REPAIRED G2 OOF,4823,8706,adsorbate,zero_residual_v1,64,0,1,,,,,,1,1
canonical,CANONICAL — REPAIRED G2 OOF,4824,8710,interstitial,zero_residual_v1,64,0,1,,,,,,1,1
canonical,CANONICAL — REPAIRED G2 OOF,4825,8713,adsorbate,zero_residual_v1,64,0,1,,,,,,1,1
canonical,CANONICAL — REPAIRED G2 OOF,4826,8714,adsorbate,zero_residual_v1,64,0,1,,,,,,1,1
canonical,CANONICAL — REPAIRED G2 OOF,4827,8715,interstitial,zero_residual_v1,64,0,1,,,,,,1,1
canonical,CANONICAL — REPAIRED G2 OOF,4828,8717,adsorbate,zero_residual_v1,64,0,1,,,,,,1,1
canonical,CANONICAL — REPAIRED G2 OOF,4829,8718,interstitial,zero_residual_v1,64,0,1,,,,,,1,1
canonical,CANONICAL — REPAIRED G2 OOF,4830,8719,adsorbate,zero_residual_v1,64,0,1,,,,,,1,1
canonical,CANONICAL — REPAIRED G2 OOF,4831,8721,interstitial,zero_residual_v1,64,0,1,,,,,,1,1
canonical,CANONICAL — REPAIRED G2 OOF,4832,8724,interstitial,zero_residual_v1,64,0,1,,,,,,1,1
canonical,CANONICAL — REPAIRED G2 OOF,4833,8725,interstitial,zero_residual_v1,64,0,1,,,,,,1,1
canonical,CANONICAL — REPAIRED G2 OOF,4834,8726,adsorbate,zero_residual_v1,64,0,1,,,,,,1,1
canonical,CANONICAL — REPAIRED G2 OOF,4835,8727,interstitial,zero_residual_v1,64,0,1,,,,,,1,1
canonical,CANONICAL — REPAIRED G2 OOF,4836,8728,adsorbate,zero_residual_v1,64,0,1,,,,,,1,1
canonical,CANONICAL — REPAIRED G2 OOF,4837,8729,adsorbate,zero_residual_v1,64,0,1,,,,,,1,1
canonical,CANONICAL — REPAIRED G2 OOF,4838,8730,interstitial,zero_residual_v1,64,0,1,,,,,,1,1
canonical,CANONICAL — REPAIRED G2 OOF,4839,8731,interstitial,zero_residual_v1,64,0,1,,,,,,1,1
canonical,CANONICAL — REPAIRED G2 OOF,4840,8734,interstitial,zero_residual_v1,64,0,1,,,,,,1,1
canonical,CANONICAL — REPAIRED G2 OOF,4841,8736,interstitial,zero_residual_v1,64,0,1,,,,,,1,1
canonical,CANONICAL — REPAIRED G2 OOF,4842,8737,adsorbate,zero_residual_v1,64,0,1,,,,,,1,1
canonical,CANONICAL — REPAIRED G2 OOF,4843,8738,interstitial,zero_residual_v1,64,0,1,,,,,,1,1
canonical,CANONICAL — REPAIRED G2 OOF,4844,8739,adsorbate,zero_residual_v1,64,0,1,,,,,,1,1
canonical,CANONICAL — REPAIRED G2 OOF,4845,8741,interstitial,zero_residual_v1,64,0,1,,,,,,1,1
canonical,CANONICAL — REPAIRED G2 OOF,4846,8743,adsorbate,zero_residual_v1,64,0,1,,,,,,1,1
canonical,CANONICAL — REPAIRED G2 OOF,4847,8747,interstitial,zero_residual_v1,64,0,1,,,,,,1,1
canonical,CANONICAL — REPAIRED G2 OOF,4848,8748,adsorbate,zero_residual_v1,64,0,1,,,,,,1,1
canonical,CANONICAL — REPAIRED G2 OOF,4849,8750,adsorbate,zero_residual_v1,64,0,1,,,,,,1,1
canonical,CANONICAL — REPAIRED G2 OOF,4850,8751,adsorbate,zero_residual_v1,64,0,1,,,,,,1,1
canonical,CANONICAL — REPAIRED G2 OOF,4851,8752,interstitial,zero_residual_v1,64,0,1,,,,,,1,1
canonical,CANONICAL — REPAIRED G2 OOF,4852,8753,adsorbate,zero_residual_v1,64,0,1,,,,,,1,1
canonical,CANONICAL — REPAIRED G2 OOF,4853,8754,interstitial,zero_residual_v1,64,0,1,,,,,,1,1
canonical,CANONICAL — REPAIRED G2 OOF,4854,8757,adsorbate,zero_residual_v1,64,0,1,,,,,,1,1
canonical,CANONICAL — REPAIRED G2 OOF,4855,8758,adsorbate,zero_residual_v1,64,0,1,,,,,,1,1
canonical,CANONICAL — REPAIRED G2 OOF,4856,8759,interstitial,zero_residual_v1,64,0,1,,,,,,1,1
canonical,CANONICAL — REPAIRED G2 OOF,4857,8761,interstitial,zero_residual_v1,64,0,1,,,,,,1,1
canonical,CANONICAL — REPAIRED G2 OOF,4858,8763,interstitial,zero_residual_v1,64,0,1,,,,,,1,1
canonical,CANONICAL — REPAIRED G2 OOF,4860,8767,adsorbate,zero_residual_v1,64,0,1,,,,,,1,1
canonical,CANONICAL — REPAIRED G2 OOF,4861,8768,adsorbate,zero_residual_v1,64,0,1,,,,,,1,1
canonical,CANONICAL — REPAIRED G2 OOF,4862,8772,adsorbate,zero_residual_v1,64,0,1,,,,,,1,1
canonical,CANONICAL — REPAIRED G2 OOF,4863,8773,interstitial,zero_residual_v1,64,0,1,,,,,,1,1
canonical,CANONICAL — REPAIRED G2 OOF,4864,8774,interstitial,zero_residual_v1,64,0,1,,,,,,1,1
canonical,CANONICAL — REPAIRED G2 OOF,4865,8775,interstitial,zero_residual_v1,64,0,1,,,,,,1,1
canonical,CANONICAL — REPAIRED G2 OOF,4866,8778,interstitial,zero_residual_v1,64,0,1,,,,,,1,1
canonical,CANONICAL — REPAIRED G2 OOF,4867,8779,adsorbate,zero_residual_v1,64,0,1,,,,,,1,1
canonical,CANONICAL — REPAIRED G2 OOF,4868,8780,adsorbate,zero_residual_v1,64,0,1,,,,,,1,1
canonical,CANONICAL — REPAIRED G2 OOF,4869,8781,adsorbate,zero_residual_v1,64,0,1,,,,,,1,1
canonical,CANONICAL — REPAIRED G2 OOF,4870,8782,adsorbate,zero_residual_v1,64,0,1,,,,,,1,1
canonical,CANONICAL — REPAIRED G2 OOF,4871,8784,adsorbate,zero_residual_v1,64,0,1,,,,,,1,1
canonical,CANONICAL — REPAIRED G2 OOF,4872,8785,interstitial,zero_residual_v1,64,0,1,,,,,,1,1
canonical,CANONICAL — REPAIRED G2 OOF,4873,8786,interstitial,zero_residual_v1,64,0,1,,,,,,1,1
canonical,CANONICAL — REPAIRED G2 OOF,4874,8787,interstitial,zero_residual_v1,64,0,1,,,,,,1,1
canonical,CANONICAL — REPAIRED G2 OOF,4876,8792,interstitial,zero_residual_v1,64,0,1,,,,,,1,1
canonical,CANONICAL — REPAIRED G2 OOF,4878,8795,adsorbate,zero_residual_v1,64,0,1,,,,,,1,1
canonical,CANONICAL — REPAIRED G2 OOF,4879,8797,interstitial,zero_residual_v1,64,0,1,,,,,,1,1
canonical,CANONICAL — REPAIRED G2 OOF,4880,8799,adsorbate,zero_residual_v1,64,0,1,,,,,,1,1
canonical,CANONICAL — REPAIRED G2 OOF,4881,8801,adsorbate,zero_residual_v1,64,0,1,,,,,,1,1
canonical,CANONICAL — REPAIRED G2 OOF,4882,8802,adsorbate,zero_residual_v1,64,0,1,,,,,,1,1
canonical,CANONICAL — REPAIRED G2 OOF,4884,8804,adsorbate,zero_residual_v1,64,0,1,,,,,,1,1
canonical,CANONICAL — REPAIRED G2 OOF,4885,8805,adsorbate,zero_residual_v1,64,0,1,,,,,,1,1
canonical,CANONICAL — REPAIRED G2 OOF,4886,8806,interstitial,zero_residual_v1,64,0,1,,,,,,1,1
canonical,CANONICAL — REPAIRED G2 OOF,4887,8807,interstitial,zero_residual_v1,64,0,1,,,,,,1,1
canonical,CANONICAL — REPAIRED G2 OOF,4888,8808,adsorbate,zero_residual_v1,64,0,1,,,,,,1,1
canonical,CANONICAL — REPAIRED G2 OOF,4889,8809,interstitial,zero_residual_v1,64,0,1,,,,,,1,1
canonical,CANONICAL — REPAIRED G2 OOF,4890,8812,interstitial,zero_residual_v1,64,0,1,,,,,,1,1
canonical,CANONICAL — REPAIRED G2 OOF,4891,8813,interstitial,zero_residual_v1,64,0,1,,,,,,1,1
canonical,CANONICAL — REPAIRED G2 OOF,4892,8814,adsorbate,zero_residual_v1,64,0,1,,,,,,1,1
canonical,CANONICAL — REPAIRED G2 OOF,4893,8815,adsorbate,zero_residual_v1,64,0,1,,,,,,1,1
canonical,CANONICAL — REPAIRED G2 OOF,4894,8816,adsorbate,zero_residual_v1,64,0,1,,,,,,1,1
canonical,CANONICAL — REPAIRED G2 OOF,4895,8819,adsorbate,zero_residual_v1,64,0,1,,,,,,1,1
canonical,CANONICAL — REPAIRED G2 OOF,4896,8820,adsorbate,zero_residual_v1,64,0,1,,,,,,1,1
canonical,CANONICAL — REPAIRED G2 OOF,4897,8822,adsorbate,zero_residual_v1,64,0,1,,,,,,1,1
canonical,CANONICAL — REPAIRED G2 OOF,4898,8824,adsorbate,zero_residual_v1,64,0,1,,,,,,1,1
canonical,CANONICAL — REPAIRED G2 OOF,4899,8826,interstitial,zero_residual_v1,64,0,1,,,,,,1,1
canonical,CANONICAL — REPAIRED G2 OOF,4900,8831,interstitial,zero_residual_v1,64,0,1,,,,,,1,1
canonical,CANONICAL — REPAIRED G2 OOF,4901,8832,interstitial,zero_residual_v1,64,0,1,,,,,,1,1
canonical,CANONICAL — REPAIRED G2 OOF,4902,8833,interstitial,zero_residual_v1,64,0,1,,,,,,1,1
canonical,CANONICAL — REPAIRED G2 OOF,4903,8837,interstitial,zero_residual_v1,64,0,1,,,,,,1,1
canonical,CANONICAL — REPAIRED G2 OOF,4904,8838,adsorbate,zero_residual_v1,64,0,1,,,,,,1,1
canonical,CANONICAL — REPAIRED G2 OOF,4905,8840,adsorbate,zero_residual_v1,64,0,1,,,,,,1,1
canonical,CANONICAL — REPAIRED G2 OOF,4906,8843,adsorbate,zero_residual_v1,64,0,1,,,,,,1,1
canonical,CANONICAL — REPAIRED G2 OOF,4907,8845,interstitial,zero_residual_v1,64,0,1,,,,,,1,1
canonical,CANONICAL — REPAIRED G2 OOF,4908,8846,adsorbate,zero_residual_v1,64,0,1,,,,,,1,1
canonical,CANONICAL — REPAIRED G2 OOF,4909,8848,interstitial,zero_residual_v1,64,0,1,,,,,,1,1
canonical,CANONICAL — REPAIRED G2 OOF,4910,8852,adsorbate,zero_residual_v1,64,0,1,,,,,,1,1
canonical,CANONICAL — REPAIRED G2 OOF,4911,8856,adsorbate,zero_residual_v1,64,0,1,,,,,,1,1
canonical,CANONICAL — REPAIRED G2 OOF,4912,8857,adsorbate,zero_residual_v1,64,0,1,,,,,,1,1
canonical,CANONICAL — REPAIRED G2 OOF,4913,8858,adsorbate,zero_residual_v1,64,0,1,,,,,,1,1
canonical,CANONICAL — REPAIRED G2 OOF,4914,8859,interstitial,zero_residual_v1,64,0,1,,,,,,1,1
canonical,CANONICAL — REPAIRED G2 OOF,4915,8863,interstitial,zero_residual_v1,64,0,1,,,,,,1,1
canonical,CANONICAL — REPAIRED G2 OOF,4916,8866,interstitial,zero_residual_v1,64,0,1,,,,,,1,1
canonical,CANONICAL — REPAIRED G2 OOF,4917,8868,interstitial,zero_residual_v1,64,0,1,,,,,,1,1
canonical,CANONICAL — REPAIRED G2 OOF,4918,8869,interstitial,zero_residual_v1,64,0,1,,,,,,1,1
canonical,CANONICAL — REPAIRED G2 OOF,4919,8871,interstitial,zero_residual_v1,64,0,1,,,,,,1,1
canonical,CANONICAL — REPAIRED G2 OOF,4920,8878,adsorbate,zero_residual_v1,64,0,1,,,,,,1,1
canonical,CANONICAL — REPAIRED G2 OOF,4921,8879,adsorbate,zero_residual_v1,64,0,1,,,,,,1,1
canonical,CANONICAL — REPAIRED G2 OOF,4922,8881,adsorbate,zero_residual_v1,64,0,1,,,,,,1,1
canonical,CANONICAL — REPAIRED G2 OOF,4923,8882,interstitial,zero_residual_v1,64,0,1,,,,,,1,1
canonical,CANONICAL — REPAIRED G2 OOF,4924,8885,interstitial,zero_residual_v1,64,0,1,,,,,,1,1
canonical,CANONICAL — REPAIRED G2 OOF,4925,8888,adsorbate,zero_residual_v1,64,0,1,,,,,,1,1
canonical,CANONICAL — REPAIRED G2 OOF,4926,8890,adsorbate,zero_residual_v1,64,0,1,,,,,,1,1
canonical,CANONICAL — REPAIRED G2 OOF,4927,8895,adsorbate,zero_residual_v1,64,0,1,,,,,,1,1
canonical,CANONICAL — REPAIRED G2 OOF,4928,8896,adsorbate,zero_residual_v1,64,0,1,,,,,,1,1
canonical,CANONICAL — REPAIRED G2 OOF,4929,8898,adsorbate,zero_residual_v1,64,0,1,,,,,,1,1
canonical,CANONICAL — REPAIRED G2 OOF,4930,8900,interstitial,zero_residual_v1,64,0,1,,,,,,1,1
canonical,CANONICAL — REPAIRED G2 OOF,4931,8901,interstitial,zero_residual_v1,64,0,1,,,,,,1,1
canonical,CANONICAL — REPAIRED G2 OOF,4932,8903,adsorbate,zero_residual_v1,64,0,1,,,,,,1,1
canonical,CANONICAL — REPAIRED G2 OOF,4933,8904,interstitial,zero_residual_v1,64,0,1,,,,,,1,1
canonical,CANONICAL — REPAIRED G2 OOF,4934,8905,adsorbate,zero_residual_v1,64,0,1,,,,,,1,1
canonical,CANONICAL — REPAIRED G2 OOF,4935,8906,adsorbate,zero_residual_v1,64,0,1,,,,,,1,1
canonical,CANONICAL — REPAIRED G2 OOF,4936,8907,adsorbate,zero_residual_v1,64,0,1,,,,,,1,1
canonical,CANONICAL — REPAIRED G2 OOF,4937,8908,adsorbate,zero_residual_v1,64,0,1,,,,,,1,1
canonical,CANONICAL — REPAIRED G2 OOF,4938,8909,adsorbate,zero_residual_v1,64,0,1,,,,,,1,1
canonical,CANONICAL — REPAIRED G2 OOF,4939,8910,adsorbate,zero_residual_v1,64,0,1,,,,,,1,1
canonical,CANONICAL — REPAIRED G2 OOF,4940,8913,adsorbate,zero_residual_v1,64,0,1,,,,,,1,1
canonical,CANONICAL — REPAIRED G2 OOF,4941,8914,interstitial,zero_residual_v1,64,0,1,,,,,,1,1
canonical,CANONICAL — REPAIRED G2 OOF,4942,8915,interstitial,zero_residual_v1,64,0,1,,,,,,1,1
canonical,CANONICAL — REPAIRED G2 OOF,4943,8916,adsorbate,zero_residual_v1,64,0,1,,,,,,1,1
canonical,CANONICAL — REPAIRED G2 OOF,4944,8918,interstitial,zero_residual_v1,64,0,1,,,,,,1,1
canonical,CANONICAL — REPAIRED G2 OOF,4945,8920,adsorbate,zero_residual_v1,64,0,1,,,,,,1,1
canonical,CANONICAL — REPAIRED G2 OOF,4946,8924,interstitial,zero_residual_v1,64,0,1,,,,,,1,1
canonical,CANONICAL — REPAIRED G2 OOF,4947,8926,interstitial,zero_residual_v1,64,0,1,,,,,,1,1
canonical,CANONICAL — REPAIRED G2 OOF,4948,8927,interstitial,zero_residual_v1,64,0,1,,,,,,1,1
canonical,CANONICAL — REPAIRED G2 OOF,4949,8933,interstitial,zero_residual_v1,64,0,1,,,,,,1,1
canonical,CANONICAL — REPAIRED G2 OOF,4950,8934,interstitial,zero_residual_v1,64,0,1,,,,,,1,1
canonical,CANONICAL — REPAIRED G2 OOF,4951,8935,adsorbate,zero_residual_v1,64,0,1,,,,,,1,1
canonical,CANONICAL — REPAIRED G2 OOF,4952,8936,interstitial,zero_residual_v1,64,0,1,,,,,,1,1
canonical,CANONICAL — REPAIRED G2 OOF,4953,8937,interstitial,zero_residual_v1,64,0,1,,,,,,1,1
canonical,CANONICAL — REPAIRED G2 OOF,4954,8939,interstitial,zero_residual_v1,64,0,1,,,,,,1,1
canonical,CANONICAL — REPAIRED G2 OOF,4955,8942,adsorbate,zero_residual_v1,64,0,1,,,,,,1,1
canonical,CANONICAL — REPAIRED G2 OOF,4956,8944,interstitial,zero_residual_v1,64,0,1,,,,,,1,1
canonical,CANONICAL — REPAIRED G2 OOF,4957,8945,interstitial,zero_residual_v1,64,0,1,,,,,,1,1
canonical,CANONICAL — REPAIRED G2 OOF,4958,8947,interstitial,zero_residual_v1,64,0,1,,,,,,1,1
canonical,CANONICAL — REPAIRED G2 OOF,4959,8949,adsorbate,zero_residual_v1,64,0,1,,,,,,1,1
canonical,CANONICAL — REPAIRED G2 OOF,4960,8950,interstitial,zero_residual_v1,64,0,1,,,,,,1,1
canonical,CANONICAL — REPAIRED G2 OOF,4961,8951,interstitial,zero_residual_v1,64,0,1,,,,,,1,1
canonical,CANONICAL — REPAIRED G2 OOF,4962,8953,adsorbate,zero_residual_v1,64,0,1,,,,,,1,1
canonical,CANONICAL — REPAIRED G2 OOF,4963,8955,adsorbate,zero_residual_v1,64,0,1,,,,,,1,1
canonical,CANONICAL — REPAIRED G2 OOF,4964,8956,interstitial,zero_residual_v1,64,0,1,,,,,,1,1
canonical,CANONICAL — REPAIRED G2 OOF,4965,8957,interstitial,zero_residual_v1,64,0,1,,,,,,1,1
canonical,CANONICAL — REPAIRED G2 OOF,4966,8959,adsorbate,zero_residual_v1,64,0,1,,,,,,1,1
canonical,CANONICAL — REPAIRED G2 OOF,4967,8960,interstitial,zero_residual_v1,64,0,1,,,,,,1,1
canonical,CANONICAL — REPAIRED G2 OOF,4968,8962,interstitial,zero_residual_v1,64,0,1,,,,,,1,1
canonical,CANONICAL — REPAIRED G2 OOF,4969,8963,adsorbate,zero_residual_v1,64,0,1,,,,,,1,1
canonical,CANONICAL — REPAIRED G2 OOF,4970,8964,adsorbate,zero_residual_v1,64,0,1,,,,,,1,1
canonical,CANONICAL — REPAIRED G2 OOF,4971,8966,adsorbate,zero_residual_v1,64,0,1,,,,,,1,1
canonical,CANONICAL — REPAIRED G2 OOF,4972,8967,adsorbate,zero_residual_v1,64,0,1,,,,,,1,1
canonical,CANONICAL — REPAIRED G2 OOF,4973,8971,interstitial,zero_residual_v1,64,0,1,,,,,,1,1
canonical,CANONICAL — REPAIRED G2 OOF,4974,8972,interstitial,zero_residual_v1,64,0,1,,,,,,1,1
canonical,CANONICAL — REPAIRED G2 OOF,4975,8973,adsorbate,zero_residual_v1,64,0,1,,,,,,1,1
canonical,CANONICAL — REPAIRED G2 OOF,4976,8975,interstitial,zero_residual_v1,64,0,1,,,,,,1,1
canonical,CANONICAL — REPAIRED G2 OOF,4977,8976,interstitial,zero_residual_v1,64,0,1,,,,,,1,1
canonical,CANONICAL — REPAIRED G2 OOF,4978,8977,adsorbate,zero_residual_v1,64,0,1,,,,,,1,1
canonical,CANONICAL — REPAIRED G2 OOF,4979,8978,interstitial,zero_residual_v1,64,0,1,,,,,,1,1
canonical,CANONICAL — REPAIRED G2 OOF,4981,8980,interstitial,zero_residual_v1,64,0,1,,,,,,1,1
canonical,CANONICAL — REPAIRED G2 OOF,4982,8981,adsorbate,zero_residual_v1,64,0,1,,,,,,1,1
canonical,CANONICAL — REPAIRED G2 OOF,4983,8982,interstitial,zero_residual_v1,64,0,1,,,,,,1,1
canonical,CANONICAL — REPAIRED G2 OOF,4985,8985,adsorbate,zero_residual_v1,64,0,1,,,,,,1,1
canonical,CANONICAL — REPAIRED G2 OOF,4986,8986,interstitial,zero_residual_v1,64,0,1,,,,,,1,1
canonical,CANONICAL — REPAIRED G2 OOF,4987,8988,interstitial,zero_residual_v1,64,0,1,,,,,,1,1
canonical,CANONICAL — REPAIRED G2 OOF,4988,8989,adsorbate,zero_residual_v1,64,0,1,,,,,,1,1
canonical,CANONICAL — REPAIRED G2 OOF,4989,8991,adsorbate,zero_residual_v1,64,0,1,,,,,,1,1
canonical,CANONICAL — REPAIRED G2 OOF,4990,8992,adsorbate,zero_residual_v1,64,0,1,,,,,,1,1
canonical,CANONICAL — REPAIRED G2 OOF,4991,8993,adsorbate,zero_residual_v1,64,0,1,,,,,,1,1
canonical,CANONICAL — REPAIRED G2 OOF,4992,8994,adsorbate,zero_residual_v1,64,0,1,,,,,,1,1
canonical,CANONICAL — REPAIRED G2 OOF,4993,8997,adsorbate,zero_residual_v1,64,0,1,,,,,,1,1
canonical,CANONICAL — REPAIRED G2 OOF,4994,8998,adsorbate,zero_residual_v1,64,0,1,,,,,,1,1
canonical,CANONICAL — REPAIRED G2 OOF,4995,8999,adsorbate,zero_residual_v1,64,0,1,,,,,,1,1
canonical,CANONICAL — REPAIRED G2 OOF,4996,9000,adsorbate,zero_residual_v1,64,0,1,,,,,,1,1
canonical,CANONICAL — REPAIRED G2 OOF,4997,9002,adsorbate,zero_residual_v1,64,0,1,,,,,,1,1
canonical,CANONICAL — REPAIRED G2 OOF,4998,9003,interstitial,zero_residual_v1,64,0,1,,,,,,1,1
canonical,CANONICAL — REPAIRED G2 OOF,4999,9007,adsorbate,zero_residual_v1,64,0,1,,,,,,1,1
canonical,CANONICAL — REPAIRED G2 OOF,5000,9008,adsorbate,zero_residual_v1,64,0,1,,,,,,1,1
canonical,CANONICAL — REPAIRED G2 OOF,5001,9009,adsorbate,zero_residual_v1,64,0,1,,,,,,1,1
canonical,CANONICAL — REPAIRED G2 OOF,5002,9010,adsorbate,zero_residual_v1,64,0,1,,,,,,1,1
canonical,CANONICAL — REPAIRED G2 OOF,5003,9012,interstitial,zero_residual_v1,64,0,1,,,,,,1,1
canonical,CANONICAL — REPAIRED G2 OOF,5004,9013,adsorbate,zero_residual_v1,64,0,1,,,,,,1,1
canonical,CANONICAL — REPAIRED G2 OOF,5005,9014,interstitial,zero_residual_v1,64,0,1,,,,,,1,1
canonical,CANONICAL — REPAIRED G2 OOF,5006,9017,adsorbate,zero_residual_v1,64,0,1,,,,,,1,1
canonical,CANONICAL — REPAIRED G2 OOF,5007,9018,adsorbate,zero_residual_v1,64,0,1,,,,,,1,1
canonical,CANONICAL — REPAIRED G2 OOF,5008,9019,adsorbate,zero_residual_v1,64,0,1,,,,,,1,1
canonical,CANONICAL — REPAIRED G2 OOF,5009,9020,interstitial,zero_residual_v1,64,0,1,,,,,,1,1
canonical,CANONICAL — REPAIRED G2 OOF,5010,9021,interstitial,zero_residual_v1,64,0,1,,,,,,1,1
canonical,CANONICAL — REPAIRED G2 OOF,5012,9027,interstitial,zero_residual_v1,64,0,1,,,,,,1,1
canonical,CANONICAL — REPAIRED G2 OOF,5013,9031,interstitial,zero_residual_v1,64,0,1,,,,,,1,1
canonical,CANONICAL — REPAIRED G2 OOF,5014,9032,adsorbate,zero_residual_v1,64,0,1,,,,,,1,1
canonical,CANONICAL — REPAIRED G2 OOF,5015,9033,adsorbate,zero_residual_v1,64,0,1,,,,,,1,1
canonical,CANONICAL — REPAIRED G2 OOF,5016,9034,interstitial,zero_residual_v1,64,0,1,,,,,,1,1
canonical,CANONICAL — REPAIRED G2 OOF,5018,9036,adsorbate,zero_residual_v1,64,0,1,,,,,,1,1
canonical,CANONICAL — REPAIRED G2 OOF,5019,9038,adsorbate,zero_residual_v1,64,0,1,,,,,,1,1
canonical,CANONICAL — REPAIRED G2 OOF,5020,9039,interstitial,zero_residual_v1,64,0,1,,,,,,1,1
canonical,CANONICAL — REPAIRED G2 OOF,5021,9042,adsorbate,zero_residual_v1,64,0,1,,,,,,1,1
canonical,CANONICAL — REPAIRED G2 OOF,5022,9043,adsorbate,zero_residual_v1,64,0,1,,,,,,1,1
canonical,CANONICAL — REPAIRED G2 OOF,5023,9044,interstitial,zero_residual_v1,64,0,1,,,,,,1,1
canonical,CANONICAL — REPAIRED G2 OOF,5024,9045,adsorbate,zero_residual_v1,64,0,1,,,,,,1,1
canonical,CANONICAL — REPAIRED G2 OOF,5025,9046,interstitial,zero_residual_v1,64,0,1,,,,,,1,1
canonical,CANONICAL — REPAIRED G2 OOF,5026,9047,adsorbate,zero_residual_v1,64,0,1,,,,,,1,1
canonical,CANONICAL — REPAIRED G2 OOF,5027,9049,adsorbate,zero_residual_v1,64,0,1,,,,,,1,1
canonical,CANONICAL — REPAIRED G2 OOF,5028,9050,interstitial,zero_residual_v1,64,0,1,,,,,,1,1
canonical,CANONICAL — REPAIRED G2 OOF,5029,9052,adsorbate,zero_residual_v1,64,0,1,,,,,,1,1
canonical,CANONICAL — REPAIRED G2 OOF,5030,9053,adsorbate,zero_residual_v1,64,0,1,,,,,,1,1
canonical,CANONICAL — REPAIRED G2 OOF,5031,9054,adsorbate,zero_residual_v1,64,0,1,,,,,,1,1
canonical,CANONICAL — REPAIRED G2 OOF,5032,9057,interstitial,zero_residual_v1,64,0,1,,,,,,1,1
canonical,CANONICAL — REPAIRED G2 OOF,5033,9060,interstitial,zero_residual_v1,64,0,1,,,,,,1,1
canonical,CANONICAL — REPAIRED G2 OOF,5034,9061,adsorbate,zero_residual_v1,64,0,1,,,,,,1,1
canonical,CANONICAL — REPAIRED G2 OOF,5035,9063,adsorbate,zero_residual_v1,64,0,1,,,,,,1,1
canonical,CANONICAL — REPAIRED G2 OOF,5036,9064,interstitial,zero_residual_v1,64,0,1,,,,,,1,1
canonical,CANONICAL — REPAIRED G2 OOF,5037,9066,interstitial,zero_residual_v1,64,0,1,,,,,,1,1
canonical,CANONICAL — REPAIRED G2 OOF,5038,9069,adsorbate,zero_residual_v1,64,0,1,,,,,,1,1
canonical,CANONICAL — REPAIRED G2 OOF,5039,9070,interstitial,zero_residual_v1,64,0,1,,,,,,1,1
canonical,CANONICAL — REPAIRED G2 OOF,5040,9072,adsorbate,zero_residual_v1,64,0,1,,,,,,1,1
canonical,CANONICAL — REPAIRED G2 OOF,5041,9074,adsorbate,zero_residual_v1,64,0,1,,,,,,1,1
canonical,CANONICAL — REPAIRED G2 OOF,5042,9075,interstitial,zero_residual_v1,64,0,1,,,,,,1,1
canonical,CANONICAL — REPAIRED G2 OOF,5043,9078,interstitial,zero_residual_v1,64,0,1,,,,,,1,1
canonical,CANONICAL — REPAIRED G2 OOF,5044,9081,adsorbate,zero_residual_v1,64,0,1,,,,,,1,1
canonical,CANONICAL — REPAIRED G2 OOF,5045,9083,adsorbate,zero_residual_v1,64,0,1,,,,,,1,1
canonical,CANONICAL — REPAIRED G2 OOF,5046,9084,interstitial,zero_residual_v1,64,0,1,,,,,,1,1
canonical,CANONICAL — REPAIRED G2 OOF,5047,9085,interstitial,zero_residual_v1,64,0,1,,,,,,1,1
canonical,CANONICAL — REPAIRED G2 OOF,5048,9086,adsorbate,zero_residual_v1,64,0,1,,,,,,1,1
canonical,CANONICAL — REPAIRED G2 OOF,5049,9087,adsorbate,zero_residual_v1,64,0,1,,,,,,1,1
canonical,CANONICAL — REPAIRED G2 OOF,5050,9088,adsorbate,zero_residual_v1,64,0,1,,,,,,1,1
canonical,CANONICAL — REPAIRED G2 OOF,5051,9089,interstitial,zero_residual_v1,64,0,1,,,,,,1,1
canonical,CANONICAL — REPAIRED G2 OOF,5052,9090,adsorbate,zero_residual_v1,64,0,1,,,,,,1,1
canonical,CANONICAL — REPAIRED G2 OOF,5053,9091,adsorbate,zero_residual_v1,64,0,1,,,,,,1,1
canonical,CANONICAL — REPAIRED G2 OOF,5054,9093,adsorbate,zero_residual_v1,64,0,1,,,,,,1,1
canonical,CANONICAL — REPAIRED G2 OOF,5055,9095,interstitial,zero_residual_v1,64,0,1,,,,,,1,1
canonical,CANONICAL — REPAIRED G2 OOF,5056,9098,adsorbate,zero_residual_v1,64,0,1,,,,,,1,1
canonical,CANONICAL — REPAIRED G2 OOF,5057,9099,adsorbate,zero_residual_v1,64,0,1,,,,,,1,1
canonical,CANONICAL — REPAIRED G2 OOF,5058,9101,interstitial,zero_residual_v1,64,0,1,,,,,,1,1
canonical,CANONICAL — REPAIRED G2 OOF,5059,9103,adsorbate,zero_residual_v1,64,0,1,,,,,,1,1
canonical,CANONICAL — REPAIRED G2 OOF,5060,9104,interstitial,zero_residual_v1,64,0,1,,,,,,1,1
canonical,CANONICAL — REPAIRED G2 OOF,5061,9105,adsorbate,zero_residual_v1,64,0,1,,,,,,1,1
canonical,CANONICAL — REPAIRED G2 OOF,5062,9107,interstitial,zero_residual_v1,64,0,1,,,,,,1,1
canonical,CANONICAL — REPAIRED G2 OOF,5063,9110,adsorbate,zero_residual_v1,64,0,1,,,,,,1,1
canonical,CANONICAL — REPAIRED G2 OOF,5064,9111,adsorbate,zero_residual_v1,64,0,1,,,,,,1,1
canonical,CANONICAL — REPAIRED G2 OOF,5065,9112,adsorbate,zero_residual_v1,64,0,1,,,,,,1,1
canonical,CANONICAL — REPAIRED G2 OOF,5066,9113,adsorbate,zero_residual_v1,64,0,1,,,,,,1,1
canonical,CANONICAL — REPAIRED G2 OOF,5067,9114,interstitial,zero_residual_v1,64,0,1,,,,,,1,1
canonical,CANONICAL — REPAIRED G2 OOF,5068,9115,adsorbate,zero_residual_v1,64,0,1,,,,,,1,1
canonical,CANONICAL — REPAIRED G2 OOF,5069,9116,adsorbate,zero_residual_v1,64,0,1,,,,,,1,1
canonical,CANONICAL — REPAIRED G2 OOF,5070,9117,interstitial,zero_residual_v1,64,0,1,,,,,,1,1
canonical,CANONICAL — REPAIRED G2 OOF,5071,9119,interstitial,zero_residual_v1,64,0,1,,,,,,1,1
canonical,CANONICAL — REPAIRED G2 OOF,5072,9120,interstitial,zero_residual_v1,64,0,1,,,,,,1,1
canonical,CANONICAL — REPAIRED G2 OOF,5073,9121,interstitial,zero_residual_v1,64,0,1,,,,,,1,1
canonical,CANONICAL — REPAIRED G2 OOF,5074,9122,adsorbate,zero_residual_v1,64,0,1,,,,,,1,1
canonical,CANONICAL — REPAIRED G2 OOF,5075,9123,adsorbate,zero_residual_v1,64,0,1,,,,,,1,1
canonical,CANONICAL — REPAIRED G2 OOF,5076,9127,adsorbate,zero_residual_v1,64,0,1,,,,,,1,1
canonical,CANONICAL — REPAIRED G2 OOF,5077,9128,interstitial,zero_residual_v1,64,0,1,,,,,,1,1
canonical,CANONICAL — REPAIRED G2 OOF,5078,9129,interstitial,zero_residual_v1,64,0,1,,,,,,1,1
canonical,CANONICAL — REPAIRED G2 OOF,5079,9131,interstitial,zero_residual_v1,64,0,1,,,,,,1,1
canonical,CANONICAL — REPAIRED G2 OOF,5080,9132,adsorbate,zero_residual_v1,64,0,1,,,,,,1,1
canonical,CANONICAL — REPAIRED G2 OOF,5081,9133,interstitial,zero_residual_v1,64,0,1,,,,,,1,1
canonical,CANONICAL — REPAIRED G2 OOF,5082,9134,interstitial,zero_residual_v1,64,0,1,,,,,,1,1
canonical,CANONICAL — REPAIRED G2 OOF,5083,9137,adsorbate,zero_residual_v1,64,0,1,,,,,,1,1
canonical,CANONICAL — REPAIRED G2 OOF,5084,9140,interstitial,zero_residual_v1,64,0,1,,,,,,1,1
canonical,CANONICAL — REPAIRED G2 OOF,5085,9142,adsorbate,zero_residual_v1,64,0,1,,,,,,1,1
canonical,CANONICAL — REPAIRED G2 OOF,5086,9143,adsorbate,zero_residual_v1,64,0,1,,,,,,1,1
canonical,CANONICAL — REPAIRED G2 OOF,5087,9144,adsorbate,zero_residual_v1,64,0,1,,,,,,1,1
canonical,CANONICAL — REPAIRED G2 OOF,5088,9145,adsorbate,zero_residual_v1,64,0,1,,,,,,1,1
canonical,CANONICAL — REPAIRED G2 OOF,5090,9147,adsorbate,zero_residual_v1,64,0,1,,,,,,1,1
canonical,CANONICAL — REPAIRED G2 OOF,5091,9148,adsorbate,zero_residual_v1,64,0,1,,,,,,1,1
canonical,CANONICAL — REPAIRED G2 OOF,5092,9151,adsorbate,zero_residual_v1,64,0,1,,,,,,1,1
canonical,CANONICAL — REPAIRED G2 OOF,5093,9152,adsorbate,zero_residual_v1,64,0,1,,,,,,1,1
canonical,CANONICAL — REPAIRED G2 OOF,5094,9153,adsorbate,zero_residual_v1,64,0,1,,,,,,1,1
canonical,CANONICAL — REPAIRED G2 OOF,5095,9154,interstitial,zero_residual_v1,64,0,1,,,,,,1,1
canonical,CANONICAL — REPAIRED G2 OOF,5096,9155,interstitial,zero_residual_v1,64,0,1,,,,,,1,1
canonical,CANONICAL — REPAIRED G2 OOF,5097,9159,interstitial,zero_residual_v1,64,0,1,,,,,,1,1
canonical,CANONICAL — REPAIRED G2 OOF,5098,9161,interstitial,zero_residual_v1,64,0,1,,,,,,1,1
canonical,CANONICAL — REPAIRED G2 OOF,5099,9162,adsorbate,zero_residual_v1,64,0,1,,,,,,1,1
canonical,CANONICAL — REPAIRED G2 OOF,5100,9165,adsorbate,zero_residual_v1,64,0,1,,,,,,1,1
canonical,CANONICAL — REPAIRED G2 OOF,5101,9166,adsorbate,zero_residual_v1,64,0,1,,,,,,1,1
canonical,CANONICAL — REPAIRED G2 OOF,5102,9171,adsorbate,zero_residual_v1,64,0,1,,,,,,1,1
canonical,CANONICAL — REPAIRED G2 OOF,5103,9173,adsorbate,zero_residual_v1,64,0,1,,,,,,1,1
canonical,CANONICAL — REPAIRED G2 OOF,5104,9175,adsorbate,zero_residual_v1,64,0,1,,,,,,1,1
canonical,CANONICAL — REPAIRED G2 OOF,5105,9176,interstitial,zero_residual_v1,64,0,1,,,,,,1,1
canonical,CANONICAL — REPAIRED G2 OOF,5106,9179,interstitial,zero_residual_v1,64,0,1,,,,,,1,1
canonical,CANONICAL — REPAIRED G2 OOF,5107,9181,adsorbate,zero_residual_v1,64,0,1,,,,,,1,1
canonical,CANONICAL — REPAIRED G2 OOF,5108,9185,adsorbate,zero_residual_v1,64,0,1,,,,,,1,1
canonical,CANONICAL — REPAIRED G2 OOF,5109,9186,adsorbate,zero_residual_v1,64,0,1,,,,,,1,1
canonical,CANONICAL — REPAIRED G2 OOF,5110,9188,interstitial,zero_residual_v1,64,0,1,,,,,,1,1
canonical,CANONICAL — REPAIRED G2 OOF,5111,9189,adsorbate,zero_residual_v1,64,0,1,,,,,,1,1
canonical,CANONICAL — REPAIRED G2 OOF,5112,9191,interstitial,zero_residual_v1,64,0,1,,,,,,1,1
canonical,CANONICAL — REPAIRED G2 OOF,5113,9193,adsorbate,zero_residual_v1,64,0,1,,,,,,1,1
canonical,CANONICAL — REPAIRED G2 OOF,5114,9194,interstitial,zero_residual_v1,64,0,1,,,,,,1,1
canonical,CANONICAL — REPAIRED G2 OOF,5115,9197,interstitial,zero_residual_v1,64,0,1,,,,,,1,1
canonical,CANONICAL — REPAIRED G2 OOF,5116,9198,adsorbate,zero_residual_v1,64,0,1,,,,,,1,1
canonical,CANONICAL — REPAIRED G2 OOF,5117,9199,adsorbate,zero_residual_v1,64,0,1,,,,,,1,1
canonical,CANONICAL — REPAIRED G2 OOF,5118,9200,interstitial,zero_residual_v1,64,0,1,,,,,,1,1
canonical,CANONICAL — REPAIRED G2 OOF,5119,9201,interstitial,zero_residual_v1,64,0,1,,,,,,1,1
canonical,CANONICAL — REPAIRED G2 OOF,5120,9202,adsorbate,zero_residual_v1,64,0,1,,,,,,1,1
canonical,CANONICAL — REPAIRED G2 OOF,5121,9203,adsorbate,zero_residual_v1,64,0,1,,,,,,1,1
canonical,CANONICAL — REPAIRED G2 OOF,5122,9206,interstitial,zero_residual_v1,64,0,1,,,,,,1,1
canonical,CANONICAL — REPAIRED G2 OOF,5123,9207,interstitial,zero_residual_v1,64,0,1,,,,,,1,1
canonical,CANONICAL — REPAIRED G2 OOF,5124,9208,interstitial,zero_residual_v1,64,0,1,,,,,,1,1
canonical,CANONICAL — REPAIRED G2 OOF,5125,9209,adsorbate,zero_residual_v1,64,0,1,,,,,,1,1
canonical,CANONICAL — REPAIRED G2 OOF,5126,9210,adsorbate,zero_residual_v1,64,0,1,,,,,,1,1
canonical,CANONICAL — REPAIRED G2 OOF,5127,9211,interstitial,zero_residual_v1,64,0,1,,,,,,1,1
canonical,CANONICAL — REPAIRED G2 OOF,5128,9213,interstitial,zero_residual_v1,64,0,1,,,,,,1,1
canonical,CANONICAL — REPAIRED G2 OOF,5129,9214,interstitial,zero_residual_v1,64,0,1,,,,,,1,1
canonical,CANONICAL — REPAIRED G2 OOF,5130,9215,adsorbate,zero_residual_v1,64,0,1,,,,,,1,1
canonical,CANONICAL — REPAIRED G2 OOF,5132,9217,adsorbate,zero_residual_v1,64,0,1,,,,,,1,1
canonical,CANONICAL — REPAIRED G2 OOF,5133,9219,adsorbate,zero_residual_v1,64,0,1,,,,,,1,1
canonical,CANONICAL — REPAIRED G2 OOF,5134,9220,interstitial,zero_residual_v1,64,0,1,,,,,,1,1
canonical,CANONICAL — REPAIRED G2 OOF,5135,9223,interstitial,zero_residual_v1,64,0,1,,,,,,1,1
canonical,CANONICAL — REPAIRED G2 OOF,5136,9224,interstitial,zero_residual_v1,64,0,1,,,,,,1,1
canonical,CANONICAL — REPAIRED G2 OOF,5137,9225,adsorbate,zero_residual_v1,64,0,1,,,,,,1,1
canonical,CANONICAL — REPAIRED G2 OOF,5138,9227,adsorbate,zero_residual_v1,64,0,1,,,,,,1,1
canonical,CANONICAL — REPAIRED G2 OOF,5139,9229,interstitial,zero_residual_v1,64,0,1,,,,,,1,1
canonical,CANONICAL — REPAIRED G2 OOF,5140,9230,adsorbate,zero_residual_v1,64,0,1,,,,,,1,1
canonical,CANONICAL — REPAIRED G2 OOF,5141,9233,adsorbate,zero_residual_v1,64,0,1,,,,,,1,1
canonical,CANONICAL — REPAIRED G2 OOF,5142,9234,adsorbate,zero_residual_v1,64,0,1,,,,,,1,1
canonical,CANONICAL — REPAIRED G2 OOF,5143,9235,interstitial,zero_residual_v1,64,0,1,,,,,,1,1
canonical,CANONICAL — REPAIRED G2 OOF,5144,9236,interstitial,zero_residual_v1,64,0,1,,,,,,1,1
canonical,CANONICAL — REPAIRED G2 OOF,5145,9237,adsorbate,zero_residual_v1,64,0,1,,,,,,1,1
canonical,CANONICAL — REPAIRED G2 OOF,5146,9238,adsorbate,zero_residual_v1,64,0,1,,,,,,1,1
canonical,CANONICAL — REPAIRED G2 OOF,5147,9240,adsorbate,zero_residual_v1,64,0,1,,,,,,1,1
canonical,CANONICAL — REPAIRED G2 OOF,5148,9241,adsorbate,zero_residual_v1,64,0,1,,,,,,1,1
canonical,CANONICAL — REPAIRED G2 OOF,5149,9242,adsorbate,zero_residual_v1,64,0,1,,,,,,1,1
canonical,CANONICAL — REPAIRED G2 OOF,5150,9244,interstitial,zero_residual_v1,64,0,1,,,,,,1,1
canonical,CANONICAL — REPAIRED G2 OOF,5151,9246,interstitial,zero_residual_v1,64,0,1,,,,,,1,1
canonical,CANONICAL — REPAIRED G2 OOF,5152,9248,interstitial,zero_residual_v1,64,0,1,,,,,,1,1
canonical,CANONICAL — REPAIRED G2 OOF,5153,9249,interstitial,zero_residual_v1,64,0,1,,,,,,1,1
canonical,CANONICAL — REPAIRED G2 OOF,5154,9251,interstitial,zero_residual_v1,64,0,1,,,,,,1,1
canonical,CANONICAL — REPAIRED G2 OOF,5155,9252,adsorbate,zero_residual_v1,64,0,1,,,,,,1,1
canonical,CANONICAL — REPAIRED G2 OOF,5156,9258,adsorbate,zero_residual_v1,64,0,1,,,,,,1,1
canonical,CANONICAL — REPAIRED G2 OOF,5157,9259,interstitial,zero_residual_v1,64,0,1,,,,,,1,1
canonical,CANONICAL — REPAIRED G2 OOF,5158,9261,adsorbate,zero_residual_v1,64,0,1,,,,,,1,1
canonical,CANONICAL — REPAIRED G2 OOF,5159,9262,adsorbate,zero_residual_v1,64,0,1,,,,,,1,1
canonical,CANONICAL — REPAIRED G2 OOF,5160,9263,interstitial,zero_residual_v1,64,0,1,,,,,,1,1
canonical,CANONICAL — REPAIRED G2 OOF,5161,9264,adsorbate,zero_residual_v1,64,0,1,,,,,,1,1
canonical,CANONICAL — REPAIRED G2 OOF,5162,9266,interstitial,zero_residual_v1,64,0,1,,,,,,1,1
canonical,CANONICAL — REPAIRED G2 OOF,5163,9267,adsorbate,zero_residual_v1,64,0,1,,,,,,1,1
canonical,CANONICAL — REPAIRED G2 OOF,5164,9268,adsorbate,zero_residual_v1,64,0,1,,,,,,1,1
canonical,CANONICAL — REPAIRED G2 OOF,5165,9269,adsorbate,zero_residual_v1,64,0,1,,,,,,1,1
canonical,CANONICAL — REPAIRED G2 OOF,5166,9271,adsorbate,zero_residual_v1,64,0,1,,,,,,1,1
canonical,CANONICAL — REPAIRED G2 OOF,5167,9272,adsorbate,zero_residual_v1,64,0,1,,,,,,1,1
canonical,CANONICAL — REPAIRED G2 OOF,5168,9274,adsorbate,zero_residual_v1,64,0,1,,,,,,1,1
canonical,CANONICAL — REPAIRED G2 OOF,5169,9275,adsorbate,zero_residual_v1,64,0,1,,,,,,1,1
canonical,CANONICAL — REPAIRED G2 OOF,5170,9278,adsorbate,zero_residual_v1,64,0,1,,,,,,1,1
canonical,CANONICAL — REPAIRED G2 OOF,5171,9281,interstitial,zero_residual_v1,64,0,1,,,,,,1,1
canonical,CANONICAL — REPAIRED G2 OOF,5172,9283,interstitial,zero_residual_v1,64,0,1,,,,,,1,1
canonical,CANONICAL — REPAIRED G2 OOF,5173,9284,adsorbate,zero_residual_v1,64,0,1,,,,,,1,1
canonical,CANONICAL — REPAIRED G2 OOF,5174,9285,interstitial,zero_residual_v1,64,0,1,,,,,,1,1
canonical,CANONICAL — REPAIRED G2 OOF,5175,9287,interstitial,zero_residual_v1,64,0,1,,,,,,1,1
canonical,CANONICAL — REPAIRED G2 OOF,5176,9288,interstitial,zero_residual_v1,64,0,1,,,,,,1,1
canonical,CANONICAL — REPAIRED G2 OOF,5177,9289,adsorbate,zero_residual_v1,64,0,1,,,,,,1,1
canonical,CANONICAL — REPAIRED G2 OOF,5178,9294,interstitial,zero_residual_v1,64,0,1,,,,,,1,1
canonical,CANONICAL — REPAIRED G2 OOF,5179,9295,adsorbate,zero_residual_v1,64,0,1,,,,,,1,1
canonical,CANONICAL — REPAIRED G2 OOF,5180,9296,adsorbate,zero_residual_v1,64,0,1,,,,,,1,1
canonical,CANONICAL — REPAIRED G2 OOF,5181,9297,adsorbate,zero_residual_v1,64,0,1,,,,,,1,1
canonical,CANONICAL — REPAIRED G2 OOF,5182,9300,adsorbate,zero_residual_v1,64,0,1,,,,,,1,1
canonical,CANONICAL — REPAIRED G2 OOF,5183,9301,interstitial,zero_residual_v1,64,0,1,,,,,,1,1
canonical,CANONICAL — REPAIRED G2 OOF,5184,9302,interstitial,zero_residual_v1,64,0,1,,,,,,1,1
canonical,CANONICAL — REPAIRED G2 OOF,5185,9304,interstitial,zero_residual_v1,64,0,1,,,,,,1,1
canonical,CANONICAL — REPAIRED G2 OOF,5186,9305,adsorbate,zero_residual_v1,64,0,1,,,,,,1,1
canonical,CANONICAL — REPAIRED G2 OOF,5187,9306,adsorbate,zero_residual_v1,64,0,1,,,,,,1,1
canonical,CANONICAL — REPAIRED G2 OOF,5188,9307,interstitial,zero_residual_v1,64,0,1,,,,,,1,1
canonical,CANONICAL — REPAIRED G2 OOF,5189,9308,adsorbate,zero_residual_v1,64,0,1,,,,,,1,1
canonical,CANONICAL — REPAIRED G2 OOF,5190,9310,adsorbate,zero_residual_v1,64,0,1,,,,,,1,1
canonical,CANONICAL — REPAIRED G2 OOF,5191,9311,adsorbate,zero_residual_v1,64,0,1,,,,,,1,1
canonical,CANONICAL — REPAIRED G2 OOF,5192,9313,adsorbate,zero_residual_v1,64,0,1,,,,,,1,1
canonical,CANONICAL — REPAIRED G2 OOF,5193,9316,adsorbate,zero_residual_v1,64,0,1,,,,,,1,1
canonical,CANONICAL — REPAIRED G2 OOF,5194,9318,interstitial,zero_residual_v1,64,0,1,,,,,,1,1
canonical,CANONICAL — REPAIRED G2 OOF,5195,9319,interstitial,zero_residual_v1,64,0,1,,,,,,1,1
canonical,CANONICAL — REPAIRED G2 OOF,5196,9322,interstitial,zero_residual_v1,64,0,1,,,,,,1,1
canonical,CANONICAL — REPAIRED G2 OOF,5197,9323,adsorbate,zero_residual_v1,64,0,1,,,,,,1,1
canonical,CANONICAL — REPAIRED G2 OOF,5198,9326,interstitial,zero_residual_v1,64,0,1,,,,,,1,1
canonical,CANONICAL — REPAIRED G2 OOF,5199,9327,adsorbate,zero_residual_v1,64,0,1,,,,,,1,1
canonical,CANONICAL — REPAIRED G2 OOF,5200,9328,adsorbate,zero_residual_v1,64,0,1,,,,,,1,1
canonical,CANONICAL — REPAIRED G2 OOF,5201,9333,interstitial,zero_residual_v1,64,0,1,,,,,,1,1
canonical,CANONICAL — REPAIRED G2 OOF,5202,9334,interstitial,zero_residual_v1,64,0,1,,,,,,1,1
canonical,CANONICAL — REPAIRED G2 OOF,5203,9335,adsorbate,zero_residual_v1,64,0,1,,,,,,1,1
canonical,CANONICAL — REPAIRED G2 OOF,5204,9336,adsorbate,zero_residual_v1,64,0,1,,,,,,1,1
canonical,CANONICAL — REPAIRED G2 OOF,5205,9337,adsorbate,zero_residual_v1,64,0,1,,,,,,1,1
canonical,CANONICAL — REPAIRED G2 OOF,5206,9338,adsorbate,zero_residual_v1,64,0,1,,,,,,1,1
canonical,CANONICAL — REPAIRED G2 OOF,5207,9339,adsorbate,zero_residual_v1,64,0,1,,,,,,1,1
canonical,CANONICAL — REPAIRED G2 OOF,5208,9340,interstitial,zero_residual_v1,64,0,1,,,,,,1,1
canonical,CANONICAL — REPAIRED G2 OOF,5209,9341,adsorbate,zero_residual_v1,64,0,1,,,,,,1,1
canonical,CANONICAL — REPAIRED G2 OOF,5210,9344,adsorbate,zero_residual_v1,64,0,1,,,,,,1,1
canonical,CANONICAL — REPAIRED G2 OOF,5212,9349,adsorbate,zero_residual_v1,64,0,1,,,,,,1,1
canonical,CANONICAL — REPAIRED G2 OOF,5213,9351,adsorbate,zero_residual_v1,64,0,1,,,,,,1,1
canonical,CANONICAL — REPAIRED G2 OOF,5214,9353,interstitial,zero_residual_v1,64,0,1,,,,,,1,1
canonical,CANONICAL — REPAIRED G2 OOF,5215,9354,interstitial,zero_residual_v1,64,0,1,,,,,,1,1
canonical,CANONICAL — REPAIRED G2 OOF,5216,9355,adsorbate,zero_residual_v1,64,0,1,,,,,,1,1
canonical,CANONICAL — REPAIRED G2 OOF,5217,9356,adsorbate,zero_residual_v1,64,0,1,,,,,,1,1
canonical,CANONICAL — REPAIRED G2 OOF,5218,9357,adsorbate,zero_residual_v1,64,0,1,,,,,,1,1
canonical,CANONICAL — REPAIRED G2 OOF,5219,9358,adsorbate,zero_residual_v1,64,0,1,,,,,,1,1
canonical,CANONICAL — REPAIRED G2 OOF,5220,9359,interstitial,zero_residual_v1,64,0,1,,,,,,1,1
canonical,CANONICAL — REPAIRED G2 OOF,5221,9361,adsorbate,zero_residual_v1,64,0,1,,,,,,1,1
canonical,CANONICAL — REPAIRED G2 OOF,5222,9362,adsorbate,zero_residual_v1,64,0,1,,,,,,1,1
canonical,CANONICAL — REPAIRED G2 OOF,5223,9363,interstitial,zero_residual_v1,64,0,1,,,,,,1,1
canonical,CANONICAL — REPAIRED G2 OOF,5224,9364,interstitial,zero_residual_v1,64,0,1,,,,,,1,1
canonical,CANONICAL — REPAIRED G2 OOF,5225,9366,interstitial,zero_residual_v1,64,0,1,,,,,,1,1
canonical,CANONICAL — REPAIRED G2 OOF,5226,9368,interstitial,zero_residual_v1,64,0,1,,,,,,1,1
canonical,CANONICAL — REPAIRED G2 OOF,5227,9369,interstitial,zero_residual_v1,64,0,1,,,,,,1,1
canonical,CANONICAL — REPAIRED G2 OOF,5228,9370,adsorbate,zero_residual_v1,64,0,1,,,,,,1,1
canonical,CANONICAL — REPAIRED G2 OOF,5229,9371,adsorbate,zero_residual_v1,64,0,1,,,,,,1,1
canonical,CANONICAL — REPAIRED G2 OOF,5230,9372,adsorbate,zero_residual_v1,64,0,1,,,,,,1,1
canonical,CANONICAL — REPAIRED G2 OOF,5231,9373,adsorbate,zero_residual_v1,64,0,1,,,,,,1,1
canonical,CANONICAL — REPAIRED G2 OOF,5232,9374,adsorbate,zero_residual_v1,64,0,1,,,,,,1,1
canonical,CANONICAL — REPAIRED G2 OOF,5233,9377,interstitial,zero_residual_v1,64,0,1,,,,,,1,1
canonical,CANONICAL — REPAIRED G2 OOF,5234,9378,interstitial,zero_residual_v1,64,0,1,,,,,,1,1
canonical,CANONICAL — REPAIRED G2 OOF,5235,9379,adsorbate,zero_residual_v1,64,0,1,,,,,,1,1
canonical,CANONICAL — REPAIRED G2 OOF,5237,9381,adsorbate,zero_residual_v1,64,0,1,,,,,,1,1
canonical,CANONICAL — REPAIRED G2 OOF,5238,9382,interstitial,zero_residual_v1,64,0,1,,,,,,1,1
canonical,CANONICAL — REPAIRED G2 OOF,5239,9383,interstitial,zero_residual_v1,64,0,1,,,,,,1,1
canonical,CANONICAL — REPAIRED G2 OOF,5240,9384,interstitial,zero_residual_v1,64,0,1,,,,,,1,1
canonical,CANONICAL — REPAIRED G2 OOF,5241,9385,adsorbate,zero_residual_v1,64,0,1,,,,,,1,1
canonical,CANONICAL — REPAIRED G2 OOF,5242,9386,adsorbate,zero_residual_v1,64,0,1,,,,,,1,1
canonical,CANONICAL — REPAIRED G2 OOF,5243,9387,adsorbate,zero_residual_v1,64,0,1,,,,,,1,1
canonical,CANONICAL — REPAIRED G2 OOF,5244,9388,interstitial,zero_residual_v1,64,0,1,,,,,,1,1
canonical,CANONICAL — REPAIRED G2 OOF,5245,9391,adsorbate,zero_residual_v1,64,0,1,,,,,,1,1
canonical,CANONICAL — REPAIRED G2 OOF,5246,9396,adsorbate,zero_residual_v1,64,0,1,,,,,,1,1
canonical,CANONICAL — REPAIRED G2 OOF,5247,9399,adsorbate,zero_residual_v1,64,0,1,,,,,,1,1
canonical,CANONICAL — REPAIRED G2 OOF,5248,9400,interstitial,zero_residual_v1,64,0,1,,,,,,1,1
canonical,CANONICAL — REPAIRED G2 OOF,5249,9402,adsorbate,zero_residual_v1,64,0,1,,,,,,1,1
canonical,CANONICAL — REPAIRED G2 OOF,5250,9403,adsorbate,zero_residual_v1,64,0,1,,,,,,1,1
canonical,CANONICAL — REPAIRED G2 OOF,5251,9404,adsorbate,zero_residual_v1,64,0,1,,,,,,1,1
canonical,CANONICAL — REPAIRED G2 OOF,5252,9406,adsorbate,zero_residual_v1,64,0,1,,,,,,1,1
canonical,CANONICAL — REPAIRED G2 OOF,5253,9408,adsorbate,zero_residual_v1,64,0,1,,,,,,1,1
canonical,CANONICAL — REPAIRED G2 OOF,5254,9409,adsorbate,zero_residual_v1,64,0,1,,,,,,1,1
canonical,CANONICAL — REPAIRED G2 OOF,5255,9410,interstitial,zero_residual_v1,64,0,1,,,,,,1,1
canonical,CANONICAL — REPAIRED G2 OOF,5256,9411,adsorbate,zero_residual_v1,64,0,1,,,,,,1,1
canonical,CANONICAL — REPAIRED G2 OOF,5257,9412,interstitial,zero_residual_v1,64,0,1,,,,,,1,1
canonical,CANONICAL — REPAIRED G2 OOF,5258,9413,adsorbate,zero_residual_v1,64,0,1,,,,,,1,1
canonical,CANONICAL — REPAIRED G2 OOF,5259,9414,adsorbate,zero_residual_v1,64,0,1,,,,,,1,1
canonical,CANONICAL — REPAIRED G2 OOF,5260,9415,adsorbate,zero_residual_v1,64,0,1,,,,,,1,1
canonical,CANONICAL — REPAIRED G2 OOF,5261,9417,adsorbate,zero_residual_v1,64,0,1,,,,,,1,1
canonical,CANONICAL — REPAIRED G2 OOF,5262,9418,adsorbate,zero_residual_v1,64,0,1,,,,,,1,1
canonical,CANONICAL — REPAIRED G2 OOF,5263,9419,adsorbate,zero_residual_v1,64,0,1,,,,,,1,1
canonical,CANONICAL — REPAIRED G2 OOF,5264,9420,adsorbate,zero_residual_v1,64,0,1,,,,,,1,1
canonical,CANONICAL — REPAIRED G2 OOF,5265,9421,interstitial,zero_residual_v1,64,0,1,,,,,,1,1
canonical,CANONICAL — REPAIRED G2 OOF,5266,9422,interstitial,zero_residual_v1,64,0,1,,,,,,1,1
canonical,CANONICAL — REPAIRED G2 OOF,5267,9425,interstitial,zero_residual_v1,64,0,1,,,,,,1,1
canonical,CANONICAL — REPAIRED G2 OOF,5268,9426,interstitial,zero_residual_v1,64,0,1,,,,,,1,1
canonical,CANONICAL — REPAIRED G2 OOF,5269,9429,adsorbate,zero_residual_v1,64,0,1,,,,,,1,1
canonical,CANONICAL — REPAIRED G2 OOF,5270,9432,adsorbate,zero_residual_v1,64,0,1,,,,,,1,1
canonical,CANONICAL — REPAIRED G2 OOF,5271,9433,adsorbate,zero_residual_v1,64,0,1,,,,,,1,1
canonical,CANONICAL — REPAIRED G2 OOF,5272,9434,adsorbate,zero_residual_v1,64,0,1,,,,,,1,1
canonical,CANONICAL — REPAIRED G2 OOF,5273,9436,adsorbate,zero_residual_v1,64,0,1,,,,,,1,1
canonical,CANONICAL — REPAIRED G2 OOF,5274,9437,adsorbate,zero_residual_v1,64,0,1,,,,,,1,1
canonical,CANONICAL — REPAIRED G2 OOF,5275,9438,adsorbate,zero_residual_v1,64,0,1,,,,,,1,1
canonical,CANONICAL — REPAIRED G2 OOF,5276,9439,adsorbate,zero_residual_v1,64,0,1,,,,,,1,1
canonical,CANONICAL — REPAIRED G2 OOF,5277,9442,adsorbate,zero_residual_v1,64,0,1,,,,,,1,1
canonical,CANONICAL — REPAIRED G2 OOF,5278,9443,adsorbate,zero_residual_v1,64,0,1,,,,,,1,1
canonical,CANONICAL — REPAIRED G2 OOF,5279,9445,interstitial,zero_residual_v1,64,0,1,,,,,,1,1
canonical,CANONICAL — REPAIRED G2 OOF,5280,9446,adsorbate,zero_residual_v1,64,0,1,,,,,,1,1
canonical,CANONICAL — REPAIRED G2 OOF,5281,9447,adsorbate,zero_residual_v1,64,0,1,,,,,,1,1
canonical,CANONICAL — REPAIRED G2 OOF,5282,9448,adsorbate,zero_residual_v1,64,0,1,,,,,,1,1
canonical,CANONICAL — REPAIRED G2 OOF,5283,9449,adsorbate,zero_residual_v1,64,0,1,,,,,,1,1
canonical,CANONICAL — REPAIRED G2 OOF,5284,9450,interstitial,zero_residual_v1,64,0,1,,,,,,1,1
canonical,CANONICAL — REPAIRED G2 OOF,5285,9451,adsorbate,zero_residual_v1,64,0,1,,,,,,1,1
canonical,CANONICAL — REPAIRED G2 OOF,5286,9453,interstitial,zero_residual_v1,64,0,1,,,,,,1,1
canonical,CANONICAL — REPAIRED G2 OOF,5287,9455,interstitial,zero_residual_v1,64,0,1,,,,,,1,1
canonical,CANONICAL — REPAIRED G2 OOF,5288,9456,interstitial,zero_residual_v1,64,0,1,,,,,,1,1
canonical,CANONICAL — REPAIRED G2 OOF,5289,9458,adsorbate,zero_residual_v1,64,0,1,,,,,,1,1
canonical,CANONICAL — REPAIRED G2 OOF,5290,9459,adsorbate,zero_residual_v1,64,0,1,,,,,,1,1
canonical,CANONICAL — REPAIRED G2 OOF,5291,9461,interstitial,zero_residual_v1,64,0,1,,,,,,1,1
canonical,CANONICAL — REPAIRED G2 OOF,5292,9462,adsorbate,zero_residual_v1,64,0,1,,,,,,1,1
canonical,CANONICAL — REPAIRED G2 OOF,5293,9463,interstitial,zero_residual_v1,64,0,1,,,,,,1,1
canonical,CANONICAL — REPAIRED G2 OOF,5294,9466,adsorbate,zero_residual_v1,64,0,1,,,,,,1,1
canonical,CANONICAL — REPAIRED G2 OOF,5295,9467,adsorbate,zero_residual_v1,64,0,1,,,,,,1,1
canonical,CANONICAL — REPAIRED G2 OOF,5296,9468,adsorbate,zero_residual_v1,64,0,1,,,,,,1,1
canonical,CANONICAL — REPAIRED G2 OOF,5297,9472,interstitial,zero_residual_v1,64,0,1,,,,,,1,1
canonical,CANONICAL — REPAIRED G2 OOF,5298,9474,adsorbate,zero_residual_v1,64,0,1,,,,,,1,1
canonical,CANONICAL — REPAIRED G2 OOF,5299,9475,interstitial,zero_residual_v1,64,0,1,,,,,,1,1
canonical,CANONICAL — REPAIRED G2 OOF,5300,9481,adsorbate,zero_residual_v1,64,0,1,,,,,,1,1
canonical,CANONICAL — REPAIRED G2 OOF,5301,9482,interstitial,zero_residual_v1,64,0,1,,,,,,1,1
canonical,CANONICAL — REPAIRED G2 OOF,5302,9483,adsorbate,zero_residual_v1,64,0,1,,,,,,1,1
canonical,CANONICAL — REPAIRED G2 OOF,5303,9486,adsorbate,zero_residual_v1,64,0,1,,,,,,1,1
canonical,CANONICAL — REPAIRED G2 OOF,5304,9493,adsorbate,zero_residual_v1,64,0,1,,,,,,1,1
canonical,CANONICAL — REPAIRED G2 OOF,5305,9494,adsorbate,zero_residual_v1,64,0,1,,,,,,1,1
canonical,CANONICAL — REPAIRED G2 OOF,5306,9495,adsorbate,zero_residual_v1,64,0,1,,,,,,1,1
canonical,CANONICAL — REPAIRED G2 OOF,5307,9496,adsorbate,zero_residual_v1,64,0,1,,,,,,1,1
canonical,CANONICAL — REPAIRED G2 OOF,5308,9497,interstitial,zero_residual_v1,64,0,1,,,,,,1,1
canonical,CANONICAL — REPAIRED G2 OOF,5309,9500,adsorbate,zero_residual_v1,64,0,1,,,,,,1,1
canonical,CANONICAL — REPAIRED G2 OOF,5310,9501,interstitial,zero_residual_v1,64,0,1,,,,,,1,1
canonical,CANONICAL — REPAIRED G2 OOF,5311,9504,adsorbate,zero_residual_v1,64,0,1,,,,,,1,1
canonical,CANONICAL — REPAIRED G2 OOF,5312,9506,adsorbate,zero_residual_v1,64,0,1,,,,,,1,1
canonical,CANONICAL — REPAIRED G2 OOF,5313,9509,adsorbate,zero_residual_v1,64,0,1,,,,,,1,1
canonical,CANONICAL — REPAIRED G2 OOF,5314,9510,interstitial,zero_residual_v1,64,0,1,,,,,,1,1
canonical,CANONICAL — REPAIRED G2 OOF,5315,9512,interstitial,zero_residual_v1,64,0,1,,,,,,1,1
canonical,CANONICAL — REPAIRED G2 OOF,5316,9514,adsorbate,zero_residual_v1,64,0,1,,,,,,1,1
canonical,CANONICAL — REPAIRED G2 OOF,5317,9515,adsorbate,zero_residual_v1,64,0,1,,,,,,1,1
canonical,CANONICAL — REPAIRED G2 OOF,5318,9516,interstitial,zero_residual_v1,64,0,1,,,,,,1,1
canonical,CANONICAL — REPAIRED G2 OOF,5319,9517,interstitial,zero_residual_v1,64,0,1,,,,,,1,1
canonical,CANONICAL — REPAIRED G2 OOF,5320,9519,adsorbate,zero_residual_v1,64,0,1,,,,,,1,1
canonical,CANONICAL — REPAIRED G2 OOF,5321,9520,adsorbate,zero_residual_v1,64,0,1,,,,,,1,1
canonical,CANONICAL — REPAIRED G2 OOF,5322,9523,adsorbate,zero_residual_v1,64,0,1,,,,,,1,1
canonical,CANONICAL — REPAIRED G2 OOF,5323,9524,interstitial,zero_residual_v1,64,0,1,,,,,,1,1
canonical,CANONICAL — REPAIRED G2 OOF,5324,9525,adsorbate,zero_residual_v1,64,0,1,,,,,,1,1
canonical,CANONICAL — REPAIRED G2 OOF,5325,9527,adsorbate,zero_residual_v1,64,0,1,,,,,,1,1
canonical,CANONICAL — REPAIRED G2 OOF,5326,9528,adsorbate,zero_residual_v1,64,0,1,,,,,,1,1
canonical,CANONICAL — REPAIRED G2 OOF,5327,9529,adsorbate,zero_residual_v1,64,0,1,,,,,,1,1
canonical,CANONICAL — REPAIRED G2 OOF,5328,9536,interstitial,zero_residual_v1,64,0,1,,,,,,1,1
canonical,CANONICAL — REPAIRED G2 OOF,5329,9538,adsorbate,zero_residual_v1,64,0,1,,,,,,1,1
canonical,CANONICAL — REPAIRED G2 OOF,5330,9539,interstitial,zero_residual_v1,64,0,1,,,,,,1,1
canonical,CANONICAL — REPAIRED G2 OOF,5331,9542,adsorbate,zero_residual_v1,64,0,1,,,,,,1,1
canonical,CANONICAL — REPAIRED G2 OOF,5332,9543,interstitial,zero_residual_v1,64,0,1,,,,,,1,1
canonical,CANONICAL — REPAIRED G2 OOF,5333,9544,adsorbate,zero_residual_v1,64,0,1,,,,,,1,1
canonical,CANONICAL — REPAIRED G2 OOF,5334,9545,adsorbate,zero_residual_v1,64,0,1,,,,,,1,1
canonical,CANONICAL — REPAIRED G2 OOF,5335,9549,adsorbate,zero_residual_v1,64,0,1,,,,,,1,1
canonical,CANONICAL — REPAIRED G2 OOF,5336,9550,adsorbate,zero_residual_v1,64,0,1,,,,,,1,1
canonical,CANONICAL — REPAIRED G2 OOF,5337,9553,adsorbate,zero_residual_v1,64,0,1,,,,,,1,1
canonical,CANONICAL — REPAIRED G2 OOF,5338,9554,interstitial,zero_residual_v1,64,0,1,,,,,,1,1
canonical,CANONICAL — REPAIRED G2 OOF,5339,9555,interstitial,zero_residual_v1,64,0,1,,,,,,1,1
canonical,CANONICAL — REPAIRED G2 OOF,5341,9560,interstitial,zero_residual_v1,64,0,1,,,,,,1,1
canonical,CANONICAL — REPAIRED G2 OOF,5343,9564,interstitial,zero_residual_v1,64,0,1,,,,,,1,1
canonical,CANONICAL — REPAIRED G2 OOF,5344,9565,adsorbate,zero_residual_v1,64,0,1,,,,,,1,1
canonical,CANONICAL — REPAIRED G2 OOF,5345,9566,interstitial,zero_residual_v1,64,0,1,,,,,,1,1
canonical,CANONICAL — REPAIRED G2 OOF,5346,9567,adsorbate,zero_residual_v1,64,0,1,,,,,,1,1
canonical,CANONICAL — REPAIRED G2 OOF,5347,9570,interstitial,zero_residual_v1,64,0,1,,,,,,1,1
canonical,CANONICAL — REPAIRED G2 OOF,5348,9571,interstitial,zero_residual_v1,64,0,1,,,,,,1,1
canonical,CANONICAL — REPAIRED G2 OOF,5349,9573,interstitial,zero_residual_v1,64,0,1,,,,,,1,1
canonical,CANONICAL — REPAIRED G2 OOF,5350,9574,adsorbate,zero_residual_v1,64,0,1,,,,,,1,1
canonical,CANONICAL — REPAIRED G2 OOF,5351,9575,adsorbate,zero_residual_v1,64,0,1,,,,,,1,1
canonical,CANONICAL — REPAIRED G2 OOF,5352,9577,interstitial,zero_residual_v1,64,0,1,,,,,,1,1
canonical,CANONICAL — REPAIRED G2 OOF,5353,9578,interstitial,zero_residual_v1,64,0,1,,,,,,1,1
canonical,CANONICAL — REPAIRED G2 OOF,5354,9579,adsorbate,zero_residual_v1,64,0,1,,,,,,1,1
canonical,CANONICAL — REPAIRED G2 OOF,5355,9581,adsorbate,zero_residual_v1,64,0,1,,,,,,1,1
canonical,CANONICAL — REPAIRED G2 OOF,5356,9582,adsorbate,zero_residual_v1,64,0,1,,,,,,1,1
canonical,CANONICAL — REPAIRED G2 OOF,5357,9584,adsorbate,zero_residual_v1,64,0,1,,,,,,1,1
canonical,CANONICAL — REPAIRED G2 OOF,5358,9585,interstitial,zero_residual_v1,64,0,1,,,,,,1,1
canonical,CANONICAL — REPAIRED G2 OOF,5359,9586,adsorbate,zero_residual_v1,64,0,1,,,,,,1,1
canonical,CANONICAL — REPAIRED G2 OOF,5360,9588,adsorbate,zero_residual_v1,64,0,1,,,,,,1,1
canonical,CANONICAL — REPAIRED G2 OOF,5361,9589,interstitial,zero_residual_v1,64,0,1,,,,,,1,1
canonical,CANONICAL — REPAIRED G2 OOF,5362,9590,adsorbate,zero_residual_v1,64,0,1,,,,,,1,1
canonical,CANONICAL — REPAIRED G2 OOF,5363,9592,adsorbate,zero_residual_v1,64,0,1,,,,,,1,1
canonical,CANONICAL — REPAIRED G2 OOF,5364,9594,adsorbate,zero_residual_v1,64,0,1,,,,,,1,1
canonical,CANONICAL — REPAIRED G2 OOF,5365,9595,interstitial,zero_residual_v1,64,0,1,,,,,,1,1
canonical,CANONICAL — REPAIRED G2 OOF,5366,9597,interstitial,zero_residual_v1,64,0,1,,,,,,1,1
canonical,CANONICAL — REPAIRED G2 OOF,5367,9600,adsorbate,zero_residual_v1,64,0,1,,,,,,1,1
canonical,CANONICAL — REPAIRED G2 OOF,5368,9604,adsorbate,zero_residual_v1,64,0,1,,,,,,1,1
canonical,CANONICAL — REPAIRED G2 OOF,5369,9605,adsorbate,zero_residual_v1,64,0,1,,,,,,1,1
canonical,CANONICAL — REPAIRED G2 OOF,5370,9606,adsorbate,zero_residual_v1,64,0,1,,,,,,1,1
canonical,CANONICAL — REPAIRED G2 OOF,5371,9608,adsorbate,zero_residual_v1,64,0,1,,,,,,1,1
canonical,CANONICAL — REPAIRED G2 OOF,5373,9610,interstitial,zero_residual_v1,64,0,1,,,,,,1,1
canonical,CANONICAL — REPAIRED G2 OOF,5374,9611,interstitial,zero_residual_v1,64,0,1,,,,,,1,1
canonical,CANONICAL — REPAIRED G2 OOF,5375,9612,adsorbate,zero_residual_v1,64,0,1,,,,,,1,1
canonical,CANONICAL — REPAIRED G2 OOF,5376,9613,interstitial,zero_residual_v1,64,0,1,,,,,,1,1
canonical,CANONICAL — REPAIRED G2 OOF,5377,9614,interstitial,zero_residual_v1,64,0,1,,,,,,1,1
canonical,CANONICAL — REPAIRED G2 OOF,5378,9615,adsorbate,zero_residual_v1,64,0,1,,,,,,1,1
canonical,CANONICAL — REPAIRED G2 OOF,5379,9616,adsorbate,zero_residual_v1,64,0,1,,,,,,1,1
canonical,CANONICAL — REPAIRED G2 OOF,5380,9617,interstitial,zero_residual_v1,64,0,1,,,,,,1,1
canonical,CANONICAL — REPAIRED G2 OOF,5381,9619,adsorbate,zero_residual_v1,64,0,1,,,,,,1,1
canonical,CANONICAL — REPAIRED G2 OOF,5382,9621,adsorbate,zero_residual_v1,64,0,1,,,,,,1,1
canonical,CANONICAL — REPAIRED G2 OOF,5383,9623,interstitial,zero_residual_v1,64,0,1,,,,,,1,1
canonical,CANONICAL — REPAIRED G2 OOF,5384,9625,interstitial,zero_residual_v1,64,0,1,,,,,,1,1
canonical,CANONICAL — REPAIRED G2 OOF,5385,9626,adsorbate,zero_residual_v1,64,0,1,,,,,,1,1
canonical,CANONICAL — REPAIRED G2 OOF,5386,9627,interstitial,zero_residual_v1,64,0,1,,,,,,1,1
canonical,CANONICAL — REPAIRED G2 OOF,5387,9628,adsorbate,zero_residual_v1,64,0,1,,,,,,1,1
canonical,CANONICAL — REPAIRED G2 OOF,5388,9629,interstitial,zero_residual_v1,64,0,1,,,,,,1,1
canonical,CANONICAL — REPAIRED G2 OOF,5389,9631,adsorbate,zero_residual_v1,64,0,1,,,,,,1,1
canonical,CANONICAL — REPAIRED G2 OOF,5390,9633,adsorbate,zero_residual_v1,64,0,1,,,,,,1,1
canonical,CANONICAL — REPAIRED G2 OOF,5391,9634,adsorbate,zero_residual_v1,64,0,1,,,,,,1,1
canonical,CANONICAL — REPAIRED G2 OOF,5392,9636,interstitial,zero_residual_v1,64,0,1,,,,,,1,1
canonical,CANONICAL — REPAIRED G2 OOF,5393,9638,interstitial,zero_residual_v1,64,0,1,,,,,,1,1
canonical,CANONICAL — REPAIRED G2 OOF,5395,9642,interstitial,zero_residual_v1,64,0,1,,,,,,1,1
canonical,CANONICAL — REPAIRED G2 OOF,5396,9643,adsorbate,zero_residual_v1,64,0,1,,,,,,1,1
canonical,CANONICAL — REPAIRED G2 OOF,5397,9644,interstitial,zero_residual_v1,64,0,1,,,,,,1,1
canonical,CANONICAL — REPAIRED G2 OOF,5398,9645,interstitial,zero_residual_v1,64,0,1,,,,,,1,1
canonical,CANONICAL — REPAIRED G2 OOF,5399,9647,interstitial,zero_residual_v1,64,0,1,,,,,,1,1
canonical,CANONICAL — REPAIRED G2 OOF,5400,9649,adsorbate,zero_residual_v1,64,0,1,,,,,,1,1
canonical,CANONICAL — REPAIRED G2 OOF,5401,9650,interstitial,zero_residual_v1,64,0,1,,,,,,1,1
canonical,CANONICAL — REPAIRED G2 OOF,5402,9651,adsorbate,zero_residual_v1,64,0,1,,,,,,1,1
canonical,CANONICAL — REPAIRED G2 OOF,5403,9652,adsorbate,zero_residual_v1,64,0,1,,,,,,1,1
canonical,CANONICAL — REPAIRED G2 OOF,5404,9653,adsorbate,zero_residual_v1,64,0,1,,,,,,1,1
canonical,CANONICAL — REPAIRED G2 OOF,5405,9654,adsorbate,zero_residual_v1,64,0,1,,,,,,1,1
canonical,CANONICAL — REPAIRED G2 OOF,5406,9655,interstitial,zero_residual_v1,64,0,1,,,,,,1,1
canonical,CANONICAL — REPAIRED G2 OOF,5407,9656,adsorbate,zero_residual_v1,64,0,1,,,,,,1,1
canonical,CANONICAL — REPAIRED G2 OOF,5408,9657,adsorbate,zero_residual_v1,64,0,1,,,,,,1,1
canonical,CANONICAL — REPAIRED G2 OOF,5409,9658,adsorbate,zero_residual_v1,64,0,1,,,,,,1,1
canonical,CANONICAL — REPAIRED G2 OOF,5410,9660,adsorbate,zero_residual_v1,64,0,1,,,,,,1,1
canonical,CANONICAL — REPAIRED G2 OOF,5411,9661,interstitial,zero_residual_v1,64,0,1,,,,,,1,1
canonical,CANONICAL — REPAIRED G2 OOF,5412,9663,adsorbate,zero_residual_v1,64,0,1,,,,,,1,1
canonical,CANONICAL — REPAIRED G2 OOF,5413,9664,adsorbate,zero_residual_v1,64,0,1,,,,,,1,1
canonical,CANONICAL — REPAIRED G2 OOF,5414,9665,adsorbate,zero_residual_v1,64,0,1,,,,,,1,1
canonical,CANONICAL — REPAIRED G2 OOF,5415,9666,interstitial,zero_residual_v1,64,0,1,,,,,,1,1
canonical,CANONICAL — REPAIRED G2 OOF,5416,9667,adsorbate,zero_residual_v1,64,0,1,,,,,,1,1
canonical,CANONICAL — REPAIRED G2 OOF,5417,9669,adsorbate,zero_residual_v1,64,0,1,,,,,,1,1
canonical,CANONICAL — REPAIRED G2 OOF,5418,9670,adsorbate,zero_residual_v1,64,0,1,,,,,,1,1
canonical,CANONICAL — REPAIRED G2 OOF,5419,9672,interstitial,zero_residual_v1,64,0,1,,,,,,1,1
canonical,CANONICAL — REPAIRED G2 OOF,5420,9674,adsorbate,zero_residual_v1,64,0,1,,,,,,1,1
canonical,CANONICAL — REPAIRED G2 OOF,5421,9675,interstitial,zero_residual_v1,64,0,1,,,,,,1,1
canonical,CANONICAL — REPAIRED G2 OOF,5422,9678,adsorbate,zero_residual_v1,64,0,1,,,,,,1,1
canonical,CANONICAL — REPAIRED G2 OOF,5423,9679,adsorbate,zero_residual_v1,64,0,1,,,,,,1,1
canonical,CANONICAL — REPAIRED G2 OOF,5424,9681,adsorbate,zero_residual_v1,64,0,1,,,,,,1,1
canonical,CANONICAL — REPAIRED G2 OOF,5425,9683,adsorbate,zero_residual_v1,64,0,1,,,,,,1,1
canonical,CANONICAL — REPAIRED G2 OOF,5426,9685,adsorbate,zero_residual_v1,64,0,1,,,,,,1,1
canonical,CANONICAL — REPAIRED G2 OOF,5427,9686,adsorbate,zero_residual_v1,64,0,1,,,,,,1,1
canonical,CANONICAL — REPAIRED G2 OOF,5428,9688,adsorbate,zero_residual_v1,64,0,1,,,,,,1,1
canonical,CANONICAL — REPAIRED G2 OOF,5430,9691,interstitial,zero_residual_v1,64,0,1,,,,,,1,1
canonical,CANONICAL — REPAIRED G2 OOF,5431,9692,adsorbate,zero_residual_v1,64,0,1,,,,,,1,1
canonical,CANONICAL — REPAIRED G2 OOF,5432,9694,interstitial,zero_residual_v1,64,0,1,,,,,,1,1
canonical,CANONICAL — REPAIRED G2 OOF,5433,9695,interstitial,zero_residual_v1,64,0,1,,,,,,1,1
canonical,CANONICAL — REPAIRED G2 OOF,5434,9697,adsorbate,zero_residual_v1,64,0,1,,,,,,1,1
canonical,CANONICAL — REPAIRED G2 OOF,5436,9700,adsorbate,zero_residual_v1,64,0,1,,,,,,1,1
canonical,CANONICAL — REPAIRED G2 OOF,5437,9701,interstitial,zero_residual_v1,64,0,1,,,,,,1,1
canonical,CANONICAL — REPAIRED G2 OOF,5438,9702,interstitial,zero_residual_v1,64,0,1,,,,,,1,1
canonical,CANONICAL — REPAIRED G2 OOF,5439,9705,adsorbate,zero_residual_v1,64,0,1,,,,,,1,1
canonical,CANONICAL — REPAIRED G2 OOF,5440,9706,adsorbate,zero_residual_v1,64,0,1,,,,,,1,1
canonical,CANONICAL — REPAIRED G2 OOF,5441,9707,adsorbate,zero_residual_v1,64,0,1,,,,,,1,1
canonical,CANONICAL — REPAIRED G2 OOF,5442,9708,adsorbate,zero_residual_v1,64,0,1,,,,,,1,1
canonical,CANONICAL — REPAIRED G2 OOF,5443,9710,interstitial,zero_residual_v1,64,0,1,,,,,,1,1
canonical,CANONICAL — REPAIRED G2 OOF,5444,9712,interstitial,zero_residual_v1,64,0,1,,,,,,1,1
canonical,CANONICAL — REPAIRED G2 OOF,5445,9714,adsorbate,zero_residual_v1,64,0,1,,,,,,1,1
canonical,CANONICAL — REPAIRED G2 OOF,5446,9717,interstitial,zero_residual_v1,64,0,1,,,,,,1,1
canonical,CANONICAL — REPAIRED G2 OOF,5447,9718,adsorbate,zero_residual_v1,64,0,1,,,,,,1,1
canonical,CANONICAL — REPAIRED G2 OOF,5448,9720,interstitial,zero_residual_v1,64,0,1,,,,,,1,1
canonical,CANONICAL — REPAIRED G2 OOF,5449,9721,adsorbate,zero_residual_v1,64,0,1,,,,,,1,1
canonical,CANONICAL — REPAIRED G2 OOF,5450,9722,adsorbate,zero_residual_v1,64,0,1,,,,,,1,1
canonical,CANONICAL — REPAIRED G2 OOF,5451,9724,adsorbate,zero_residual_v1,64,0,1,,,,,,1,1
canonical,CANONICAL — REPAIRED G2 OOF,5452,9725,adsorbate,zero_residual_v1,64,0,1,,,,,,1,1
canonical,CANONICAL — REPAIRED G2 OOF,5453,9728,adsorbate,zero_residual_v1,64,0,1,,,,,,1,1
canonical,CANONICAL — REPAIRED G2 OOF,5454,9729,interstitial,zero_residual_v1,64,0,1,,,,,,1,1
canonical,CANONICAL — REPAIRED G2 OOF,5455,9730,interstitial,zero_residual_v1,64,0,1,,,,,,1,1
canonical,CANONICAL — REPAIRED G2 OOF,5456,9733,adsorbate,zero_residual_v1,64,0,1,,,,,,1,1
canonical,CANONICAL — REPAIRED G2 OOF,5457,9734,interstitial,zero_residual_v1,64,0,1,,,,,,1,1
canonical,CANONICAL — REPAIRED G2 OOF,5458,9735,adsorbate,zero_residual_v1,64,0,1,,,,,,1,1
canonical,CANONICAL — REPAIRED G2 OOF,5459,9736,adsorbate,zero_residual_v1,64,0,1,,,,,,1,1
canonical,CANONICAL — REPAIRED G2 OOF,5461,9738,adsorbate,zero_residual_v1,64,0,1,,,,,,1,1
canonical,CANONICAL — REPAIRED G2 OOF,5462,9742,interstitial,zero_residual_v1,64,0,1,,,,,,1,1
canonical,CANONICAL — REPAIRED G2 OOF,5463,9743,interstitial,zero_residual_v1,64,0,1,,,,,,1,1
canonical,CANONICAL — REPAIRED G2 OOF,5464,9744,adsorbate,zero_residual_v1,64,0,1,,,,,,1,1
canonical,CANONICAL — REPAIRED G2 OOF,5465,9745,interstitial,zero_residual_v1,64,0,1,,,,,,1,1
canonical,CANONICAL — REPAIRED G2 OOF,5466,9746,adsorbate,zero_residual_v1,64,0,1,,,,,,1,1
canonical,CANONICAL — REPAIRED G2 OOF,5467,9747,interstitial,zero_residual_v1,64,0,1,,,,,,1,1
canonical,CANONICAL — REPAIRED G2 OOF,5468,9748,adsorbate,zero_residual_v1,64,0,1,,,,,,1,1
canonical,CANONICAL — REPAIRED G2 OOF,5469,9749,adsorbate,zero_residual_v1,64,0,1,,,,,,1,1
canonical,CANONICAL — REPAIRED G2 OOF,5470,9753,interstitial,zero_residual_v1,64,0,1,,,,,,1,1
canonical,CANONICAL — REPAIRED G2 OOF,5471,9755,adsorbate,zero_residual_v1,64,0,1,,,,,,1,1
canonical,CANONICAL — REPAIRED G2 OOF,5472,9756,adsorbate,zero_residual_v1,64,0,1,,,,,,1,1
canonical,CANONICAL — REPAIRED G2 OOF,5473,9757,interstitial,zero_residual_v1,64,0,1,,,,,,1,1
canonical,CANONICAL — REPAIRED G2 OOF,5474,9759,adsorbate,zero_residual_v1,64,0,1,,,,,,1,1
canonical,CANONICAL — REPAIRED G2 OOF,5475,9760,adsorbate,zero_residual_v1,64,0,1,,,,,,1,1
canonical,CANONICAL — REPAIRED G2 OOF,5476,9761,interstitial,zero_residual_v1,64,0,1,,,,,,1,1
canonical,CANONICAL — REPAIRED G2 OOF,5477,9762,adsorbate,zero_residual_v1,64,0,1,,,,,,1,1
canonical,CANONICAL — REPAIRED G2 OOF,5478,9763,adsorbate,zero_residual_v1,64,0,1,,,,,,1,1
canonical,CANONICAL — REPAIRED G2 OOF,5479,9765,adsorbate,zero_residual_v1,64,0,1,,,,,,1,1
canonical,CANONICAL — REPAIRED G2 OOF,5480,9766,adsorbate,zero_residual_v1,64,0,1,,,,,,1,1
canonical,CANONICAL — REPAIRED G2 OOF,5481,9767,adsorbate,zero_residual_v1,64,0,1,,,,,,1,1
canonical,CANONICAL — REPAIRED G2 OOF,5482,9768,interstitial,zero_residual_v1,64,0,1,,,,,,1,1
canonical,CANONICAL — REPAIRED G2 OOF,5483,9769,interstitial,zero_residual_v1,64,0,1,,,,,,1,1
canonical,CANONICAL — REPAIRED G2 OOF,5484,9770,adsorbate,zero_residual_v1,64,0,1,,,,,,1,1
canonical,CANONICAL — REPAIRED G2 OOF,5485,9771,adsorbate,zero_residual_v1,64,0,1,,,,,,1,1
canonical,CANONICAL — REPAIRED G2 OOF,5486,9773,adsorbate,zero_residual_v1,64,0,1,,,,,,1,1
canonical,CANONICAL — REPAIRED G2 OOF,5487,9774,adsorbate,zero_residual_v1,64,0,1,,,,,,1,1
canonical,CANONICAL — REPAIRED G2 OOF,5489,9776,adsorbate,zero_residual_v1,64,0,1,,,,,,1,1
canonical,CANONICAL — REPAIRED G2 OOF,5490,9777,adsorbate,zero_residual_v1,64,0,1,,,,,,1,1
canonical,CANONICAL — REPAIRED G2 OOF,5491,9778,interstitial,zero_residual_v1,64,0,1,,,,,,1,1
canonical,CANONICAL — REPAIRED G2 OOF,5492,9779,adsorbate,zero_residual_v1,64,0,1,,,,,,1,1
canonical,CANONICAL — REPAIRED G2 OOF,5494,9782,interstitial,zero_residual_v1,64,0,1,,,,,,1,1
canonical,CANONICAL — REPAIRED G2 OOF,5495,9783,interstitial,zero_residual_v1,64,0,1,,,,,,1,1
canonical,CANONICAL — REPAIRED G2 OOF,5496,9784,interstitial,zero_residual_v1,64,0,1,,,,,,1,1
canonical,CANONICAL — REPAIRED G2 OOF,5497,9785,adsorbate,zero_residual_v1,64,0,1,,,,,,1,1
canonical,CANONICAL — REPAIRED G2 OOF,5498,9786,adsorbate,zero_residual_v1,64,0,1,,,,,,1,1
canonical,CANONICAL — REPAIRED G2 OOF,5499,9787,interstitial,zero_residual_v1,64,0,1,,,,,,1,1
canonical,CANONICAL — REPAIRED G2 OOF,5500,9788,adsorbate,zero_residual_v1,64,0,1,,,,,,1,1
canonical,CANONICAL — REPAIRED G2 OOF,5501,9789,adsorbate,zero_residual_v1,64,0,1,,,,,,1,1
canonical,CANONICAL — REPAIRED G2 OOF,5502,9790,adsorbate,zero_residual_v1,64,0,1,,,,,,1,1
canonical,CANONICAL — REPAIRED G2 OOF,5503,9792,interstitial,zero_residual_v1,64,0,1,,,,,,1,1
canonical,CANONICAL — REPAIRED G2 OOF,5504,9793,adsorbate,zero_residual_v1,64,0,1,,,,,,1,1
canonical,CANONICAL — REPAIRED G2 OOF,5505,9794,interstitial,zero_residual_v1,64,0,1,,,,,,1,1
canonical,CANONICAL — REPAIRED G2 OOF,5506,9795,adsorbate,zero_residual_v1,64,0,1,,,,,,1,1
canonical,CANONICAL — REPAIRED G2 OOF,5507,9796,interstitial,zero_residual_v1,64,0,1,,,,,,1,1
canonical,CANONICAL — REPAIRED G2 OOF,5508,9798,adsorbate,zero_residual_v1,64,0,1,,,,,,1,1
canonical,CANONICAL — REPAIRED G2 OOF,5509,9799,interstitial,zero_residual_v1,64,0,1,,,,,,1,1
canonical,CANONICAL — REPAIRED G2 OOF,5510,9800,adsorbate,zero_residual_v1,64,0,1,,,,,,1,1
canonical,CANONICAL — REPAIRED G2 OOF,5511,9803,interstitial,zero_residual_v1,64,0,1,,,,,,1,1
canonical,CANONICAL — REPAIRED G2 OOF,5512,9804,adsorbate,zero_residual_v1,64,0,1,,,,,,1,1
canonical,CANONICAL — REPAIRED G2 OOF,5513,9806,adsorbate,zero_residual_v1,64,0,1,,,,,,1,1
canonical,CANONICAL — REPAIRED G2 OOF,5514,9807,adsorbate,zero_residual_v1,64,0,1,,,,,,1,1
canonical,CANONICAL — REPAIRED G2 OOF,5515,9808,adsorbate,zero_residual_v1,64,0,1,,,,,,1,1
canonical,CANONICAL — REPAIRED G2 OOF,5516,9810,adsorbate,zero_residual_v1,64,0,1,,,,,,1,1
canonical,CANONICAL — REPAIRED G2 OOF,5517,9812,adsorbate,zero_residual_v1,64,0,1,,,,,,1,1
canonical,CANONICAL — REPAIRED G2 OOF,5518,9813,interstitial,zero_residual_v1,64,0,1,,,,,,1,1
canonical,CANONICAL — REPAIRED G2 OOF,5519,9814,adsorbate,zero_residual_v1,64,0,1,,,,,,1,1
canonical,CANONICAL — REPAIRED G2 OOF,5520,9816,interstitial,zero_residual_v1,64,0,1,,,,,,1,1
canonical,CANONICAL — REPAIRED G2 OOF,5521,9817,adsorbate,zero_residual_v1,64,0,1,,,,,,1,1
canonical,CANONICAL — REPAIRED G2 OOF,5522,9821,adsorbate,zero_residual_v1,64,0,1,,,,,,1,1
canonical,CANONICAL — REPAIRED G2 OOF,5523,9823,adsorbate,zero_residual_v1,64,0,1,,,,,,1,1
canonical,CANONICAL — REPAIRED G2 OOF,5524,9825,interstitial,zero_residual_v1,64,0,1,,,,,,1,1
canonical,CANONICAL — REPAIRED G2 OOF,5525,9826,adsorbate,zero_residual_v1,64,0,1,,,,,,1,1
canonical,CANONICAL — REPAIRED G2 OOF,5526,9827,adsorbate,zero_residual_v1,64,0,1,,,,,,1,1
canonical,CANONICAL — REPAIRED G2 OOF,5527,9829,interstitial,zero_residual_v1,64,0,1,,,,,,1,1
canonical,CANONICAL — REPAIRED G2 OOF,5528,9830,interstitial,zero_residual_v1,64,0,1,,,,,,1,1
canonical,CANONICAL — REPAIRED G2 OOF,5529,9831,adsorbate,zero_residual_v1,64,0,1,,,,,,1,1
canonical,CANONICAL — REPAIRED G2 OOF,5530,9833,adsorbate,zero_residual_v1,64,0,1,,,,,,1,1
canonical,CANONICAL — REPAIRED G2 OOF,5531,9835,adsorbate,zero_residual_v1,64,0,1,,,,,,1,1
canonical,CANONICAL — REPAIRED G2 OOF,5532,9836,adsorbate,zero_residual_v1,64,0,1,,,,,,1,1
canonical,CANONICAL — REPAIRED G2 OOF,5533,9837,adsorbate,zero_residual_v1,64,0,1,,,,,,1,1
canonical,CANONICAL — REPAIRED G2 OOF,5534,9838,adsorbate,zero_residual_v1,64,0,1,,,,,,1,1
canonical,CANONICAL — REPAIRED G2 OOF,5535,9839,interstitial,zero_residual_v1,64,0,1,,,,,,1,1
canonical,CANONICAL — REPAIRED G2 OOF,5536,9840,adsorbate,zero_residual_v1,64,0,1,,,,,,1,1
canonical,CANONICAL — REPAIRED G2 OOF,5537,9841,adsorbate,zero_residual_v1,64,0,1,,,,,,1,1
canonical,CANONICAL — REPAIRED G2 OOF,5538,9843,adsorbate,zero_residual_v1,64,0,1,,,,,,1,1
canonical,CANONICAL — REPAIRED G2 OOF,5539,9844,interstitial,zero_residual_v1,64,0,1,,,,,,1,1
canonical,CANONICAL — REPAIRED G2 OOF,5540,9845,adsorbate,zero_residual_v1,64,0,1,,,,,,1,1
canonical,CANONICAL — REPAIRED G2 OOF,5541,9846,adsorbate,zero_residual_v1,64,0,1,,,,,,1,1
canonical,CANONICAL — REPAIRED G2 OOF,5542,9848,interstitial,zero_residual_v1,64,0,1,,,,,,1,1
canonical,CANONICAL — REPAIRED G2 OOF,5543,9849,adsorbate,zero_residual_v1,64,0,1,,,,,,1,1
canonical,CANONICAL — REPAIRED G2 OOF,5544,9852,interstitial,zero_residual_v1,64,0,1,,,,,,1,1
canonical,CANONICAL — REPAIRED G2 OOF,5545,9853,adsorbate,zero_residual_v1,64,0,1,,,,,,1,1
canonical,CANONICAL — REPAIRED G2 OOF,5546,9856,interstitial,zero_residual_v1,64,0,1,,,,,,1,1
canonical,CANONICAL — REPAIRED G2 OOF,5547,9858,adsorbate,zero_residual_v1,64,0,1,,,,,,1,1
canonical,CANONICAL — REPAIRED G2 OOF,5548,9860,adsorbate,zero_residual_v1,64,0,1,,,,,,1,1
canonical,CANONICAL — REPAIRED G2 OOF,5549,9863,adsorbate,zero_residual_v1,64,0,1,,,,,,1,1
canonical,CANONICAL — REPAIRED G2 OOF,5550,9865,adsorbate,zero_residual_v1,64,0,1,,,,,,1,1
canonical,CANONICAL — REPAIRED G2 OOF,5551,9867,adsorbate,zero_residual_v1,64,0,1,,,,,,1,1
canonical,CANONICAL — REPAIRED G2 OOF,5552,9868,interstitial,zero_residual_v1,64,0,1,,,,,,1,1
canonical,CANONICAL — REPAIRED G2 OOF,5553,9869,adsorbate,zero_residual_v1,64,0,1,,,,,,1,1
canonical,CANONICAL — REPAIRED G2 OOF,5554,9870,adsorbate,zero_residual_v1,64,0,1,,,,,,1,1
canonical,CANONICAL — REPAIRED G2 OOF,5555,9871,adsorbate,zero_residual_v1,64,0,1,,,,,,1,1
canonical,CANONICAL — REPAIRED G2 OOF,5556,9877,interstitial,zero_residual_v1,64,0,1,,,,,,1,1
canonical,CANONICAL — REPAIRED G2 OOF,5557,9878,adsorbate,zero_residual_v1,64,0,1,,,,,,1,1
canonical,CANONICAL — REPAIRED G2 OOF,5558,9885,interstitial,zero_residual_v1,64,0,1,,,,,,1,1
canonical,CANONICAL — REPAIRED G2 OOF,5559,9886,interstitial,zero_residual_v1,64,0,1,,,,,,1,1
canonical,CANONICAL — REPAIRED G2 OOF,5560,9887,adsorbate,zero_residual_v1,64,0,1,,,,,,1,1
canonical,CANONICAL — REPAIRED G2 OOF,5561,9889,adsorbate,zero_residual_v1,64,0,1,,,,,,1,1
canonical,CANONICAL — REPAIRED G2 OOF,5562,9890,adsorbate,zero_residual_v1,64,0,1,,,,,,1,1
canonical,CANONICAL — REPAIRED G2 OOF,5563,9893,interstitial,zero_residual_v1,64,0,1,,,,,,1,1
canonical,CANONICAL — REPAIRED G2 OOF,5564,9894,adsorbate,zero_residual_v1,64,0,1,,,,,,1,1
canonical,CANONICAL — REPAIRED G2 OOF,5565,9895,adsorbate,zero_residual_v1,64,0,1,,,,,,1,1
canonical,CANONICAL — REPAIRED G2 OOF,5566,9900,adsorbate,zero_residual_v1,64,0,1,,,,,,1,1
canonical,CANONICAL — REPAIRED G2 OOF,5567,9903,adsorbate,zero_residual_v1,64,0,1,,,,,,1,1
canonical,CANONICAL — REPAIRED G2 OOF,5568,9904,adsorbate,zero_residual_v1,64,0,1,,,,,,1,1
canonical,CANONICAL — REPAIRED G2 OOF,5569,9905,interstitial,zero_residual_v1,64,0,1,,,,,,1,1
canonical,CANONICAL — REPAIRED G2 OOF,5570,9909,adsorbate,zero_residual_v1,64,0,1,,,,,,1,1
canonical,CANONICAL — REPAIRED G2 OOF,5572,9915,adsorbate,zero_residual_v1,64,0,1,,,,,,1,1
canonical,CANONICAL — REPAIRED G2 OOF,5573,9917,adsorbate,zero_residual_v1,64,0,1,,,,,,1,1
canonical,CANONICAL — REPAIRED G2 OOF,5574,9918,interstitial,zero_residual_v1,64,0,1,,,,,,1,1
canonical,CANONICAL — REPAIRED G2 OOF,5575,9919,interstitial,zero_residual_v1,64,0,1,,,,,,1,1
canonical,CANONICAL — REPAIRED G2 OOF,5576,9920,adsorbate,zero_residual_v1,64,0,1,,,,,,1,1
canonical,CANONICAL — REPAIRED G2 OOF,5577,9921,adsorbate,zero_residual_v1,64,0,1,,,,,,1,1
canonical,CANONICAL — REPAIRED G2 OOF,5578,9923,interstitial,zero_residual_v1,64,0,1,,,,,,1,1
canonical,CANONICAL — REPAIRED G2 OOF,5579,9926,adsorbate,zero_residual_v1,64,0,1,,,,,,1,1
canonical,CANONICAL — REPAIRED G2 OOF,5580,9927,adsorbate,zero_residual_v1,64,0,1,,,,,,1,1
canonical,CANONICAL — REPAIRED G2 OOF,5581,9929,interstitial,zero_residual_v1,64,0,1,,,,,,1,1
canonical,CANONICAL — REPAIRED G2 OOF,5582,9930,adsorbate,zero_residual_v1,64,0,1,,,,,,1,1
canonical,CANONICAL — REPAIRED G2 OOF,5583,9932,adsorbate,zero_residual_v1,64,0,1,,,,,,1,1
canonical,CANONICAL — REPAIRED G2 OOF,5584,9938,interstitial,zero_residual_v1,64,0,1,,,,,,1,1
canonical,CANONICAL — REPAIRED G2 OOF,5585,9939,adsorbate,zero_residual_v1,64,0,1,,,,,,1,1
canonical,CANONICAL — REPAIRED G2 OOF,5586,9942,adsorbate,zero_residual_v1,64,0,1,,,,,,1,1
canonical,CANONICAL — REPAIRED G2 OOF,5587,9943,adsorbate,zero_residual_v1,64,0,1,,,,,,1,1
canonical,CANONICAL — REPAIRED G2 OOF,5588,9944,adsorbate,zero_residual_v1,64,0,1,,,,,,1,1
canonical,CANONICAL — REPAIRED G2 OOF,5589,9947,adsorbate,zero_residual_v1,64,0,1,,,,,,1,1
canonical,CANONICAL — REPAIRED G2 OOF,5590,9948,interstitial,zero_residual_v1,64,0,1,,,,,,1,1
canonical,CANONICAL — REPAIRED G2 OOF,5591,9949,adsorbate,zero_residual_v1,64,0,1,,,,,,1,1
canonical,CANONICAL — REPAIRED G2 OOF,5592,9950,interstitial,zero_residual_v1,64,0,1,,,,,,1,1
canonical,CANONICAL — REPAIRED G2 OOF,5594,9955,adsorbate,zero_residual_v1,64,0,1,,,,,,1,1
canonical,CANONICAL — REPAIRED G2 OOF,5595,9956,interstitial,zero_residual_v1,64,0,1,,,,,,1,1
canonical,CANONICAL — REPAIRED G2 OOF,5596,9957,adsorbate,zero_residual_v1,64,0,1,,,,,,1,1
canonical,CANONICAL — REPAIRED G2 OOF,5598,9959,interstitial,zero_residual_v1,64,0,1,,,,,,1,1
canonical,CANONICAL — REPAIRED G2 OOF,5599,9963,adsorbate,zero_residual_v1,64,0,1,,,,,,1,1
canonical,CANONICAL — REPAIRED G2 OOF,5600,9964,interstitial,zero_residual_v1,64,0,1,,,,,,1,1
canonical,CANONICAL — REPAIRED G2 OOF,5601,9965,adsorbate,zero_residual_v1,64,0,1,,,,,,1,1
canonical,CANONICAL — REPAIRED G2 OOF,5602,9968,adsorbate,zero_residual_v1,64,0,1,,,,,,1,1
canonical,CANONICAL — REPAIRED G2 OOF,5603,9970,adsorbate,zero_residual_v1,64,0,1,,,,,,1,1
canonical,CANONICAL — REPAIRED G2 OOF,5604,9972,interstitial,zero_residual_v1,64,0,1,,,,,,1,1
canonical,CANONICAL — REPAIRED G2 OOF,5605,9973,adsorbate,zero_residual_v1,64,0,1,,,,,,1,1
canonical,CANONICAL — REPAIRED G2 OOF,5606,9974,adsorbate,zero_residual_v1,64,0,1,,,,,,1,1
canonical,CANONICAL — REPAIRED G2 OOF,5607,9975,adsorbate,zero_residual_v1,64,0,1,,,,,,1,1
canonical,CANONICAL — REPAIRED G2 OOF,5608,9976,adsorbate,zero_residual_v1,64,0,1,,,,,,1,1
canonical,CANONICAL — REPAIRED G2 OOF,5609,9978,interstitial,zero_residual_v1,64,0,1,,,,,,1,1
canonical,CANONICAL — REPAIRED G2 OOF,5610,9979,adsorbate,zero_residual_v1,64,0,1,,,,,,1,1
canonical,CANONICAL — REPAIRED G2 OOF,5611,9981,interstitial,zero_residual_v1,64,0,1,,,,,,1,1
canonical,CANONICAL — REPAIRED G2 OOF,5612,9983,adsorbate,zero_residual_v1,64,0,1,,,,,,1,1
canonical,CANONICAL — REPAIRED G2 OOF,5613,9984,adsorbate,zero_residual_v1,64,0,1,,,,,,1,1
canonical,CANONICAL — REPAIRED G2 OOF,5615,9987,adsorbate,zero_residual_v1,64,0,1,,,,,,1,1
canonical,CANONICAL — REPAIRED G2 OOF,5616,9990,interstitial,zero_residual_v1,64,0,1,,,,,,1,1
canonical,CANONICAL — REPAIRED G2 OOF,5617,9991,adsorbate,zero_residual_v1,64,0,1,,,,,,1,1
canonical,CANONICAL — REPAIRED G2 OOF,5618,9992,interstitial,zero_residual_v1,64,0,1,,,,,,1,1
canonical,CANONICAL — REPAIRED G2 OOF,5619,9994,interstitial,zero_residual_v1,64,0,1,,,,,,1,1
canonical,CANONICAL — REPAIRED G2 OOF,5620,9995,adsorbate,zero_residual_v1,64,0,1,,,,,,1,1
canonical,CANONICAL — REPAIRED G2 OOF,5621,9999,adsorbate,zero_residual_v1,64,0,1,,,,,,1,1
canonical,CANONICAL — REPAIRED G2 OOF,5622,10001,interstitial,zero_residual_v1,64,0,1,,,,,,1,1
canonical,CANONICAL — REPAIRED G2 OOF,5623,10002,adsorbate,zero_residual_v1,64,0,1,,,,,,1,1
canonical,CANONICAL — REPAIRED G2 OOF,5624,10004,adsorbate,zero_residual_v1,64,0,1,,,,,,1,1
canonical,CANONICAL — REPAIRED G2 OOF,5625,10005,adsorbate,zero_residual_v1,64,0,1,,,,,,1,1
canonical,CANONICAL — REPAIRED G2 OOF,5626,10006,adsorbate,zero_residual_v1,64,0,1,,,,,,1,1
canonical,CANONICAL — REPAIRED G2 OOF,5627,10007,interstitial,zero_residual_v1,64,0,1,,,,,,1,1
canonical,CANONICAL — REPAIRED G2 OOF,5628,10008,interstitial,zero_residual_v1,64,0,1,,,,,,1,1
canonical,CANONICAL — REPAIRED G2 OOF,5629,10011,interstitial,zero_residual_v1,64,0,1,,,,,,1,1
canonical,CANONICAL — REPAIRED G2 OOF,5630,10013,adsorbate,zero_residual_v1,64,0,1,,,,,,1,1
canonical,CANONICAL — REPAIRED G2 OOF,5631,10014,adsorbate,zero_residual_v1,64,0,1,,,,,,1,1
canonical,CANONICAL — REPAIRED G2 OOF,5633,10016,adsorbate,zero_residual_v1,64,0,1,,,,,,1,1
canonical,CANONICAL — REPAIRED G2 OOF,5634,10018,interstitial,zero_residual_v1,64,0,1,,,,,,1,1
canonical,CANONICAL — REPAIRED G2 OOF,5635,10019,interstitial,zero_residual_v1,64,0,1,,,,,,1,1
canonical,CANONICAL — REPAIRED G2 OOF,5636,10020,adsorbate,zero_residual_v1,64,0,1,,,,,,1,1
canonical,CANONICAL — REPAIRED G2 OOF,5637,10021,interstitial,zero_residual_v1,64,0,1,,,,,,1,1
canonical,CANONICAL — REPAIRED G2 OOF,5638,10022,adsorbate,zero_residual_v1,64,0,1,,,,,,1,1
canonical,CANONICAL — REPAIRED G2 OOF,5639,10023,interstitial,zero_residual_v1,64,0,1,,,,,,1,1
canonical,CANONICAL — REPAIRED G2 OOF,5640,10024,adsorbate,zero_residual_v1,64,0,1,,,,,,1,1
canonical,CANONICAL — REPAIRED G2 OOF,5641,10025,adsorbate,zero_residual_v1,64,0,1,,,,,,1,1
canonical,CANONICAL — REPAIRED G2 OOF,5642,10027,interstitial,zero_residual_v1,64,0,1,,,,,,1,1
canonical,CANONICAL — REPAIRED G2 OOF,5644,10029,interstitial,zero_residual_v1,64,0,1,,,,,,1,1
canonical,CANONICAL — REPAIRED G2 OOF,5645,10030,interstitial,zero_residual_v1,64,0,1,,,,,,1,1
canonical,CANONICAL — REPAIRED G2 OOF,5646,10031,interstitial,zero_residual_v1,64,0,1,,,,,,1,1
canonical,CANONICAL — REPAIRED G2 OOF,5647,10032,adsorbate,zero_residual_v1,64,0,1,,,,,,1,1
canonical,CANONICAL — REPAIRED G2 OOF,5648,10035,interstitial,zero_residual_v1,64,0,1,,,,,,1,1
canonical,CANONICAL — REPAIRED G2 OOF,5649,10036,adsorbate,zero_residual_v1,64,0,1,,,,,,1,1
canonical,CANONICAL — REPAIRED G2 OOF,5650,10037,adsorbate,zero_residual_v1,64,0,1,,,,,,1,1
canonical,CANONICAL — REPAIRED G2 OOF,5651,10039,interstitial,zero_residual_v1,64,0,1,,,,,,1,1
canonical,CANONICAL — REPAIRED G2 OOF,5652,10041,adsorbate,zero_residual_v1,64,0,1,,,,,,1,1
canonical,CANONICAL — REPAIRED G2 OOF,5653,10042,adsorbate,zero_residual_v1,64,0,1,,,,,,1,1
canonical,CANONICAL — REPAIRED G2 OOF,5654,10044,adsorbate,zero_residual_v1,64,0,1,,,,,,1,1
canonical,CANONICAL — REPAIRED G2 OOF,5655,10047,interstitial,zero_residual_v1,64,0,1,,,,,,1,1
canonical,CANONICAL — REPAIRED G2 OOF,5656,10049,adsorbate,zero_residual_v1,64,0,1,,,,,,1,1
canonical,CANONICAL — REPAIRED G2 OOF,5657,10056,adsorbate,zero_residual_v1,64,0,1,,,,,,1,1
canonical,CANONICAL — REPAIRED G2 OOF,5658,10059,adsorbate,zero_residual_v1,64,0,1,,,,,,1,1
canonical,CANONICAL — REPAIRED G2 OOF,5659,10061,adsorbate,zero_residual_v1,64,0,1,,,,,,1,1
canonical,CANONICAL — REPAIRED G2 OOF,5660,10062,adsorbate,zero_residual_v1,64,0,1,,,,,,1,1
canonical,CANONICAL — REPAIRED G2 OOF,5661,10063,adsorbate,zero_residual_v1,64,0,1,,,,,,1,1
canonical,CANONICAL — REPAIRED G2 OOF,5662,10064,adsorbate,zero_residual_v1,64,0,1,,,,,,1,1
canonical,CANONICAL — REPAIRED G2 OOF,5663,10065,interstitial,zero_residual_v1,64,0,1,,,,,,1,1
canonical,CANONICAL — REPAIRED G2 OOF,5664,10066,interstitial,zero_residual_v1,64,0,1,,,,,,1,1
canonical,CANONICAL — REPAIRED G2 OOF,5665,10068,adsorbate,zero_residual_v1,64,0,1,,,,,,1,1
canonical,CANONICAL — REPAIRED G2 OOF,5666,10070,interstitial,zero_residual_v1,64,0,1,,,,,,1,1
canonical,CANONICAL — REPAIRED G2 OOF,5667,10072,adsorbate,zero_residual_v1,64,0,1,,,,,,1,1
canonical,CANONICAL — REPAIRED G2 OOF,5668,10076,adsorbate,zero_residual_v1,64,0,1,,,,,,1,1
canonical,CANONICAL — REPAIRED G2 OOF,5669,10077,adsorbate,zero_residual_v1,64,0,1,,,,,,1,1
canonical,CANONICAL — REPAIRED G2 OOF,5670,10078,adsorbate,zero_residual_v1,64,0,1,,,,,,1,1
canonical,CANONICAL — REPAIRED G2 OOF,5671,10079,adsorbate,zero_residual_v1,64,0,1,,,,,,1,1
canonical,CANONICAL — REPAIRED G2 OOF,5672,10081,adsorbate,zero_residual_v1,64,0,1,,,,,,1,1
canonical,CANONICAL — REPAIRED G2 OOF,5673,10083,interstitial,zero_residual_v1,64,0,1,,,,,,1,1
canonical,CANONICAL — REPAIRED G2 OOF,5674,10084,adsorbate,zero_residual_v1,64,0,1,,,,,,1,1
canonical,CANONICAL — REPAIRED G2 OOF,5675,10085,interstitial,zero_residual_v1,64,0,1,,,,,,1,1
canonical,CANONICAL — REPAIRED G2 OOF,5676,10088,adsorbate,zero_residual_v1,64,0,1,,,,,,1,1
canonical,CANONICAL — REPAIRED G2 OOF,5677,10089,adsorbate,zero_residual_v1,64,0,1,,,,,,1,1
canonical,CANONICAL — REPAIRED G2 OOF,5678,10090,interstitial,zero_residual_v1,64,0,1,,,,,,1,1
canonical,CANONICAL — REPAIRED G2 OOF,5679,10091,interstitial,zero_residual_v1,64,0,1,,,,,,1,1
canonical,CANONICAL — REPAIRED G2 OOF,5680,10094,adsorbate,zero_residual_v1,64,0,1,,,,,,1,1
canonical,CANONICAL — REPAIRED G2 OOF,5681,10096,adsorbate,zero_residual_v1,64,0,1,,,,,,1,1
canonical,CANONICAL — REPAIRED G2 OOF,5682,10099,adsorbate,zero_residual_v1,64,0,1,,,,,,1,1
canonical,CANONICAL — REPAIRED G2 OOF,5683,10100,adsorbate,zero_residual_v1,64,0,1,,,,,,1,1
canonical,CANONICAL — REPAIRED G2 OOF,5684,10102,adsorbate,zero_residual_v1,64,0,1,,,,,,1,1
canonical,CANONICAL — REPAIRED G2 OOF,5685,10105,adsorbate,zero_residual_v1,64,0,1,,,,,,1,1
canonical,CANONICAL — REPAIRED G2 OOF,5686,10106,interstitial,zero_residual_v1,64,0,1,,,,,,1,1
canonical,CANONICAL — REPAIRED G2 OOF,5687,10108,adsorbate,zero_residual_v1,64,0,1,,,,,,1,1
canonical,CANONICAL — REPAIRED G2 OOF,5688,10110,adsorbate,zero_residual_v1,64,0,1,,,,,,1,1
canonical,CANONICAL — REPAIRED G2 OOF,5689,10111,interstitial,zero_residual_v1,64,0,1,,,,,,1,1
canonical,CANONICAL — REPAIRED G2 OOF,5690,10112,adsorbate,zero_residual_v1,64,0,1,,,,,,1,1
canonical,CANONICAL — REPAIRED G2 OOF,5691,10113,interstitial,zero_residual_v1,64,0,1,,,,,,1,1
canonical,CANONICAL — REPAIRED G2 OOF,5692,10114,interstitial,zero_residual_v1,64,0,1,,,,,,1,1
canonical,CANONICAL — REPAIRED G2 OOF,5693,10115,adsorbate,zero_residual_v1,64,0,1,,,,,,1,1
canonical,CANONICAL — REPAIRED G2 OOF,5694,10116,interstitial,zero_residual_v1,64,0,1,,,,,,1,1
canonical,CANONICAL — REPAIRED G2 OOF,5695,10118,interstitial,zero_residual_v1,64,0,1,,,,,,1,1
canonical,CANONICAL — REPAIRED G2 OOF,5696,10120,adsorbate,zero_residual_v1,64,0,1,,,,,,1,1
canonical,CANONICAL — REPAIRED G2 OOF,5697,10121,adsorbate,zero_residual_v1,64,0,1,,,,,,1,1
canonical,CANONICAL — REPAIRED G2 OOF,5698,10123,adsorbate,zero_residual_v1,64,0,1,,,,,,1,1
canonical,CANONICAL — REPAIRED G2 OOF,5699,10124,adsorbate,zero_residual_v1,64,0,1,,,,,,1,1
canonical,CANONICAL — REPAIRED G2 OOF,5700,10125,adsorbate,zero_residual_v1,64,0,1,,,,,,1,1
canonical,CANONICAL — REPAIRED G2 OOF,5701,10129,adsorbate,zero_residual_v1,64,0,1,,,,,,1,1
canonical,CANONICAL — REPAIRED G2 OOF,5702,10131,interstitial,zero_residual_v1,64,0,1,,,,,,1,1
canonical,CANONICAL — REPAIRED G2 OOF,5703,10132,adsorbate,zero_residual_v1,64,0,1,,,,,,1,1
canonical,CANONICAL — REPAIRED G2 OOF,5704,10134,interstitial,zero_residual_v1,64,0,1,,,,,,1,1
canonical,CANONICAL — REPAIRED G2 OOF,5705,10136,adsorbate,zero_residual_v1,64,0,1,,,,,,1,1
canonical,CANONICAL — REPAIRED G2 OOF,5706,10140,interstitial,zero_residual_v1,64,0,1,,,,,,1,1
canonical,CANONICAL — REPAIRED G2 OOF,5707,10141,interstitial,zero_residual_v1,64,0,1,,,,,,1,1
canonical,CANONICAL — REPAIRED G2 OOF,5708,10145,adsorbate,zero_residual_v1,64,0,1,,,,,,1,1
canonical,CANONICAL — REPAIRED G2 OOF,5709,10146,interstitial,zero_residual_v1,64,0,1,,,,,,1,1
canonical,CANONICAL — REPAIRED G2 OOF,5710,10147,interstitial,zero_residual_v1,64,0,1,,,,,,1,1
canonical,CANONICAL — REPAIRED G2 OOF,5711,10148,interstitial,zero_residual_v1,64,0,1,,,,,,1,1
canonical,CANONICAL — REPAIRED G2 OOF,5712,10150,interstitial,zero_residual_v1,64,0,1,,,,,,1,1
canonical,CANONICAL — REPAIRED G2 OOF,5713,10151,interstitial,zero_residual_v1,64,0,1,,,,,,1,1
canonical,CANONICAL — REPAIRED G2 OOF,5714,10153,interstitial,zero_residual_v1,64,0,1,,,,,,1,1
canonical,CANONICAL — REPAIRED G2 OOF,5715,10155,adsorbate,zero_residual_v1,64,0,1,,,,,,1,1
canonical,CANONICAL — REPAIRED G2 OOF,5716,10156,adsorbate,zero_residual_v1,64,0,1,,,,,,1,1
canonical,CANONICAL — REPAIRED G2 OOF,5717,10158,adsorbate,zero_residual_v1,64,0,1,,,,,,1,1
canonical,CANONICAL — REPAIRED G2 OOF,5718,10159,interstitial,zero_residual_v1,64,0,1,,,,,,1,1
canonical,CANONICAL — REPAIRED G2 OOF,5719,10162,adsorbate,zero_residual_v1,64,0,1,,,,,,1,1
canonical,CANONICAL — REPAIRED G2 OOF,5720,10164,adsorbate,zero_residual_v1,64,0,1,,,,,,1,1
canonical,CANONICAL — REPAIRED G2 OOF,5721,10165,adsorbate,zero_residual_v1,64,0,1,,,,,,1,1
canonical,CANONICAL — REPAIRED G2 OOF,5722,10167,adsorbate,zero_residual_v1,64,0,1,,,,,,1,1
canonical,CANONICAL — REPAIRED G2 OOF,5723,10169,interstitial,zero_residual_v1,64,0,1,,,,,,1,1
canonical,CANONICAL — REPAIRED G2 OOF,5724,10170,adsorbate,zero_residual_v1,64,0,1,,,,,,1,1
canonical,CANONICAL — REPAIRED G2 OOF,5725,10171,adsorbate,zero_residual_v1,64,0,1,,,,,,1,1
canonical,CANONICAL — REPAIRED G2 OOF,5726,10172,interstitial,zero_residual_v1,64,0,1,,,,,,1,1
canonical,CANONICAL — REPAIRED G2 OOF,5727,10174,interstitial,zero_residual_v1,64,0,1,,,,,,1,1
canonical,CANONICAL — REPAIRED G2 OOF,5728,10175,interstitial,zero_residual_v1,64,0,1,,,,,,1,1
canonical,CANONICAL — REPAIRED G2 OOF,5729,10176,interstitial,zero_residual_v1,64,0,1,,,,,,1,1
canonical,CANONICAL — REPAIRED G2 OOF,5730,10179,interstitial,zero_residual_v1,64,0,1,,,,,,1,1
canonical,CANONICAL — REPAIRED G2 OOF,5731,10181,adsorbate,zero_residual_v1,64,0,1,,,,,,1,1
canonical,CANONICAL — REPAIRED G2 OOF,5732,10182,adsorbate,zero_residual_v1,64,0,1,,,,,,1,1
canonical,CANONICAL — REPAIRED G2 OOF,5733,10184,adsorbate,zero_residual_v1,64,0,1,,,,,,1,1
canonical,CANONICAL — REPAIRED G2 OOF,5734,10185,interstitial,zero_residual_v1,64,0,1,,,,,,1,1
canonical,CANONICAL — REPAIRED G2 OOF,5735,10188,interstitial,zero_residual_v1,64,0,1,,,,,,1,1
canonical,CANONICAL — REPAIRED G2 OOF,5736,10189,adsorbate,zero_residual_v1,64,0,1,,,,,,1,1
canonical,CANONICAL — REPAIRED G2 OOF,5737,10190,adsorbate,zero_residual_v1,64,0,1,,,,,,1,1
canonical,CANONICAL — REPAIRED G2 OOF,5738,10191,interstitial,zero_residual_v1,64,0,1,,,,,,1,1
canonical,CANONICAL — REPAIRED G2 OOF,5739,10192,interstitial,zero_residual_v1,64,0,1,,,,,,1,1
canonical,CANONICAL — REPAIRED G2 OOF,5741,10196,interstitial,zero_residual_v1,64,0,1,,,,,,1,1
canonical,CANONICAL — REPAIRED G2 OOF,5742,10198,adsorbate,zero_residual_v1,64,0,1,,,,,,1,1
canonical,CANONICAL — REPAIRED G2 OOF,5744,10200,interstitial,zero_residual_v1,64,0,1,,,,,,1,1
canonical,CANONICAL — REPAIRED G2 OOF,5745,10201,adsorbate,zero_residual_v1,64,0,1,,,,,,1,1
canonical,CANONICAL — REPAIRED G2 OOF,5746,10203,interstitial,zero_residual_v1,64,0,1,,,,,,1,1
canonical,CANONICAL — REPAIRED G2 OOF,5747,10204,adsorbate,zero_residual_v1,64,0,1,,,,,,1,1
canonical,CANONICAL — REPAIRED G2 OOF,5748,10205,adsorbate,zero_residual_v1,64,0,1,,,,,,1,1
canonical,CANONICAL — REPAIRED G2 OOF,5749,10207,interstitial,zero_residual_v1,64,0,1,,,,,,1,1
canonical,CANONICAL — REPAIRED G2 OOF,5750,10209,interstitial,zero_residual_v1,64,0,1,,,,,,1,1
canonical,CANONICAL — REPAIRED G2 OOF,5751,10210,adsorbate,zero_residual_v1,64,0,1,,,,,,1,1
canonical,CANONICAL — REPAIRED G2 OOF,5752,10211,adsorbate,zero_residual_v1,64,0,1,,,,,,1,1
canonical,CANONICAL — REPAIRED G2 OOF,5753,10212,adsorbate,zero_residual_v1,64,0,1,,,,,,1,1
canonical,CANONICAL — REPAIRED G2 OOF,5754,10214,adsorbate,zero_residual_v1,64,0,1,,,,,,1,1
canonical,CANONICAL — REPAIRED G2 OOF,5755,10215,adsorbate,zero_residual_v1,64,0,1,,,,,,1,1
canonical,CANONICAL — REPAIRED G2 OOF,5756,10216,adsorbate,zero_residual_v1,64,0,1,,,,,,1,1
canonical,CANONICAL — REPAIRED G2 OOF,5757,10217,adsorbate,zero_residual_v1,64,0,1,,,,,,1,1
canonical,CANONICAL — REPAIRED G2 OOF,5758,10218,interstitial,zero_residual_v1,64,0,1,,,,,,1,1
canonical,CANONICAL — REPAIRED G2 OOF,5759,10219,interstitial,zero_residual_v1,64,0,1,,,,,,1,1
canonical,CANONICAL — REPAIRED G2 OOF,5760,10220,adsorbate,zero_residual_v1,64,0,1,,,,,,1,1
canonical,CANONICAL — REPAIRED G2 OOF,5761,10221,adsorbate,zero_residual_v1,64,0,1,,,,,,1,1
canonical,CANONICAL — REPAIRED G2 OOF,5762,10222,adsorbate,zero_residual_v1,64,0,1,,,,,,1,1
canonical,CANONICAL — REPAIRED G2 OOF,5763,10223,adsorbate,zero_residual_v1,64,0,1,,,,,,1,1
canonical,CANONICAL — REPAIRED G2 OOF,5764,10224,interstitial,zero_residual_v1,64,0,1,,,,,,1,1
canonical,CANONICAL — REPAIRED G2 OOF,5765,10226,interstitial,zero_residual_v1,64,0,1,,,,,,1,1
canonical,CANONICAL — REPAIRED G2 OOF,5766,10227,adsorbate,zero_residual_v1,64,0,1,,,,,,1,1
canonical,CANONICAL — REPAIRED G2 OOF,5767,10230,adsorbate,zero_residual_v1,64,0,1,,,,,,1,1
canonical,CANONICAL — REPAIRED G2 OOF,5768,10232,interstitial,zero_residual_v1,64,0,1,,,,,,1,1
canonical,CANONICAL — REPAIRED G2 OOF,5769,10234,adsorbate,zero_residual_v1,64,0,1,,,,,,1,1
canonical,CANONICAL — REPAIRED G2 OOF,5770,10236,adsorbate,zero_residual_v1,64,0,1,,,,,,1,1
canonical,CANONICAL — REPAIRED G2 OOF,5771,10237,adsorbate,zero_residual_v1,64,0,1,,,,,,1,1
canonical,CANONICAL — REPAIRED G2 OOF,5772,10239,interstitial,zero_residual_v1,64,0,1,,,,,,1,1
canonical,CANONICAL — REPAIRED G2 OOF,5773,10242,adsorbate,zero_residual_v1,64,0,1,,,,,,1,1
canonical,CANONICAL — REPAIRED G2 OOF,5774,10243,interstitial,zero_residual_v1,64,0,1,,,,,,1,1
canonical,CANONICAL — REPAIRED G2 OOF,5775,10248,adsorbate,zero_residual_v1,64,0,1,,,,,,1,1
canonical,CANONICAL — REPAIRED G2 OOF,5776,10249,interstitial,zero_residual_v1,64,0,1,,,,,,1,1
canonical,CANONICAL — REPAIRED G2 OOF,5777,10251,adsorbate,zero_residual_v1,64,0,1,,,,,,1,1
canonical,CANONICAL — REPAIRED G2 OOF,5778,10252,interstitial,zero_residual_v1,64,0,1,,,,,,1,1
canonical,CANONICAL — REPAIRED G2 OOF,5779,10253,interstitial,zero_residual_v1,64,0,1,,,,,,1,1
canonical,CANONICAL — REPAIRED G2 OOF,5780,10255,adsorbate,zero_residual_v1,64,0,1,,,,,,1,1
canonical,CANONICAL — REPAIRED G2 OOF,5781,10258,adsorbate,zero_residual_v1,64,0,1,,,,,,1,1
canonical,CANONICAL — REPAIRED G2 OOF,5782,10259,adsorbate,zero_residual_v1,64,0,1,,,,,,1,1
canonical,CANONICAL — REPAIRED G2 OOF,5783,10260,adsorbate,zero_residual_v1,64,0,1,,,,,,1,1
canonical,CANONICAL — REPAIRED G2 OOF,5784,10262,adsorbate,zero_residual_v1,64,0,1,,,,,,1,1
canonical,CANONICAL — REPAIRED G2 OOF,5785,10263,interstitial,zero_residual_v1,64,0,1,,,,,,1,1
canonical,CANONICAL — REPAIRED G2 OOF,5786,10264,adsorbate,zero_residual_v1,64,0,1,,,,,,1,1
canonical,CANONICAL — REPAIRED G2 OOF,5787,10265,interstitial,zero_residual_v1,64,0,1,,,,,,1,1
canonical,CANONICAL — REPAIRED G2 OOF,5788,10266,adsorbate,zero_residual_v1,64,0,1,,,,,,1,1
canonical,CANONICAL — REPAIRED G2 OOF,5789,10267,adsorbate,zero_residual_v1,64,0,1,,,,,,1,1
canonical,CANONICAL — REPAIRED G2 OOF,5790,10268,interstitial,zero_residual_v1,64,0,1,,,,,,1,1
canonical,CANONICAL — REPAIRED G2 OOF,5791,10269,interstitial,zero_residual_v1,64,0,1,,,,,,1,1
canonical,CANONICAL — REPAIRED G2 OOF,5792,10270,adsorbate,zero_residual_v1,64,0,1,,,,,,1,1
canonical,CANONICAL — REPAIRED G2 OOF,5793,10271,adsorbate,zero_residual_v1,64,0,1,,,,,,1,1
canonical,CANONICAL — REPAIRED G2 OOF,5794,10275,interstitial,zero_residual_v1,64,0,1,,,,,,1,1
canonical,CANONICAL — REPAIRED G2 OOF,5795,10276,interstitial,zero_residual_v1,64,0,1,,,,,,1,1
canonical,CANONICAL — REPAIRED G2 OOF,5796,10277,adsorbate,zero_residual_v1,64,0,1,,,,,,1,1
canonical,CANONICAL — REPAIRED G2 OOF,5797,10280,adsorbate,zero_residual_v1,64,0,1,,,,,,1,1
canonical,CANONICAL — REPAIRED G2 OOF,5798,10281,adsorbate,zero_residual_v1,64,0,1,,,,,,1,1
canonical,CANONICAL — REPAIRED G2 OOF,5799,10282,interstitial,zero_residual_v1,64,0,1,,,,,,1,1
canonical,CANONICAL — REPAIRED G2 OOF,5800,10283,adsorbate,zero_residual_v1,64,0,1,,,,,,1,1
canonical,CANONICAL — REPAIRED G2 OOF,5801,10284,interstitial,zero_residual_v1,64,0,1,,,,,,1,1
canonical,CANONICAL — REPAIRED G2 OOF,5802,10286,interstitial,zero_residual_v1,64,0,1,,,,,,1,1
canonical,CANONICAL — REPAIRED G2 OOF,5803,10287,adsorbate,zero_residual_v1,64,0,1,,,,,,1,1
canonical,CANONICAL — REPAIRED G2 OOF,5804,10288,adsorbate,zero_residual_v1,64,0,1,,,,,,1,1
canonical,CANONICAL — REPAIRED G2 OOF,5805,10289,adsorbate,zero_residual_v1,64,0,1,,,,,,1,1
canonical,CANONICAL — REPAIRED G2 OOF,5806,10290,interstitial,zero_residual_v1,64,0,1,,,,,,1,1
canonical,CANONICAL — REPAIRED G2 OOF,5808,10294,adsorbate,zero_residual_v1,64,0,1,,,,,,1,1
canonical,CANONICAL — REPAIRED G2 OOF,5809,10296,adsorbate,zero_residual_v1,64,0,1,,,,,,1,1
canonical,CANONICAL — REPAIRED G2 OOF,5810,10297,adsorbate,zero_residual_v1,64,0,1,,,,,,1,1
canonical,CANONICAL — REPAIRED G2 OOF,5811,10299,adsorbate,zero_residual_v1,64,0,1,,,,,,1,1
canonical,CANONICAL — REPAIRED G2 OOF,5812,10300,interstitial,zero_residual_v1,64,0,1,,,,,,1,1
canonical,CANONICAL — REPAIRED G2 OOF,5813,10302,adsorbate,zero_residual_v1,64,0,1,,,,,,1,1
canonical,CANONICAL — REPAIRED G2 OOF,5814,10303,adsorbate,zero_residual_v1,64,0,1,,,,,,1,1
canonical,CANONICAL — REPAIRED G2 OOF,5815,10304,interstitial,zero_residual_v1,64,0,1,,,,,,1,1
canonical,CANONICAL — REPAIRED G2 OOF,5816,10307,adsorbate,zero_residual_v1,64,0,1,,,,,,1,1
canonical,CANONICAL — REPAIRED G2 OOF,5817,10308,adsorbate,zero_residual_v1,64,0,1,,,,,,1,1
canonical,CANONICAL — REPAIRED G2 OOF,5818,10309,interstitial,zero_residual_v1,64,0,1,,,,,,1,1
canonical,CANONICAL — REPAIRED G2 OOF,5819,10311,adsorbate,zero_residual_v1,64,0,1,,,,,,1,1
canonical,CANONICAL — REPAIRED G2 OOF,5820,10313,adsorbate,zero_residual_v1,64,0,1,,,,,,1,1
canonical,CANONICAL — REPAIRED G2 OOF,5821,10316,adsorbate,zero_residual_v1,64,0,1,,,,,,1,1
canonical,CANONICAL — REPAIRED G2 OOF,5822,10318,adsorbate,zero_residual_v1,64,0,1,,,,,,1,1
canonical,CANONICAL — REPAIRED G2 OOF,5823,10319,interstitial,zero_residual_v1,64,0,1,,,,,,1,1
canonical,CANONICAL — REPAIRED G2 OOF,5824,10320,interstitial,zero_residual_v1,64,0,1,,,,,,1,1
canonical,CANONICAL — REPAIRED G2 OOF,5825,10322,interstitial,zero_residual_v1,64,0,1,,,,,,1,1
canonical,CANONICAL — REPAIRED G2 OOF,5826,10323,adsorbate,zero_residual_v1,64,0,1,,,,,,1,1
canonical,CANONICAL — REPAIRED G2 OOF,5827,10326,interstitial,zero_residual_v1,64,0,1,,,,,,1,1
canonical,CANONICAL — REPAIRED G2 OOF,5828,10327,interstitial,zero_residual_v1,64,0,1,,,,,,1,1
canonical,CANONICAL — REPAIRED G2 OOF,5829,10328,adsorbate,zero_residual_v1,64,0,1,,,,,,1,1
canonical,CANONICAL — REPAIRED G2 OOF,5830,10329,adsorbate,zero_residual_v1,64,0,1,,,,,,1,1
canonical,CANONICAL — REPAIRED G2 OOF,5831,10330,interstitial,zero_residual_v1,64,0,1,,,,,,1,1
canonical,CANONICAL — REPAIRED G2 OOF,5832,10331,adsorbate,zero_residual_v1,64,0,1,,,,,,1,1
canonical,CANONICAL — REPAIRED G2 OOF,5833,10333,adsorbate,zero_residual_v1,64,0,1,,,,,,1,1
canonical,CANONICAL — REPAIRED G2 OOF,5835,10335,interstitial,zero_residual_v1,64,0,1,,,,,,1,1
canonical,CANONICAL — REPAIRED G2 OOF,5836,10336,adsorbate,zero_residual_v1,64,0,1,,,,,,1,1
canonical,CANONICAL — REPAIRED G2 OOF,5837,10337,interstitial,zero_residual_v1,64,0,1,,,,,,1,1
canonical,CANONICAL — REPAIRED G2 OOF,5838,10338,adsorbate,zero_residual_v1,64,0,1,,,,,,1,1
canonical,CANONICAL — REPAIRED G2 OOF,5839,10339,adsorbate,zero_residual_v1,64,0,1,,,,,,1,1
canonical,CANONICAL — REPAIRED G2 OOF,5841,10343,interstitial,zero_residual_v1,64,0,1,,,,,,1,1
canonical,CANONICAL — REPAIRED G2 OOF,5842,10345,adsorbate,zero_residual_v1,64,0,1,,,,,,1,1
canonical,CANONICAL — REPAIRED G2 OOF,5843,10346,interstitial,zero_residual_v1,64,0,1,,,,,,1,1
canonical,CANONICAL — REPAIRED G2 OOF,5844,10348,adsorbate,zero_residual_v1,64,0,1,,,,,,1,1
canonical,CANONICAL — REPAIRED G2 OOF,5845,10349,interstitial,zero_residual_v1,64,0,1,,,,,,1,1
canonical,CANONICAL — REPAIRED G2 OOF,5846,10350,adsorbate,zero_residual_v1,64,0,1,,,,,,1,1
canonical,CANONICAL — REPAIRED G2 OOF,5847,10351,interstitial,zero_residual_v1,64,0,1,,,,,,1,1
canonical,CANONICAL — REPAIRED G2 OOF,5848,10353,interstitial,zero_residual_v1,64,0,1,,,,,,1,1
canonical,CANONICAL — REPAIRED G2 OOF,5849,10355,interstitial,zero_residual_v1,64,0,1,,,,,,1,1
canonical,CANONICAL — REPAIRED G2 OOF,5850,10356,adsorbate,zero_residual_v1,64,0,1,,,,,,1,1
canonical,CANONICAL — REPAIRED G2 OOF,5851,10357,adsorbate,zero_residual_v1,64,0,1,,,,,,1,1
canonical,CANONICAL — REPAIRED G2 OOF,5852,10359,interstitial,zero_residual_v1,64,0,1,,,,,,1,1
canonical,CANONICAL — REPAIRED G2 OOF,5853,10360,adsorbate,zero_residual_v1,64,0,1,,,,,,1,1
canonical,CANONICAL — REPAIRED G2 OOF,5854,10361,adsorbate,zero_residual_v1,64,0,1,,,,,,1,1
canonical,CANONICAL — REPAIRED G2 OOF,5855,10364,adsorbate,zero_residual_v1,64,0,1,,,,,,1,1
canonical,CANONICAL — REPAIRED G2 OOF,5856,10365,adsorbate,zero_residual_v1,64,0,1,,,,,,1,1
canonical,CANONICAL — REPAIRED G2 OOF,5857,10366,adsorbate,zero_residual_v1,64,0,1,,,,,,1,1
canonical,CANONICAL — REPAIRED G2 OOF,5859,10370,adsorbate,zero_residual_v1,64,0,1,,,,,,1,1
canonical,CANONICAL — REPAIRED G2 OOF,5860,10371,adsorbate,zero_residual_v1,64,0,1,,,,,,1,1
canonical,CANONICAL — REPAIRED G2 OOF,5861,10373,interstitial,zero_residual_v1,64,0,1,,,,,,1,1
canonical,CANONICAL — REPAIRED G2 OOF,5862,10374,interstitial,zero_residual_v1,64,0,1,,,,,,1,1
canonical,CANONICAL — REPAIRED G2 OOF,5863,10377,interstitial,zero_residual_v1,64,0,1,,,,,,1,1
canonical,CANONICAL — REPAIRED G2 OOF,5864,10378,interstitial,zero_residual_v1,64,0,1,,,,,,1,1
canonical,CANONICAL — REPAIRED G2 OOF,5865,10379,interstitial,zero_residual_v1,64,0,1,,,,,,1,1
canonical,CANONICAL — REPAIRED G2 OOF,5866,10380,interstitial,zero_residual_v1,64,0,1,,,,,,1,1
canonical,CANONICAL — REPAIRED G2 OOF,5867,10382,interstitial,zero_residual_v1,64,0,1,,,,,,1,1
canonical,CANONICAL — REPAIRED G2 OOF,5868,10383,adsorbate,zero_residual_v1,64,0,1,,,,,,1,1
canonical,CANONICAL — REPAIRED G2 OOF,5869,10386,adsorbate,zero_residual_v1,64,0,1,,,,,,1,1
canonical,CANONICAL — REPAIRED G2 OOF,5870,10387,adsorbate,zero_residual_v1,64,0,1,,,,,,1,1
canonical,CANONICAL — REPAIRED G2 OOF,5871,10388,adsorbate,zero_residual_v1,64,0,1,,,,,,1,1
canonical,CANONICAL — REPAIRED G2 OOF,5872,10391,adsorbate,zero_residual_v1,64,0,1,,,,,,1,1
canonical,CANONICAL — REPAIRED G2 OOF,5873,10392,adsorbate,zero_residual_v1,64,0,1,,,,,,1,1
canonical,CANONICAL — REPAIRED G2 OOF,5874,10396,adsorbate,zero_residual_v1,64,0,1,,,,,,1,1
canonical,CANONICAL — REPAIRED G2 OOF,5875,10398,adsorbate,zero_residual_v1,64,0,1,,,,,,1,1
canonical,CANONICAL — REPAIRED G2 OOF,5876,10399,adsorbate,zero_residual_v1,64,0,1,,,,,,1,1
canonical,CANONICAL — REPAIRED G2 OOF,5877,10401,adsorbate,zero_residual_v1,64,0,1,,,,,,1,1
canonical,CANONICAL — REPAIRED G2 OOF,5878,10402,adsorbate,zero_residual_v1,64,0,1,,,,,,1,1
canonical,CANONICAL — REPAIRED G2 OOF,5879,10404,adsorbate,zero_residual_v1,64,0,1,,,,,,1,1
canonical,CANONICAL — REPAIRED G2 OOF,5880,10405,adsorbate,zero_residual_v1,64,0,1,,,,,,1,1
canonical,CANONICAL — REPAIRED G2 OOF,5881,10406,adsorbate,zero_residual_v1,64,0,1,,,,,,1,1
canonical,CANONICAL — REPAIRED G2 OOF,5883,10408,adsorbate,zero_residual_v1,64,0,1,,,,,,1,1
canonical,CANONICAL — REPAIRED G2 OOF,5884,10409,interstitial,zero_residual_v1,64,0,1,,,,,,1,1
canonical,CANONICAL — REPAIRED G2 OOF,5885,10410,adsorbate,zero_residual_v1,64,0,1,,,,,,1,1
canonical,CANONICAL — REPAIRED G2 OOF,5886,10413,adsorbate,zero_residual_v1,64,0,1,,,,,,1,1
canonical,CANONICAL — REPAIRED G2 OOF,5887,10415,adsorbate,zero_residual_v1,64,0,1,,,,,,1,1
canonical,CANONICAL — REPAIRED G2 OOF,5888,10417,adsorbate,zero_residual_v1,64,0,1,,,,,,1,1
canonical,CANONICAL — REPAIRED G2 OOF,5889,10419,adsorbate,zero_residual_v1,64,0,1,,,,,,1,1
canonical,CANONICAL — REPAIRED G2 OOF,5890,10420,interstitial,zero_residual_v1,64,0,1,,,,,,1,1
canonical,CANONICAL — REPAIRED G2 OOF,5891,10421,interstitial,zero_residual_v1,64,0,1,,,,,,1,1
canonical,CANONICAL — REPAIRED G2 OOF,5892,10423,interstitial,zero_residual_v1,64,0,1,,,,,,1,1
canonical,CANONICAL — REPAIRED G2 OOF,5893,10424,interstitial,zero_residual_v1,64,0,1,,,,,,1,1
canonical,CANONICAL — REPAIRED G2 OOF,5895,10428,adsorbate,zero_residual_v1,64,0,1,,,,,,1,1
canonical,CANONICAL — REPAIRED G2 OOF,5896,10429,adsorbate,zero_residual_v1,64,0,1,,,,,,1,1
canonical,CANONICAL — REPAIRED G2 OOF,5897,10430,interstitial,zero_residual_v1,64,0,1,,,,,,1,1
canonical,CANONICAL — REPAIRED G2 OOF,5898,10432,interstitial,zero_residual_v1,64,0,1,,,,,,1,1
canonical,CANONICAL — REPAIRED G2 OOF,5899,10434,interstitial,zero_residual_v1,64,0,1,,,,,,1,1
canonical,CANONICAL — REPAIRED G2 OOF,5900,10435,adsorbate,zero_residual_v1,64,0,1,,,,,,1,1
canonical,CANONICAL — REPAIRED G2 OOF,5901,10436,interstitial,zero_residual_v1,64,0,1,,,,,,1,1
canonical,CANONICAL — REPAIRED G2 OOF,5902,10437,adsorbate,zero_residual_v1,64,0,1,,,,,,1,1
canonical,CANONICAL — REPAIRED G2 OOF,5903,10438,adsorbate,zero_residual_v1,64,0,1,,,,,,1,1
canonical,CANONICAL — REPAIRED G2 OOF,5904,10439,adsorbate,zero_residual_v1,64,0,1,,,,,,1,1
canonical,CANONICAL — REPAIRED G2 OOF,5905,10440,adsorbate,zero_residual_v1,64,0,1,,,,,,1,1
canonical,CANONICAL — REPAIRED G2 OOF,5906,10441,adsorbate,zero_residual_v1,64,0,1,,,,,,1,1
canonical,CANONICAL — REPAIRED G2 OOF,5908,10443,adsorbate,zero_residual_v1,64,0,1,,,,,,1,1
canonical,CANONICAL — REPAIRED G2 OOF,5909,10445,adsorbate,zero_residual_v1,64,0,1,,,,,,1,1
canonical,CANONICAL — REPAIRED G2 OOF,5910,10446,interstitial,zero_residual_v1,64,0,1,,,,,,1,1
canonical,CANONICAL — REPAIRED G2 OOF,5911,10447,adsorbate,zero_residual_v1,64,0,1,,,,,,1,1
canonical,CANONICAL — REPAIRED G2 OOF,5912,10448,interstitial,zero_residual_v1,64,0,1,,,,,,1,1
canonical,CANONICAL — REPAIRED G2 OOF,5913,10449,adsorbate,zero_residual_v1,64,0,1,,,,,,1,1
canonical,CANONICAL — REPAIRED G2 OOF,5914,10451,interstitial,zero_residual_v1,64,0,1,,,,,,1,1
canonical,CANONICAL — REPAIRED G2 OOF,5915,10452,adsorbate,zero_residual_v1,64,0,1,,,,,,1,1
canonical,CANONICAL — REPAIRED G2 OOF,5916,10453,adsorbate,zero_residual_v1,64,0,1,,,,,,1,1
canonical,CANONICAL — REPAIRED G2 OOF,5917,10454,adsorbate,zero_residual_v1,64,0,1,,,,,,1,1
canonical,CANONICAL — REPAIRED G2 OOF,5918,10455,adsorbate,zero_residual_v1,64,0,1,,,,,,1,1
canonical,CANONICAL — REPAIRED G2 OOF,5919,10456,adsorbate,zero_residual_v1,64,0,1,,,,,,1,1
canonical,CANONICAL — REPAIRED G2 OOF,5920,10457,adsorbate,zero_residual_v1,64,0,1,,,,,,1,1
canonical,CANONICAL — REPAIRED G2 OOF,5921,10459,adsorbate,zero_residual_v1,64,0,1,,,,,,1,1
canonical,CANONICAL — REPAIRED G2 OOF,5922,10460,adsorbate,zero_residual_v1,64,0,1,,,,,,1,1
canonical,CANONICAL — REPAIRED G2 OOF,5923,10464,adsorbate,zero_residual_v1,64,0,1,,,,,,1,1
canonical,CANONICAL — REPAIRED G2 OOF,5924,10465,interstitial,zero_residual_v1,64,0,1,,,,,,1,1
canonical,CANONICAL — REPAIRED G2 OOF,5925,10466,adsorbate,zero_residual_v1,64,0,1,,,,,,1,1
canonical,CANONICAL — REPAIRED G2 OOF,5926,10467,interstitial,zero_residual_v1,64,0,1,,,,,,1,1
canonical,CANONICAL — REPAIRED G2 OOF,5927,10468,interstitial,zero_residual_v1,64,0,1,,,,,,1,1
canonical,CANONICAL — REPAIRED G2 OOF,5928,10469,adsorbate,zero_residual_v1,64,0,1,,,,,,1,1
canonical,CANONICAL — REPAIRED G2 OOF,5929,10470,adsorbate,zero_residual_v1,64,0,1,,,,,,1,1
canonical,CANONICAL — REPAIRED G2 OOF,5930,10472,adsorbate,zero_residual_v1,64,0,1,,,,,,1,1
canonical,CANONICAL — REPAIRED G2 OOF,5931,10473,adsorbate,zero_residual_v1,64,0,1,,,,,,1,1
canonical,CANONICAL — REPAIRED G2 OOF,5932,10474,adsorbate,zero_residual_v1,64,0,1,,,,,,1,1
canonical,CANONICAL — REPAIRED G2 OOF,5933,10476,interstitial,zero_residual_v1,64,0,1,,,,,,1,1
canonical,CANONICAL — REPAIRED G2 OOF,5934,10477,adsorbate,zero_residual_v1,64,0,1,,,,,,1,1
canonical,CANONICAL — REPAIRED G2 OOF,5935,10478,interstitial,zero_residual_v1,64,0,1,,,,,,1,1
canonical,CANONICAL — REPAIRED G2 OOF,5936,10479,adsorbate,zero_residual_v1,64,0,1,,,,,,1,1
canonical,CANONICAL — REPAIRED G2 OOF,5937,10480,interstitial,zero_residual_v1,64,0,1,,,,,,1,1
canonical,CANONICAL — REPAIRED G2 OOF,5938,10482,adsorbate,zero_residual_v1,64,0,1,,,,,,1,1
canonical,CANONICAL — REPAIRED G2 OOF,5939,10485,adsorbate,zero_residual_v1,64,0,1,,,,,,1,1
canonical,CANONICAL — REPAIRED G2 OOF,5940,10486,adsorbate,zero_residual_v1,64,0,1,,,,,,1,1
canonical,CANONICAL — REPAIRED G2 OOF,5941,10487,adsorbate,zero_residual_v1,64,0,1,,,,,,1,1
canonical,CANONICAL — REPAIRED G2 OOF,5942,10488,adsorbate,zero_residual_v1,64,0,1,,,,,,1,1
canonical,CANONICAL — REPAIRED G2 OOF,5943,10489,adsorbate,zero_residual_v1,64,0,1,,,,,,1,1
canonical,CANONICAL — REPAIRED G2 OOF,5944,10490,adsorbate,zero_residual_v1,64,0,1,,,,,,1,1
canonical,CANONICAL — REPAIRED G2 OOF,5945,10492,adsorbate,zero_residual_v1,64,0,1,,,,,,1,1
canonical,CANONICAL — REPAIRED G2 OOF,5946,10493,adsorbate,zero_residual_v1,64,0,1,,,,,,1,1
canonical,CANONICAL — REPAIRED G2 OOF,5947,10496,interstitial,zero_residual_v1,64,0,1,,,,,,1,1
canonical,CANONICAL — REPAIRED G2 OOF,5948,10499,interstitial,zero_residual_v1,64,0,1,,,,,,1,1
canonical,CANONICAL — REPAIRED G2 OOF,5949,10501,adsorbate,zero_residual_v1,64,0,1,,,,,,1,1
canonical,CANONICAL — REPAIRED G2 OOF,5950,10502,interstitial,zero_residual_v1,64,0,1,,,,,,1,1
canonical,CANONICAL — REPAIRED G2 OOF,5951,10505,adsorbate,zero_residual_v1,64,0,1,,,,,,1,1
canonical,CANONICAL — REPAIRED G2 OOF,5952,10506,interstitial,zero_residual_v1,64,0,1,,,,,,1,1
canonical,CANONICAL — REPAIRED G2 OOF,5953,10507,adsorbate,zero_residual_v1,64,0,1,,,,,,1,1
canonical,CANONICAL — REPAIRED G2 OOF,5954,10508,interstitial,zero_residual_v1,64,0,1,,,,,,1,1
canonical,CANONICAL — REPAIRED G2 OOF,5955,10509,interstitial,zero_residual_v1,64,0,1,,,,,,1,1
canonical,CANONICAL — REPAIRED G2 OOF,5956,10510,interstitial,zero_residual_v1,64,0,1,,,,,,1,1
canonical,CANONICAL — REPAIRED G2 OOF,5957,10511,adsorbate,zero_residual_v1,64,0,1,,,,,,1,1
canonical,CANONICAL — REPAIRED G2 OOF,5958,10513,adsorbate,zero_residual_v1,64,0,1,,,,,,1,1
canonical,CANONICAL — REPAIRED G2 OOF,5959,10515,adsorbate,zero_residual_v1,64,0,1,,,,,,1,1
canonical,CANONICAL — REPAIRED G2 OOF,5960,10516,adsorbate,zero_residual_v1,64,0,1,,,,,,1,1
canonical,CANONICAL — REPAIRED G2 OOF,5961,10518,adsorbate,zero_residual_v1,64,0,1,,,,,,1,1
canonical,CANONICAL — REPAIRED G2 OOF,5962,10519,adsorbate,zero_residual_v1,64,0,1,,,,,,1,1
canonical,CANONICAL — REPAIRED G2 OOF,5963,10520,interstitial,zero_residual_v1,64,0,1,,,,,,1,1
canonical,CANONICAL — REPAIRED G2 OOF,5964,10521,adsorbate,zero_residual_v1,64,0,1,,,,,,1,1
canonical,CANONICAL — REPAIRED G2 OOF,5965,10522,interstitial,zero_residual_v1,64,0,1,,,,,,1,1
canonical,CANONICAL — REPAIRED G2 OOF,5966,10523,adsorbate,zero_residual_v1,64,0,1,,,,,,1,1
canonical,CANONICAL — REPAIRED G2 OOF,5967,10524,adsorbate,zero_residual_v1,64,0,1,,,,,,1,1
canonical,CANONICAL — REPAIRED G2 OOF,5968,10525,interstitial,zero_residual_v1,64,0,1,,,,,,1,1
canonical,CANONICAL — REPAIRED G2 OOF,5969,10526,interstitial,zero_residual_v1,64,0,1,,,,,,1,1
canonical,CANONICAL — REPAIRED G2 OOF,5970,10528,interstitial,zero_residual_v1,64,0,1,,,,,,1,1
canonical,CANONICAL — REPAIRED G2 OOF,5972,10530,adsorbate,zero_residual_v1,64,0,1,,,,,,1,1
canonical,CANONICAL — REPAIRED G2 OOF,5973,10531,adsorbate,zero_residual_v1,64,0,1,,,,,,1,1
canonical,CANONICAL — REPAIRED G2 OOF,5974,10532,adsorbate,zero_residual_v1,64,0,1,,,,,,1,1
canonical,CANONICAL — REPAIRED G2 OOF,5975,10533,adsorbate,zero_residual_v1,64,0,1,,,,,,1,1
canonical,CANONICAL — REPAIRED G2 OOF,5976,10534,adsorbate,zero_residual_v1,64,0,1,,,,,,1,1
canonical,CANONICAL — REPAIRED G2 OOF,5977,10535,adsorbate,zero_residual_v1,64,0,1,,,,,,1,1
canonical,CANONICAL — REPAIRED G2 OOF,5978,10536,interstitial,zero_residual_v1,64,0,1,,,,,,1,1
canonical,CANONICAL — REPAIRED G2 OOF,5979,10538,interstitial,zero_residual_v1,64,0,1,,,,,,1,1
canonical,CANONICAL — REPAIRED G2 OOF,5980,10540,adsorbate,zero_residual_v1,64,0,1,,,,,,1,1
canonical,CANONICAL — REPAIRED G2 OOF,5981,10541,adsorbate,zero_residual_v1,64,0,1,,,,,,1,1
canonical,CANONICAL — REPAIRED G2 OOF,5982,10542,adsorbate,zero_residual_v1,64,0,1,,,,,,1,1
canonical,CANONICAL — REPAIRED G2 OOF,5983,10544,adsorbate,zero_residual_v1,64,0,1,,,,,,1,1
canonical,CANONICAL — REPAIRED G2 OOF,5984,10545,adsorbate,zero_residual_v1,64,0,1,,,,,,1,1
canonical,CANONICAL — REPAIRED G2 OOF,5985,10546,adsorbate,zero_residual_v1,64,0,1,,,,,,1,1
canonical,CANONICAL — REPAIRED G2 OOF,5986,10547,adsorbate,zero_residual_v1,64,0,1,,,,,,1,1
canonical,CANONICAL — REPAIRED G2 OOF,5987,10549,adsorbate,zero_residual_v1,64,0,1,,,,,,1,1
canonical,CANONICAL — REPAIRED G2 OOF,5988,10550,adsorbate,zero_residual_v1,64,0,1,,,,,,1,1
canonical,CANONICAL — REPAIRED G2 OOF,5989,10551,interstitial,zero_residual_v1,64,0,1,,,,,,1,1
canonical,CANONICAL — REPAIRED G2 OOF,5990,10552,adsorbate,zero_residual_v1,64,0,1,,,,,,1,1
canonical,CANONICAL — REPAIRED G2 OOF,5991,10553,adsorbate,zero_residual_v1,64,0,1,,,,,,1,1
canonical,CANONICAL — REPAIRED G2 OOF,5992,10554,adsorbate,zero_residual_v1,64,0,1,,,,,,1,1
canonical,CANONICAL — REPAIRED G2 OOF,5993,10558,adsorbate,zero_residual_v1,64,0,1,,,,,,1,1
canonical,CANONICAL — REPAIRED G2 OOF,5994,10559,interstitial,zero_residual_v1,64,0,1,,,,,,1,1
canonical,CANONICAL — REPAIRED G2 OOF,5995,10561,adsorbate,zero_residual_v1,64,0,1,,,,,,1,1
canonical,CANONICAL — REPAIRED G2 OOF,5996,10562,adsorbate,zero_residual_v1,64,0,1,,,,,,1,1
canonical,CANONICAL — REPAIRED G2 OOF,5997,10564,adsorbate,zero_residual_v1,64,0,1,,,,,,1,1
canonical,CANONICAL — REPAIRED G2 OOF,5998,10565,adsorbate,zero_residual_v1,64,0,1,,,,,,1,1
canonical,CANONICAL — REPAIRED G2 OOF,5999,10566,interstitial,zero_residual_v1,64,0,1,,,,,,1,1
canonical,CANONICAL — REPAIRED G2 OOF,6000,10567,adsorbate,zero_residual_v1,64,0,1,,,,,,1,1
canonical,CANONICAL — REPAIRED G2 OOF,6001,10568,interstitial,zero_residual_v1,64,0,1,,,,,,1,1
canonical,CANONICAL — REPAIRED G2 OOF,6002,10569,adsorbate,zero_residual_v1,64,0,1,,,,,,1,1
canonical,CANONICAL — REPAIRED G2 OOF,6003,10570,adsorbate,zero_residual_v1,64,0,1,,,,,,1,1
canonical,CANONICAL — REPAIRED G2 OOF,6004,10571,adsorbate,zero_residual_v1,64,0,1,,,,,,1,1
canonical,CANONICAL — REPAIRED G2 OOF,6005,10573,adsorbate,zero_residual_v1,64,0,1,,,,,,1,1
canonical,CANONICAL — REPAIRED G2 OOF,6006,10574,adsorbate,zero_residual_v1,64,0,1,,,,,,1,1
canonical,CANONICAL — REPAIRED G2 OOF,6007,10576,adsorbate,zero_residual_v1,64,0,1,,,,,,1,1
canonical,CANONICAL — REPAIRED G2 OOF,6008,10578,adsorbate,zero_residual_v1,64,0,1,,,,,,1,1
canonical,CANONICAL — REPAIRED G2 OOF,6009,10579,adsorbate,zero_residual_v1,64,0,1,,,,,,1,1
canonical,CANONICAL — REPAIRED G2 OOF,6010,10580,interstitial,zero_residual_v1,64,0,1,,,,,,1,1
canonical,CANONICAL — REPAIRED G2 OOF,6011,10581,interstitial,zero_residual_v1,64,0,1,,,,,,1,1
canonical,CANONICAL — REPAIRED G2 OOF,6012,10582,interstitial,zero_residual_v1,64,0,1,,,,,,1,1
canonical,CANONICAL — REPAIRED G2 OOF,6013,10583,adsorbate,zero_residual_v1,64,0,1,,,,,,1,1
canonical,CANONICAL — REPAIRED G2 OOF,6014,10584,interstitial,zero_residual_v1,64,0,1,,,,,,1,1
canonical,CANONICAL — REPAIRED G2 OOF,6015,10585,adsorbate,zero_residual_v1,64,0,1,,,,,,1,1
canonical,CANONICAL — REPAIRED G2 OOF,6016,10587,adsorbate,zero_residual_v1,64,0,1,,,,,,1,1
canonical,CANONICAL — REPAIRED G2 OOF,6017,10588,adsorbate,zero_residual_v1,64,0,1,,,,,,1,1
canonical,CANONICAL — REPAIRED G2 OOF,6018,10589,interstitial,zero_residual_v1,64,0,1,,,,,,1,1
canonical,CANONICAL — REPAIRED G2 OOF,6019,10590,adsorbate,zero_residual_v1,64,0,1,,,,,,1,1
canonical,CANONICAL — REPAIRED G2 OOF,6020,10592,interstitial,zero_residual_v1,64,0,1,,,,,,1,1
canonical,CANONICAL — REPAIRED G2 OOF,6021,10593,adsorbate,zero_residual_v1,64,0,1,,,,,,1,1
canonical,CANONICAL — REPAIRED G2 OOF,6022,10595,adsorbate,zero_residual_v1,64,0,1,,,,,,1,1
canonical,CANONICAL — REPAIRED G2 OOF,6023,10596,adsorbate,zero_residual_v1,64,0,1,,,,,,1,1
canonical,CANONICAL — REPAIRED G2 OOF,6024,10597,adsorbate,zero_residual_v1,64,0,1,,,,,,1,1
canonical,CANONICAL — REPAIRED G2 OOF,6025,10598,adsorbate,zero_residual_v1,64,0,1,,,,,,1,1
canonical,CANONICAL — REPAIRED G2 OOF,6026,10599,adsorbate,zero_residual_v1,64,0,1,,,,,,1,1
canonical,CANONICAL — REPAIRED G2 OOF,6027,10600,adsorbate,zero_residual_v1,64,0,1,,,,,,1,1
canonical,CANONICAL — REPAIRED G2 OOF,6028,10601,adsorbate,zero_residual_v1,64,0,1,,,,,,1,1
canonical,CANONICAL — REPAIRED G2 OOF,6029,10602,interstitial,zero_residual_v1,64,0,1,,,,,,1,1
canonical,CANONICAL — REPAIRED G2 OOF,6030,10603,adsorbate,zero_residual_v1,64,0,1,,,,,,1,1
canonical,CANONICAL — REPAIRED G2 OOF,6031,10604,adsorbate,zero_residual_v1,64,0,1,,,,,,1,1
canonical,CANONICAL — REPAIRED G2 OOF,6032,10607,adsorbate,zero_residual_v1,64,0,1,,,,,,1,1
canonical,CANONICAL — REPAIRED G2 OOF,6033,10609,interstitial,zero_residual_v1,64,0,1,,,,,,1,1
canonical,CANONICAL — REPAIRED G2 OOF,6034,10610,adsorbate,zero_residual_v1,64,0,1,,,,,,1,1
canonical,CANONICAL — REPAIRED G2 OOF,6035,10613,adsorbate,zero_residual_v1,64,0,1,,,,,,1,1
canonical,CANONICAL — REPAIRED G2 OOF,6036,10614,interstitial,zero_residual_v1,64,0,1,,,,,,1,1
canonical,CANONICAL — REPAIRED G2 OOF,6037,10615,adsorbate,zero_residual_v1,64,0,1,,,,,,1,1
canonical,CANONICAL — REPAIRED G2 OOF,6038,10617,interstitial,zero_residual_v1,64,0,1,,,,,,1,1
canonical,CANONICAL — REPAIRED G2 OOF,6039,10618,interstitial,zero_residual_v1,64,0,1,,,,,,1,1
canonical,CANONICAL — REPAIRED G2 OOF,6040,10621,adsorbate,zero_residual_v1,64,0,1,,,,,,1,1
canonical,CANONICAL — REPAIRED G2 OOF,6041,10622,adsorbate,zero_residual_v1,64,0,1,,,,,,1,1
canonical,CANONICAL — REPAIRED G2 OOF,6042,10625,adsorbate,zero_residual_v1,64,0,1,,,,,,1,1
canonical,CANONICAL — REPAIRED G2 OOF,6043,10627,adsorbate,zero_residual_v1,64,0,1,,,,,,1,1
canonical,CANONICAL — REPAIRED G2 OOF,6044,10630,adsorbate,zero_residual_v1,64,0,1,,,,,,1,1
canonical,CANONICAL — REPAIRED G2 OOF,6045,10631,adsorbate,zero_residual_v1,64,0,1,,,,,,1,1
canonical,CANONICAL — REPAIRED G2 OOF,6046,10633,adsorbate,zero_residual_v1,64,0,1,,,,,,1,1
canonical,CANONICAL — REPAIRED G2 OOF,6047,10634,interstitial,zero_residual_v1,64,0,1,,,,,,1,1
canonical,CANONICAL — REPAIRED G2 OOF,6048,10636,adsorbate,zero_residual_v1,64,0,1,,,,,,1,1
canonical,CANONICAL — REPAIRED G2 OOF,6049,10637,adsorbate,zero_residual_v1,64,0,1,,,,,,1,1
canonical,CANONICAL — REPAIRED G2 OOF,6051,10640,adsorbate,zero_residual_v1,64,0,1,,,,,,1,1
canonical,CANONICAL — REPAIRED G2 OOF,6052,10641,adsorbate,zero_residual_v1,64,0,1,,,,,,1,1
canonical,CANONICAL — REPAIRED G2 OOF,6053,10642,adsorbate,zero_residual_v1,64,0,1,,,,,,1,1
canonical,CANONICAL — REPAIRED G2 OOF,6054,10643,adsorbate,zero_residual_v1,64,0,1,,,,,,1,1
canonical,CANONICAL — REPAIRED G2 OOF,6055,10645,interstitial,zero_residual_v1,64,0,1,,,,,,1,1
canonical,CANONICAL — REPAIRED G2 OOF,6056,10647,adsorbate,zero_residual_v1,64,0,1,,,,,,1,1
canonical,CANONICAL — REPAIRED G2 OOF,6057,10648,interstitial,zero_residual_v1,64,0,1,,,,,,1,1
canonical,CANONICAL — REPAIRED G2 OOF,6058,10649,interstitial,zero_residual_v1,64,0,1,,,,,,1,1
canonical,CANONICAL — REPAIRED G2 OOF,6059,10651,adsorbate,zero_residual_v1,64,0,1,,,,,,1,1
canonical,CANONICAL — REPAIRED G2 OOF,6060,10652,adsorbate,zero_residual_v1,64,0,1,,,,,,1,1
canonical,CANONICAL — REPAIRED G2 OOF,6061,10653,adsorbate,zero_residual_v1,64,0,1,,,,,,1,1
canonical,CANONICAL — REPAIRED G2 OOF,6062,10654,adsorbate,zero_residual_v1,64,0,1,,,,,,1,1
canonical,CANONICAL — REPAIRED G2 OOF,6063,10656,adsorbate,zero_residual_v1,64,0,1,,,,,,1,1
canonical,CANONICAL — REPAIRED G2 OOF,6064,10658,interstitial,zero_residual_v1,64,0,1,,,,,,1,1
canonical,CANONICAL — REPAIRED G2 OOF,6066,10663,adsorbate,zero_residual_v1,64,0,1,,,,,,1,1
canonical,CANONICAL — REPAIRED G2 OOF,6067,10664,adsorbate,zero_residual_v1,64,0,1,,,,,,1,1
canonical,CANONICAL — REPAIRED G2 OOF,6068,10665,adsorbate,zero_residual_v1,64,0,1,,,,,,1,1
canonical,CANONICAL — REPAIRED G2 OOF,6069,10666,adsorbate,zero_residual_v1,64,0,1,,,,,,1,1
canonical,CANONICAL — REPAIRED G2 OOF,6070,10670,interstitial,zero_residual_v1,64,0,1,,,,,,1,1
canonical,CANONICAL — REPAIRED G2 OOF,6071,10671,adsorbate,zero_residual_v1,64,0,1,,,,,,1,1
canonical,CANONICAL — REPAIRED G2 OOF,6072,10672,adsorbate,zero_residual_v1,64,0,1,,,,,,1,1
canonical,CANONICAL — REPAIRED G2 OOF,6073,10673,interstitial,zero_residual_v1,64,0,1,,,,,,1,1
canonical,CANONICAL — REPAIRED G2 OOF,6074,10674,adsorbate,zero_residual_v1,64,0,1,,,,,,1,1
canonical,CANONICAL — REPAIRED G2 OOF,6075,10675,adsorbate,zero_residual_v1,64,0,1,,,,,,1,1
canonical,CANONICAL — REPAIRED G2 OOF,6076,10676,adsorbate,zero_residual_v1,64,0,1,,,,,,1,1
canonical,CANONICAL — REPAIRED G2 OOF,6077,10677,adsorbate,zero_residual_v1,64,0,1,,,,,,1,1
canonical,CANONICAL — REPAIRED G2 OOF,6078,10679,adsorbate,zero_residual_v1,64,0,1,,,,,,1,1
canonical,CANONICAL — REPAIRED G2 OOF,6079,10680,adsorbate,zero_residual_v1,64,0,1,,,,,,1,1
canonical,CANONICAL — REPAIRED G2 OOF,6080,10681,adsorbate,zero_residual_v1,64,0,1,,,,,,1,1
canonical,CANONICAL — REPAIRED G2 OOF,6081,10683,interstitial,zero_residual_v1,64,0,1,,,,,,1,1
canonical,CANONICAL — REPAIRED G2 OOF,6082,10684,adsorbate,zero_residual_v1,64,0,1,,,,,,1,1
canonical,CANONICAL — REPAIRED G2 OOF,6083,10685,adsorbate,zero_residual_v1,64,0,1,,,,,,1,1
canonical,CANONICAL — REPAIRED G2 OOF,6084,10686,adsorbate,zero_residual_v1,64,0,1,,,,,,1,1
canonical,CANONICAL — REPAIRED G2 OOF,6085,10687,adsorbate,zero_residual_v1,64,0,1,,,,,,1,1
canonical,CANONICAL — REPAIRED G2 OOF,6086,10688,adsorbate,zero_residual_v1,64,0,1,,,,,,1,1
canonical,CANONICAL — REPAIRED G2 OOF,6087,10690,adsorbate,zero_residual_v1,64,0,1,,,,,,1,1
canonical,CANONICAL — REPAIRED G2 OOF,6088,10691,adsorbate,zero_residual_v1,64,0,1,,,,,,1,1
canonical,CANONICAL — REPAIRED G2 OOF,6089,10694,adsorbate,zero_residual_v1,64,0,1,,,,,,1,1
canonical,CANONICAL — REPAIRED G2 OOF,6090,10695,interstitial,zero_residual_v1,64,0,1,,,,,,1,1
canonical,CANONICAL — REPAIRED G2 OOF,6091,10697,interstitial,zero_residual_v1,64,0,1,,,,,,1,1
canonical,CANONICAL — REPAIRED G2 OOF,6092,10699,adsorbate,zero_residual_v1,64,0,1,,,,,,1,1
canonical,CANONICAL — REPAIRED G2 OOF,6093,10703,adsorbate,zero_residual_v1,64,0,1,,,,,,1,1
canonical,CANONICAL — REPAIRED G2 OOF,6094,10704,adsorbate,zero_residual_v1,64,0,1,,,,,,1,1
canonical,CANONICAL — REPAIRED G2 OOF,6095,10705,adsorbate,zero_residual_v1,64,0,1,,,,,,1,1
canonical,CANONICAL — REPAIRED G2 OOF,6096,10706,adsorbate,zero_residual_v1,64,0,1,,,,,,1,1
canonical,CANONICAL — REPAIRED G2 OOF,6097,10707,interstitial,zero_residual_v1,64,0,1,,,,,,1,1
canonical,CANONICAL — REPAIRED G2 OOF,6098,10709,interstitial,zero_residual_v1,64,0,1,,,,,,1,1
canonical,CANONICAL — REPAIRED G2 OOF,6099,10712,adsorbate,zero_residual_v1,64,0,1,,,,,,1,1
canonical,CANONICAL — REPAIRED G2 OOF,6100,10716,adsorbate,zero_residual_v1,64,0,1,,,,,,1,1
canonical,CANONICAL — REPAIRED G2 OOF,6102,10718,adsorbate,zero_residual_v1,64,0,1,,,,,,1,1
canonical,CANONICAL — REPAIRED G2 OOF,6103,10719,adsorbate,zero_residual_v1,64,0,1,,,,,,1,1
canonical,CANONICAL — REPAIRED G2 OOF,6104,10721,interstitial,zero_residual_v1,64,0,1,,,,,,1,1
canonical,CANONICAL — REPAIRED G2 OOF,6105,10723,interstitial,zero_residual_v1,64,0,1,,,,,,1,1
canonical,CANONICAL — REPAIRED G2 OOF,6106,10724,interstitial,zero_residual_v1,64,0,1,,,,,,1,1
canonical,CANONICAL — REPAIRED G2 OOF,6107,10725,adsorbate,zero_residual_v1,64,0,1,,,,,,1,1
canonical,CANONICAL — REPAIRED G2 OOF,6108,10726,interstitial,zero_residual_v1,64,0,1,,,,,,1,1
canonical,CANONICAL — REPAIRED G2 OOF,6109,10728,interstitial,zero_residual_v1,64,0,1,,,,,,1,1
canonical,CANONICAL — REPAIRED G2 OOF,6110,10730,adsorbate,zero_residual_v1,64,0,1,,,,,,1,1
canonical,CANONICAL — REPAIRED G2 OOF,6112,10733,adsorbate,zero_residual_v1,64,0,1,,,,,,1,1
canonical,CANONICAL — REPAIRED G2 OOF,6113,10734,interstitial,zero_residual_v1,64,0,1,,,,,,1,1
canonical,CANONICAL — REPAIRED G2 OOF,6115,10738,adsorbate,zero_residual_v1,64,0,1,,,,,,1,1
canonical,CANONICAL — REPAIRED G2 OOF,6116,10739,adsorbate,zero_residual_v1,64,0,1,,,,,,1,1
canonical,CANONICAL — REPAIRED G2 OOF,6117,10740,adsorbate,zero_residual_v1,64,0,1,,,,,,1,1
canonical,CANONICAL — REPAIRED G2 OOF,6118,10742,interstitial,zero_residual_v1,64,0,1,,,,,,1,1
canonical,CANONICAL — REPAIRED G2 OOF,6119,10743,interstitial,zero_residual_v1,64,0,1,,,,,,1,1
canonical,CANONICAL — REPAIRED G2 OOF,6120,10744,interstitial,zero_residual_v1,64,0,1,,,,,,1,1
canonical,CANONICAL — REPAIRED G2 OOF,6121,10745,adsorbate,zero_residual_v1,64,0,1,,,,,,1,1
canonical,CANONICAL — REPAIRED G2 OOF,6122,10746,adsorbate,zero_residual_v1,64,0,1,,,,,,1,1
canonical,CANONICAL — REPAIRED G2 OOF,6123,10749,adsorbate,zero_residual_v1,64,0,1,,,,,,1,1
canonical,CANONICAL — REPAIRED G2 OOF,6124,10751,adsorbate,zero_residual_v1,64,0,1,,,,,,1,1
canonical,CANONICAL — REPAIRED G2 OOF,6125,10752,adsorbate,zero_residual_v1,64,0,1,,,,,,1,1
canonical,CANONICAL — REPAIRED G2 OOF,6126,10753,adsorbate,zero_residual_v1,64,0,1,,,,,,1,1
canonical,CANONICAL — REPAIRED G2 OOF,6127,10757,adsorbate,zero_residual_v1,64,0,1,,,,,,1,1
canonical,CANONICAL — REPAIRED G2 OOF,6128,10760,adsorbate,zero_residual_v1,64,0,1,,,,,,1,1
canonical,CANONICAL — REPAIRED G2 OOF,6129,10761,interstitial,zero_residual_v1,64,0,1,,,,,,1,1
canonical,CANONICAL — REPAIRED G2 OOF,6130,10762,adsorbate,zero_residual_v1,64,0,1,,,,,,1,1
canonical,CANONICAL — REPAIRED G2 OOF,6131,10764,adsorbate,zero_residual_v1,64,0,1,,,,,,1,1
canonical,CANONICAL — REPAIRED G2 OOF,6132,10765,interstitial,zero_residual_v1,64,0,1,,,,,,1,1
canonical,CANONICAL — REPAIRED G2 OOF,6133,10766,adsorbate,zero_residual_v1,64,0,1,,,,,,1,1
canonical,CANONICAL — REPAIRED G2 OOF,6134,10768,adsorbate,zero_residual_v1,64,0,1,,,,,,1,1
canonical,CANONICAL — REPAIRED G2 OOF,6135,10769,adsorbate,zero_residual_v1,64,0,1,,,,,,1,1
canonical,CANONICAL — REPAIRED G2 OOF,6136,10770,adsorbate,zero_residual_v1,64,0,1,,,,,,1,1
canonical,CANONICAL — REPAIRED G2 OOF,6137,10772,interstitial,zero_residual_v1,64,0,1,,,,,,1,1
canonical,CANONICAL — REPAIRED G2 OOF,6138,10775,adsorbate,zero_residual_v1,64,0,1,,,,,,1,1
canonical,CANONICAL — REPAIRED G2 OOF,6139,10776,adsorbate,zero_residual_v1,64,0,1,,,,,,1,1
canonical,CANONICAL — REPAIRED G2 OOF,6140,10778,adsorbate,zero_residual_v1,64,0,1,,,,,,1,1
canonical,CANONICAL — REPAIRED G2 OOF,6141,10779,interstitial,zero_residual_v1,64,0,1,,,,,,1,1
canonical,CANONICAL — REPAIRED G2 OOF,6143,10782,adsorbate,zero_residual_v1,64,0,1,,,,,,1,1
canonical,CANONICAL — REPAIRED G2 OOF,6144,10785,interstitial,zero_residual_v1,64,0,1,,,,,,1,1
canonical,CANONICAL — REPAIRED G2 OOF,6145,10786,adsorbate,zero_residual_v1,64,0,1,,,,,,1,1
canonical,CANONICAL — REPAIRED G2 OOF,6146,10787,interstitial,zero_residual_v1,64,0,1,,,,,,1,1
canonical,CANONICAL — REPAIRED G2 OOF,6147,10788,adsorbate,zero_residual_v1,64,0,1,,,,,,1,1
canonical,CANONICAL — REPAIRED G2 OOF,6148,10789,adsorbate,zero_residual_v1,64,0,1,,,,,,1,1
canonical,CANONICAL — REPAIRED G2 OOF,6149,10794,interstitial,zero_residual_v1,64,0,1,,,,,,1,1
canonical,CANONICAL — REPAIRED G2 OOF,6150,10796,interstitial,zero_residual_v1,64,0,1,,,,,,1,1
canonical,CANONICAL — REPAIRED G2 OOF,6151,10797,adsorbate,zero_residual_v1,64,0,1,,,,,,1,1
canonical,CANONICAL — REPAIRED G2 OOF,6152,10798,adsorbate,zero_residual_v1,64,0,1,,,,,,1,1
canonical,CANONICAL — REPAIRED G2 OOF,6153,10799,adsorbate,zero_residual_v1,64,0,1,,,,,,1,1
canonical,CANONICAL — REPAIRED G2 OOF,6154,10800,adsorbate,zero_residual_v1,64,0,1,,,,,,1,1
canonical,CANONICAL — REPAIRED G2 OOF,6155,10801,interstitial,zero_residual_v1,64,0,1,,,,,,1,1
canonical,CANONICAL — REPAIRED G2 OOF,6156,10803,adsorbate,zero_residual_v1,64,0,1,,,,,,1,1
canonical,CANONICAL — REPAIRED G2 OOF,6157,10805,interstitial,zero_residual_v1,64,0,1,,,,,,1,1
canonical,CANONICAL — REPAIRED G2 OOF,6158,10806,adsorbate,zero_residual_v1,64,0,1,,,,,,1,1
canonical,CANONICAL — REPAIRED G2 OOF,6160,10808,adsorbate,zero_residual_v1,64,0,1,,,,,,1,1
canonical,CANONICAL — REPAIRED G2 OOF,6161,10809,adsorbate,zero_residual_v1,64,0,1,,,,,,1,1
canonical,CANONICAL — REPAIRED G2 OOF,6162,10811,adsorbate,zero_residual_v1,64,0,1,,,,,,1,1
canonical,CANONICAL — REPAIRED G2 OOF,6163,10812,adsorbate,zero_residual_v1,64,0,1,,,,,,1,1
canonical,CANONICAL — REPAIRED G2 OOF,6164,10813,adsorbate,zero_residual_v1,64,0,1,,,,,,1,1
canonical,CANONICAL — REPAIRED G2 OOF,6165,10815,adsorbate,zero_residual_v1,64,0,1,,,,,,1,1
canonical,CANONICAL — REPAIRED G2 OOF,6166,10816,adsorbate,zero_residual_v1,64,0,1,,,,,,1,1
canonical,CANONICAL — REPAIRED G2 OOF,6167,10819,adsorbate,zero_residual_v1,64,0,1,,,,,,1,1
canonical,CANONICAL — REPAIRED G2 OOF,6168,10820,adsorbate,zero_residual_v1,64,0,1,,,,,,1,1
canonical,CANONICAL — REPAIRED G2 OOF,6169,10821,adsorbate,zero_residual_v1,64,0,1,,,,,,1,1
canonical,CANONICAL — REPAIRED G2 OOF,6170,10824,adsorbate,zero_residual_v1,64,0,1,,,,,,1,1
canonical,CANONICAL — REPAIRED G2 OOF,6171,10826,adsorbate,zero_residual_v1,64,0,1,,,,,,1,1
canonical,CANONICAL — REPAIRED G2 OOF,6172,10827,adsorbate,zero_residual_v1,64,0,1,,,,,,1,1
canonical,CANONICAL — REPAIRED G2 OOF,6173,10829,interstitial,zero_residual_v1,64,0,1,,,,,,1,1
canonical,CANONICAL — REPAIRED G2 OOF,6174,10830,adsorbate,zero_residual_v1,64,0,1,,,,,,1,1
canonical,CANONICAL — REPAIRED G2 OOF,6175,10831,adsorbate,zero_residual_v1,64,0,1,,,,,,1,1
canonical,CANONICAL — REPAIRED G2 OOF,6176,10832,interstitial,zero_residual_v1,64,0,1,,,,,,1,1
canonical,CANONICAL — REPAIRED G2 OOF,6177,10833,adsorbate,zero_residual_v1,64,0,1,,,,,,1,1
canonical,CANONICAL — REPAIRED G2 OOF,6178,10834,interstitial,zero_residual_v1,64,0,1,,,,,,1,1
canonical,CANONICAL — REPAIRED G2 OOF,6179,10835,adsorbate,zero_residual_v1,64,0,1,,,,,,1,1
canonical,CANONICAL — REPAIRED G2 OOF,6180,10837,adsorbate,zero_residual_v1,64,0,1,,,,,,1,1
canonical,CANONICAL — REPAIRED G2 OOF,6181,10838,interstitial,zero_residual_v1,64,0,1,,,,,,1,1
canonical,CANONICAL — REPAIRED G2 OOF,6182,10839,adsorbate,zero_residual_v1,64,0,1,,,,,,1,1
canonical,CANONICAL — REPAIRED G2 OOF,6183,10840,interstitial,zero_residual_v1,64,0,1,,,,,,1,1
canonical,CANONICAL — REPAIRED G2 OOF,6184,10841,adsorbate,zero_residual_v1,64,0,1,,,,,,1,1
canonical,CANONICAL — REPAIRED G2 OOF,6185,10842,adsorbate,zero_residual_v1,64,0,1,,,,,,1,1
canonical,CANONICAL — REPAIRED G2 OOF,6186,10843,adsorbate,zero_residual_v1,64,0,1,,,,,,1,1
canonical,CANONICAL — REPAIRED G2 OOF,6187,10844,adsorbate,zero_residual_v1,64,0,1,,,,,,1,1
canonical,CANONICAL — REPAIRED G2 OOF,6188,10845,interstitial,zero_residual_v1,64,0,1,,,,,,1,1
canonical,CANONICAL — REPAIRED G2 OOF,6189,10846,adsorbate,zero_residual_v1,64,0,1,,,,,,1,1
canonical,CANONICAL — REPAIRED G2 OOF,6190,10847,adsorbate,zero_residual_v1,64,0,1,,,,,,1,1
canonical,CANONICAL — REPAIRED G2 OOF,6191,10848,adsorbate,zero_residual_v1,64,0,1,,,,,,1,1
canonical,CANONICAL — REPAIRED G2 OOF,6192,10849,adsorbate,zero_residual_v1,64,0,1,,,,,,1,1
canonical,CANONICAL — REPAIRED G2 OOF,6193,10853,interstitial,zero_residual_v1,64,0,1,,,,,,1,1
canonical,CANONICAL — REPAIRED G2 OOF,6194,10854,interstitial,zero_residual_v1,64,0,1,,,,,,1,1
canonical,CANONICAL — REPAIRED G2 OOF,6195,10855,adsorbate,zero_residual_v1,64,0,1,,,,,,1,1
canonical,CANONICAL — REPAIRED G2 OOF,6196,10856,adsorbate,zero_residual_v1,64,0,1,,,,,,1,1
canonical,CANONICAL — REPAIRED G2 OOF,6197,10858,adsorbate,zero_residual_v1,64,0,1,,,,,,1,1
canonical,CANONICAL — REPAIRED G2 OOF,6198,10859,adsorbate,zero_residual_v1,64,0,1,,,,,,1,1
canonical,CANONICAL — REPAIRED G2 OOF,6199,10860,adsorbate,zero_residual_v1,64,0,1,,,,,,1,1
canonical,CANONICAL — REPAIRED G2 OOF,6200,10862,adsorbate,zero_residual_v1,64,0,1,,,,,,1,1
canonical,CANONICAL — REPAIRED G2 OOF,6202,10865,adsorbate,zero_residual_v1,64,0,1,,,,,,1,1
canonical,CANONICAL — REPAIRED G2 OOF,6203,10868,adsorbate,zero_residual_v1,64,0,1,,,,,,1,1
canonical,CANONICAL — REPAIRED G2 OOF,6204,10869,interstitial,zero_residual_v1,64,0,1,,,,,,1,1
canonical,CANONICAL — REPAIRED G2 OOF,6205,10870,interstitial,zero_residual_v1,64,0,1,,,,,,1,1
canonical,CANONICAL — REPAIRED G2 OOF,6206,10873,adsorbate,zero_residual_v1,64,0,1,,,,,,1,1
canonical,CANONICAL — REPAIRED G2 OOF,6207,10874,adsorbate,zero_residual_v1,64,0,1,,,,,,1,1
canonical,CANONICAL — REPAIRED G2 OOF,6208,10875,adsorbate,zero_residual_v1,64,0,1,,,,,,1,1
canonical,CANONICAL — REPAIRED G2 OOF,6209,10877,adsorbate,zero_residual_v1,64,0,1,,,,,,1,1
canonical,CANONICAL — REPAIRED G2 OOF,6210,10879,interstitial,zero_residual_v1,64,0,1,,,,,,1,1
canonical,CANONICAL — REPAIRED G2 OOF,6211,10880,adsorbate,zero_residual_v1,64,0,1,,,,,,1,1
canonical,CANONICAL — REPAIRED G2 OOF,6212,10882,adsorbate,zero_residual_v1,64,0,1,,,,,,1,1
canonical,CANONICAL — REPAIRED G2 OOF,6213,10883,interstitial,zero_residual_v1,64,0,1,,,,,,1,1
canonical,CANONICAL — REPAIRED G2 OOF,6214,10884,adsorbate,zero_residual_v1,64,0,1,,,,,,1,1
canonical,CANONICAL — REPAIRED G2 OOF,6215,10885,adsorbate,zero_residual_v1,64,0,1,,,,,,1,1
canonical,CANONICAL — REPAIRED G2 OOF,6216,10886,adsorbate,zero_residual_v1,64,0,1,,,,,,1,1
canonical,CANONICAL — REPAIRED G2 OOF,6217,10887,adsorbate,zero_residual_v1,64,0,1,,,,,,1,1
canonical,CANONICAL — REPAIRED G2 OOF,6218,10890,adsorbate,zero_residual_v1,64,0,1,,,,,,1,1
canonical,CANONICAL — REPAIRED G2 OOF,6219,10893,adsorbate,zero_residual_v1,64,0,1,,,,,,1,1
canonical,CANONICAL — REPAIRED G2 OOF,6220,10895,adsorbate,zero_residual_v1,64,0,1,,,,,,1,1
canonical,CANONICAL — REPAIRED G2 OOF,6221,10896,interstitial,zero_residual_v1,64,0,1,,,,,,1,1
canonical,CANONICAL — REPAIRED G2 OOF,6222,10897,interstitial,zero_residual_v1,64,0,1,,,,,,1,1
canonical,CANONICAL — REPAIRED G2 OOF,6223,10898,adsorbate,zero_residual_v1,64,0,1,,,,,,1,1
canonical,CANONICAL — REPAIRED G2 OOF,6224,10899,adsorbate,zero_residual_v1,64,0,1,,,,,,1,1
canonical,CANONICAL — REPAIRED G2 OOF,6225,10901,interstitial,zero_residual_v1,64,0,1,,,,,,1,1
canonical,CANONICAL — REPAIRED G2 OOF,6226,10904,adsorbate,zero_residual_v1,64,0,1,,,,,,1,1
canonical,CANONICAL — REPAIRED G2 OOF,6227,10906,adsorbate,zero_residual_v1,64,0,1,,,,,,1,1
canonical,CANONICAL — REPAIRED G2 OOF,6228,10907,adsorbate,zero_residual_v1,64,0,1,,,,,,1,1
canonical,CANONICAL — REPAIRED G2 OOF,6229,10910,adsorbate,zero_residual_v1,64,0,1,,,,,,1,1
canonical,CANONICAL — REPAIRED G2 OOF,6230,10911,adsorbate,zero_residual_v1,64,0,1,,,,,,1,1
canonical,CANONICAL — REPAIRED G2 OOF,6231,10913,adsorbate,zero_residual_v1,64,0,1,,,,,,1,1
canonical,CANONICAL — REPAIRED G2 OOF,6232,10914,adsorbate,zero_residual_v1,64,0,1,,,,,,1,1
canonical,CANONICAL — REPAIRED G2 OOF,6233,10916,adsorbate,zero_residual_v1,64,0,1,,,,,,1,1
canonical,CANONICAL — REPAIRED G2 OOF,6234,10918,adsorbate,zero_residual_v1,64,0,1,,,,,,1,1
canonical,CANONICAL — REPAIRED G2 OOF,6235,10921,adsorbate,zero_residual_v1,64,0,1,,,,,,1,1
canonical,CANONICAL — REPAIRED G2 OOF,6236,10922,adsorbate,zero_residual_v1,64,0,1,,,,,,1,1
canonical,CANONICAL — REPAIRED G2 OOF,6237,10925,interstitial,zero_residual_v1,64,0,1,,,,,,1,1
canonical,CANONICAL — REPAIRED G2 OOF,6238,10926,adsorbate,zero_residual_v1,64,0,1,,,,,,1,1
canonical,CANONICAL — REPAIRED G2 OOF,6239,10928,adsorbate,zero_residual_v1,64,0,1,,,,,,1,1
canonical,CANONICAL — REPAIRED G2 OOF,6240,10929,adsorbate,zero_residual_v1,64,0,1,,,,,,1,1
canonical,CANONICAL — REPAIRED G2 OOF,6241,10930,adsorbate,zero_residual_v1,64,0,1,,,,,,1,1
canonical,CANONICAL — REPAIRED G2 OOF,6242,10931,adsorbate,zero_residual_v1,64,0,1,,,,,,1,1
canonical,CANONICAL — REPAIRED G2 OOF,6243,10932,interstitial,zero_residual_v1,64,0,1,,,,,,1,1
canonical,CANONICAL — REPAIRED G2 OOF,6244,10933,adsorbate,zero_residual_v1,64,0,1,,,,,,1,1
canonical,CANONICAL — REPAIRED G2 OOF,6245,10934,adsorbate,zero_residual_v1,64,0,1,,,,,,1,1
canonical,CANONICAL — REPAIRED G2 OOF,6246,10935,adsorbate,zero_residual_v1,64,0,1,,,,,,1,1
canonical,CANONICAL — REPAIRED G2 OOF,6247,10937,adsorbate,zero_residual_v1,64,0,1,,,,,,1,1
canonical,CANONICAL — REPAIRED G2 OOF,6248,10939,interstitial,zero_residual_v1,64,0,1,,,,,,1,1
canonical,CANONICAL — REPAIRED G2 OOF,6249,10940,interstitial,zero_residual_v1,64,0,1,,,,,,1,1
canonical,CANONICAL — REPAIRED G2 OOF,6250,10941,adsorbate,zero_residual_v1,64,0,1,,,,,,1,1
canonical,CANONICAL — REPAIRED G2 OOF,6251,10942,adsorbate,zero_residual_v1,64,0,1,,,,,,1,1
canonical,CANONICAL — REPAIRED G2 OOF,6252,10944,adsorbate,zero_residual_v1,64,0,1,,,,,,1,1
canonical,CANONICAL — REPAIRED G2 OOF,6253,10946,adsorbate,zero_residual_v1,64,0,1,,,,,,1,1
canonical,CANONICAL — REPAIRED G2 OOF,6254,10947,adsorbate,zero_residual_v1,64,0,1,,,,,,1,1
canonical,CANONICAL — REPAIRED G2 OOF,6255,10948,adsorbate,zero_residual_v1,64,0,1,,,,,,1,1
canonical,CANONICAL — REPAIRED G2 OOF,6256,10950,adsorbate,zero_residual_v1,64,0,1,,,,,,1,1
canonical,CANONICAL — REPAIRED G2 OOF,6257,10951,adsorbate,zero_residual_v1,64,0,1,,,,,,1,1
canonical,CANONICAL — REPAIRED G2 OOF,6258,10952,interstitial,zero_residual_v1,64,0,1,,,,,,1,1
canonical,CANONICAL — REPAIRED G2 OOF,6259,10953,adsorbate,zero_residual_v1,64,0,1,,,,,,1,1
canonical,CANONICAL — REPAIRED G2 OOF,6260,10954,adsorbate,zero_residual_v1,64,0,1,,,,,,1,1
canonical,CANONICAL — REPAIRED G2 OOF,6261,10957,adsorbate,zero_residual_v1,64,0,1,,,,,,1,1
canonical,CANONICAL — REPAIRED G2 OOF,6262,10958,adsorbate,zero_residual_v1,64,0,1,,,,,,1,1
canonical,CANONICAL — REPAIRED G2 OOF,6263,10959,adsorbate,zero_residual_v1,64,0,1,,,,,,1,1
canonical,CANONICAL — REPAIRED G2 OOF,6264,10960,adsorbate,zero_residual_v1,64,0,1,,,,,,1,1
canonical,CANONICAL — REPAIRED G2 OOF,6265,10961,adsorbate,zero_residual_v1,64,0,1,,,,,,1,1
canonical,CANONICAL — REPAIRED G2 OOF,6266,10962,interstitial,zero_residual_v1,64,0,1,,,,,,1,1
canonical,CANONICAL — REPAIRED G2 OOF,6267,10963,interstitial,zero_residual_v1,64,0,1,,,,,,1,1
canonical,CANONICAL — REPAIRED G2 OOF,6268,10964,interstitial,zero_residual_v1,64,0,1,,,,,,1,1
canonical,CANONICAL — REPAIRED G2 OOF,6269,10966,adsorbate,zero_residual_v1,64,0,1,,,,,,1,1
canonical,CANONICAL — REPAIRED G2 OOF,6270,10967,adsorbate,zero_residual_v1,64,0,1,,,,,,1,1
canonical,CANONICAL — REPAIRED G2 OOF,6271,10968,adsorbate,zero_residual_v1,64,0,1,,,,,,1,1
canonical,CANONICAL — REPAIRED G2 OOF,6272,10969,adsorbate,zero_residual_v1,64,0,1,,,,,,1,1
canonical,CANONICAL — REPAIRED G2 OOF,6273,10970,adsorbate,zero_residual_v1,64,0,1,,,,,,1,1
canonical,CANONICAL — REPAIRED G2 OOF,6274,10971,adsorbate,zero_residual_v1,64,0,1,,,,,,1,1
canonical,CANONICAL — REPAIRED G2 OOF,6275,10973,adsorbate,zero_residual_v1,64,0,1,,,,,,1,1
canonical,CANONICAL — REPAIRED G2 OOF,6276,10974,interstitial,zero_residual_v1,64,0,1,,,,,,1,1
canonical,CANONICAL — REPAIRED G2 OOF,6277,10976,interstitial,zero_residual_v1,64,0,1,,,,,,1,1
canonical,CANONICAL — REPAIRED G2 OOF,6278,10977,adsorbate,zero_residual_v1,64,0,1,,,,,,1,1
canonical,CANONICAL — REPAIRED G2 OOF,6279,10978,adsorbate,zero_residual_v1,64,0,1,,,,,,1,1
canonical,CANONICAL — REPAIRED G2 OOF,6280,10979,adsorbate,zero_residual_v1,64,0,1,,,,,,1,1
canonical,CANONICAL — REPAIRED G2 OOF,6281,10980,adsorbate,zero_residual_v1,64,0,1,,,,,,1,1
canonical,CANONICAL — REPAIRED G2 OOF,6282,10982,adsorbate,zero_residual_v1,64,0,1,,,,,,1,1
canonical,CANONICAL — REPAIRED G2 OOF,6283,10983,interstitial,zero_residual_v1,64,0,1,,,,,,1,1
canonical,CANONICAL — REPAIRED G2 OOF,6284,10985,interstitial,zero_residual_v1,64,0,1,,,,,,1,1
canonical,CANONICAL — REPAIRED G2 OOF,6285,10986,adsorbate,zero_residual_v1,64,0,1,,,,,,1,1
canonical,CANONICAL — REPAIRED G2 OOF,6286,10987,interstitial,zero_residual_v1,64,0,1,,,,,,1,1
canonical,CANONICAL — REPAIRED G2 OOF,6287,10988,adsorbate,zero_residual_v1,64,0,1,,,,,,1,1
canonical,CANONICAL — REPAIRED G2 OOF,6288,10989,adsorbate,zero_residual_v1,64,0,1,,,,,,1,1
canonical,CANONICAL — REPAIRED G2 OOF,6289,10990,adsorbate,zero_residual_v1,64,0,1,,,,,,1,1
canonical,CANONICAL — REPAIRED G2 OOF,6290,10992,adsorbate,zero_residual_v1,64,0,1,,,,,,1,1
canonical,CANONICAL — REPAIRED G2 OOF,6291,10993,interstitial,zero_residual_v1,64,0,1,,,,,,1,1
canonical,CANONICAL — REPAIRED G2 OOF,6292,10994,adsorbate,zero_residual_v1,64,0,1,,,,,,1,1
canonical,CANONICAL — REPAIRED G2 OOF,6293,10995,adsorbate,zero_residual_v1,64,0,1,,,,,,1,1
canonical,CANONICAL — REPAIRED G2 OOF,6294,10996,adsorbate,zero_residual_v1,64,0,1,,,,,,1,1
canonical,CANONICAL — REPAIRED G2 OOF,6295,10998,adsorbate,zero_residual_v1,64,0,1,,,,,,1,1
canonical,CANONICAL — REPAIRED G2 OOF,6296,10999,adsorbate,zero_residual_v1,64,0,1,,,,,,1,1
canonical,CANONICAL — REPAIRED G2 OOF,6297,11000,adsorbate,zero_residual_v1,64,0,1,,,,,,1,1
canonical,CANONICAL — REPAIRED G2 OOF,6298,11001,interstitial,zero_residual_v1,64,0,1,,,,,,1,1
canonical,CANONICAL — REPAIRED G2 OOF,6299,11003,adsorbate,zero_residual_v1,64,0,1,,,,,,1,1
canonical,CANONICAL — REPAIRED G2 OOF,6300,11004,adsorbate,zero_residual_v1,64,0,1,,,,,,1,1
canonical,CANONICAL — REPAIRED G2 OOF,6301,11005,adsorbate,zero_residual_v1,64,0,1,,,,,,1,1
canonical,CANONICAL — REPAIRED G2 OOF,6302,11006,adsorbate,zero_residual_v1,64,0,1,,,,,,1,1
canonical,CANONICAL — REPAIRED G2 OOF,6303,11008,adsorbate,zero_residual_v1,64,0,1,,,,,,1,1
canonical,CANONICAL — REPAIRED G2 OOF,6304,11010,interstitial,zero_residual_v1,64,0,1,,,,,,1,1
canonical,CANONICAL — REPAIRED G2 OOF,6305,11012,adsorbate,zero_residual_v1,64,0,1,,,,,,1,1
canonical,CANONICAL — REPAIRED G2 OOF,6306,11013,interstitial,zero_residual_v1,64,0,1,,,,,,1,1
canonical,CANONICAL — REPAIRED G2 OOF,6307,11014,adsorbate,zero_residual_v1,64,0,1,,,,,,1,1
canonical,CANONICAL — REPAIRED G2 OOF,6308,11016,adsorbate,zero_residual_v1,64,0,1,,,,,,1,1
canonical,CANONICAL — REPAIRED G2 OOF,6309,11017,adsorbate,zero_residual_v1,64,0,1,,,,,,1,1
canonical,CANONICAL — REPAIRED G2 OOF,6310,11018,interstitial,zero_residual_v1,64,0,1,,,,,,1,1
canonical,CANONICAL — REPAIRED G2 OOF,6311,11019,adsorbate,zero_residual_v1,64,0,1,,,,,,1,1
canonical,CANONICAL — REPAIRED G2 OOF,6312,11020,interstitial,zero_residual_v1,64,0,1,,,,,,1,1
canonical,CANONICAL — REPAIRED G2 OOF,6313,11021,adsorbate,zero_residual_v1,64,0,1,,,,,,1,1
canonical,CANONICAL — REPAIRED G2 OOF,6314,11023,adsorbate,zero_residual_v1,64,0,1,,,,,,1,1
canonical,CANONICAL — REPAIRED G2 OOF,6315,11025,adsorbate,zero_residual_v1,64,0,1,,,,,,1,1
canonical,CANONICAL — REPAIRED G2 OOF,6316,11026,interstitial,zero_residual_v1,64,0,1,,,,,,1,1
canonical,CANONICAL — REPAIRED G2 OOF,6317,11027,adsorbate,zero_residual_v1,64,0,1,,,,,,1,1
canonical,CANONICAL — REPAIRED G2 OOF,6318,11029,adsorbate,zero_residual_v1,64,0,1,,,,,,1,1
canonical,CANONICAL — REPAIRED G2 OOF,6319,11030,interstitial,zero_residual_v1,64,0,1,,,,,,1,1
canonical,CANONICAL — REPAIRED G2 OOF,6320,11031,adsorbate,zero_residual_v1,64,0,1,,,,,,1,1
canonical,CANONICAL — REPAIRED G2 OOF,6321,11034,adsorbate,zero_residual_v1,64,0,1,,,,,,1,1
canonical,CANONICAL — REPAIRED G2 OOF,6322,11036,adsorbate,zero_residual_v1,64,0,1,,,,,,1,1
canonical,CANONICAL — REPAIRED G2 OOF,6323,11037,adsorbate,zero_residual_v1,64,0,1,,,,,,1,1
canonical,CANONICAL — REPAIRED G2 OOF,6324,11038,adsorbate,zero_residual_v1,64,0,1,,,,,,1,1
canonical,CANONICAL — REPAIRED G2 OOF,6325,11039,adsorbate,zero_residual_v1,64,0,1,,,,,,1,1
canonical,CANONICAL — REPAIRED G2 OOF,6326,11043,adsorbate,zero_residual_v1,64,0,1,,,,,,1,1
canonical,CANONICAL — REPAIRED G2 OOF,6327,11044,interstitial,zero_residual_v1,64,0,1,,,,,,1,1
canonical,CANONICAL — REPAIRED G2 OOF,6328,11045,adsorbate,zero_residual_v1,64,0,1,,,,,,1,1
canonical,CANONICAL — REPAIRED G2 OOF,6329,11046,adsorbate,zero_residual_v1,64,0,1,,,,,,1,1
canonical,CANONICAL — REPAIRED G2 OOF,6330,11047,adsorbate,zero_residual_v1,64,0,1,,,,,,1,1
canonical,CANONICAL — REPAIRED G2 OOF,6331,11048,adsorbate,zero_residual_v1,64,0,1,,,,,,1,1
canonical,CANONICAL — REPAIRED G2 OOF,6332,11050,adsorbate,zero_residual_v1,64,0,1,,,,,,1,1
canonical,CANONICAL — REPAIRED G2 OOF,6333,11052,adsorbate,zero_residual_v1,64,0,1,,,,,,1,1
canonical,CANONICAL — REPAIRED G2 OOF,6334,11053,adsorbate,zero_residual_v1,64,0,1,,,,,,1,1
canonical,CANONICAL — REPAIRED G2 OOF,6335,11054,adsorbate,zero_residual_v1,64,0,1,,,,,,1,1
canonical,CANONICAL — REPAIRED G2 OOF,6336,11056,adsorbate,zero_residual_v1,64,0,1,,,,,,1,1
canonical,CANONICAL — REPAIRED G2 OOF,6337,11057,interstitial,zero_residual_v1,64,0,1,,,,,,1,1
canonical,CANONICAL — REPAIRED G2 OOF,6338,11058,adsorbate,zero_residual_v1,64,0,1,,,,,,1,1
canonical,CANONICAL — REPAIRED G2 OOF,6339,11061,interstitial,zero_residual_v1,64,0,1,,,,,,1,1
canonical,CANONICAL — REPAIRED G2 OOF,6340,11062,adsorbate,zero_residual_v1,64,0,1,,,,,,1,1
canonical,CANONICAL — REPAIRED G2 OOF,6341,11064,adsorbate,zero_residual_v1,64,0,1,,,,,,1,1
canonical,CANONICAL — REPAIRED G2 OOF,6342,11065,adsorbate,zero_residual_v1,64,0,1,,,,,,1,1
canonical,CANONICAL — REPAIRED G2 OOF,6343,11066,adsorbate,zero_residual_v1,64,0,1,,,,,,1,1
canonical,CANONICAL — REPAIRED G2 OOF,6344,11067,adsorbate,zero_residual_v1,64,0,1,,,,,,1,1
canonical,CANONICAL — REPAIRED G2 OOF,6345,11069,adsorbate,zero_residual_v1,64,0,1,,,,,,1,1
canonical,CANONICAL — REPAIRED G2 OOF,6346,11070,adsorbate,zero_residual_v1,64,0,1,,,,,,1,1
canonical,CANONICAL — REPAIRED G2 OOF,6347,11071,adsorbate,zero_residual_v1,64,0,1,,,,,,1,1
canonical,CANONICAL — REPAIRED G2 OOF,6348,11072,interstitial,zero_residual_v1,64,0,1,,,,,,1,1
canonical,CANONICAL — REPAIRED G2 OOF,6349,11073,adsorbate,zero_residual_v1,64,0,1,,,,,,1,1
canonical,CANONICAL — REPAIRED G2 OOF,6350,11074,adsorbate,zero_residual_v1,64,0,1,,,,,,1,1
canonical,CANONICAL — REPAIRED G2 OOF,6351,11075,adsorbate,zero_residual_v1,64,0,1,,,,,,1,1
canonical,CANONICAL — REPAIRED G2 OOF,6352,11076,adsorbate,zero_residual_v1,64,0,1,,,,,,1,1
canonical,CANONICAL — REPAIRED G2 OOF,6353,11078,adsorbate,zero_residual_v1,64,0,1,,,,,,1,1
canonical,CANONICAL — REPAIRED G2 OOF,6354,11079,adsorbate,zero_residual_v1,64,0,1,,,,,,1,1
canonical,CANONICAL — REPAIRED G2 OOF,6355,11080,interstitial,zero_residual_v1,64,0,1,,,,,,1,1
canonical,CANONICAL — REPAIRED G2 OOF,6356,11081,adsorbate,zero_residual_v1,64,0,1,,,,,,1,1
canonical,CANONICAL — REPAIRED G2 OOF,6357,11082,adsorbate,zero_residual_v1,64,0,1,,,,,,1,1
canonical,CANONICAL — REPAIRED G2 OOF,6358,11083,adsorbate,zero_residual_v1,64,0,1,,,,,,1,1
canonical,CANONICAL — REPAIRED G2 OOF,6360,11086,adsorbate,zero_residual_v1,64,0,1,,,,,,1,1
canonical,CANONICAL — REPAIRED G2 OOF,6361,11089,adsorbate,zero_residual_v1,64,0,1,,,,,,1,1
canonical,CANONICAL — REPAIRED G2 OOF,6362,11090,adsorbate,zero_residual_v1,64,0,1,,,,,,1,1
canonical,CANONICAL — REPAIRED G2 OOF,6363,11092,adsorbate,zero_residual_v1,64,0,1,,,,,,1,1
canonical,CANONICAL — REPAIRED G2 OOF,6364,11093,adsorbate,zero_residual_v1,64,0,1,,,,,,1,1
canonical,CANONICAL — REPAIRED G2 OOF,6365,11095,adsorbate,zero_residual_v1,64,0,1,,,,,,1,1
canonical,CANONICAL — REPAIRED G2 OOF,6366,11096,adsorbate,zero_residual_v1,64,0,1,,,,,,1,1
canonical,CANONICAL — REPAIRED G2 OOF,6367,11097,adsorbate,zero_residual_v1,64,0,1,,,,,,1,1
canonical,CANONICAL — REPAIRED G2 OOF,6368,11098,adsorbate,zero_residual_v1,64,0,1,,,,,,1,1
canonical,CANONICAL — REPAIRED G2 OOF,6369,11100,adsorbate,zero_residual_v1,64,0,1,,,,,,1,1
canonical,CANONICAL — REPAIRED G2 OOF,6370,11101,interstitial,zero_residual_v1,64,0,1,,,,,,1,1
canonical,CANONICAL — REPAIRED G2 OOF,6371,11102,adsorbate,zero_residual_v1,64,0,1,,,,,,1,1
canonical,CANONICAL — REPAIRED G2 OOF,6372,11103,adsorbate,zero_residual_v1,64,0,1,,,,,,1,1
canonical,CANONICAL — REPAIRED G2 OOF,6373,11104,interstitial,zero_residual_v1,64,0,1,,,,,,1,1
canonical,CANONICAL — REPAIRED G2 OOF,6374,11105,adsorbate,zero_residual_v1,64,0,1,,,,,,1,1
canonical,CANONICAL — REPAIRED G2 OOF,6375,11106,interstitial,zero_residual_v1,64,0,1,,,,,,1,1
canonical,CANONICAL — REPAIRED G2 OOF,6376,11108,adsorbate,zero_residual_v1,64,0,1,,,,,,1,1
canonical,CANONICAL — REPAIRED G2 OOF,6377,11109,interstitial,zero_residual_v1,64,0,1,,,,,,1,1
canonical,CANONICAL — REPAIRED G2 OOF,6378,11112,adsorbate,zero_residual_v1,64,0,1,,,,,,1,1
canonical,CANONICAL — REPAIRED G2 OOF,6379,11113,adsorbate,zero_residual_v1,64,0,1,,,,,,1,1
canonical,CANONICAL — REPAIRED G2 OOF,6381,11115,adsorbate,zero_residual_v1,64,0,1,,,,,,1,1
canonical,CANONICAL — REPAIRED G2 OOF,6382,11116,adsorbate,zero_residual_v1,64,0,1,,,,,,1,1
canonical,CANONICAL — REPAIRED G2 OOF,6383,11117,adsorbate,zero_residual_v1,64,0,1,,,,,,1,1
canonical,CANONICAL — REPAIRED G2 OOF,6384,11118,adsorbate,zero_residual_v1,64,0,1,,,,,,1,1
canonical,CANONICAL — REPAIRED G2 OOF,6385,11119,adsorbate,zero_residual_v1,64,0,1,,,,,,1,1
canonical,CANONICAL — REPAIRED G2 OOF,6386,11120,adsorbate,zero_residual_v1,64,0,1,,,,,,1,1
canonical,CANONICAL — REPAIRED G2 OOF,6387,11122,interstitial,zero_residual_v1,64,0,1,,,,,,1,1
canonical,CANONICAL — REPAIRED G2 OOF,6388,11123,adsorbate,zero_residual_v1,64,0,1,,,,,,1,1
canonical,CANONICAL — REPAIRED G2 OOF,6389,11124,interstitial,zero_residual_v1,64,0,1,,,,,,1,1
canonical,CANONICAL — REPAIRED G2 OOF,6390,11125,adsorbate,zero_residual_v1,64,0,1,,,,,,1,1
canonical,CANONICAL — REPAIRED G2 OOF,6391,11126,adsorbate,zero_residual_v1,64,0,1,,,,,,1,1
canonical,CANONICAL — REPAIRED G2 OOF,6392,11127,interstitial,zero_residual_v1,64,0,1,,,,,,1,1
canonical,CANONICAL — REPAIRED G2 OOF,6393,11128,adsorbate,zero_residual_v1,64,0,1,,,,,,1,1
canonical,CANONICAL — REPAIRED G2 OOF,6394,11129,adsorbate,zero_residual_v1,64,0,1,,,,,,1,1
canonical,CANONICAL — REPAIRED G2 OOF,6395,11130,adsorbate,zero_residual_v1,64,0,1,,,,,,1,1
canonical,CANONICAL — REPAIRED G2 OOF,6396,11131,adsorbate,zero_residual_v1,64,0,1,,,,,,1,1
canonical,CANONICAL — REPAIRED G2 OOF,6397,11132,adsorbate,zero_residual_v1,64,0,1,,,,,,1,1
canonical,CANONICAL — REPAIRED G2 OOF,6398,11135,adsorbate,zero_residual_v1,64,0,1,,,,,,1,1
canonical,CANONICAL — REPAIRED G2 OOF,6399,11136,adsorbate,zero_residual_v1,64,0,1,,,,,,1,1
canonical,CANONICAL — REPAIRED G2 OOF,6400,11138,adsorbate,zero_residual_v1,64,0,1,,,,,,1,1
canonical,CANONICAL — REPAIRED G2 OOF,6401,11139,interstitial,zero_residual_v1,64,0,1,,,,,,1,1
canonical,CANONICAL — REPAIRED G2 OOF,6402,11140,interstitial,zero_residual_v1,64,0,1,,,,,,1,1
canonical,CANONICAL — REPAIRED G2 OOF,6403,11141,adsorbate,zero_residual_v1,64,0,1,,,,,,1,1
canonical,CANONICAL — REPAIRED G2 OOF,6404,11144,adsorbate,zero_residual_v1,64,0,1,,,,,,1,1
canonical,CANONICAL — REPAIRED G2 OOF,6405,11145,interstitial,zero_residual_v1,64,0,1,,,,,,1,1
canonical,CANONICAL — REPAIRED G2 OOF,6406,11146,adsorbate,zero_residual_v1,64,0,1,,,,,,1,1
canonical,CANONICAL — REPAIRED G2 OOF,6407,11149,adsorbate,zero_residual_v1,64,0,1,,,,,,1,1
canonical,CANONICAL — REPAIRED G2 OOF,6408,11150,adsorbate,zero_residual_v1,64,0,1,,,,,,1,1
canonical,CANONICAL — REPAIRED G2 OOF,6409,11152,adsorbate,zero_residual_v1,64,0,1,,,,,,1,1
canonical,CANONICAL — REPAIRED G2 OOF,6410,11153,adsorbate,zero_residual_v1,64,0,1,,,,,,1,1
canonical,CANONICAL — REPAIRED G2 OOF,6411,11156,adsorbate,zero_residual_v1,64,0,1,,,,,,1,1
canonical,CANONICAL — REPAIRED G2 OOF,6413,11159,adsorbate,zero_residual_v1,64,0,1,,,,,,1,1
canonical,CANONICAL — REPAIRED G2 OOF,6414,11160,adsorbate,zero_residual_v1,64,0,1,,,,,,1,1
canonical,CANONICAL — REPAIRED G2 OOF,6415,11161,adsorbate,zero_residual_v1,64,0,1,,,,,,1,1
canonical,CANONICAL — REPAIRED G2 OOF,6417,11163,adsorbate,zero_residual_v1,64,0,1,,,,,,1,1
canonical,CANONICAL — REPAIRED G2 OOF,6418,11168,adsorbate,zero_residual_v1,64,0,1,,,,,,1,1
canonical,CANONICAL — REPAIRED G2 OOF,6419,11169,adsorbate,zero_residual_v1,64,0,1,,,,,,1,1
canonical,CANONICAL — REPAIRED G2 OOF,6420,11170,interstitial,zero_residual_v1,64,0,1,,,,,,1,1
canonical,CANONICAL — REPAIRED G2 OOF,6421,11171,adsorbate,zero_residual_v1,64,0,1,,,,,,1,1
canonical,CANONICAL — REPAIRED G2 OOF,6422,11172,adsorbate,zero_residual_v1,64,0,1,,,,,,1,1
canonical,CANONICAL — REPAIRED G2 OOF,6423,11173,adsorbate,zero_residual_v1,64,0,1,,,,,,1,1
canonical,CANONICAL — REPAIRED G2 OOF,6424,11176,interstitial,zero_residual_v1,64,0,1,,,,,,1,1
canonical,CANONICAL — REPAIRED G2 OOF,6425,11177,adsorbate,zero_residual_v1,64,0,1,,,,,,1,1
canonical,CANONICAL — REPAIRED G2 OOF,6426,11179,adsorbate,zero_residual_v1,64,0,1,,,,,,1,1
canonical,CANONICAL — REPAIRED G2 OOF,6428,11182,adsorbate,zero_residual_v1,64,0,1,,,,,,1,1
canonical,CANONICAL — REPAIRED G2 OOF,6429,11183,interstitial,zero_residual_v1,64,0,1,,,,,,1,1
canonical,CANONICAL — REPAIRED G2 OOF,6430,11185,adsorbate,zero_residual_v1,64,0,1,,,,,,1,1
canonical,CANONICAL — REPAIRED G2 OOF,6431,11186,adsorbate,zero_residual_v1,64,0,1,,,,,,1,1
canonical,CANONICAL — REPAIRED G2 OOF,6432,11187,adsorbate,zero_residual_v1,64,0,1,,,,,,1,1
canonical,CANONICAL — REPAIRED G2 OOF,6433,11188,adsorbate,zero_residual_v1,64,0,1,,,,,,1,1
canonical,CANONICAL — REPAIRED G2 OOF,6434,11189,interstitial,zero_residual_v1,64,0,1,,,,,,1,1
canonical,CANONICAL — REPAIRED G2 OOF,6435,11191,interstitial,zero_residual_v1,64,0,1,,,,,,1,1
canonical,CANONICAL — REPAIRED G2 OOF,6436,11194,adsorbate,zero_residual_v1,64,0,1,,,,,,1,1
canonical,CANONICAL — REPAIRED G2 OOF,6437,11195,adsorbate,zero_residual_v1,64,0,1,,,,,,1,1
canonical,CANONICAL — REPAIRED G2 OOF,6438,11196,interstitial,zero_residual_v1,64,0,1,,,,,,1,1
canonical,CANONICAL — REPAIRED G2 OOF,6439,11199,adsorbate,zero_residual_v1,64,0,1,,,,,,1,1
canonical,CANONICAL — REPAIRED G2 OOF,6440,11200,adsorbate,zero_residual_v1,64,0,1,,,,,,1,1
canonical,CANONICAL — REPAIRED G2 OOF,6441,11202,adsorbate,zero_residual_v1,64,0,1,,,,,,1,1
canonical,CANONICAL — REPAIRED G2 OOF,6442,11203,adsorbate,zero_residual_v1,64,0,1,,,,,,1,1
canonical,CANONICAL — REPAIRED G2 OOF,6443,11207,adsorbate,zero_residual_v1,64,0,1,,,,,,1,1
canonical,CANONICAL — REPAIRED G2 OOF,6444,11208,interstitial,zero_residual_v1,64,0,1,,,,,,1,1
canonical,CANONICAL — REPAIRED G2 OOF,6445,11209,adsorbate,zero_residual_v1,64,0,1,,,,,,1,1
canonical,CANONICAL — REPAIRED G2 OOF,6446,11210,adsorbate,zero_residual_v1,64,0,1,,,,,,1,1
canonical,CANONICAL — REPAIRED G2 OOF,6448,11212,adsorbate,zero_residual_v1,64,0,1,,,,,,1,1
canonical,CANONICAL — REPAIRED G2 OOF,6449,11215,adsorbate,zero_residual_v1,64,0,1,,,,,,1,1
canonical,CANONICAL — REPAIRED G2 OOF,6450,11216,adsorbate,zero_residual_v1,64,0,1,,,,,,1,1
canonical,CANONICAL — REPAIRED G2 OOF,6452,11218,adsorbate,zero_residual_v1,64,0,1,,,,,,1,1
canonical,CANONICAL — REPAIRED G2 OOF,6454,11221,adsorbate,zero_residual_v1,64,0,1,,,,,,1,1
canonical,CANONICAL — REPAIRED G2 OOF,6455,11222,adsorbate,zero_residual_v1,64,0,1,,,,,,1,1
canonical,CANONICAL — REPAIRED G2 OOF,6456,11223,adsorbate,zero_residual_v1,64,0,1,,,,,,1,1
canonical,CANONICAL — REPAIRED G2 OOF,6457,11226,adsorbate,zero_residual_v1,64,0,1,,,,,,1,1
canonical,CANONICAL — REPAIRED G2 OOF,6458,11228,adsorbate,zero_residual_v1,64,0,1,,,,,,1,1
canonical,CANONICAL — REPAIRED G2 OOF,6459,11229,adsorbate,zero_residual_v1,64,0,1,,,,,,1,1
canonical,CANONICAL — REPAIRED G2 OOF,6460,11230,adsorbate,zero_residual_v1,64,0,1,,,,,,1,1
canonical,CANONICAL — REPAIRED G2 OOF,6461,11231,adsorbate,zero_residual_v1,64,0,1,,,,,,1,1
canonical,CANONICAL — REPAIRED G2 OOF,6462,11232,adsorbate,zero_residual_v1,64,0,1,,,,,,1,1
canonical,CANONICAL — REPAIRED G2 OOF,6463,11233,interstitial,zero_residual_v1,64,0,1,,,,,,1,1
canonical,CANONICAL — REPAIRED G2 OOF,6464,11234,adsorbate,zero_residual_v1,64,0,1,,,,,,1,1
canonical,CANONICAL — REPAIRED G2 OOF,6465,11235,adsorbate,zero_residual_v1,64,0,1,,,,,,1,1
canonical,CANONICAL — REPAIRED G2 OOF,6466,11236,adsorbate,zero_residual_v1,64,0,1,,,,,,1,1
canonical,CANONICAL — REPAIRED G2 OOF,6467,11238,interstitial,zero_residual_v1,64,0,1,,,,,,1,1
canonical,CANONICAL — REPAIRED G2 OOF,6468,11240,adsorbate,zero_residual_v1,64,0,1,,,,,,1,1
canonical,CANONICAL — REPAIRED G2 OOF,6469,11241,adsorbate,zero_residual_v1,64,0,1,,,,,,1,1
canonical,CANONICAL — REPAIRED G2 OOF,6470,11242,adsorbate,zero_residual_v1,64,0,1,,,,,,1,1
canonical,CANONICAL — REPAIRED G2 OOF,6471,11243,adsorbate,zero_residual_v1,64,0,1,,,,,,1,1
canonical,CANONICAL — REPAIRED G2 OOF,6472,11244,adsorbate,zero_residual_v1,64,0,1,,,,,,1,1
canonical,CANONICAL — REPAIRED G2 OOF,6473,11245,adsorbate,zero_residual_v1,64,0,1,,,,,,1,1
canonical,CANONICAL — REPAIRED G2 OOF,6474,11246,adsorbate,zero_residual_v1,64,0,1,,,,,,1,1
canonical,CANONICAL — REPAIRED G2 OOF,6475,11247,adsorbate,zero_residual_v1,64,0,1,,,,,,1,1
canonical,CANONICAL — REPAIRED G2 OOF,6476,11248,adsorbate,zero_residual_v1,64,0,1,,,,,,1,1
canonical,CANONICAL — REPAIRED G2 OOF,6477,11249,interstitial,zero_residual_v1,64,0,1,,,,,,1,1
canonical,CANONICAL — REPAIRED G2 OOF,6478,11250,adsorbate,zero_residual_v1,64,0,1,,,,,,1,1
canonical,CANONICAL — REPAIRED G2 OOF,6479,11251,adsorbate,zero_residual_v1,64,0,1,,,,,,1,1
canonical,CANONICAL — REPAIRED G2 OOF,6480,11254,adsorbate,zero_residual_v1,64,0,1,,,,,,1,1
canonical,CANONICAL — REPAIRED G2 OOF,6481,11255,adsorbate,zero_residual_v1,64,0,1,,,,,,1,1
canonical,CANONICAL — REPAIRED G2 OOF,6482,11256,interstitial,zero_residual_v1,64,0,1,,,,,,1,1
canonical,CANONICAL — REPAIRED G2 OOF,6483,11258,adsorbate,zero_residual_v1,64,0,1,,,,,,1,1
canonical,CANONICAL — REPAIRED G2 OOF,6484,11259,adsorbate,zero_residual_v1,64,0,1,,,,,,1,1
canonical,CANONICAL — REPAIRED G2 OOF,6485,11261,adsorbate,zero_residual_v1,64,0,1,,,,,,1,1
canonical,CANONICAL — REPAIRED G2 OOF,6486,11262,adsorbate,zero_residual_v1,64,0,1,,,,,,1,1
canonical,CANONICAL — REPAIRED G2 OOF,6487,11263,adsorbate,zero_residual_v1,64,0,1,,,,,,1,1
canonical,CANONICAL — REPAIRED G2 OOF,6488,11264,interstitial,zero_residual_v1,64,0,1,,,,,,1,1
canonical,CANONICAL — REPAIRED G2 OOF,6489,11265,adsorbate,zero_residual_v1,64,0,1,,,,,,1,1
canonical,CANONICAL — REPAIRED G2 OOF,6491,11268,adsorbate,zero_residual_v1,64,0,1,,,,,,1,1
canonical,CANONICAL — REPAIRED G2 OOF,6492,11269,adsorbate,zero_residual_v1,64,0,1,,,,,,1,1
canonical,CANONICAL — REPAIRED G2 OOF,6493,11271,adsorbate,zero_residual_v1,64,0,1,,,,,,1,1
canonical,CANONICAL — REPAIRED G2 OOF,6494,11272,interstitial,zero_residual_v1,64,0,1,,,,,,1,1
canonical,CANONICAL — REPAIRED G2 OOF,6495,11273,interstitial,zero_residual_v1,64,0,1,,,,,,1,1
canonical,CANONICAL — REPAIRED G2 OOF,6496,11274,adsorbate,zero_residual_v1,64,0,1,,,,,,1,1
canonical,CANONICAL — REPAIRED G2 OOF,6497,11276,adsorbate,zero_residual_v1,64,0,1,,,,,,1,1
canonical,CANONICAL — REPAIRED G2 OOF,6498,11279,adsorbate,zero_residual_v1,64,0,1,,,,,,1,1
canonical,CANONICAL — REPAIRED G2 OOF,6499,11280,interstitial,zero_residual_v1,64,0,1,,,,,,1,1
canonical,CANONICAL — REPAIRED G2 OOF,6500,11281,interstitial,zero_residual_v1,64,0,1,,,,,,1,1
canonical,CANONICAL — REPAIRED G2 OOF,6501,11282,adsorbate,zero_residual_v1,64,0,1,,,,,,1,1
canonical,CANONICAL — REPAIRED G2 OOF,6502,11286,interstitial,zero_residual_v1,64,0,1,,,,,,1,1
canonical,CANONICAL — REPAIRED G2 OOF,6503,11287,adsorbate,zero_residual_v1,64,0,1,,,,,,1,1
canonical,CANONICAL — REPAIRED G2 OOF,6504,11288,adsorbate,zero_residual_v1,64,0,1,,,,,,1,1
canonical,CANONICAL — REPAIRED G2 OOF,6505,11290,adsorbate,zero_residual_v1,64,0,1,,,,,,1,1
canonical,CANONICAL — REPAIRED G2 OOF,6507,11292,adsorbate,zero_residual_v1,64,0,1,,,,,,1,1
canonical,CANONICAL — REPAIRED G2 OOF,6508,11293,adsorbate,zero_residual_v1,64,0,1,,,,,,1,1
canonical,CANONICAL — REPAIRED G2 OOF,6509,11294,adsorbate,zero_residual_v1,64,0,1,,,,,,1,1
canonical,CANONICAL — REPAIRED G2 OOF,6510,11295,adsorbate,zero_residual_v1,64,0,1,,,,,,1,1
canonical,CANONICAL — REPAIRED G2 OOF,6511,11297,adsorbate,zero_residual_v1,64,0,1,,,,,,1,1
canonical,CANONICAL — REPAIRED G2 OOF,6512,11299,adsorbate,zero_residual_v1,64,0,1,,,,,,1,1
canonical,CANONICAL — REPAIRED G2 OOF,6513,11301,adsorbate,zero_residual_v1,64,0,1,,,,,,1,1
canonical,CANONICAL — REPAIRED G2 OOF,6515,11304,interstitial,zero_residual_v1,64,0,1,,,,,,1,1
canonical,CANONICAL — REPAIRED G2 OOF,6516,11305,adsorbate,zero_residual_v1,64,0,1,,,,,,1,1
canonical,CANONICAL — REPAIRED G2 OOF,6517,11307,adsorbate,zero_residual_v1,64,0,1,,,,,,1,1
canonical,CANONICAL — REPAIRED G2 OOF,6518,11310,adsorbate,zero_residual_v1,64,0,1,,,,,,1,1
canonical,CANONICAL — REPAIRED G2 OOF,6519,11311,adsorbate,zero_residual_v1,64,1,1,,,,local_abs_covalent_radius_mismatch_A|local_abs_electronegativity_contrast|local_abs_valence_mismatch|local_signed_covalent_radius_mismatch_A|local_signed_electronegativity_mismatch|local_signed_valence_mismatch|neighbor_distance_std_A|postrelaxation_min_clearance_A,,1,1
canonical,CANONICAL — REPAIRED G2 OOF,6520,11313,adsorbate,zero_residual_v1,64,0,1,,,,,,1,1
canonical,CANONICAL — REPAIRED G2 OOF,6521,11314,adsorbate,zero_residual_v1,64,0,1,,,,,,1,1
canonical,CANONICAL — REPAIRED G2 OOF,6522,11319,adsorbate,zero_residual_v1,64,0,1,,,,,,1,1
canonical,CANONICAL — REPAIRED G2 OOF,6523,11321,interstitial,zero_residual_v1,64,0,1,,,,,,1,1
canonical,CANONICAL — REPAIRED G2 OOF,6524,11322,adsorbate,zero_residual_v1,64,0,1,,,,,,1,1
canonical,CANONICAL — REPAIRED G2 OOF,6525,11324,adsorbate,zero_residual_v1,64,0,1,,,,,,1,1
canonical,CANONICAL — REPAIRED G2 OOF,6526,11325,interstitial,zero_residual_v1,64,0,1,,,,,,1,1
canonical,CANONICAL — REPAIRED G2 OOF,6527,11326,interstitial,zero_residual_v1,64,0,1,,,,,,1,1
canonical,CANONICAL — REPAIRED G2 OOF,6528,11327,adsorbate,zero_residual_v1,64,0,1,,,,,,1,1
canonical,CANONICAL — REPAIRED G2 OOF,6529,11329,interstitial,zero_residual_v1,64,0,1,,,,,,1,1
canonical,CANONICAL — REPAIRED G2 OOF,6530,11330,adsorbate,zero_residual_v1,64,0,1,,,,,,1,1
canonical,CANONICAL — REPAIRED G2 OOF,6531,11331,interstitial,zero_residual_v1,64,0,1,,,,,,1,1
canonical,CANONICAL — REPAIRED G2 OOF,6532,11334,adsorbate,zero_residual_v1,64,0,1,,,,,,1,1
canonical,CANONICAL — REPAIRED G2 OOF,6533,11335,adsorbate,zero_residual_v1,64,0,1,,,,,,1,1
canonical,CANONICAL — REPAIRED G2 OOF,6534,11336,adsorbate,zero_residual_v1,64,0,1,,,,,,1,1
canonical,CANONICAL — REPAIRED G2 OOF,6535,11337,interstitial,zero_residual_v1,64,0,1,,,,,,1,1
canonical,CANONICAL — REPAIRED G2 OOF,6536,11338,adsorbate,zero_residual_v1,64,0,1,,,,,,1,1
canonical,CANONICAL — REPAIRED G2 OOF,6537,11339,adsorbate,zero_residual_v1,64,0,1,,,,,,1,1
canonical,CANONICAL — REPAIRED G2 OOF,6538,11340,adsorbate,zero_residual_v1,64,0,1,,,,,,1,1
canonical,CANONICAL — REPAIRED G2 OOF,6539,11341,adsorbate,zero_residual_v1,64,0,1,,,,,,1,1
canonical,CANONICAL — REPAIRED G2 OOF,6540,11343,adsorbate,zero_residual_v1,64,0,1,,,,,,1,1
canonical,CANONICAL — REPAIRED G2 OOF,6541,11344,adsorbate,zero_residual_v1,64,0,1,,,,,,1,1
canonical,CANONICAL — REPAIRED G2 OOF,6542,11345,adsorbate,zero_residual_v1,64,0,1,,,,,,1,1
canonical,CANONICAL — REPAIRED G2 OOF,6543,11346,adsorbate,zero_residual_v1,64,0,1,,,,,,1,1
canonical,CANONICAL — REPAIRED G2 OOF,6544,11347,adsorbate,zero_residual_v1,64,0,1,,,,,,1,1
canonical,CANONICAL — REPAIRED G2 OOF,6545,11348,adsorbate,zero_residual_v1,64,0,1,,,,,,1,1
canonical,CANONICAL — REPAIRED G2 OOF,6546,11349,interstitial,zero_residual_v1,64,0,1,,,,,,1,1
canonical,CANONICAL — REPAIRED G2 OOF,6547,11351,adsorbate,zero_residual_v1,64,0,1,,,,,,1,1
canonical,CANONICAL — REPAIRED G2 OOF,6548,11352,interstitial,zero_residual_v1,64,0,1,,,,,,1,1
canonical,CANONICAL — REPAIRED G2 OOF,6549,11355,adsorbate,zero_residual_v1,64,0,1,,,,,,1,1
canonical,CANONICAL — REPAIRED G2 OOF,6550,11358,adsorbate,zero_residual_v1,64,0,1,,,,,,1,1
canonical,CANONICAL — REPAIRED G2 OOF,6551,11359,adsorbate,zero_residual_v1,64,0,1,,,,,,1,1
canonical,CANONICAL — REPAIRED G2 OOF,6552,11360,adsorbate,zero_residual_v1,64,0,1,,,,,,1,1
canonical,CANONICAL — REPAIRED G2 OOF,6553,11361,interstitial,zero_residual_v1,64,0,1,,,,,,1,1
canonical,CANONICAL — REPAIRED G2 OOF,6554,11362,adsorbate,zero_residual_v1,64,0,1,,,,,,1,1
canonical,CANONICAL — REPAIRED G2 OOF,6555,11363,interstitial,zero_residual_v1,64,0,1,,,,,,1,1
canonical,CANONICAL — REPAIRED G2 OOF,6556,11365,adsorbate,zero_residual_v1,64,0,1,,,,,,1,1
canonical,CANONICAL — REPAIRED G2 OOF,6557,11366,interstitial,zero_residual_v1,64,0,1,,,,,,1,1
canonical,CANONICAL — REPAIRED G2 OOF,6558,11367,interstitial,zero_residual_v1,64,0,1,,,,,,1,1
canonical,CANONICAL — REPAIRED G2 OOF,6559,11369,adsorbate,zero_residual_v1,64,0,1,,,,,,1,1
canonical,CANONICAL — REPAIRED G2 OOF,6560,11370,interstitial,zero_residual_v1,64,0,1,,,,,,1,1
canonical,CANONICAL — REPAIRED G2 OOF,6561,11371,adsorbate,zero_residual_v1,64,0,1,,,,,,1,1
canonical,CANONICAL — REPAIRED G2 OOF,6562,11372,adsorbate,zero_residual_v1,64,0,1,,,,,,1,1
canonical,CANONICAL — REPAIRED G2 OOF,6563,11373,adsorbate,zero_residual_v1,64,0,1,,,,,,1,1
canonical,CANONICAL — REPAIRED G2 OOF,6564,11374,adsorbate,zero_residual_v1,64,0,1,,,,,,1,1
canonical,CANONICAL — REPAIRED G2 OOF,6565,11379,interstitial,zero_residual_v1,64,0,1,,,,,,1,1
canonical,CANONICAL — REPAIRED G2 OOF,6566,11381,adsorbate,zero_residual_v1,64,0,1,,,,,,1,1
canonical,CANONICAL — REPAIRED G2 OOF,6567,11382,adsorbate,zero_residual_v1,64,0,1,,,,,,1,1
canonical,CANONICAL — REPAIRED G2 OOF,6568,11384,adsorbate,zero_residual_v1,64,0,1,,,,,,1,1
canonical,CANONICAL — REPAIRED G2 OOF,6569,11385,adsorbate,zero_residual_v1,64,0,1,,,,,,1,1
canonical,CANONICAL — REPAIRED G2 OOF,6570,11386,adsorbate,zero_residual_v1,64,0,1,,,,,,1,1
canonical,CANONICAL — REPAIRED G2 OOF,6571,11387,adsorbate,zero_residual_v1,64,0,1,,,,,,1,1
canonical,CANONICAL — REPAIRED G2 OOF,6572,11388,adsorbate,zero_residual_v1,64,0,1,,,,,,1,1
canonical,CANONICAL — REPAIRED G2 OOF,6573,11389,interstitial,zero_residual_v1,64,0,1,,,,,,1,1
canonical,CANONICAL — REPAIRED G2 OOF,6574,11391,adsorbate,zero_residual_v1,64,0,1,,,,,,1,1
canonical,CANONICAL — REPAIRED G2 OOF,6575,11394,interstitial,zero_residual_v1,64,0,1,,,,,,1,1
canonical,CANONICAL — REPAIRED G2 OOF,6576,11395,interstitial,zero_residual_v1,64,0,1,,,,,,1,1
canonical,CANONICAL — REPAIRED G2 OOF,6577,11397,adsorbate,zero_residual_v1,64,0,1,,,,,,1,1
canonical,CANONICAL — REPAIRED G2 OOF,6578,11398,adsorbate,zero_residual_v1,64,0,1,,,,,,1,1
canonical,CANONICAL — REPAIRED G2 OOF,6579,11399,adsorbate,zero_residual_v1,64,0,1,,,,,,1,1
canonical,CANONICAL — REPAIRED G2 OOF,6580,11400,adsorbate,zero_residual_v1,64,0,1,,,,,,1,1
canonical,CANONICAL — REPAIRED G2 OOF,6581,11401,interstitial,zero_residual_v1,64,0,1,,,,,,1,1
canonical,CANONICAL — REPAIRED G2 OOF,6582,11404,interstitial,zero_residual_v1,64,0,1,,,,,,1,1
canonical,CANONICAL — REPAIRED G2 OOF,6583,11405,adsorbate,zero_residual_v1,64,0,1,,,,,,1,1
canonical,CANONICAL — REPAIRED G2 OOF,6584,11406,adsorbate,zero_residual_v1,64,0,1,,,,,,1,1
canonical,CANONICAL — REPAIRED G2 OOF,6585,11407,interstitial,zero_residual_v1,64,0,1,,,,,,1,1
canonical,CANONICAL — REPAIRED G2 OOF,6586,11408,adsorbate,zero_residual_v1,64,0,1,,,,,,1,1
canonical,CANONICAL — REPAIRED G2 OOF,6587,11410,adsorbate,zero_residual_v1,64,0,1,,,,,,1,1
canonical,CANONICAL — REPAIRED G2 OOF,6588,11411,adsorbate,zero_residual_v1,64,0,1,,,,,,1,1
canonical,CANONICAL — REPAIRED G2 OOF,6589,11412,adsorbate,zero_residual_v1,64,0,1,,,,,,1,1
canonical,CANONICAL — REPAIRED G2 OOF,6590,11413,adsorbate,zero_residual_v1,64,0,1,,,,,,1,1
canonical,CANONICAL — REPAIRED G2 OOF,6591,11414,adsorbate,zero_residual_v1,64,0,1,,,,,,1,1
canonical,CANONICAL — REPAIRED G2 OOF,6592,11416,adsorbate,zero_residual_v1,64,0,1,,,,,,1,1
canonical,CANONICAL — REPAIRED G2 OOF,6593,11418,interstitial,zero_residual_v1,64,0,1,,,,,,1,1
canonical,CANONICAL — REPAIRED G2 OOF,6594,11420,adsorbate,zero_residual_v1,64,0,1,,,,,,1,1
canonical,CANONICAL — REPAIRED G2 OOF,6595,11421,adsorbate,zero_residual_v1,64,0,1,,,,,,1,1
canonical,CANONICAL — REPAIRED G2 OOF,6596,11422,adsorbate,zero_residual_v1,64,0,1,,,,,,1,1
canonical,CANONICAL — REPAIRED G2 OOF,6597,11424,adsorbate,zero_residual_v1,64,0,1,,,,,,1,1
canonical,CANONICAL — REPAIRED G2 OOF,6598,11425,interstitial,zero_residual_v1,64,0,1,,,,,,1,1
canonical,CANONICAL — REPAIRED G2 OOF,6599,11426,adsorbate,zero_residual_v1,64,0,1,,,,,,1,1
canonical,CANONICAL — REPAIRED G2 OOF,6600,11428,interstitial,zero_residual_v1,64,0,1,,,,,,1,1
canonical,CANONICAL — REPAIRED G2 OOF,6601,11429,interstitial,zero_residual_v1,64,0,1,,,,,,1,1
canonical,CANONICAL — REPAIRED G2 OOF,6602,11430,adsorbate,zero_residual_v1,64,0,1,,,,,,1,1
canonical,CANONICAL — REPAIRED G2 OOF,6603,11431,adsorbate,zero_residual_v1,64,0,1,,,,,,1,1
canonical,CANONICAL — REPAIRED G2 OOF,6604,11432,adsorbate,zero_residual_v1,64,0,1,,,,,,1,1
canonical,CANONICAL — REPAIRED G2 OOF,6605,11433,adsorbate,zero_residual_v1,64,0,1,,,,,,1,1
canonical,CANONICAL — REPAIRED G2 OOF,6606,11434,adsorbate,zero_residual_v1,64,0,1,,,,,,1,1
canonical,CANONICAL — REPAIRED G2 OOF,6607,11437,interstitial,zero_residual_v1,64,0,1,,,,,,1,1
canonical,CANONICAL — REPAIRED G2 OOF,6608,11441,adsorbate,zero_residual_v1,64,0,1,,,,,,1,1
canonical,CANONICAL — REPAIRED G2 OOF,6609,11442,adsorbate,zero_residual_v1,64,0,1,,,,,,1,1
canonical,CANONICAL — REPAIRED G2 OOF,6610,11444,adsorbate,zero_residual_v1,64,0,1,,,,,,1,1
canonical,CANONICAL — REPAIRED G2 OOF,6611,11445,adsorbate,zero_residual_v1,64,0,1,,,,,,1,1
canonical,CANONICAL — REPAIRED G2 OOF,6612,11446,adsorbate,zero_residual_v1,64,0,1,,,,,,1,1
canonical,CANONICAL — REPAIRED G2 OOF,6613,11448,adsorbate,zero_residual_v1,64,0,1,,,,,,1,1
canonical,CANONICAL — REPAIRED G2 OOF,6614,11450,adsorbate,zero_residual_v1,64,0,1,,,,,,1,1
canonical,CANONICAL — REPAIRED G2 OOF,6615,11452,adsorbate,zero_residual_v1,64,0,1,,,,,,1,1
canonical,CANONICAL — REPAIRED G2 OOF,6616,11453,interstitial,zero_residual_v1,64,0,1,,,,,,1,1
canonical,CANONICAL — REPAIRED G2 OOF,6617,11455,interstitial,zero_residual_v1,64,0,1,,,,,,1,1
canonical,CANONICAL — REPAIRED G2 OOF,6618,11456,adsorbate,zero_residual_v1,64,0,1,,,,,,1,1
canonical,CANONICAL — REPAIRED G2 OOF,6619,11457,adsorbate,zero_residual_v1,64,0,1,,,,,,1,1
canonical,CANONICAL — REPAIRED G2 OOF,6620,11458,adsorbate,zero_residual_v1,64,0,1,,,,,,1,1
canonical,CANONICAL — REPAIRED G2 OOF,6621,11459,adsorbate,zero_residual_v1,64,0,1,,,,,,1,1
canonical,CANONICAL — REPAIRED G2 OOF,6622,11461,adsorbate,zero_residual_v1,64,0,1,,,,,,1,1
canonical,CANONICAL — REPAIRED G2 OOF,6623,11462,interstitial,zero_residual_v1,64,0,1,,,,,,1,1
canonical,CANONICAL — REPAIRED G2 OOF,6624,11465,adsorbate,zero_residual_v1,64,0,1,,,,,,1,1
canonical,CANONICAL — REPAIRED G2 OOF,6625,11467,adsorbate,zero_residual_v1,64,0,1,,,,,,1,1
canonical,CANONICAL — REPAIRED G2 OOF,6626,11468,adsorbate,zero_residual_v1,64,0,1,,,,,,1,1
canonical,CANONICAL — REPAIRED G2 OOF,6627,11473,adsorbate,zero_residual_v1,64,0,1,,,,,,1,1
canonical,CANONICAL — REPAIRED G2 OOF,6628,11474,interstitial,zero_residual_v1,64,0,1,,,,,,1,1
canonical,CANONICAL — REPAIRED G2 OOF,6629,11475,adsorbate,zero_residual_v1,64,0,1,,,,,,1,1
canonical,CANONICAL — REPAIRED G2 OOF,6630,11476,adsorbate,zero_residual_v1,64,0,1,,,,,,1,1
canonical,CANONICAL — REPAIRED G2 OOF,6631,11477,adsorbate,zero_residual_v1,64,0,1,,,,,,1,1
canonical,CANONICAL — REPAIRED G2 OOF,6632,11479,adsorbate,zero_residual_v1,64,0,1,,,,,,1,1
canonical,CANONICAL — REPAIRED G2 OOF,6633,11480,adsorbate,zero_residual_v1,64,0,1,,,,,,1,1
canonical,CANONICAL — REPAIRED G2 OOF,6634,11481,adsorbate,zero_residual_v1,64,0,1,,,,,,1,1
canonical,CANONICAL — REPAIRED G2 OOF,6635,11482,adsorbate,zero_residual_v1,64,0,1,,,,,,1,1
canonical,CANONICAL — REPAIRED G2 OOF,6636,11484,adsorbate,zero_residual_v1,64,0,1,,,,,,1,1
canonical,CANONICAL — REPAIRED G2 OOF,6637,11485,adsorbate,zero_residual_v1,64,0,1,,,,,,1,1
canonical,CANONICAL — REPAIRED G2 OOF,6638,11486,adsorbate,zero_residual_v1,64,0,1,,,,,,1,1
canonical,CANONICAL — REPAIRED G2 OOF,6639,11487,adsorbate,zero_residual_v1,64,0,1,,,,,,1,1
canonical,CANONICAL — REPAIRED G2 OOF,6640,11488,adsorbate,zero_residual_v1,64,0,1,,,,,,1,1
canonical,CANONICAL — REPAIRED G2 OOF,6641,11489,adsorbate,zero_residual_v1,64,0,1,,,,,,1,1
canonical,CANONICAL — REPAIRED G2 OOF,6642,11490,adsorbate,zero_residual_v1,64,0,1,,,,,,1,1
canonical,CANONICAL — REPAIRED G2 OOF,6644,11492,adsorbate,zero_residual_v1,64,0,1,,,,,,1,1
canonical,CANONICAL — REPAIRED G2 OOF,6645,11493,adsorbate,zero_residual_v1,64,0,1,,,,,,1,1
canonical,CANONICAL — REPAIRED G2 OOF,6646,11494,adsorbate,zero_residual_v1,64,0,1,,,,,,1,1
canonical,CANONICAL — REPAIRED G2 OOF,6647,11496,adsorbate,zero_residual_v1,64,0,1,,,,,,1,1
canonical,CANONICAL — REPAIRED G2 OOF,6648,11497,adsorbate,zero_residual_v1,64,0,1,,,,,,1,1
canonical,CANONICAL — REPAIRED G2 OOF,6649,11501,adsorbate,zero_residual_v1,64,0,1,,,,,,1,1
canonical,CANONICAL — REPAIRED G2 OOF,6650,11503,adsorbate,zero_residual_v1,64,0,1,,,,,,1,1
canonical,CANONICAL — REPAIRED G2 OOF,6651,11504,adsorbate,zero_residual_v1,64,0,1,,,,,,1,1
canonical,CANONICAL — REPAIRED G2 OOF,6652,11505,adsorbate,zero_residual_v1,64,0,1,,,,,,1,1
canonical,CANONICAL — REPAIRED G2 OOF,6653,11506,adsorbate,zero_residual_v1,64,0,1,,,,,,1,1
canonical,CANONICAL — REPAIRED G2 OOF,6654,11508,interstitial,zero_residual_v1,64,0,1,,,,,,1,1
canonical,CANONICAL — REPAIRED G2 OOF,6655,11509,adsorbate,zero_residual_v1,64,0,1,,,,,,1,1
canonical,CANONICAL — REPAIRED G2 OOF,6657,11511,adsorbate,zero_residual_v1,64,0,1,,,,,,1,1
canonical,CANONICAL — REPAIRED G2 OOF,6658,11512,adsorbate,zero_residual_v1,64,0,1,,,,,,1,1
canonical,CANONICAL — REPAIRED G2 OOF,6659,11513,adsorbate,zero_residual_v1,64,0,1,,,,,,1,1
canonical,CANONICAL — REPAIRED G2 OOF,6660,11514,adsorbate,zero_residual_v1,64,0,1,,,,,,1,1
canonical,CANONICAL — REPAIRED G2 OOF,6661,11515,adsorbate,zero_residual_v1,64,0,1,,,,,,1,1
canonical,CANONICAL — REPAIRED G2 OOF,6662,11517,interstitial,zero_residual_v1,64,0,1,,,,,,1,1
canonical,CANONICAL — REPAIRED G2 OOF,6663,11518,adsorbate,zero_residual_v1,64,0,1,,,,,,1,1
canonical,CANONICAL — REPAIRED G2 OOF,6664,11519,adsorbate,zero_residual_v1,64,0,1,,,,,,1,1
canonical,CANONICAL — REPAIRED G2 OOF,6665,11520,adsorbate,zero_residual_v1,64,0,1,,,,,,1,1
canonical,CANONICAL — REPAIRED G2 OOF,6666,11521,adsorbate,zero_residual_v1,64,0,1,,,,,,1,1
canonical,CANONICAL — REPAIRED G2 OOF,6667,11523,adsorbate,zero_residual_v1,64,0,1,,,,,,1,1
canonical,CANONICAL — REPAIRED G2 OOF,6668,11525,adsorbate,zero_residual_v1,64,0,1,,,,,,1,1
canonical,CANONICAL — REPAIRED G2 OOF,6669,11526,adsorbate,zero_residual_v1,64,0,1,,,,,,1,1
canonical,CANONICAL — REPAIRED G2 OOF,6670,11528,adsorbate,zero_residual_v1,64,0,1,,,,,,1,1
canonical,CANONICAL — REPAIRED G2 OOF,6671,11529,adsorbate,zero_residual_v1,64,0,1,,,,,,1,1
canonical,CANONICAL — REPAIRED G2 OOF,6672,11532,adsorbate,zero_residual_v1,64,0,1,,,,,,1,1
canonical,CANONICAL — REPAIRED G2 OOF,6673,11533,adsorbate,zero_residual_v1,64,0,1,,,,,,1,1
canonical,CANONICAL — REPAIRED G2 OOF,6674,11535,interstitial,zero_residual_v1,64,0,1,,,,,,1,1
canonical,CANONICAL — REPAIRED G2 OOF,6675,11537,adsorbate,zero_residual_v1,64,0,1,,,,,,1,1
canonical,CANONICAL — REPAIRED G2 OOF,6676,11538,adsorbate,zero_residual_v1,64,0,1,,,,,,1,1
canonical,CANONICAL — REPAIRED G2 OOF,6677,11539,interstitial,zero_residual_v1,64,0,1,,,,,,1,1
canonical,CANONICAL — REPAIRED G2 OOF,6678,11541,adsorbate,zero_residual_v1,64,0,1,,,,,,1,1
canonical,CANONICAL — REPAIRED G2 OOF,6679,11542,adsorbate,zero_residual_v1,64,0,1,,,,,,1,1
canonical,CANONICAL — REPAIRED G2 OOF,6680,11545,adsorbate,zero_residual_v1,64,0,1,,,,,,1,1
canonical,CANONICAL — REPAIRED G2 OOF,6681,11546,adsorbate,zero_residual_v1,64,0,1,,,,,,1,1
canonical,CANONICAL — REPAIRED G2 OOF,6682,11548,adsorbate,zero_residual_v1,64,0,1,,,,,,1,1
canonical,CANONICAL — REPAIRED G2 OOF,6684,11551,adsorbate,zero_residual_v1,64,0,1,,,,,,1,1
canonical,CANONICAL — REPAIRED G2 OOF,6685,11552,adsorbate,zero_residual_v1,64,0,1,,,,,,1,1
canonical,CANONICAL — REPAIRED G2 OOF,6686,11553,adsorbate,zero_residual_v1,64,0,1,,,,,,1,1
canonical,CANONICAL — REPAIRED G2 OOF,6688,11558,adsorbate,zero_residual_v1,64,0,1,,,,,,1,1
canonical,CANONICAL — REPAIRED G2 OOF,6689,11560,adsorbate,zero_residual_v1,64,0,1,,,,,,1,1
canonical,CANONICAL — REPAIRED G2 OOF,6690,11561,adsorbate,zero_residual_v1,64,0,1,,,,,,1,1
canonical,CANONICAL — REPAIRED G2 OOF,6691,11564,adsorbate,zero_residual_v1,64,0,1,,,,,,1,1
canonical,CANONICAL — REPAIRED G2 OOF,6692,11565,interstitial,zero_residual_v1,64,0,1,,,,,,1,1
canonical,CANONICAL — REPAIRED G2 OOF,6693,11566,interstitial,zero_residual_v1,64,0,1,,,,,,1,1
canonical,CANONICAL — REPAIRED G2 OOF,6694,11567,adsorbate,zero_residual_v1,64,0,1,,,,,,1,1
canonical,CANONICAL — REPAIRED G2 OOF,6695,11568,adsorbate,zero_residual_v1,64,0,1,,,,,,1,1
canonical,CANONICAL — REPAIRED G2 OOF,6696,11569,interstitial,zero_residual_v1,64,0,1,,,,,,1,1
canonical,CANONICAL — REPAIRED G2 OOF,6697,11571,adsorbate,zero_residual_v1,64,0,1,,,,,,1,1
canonical,CANONICAL — REPAIRED G2 OOF,6699,11573,adsorbate,zero_residual_v1,64,0,1,,,,,,1,1
canonical,CANONICAL — REPAIRED G2 OOF,6700,11575,interstitial,zero_residual_v1,64,0,1,,,,,,1,1
canonical,CANONICAL — REPAIRED G2 OOF,6701,11576,interstitial,zero_residual_v1,64,0,1,,,,,,1,1
canonical,CANONICAL — REPAIRED G2 OOF,6702,11577,interstitial,zero_residual_v1,64,0,1,,,,,,1,1
canonical,CANONICAL — REPAIRED G2 OOF,6703,11579,adsorbate,zero_residual_v1,64,0,1,,,,,,1,1
canonical,CANONICAL — REPAIRED G2 OOF,6704,11581,adsorbate,zero_residual_v1,64,0,1,,,,,,1,1
canonical,CANONICAL — REPAIRED G2 OOF,6705,11583,adsorbate,zero_residual_v1,64,0,1,,,,,,1,1
canonical,CANONICAL — REPAIRED G2 OOF,6706,11584,interstitial,zero_residual_v1,64,0,1,,,,,,1,1
canonical,CANONICAL — REPAIRED G2 OOF,6707,11585,interstitial,zero_residual_v1,64,0,1,,,,,,1,1
canonical,CANONICAL — REPAIRED G2 OOF,6708,11586,interstitial,zero_residual_v1,64,0,1,,,,,,1,1
canonical,CANONICAL — REPAIRED G2 OOF,6709,11589,interstitial,zero_residual_v1,64,0,1,,,,,,1,1
canonical,CANONICAL — REPAIRED G2 OOF,6710,11592,interstitial,zero_residual_v1,64,0,1,,,,,,1,1
canonical,CANONICAL — REPAIRED G2 OOF,6711,11593,adsorbate,zero_residual_v1,64,0,1,,,,,,1,1
canonical,CANONICAL — REPAIRED G2 OOF,6712,11594,adsorbate,zero_residual_v1,64,0,1,,,,,,1,1
canonical,CANONICAL — REPAIRED G2 OOF,6713,11595,interstitial,zero_residual_v1,64,0,1,,,,,,1,1
canonical,CANONICAL — REPAIRED G2 OOF,6714,11596,interstitial,zero_residual_v1,64,0,1,,,,,,1,1
canonical,CANONICAL — REPAIRED G2 OOF,6715,11597,adsorbate,zero_residual_v1,64,0,1,,,,,,1,1
canonical,CANONICAL — REPAIRED G2 OOF,6716,11599,adsorbate,zero_residual_v1,64,0,1,,,,,,1,1
canonical,CANONICAL — REPAIRED G2 OOF,6717,11600,adsorbate,zero_residual_v1,64,0,1,,,,,,1,1
canonical,CANONICAL — REPAIRED G2 OOF,6718,11601,adsorbate,zero_residual_v1,64,0,1,,,,,,1,1
canonical,CANONICAL — REPAIRED G2 OOF,6719,11602,adsorbate,zero_residual_v1,64,0,1,,,,,,1,1
canonical,CANONICAL — REPAIRED G2 OOF,6720,11603,adsorbate,zero_residual_v1,64,0,1,,,,,,1,1
canonical,CANONICAL — REPAIRED G2 OOF,6721,11604,interstitial,zero_residual_v1,64,0,1,,,,,,1,1
canonical,CANONICAL — REPAIRED G2 OOF,6723,11606,adsorbate,zero_residual_v1,64,0,1,,,,,,1,1
canonical,CANONICAL — REPAIRED G2 OOF,6724,11608,adsorbate,zero_residual_v1,64,0,1,,,,,,1,1
canonical,CANONICAL — REPAIRED G2 OOF,6725,11609,interstitial,zero_residual_v1,64,0,1,,,,,,1,1
canonical,CANONICAL — REPAIRED G2 OOF,6726,11610,adsorbate,zero_residual_v1,64,0,1,,,,,,1,1
canonical,CANONICAL — REPAIRED G2 OOF,6727,11611,adsorbate,zero_residual_v1,64,0,1,,,,,,1,1
canonical,CANONICAL — REPAIRED G2 OOF,6728,11612,adsorbate,zero_residual_v1,64,0,1,,,,,,1,1
canonical,CANONICAL — REPAIRED G2 OOF,6729,11613,interstitial,zero_residual_v1,64,0,1,,,,,,1,1
canonical,CANONICAL — REPAIRED G2 OOF,6730,11614,adsorbate,zero_residual_v1,64,0,1,,,,,,1,1
canonical,CANONICAL — REPAIRED G2 OOF,6731,11615,adsorbate,zero_residual_v1,64,0,1,,,,,,1,1
canonical,CANONICAL — REPAIRED G2 OOF,6732,11616,interstitial,zero_residual_v1,64,0,1,,,,,,1,1
canonical,CANONICAL — REPAIRED G2 OOF,6733,11617,adsorbate,zero_residual_v1,64,0,1,,,,,,1,1
canonical,CANONICAL — REPAIRED G2 OOF,6734,11618,adsorbate,zero_residual_v1,64,0,1,,,,,,1,1
canonical,CANONICAL — REPAIRED G2 OOF,6735,11621,adsorbate,zero_residual_v1,64,0,1,,,,,,1,1
canonical,CANONICAL — REPAIRED G2 OOF,6736,11622,adsorbate,zero_residual_v1,64,0,1,,,,,,1,1
canonical,CANONICAL — REPAIRED G2 OOF,6737,11623,adsorbate,zero_residual_v1,64,0,1,,,,,,1,1
canonical,CANONICAL — REPAIRED G2 OOF,6738,11624,interstitial,zero_residual_v1,64,0,1,,,,,,1,1
canonical,CANONICAL — REPAIRED G2 OOF,6739,11625,adsorbate,zero_residual_v1,64,0,1,,,,,,1,1
canonical,CANONICAL — REPAIRED G2 OOF,6740,11626,interstitial,zero_residual_v1,64,0,1,,,,,,1,1
canonical,CANONICAL — REPAIRED G2 OOF,6741,11627,adsorbate,zero_residual_v1,64,0,1,,,,,,1,1
canonical,CANONICAL — REPAIRED G2 OOF,6742,11628,adsorbate,zero_residual_v1,64,0,1,,,,,,1,1
canonical,CANONICAL — REPAIRED G2 OOF,6743,11629,adsorbate,zero_residual_v1,64,0,1,,,,,,1,1
canonical,CANONICAL — REPAIRED G2 OOF,6744,11630,interstitial,zero_residual_v1,64,0,1,,,,,,1,1
canonical,CANONICAL — REPAIRED G2 OOF,6745,11631,interstitial,zero_residual_v1,64,0,1,,,,,,1,1
canonical,CANONICAL — REPAIRED G2 OOF,6746,11632,adsorbate,zero_residual_v1,64,0,1,,,,,,1,1
canonical,CANONICAL — REPAIRED G2 OOF,6747,11633,adsorbate,zero_residual_v1,64,0,1,,,,,,1,1
canonical,CANONICAL — REPAIRED G2 OOF,6748,11634,adsorbate,zero_residual_v1,64,0,1,,,,,,1,1
canonical,CANONICAL — REPAIRED G2 OOF,6749,11637,adsorbate,zero_residual_v1,64,0,1,,,,,,1,1
canonical,CANONICAL — REPAIRED G2 OOF,6750,11640,adsorbate,zero_residual_v1,64,0,1,,,,,,1,1
canonical,CANONICAL — REPAIRED G2 OOF,6751,11642,adsorbate,zero_residual_v1,64,0,1,,,,,,1,1
canonical,CANONICAL — REPAIRED G2 OOF,6752,11643,adsorbate,zero_residual_v1,64,0,1,,,,,,1,1
canonical,CANONICAL — REPAIRED G2 OOF,6753,11644,adsorbate,zero_residual_v1,64,0,1,,,,,,1,1
canonical,CANONICAL — REPAIRED G2 OOF,6754,11646,adsorbate,zero_residual_v1,64,0,1,,,,,,1,1
canonical,CANONICAL — REPAIRED G2 OOF,6755,11649,interstitial,zero_residual_v1,64,0,1,,,,,,1,1
canonical,CANONICAL — REPAIRED G2 OOF,6756,11651,adsorbate,zero_residual_v1,64,0,1,,,,,,1,1
canonical,CANONICAL — REPAIRED G2 OOF,6757,11653,adsorbate,zero_residual_v1,64,0,1,,,,,,1,1
canonical,CANONICAL — REPAIRED G2 OOF,6758,11654,adsorbate,zero_residual_v1,64,0,1,,,,,,1,1
canonical,CANONICAL — REPAIRED G2 OOF,6759,11655,interstitial,zero_residual_v1,64,0,1,,,,,,1,1
canonical,CANONICAL — REPAIRED G2 OOF,6760,11657,adsorbate,zero_residual_v1,64,0,1,,,,,,1,1
canonical,CANONICAL — REPAIRED G2 OOF,6761,11660,interstitial,zero_residual_v1,64,0,1,,,,,,1,1
canonical,CANONICAL — REPAIRED G2 OOF,6762,11663,adsorbate,zero_residual_v1,64,0,1,,,,,,1,1
canonical,CANONICAL — REPAIRED G2 OOF,6763,11664,adsorbate,zero_residual_v1,64,0,1,,,,,,1,1
canonical,CANONICAL — REPAIRED G2 OOF,6764,11665,adsorbate,zero_residual_v1,64,0,1,,,,,,1,1
canonical,CANONICAL — REPAIRED G2 OOF,6765,11666,adsorbate,zero_residual_v1,64,0,1,,,,,,1,1
canonical,CANONICAL — REPAIRED G2 OOF,6766,11668,interstitial,zero_residual_v1,64,0,1,,,,,,1,1
canonical,CANONICAL — REPAIRED G2 OOF,6767,11669,interstitial,zero_residual_v1,64,0,1,,,,,,1,1
canonical,CANONICAL — REPAIRED G2 OOF,6768,11672,adsorbate,zero_residual_v1,64,0,1,,,,,,1,1
canonical,CANONICAL — REPAIRED G2 OOF,6769,11673,adsorbate,zero_residual_v1,64,0,1,,,,,,1,1
canonical,CANONICAL — REPAIRED G2 OOF,6770,11674,adsorbate,zero_residual_v1,64,0,1,,,,,,1,1
canonical,CANONICAL — REPAIRED G2 OOF,6771,11680,adsorbate,zero_residual_v1,64,0,1,,,,,,1,1
canonical,CANONICAL — REPAIRED G2 OOF,6772,11681,adsorbate,zero_residual_v1,64,0,1,,,,,,1,1
canonical,CANONICAL — REPAIRED G2 OOF,6773,11684,adsorbate,zero_residual_v1,64,0,1,,,,,,1,1
canonical,CANONICAL — REPAIRED G2 OOF,6774,11686,adsorbate,zero_residual_v1,64,0,1,,,,,,1,1
canonical,CANONICAL — REPAIRED G2 OOF,6775,11689,adsorbate,zero_residual_v1,64,0,1,,,,,,1,1
canonical,CANONICAL — REPAIRED G2 OOF,6776,11690,adsorbate,zero_residual_v1,64,0,1,,,,,,1,1
canonical,CANONICAL — REPAIRED G2 OOF,6777,11691,adsorbate,zero_residual_v1,64,0,1,,,,,,1,1
canonical,CANONICAL — REPAIRED G2 OOF,6778,11692,adsorbate,zero_residual_v1,64,0,1,,,,,,1,1
canonical,CANONICAL — REPAIRED G2 OOF,6779,11694,adsorbate,zero_residual_v1,64,0,1,,,,,,1,1
canonical,CANONICAL — REPAIRED G2 OOF,6780,11695,adsorbate,zero_residual_v1,64,0,1,,,,,,1,1
canonical,CANONICAL — REPAIRED G2 OOF,6781,11696,adsorbate,zero_residual_v1,64,0,1,,,,,,1,1
canonical,CANONICAL — REPAIRED G2 OOF,6782,11697,adsorbate,zero_residual_v1,64,0,1,,,,,,1,1
canonical,CANONICAL — REPAIRED G2 OOF,6783,11698,adsorbate,zero_residual_v1,64,0,1,,,,,,1,1
canonical,CANONICAL — REPAIRED G2 OOF,6784,11700,adsorbate,zero_residual_v1,64,0,1,,,,,,1,1
canonical,CANONICAL — REPAIRED G2 OOF,6785,11701,interstitial,zero_residual_v1,64,0,1,,,,,,1,1
canonical,CANONICAL — REPAIRED G2 OOF,6786,11702,adsorbate,zero_residual_v1,64,0,1,,,,,,1,1
canonical,CANONICAL — REPAIRED G2 OOF,6787,11703,adsorbate,zero_residual_v1,64,0,1,,,,,,1,1
canonical,CANONICAL — REPAIRED G2 OOF,6788,11704,adsorbate,zero_residual_v1,64,0,1,,,,,,1,1
canonical,CANONICAL — REPAIRED G2 OOF,6789,11705,adsorbate,zero_residual_v1,64,0,1,,,,,,1,1
canonical,CANONICAL — REPAIRED G2 OOF,6790,11706,adsorbate,zero_residual_v1,64,0,1,,,,,,1,1
canonical,CANONICAL — REPAIRED G2 OOF,6791,11707,adsorbate,zero_residual_v1,64,0,1,,,,,,1,1
canonical,CANONICAL — REPAIRED G2 OOF,6792,11709,adsorbate,zero_residual_v1,64,0,1,,,,,,1,1
canonical,CANONICAL — REPAIRED G2 OOF,6793,11710,adsorbate,zero_residual_v1,64,0,1,,,,,,1,1
canonical,CANONICAL — REPAIRED G2 OOF,6794,11711,adsorbate,zero_residual_v1,64,0,1,,,,,,1,1
canonical,CANONICAL — REPAIRED G2 OOF,6795,11713,adsorbate,zero_residual_v1,64,0,1,,,,,,1,1
canonical,CANONICAL — REPAIRED G2 OOF,6796,11714,adsorbate,zero_residual_v1,64,0,1,,,,,,1,1
canonical,CANONICAL — REPAIRED G2 OOF,6797,11715,interstitial,zero_residual_v1,64,0,1,,,,,,1,1
canonical,CANONICAL — REPAIRED G2 OOF,6798,11716,adsorbate,zero_residual_v1,64,0,1,,,,,,1,1
canonical,CANONICAL — REPAIRED G2 OOF,6799,11718,adsorbate,zero_residual_v1,64,0,1,,,,,,1,1
canonical,CANONICAL — REPAIRED G2 OOF,6800,11720,adsorbate,zero_residual_v1,64,0,1,,,,,,1,1
canonical,CANONICAL — REPAIRED G2 OOF,6801,11724,interstitial,zero_residual_v1,64,0,1,,,,,,1,1
canonical,CANONICAL — REPAIRED G2 OOF,6802,11725,adsorbate,zero_residual_v1,64,0,1,,,,,,1,1
canonical,CANONICAL — REPAIRED G2 OOF,6803,11726,adsorbate,zero_residual_v1,64,0,1,,,,,,1,1
canonical,CANONICAL — REPAIRED G2 OOF,6804,11727,interstitial,zero_residual_v1,64,0,1,,,,,,1,1
canonical,CANONICAL — REPAIRED G2 OOF,6805,11728,adsorbate,zero_residual_v1,64,0,1,,,,,,1,1
canonical,CANONICAL — REPAIRED G2 OOF,6806,11730,adsorbate,zero_residual_v1,64,0,1,,,,,,1,1
canonical,CANONICAL — REPAIRED G2 OOF,6807,11732,adsorbate,zero_residual_v1,64,0,1,,,,,,1,1
canonical,CANONICAL — REPAIRED G2 OOF,6808,11733,adsorbate,zero_residual_v1,64,0,1,,,,,,1,1
canonical,CANONICAL — REPAIRED G2 OOF,6809,11734,adsorbate,zero_residual_v1,64,0,1,,,,,,1,1
canonical,CANONICAL — REPAIRED G2 OOF,6810,11736,adsorbate,zero_residual_v1,64,0,1,,,,,,1,1
canonical,CANONICAL — REPAIRED G2 OOF,6811,11737,adsorbate,zero_residual_v1,64,0,1,,,,,,1,1
canonical,CANONICAL — REPAIRED G2 OOF,6812,11738,interstitial,zero_residual_v1,64,0,1,,,,,,1,1
canonical,CANONICAL — REPAIRED G2 OOF,6813,11739,adsorbate,zero_residual_v1,64,0,1,,,,,,1,1
canonical,CANONICAL — REPAIRED G2 OOF,6814,11740,adsorbate,zero_residual_v1,64,0,1,,,,,,1,1
canonical,CANONICAL — REPAIRED G2 OOF,6815,11742,adsorbate,zero_residual_v1,64,0,1,,,,,,1,1
canonical,CANONICAL — REPAIRED G2 OOF,6816,11743,adsorbate,zero_residual_v1,64,0,1,,,,,,1,1
canonical,CANONICAL — REPAIRED G2 OOF,6817,11744,adsorbate,zero_residual_v1,64,0,1,,,,,,1,1
canonical,CANONICAL — REPAIRED G2 OOF,6818,11745,interstitial,zero_residual_v1,64,0,1,,,,,,1,1
canonical,CANONICAL — REPAIRED G2 OOF,6819,11746,adsorbate,zero_residual_v1,64,0,1,,,,,,1,1
canonical,CANONICAL — REPAIRED G2 OOF,6820,11747,adsorbate,zero_residual_v1,64,0,1,,,,,,1,1
canonical,CANONICAL — REPAIRED G2 OOF,6821,11748,adsorbate,zero_residual_v1,64,0,1,,,,,,1,1
canonical,CANONICAL — REPAIRED G2 OOF,6822,11749,adsorbate,zero_residual_v1,64,0,1,,,,,,1,1
canonical,CANONICAL — REPAIRED G2 OOF,6823,11750,adsorbate,zero_residual_v1,64,0,1,,,,,,1,1
canonical,CANONICAL — REPAIRED G2 OOF,6824,11751,interstitial,zero_residual_v1,64,0,1,,,,,,1,1
canonical,CANONICAL — REPAIRED G2 OOF,6825,11753,adsorbate,zero_residual_v1,64,0,1,,,,,,1,1
canonical,CANONICAL — REPAIRED G2 OOF,6826,11754,adsorbate,zero_residual_v1,64,0,1,,,,,,1,1
canonical,CANONICAL — REPAIRED G2 OOF,6827,11755,adsorbate,zero_residual_v1,64,0,1,,,,,,1,1
canonical,CANONICAL — REPAIRED G2 OOF,6828,11756,interstitial,zero_residual_v1,64,0,1,,,,,,1,1
canonical,CANONICAL — REPAIRED G2 OOF,6829,11757,interstitial,zero_residual_v1,64,0,1,,,,,,1,1
canonical,CANONICAL — REPAIRED G2 OOF,6830,11758,adsorbate,zero_residual_v1,64,0,1,,,,,,1,1
canonical,CANONICAL — REPAIRED G2 OOF,6831,11759,adsorbate,zero_residual_v1,64,0,1,,,,,,1,1
canonical,CANONICAL — REPAIRED G2 OOF,6832,11760,adsorbate,zero_residual_v1,64,0,1,,,,,,1,1
canonical,CANONICAL — REPAIRED G2 OOF,6833,11762,adsorbate,zero_residual_v1,64,0,1,,,,,,1,1
canonical,CANONICAL — REPAIRED G2 OOF,6834,11763,adsorbate,zero_residual_v1,64,0,1,,,,,,1,1
canonical,CANONICAL — REPAIRED G2 OOF,6835,11764,adsorbate,zero_residual_v1,64,0,1,,,,,,1,1
canonical,CANONICAL — REPAIRED G2 OOF,6836,11765,adsorbate,zero_residual_v1,64,0,1,,,,,,1,1
canonical,CANONICAL — REPAIRED G2 OOF,6837,11768,adsorbate,zero_residual_v1,64,0,1,,,,,,1,1
canonical,CANONICAL — REPAIRED G2 OOF,6838,11770,adsorbate,zero_residual_v1,64,0,1,,,,,,1,1
canonical,CANONICAL — REPAIRED G2 OOF,6839,11771,adsorbate,zero_residual_v1,64,0,1,,,,,,1,1
canonical,CANONICAL — REPAIRED G2 OOF,6840,11772,adsorbate,zero_residual_v1,64,0,1,,,,,,1,1
canonical,CANONICAL — REPAIRED G2 OOF,6841,11773,adsorbate,zero_residual_v1,64,0,1,,,,,,1,1
canonical,CANONICAL — REPAIRED G2 OOF,6842,11774,interstitial,zero_residual_v1,64,0,1,,,,,,1,1
canonical,CANONICAL — REPAIRED G2 OOF,6843,11775,adsorbate,zero_residual_v1,64,0,1,,,,,,1,1
canonical,CANONICAL — REPAIRED G2 OOF,6844,11777,adsorbate,zero_residual_v1,64,0,1,,,,,,1,1
canonical,CANONICAL — REPAIRED G2 OOF,6845,11779,adsorbate,zero_residual_v1,64,0,1,,,,,,1,1
canonical,CANONICAL — REPAIRED G2 OOF,6846,11781,adsorbate,zero_residual_v1,64,0,1,,,,,,1,1
canonical,CANONICAL — REPAIRED G2 OOF,6847,11782,adsorbate,zero_residual_v1,64,0,1,,,,,,1,1
canonical,CANONICAL — REPAIRED G2 OOF,6848,11783,adsorbate,zero_residual_v1,64,0,1,,,,,,1,1
canonical,CANONICAL — REPAIRED G2 OOF,6849,11785,adsorbate,zero_residual_v1,64,0,1,,,,,,1,1
canonical,CANONICAL — REPAIRED G2 OOF,6850,11786,interstitial,zero_residual_v1,64,0,1,,,,,,1,1
canonical,CANONICAL — REPAIRED G2 OOF,6851,11787,interstitial,zero_residual_v1,64,0,1,,,,,,1,1
canonical,CANONICAL — REPAIRED G2 OOF,6852,11788,interstitial,zero_residual_v1,64,0,1,,,,,,1,1
canonical,CANONICAL — REPAIRED G2 OOF,6853,11789,adsorbate,zero_residual_v1,64,0,1,,,,,,1,1
canonical,CANONICAL — REPAIRED G2 OOF,6854,11790,adsorbate,zero_residual_v1,64,0,1,,,,,,1,1
canonical,CANONICAL — REPAIRED G2 OOF,6855,11792,interstitial,zero_residual_v1,64,0,1,,,,,,1,1
canonical,CANONICAL — REPAIRED G2 OOF,6856,11793,adsorbate,zero_residual_v1,64,0,1,,,,,,1,1
canonical,CANONICAL — REPAIRED G2 OOF,6857,11794,adsorbate,zero_residual_v1,64,0,1,,,,,,1,1
canonical,CANONICAL — REPAIRED G2 OOF,6858,11796,adsorbate,zero_residual_v1,64,0,1,,,,,,1,1
canonical,CANONICAL — REPAIRED G2 OOF,6859,11797,interstitial,zero_residual_v1,64,0,1,,,,,,1,1
canonical,CANONICAL — REPAIRED G2 OOF,6860,11798,interstitial,zero_residual_v1,64,0,1,,,,,,1,1
canonical,CANONICAL — REPAIRED G2 OOF,6861,11799,interstitial,zero_residual_v1,64,0,1,,,,,,1,1
canonical,CANONICAL — REPAIRED G2 OOF,6862,11800,interstitial,zero_residual_v1,64,0,1,,,,,,1,1
canonical,CANONICAL — REPAIRED G2 OOF,6863,11801,adsorbate,zero_residual_v1,64,0,1,,,,,,1,1
canonical,CANONICAL — REPAIRED G2 OOF,6864,11802,interstitial,zero_residual_v1,64,0,1,,,,,,1,1
canonical,CANONICAL — REPAIRED G2 OOF,6865,11804,adsorbate,zero_residual_v1,64,0,1,,,,,,1,1
canonical,CANONICAL — REPAIRED G2 OOF,6866,11805,adsorbate,zero_residual_v1,64,0,1,,,,,,1,1
canonical,CANONICAL — REPAIRED G2 OOF,6867,11806,adsorbate,zero_residual_v1,64,0,1,,,,,,1,1
canonical,CANONICAL — REPAIRED G2 OOF,6868,11807,adsorbate,zero_residual_v1,64,0,1,,,,,,1,1
canonical,CANONICAL — REPAIRED G2 OOF,6869,11808,adsorbate,zero_residual_v1,64,0,1,,,,,,1,1
canonical,CANONICAL — REPAIRED G2 OOF,6872,11811,interstitial,zero_residual_v1,64,0,1,,,,,,1,1
canonical,CANONICAL — REPAIRED G2 OOF,6873,11817,adsorbate,zero_residual_v1,64,0,1,,,,,,1,1
canonical,CANONICAL — REPAIRED G2 OOF,6874,11818,adsorbate,zero_residual_v1,64,0,1,,,,,,1,1
canonical,CANONICAL — REPAIRED G2 OOF,6875,11822,adsorbate,zero_residual_v1,64,0,1,,,,,,1,1
canonical,CANONICAL — REPAIRED G2 OOF,6876,11823,adsorbate,zero_residual_v1,64,0,1,,,,,,1,1
canonical,CANONICAL — REPAIRED G2 OOF,6877,11826,adsorbate,zero_residual_v1,64,0,1,,,,,,1,1
canonical,CANONICAL — REPAIRED G2 OOF,6878,11828,adsorbate,zero_residual_v1,64,0,1,,,,,,1,1
canonical,CANONICAL — REPAIRED G2 OOF,6879,11829,adsorbate,zero_residual_v1,64,0,1,,,,,,1,1
canonical,CANONICAL — REPAIRED G2 OOF,6880,11830,adsorbate,zero_residual_v1,64,0,1,,,,,,1,1
canonical,CANONICAL — REPAIRED G2 OOF,6881,11831,adsorbate,zero_residual_v1,64,0,1,,,,,,1,1
canonical,CANONICAL — REPAIRED G2 OOF,6882,11832,adsorbate,zero_residual_v1,64,0,1,,,,,,1,1
canonical,CANONICAL — REPAIRED G2 OOF,6883,11834,adsorbate,zero_residual_v1,64,0,1,,,,,,1,1
canonical,CANONICAL — REPAIRED G2 OOF,6884,11835,adsorbate,zero_residual_v1,64,0,1,,,,,,1,1
canonical,CANONICAL — REPAIRED G2 OOF,6885,11836,adsorbate,zero_residual_v1,64,0,1,,,,,,1,1
canonical,CANONICAL — REPAIRED G2 OOF,6886,11838,adsorbate,zero_residual_v1,64,0,1,,,,,,1,1
canonical,CANONICAL — REPAIRED G2 OOF,6887,11840,adsorbate,zero_residual_v1,64,0,1,,,,,,1,1
canonical,CANONICAL — REPAIRED G2 OOF,6888,11842,adsorbate,zero_residual_v1,64,0,1,,,,,,1,1
canonical,CANONICAL — REPAIRED G2 OOF,6889,11843,adsorbate,zero_residual_v1,64,0,1,,,,,,1,1
canonical,CANONICAL — REPAIRED G2 OOF,6890,11847,interstitial,zero_residual_v1,64,0,1,,,,,,1,1
canonical,CANONICAL — REPAIRED G2 OOF,6891,11849,adsorbate,zero_residual_v1,64,0,1,,,,,,1,1
canonical,CANONICAL — REPAIRED G2 OOF,6892,11850,interstitial,zero_residual_v1,64,0,1,,,,,,1,1
canonical,CANONICAL — REPAIRED G2 OOF,6893,11851,adsorbate,zero_residual_v1,64,0,1,,,,,,1,1
canonical,CANONICAL — REPAIRED G2 OOF,6894,11853,adsorbate,zero_residual_v1,64,0,1,,,,,,1,1
canonical,CANONICAL — REPAIRED G2 OOF,6895,11854,adsorbate,zero_residual_v1,64,0,1,,,,,,1,1
canonical,CANONICAL — REPAIRED G2 OOF,6896,11855,adsorbate,zero_residual_v1,64,0,1,,,,,,1,1
canonical,CANONICAL — REPAIRED G2 OOF,6897,11859,adsorbate,zero_residual_v1,64,0,1,,,,,,1,1
canonical,CANONICAL — REPAIRED G2 OOF,6898,11860,adsorbate,zero_residual_v1,64,0,1,,,,,,1,1
canonical,CANONICAL — REPAIRED G2 OOF,6899,11861,adsorbate,zero_residual_v1,64,0,1,,,,,,1,1
canonical,CANONICAL — REPAIRED G2 OOF,6900,11863,adsorbate,zero_residual_v1,64,0,1,,,,,,1,1
canonical,CANONICAL — REPAIRED G2 OOF,6901,11864,adsorbate,zero_residual_v1,64,0,1,,,,,,1,1
canonical,CANONICAL — REPAIRED G2 OOF,6902,11865,adsorbate,zero_residual_v1,64,0,1,,,,,,1,1
canonical,CANONICAL — REPAIRED G2 OOF,6903,11866,adsorbate,zero_residual_v1,64,0,1,,,,,,1,1
canonical,CANONICAL — REPAIRED G2 OOF,6904,11868,adsorbate,zero_residual_v1,64,0,1,,,,,,1,1
canonical,CANONICAL — REPAIRED G2 OOF,6905,11869,adsorbate,zero_residual_v1,64,0,1,,,,,,1,1
canonical,CANONICAL — REPAIRED G2 OOF,6906,11870,adsorbate,zero_residual_v1,64,0,1,,,,,,1,1
canonical,CANONICAL — REPAIRED G2 OOF,6907,11873,interstitial,zero_residual_v1,64,0,1,,,,,,1,1
canonical,CANONICAL — REPAIRED G2 OOF,6908,11874,interstitial,zero_residual_v1,64,0,1,,,,,,1,1
canonical,CANONICAL — REPAIRED G2 OOF,6909,11876,adsorbate,zero_residual_v1,64,0,1,,,,,,1,1
canonical,CANONICAL — REPAIRED G2 OOF,6910,11877,adsorbate,zero_residual_v1,64,0,1,,,,,,1,1
canonical,CANONICAL — REPAIRED G2 OOF,6911,11878,adsorbate,zero_residual_v1,64,0,1,,,,,,1,1
canonical,CANONICAL — REPAIRED G2 OOF,6912,11880,adsorbate,zero_residual_v1,64,0,1,,,,,,1,1
canonical,CANONICAL — REPAIRED G2 OOF,6913,11881,interstitial,zero_residual_v1,64,0,1,,,,,,1,1
canonical,CANONICAL — REPAIRED G2 OOF,6914,11882,adsorbate,zero_residual_v1,64,0,1,,,,,,1,1
canonical,CANONICAL — REPAIRED G2 OOF,6915,11884,adsorbate,zero_residual_v1,64,0,1,,,,,,1,1
canonical,CANONICAL — REPAIRED G2 OOF,6916,11885,adsorbate,zero_residual_v1,64,0,1,,,,,,1,1
canonical,CANONICAL — REPAIRED G2 OOF,6917,11886,adsorbate,zero_residual_v1,64,0,1,,,,,,1,1
canonical,CANONICAL — REPAIRED G2 OOF,6918,11887,adsorbate,zero_residual_v1,64,0,1,,,,,,1,1
canonical,CANONICAL — REPAIRED G2 OOF,6919,11889,interstitial,zero_residual_v1,64,0,1,,,,,,1,1
canonical,CANONICAL — REPAIRED G2 OOF,6920,11891,interstitial,zero_residual_v1,64,0,1,,,,,,1,1
canonical,CANONICAL — REPAIRED G2 OOF,6921,11892,interstitial,zero_residual_v1,64,0,1,,,,,,1,1
canonical,CANONICAL — REPAIRED G2 OOF,6922,11893,adsorbate,zero_residual_v1,64,0,1,,,,,,1,1
canonical,CANONICAL — REPAIRED G2 OOF,6923,11894,interstitial,zero_residual_v1,64,0,1,,,,,,1,1
canonical,CANONICAL — REPAIRED G2 OOF,6924,11897,adsorbate,zero_residual_v1,64,0,1,,,,,,1,1
canonical,CANONICAL — REPAIRED G2 OOF,6925,11900,adsorbate,zero_residual_v1,64,0,1,,,,,,1,1
canonical,CANONICAL — REPAIRED G2 OOF,6926,11901,interstitial,zero_residual_v1,64,0,1,,,,,,1,1
canonical,CANONICAL — REPAIRED G2 OOF,6927,11902,adsorbate,zero_residual_v1,64,0,1,,,,,,1,1
canonical,CANONICAL — REPAIRED G2 OOF,6928,11903,adsorbate,zero_residual_v1,64,0,1,,,,,,1,1
canonical,CANONICAL — REPAIRED G2 OOF,6929,11904,adsorbate,zero_residual_v1,64,0,1,,,,,,1,1
canonical,CANONICAL — REPAIRED G2 OOF,6931,11906,adsorbate,zero_residual_v1,64,0,1,,,,,,1,1
canonical,CANONICAL — REPAIRED G2 OOF,6932,11907,adsorbate,zero_residual_v1,64,0,1,,,,,,1,1
canonical,CANONICAL — REPAIRED G2 OOF,6933,11908,adsorbate,zero_residual_v1,64,0,1,,,,,,1,1
canonical,CANONICAL — REPAIRED G2 OOF,6934,11910,adsorbate,zero_residual_v1,64,0,1,,,,,,1,1
canonical,CANONICAL — REPAIRED G2 OOF,6935,11911,adsorbate,zero_residual_v1,64,0,1,,,,,,1,1
canonical,CANONICAL — REPAIRED G2 OOF,6936,11914,adsorbate,zero_residual_v1,64,0,1,,,,,,1,1
canonical,CANONICAL — REPAIRED G2 OOF,6937,11915,adsorbate,zero_residual_v1,64,0,1,,,,,,1,1
canonical,CANONICAL — REPAIRED G2 OOF,6938,11916,adsorbate,zero_residual_v1,64,0,1,,,,,,1,1
canonical,CANONICAL — REPAIRED G2 OOF,6939,11917,interstitial,zero_residual_v1,64,0,1,,,,,,1,1
canonical,CANONICAL — REPAIRED G2 OOF,6940,11919,adsorbate,zero_residual_v1,64,0,1,,,,,,1,1
canonical,CANONICAL — REPAIRED G2 OOF,6941,11921,adsorbate,zero_residual_v1,64,0,1,,,,,,1,1
canonical,CANONICAL — REPAIRED G2 OOF,6942,11922,adsorbate,zero_residual_v1,64,0,1,,,,,,1,1
canonical,CANONICAL — REPAIRED G2 OOF,6943,11923,adsorbate,zero_residual_v1,64,0,1,,,,,,1,1
canonical,CANONICAL — REPAIRED G2 OOF,6944,11924,adsorbate,zero_residual_v1,64,0,1,,,,,,1,1
canonical,CANONICAL — REPAIRED G2 OOF,6945,11927,adsorbate,zero_residual_v1,64,0,1,,,,,,1,1
canonical,CANONICAL — REPAIRED G2 OOF,6946,11931,adsorbate,zero_residual_v1,64,0,1,,,,,,1,1
canonical,CANONICAL — REPAIRED G2 OOF,6947,11932,interstitial,zero_residual_v1,64,0,1,,,,,,1,1
canonical,CANONICAL — REPAIRED G2 OOF,6948,11935,adsorbate,zero_residual_v1,64,0,1,,,,,,1,1
canonical,CANONICAL — REPAIRED G2 OOF,6949,11937,adsorbate,zero_residual_v1,64,0,1,,,,,,1,1
canonical,CANONICAL — REPAIRED G2 OOF,6950,11938,adsorbate,zero_residual_v1,64,0,1,,,,,,1,1
canonical,CANONICAL — REPAIRED G2 OOF,6951,11941,adsorbate,zero_residual_v1,64,0,1,,,,,,1,1
canonical,CANONICAL — REPAIRED G2 OOF,6952,11943,adsorbate,zero_residual_v1,64,0,1,,,,,,1,1
canonical,CANONICAL — REPAIRED G2 OOF,6953,11945,adsorbate,zero_residual_v1,64,0,1,,,,,,1,1
canonical,CANONICAL — REPAIRED G2 OOF,6954,11946,adsorbate,zero_residual_v1,64,0,1,,,,,,1,1
canonical,CANONICAL — REPAIRED G2 OOF,6957,11951,interstitial,zero_residual_v1,64,0,1,,,,,,1,1
canonical,CANONICAL — REPAIRED G2 OOF,6958,11952,adsorbate,zero_residual_v1,64,0,1,,,,,,1,1
canonical,CANONICAL — REPAIRED G2 OOF,6959,11953,adsorbate,zero_residual_v1,64,0,1,,,,,,1,1
canonical,CANONICAL — REPAIRED G2 OOF,6960,11954,adsorbate,zero_residual_v1,64,0,1,,,,,,1,1
canonical,CANONICAL — REPAIRED G2 OOF,6961,11955,adsorbate,zero_residual_v1,64,0,1,,,,,,1,1
canonical,CANONICAL — REPAIRED G2 OOF,6962,11957,adsorbate,zero_residual_v1,64,0,1,,,,,,1,1
canonical,CANONICAL — REPAIRED G2 OOF,6963,11959,adsorbate,zero_residual_v1,64,0,1,,,,,,1,1
canonical,CANONICAL — REPAIRED G2 OOF,6965,11961,adsorbate,zero_residual_v1,64,0,1,,,,,,1,1
canonical,CANONICAL — REPAIRED G2 OOF,6966,11962,adsorbate,zero_residual_v1,64,0,1,,,,,,1,1
canonical,CANONICAL — REPAIRED G2 OOF,6967,11963,interstitial,zero_residual_v1,64,0,1,,,,,,1,1
canonical,CANONICAL — REPAIRED G2 OOF,6968,11964,adsorbate,zero_residual_v1,64,0,1,,,,,,1,1
canonical,CANONICAL — REPAIRED G2 OOF,6970,11968,adsorbate,zero_residual_v1,64,0,1,,,,,,1,1
canonical,CANONICAL — REPAIRED G2 OOF,6971,11969,adsorbate,zero_residual_v1,64,0,1,,,,,,1,1
canonical,CANONICAL — REPAIRED G2 OOF,6972,11971,interstitial,zero_residual_v1,64,0,1,,,,,,1,1
canonical,CANONICAL — REPAIRED G2 OOF,6973,11974,adsorbate,zero_residual_v1,64,0,1,,,,,,1,1
canonical,CANONICAL — REPAIRED G2 OOF,6974,11975,adsorbate,zero_residual_v1,64,0,1,,,,,,1,1
canonical,CANONICAL — REPAIRED G2 OOF,6975,11976,interstitial,zero_residual_v1,64,0,1,,,,,,1,1
canonical,CANONICAL — REPAIRED G2 OOF,6976,11977,adsorbate,zero_residual_v1,64,0,1,,,,,,1,1
canonical,CANONICAL — REPAIRED G2 OOF,6977,11978,adsorbate,zero_residual_v1,64,0,1,,,,,,1,1
canonical,CANONICAL — REPAIRED G2 OOF,6978,11979,adsorbate,zero_residual_v1,64,0,1,,,,,,1,1
canonical,CANONICAL — REPAIRED G2 OOF,6979,11980,adsorbate,zero_residual_v1,64,0,1,,,,,,1,1
canonical,CANONICAL — REPAIRED G2 OOF,6980,11984,adsorbate,zero_residual_v1,64,0,1,,,,,,1,1
canonical,CANONICAL — REPAIRED G2 OOF,6981,11985,interstitial,zero_residual_v1,64,0,1,,,,,,1,1
canonical,CANONICAL — REPAIRED G2 OOF,6982,11986,adsorbate,zero_residual_v1,64,0,1,,,,,,1,1
canonical,CANONICAL — REPAIRED G2 OOF,6983,11987,adsorbate,zero_residual_v1,64,0,1,,,,,,1,1
canonical,CANONICAL — REPAIRED G2 OOF,6984,11988,adsorbate,zero_residual_v1,64,0,1,,,,,,1,1
canonical,CANONICAL — REPAIRED G2 OOF,6985,11989,adsorbate,zero_residual_v1,64,0,1,,,,,,1,1
canonical,CANONICAL — REPAIRED G2 OOF,6986,11990,adsorbate,zero_residual_v1,64,0,1,,,,,,1,1
canonical,CANONICAL — REPAIRED G2 OOF,6987,11992,interstitial,zero_residual_v1,64,0,1,,,,,,1,1
canonical,CANONICAL — REPAIRED G2 OOF,6988,11993,adsorbate,zero_residual_v1,64,0,1,,,,,,1,1
canonical,CANONICAL — REPAIRED G2 OOF,6989,11994,adsorbate,zero_residual_v1,64,0,1,,,,,,1,1
canonical,CANONICAL — REPAIRED G2 OOF,6990,11995,adsorbate,zero_residual_v1,64,0,1,,,,,,1,1
canonical,CANONICAL — REPAIRED G2 OOF,6991,11998,adsorbate,zero_residual_v1,64,0,1,,,,,,1,1
canonical,CANONICAL — REPAIRED G2 OOF,6992,11999,adsorbate,zero_residual_v1,64,0,1,,,,,,1,1
canonical,CANONICAL — REPAIRED G2 OOF,6993,12000,adsorbate,zero_residual_v1,64,0,1,,,,,,1,1
canonical,CANONICAL — REPAIRED G2 OOF,6994,12002,adsorbate,zero_residual_v1,64,0,1,,,,,,1,1
canonical,CANONICAL — REPAIRED G2 OOF,6995,12003,adsorbate,zero_residual_v1,64,0,1,,,,,,1,1
canonical,CANONICAL — REPAIRED G2 OOF,6996,12004,adsorbate,zero_residual_v1,64,0,1,,,,,,1,1
canonical,CANONICAL — REPAIRED G2 OOF,6997,12005,adsorbate,zero_residual_v1,64,0,1,,,,,,1,1
canonical,CANONICAL — REPAIRED G2 OOF,6999,12008,adsorbate,zero_residual_v1,64,0,1,,,,,,1,1
canonical,CANONICAL — REPAIRED G2 OOF,7000,12013,adsorbate,zero_residual_v1,64,0,1,,,,,,1,1
canonical,CANONICAL — REPAIRED G2 OOF,7001,12014,interstitial,zero_residual_v1,64,0,1,,,,,,1,1
canonical,CANONICAL — REPAIRED G2 OOF,7002,12016,interstitial,zero_residual_v1,64,0,1,,,,,,1,1
canonical,CANONICAL — REPAIRED G2 OOF,7003,12017,adsorbate,zero_residual_v1,64,0,1,,,,,,1,1
canonical,CANONICAL — REPAIRED G2 OOF,7004,12021,interstitial,zero_residual_v1,64,0,1,,,,,,1,1
canonical,CANONICAL — REPAIRED G2 OOF,7005,12022,interstitial,zero_residual_v1,64,0,1,,,,,,1,1
canonical,CANONICAL — REPAIRED G2 OOF,7006,12023,adsorbate,zero_residual_v1,64,0,1,,,,,,1,1
canonical,CANONICAL — REPAIRED G2 OOF,7007,12024,adsorbate,zero_residual_v1,64,0,1,,,,,,1,1
canonical,CANONICAL — REPAIRED G2 OOF,7008,12026,adsorbate,zero_residual_v1,64,0,1,,,,,,1,1
canonical,CANONICAL — REPAIRED G2 OOF,7009,12027,interstitial,zero_residual_v1,64,0,1,,,,,,1,1
canonical,CANONICAL — REPAIRED G2 OOF,7010,12028,adsorbate,zero_residual_v1,64,0,1,,,,,,1,1
canonical,CANONICAL — REPAIRED G2 OOF,7012,12031,adsorbate,zero_residual_v1,64,0,1,,,,,,1,1
canonical,CANONICAL — REPAIRED G2 OOF,7013,12032,adsorbate,zero_residual_v1,64,0,1,,,,,,1,1
canonical,CANONICAL — REPAIRED G2 OOF,7014,12033,adsorbate,zero_residual_v1,64,0,1,,,,,,1,1
canonical,CANONICAL — REPAIRED G2 OOF,7015,12034,adsorbate,zero_residual_v1,64,0,1,,,,,,1,1
canonical,CANONICAL — REPAIRED G2 OOF,7016,12035,adsorbate,zero_residual_v1,64,0,1,,,,,,1,1
canonical,CANONICAL — REPAIRED G2 OOF,7017,12041,adsorbate,zero_residual_v1,64,0,1,,,,,,1,1
canonical,CANONICAL — REPAIRED G2 OOF,7018,12043,interstitial,zero_residual_v1,64,0,1,,,,,,1,1
canonical,CANONICAL — REPAIRED G2 OOF,7019,12047,adsorbate,zero_residual_v1,64,0,1,,,,,,1,1
canonical,CANONICAL — REPAIRED G2 OOF,7020,12048,adsorbate,zero_residual_v1,64,0,1,,,,,,1,1
canonical,CANONICAL — REPAIRED G2 OOF,7021,12049,adsorbate,zero_residual_v1,64,0,1,,,,,,1,1
canonical,CANONICAL — REPAIRED G2 OOF,7022,12050,interstitial,zero_residual_v1,64,0,1,,,,,,1,1
canonical,CANONICAL — REPAIRED G2 OOF,7023,12051,adsorbate,zero_residual_v1,64,0,1,,,,,,1,1
canonical,CANONICAL — REPAIRED G2 OOF,7024,12052,adsorbate,zero_residual_v1,64,0,1,,,,,,1,1
canonical,CANONICAL — REPAIRED G2 OOF,7025,12053,adsorbate,zero_residual_v1,64,0,1,,,,,,1,1
canonical,CANONICAL — REPAIRED G2 OOF,7026,12054,adsorbate,zero_residual_v1,64,0,1,,,,,,1,1
canonical,CANONICAL — REPAIRED G2 OOF,7027,12055,adsorbate,zero_residual_v1,64,0,1,,,,,,1,1
canonical,CANONICAL — REPAIRED G2 OOF,7028,12056,adsorbate,zero_residual_v1,64,0,1,,,,,,1,1
canonical,CANONICAL — REPAIRED G2 OOF,7029,12057,adsorbate,zero_residual_v1,64,0,1,,,,,,1,1
canonical,CANONICAL — REPAIRED G2 OOF,7030,12058,interstitial,zero_residual_v1,64,0,1,,,,,,1,1
canonical,CANONICAL — REPAIRED G2 OOF,7031,12059,adsorbate,zero_residual_v1,64,0,1,,,,,,1,1
canonical,CANONICAL — REPAIRED G2 OOF,7032,12060,adsorbate,zero_residual_v1,64,0,1,,,,,,1,1
canonical,CANONICAL — REPAIRED G2 OOF,7033,12065,adsorbate,zero_residual_v1,64,0,1,,,,,,1,1
canonical,CANONICAL — REPAIRED G2 OOF,7034,12068,interstitial,zero_residual_v1,64,0,1,,,,,,1,1
canonical,CANONICAL — REPAIRED G2 OOF,7035,12069,adsorbate,zero_residual_v1,64,0,1,,,,,,1,1
canonical,CANONICAL — REPAIRED G2 OOF,7036,12070,adsorbate,zero_residual_v1,64,0,1,,,,,,1,1
canonical,CANONICAL — REPAIRED G2 OOF,7037,12071,adsorbate,zero_residual_v1,64,0,1,,,,,,1,1
canonical,CANONICAL — REPAIRED G2 OOF,7038,12072,adsorbate,zero_residual_v1,64,0,1,,,,,,1,1
canonical,CANONICAL — REPAIRED G2 OOF,7039,12073,adsorbate,zero_residual_v1,64,0,1,,,,,,1,1
canonical,CANONICAL — REPAIRED G2 OOF,7040,12074,adsorbate,zero_residual_v1,64,0,1,,,,,,1,1
canonical,CANONICAL — REPAIRED G2 OOF,7041,12075,adsorbate,zero_residual_v1,64,0,1,,,,,,1,1
canonical,CANONICAL — REPAIRED G2 OOF,7042,12076,adsorbate,zero_residual_v1,64,0,1,,,,,,1,1
canonical,CANONICAL — REPAIRED G2 OOF,7044,12078,adsorbate,zero_residual_v1,64,0,1,,,,,,1,1
canonical,CANONICAL — REPAIRED G2 OOF,7045,12079,adsorbate,zero_residual_v1,64,0,1,,,,,,1,1
canonical,CANONICAL — REPAIRED G2 OOF,7046,12080,adsorbate,zero_residual_v1,64,0,1,,,,,,1,1
canonical,CANONICAL — REPAIRED G2 OOF,7047,12081,adsorbate,zero_residual_v1,64,0,1,,,,,,1,1
canonical,CANONICAL — REPAIRED G2 OOF,7048,12082,interstitial,zero_residual_v1,64,0,1,,,,,,1,1
canonical,CANONICAL — REPAIRED G2 OOF,7049,12083,adsorbate,zero_residual_v1,64,0,1,,,,,,1,1
canonical,CANONICAL — REPAIRED G2 OOF,7050,12084,adsorbate,zero_residual_v1,64,0,1,,,,,,1,1
canonical,CANONICAL — REPAIRED G2 OOF,7051,12085,adsorbate,zero_residual_v1,64,0,1,,,,,,1,1
canonical,CANONICAL — REPAIRED G2 OOF,7052,12087,adsorbate,zero_residual_v1,64,0,1,,,,,,1,1
canonical,CANONICAL — REPAIRED G2 OOF,7053,12088,adsorbate,zero_residual_v1,64,0,1,,,,,,1,1
canonical,CANONICAL — REPAIRED G2 OOF,7054,12089,adsorbate,zero_residual_v1,64,0,1,,,,,,1,1
canonical,CANONICAL — REPAIRED G2 OOF,7055,12090,adsorbate,zero_residual_v1,64,0,1,,,,,,1,1
canonical,CANONICAL — REPAIRED G2 OOF,7056,12091,adsorbate,zero_residual_v1,64,0,1,,,,,,1,1
canonical,CANONICAL — REPAIRED G2 OOF,7057,12092,adsorbate,zero_residual_v1,64,0,1,,,,,,1,1
canonical,CANONICAL — REPAIRED G2 OOF,7058,12094,adsorbate,zero_residual_v1,64,0,1,,,,,,1,1
canonical,CANONICAL — REPAIRED G2 OOF,7059,12096,interstitial,zero_residual_v1,64,0,1,,,,,,1,1
canonical,CANONICAL — REPAIRED G2 OOF,7060,12097,adsorbate,zero_residual_v1,64,0,1,,,,,,1,1
canonical,CANONICAL — REPAIRED G2 OOF,7061,12098,adsorbate,zero_residual_v1,64,0,1,,,,,,1,1
canonical,CANONICAL — REPAIRED G2 OOF,7062,12099,adsorbate,zero_residual_v1,64,0,1,,,,,,1,1
canonical,CANONICAL — REPAIRED G2 OOF,7063,12101,adsorbate,zero_residual_v1,64,0,1,,,,,,1,1
canonical,CANONICAL — REPAIRED G2 OOF,7064,12102,adsorbate,zero_residual_v1,64,0,1,,,,,,1,1
canonical,CANONICAL — REPAIRED G2 OOF,7065,12103,adsorbate,zero_residual_v1,64,0,1,,,,,,1,1
canonical,CANONICAL — REPAIRED G2 OOF,7066,12104,interstitial,zero_residual_v1,64,0,1,,,,,,1,1
canonical,CANONICAL — REPAIRED G2 OOF,7067,12105,adsorbate,zero_residual_v1,64,0,1,,,,,,1,1
canonical,CANONICAL — REPAIRED G2 OOF,7068,12106,interstitial,zero_residual_v1,64,0,1,,,,,,1,1
canonical,CANONICAL — REPAIRED G2 OOF,7069,12107,interstitial,zero_residual_v1,64,0,1,,,,,,1,1
canonical,CANONICAL — REPAIRED G2 OOF,7070,12108,adsorbate,zero_residual_v1,64,0,1,,,,,,1,1
canonical,CANONICAL — REPAIRED G2 OOF,7071,12109,interstitial,zero_residual_v1,64,0,1,,,,,,1,1
canonical,CANONICAL — REPAIRED G2 OOF,7072,12110,interstitial,zero_residual_v1,64,0,1,,,,,,1,1
canonical,CANONICAL — REPAIRED G2 OOF,7073,12111,adsorbate,zero_residual_v1,64,0,1,,,,,,1,1
canonical,CANONICAL — REPAIRED G2 OOF,7074,12112,adsorbate,zero_residual_v1,64,0,1,,,,,,1,1
canonical,CANONICAL — REPAIRED G2 OOF,7075,12113,adsorbate,zero_residual_v1,64,0,1,,,,,,1,1
canonical,CANONICAL — REPAIRED G2 OOF,7077,12115,adsorbate,zero_residual_v1,64,0,1,,,,,,1,1
canonical,CANONICAL — REPAIRED G2 OOF,7078,12116,adsorbate,zero_residual_v1,64,0,1,,,,,,1,1
canonical,CANONICAL — REPAIRED G2 OOF,7079,12117,adsorbate,zero_residual_v1,64,0,1,,,,,,1,1
canonical,CANONICAL — REPAIRED G2 OOF,7080,12121,adsorbate,zero_residual_v1,64,0,1,,,,,,1,1
canonical,CANONICAL — REPAIRED G2 OOF,7081,12122,adsorbate,zero_residual_v1,64,0,1,,,,,,1,1
canonical,CANONICAL — REPAIRED G2 OOF,7082,12123,interstitial,zero_residual_v1,64,0,1,,,,,,1,1
canonical,CANONICAL — REPAIRED G2 OOF,7083,12125,adsorbate,zero_residual_v1,64,0,1,,,,,,1,1
canonical,CANONICAL — REPAIRED G2 OOF,7084,12126,adsorbate,zero_residual_v1,64,0,1,,,,,,1,1
canonical,CANONICAL — REPAIRED G2 OOF,7085,12127,adsorbate,zero_residual_v1,64,0,1,,,,,,1,1
canonical,CANONICAL — REPAIRED G2 OOF,7086,12128,adsorbate,zero_residual_v1,64,0,1,,,,,,1,1
canonical,CANONICAL — REPAIRED G2 OOF,7087,12130,adsorbate,zero_residual_v1,64,0,1,,,,,,1,1
canonical,CANONICAL — REPAIRED G2 OOF,7088,12131,adsorbate,zero_residual_v1,64,0,1,,,,,,1,1
canonical,CANONICAL — REPAIRED G2 OOF,7089,12132,adsorbate,zero_residual_v1,64,0,1,,,,,,1,1
canonical,CANONICAL — REPAIRED G2 OOF,7090,12133,adsorbate,zero_residual_v1,64,0,1,,,,,,1,1
canonical,CANONICAL — REPAIRED G2 OOF,7091,12135,adsorbate,zero_residual_v1,64,0,1,,,,,,1,1
canonical,CANONICAL — REPAIRED G2 OOF,7092,12136,adsorbate,zero_residual_v1,64,0,1,,,,,,1,1
canonical,CANONICAL — REPAIRED G2 OOF,7093,12137,interstitial,zero_residual_v1,64,0,1,,,,,,1,1
canonical,CANONICAL — REPAIRED G2 OOF,7094,12138,adsorbate,zero_residual_v1,64,0,1,,,,,,1,1
canonical,CANONICAL — REPAIRED G2 OOF,7095,12139,interstitial,zero_residual_v1,64,0,1,,,,,,1,1
canonical,CANONICAL — REPAIRED G2 OOF,7096,12140,adsorbate,zero_residual_v1,64,0,1,,,,,,1,1
canonical,CANONICAL — REPAIRED G2 OOF,7097,12143,adsorbate,zero_residual_v1,64,0,1,,,,,,1,1
canonical,CANONICAL — REPAIRED G2 OOF,7098,12144,adsorbate,zero_residual_v1,64,0,1,,,,,,1,1
canonical,CANONICAL — REPAIRED G2 OOF,7099,12145,interstitial,zero_residual_v1,64,0,1,,,,,,1,1
canonical,CANONICAL — REPAIRED G2 OOF,7100,12149,interstitial,zero_residual_v1,64,0,1,,,,,,1,1
canonical,CANONICAL — REPAIRED G2 OOF,7101,12150,interstitial,zero_residual_v1,64,0,1,,,,,,1,1
canonical,CANONICAL — REPAIRED G2 OOF,7102,12151,adsorbate,zero_residual_v1,64,0,1,,,,,,1,1
canonical,CANONICAL — REPAIRED G2 OOF,7103,12152,adsorbate,zero_residual_v1,64,0,1,,,,,,1,1
canonical,CANONICAL — REPAIRED G2 OOF,7104,12153,adsorbate,zero_residual_v1,64,0,1,,,,,,1,1
canonical,CANONICAL — REPAIRED G2 OOF,7105,12154,adsorbate,zero_residual_v1,64,0,1,,,,,,1,1
canonical,CANONICAL — REPAIRED G2 OOF,7106,12155,adsorbate,zero_residual_v1,64,0,1,,,,,,1,1
canonical,CANONICAL — REPAIRED G2 OOF,7107,12156,interstitial,zero_residual_v1,64,0,1,,,,,,1,1
canonical,CANONICAL — REPAIRED G2 OOF,7108,12157,adsorbate,zero_residual_v1,64,0,1,,,,,,1,1
canonical,CANONICAL — REPAIRED G2 OOF,7109,12158,adsorbate,zero_residual_v1,64,0,1,,,,,,1,1
canonical,CANONICAL — REPAIRED G2 OOF,7110,12159,adsorbate,zero_residual_v1,64,0,1,,,,,,1,1
canonical,CANONICAL — REPAIRED G2 OOF,7111,12160,adsorbate,zero_residual_v1,64,0,1,,,,,,1,1
canonical,CANONICAL — REPAIRED G2 OOF,7112,12161,adsorbate,zero_residual_v1,64,0,1,,,,,,1,1
canonical,CANONICAL — REPAIRED G2 OOF,7114,12164,interstitial,zero_residual_v1,64,0,1,,,,,,1,1
canonical,CANONICAL — REPAIRED G2 OOF,7115,12165,interstitial,zero_residual_v1,64,0,1,,,,,,1,1
canonical,CANONICAL — REPAIRED G2 OOF,7116,12166,interstitial,zero_residual_v1,64,0,1,,,,,,1,1
canonical,CANONICAL — REPAIRED G2 OOF,7118,12168,adsorbate,zero_residual_v1,64,0,1,,,,,,1,1
canonical,CANONICAL — REPAIRED G2 OOF,7119,12169,adsorbate,zero_residual_v1,64,0,1,,,,,,1,1
canonical,CANONICAL — REPAIRED G2 OOF,7120,12170,adsorbate,zero_residual_v1,64,0,1,,,,,,1,1
canonical,CANONICAL — REPAIRED G2 OOF,7121,12171,adsorbate,zero_residual_v1,64,0,1,,,,,,1,1
canonical,CANONICAL — REPAIRED G2 OOF,7122,12172,interstitial,zero_residual_v1,64,0,1,,,,,,1,1
canonical,CANONICAL — REPAIRED G2 OOF,7123,12174,interstitial,zero_residual_v1,64,0,1,,,,,,1,1
canonical,CANONICAL — REPAIRED G2 OOF,7124,12175,adsorbate,zero_residual_v1,64,0,1,,,,,,1,1
canonical,CANONICAL — REPAIRED G2 OOF,7125,12176,adsorbate,zero_residual_v1,64,0,1,,,,,,1,1
canonical,CANONICAL — REPAIRED G2 OOF,7126,12177,adsorbate,zero_residual_v1,64,0,1,,,,,,1,1
canonical,CANONICAL — REPAIRED G2 OOF,7127,12178,interstitial,zero_residual_v1,64,0,1,,,,,,1,1
canonical,CANONICAL — REPAIRED G2 OOF,7128,12179,adsorbate,zero_residual_v1,64,0,1,,,,,,1,1
canonical,CANONICAL — REPAIRED G2 OOF,7129,12181,adsorbate,zero_residual_v1,64,0,1,,,,,,1,1
canonical,CANONICAL — REPAIRED G2 OOF,7130,12183,interstitial,zero_residual_v1,64,0,1,,,,,,1,1
canonical,CANONICAL — REPAIRED G2 OOF,7131,12184,interstitial,zero_residual_v1,64,0,1,,,,,,1,1
canonical,CANONICAL — REPAIRED G2 OOF,7132,12186,adsorbate,zero_residual_v1,64,0,1,,,,,,1,1
canonical,CANONICAL — REPAIRED G2 OOF,7133,12190,adsorbate,zero_residual_v1,64,0,1,,,,,,1,1
canonical,CANONICAL — REPAIRED G2 OOF,7134,12191,adsorbate,zero_residual_v1,64,0,1,,,,,,1,1
canonical,CANONICAL — REPAIRED G2 OOF,7135,12192,adsorbate,zero_residual_v1,64,0,1,,,,,,1,1
canonical,CANONICAL — REPAIRED G2 OOF,7136,12193,adsorbate,zero_residual_v1,64,0,1,,,,,,1,1
canonical,CANONICAL — REPAIRED G2 OOF,7137,12194,adsorbate,zero_residual_v1,64,0,1,,,,,,1,1
canonical,CANONICAL — REPAIRED G2 OOF,7138,12195,adsorbate,zero_residual_v1,64,0,1,,,,,,1,1
canonical,CANONICAL — REPAIRED G2 OOF,7139,12196,interstitial,zero_residual_v1,64,0,1,,,,,,1,1
canonical,CANONICAL — REPAIRED G2 OOF,7140,12197,adsorbate,zero_residual_v1,64,0,1,,,,,,1,1
canonical,CANONICAL — REPAIRED G2 OOF,7141,12198,adsorbate,zero_residual_v1,64,0,1,,,,,,1,1
canonical,CANONICAL — REPAIRED G2 OOF,7142,12199,adsorbate,zero_residual_v1,64,0,1,,,,,,1,1
canonical,CANONICAL — REPAIRED G2 OOF,7143,12200,adsorbate,zero_residual_v1,64,0,1,,,,,,1,1
canonical,CANONICAL — REPAIRED G2 OOF,7144,12201,adsorbate,zero_residual_v1,64,0,1,,,,,,1,1
canonical,CANONICAL — REPAIRED G2 OOF,7145,12202,adsorbate,zero_residual_v1,64,0,1,,,,,,1,1
canonical,CANONICAL — REPAIRED G2 OOF,7146,12203,interstitial,zero_residual_v1,64,0,1,,,,,,1,1
canonical,CANONICAL — REPAIRED G2 OOF,7147,12204,adsorbate,zero_residual_v1,64,0,1,,,,,,1,1
canonical,CANONICAL — REPAIRED G2 OOF,7148,12205,adsorbate,zero_residual_v1,64,0,1,,,,,,1,1
canonical,CANONICAL — REPAIRED G2 OOF,7149,12207,adsorbate,zero_residual_v1,64,0,1,,,,,,1,1
canonical,CANONICAL — REPAIRED G2 OOF,7150,12208,interstitial,zero_residual_v1,64,0,1,,,,,,1,1
canonical,CANONICAL — REPAIRED G2 OOF,7151,12210,adsorbate,zero_residual_v1,64,0,1,,,,,,1,1
canonical,CANONICAL — REPAIRED G2 OOF,7152,12212,adsorbate,zero_residual_v1,64,0,1,,,,,,1,1
canonical,CANONICAL — REPAIRED G2 OOF,7153,12213,adsorbate,zero_residual_v1,64,0,1,,,,,,1,1
canonical,CANONICAL — REPAIRED G2 OOF,7154,12214,adsorbate,zero_residual_v1,64,0,1,,,,,,1,1
canonical,CANONICAL — REPAIRED G2 OOF,7155,12215,interstitial,zero_residual_v1,64,0,1,,,,,,1,1
canonical,CANONICAL — REPAIRED G2 OOF,7156,12216,adsorbate,zero_residual_v1,64,0,1,,,,,,1,1
canonical,CANONICAL — REPAIRED G2 OOF,7157,12217,adsorbate,zero_residual_v1,64,0,1,,,,,,1,1
canonical,CANONICAL — REPAIRED G2 OOF,7158,12219,adsorbate,zero_residual_v1,64,0,1,,,,,,1,1
canonical,CANONICAL — REPAIRED G2 OOF,7159,12220,adsorbate,zero_residual_v1,64,0,1,,,,,,1,1
canonical,CANONICAL — REPAIRED G2 OOF,7160,12221,adsorbate,zero_residual_v1,64,0,1,,,,,,1,1
canonical,CANONICAL — REPAIRED G2 OOF,7161,12222,adsorbate,zero_residual_v1,64,0,1,,,,,,1,1
canonical,CANONICAL — REPAIRED G2 OOF,7162,12223,adsorbate,zero_residual_v1,64,0,1,,,,,,1,1
canonical,CANONICAL — REPAIRED G2 OOF,7163,12224,interstitial,zero_residual_v1,64,0,1,,,,,,1,1
canonical,CANONICAL — REPAIRED G2 OOF,7165,12226,adsorbate,zero_residual_v1,64,0,1,,,,,,1,1
canonical,CANONICAL — REPAIRED G2 OOF,7166,12227,adsorbate,zero_residual_v1,64,0,1,,,,,,1,1
canonical,CANONICAL — REPAIRED G2 OOF,7167,12228,adsorbate,zero_residual_v1,64,0,1,,,,,,1,1
canonical,CANONICAL — REPAIRED G2 OOF,7168,12230,adsorbate,zero_residual_v1,64,0,1,,,,,,1,1
canonical,CANONICAL — REPAIRED G2 OOF,7169,12232,adsorbate,zero_residual_v1,64,0,1,,,,,,1,1
canonical,CANONICAL — REPAIRED G2 OOF,7170,12234,adsorbate,zero_residual_v1,64,0,1,,,,,,1,1
canonical,CANONICAL — REPAIRED G2 OOF,7171,12235,adsorbate,zero_residual_v1,64,0,1,,,,,,1,1
canonical,CANONICAL — REPAIRED G2 OOF,7172,12237,adsorbate,zero_residual_v1,64,0,1,,,,,,1,1
canonical,CANONICAL — REPAIRED G2 OOF,7173,12239,adsorbate,zero_residual_v1,64,0,1,,,,,,1,1
canonical,CANONICAL — REPAIRED G2 OOF,7174,12240,adsorbate,zero_residual_v1,64,0,1,,,,,,1,1
canonical,CANONICAL — REPAIRED G2 OOF,7175,12241,adsorbate,zero_residual_v1,64,0,1,,,,,,1,1
canonical,CANONICAL — REPAIRED G2 OOF,7176,12243,adsorbate,zero_residual_v1,64,0,1,,,,,,1,1
canonical,CANONICAL — REPAIRED G2 OOF,7177,12244,adsorbate,zero_residual_v1,64,0,1,,,,,,1,1
canonical,CANONICAL — REPAIRED G2 OOF,7178,12245,adsorbate,zero_residual_v1,64,0,1,,,,,,1,1
canonical,CANONICAL — REPAIRED G2 OOF,7180,12248,adsorbate,zero_residual_v1,64,0,1,,,,,,1,1
canonical,CANONICAL — REPAIRED G2 OOF,7181,12249,adsorbate,zero_residual_v1,64,0,1,,,,,,1,1
canonical,CANONICAL — REPAIRED G2 OOF,7182,12250,adsorbate,zero_residual_v1,64,0,1,,,,,,1,1
canonical,CANONICAL — REPAIRED G2 OOF,7183,12251,interstitial,zero_residual_v1,64,0,1,,,,,,1,1
canonical,CANONICAL — REPAIRED G2 OOF,7184,12252,adsorbate,zero_residual_v1,64,0,1,,,,,,1,1
canonical,CANONICAL — REPAIRED G2 OOF,7185,12254,adsorbate,zero_residual_v1,64,0,1,,,,,,1,1
canonical,CANONICAL — REPAIRED G2 OOF,7186,12255,adsorbate,zero_residual_v1,64,0,1,,,,,,1,1
canonical,CANONICAL — REPAIRED G2 OOF,7187,12256,adsorbate,zero_residual_v1,64,0,1,,,,,,1,1
canonical,CANONICAL — REPAIRED G2 OOF,7188,12257,adsorbate,zero_residual_v1,64,0,1,,,,,,1,1
canonical,CANONICAL — REPAIRED G2 OOF,7189,12258,adsorbate,zero_residual_v1,64,0,1,,,,,,1,1
canonical,CANONICAL — REPAIRED G2 OOF,7190,12259,adsorbate,zero_residual_v1,64,0,1,,,,,,1,1
canonical,CANONICAL — REPAIRED G2 OOF,7191,12261,adsorbate,zero_residual_v1,64,0,1,,,,,,1,1
canonical,CANONICAL — REPAIRED G2 OOF,7192,12262,adsorbate,zero_residual_v1,64,0,1,,,,,,1,1
canonical,CANONICAL — REPAIRED G2 OOF,7193,12263,adsorbate,zero_residual_v1,64,0,1,,,,,,1,1
canonical,CANONICAL — REPAIRED G2 OOF,7194,12265,adsorbate,zero_residual_v1,64,0,1,,,,,,1,1
canonical,CANONICAL — REPAIRED G2 OOF,7195,12266,adsorbate,zero_residual_v1,64,0,1,,,,,,1,1
canonical,CANONICAL — REPAIRED G2 OOF,7196,12267,interstitial,zero_residual_v1,64,0,1,,,,,,1,1
canonical,CANONICAL — REPAIRED G2 OOF,7197,12268,adsorbate,zero_residual_v1,64,0,1,,,,,,1,1
canonical,CANONICAL — REPAIRED G2 OOF,7198,12269,adsorbate,zero_residual_v1,64,0,1,,,,,,1,1
canonical,CANONICAL — REPAIRED G2 OOF,7199,12272,adsorbate,zero_residual_v1,64,0,1,,,,,,1,1
canonical,CANONICAL — REPAIRED G2 OOF,7200,12274,adsorbate,zero_residual_v1,64,0,1,,,,,,1,1
canonical,CANONICAL — REPAIRED G2 OOF,7201,12275,adsorbate,zero_residual_v1,64,0,1,,,,,,1,1
canonical,CANONICAL — REPAIRED G2 OOF,7202,12276,adsorbate,zero_residual_v1,64,0,1,,,,,,1,1
canonical,CANONICAL — REPAIRED G2 OOF,7203,12277,adsorbate,zero_residual_v1,64,0,1,,,,,,1,1
canonical,CANONICAL — REPAIRED G2 OOF,7204,12278,adsorbate,zero_residual_v1,64,0,1,,,,,,1,1
canonical,CANONICAL — REPAIRED G2 OOF,7205,12279,adsorbate,zero_residual_v1,64,0,1,,,,,,1,1
canonical,CANONICAL — REPAIRED G2 OOF,7206,12281,adsorbate,zero_residual_v1,64,0,1,,,,,,1,1
canonical,CANONICAL — REPAIRED G2 OOF,7207,12283,adsorbate,zero_residual_v1,64,0,1,,,,,,1,1
canonical,CANONICAL — REPAIRED G2 OOF,7208,12285,adsorbate,zero_residual_v1,64,0,1,,,,,,1,1
canonical,CANONICAL — REPAIRED G2 OOF,7209,12286,adsorbate,zero_residual_v1,64,0,1,,,,,,1,1
canonical,CANONICAL — REPAIRED G2 OOF,7210,12287,interstitial,zero_residual_v1,64,0,1,,,,,,1,1
canonical,CANONICAL — REPAIRED G2 OOF,7211,12290,adsorbate,zero_residual_v1,64,0,1,,,,,,1,1
canonical,CANONICAL — REPAIRED G2 OOF,7212,12291,adsorbate,zero_residual_v1,64,0,1,,,,,,1,1
canonical,CANONICAL — REPAIRED G2 OOF,7213,12293,adsorbate,zero_residual_v1,64,0,1,,,,,,1,1
canonical,CANONICAL — REPAIRED G2 OOF,7214,12294,adsorbate,zero_residual_v1,64,0,1,,,,,,1,1
canonical,CANONICAL — REPAIRED G2 OOF,7215,12298,adsorbate,zero_residual_v1,64,0,1,,,,,,1,1
canonical,CANONICAL — REPAIRED G2 OOF,7216,12299,adsorbate,zero_residual_v1,64,0,1,,,,,,1,1
canonical,CANONICAL — REPAIRED G2 OOF,7217,12301,interstitial,zero_residual_v1,64,0,1,,,,,,1,1
canonical,CANONICAL — REPAIRED G2 OOF,7218,12303,adsorbate,zero_residual_v1,64,0,1,,,,,,1,1
canonical,CANONICAL — REPAIRED G2 OOF,7219,12304,interstitial,zero_residual_v1,64,0,1,,,,,,1,1
canonical,CANONICAL — REPAIRED G2 OOF,7221,12308,interstitial,zero_residual_v1,64,0,1,,,,,,1,1
canonical,CANONICAL — REPAIRED G2 OOF,7222,12312,adsorbate,zero_residual_v1,64,0,1,,,,,,1,1
canonical,CANONICAL — REPAIRED G2 OOF,7223,12313,interstitial,zero_residual_v1,64,0,1,,,,,,1,1
canonical,CANONICAL — REPAIRED G2 OOF,7224,12314,adsorbate,zero_residual_v1,64,0,1,,,,,,1,1
canonical,CANONICAL — REPAIRED G2 OOF,7225,12317,interstitial,zero_residual_v1,64,0,1,,,,,,1,1
canonical,CANONICAL — REPAIRED G2 OOF,7226,12319,adsorbate,zero_residual_v1,64,0,1,,,,,,1,1
canonical,CANONICAL — REPAIRED G2 OOF,7227,12320,interstitial,zero_residual_v1,64,0,1,,,,,,1,1
canonical,CANONICAL — REPAIRED G2 OOF,7228,12321,interstitial,zero_residual_v1,64,0,1,,,,,,1,1
canonical,CANONICAL — REPAIRED G2 OOF,7229,12324,interstitial,zero_residual_v1,64,0,1,,,,,,1,1
canonical,CANONICAL — REPAIRED G2 OOF,7230,12326,adsorbate,zero_residual_v1,64,0,1,,,,,,1,1
canonical,CANONICAL — REPAIRED G2 OOF,7231,12327,interstitial,zero_residual_v1,64,0,1,,,,,,1,1
canonical,CANONICAL — REPAIRED G2 OOF,7232,12329,adsorbate,zero_residual_v1,64,0,1,,,,,,1,1
canonical,CANONICAL — REPAIRED G2 OOF,7233,12330,adsorbate,zero_residual_v1,64,0,1,,,,,,1,1
canonical,CANONICAL — REPAIRED G2 OOF,7234,12332,adsorbate,zero_residual_v1,64,0,1,,,,,,1,1
canonical,CANONICAL — REPAIRED G2 OOF,7235,12334,adsorbate,zero_residual_v1,64,0,1,,,,,,1,1
canonical,CANONICAL — REPAIRED G2 OOF,7236,12335,adsorbate,zero_residual_v1,64,0,1,,,,,,1,1
canonical,CANONICAL — REPAIRED G2 OOF,7237,12337,adsorbate,zero_residual_v1,64,0,1,,,,,,1,1
canonical,CANONICAL — REPAIRED G2 OOF,7238,12339,adsorbate,zero_residual_v1,64,0,1,,,,,,1,1
canonical,CANONICAL — REPAIRED G2 OOF,7239,12340,adsorbate,zero_residual_v1,64,0,1,,,,,,1,1
canonical,CANONICAL — REPAIRED G2 OOF,7240,12341,adsorbate,zero_residual_v1,64,0,1,,,,,,1,1
canonical,CANONICAL — REPAIRED G2 OOF,7241,12342,interstitial,zero_residual_v1,64,0,1,,,,,,1,1
canonical,CANONICAL — REPAIRED G2 OOF,7242,12343,adsorbate,zero_residual_v1,64,0,1,,,,,,1,1
canonical,CANONICAL — REPAIRED G2 OOF,7244,12345,adsorbate,zero_residual_v1,64,0,1,,,,,,1,1
canonical,CANONICAL — REPAIRED G2 OOF,7245,12346,adsorbate,zero_residual_v1,64,0,1,,,,,,1,1
canonical,CANONICAL — REPAIRED G2 OOF,7246,12347,adsorbate,zero_residual_v1,64,0,1,,,,,,1,1
canonical,CANONICAL — REPAIRED G2 OOF,7247,12348,interstitial,zero_residual_v1,64,0,1,,,,,,1,1
canonical,CANONICAL — REPAIRED G2 OOF,7248,12349,adsorbate,zero_residual_v1,64,0,1,,,,,,1,1
canonical,CANONICAL — REPAIRED G2 OOF,7249,12351,interstitial,zero_residual_v1,64,0,1,,,,,,1,1
canonical,CANONICAL — REPAIRED G2 OOF,7251,12353,adsorbate,zero_residual_v1,64,0,1,,,,,,1,1
canonical,CANONICAL — REPAIRED G2 OOF,7252,12354,adsorbate,zero_residual_v1,64,0,1,,,,,,1,1
canonical,CANONICAL — REPAIRED G2 OOF,7253,12355,interstitial,zero_residual_v1,64,0,1,,,,,,1,1
canonical,CANONICAL — REPAIRED G2 OOF,7254,12357,adsorbate,zero_residual_v1,64,0,1,,,,,,1,1
canonical,CANONICAL — REPAIRED G2 OOF,7255,12359,adsorbate,zero_residual_v1,64,0,1,,,,,,1,1
canonical,CANONICAL — REPAIRED G2 OOF,7256,12360,adsorbate,zero_residual_v1,64,0,1,,,,,,1,1
canonical,CANONICAL — REPAIRED G2 OOF,7257,12361,adsorbate,zero_residual_v1,64,0,1,,,,,,1,1
canonical,CANONICAL — REPAIRED G2 OOF,7258,12362,adsorbate,zero_residual_v1,64,0,1,,,,,,1,1
canonical,CANONICAL — REPAIRED G2 OOF,7259,12365,adsorbate,zero_residual_v1,64,0,1,,,,,,1,1
canonical,CANONICAL — REPAIRED G2 OOF,7260,12366,interstitial,zero_residual_v1,64,0,1,,,,,,1,1
canonical,CANONICAL — REPAIRED G2 OOF,7261,12367,interstitial,zero_residual_v1,64,0,1,,,,,,1,1
canonical,CANONICAL — REPAIRED G2 OOF,7262,12368,adsorbate,zero_residual_v1,64,0,1,,,,,,1,1
canonical,CANONICAL — REPAIRED G2 OOF,7263,12369,interstitial,zero_residual_v1,64,0,1,,,,,,1,1
canonical,CANONICAL — REPAIRED G2 OOF,7264,12372,adsorbate,zero_residual_v1,64,0,1,,,,,,1,1
canonical,CANONICAL — REPAIRED G2 OOF,7265,12373,adsorbate,zero_residual_v1,64,0,1,,,,,,1,1
canonical,CANONICAL — REPAIRED G2 OOF,7266,12374,adsorbate,zero_residual_v1,64,0,1,,,,,,1,1
canonical,CANONICAL — REPAIRED G2 OOF,7267,12375,adsorbate,zero_residual_v1,64,0,1,,,,,,1,1
canonical,CANONICAL — REPAIRED G2 OOF,7268,12376,adsorbate,zero_residual_v1,64,0,1,,,,,,1,1
canonical,CANONICAL — REPAIRED G2 OOF,7269,12378,adsorbate,zero_residual_v1,64,0,1,,,,,,1,1
canonical,CANONICAL — REPAIRED G2 OOF,7270,12379,adsorbate,zero_residual_v1,64,0,1,,,,,,1,1
canonical,CANONICAL — REPAIRED G2 OOF,7271,12380,adsorbate,zero_residual_v1,64,0,1,,,,,,1,1
canonical,CANONICAL — REPAIRED G2 OOF,7272,12383,adsorbate,zero_residual_v1,64,0,1,,,,,,1,1
canonical,CANONICAL — REPAIRED G2 OOF,7273,12384,adsorbate,zero_residual_v1,64,0,1,,,,,,1,1
canonical,CANONICAL — REPAIRED G2 OOF,7274,12385,interstitial,zero_residual_v1,64,0,1,,,,,,1,1
canonical,CANONICAL — REPAIRED G2 OOF,7275,12387,interstitial,zero_residual_v1,64,0,1,,,,,,1,1
canonical,CANONICAL — REPAIRED G2 OOF,7276,12389,interstitial,zero_residual_v1,64,0,1,,,,,,1,1
canonical,CANONICAL — REPAIRED G2 OOF,7277,12390,adsorbate,zero_residual_v1,64,0,1,,,,,,1,1
canonical,CANONICAL — REPAIRED G2 OOF,7278,12391,adsorbate,zero_residual_v1,64,0,1,,,,,,1,1
canonical,CANONICAL — REPAIRED G2 OOF,7279,12393,interstitial,zero_residual_v1,64,0,1,,,,,,1,1
canonical,CANONICAL — REPAIRED G2 OOF,7280,12394,interstitial,zero_residual_v1,64,0,1,,,,,,1,1
canonical,CANONICAL — REPAIRED G2 OOF,7281,12395,adsorbate,zero_residual_v1,64,0,1,,,,,,1,1
canonical,CANONICAL — REPAIRED G2 OOF,7282,12396,interstitial,zero_residual_v1,64,0,1,,,,,,1,1
canonical,CANONICAL — REPAIRED G2 OOF,7283,12400,adsorbate,zero_residual_v1,64,0,1,,,,,,1,1
canonical,CANONICAL — REPAIRED G2 OOF,7284,12401,adsorbate,zero_residual_v1,64,0,1,,,,,,1,1
canonical,CANONICAL — REPAIRED G2 OOF,7285,12402,adsorbate,zero_residual_v1,64,0,1,,,,,,1,1
canonical,CANONICAL — REPAIRED G2 OOF,7286,12403,interstitial,zero_residual_v1,64,0,1,,,,,,1,1
canonical,CANONICAL — REPAIRED G2 OOF,7287,12404,interstitial,zero_residual_v1,64,0,1,,,,,,1,1
canonical,CANONICAL — REPAIRED G2 OOF,7288,12406,adsorbate,zero_residual_v1,64,0,1,,,,,,1,1
canonical,CANONICAL — REPAIRED G2 OOF,7289,12408,adsorbate,zero_residual_v1,64,0,1,,,,,,1,1
canonical,CANONICAL — REPAIRED G2 OOF,7290,12410,adsorbate,zero_residual_v1,64,0,1,,,,,,1,1
canonical,CANONICAL — REPAIRED G2 OOF,7291,12411,interstitial,zero_residual_v1,64,0,1,,,,,,1,1
canonical,CANONICAL — REPAIRED G2 OOF,7292,12412,adsorbate,zero_residual_v1,64,0,1,,,,,,1,1
canonical,CANONICAL — REPAIRED G2 OOF,7293,12414,interstitial,zero_residual_v1,64,0,1,,,,,,1,1
canonical,CANONICAL — REPAIRED G2 OOF,7294,12416,adsorbate,zero_residual_v1,64,0,1,,,,,,1,1
canonical,CANONICAL — REPAIRED G2 OOF,7295,12418,adsorbate,zero_residual_v1,64,0,1,,,,,,1,1
canonical,CANONICAL — REPAIRED G2 OOF,7296,12419,adsorbate,zero_residual_v1,64,0,1,,,,,,1,1
canonical,CANONICAL — REPAIRED G2 OOF,7297,12420,adsorbate,zero_residual_v1,64,0,1,,,,,,1,1
canonical,CANONICAL — REPAIRED G2 OOF,7298,12421,adsorbate,zero_residual_v1,64,0,1,,,,,,1,1
canonical,CANONICAL — REPAIRED G2 OOF,7299,12422,adsorbate,zero_residual_v1,64,0,1,,,,,,1,1
canonical,CANONICAL — REPAIRED G2 OOF,7300,12423,interstitial,zero_residual_v1,64,0,1,,,,,,1,1
canonical,CANONICAL — REPAIRED G2 OOF,7301,12425,interstitial,zero_residual_v1,64,0,1,,,,,,1,1
canonical,CANONICAL — REPAIRED G2 OOF,7302,12426,adsorbate,zero_residual_v1,64,0,1,,,,,,1,1
canonical,CANONICAL — REPAIRED G2 OOF,7303,12427,adsorbate,zero_residual_v1,64,0,1,,,,,,1,1
canonical,CANONICAL — REPAIRED G2 OOF,7304,12428,adsorbate,zero_residual_v1,64,0,1,,,,,,1,1
canonical,CANONICAL — REPAIRED G2 OOF,7305,12429,adsorbate,zero_residual_v1,64,0,1,,,,,,1,1
canonical,CANONICAL — REPAIRED G2 OOF,7306,12431,interstitial,zero_residual_v1,64,0,1,,,,,,1,1
canonical,CANONICAL — REPAIRED G2 OOF,7308,12436,adsorbate,zero_residual_v1,64,0,1,,,,,,1,1
canonical,CANONICAL — REPAIRED G2 OOF,7309,12437,interstitial,zero_residual_v1,64,0,1,,,,,,1,1
canonical,CANONICAL — REPAIRED G2 OOF,7310,12438,adsorbate,zero_residual_v1,64,0,1,,,,,,1,1
canonical,CANONICAL — REPAIRED G2 OOF,7311,12439,adsorbate,zero_residual_v1,64,0,1,,,,,,1,1
canonical,CANONICAL — REPAIRED G2 OOF,7312,12444,adsorbate,zero_residual_v1,64,0,1,,,,,,1,1
canonical,CANONICAL — REPAIRED G2 OOF,7313,12445,adsorbate,zero_residual_v1,64,0,1,,,,,,1,1
canonical,CANONICAL — REPAIRED G2 OOF,7314,12446,adsorbate,zero_residual_v1,64,0,1,,,,,,1,1
canonical,CANONICAL — REPAIRED G2 OOF,7315,12447,adsorbate,zero_residual_v1,64,0,1,,,,,,1,1
canonical,CANONICAL — REPAIRED G2 OOF,7316,12448,adsorbate,zero_residual_v1,64,0,1,,,,,,1,1
canonical,CANONICAL — REPAIRED G2 OOF,7317,12449,adsorbate,zero_residual_v1,64,0,1,,,,,,1,1
canonical,CANONICAL — REPAIRED G2 OOF,7318,12450,adsorbate,zero_residual_v1,64,0,1,,,,,,1,1
canonical,CANONICAL — REPAIRED G2 OOF,7319,12451,adsorbate,zero_residual_v1,64,0,1,,,,,,1,1
canonical,CANONICAL — REPAIRED G2 OOF,7320,12452,adsorbate,zero_residual_v1,64,0,1,,,,,,1,1
canonical,CANONICAL — REPAIRED G2 OOF,7321,12453,adsorbate,zero_residual_v1,64,0,1,,,,,,1,1
canonical,CANONICAL — REPAIRED G2 OOF,7322,12454,interstitial,zero_residual_v1,64,0,1,,,,,,1,1
canonical,CANONICAL — REPAIRED G2 OOF,7323,12455,adsorbate,zero_residual_v1,64,0,1,,,,,,1,1
canonical,CANONICAL — REPAIRED G2 OOF,7324,12456,adsorbate,zero_residual_v1,64,0,1,,,,,,1,1
canonical,CANONICAL — REPAIRED G2 OOF,7325,12457,interstitial,zero_residual_v1,64,0,1,,,,,,1,1
canonical,CANONICAL — REPAIRED G2 OOF,7326,12460,adsorbate,zero_residual_v1,64,0,1,,,,,,1,1
canonical,CANONICAL — REPAIRED G2 OOF,7327,12461,interstitial,zero_residual_v1,64,0,1,,,,,,1,1
canonical,CANONICAL — REPAIRED G2 OOF,7328,12462,adsorbate,zero_residual_v1,64,0,1,,,,,,1,1
canonical,CANONICAL — REPAIRED G2 OOF,7329,12466,adsorbate,zero_residual_v1,64,0,1,,,,,,1,1
canonical,CANONICAL — REPAIRED G2 OOF,7330,12467,adsorbate,zero_residual_v1,64,0,1,,,,,,1,1
canonical,CANONICAL — REPAIRED G2 OOF,7331,12468,adsorbate,zero_residual_v1,64,0,1,,,,,,1,1
canonical,CANONICAL — REPAIRED G2 OOF,7332,12469,adsorbate,zero_residual_v1,64,0,1,,,,,,1,1
canonical,CANONICAL — REPAIRED G2 OOF,7333,12470,interstitial,zero_residual_v1,64,0,1,,,,,,1,1
canonical,CANONICAL — REPAIRED G2 OOF,7334,12471,adsorbate,zero_residual_v1,64,0,1,,,,,,1,1
canonical,CANONICAL — REPAIRED G2 OOF,7335,12473,adsorbate,zero_residual_v1,64,0,1,,,,,,1,1
canonical,CANONICAL — REPAIRED G2 OOF,7336,12475,adsorbate,zero_residual_v1,64,0,1,,,,,,1,1
canonical,CANONICAL — REPAIRED G2 OOF,7337,12477,adsorbate,zero_residual_v1,64,0,1,,,,,,1,1
canonical,CANONICAL — REPAIRED G2 OOF,7338,12478,adsorbate,zero_residual_v1,64,0,1,,,,,,1,1
canonical,CANONICAL — REPAIRED G2 OOF,7339,12479,adsorbate,zero_residual_v1,64,0,1,,,,,,1,1
canonical,CANONICAL — REPAIRED G2 OOF,7340,12480,adsorbate,zero_residual_v1,64,0,1,,,,,,1,1
canonical,CANONICAL — REPAIRED G2 OOF,7341,12481,interstitial,zero_residual_v1,64,0,1,,,,,,1,1
canonical,CANONICAL — REPAIRED G2 OOF,7342,12482,adsorbate,zero_residual_v1,64,0,1,,,,,,1,1
canonical,CANONICAL — REPAIRED G2 OOF,7343,12483,adsorbate,zero_residual_v1,64,0,1,,,,,,1,1
canonical,CANONICAL — REPAIRED G2 OOF,7344,12484,interstitial,zero_residual_v1,64,0,1,,,,,,1,1
canonical,CANONICAL — REPAIRED G2 OOF,7345,12486,adsorbate,zero_residual_v1,64,0,1,,,,,,1,1
canonical,CANONICAL — REPAIRED G2 OOF,7346,12487,interstitial,zero_residual_v1,64,0,1,,,,,,1,1
canonical,CANONICAL — REPAIRED G2 OOF,7347,12488,adsorbate,zero_residual_v1,64,0,1,,,,,,1,1
canonical,CANONICAL — REPAIRED G2 OOF,7348,12489,adsorbate,zero_residual_v1,64,0,1,,,,,,1,1
canonical,CANONICAL — REPAIRED G2 OOF,7349,12491,adsorbate,zero_residual_v1,64,0,1,,,,,,1,1
canonical,CANONICAL — REPAIRED G2 OOF,7350,12492,interstitial,zero_residual_v1,64,0,1,,,,,,1,1
canonical,CANONICAL — REPAIRED G2 OOF,7351,12495,adsorbate,zero_residual_v1,64,0,1,,,,,,1,1
canonical,CANONICAL — REPAIRED G2 OOF,7352,12496,interstitial,zero_residual_v1,64,0,1,,,,,,1,1
canonical,CANONICAL — REPAIRED G2 OOF,7353,12497,adsorbate,zero_residual_v1,64,0,1,,,,,,1,1
canonical,CANONICAL — REPAIRED G2 OOF,7354,12499,interstitial,zero_residual_v1,64,0,1,,,,,,1,1
canonical,CANONICAL — REPAIRED G2 OOF,7355,12501,interstitial,zero_residual_v1,64,0,1,,,,,,1,1
canonical,CANONICAL — REPAIRED G2 OOF,7356,12502,adsorbate,zero_residual_v1,64,0,1,,,,,,1,1
canonical,CANONICAL — REPAIRED G2 OOF,7357,12504,adsorbate,zero_residual_v1,64,0,1,,,,,,1,1
canonical,CANONICAL — REPAIRED G2 OOF,7358,12507,adsorbate,zero_residual_v1,64,0,1,,,,,,1,1
canonical,CANONICAL — REPAIRED G2 OOF,7359,12509,interstitial,zero_residual_v1,64,0,1,,,,,,1,1
canonical,CANONICAL — REPAIRED G2 OOF,7360,12512,adsorbate,zero_residual_v1,64,0,1,,,,,,1,1
canonical,CANONICAL — REPAIRED G2 OOF,7361,12513,adsorbate,zero_residual_v1,64,0,1,,,,,,1,1
canonical,CANONICAL — REPAIRED G2 OOF,7362,12514,interstitial,zero_residual_v1,64,0,1,,,,,,1,1
canonical,CANONICAL — REPAIRED G2 OOF,7363,12515,adsorbate,zero_residual_v1,64,0,1,,,,,,1,1
canonical,CANONICAL — REPAIRED G2 OOF,7364,12517,interstitial,zero_residual_v1,64,0,1,,,,,,1,1
canonical,CANONICAL — REPAIRED G2 OOF,7365,12519,adsorbate,zero_residual_v1,64,0,1,,,,,,1,1
canonical,CANONICAL — REPAIRED G2 OOF,7366,12520,adsorbate,zero_residual_v1,64,0,1,,,,,,1,1
canonical,CANONICAL — REPAIRED G2 OOF,7367,12524,adsorbate,zero_residual_v1,64,0,1,,,,,,1,1
canonical,CANONICAL — REPAIRED G2 OOF,7368,12526,adsorbate,zero_residual_v1,64,0,1,,,,,,1,1
canonical,CANONICAL — REPAIRED G2 OOF,7369,12527,adsorbate,zero_residual_v1,64,0,1,,,,,,1,1
canonical,CANONICAL — REPAIRED G2 OOF,7370,12528,adsorbate,zero_residual_v1,64,0,1,,,,,,1,1
canonical,CANONICAL — REPAIRED G2 OOF,7371,12529,adsorbate,zero_residual_v1,64,0,1,,,,,,1,1
canonical,CANONICAL — REPAIRED G2 OOF,7372,12531,interstitial,zero_residual_v1,64,0,1,,,,,,1,1
canonical,CANONICAL — REPAIRED G2 OOF,7373,12532,adsorbate,zero_residual_v1,64,0,1,,,,,,1,1
canonical,CANONICAL — REPAIRED G2 OOF,7375,12534,adsorbate,zero_residual_v1,64,0,1,,,,,,1,1
canonical,CANONICAL — REPAIRED G2 OOF,7376,12535,interstitial,zero_residual_v1,64,0,1,,,,,,1,1
canonical,CANONICAL — REPAIRED G2 OOF,7377,12536,adsorbate,zero_residual_v1,64,0,1,,,,,,1,1
canonical,CANONICAL — REPAIRED G2 OOF,7378,12537,adsorbate,zero_residual_v1,64,0,1,,,,,,1,1
canonical,CANONICAL — REPAIRED G2 OOF,7379,12539,adsorbate,zero_residual_v1,64,0,1,,,,,,1,1
canonical,CANONICAL — REPAIRED G2 OOF,7380,12540,adsorbate,zero_residual_v1,64,0,1,,,,,,1,1
canonical,CANONICAL — REPAIRED G2 OOF,7381,12542,interstitial,zero_residual_v1,64,0,1,,,,,,1,1
canonical,CANONICAL — REPAIRED G2 OOF,7382,12544,adsorbate,zero_residual_v1,64,0,1,,,,,,1,1
canonical,CANONICAL — REPAIRED G2 OOF,7383,12547,interstitial,zero_residual_v1,64,0,1,,,,,,1,1
canonical,CANONICAL — REPAIRED G2 OOF,7384,12548,adsorbate,zero_residual_v1,64,0,1,,,,,,1,1
canonical,CANONICAL — REPAIRED G2 OOF,7386,12551,interstitial,zero_residual_v1,64,0,1,,,,,,1,1
canonical,CANONICAL — REPAIRED G2 OOF,7387,12554,adsorbate,zero_residual_v1,64,0,1,,,,,,1,1
canonical,CANONICAL — REPAIRED G2 OOF,7388,12555,adsorbate,zero_residual_v1,64,0,1,,,,,,1,1
canonical,CANONICAL — REPAIRED G2 OOF,7389,12556,adsorbate,zero_residual_v1,64,0,1,,,,,,1,1
canonical,CANONICAL — REPAIRED G2 OOF,7390,12557,adsorbate,zero_residual_v1,64,0,1,,,,,,1,1
canonical,CANONICAL — REPAIRED G2 OOF,7391,12558,adsorbate,zero_residual_v1,64,0,1,,,,,,1,1
canonical,CANONICAL — REPAIRED G2 OOF,7392,12560,adsorbate,zero_residual_v1,64,0,1,,,,,,1,1
canonical,CANONICAL — REPAIRED G2 OOF,7393,12561,adsorbate,zero_residual_v1,64,0,1,,,,,,1,1
canonical,CANONICAL — REPAIRED G2 OOF,7394,12562,adsorbate,zero_residual_v1,64,0,1,,,,,,1,1
canonical,CANONICAL — REPAIRED G2 OOF,7395,12564,interstitial,zero_residual_v1,64,0,1,,,,,,1,1
canonical,CANONICAL — REPAIRED G2 OOF,7396,12565,adsorbate,zero_residual_v1,64,0,1,,,,,,1,1
canonical,CANONICAL — REPAIRED G2 OOF,7397,12567,adsorbate,zero_residual_v1,64,0,1,,,,,,1,1
canonical,CANONICAL — REPAIRED G2 OOF,7398,12569,adsorbate,zero_residual_v1,64,0,1,,,,,,1,1
canonical,CANONICAL — REPAIRED G2 OOF,7399,12570,adsorbate,zero_residual_v1,64,0,1,,,,,,1,1
canonical,CANONICAL — REPAIRED G2 OOF,7400,12571,adsorbate,zero_residual_v1,64,0,1,,,,,,1,1
canonical,CANONICAL — REPAIRED G2 OOF,7401,12572,adsorbate,zero_residual_v1,64,0,1,,,,,,1,1
canonical,CANONICAL — REPAIRED G2 OOF,7402,12573,interstitial,zero_residual_v1,64,0,1,,,,,,1,1
canonical,CANONICAL — REPAIRED G2 OOF,7403,12575,adsorbate,zero_residual_v1,64,0,1,,,,,,1,1
canonical,CANONICAL — REPAIRED G2 OOF,7404,12576,adsorbate,zero_residual_v1,64,0,1,,,,,,1,1
canonical,CANONICAL — REPAIRED G2 OOF,7405,12577,adsorbate,zero_residual_v1,64,0,1,,,,,,1,1
canonical,CANONICAL — REPAIRED G2 OOF,7406,12578,adsorbate,zero_residual_v1,64,0,1,,,,,,1,1
canonical,CANONICAL — REPAIRED G2 OOF,7407,12579,adsorbate,zero_residual_v1,64,0,1,,,,,,1,1
canonical,CANONICAL — REPAIRED G2 OOF,7408,12581,adsorbate,zero_residual_v1,64,0,1,,,,,,1,1
canonical,CANONICAL — REPAIRED G2 OOF,7409,12582,adsorbate,zero_residual_v1,64,0,1,,,,,,1,1
canonical,CANONICAL — REPAIRED G2 OOF,7410,12583,interstitial,zero_residual_v1,64,0,1,,,,,,1,1
canonical,CANONICAL — REPAIRED G2 OOF,7411,12584,adsorbate,zero_residual_v1,64,0,1,,,,,,1,1
canonical,CANONICAL — REPAIRED G2 OOF,7413,12590,adsorbate,zero_residual_v1,64,0,1,,,,,,1,1
canonical,CANONICAL — REPAIRED G2 OOF,7414,12591,adsorbate,zero_residual_v1,64,0,1,,,,,,1,1
canonical,CANONICAL — REPAIRED G2 OOF,7415,12593,adsorbate,zero_residual_v1,64,0,1,,,,,,1,1
canonical,CANONICAL — REPAIRED G2 OOF,7416,12594,adsorbate,zero_residual_v1,64,0,1,,,,,,1,1
canonical,CANONICAL — REPAIRED G2 OOF,7417,12595,adsorbate,zero_residual_v1,64,0,1,,,,,,1,1
canonical,CANONICAL — REPAIRED G2 OOF,7418,12598,adsorbate,zero_residual_v1,64,0,1,,,,,,1,1
canonical,CANONICAL — REPAIRED G2 OOF,7419,12599,interstitial,zero_residual_v1,64,0,1,,,,,,1,1
canonical,CANONICAL — REPAIRED G2 OOF,7420,12600,adsorbate,zero_residual_v1,64,0,1,,,,,,1,1
canonical,CANONICAL — REPAIRED G2 OOF,7421,12601,adsorbate,zero_residual_v1,64,0,1,,,,,,1,1
canonical,CANONICAL — REPAIRED G2 OOF,7423,12603,adsorbate,zero_residual_v1,64,0,1,,,,,,1,1
canonical,CANONICAL — REPAIRED G2 OOF,7424,12606,adsorbate,zero_residual_v1,64,0,1,,,,,,1,1
canonical,CANONICAL — REPAIRED G2 OOF,7425,12610,interstitial,zero_residual_v1,64,0,1,,,,,,1,1
canonical,CANONICAL — REPAIRED G2 OOF,7426,12612,interstitial,zero_residual_v1,64,0,1,,,,,,1,1
canonical,CANONICAL — REPAIRED G2 OOF,7427,12613,adsorbate,zero_residual_v1,64,0,1,,,,,,1,1
canonical,CANONICAL — REPAIRED G2 OOF,7428,12614,interstitial,zero_residual_v1,64,0,1,,,,,,1,1
canonical,CANONICAL — REPAIRED G2 OOF,7429,12617,adsorbate,zero_residual_v1,64,0,1,,,,,,1,1
canonical,CANONICAL — REPAIRED G2 OOF,7430,12618,adsorbate,zero_residual_v1,64,0,1,,,,,,1,1
canonical,CANONICAL — REPAIRED G2 OOF,7431,12620,adsorbate,zero_residual_v1,64,0,1,,,,,,1,1
canonical,CANONICAL — REPAIRED G2 OOF,7432,12622,interstitial,zero_residual_v1,64,0,1,,,,,,1,1
canonical,CANONICAL — REPAIRED G2 OOF,7433,12623,adsorbate,zero_residual_v1,64,0,1,,,,,,1,1
canonical,CANONICAL — REPAIRED G2 OOF,7434,12624,adsorbate,zero_residual_v1,64,0,1,,,,,,1,1
canonical,CANONICAL — REPAIRED G2 OOF,7435,12625,interstitial,zero_residual_v1,64,0,1,,,,,,1,1
canonical,CANONICAL — REPAIRED G2 OOF,7436,12626,adsorbate,zero_residual_v1,64,0,1,,,,,,1,1
canonical,CANONICAL — REPAIRED G2 OOF,7437,12628,adsorbate,zero_residual_v1,64,0,1,,,,,,1,1
canonical,CANONICAL — REPAIRED G2 OOF,7438,12629,adsorbate,zero_residual_v1,64,0,1,,,,,,1,1
canonical,CANONICAL — REPAIRED G2 OOF,7439,12630,interstitial,zero_residual_v1,64,0,1,,,,,,1,1
canonical,CANONICAL — REPAIRED G2 OOF,7440,12631,adsorbate,zero_residual_v1,64,0,1,,,,,,1,1
canonical,CANONICAL — REPAIRED G2 OOF,7441,12632,adsorbate,zero_residual_v1,64,0,1,,,,,,1,1
canonical,CANONICAL — REPAIRED G2 OOF,7442,12637,adsorbate,zero_residual_v1,64,0,1,,,,,,1,1
canonical,CANONICAL — REPAIRED G2 OOF,7443,12638,adsorbate,zero_residual_v1,64,0,1,,,,,,1,1
canonical,CANONICAL — REPAIRED G2 OOF,7444,12639,adsorbate,zero_residual_v1,64,0,1,,,,,,1,1
canonical,CANONICAL — REPAIRED G2 OOF,7445,12641,adsorbate,zero_residual_v1,64,0,1,,,,,,1,1
canonical,CANONICAL — REPAIRED G2 OOF,7446,12642,adsorbate,zero_residual_v1,64,0,1,,,,,,1,1
canonical,CANONICAL — REPAIRED G2 OOF,7447,12643,adsorbate,zero_residual_v1,64,0,1,,,,,,1,1
canonical,CANONICAL — REPAIRED G2 OOF,7448,12644,adsorbate,zero_residual_v1,64,0,1,,,,,,1,1
canonical,CANONICAL — REPAIRED G2 OOF,7449,12646,adsorbate,zero_residual_v1,64,0,1,,,,,,1,1
canonical,CANONICAL — REPAIRED G2 OOF,7450,12648,adsorbate,zero_residual_v1,64,0,1,,,,,,1,1
canonical,CANONICAL — REPAIRED G2 OOF,7452,12654,adsorbate,zero_residual_v1,64,0,1,,,,,,1,1
canonical,CANONICAL — REPAIRED G2 OOF,7453,12657,adsorbate,zero_residual_v1,64,0,1,,,,,,1,1
canonical,CANONICAL — REPAIRED G2 OOF,7454,12659,interstitial,zero_residual_v1,64,0,1,,,,,,1,1
canonical,CANONICAL — REPAIRED G2 OOF,7455,12661,adsorbate,zero_residual_v1,64,0,1,,,,,,1,1
canonical,CANONICAL — REPAIRED G2 OOF,7456,12663,interstitial,zero_residual_v1,64,0,1,,,,,,1,1
canonical,CANONICAL — REPAIRED G2 OOF,7457,12664,interstitial,zero_residual_v1,64,0,1,,,,,,1,1
canonical,CANONICAL — REPAIRED G2 OOF,7458,12665,interstitial,zero_residual_v1,64,0,1,,,,,,1,1
canonical,CANONICAL — REPAIRED G2 OOF,7459,12666,adsorbate,zero_residual_v1,64,0,1,,,,,,1,1
canonical,CANONICAL — REPAIRED G2 OOF,7460,12667,adsorbate,zero_residual_v1,64,0,1,,,,,,1,1
canonical,CANONICAL — REPAIRED G2 OOF,7461,12670,adsorbate,zero_residual_v1,64,0,1,,,,,,1,1
canonical,CANONICAL — REPAIRED G2 OOF,7462,12671,adsorbate,zero_residual_v1,64,0,1,,,,,,1,1
canonical,CANONICAL — REPAIRED G2 OOF,7463,12672,adsorbate,zero_residual_v1,64,0,1,,,,,,1,1
canonical,CANONICAL — REPAIRED G2 OOF,7464,12673,adsorbate,zero_residual_v1,64,0,1,,,,,,1,1
canonical,CANONICAL — REPAIRED G2 OOF,7465,12674,adsorbate,zero_residual_v1,64,0,1,,,,,,1,1
canonical,CANONICAL — REPAIRED G2 OOF,7466,12676,adsorbate,zero_residual_v1,64,0,1,,,,,,1,1
canonical,CANONICAL — REPAIRED G2 OOF,7467,12678,interstitial,zero_residual_v1,64,0,1,,,,,,1,1
canonical,CANONICAL — REPAIRED G2 OOF,7468,12679,interstitial,zero_residual_v1,64,0,1,,,,,,1,1
canonical,CANONICAL — REPAIRED G2 OOF,7469,12680,interstitial,zero_residual_v1,64,0,1,,,,,,1,1
canonical,CANONICAL — REPAIRED G2 OOF,7470,12681,adsorbate,zero_residual_v1,64,0,1,,,,,,1,1
canonical,CANONICAL — REPAIRED G2 OOF,7471,12683,interstitial,zero_residual_v1,64,0,1,,,,,,1,1
canonical,CANONICAL — REPAIRED G2 OOF,7472,12685,adsorbate,zero_residual_v1,64,0,1,,,,,,1,1
canonical,CANONICAL — REPAIRED G2 OOF,7473,12686,interstitial,zero_residual_v1,64,0,1,,,,,,1,1
canonical,CANONICAL — REPAIRED G2 OOF,7474,12687,adsorbate,zero_residual_v1,64,0,1,,,,,,1,1
canonical,CANONICAL — REPAIRED G2 OOF,7475,12688,adsorbate,zero_residual_v1,64,0,1,,,,,,1,1
canonical,CANONICAL — REPAIRED G2 OOF,7476,12689,adsorbate,zero_residual_v1,64,0,1,,,,,,1,1
canonical,CANONICAL — REPAIRED G2 OOF,7478,12691,adsorbate,zero_residual_v1,64,0,1,,,,,,1,1
canonical,CANONICAL — REPAIRED G2 OOF,7479,12692,interstitial,zero_residual_v1,64,0,1,,,,,,1,1
canonical,CANONICAL — REPAIRED G2 OOF,7480,12693,adsorbate,zero_residual_v1,64,0,1,,,,,,1,1
canonical,CANONICAL — REPAIRED G2 OOF,7481,12694,interstitial,zero_residual_v1,64,0,1,,,,,,1,1
canonical,CANONICAL — REPAIRED G2 OOF,7482,12695,interstitial,zero_residual_v1,64,0,1,,,,,,1,1
canonical,CANONICAL — REPAIRED G2 OOF,7483,12696,adsorbate,zero_residual_v1,64,0,1,,,,,,1,1
canonical,CANONICAL — REPAIRED G2 OOF,7484,12697,adsorbate,zero_residual_v1,64,0,1,,,,,,1,1
canonical,CANONICAL — REPAIRED G2 OOF,7485,12699,adsorbate,zero_residual_v1,64,0,1,,,,,,1,1
canonical,CANONICAL — REPAIRED G2 OOF,7486,12700,interstitial,zero_residual_v1,64,0,1,,,,,,1,1
canonical,CANONICAL — REPAIRED G2 OOF,7487,12701,interstitial,zero_residual_v1,64,0,1,,,,,,1,1
canonical,CANONICAL — REPAIRED G2 OOF,7488,12702,adsorbate,zero_residual_v1,64,0,1,,,,,,1,1
canonical,CANONICAL — REPAIRED G2 OOF,7489,12703,adsorbate,zero_residual_v1,64,0,1,,,,,,1,1
canonical,CANONICAL — REPAIRED G2 OOF,7490,12705,adsorbate,zero_residual_v1,64,0,1,,,,,,1,1
canonical,CANONICAL — REPAIRED G2 OOF,7491,12706,adsorbate,zero_residual_v1,64,0,1,,,,,,1,1
canonical,CANONICAL — REPAIRED G2 OOF,7492,12707,adsorbate,zero_residual_v1,64,0,1,,,,,,1,1
canonical,CANONICAL — REPAIRED G2 OOF,7493,12708,interstitial,zero_residual_v1,64,0,1,,,,,,1,1
canonical,CANONICAL — REPAIRED G2 OOF,7494,12709,adsorbate,zero_residual_v1,64,0,1,,,,,,1,1
canonical,CANONICAL — REPAIRED G2 OOF,7495,12710,adsorbate,zero_residual_v1,64,0,1,,,,,,1,1
canonical,CANONICAL — REPAIRED G2 OOF,7496,12711,interstitial,zero_residual_v1,64,0,1,,,,,,1,1
canonical,CANONICAL — REPAIRED G2 OOF,7497,12713,adsorbate,zero_residual_v1,64,0,1,,,,,,1,1
canonical,CANONICAL — REPAIRED G2 OOF,7498,12714,adsorbate,zero_residual_v1,64,0,1,,,,,,1,1
canonical,CANONICAL — REPAIRED G2 OOF,7499,12717,adsorbate,zero_residual_v1,64,0,1,,,,,,1,1
canonical,CANONICAL — REPAIRED G2 OOF,7500,12719,adsorbate,zero_residual_v1,64,0,1,,,,,,1,1
canonical,CANONICAL — REPAIRED G2 OOF,7501,12721,interstitial,zero_residual_v1,64,0,1,,,,,,1,1
canonical,CANONICAL — REPAIRED G2 OOF,7502,12722,interstitial,zero_residual_v1,64,0,1,,,,,,1,1
canonical,CANONICAL — REPAIRED G2 OOF,7503,12723,adsorbate,zero_residual_v1,64,0,1,,,,,,1,1
canonical,CANONICAL — REPAIRED G2 OOF,7504,12727,adsorbate,zero_residual_v1,64,0,1,,,,,,1,1
canonical,CANONICAL — REPAIRED G2 OOF,7505,12729,adsorbate,zero_residual_v1,64,0,1,,,,,,1,1
canonical,CANONICAL — REPAIRED G2 OOF,7506,12730,interstitial,zero_residual_v1,64,0,1,,,,,,1,1
canonical,CANONICAL — REPAIRED G2 OOF,7507,12732,interstitial,zero_residual_v1,64,0,1,,,,,,1,1
canonical,CANONICAL — REPAIRED G2 OOF,7508,12734,adsorbate,zero_residual_v1,64,0,1,,,,,,1,1
canonical,CANONICAL — REPAIRED G2 OOF,7509,12735,adsorbate,zero_residual_v1,64,0,1,,,,,,1,1
canonical,CANONICAL — REPAIRED G2 OOF,7510,12736,adsorbate,zero_residual_v1,64,0,1,,,,,,1,1
canonical,CANONICAL — REPAIRED G2 OOF,7511,12737,adsorbate,zero_residual_v1,64,0,1,,,,,,1,1
canonical,CANONICAL — REPAIRED G2 OOF,7512,12738,interstitial,zero_residual_v1,64,0,1,,,,,,1,1
canonical,CANONICAL — REPAIRED G2 OOF,7513,12739,adsorbate,zero_residual_v1,64,0,1,,,,,,1,1
canonical,CANONICAL — REPAIRED G2 OOF,7514,12740,adsorbate,zero_residual_v1,64,0,1,,,,,,1,1
canonical,CANONICAL — REPAIRED G2 OOF,7515,12741,adsorbate,zero_residual_v1,64,0,1,,,,,,1,1
canonical,CANONICAL — REPAIRED G2 OOF,7516,12743,adsorbate,zero_residual_v1,64,0,1,,,,,,1,1
canonical,CANONICAL — REPAIRED G2 OOF,7517,12744,adsorbate,zero_residual_v1,64,0,1,,,,,,1,1
canonical,CANONICAL — REPAIRED G2 OOF,7518,12747,adsorbate,zero_residual_v1,64,0,1,,,,,,1,1
canonical,CANONICAL — REPAIRED G2 OOF,7519,12749,adsorbate,zero_residual_v1,64,0,1,,,,,,1,1
canonical,CANONICAL — REPAIRED G2 OOF,7520,12750,interstitial,zero_residual_v1,64,0,1,,,,,,1,1
canonical,CANONICAL — REPAIRED G2 OOF,7521,12751,interstitial,zero_residual_v1,64,0,1,,,,,,1,1
canonical,CANONICAL — REPAIRED G2 OOF,7522,12753,interstitial,zero_residual_v1,64,0,1,,,,,,1,1
canonical,CANONICAL — REPAIRED G2 OOF,7523,12756,adsorbate,zero_residual_v1,64,0,1,,,,,,1,1
canonical,CANONICAL — REPAIRED G2 OOF,7524,12757,adsorbate,zero_residual_v1,64,0,1,,,,,,1,1
canonical,CANONICAL — REPAIRED G2 OOF,7525,12759,adsorbate,zero_residual_v1,64,0,1,,,,,,1,1
canonical,CANONICAL — REPAIRED G2 OOF,7526,12760,adsorbate,zero_residual_v1,64,0,1,,,,,,1,1
canonical,CANONICAL — REPAIRED G2 OOF,7527,12761,adsorbate,zero_residual_v1,64,0,1,,,,,,1,1
canonical,CANONICAL — REPAIRED G2 OOF,7528,12762,adsorbate,zero_residual_v1,64,0,1,,,,,,1,1
canonical,CANONICAL — REPAIRED G2 OOF,7529,12763,interstitial,zero_residual_v1,64,0,1,,,,,,1,1
canonical,CANONICAL — REPAIRED G2 OOF,7530,12764,adsorbate,zero_residual_v1,64,0,1,,,,,,1,1
canonical,CANONICAL — REPAIRED G2 OOF,7531,12766,adsorbate,zero_residual_v1,64,0,1,,,,,,1,1
canonical,CANONICAL — REPAIRED G2 OOF,7532,12767,adsorbate,zero_residual_v1,64,0,1,,,,,,1,1
canonical,CANONICAL — REPAIRED G2 OOF,7533,12769,adsorbate,zero_residual_v1,64,0,1,,,,,,1,1
canonical,CANONICAL — REPAIRED G2 OOF,7534,12770,adsorbate,zero_residual_v1,64,0,1,,,,,,1,1
canonical,CANONICAL — REPAIRED G2 OOF,7535,12771,interstitial,zero_residual_v1,64,0,1,,,,,,1,1
canonical,CANONICAL — REPAIRED G2 OOF,7536,12772,interstitial,zero_residual_v1,64,0,1,,,,,,1,1
canonical,CANONICAL — REPAIRED G2 OOF,7539,12776,adsorbate,zero_residual_v1,64,0,1,,,,,,1,1
canonical,CANONICAL — REPAIRED G2 OOF,7540,12777,interstitial,zero_residual_v1,64,0,1,,,,,,1,1
canonical,CANONICAL — REPAIRED G2 OOF,7541,12779,interstitial,zero_residual_v1,64,0,1,,,,,,1,1
canonical,CANONICAL — REPAIRED G2 OOF,7542,12781,adsorbate,zero_residual_v1,64,0,1,,,,,,1,1
canonical,CANONICAL — REPAIRED G2 OOF,7543,12782,adsorbate,zero_residual_v1,64,0,1,,,,,,1,1
canonical,CANONICAL — REPAIRED G2 OOF,7544,12783,adsorbate,zero_residual_v1,64,0,1,,,,,,1,1
canonical,CANONICAL — REPAIRED G2 OOF,7545,12785,adsorbate,zero_residual_v1,64,0,1,,,,,,1,1
canonical,CANONICAL — REPAIRED G2 OOF,7546,12789,adsorbate,zero_residual_v1,64,0,1,,,,,,1,1
canonical,CANONICAL — REPAIRED G2 OOF,7547,12790,adsorbate,zero_residual_v1,64,0,1,,,,,,1,1
canonical,CANONICAL — REPAIRED G2 OOF,7548,12791,adsorbate,zero_residual_v1,64,0,1,,,,,,1,1
canonical,CANONICAL — REPAIRED G2 OOF,7549,12792,adsorbate,zero_residual_v1,64,0,1,,,,,,1,1
canonical,CANONICAL — REPAIRED G2 OOF,7550,12793,adsorbate,zero_residual_v1,64,0,1,,,,,,1,1
canonical,CANONICAL — REPAIRED G2 OOF,7551,12794,adsorbate,zero_residual_v1,64,0,1,,,,,,1,1
canonical,CANONICAL — REPAIRED G2 OOF,7552,12795,adsorbate,zero_residual_v1,64,0,1,,,,,,1,1
canonical,CANONICAL — REPAIRED G2 OOF,7553,12796,adsorbate,zero_residual_v1,64,0,1,,,,,,1,1
canonical,CANONICAL — REPAIRED G2 OOF,7554,12797,adsorbate,zero_residual_v1,64,0,1,,,,,,1,1
canonical,CANONICAL — REPAIRED G2 OOF,7555,12798,adsorbate,zero_residual_v1,64,0,1,,,,,,1,1
canonical,CANONICAL — REPAIRED G2 OOF,7556,12799,adsorbate,zero_residual_v1,64,0,1,,,,,,1,1
canonical,CANONICAL — REPAIRED G2 OOF,7557,12803,interstitial,zero_residual_v1,64,0,1,,,,,,1,1
canonical,CANONICAL — REPAIRED G2 OOF,7558,12804,adsorbate,zero_residual_v1,64,0,1,,,,,,1,1
canonical,CANONICAL — REPAIRED G2 OOF,7559,12805,adsorbate,zero_residual_v1,64,0,1,,,,,,1,1
canonical,CANONICAL — REPAIRED G2 OOF,7560,12806,adsorbate,zero_residual_v1,64,0,1,,,,,,1,1
canonical,CANONICAL — REPAIRED G2 OOF,7561,12809,adsorbate,zero_residual_v1,64,0,1,,,,,,1,1
canonical,CANONICAL — REPAIRED G2 OOF,7562,12810,adsorbate,zero_residual_v1,64,0,1,,,,,,1,1
canonical,CANONICAL — REPAIRED G2 OOF,7563,12811,adsorbate,zero_residual_v1,64,0,1,,,,,,1,1
canonical,CANONICAL — REPAIRED G2 OOF,7564,12812,adsorbate,zero_residual_v1,64,0,1,,,,,,1,1
canonical,CANONICAL — REPAIRED G2 OOF,7565,12813,adsorbate,zero_residual_v1,64,0,1,,,,,,1,1
canonical,CANONICAL — REPAIRED G2 OOF,7566,12814,adsorbate,zero_residual_v1,64,0,1,,,,,,1,1
canonical,CANONICAL — REPAIRED G2 OOF,7567,12815,adsorbate,zero_residual_v1,64,0,1,,,,,,1,1
canonical,CANONICAL — REPAIRED G2 OOF,7568,12816,adsorbate,zero_residual_v1,64,0,1,,,,,,1,1
canonical,CANONICAL — REPAIRED G2 OOF,7569,12818,adsorbate,zero_residual_v1,64,0,1,,,,,,1,1
canonical,CANONICAL — REPAIRED G2 OOF,7570,12819,adsorbate,zero_residual_v1,64,0,1,,,,,,1,1
canonical,CANONICAL — REPAIRED G2 OOF,7571,12820,adsorbate,zero_residual_v1,64,0,1,,,,,,1,1
canonical,CANONICAL — REPAIRED G2 OOF,7572,12821,adsorbate,zero_residual_v1,64,0,1,,,,,,1,1
canonical,CANONICAL — REPAIRED G2 OOF,7573,12824,adsorbate,zero_residual_v1,64,0,1,,,,,,1,1
canonical,CANONICAL — REPAIRED G2 OOF,7574,12825,adsorbate,zero_residual_v1,64,0,1,,,,,,1,1
canonical,CANONICAL — REPAIRED G2 OOF,7575,12826,adsorbate,zero_residual_v1,64,0,1,,,,,,1,1
canonical,CANONICAL — REPAIRED G2 OOF,7576,12827,adsorbate,zero_residual_v1,64,0,1,,,,,,1,1
canonical,CANONICAL — REPAIRED G2 OOF,7577,12828,interstitial,zero_residual_v1,64,0,1,,,,,,1,1
canonical,CANONICAL — REPAIRED G2 OOF,7578,12829,adsorbate,zero_residual_v1,64,0,1,,,,,,1,1
canonical,CANONICAL — REPAIRED G2 OOF,7579,12830,adsorbate,zero_residual_v1,64,0,1,,,,,,1,1
canonical,CANONICAL — REPAIRED G2 OOF,7580,12831,adsorbate,zero_residual_v1,64,0,1,,,,,,1,1
canonical,CANONICAL — REPAIRED G2 OOF,7581,12832,adsorbate,zero_residual_v1,64,0,1,,,,,,1,1
canonical,CANONICAL — REPAIRED G2 OOF,7582,12833,interstitial,zero_residual_v1,64,0,1,,,,,,1,1
canonical,CANONICAL — REPAIRED G2 OOF,7583,12834,interstitial,zero_residual_v1,64,0,1,,,,,,1,1
canonical,CANONICAL — REPAIRED G2 OOF,7584,12835,adsorbate,zero_residual_v1,64,0,1,,,,,,1,1
canonical,CANONICAL — REPAIRED G2 OOF,7585,12836,adsorbate,zero_residual_v1,64,0,1,,,,,,1,1
canonical,CANONICAL — REPAIRED G2 OOF,7586,12837,interstitial,zero_residual_v1,64,0,1,,,,,,1,1
canonical,CANONICAL — REPAIRED G2 OOF,7587,12838,interstitial,zero_residual_v1,64,0,1,,,,,,1,1
canonical,CANONICAL — REPAIRED G2 OOF,7588,12840,adsorbate,zero_residual_v1,64,0,1,,,,,,1,1
canonical,CANONICAL — REPAIRED G2 OOF,7589,12841,adsorbate,zero_residual_v1,64,0,1,,,,,,1,1
canonical,CANONICAL — REPAIRED G2 OOF,7590,12842,adsorbate,zero_residual_v1,64,0,1,,,,,,1,1
canonical,CANONICAL — REPAIRED G2 OOF,7591,12843,adsorbate,zero_residual_v1,64,0,1,,,,,,1,1
canonical,CANONICAL — REPAIRED G2 OOF,7592,12847,adsorbate,zero_residual_v1,64,0,1,,,,,,1,1
canonical,CANONICAL — REPAIRED G2 OOF,7593,12848,interstitial,zero_residual_v1,64,0,1,,,,,,1,1
canonical,CANONICAL — REPAIRED G2 OOF,7594,12849,adsorbate,zero_residual_v1,64,0,1,,,,,,1,1
canonical,CANONICAL — REPAIRED G2 OOF,7595,12852,adsorbate,zero_residual_v1,64,0,1,,,,,,1,1
canonical,CANONICAL — REPAIRED G2 OOF,7596,12853,interstitial,zero_residual_v1,64,0,1,,,,,,1,1
canonical,CANONICAL — REPAIRED G2 OOF,7597,12854,interstitial,zero_residual_v1,64,0,1,,,,,,1,1
canonical,CANONICAL — REPAIRED G2 OOF,7598,12856,adsorbate,zero_residual_v1,64,0,1,,,,,,1,1
canonical,CANONICAL — REPAIRED G2 OOF,7599,12858,interstitial,zero_residual_v1,64,0,1,,,,,,1,1
canonical,CANONICAL — REPAIRED G2 OOF,7600,12859,adsorbate,zero_residual_v1,64,0,1,,,,,,1,1
canonical,CANONICAL — REPAIRED G2 OOF,7601,12863,adsorbate,zero_residual_v1,64,0,1,,,,,,1,1
canonical,CANONICAL — REPAIRED G2 OOF,7602,12865,adsorbate,zero_residual_v1,64,0,1,,,,,,1,1
canonical,CANONICAL — REPAIRED G2 OOF,7603,12867,interstitial,zero_residual_v1,64,0,1,,,,,,1,1
canonical,CANONICAL — REPAIRED G2 OOF,7604,12868,interstitial,zero_residual_v1,64,0,1,,,,,,1,1
canonical,CANONICAL — REPAIRED G2 OOF,7605,12869,interstitial,zero_residual_v1,64,0,1,,,,,,1,1
canonical,CANONICAL — REPAIRED G2 OOF,7606,12870,adsorbate,zero_residual_v1,64,0,1,,,,,,1,1
canonical,CANONICAL — REPAIRED G2 OOF,7607,12872,adsorbate,zero_residual_v1,64,0,1,,,,,,1,1
canonical,CANONICAL — REPAIRED G2 OOF,7608,12876,adsorbate,zero_residual_v1,64,0,1,,,,,,1,1
canonical,CANONICAL — REPAIRED G2 OOF,7609,12878,adsorbate,zero_residual_v1,64,0,1,,,,,,1,1
canonical,CANONICAL — REPAIRED G2 OOF,7610,12879,adsorbate,zero_residual_v1,64,0,1,,,,,,1,1
canonical,CANONICAL — REPAIRED G2 OOF,7611,12882,adsorbate,zero_residual_v1,64,0,1,,,,,,1,1
canonical,CANONICAL — REPAIRED G2 OOF,7612,12883,adsorbate,zero_residual_v1,64,0,1,,,,,,1,1
canonical,CANONICAL — REPAIRED G2 OOF,7613,12885,interstitial,zero_residual_v1,64,0,1,,,,,,1,1
canonical,CANONICAL — REPAIRED G2 OOF,7615,12888,adsorbate,zero_residual_v1,64,0,1,,,,,,1,1
canonical,CANONICAL — REPAIRED G2 OOF,7616,12889,adsorbate,zero_residual_v1,64,0,1,,,,,,1,1
canonical,CANONICAL — REPAIRED G2 OOF,7617,12890,adsorbate,zero_residual_v1,64,0,1,,,,,,1,1
canonical,CANONICAL — REPAIRED G2 OOF,7618,12892,interstitial,zero_residual_v1,64,0,1,,,,,,1,1
canonical,CANONICAL — REPAIRED G2 OOF,7619,12893,interstitial,zero_residual_v1,64,0,1,,,,,,1,1
canonical,CANONICAL — REPAIRED G2 OOF,7620,12894,adsorbate,zero_residual_v1,64,0,1,,,,,,1,1
canonical,CANONICAL — REPAIRED G2 OOF,7621,12895,adsorbate,zero_residual_v1,64,0,1,,,,,,1,1
canonical,CANONICAL — REPAIRED G2 OOF,7622,12896,interstitial,zero_residual_v1,64,0,1,,,,,,1,1
canonical,CANONICAL — REPAIRED G2 OOF,7623,12897,adsorbate,zero_residual_v1,64,0,1,,,,,,1,1
canonical,CANONICAL — REPAIRED G2 OOF,7625,12899,interstitial,zero_residual_v1,64,0,1,,,,,,1,1
canonical,CANONICAL — REPAIRED G2 OOF,7626,12900,interstitial,zero_residual_v1,64,0,1,,,,,,1,1
canonical,CANONICAL — REPAIRED G2 OOF,7628,12904,adsorbate,zero_residual_v1,64,0,1,,,,,,1,1
canonical,CANONICAL — REPAIRED G2 OOF,7629,12905,adsorbate,zero_residual_v1,64,0,1,,,,,,1,1
canonical,CANONICAL — REPAIRED G2 OOF,7630,12906,adsorbate,zero_residual_v1,64,0,1,,,,,,1,1
canonical,CANONICAL — REPAIRED G2 OOF,7631,12907,adsorbate,zero_residual_v1,64,0,1,,,,,,1,1
canonical,CANONICAL — REPAIRED G2 OOF,7632,12908,adsorbate,zero_residual_v1,64,0,1,,,,,,1,1
canonical,CANONICAL — REPAIRED G2 OOF,7633,12912,interstitial,zero_residual_v1,64,0,1,,,,,,1,1
canonical,CANONICAL — REPAIRED G2 OOF,7634,12913,interstitial,zero_residual_v1,64,0,1,,,,,,1,1
canonical,CANONICAL — REPAIRED G2 OOF,7635,12915,adsorbate,zero_residual_v1,64,0,1,,,,,,1,1
canonical,CANONICAL — REPAIRED G2 OOF,7636,12916,adsorbate,zero_residual_v1,64,0,1,,,,,,1,1
canonical,CANONICAL — REPAIRED G2 OOF,7637,12917,adsorbate,zero_residual_v1,64,0,1,,,,,,1,1
canonical,CANONICAL — REPAIRED G2 OOF,7638,12918,adsorbate,zero_residual_v1,64,0,1,,,,,,1,1
canonical,CANONICAL — REPAIRED G2 OOF,7639,12920,adsorbate,zero_residual_v1,64,0,1,,,,,,1,1
canonical,CANONICAL — REPAIRED G2 OOF,7640,12921,adsorbate,zero_residual_v1,64,0,1,,,,,,1,1
canonical,CANONICAL — REPAIRED G2 OOF,7641,12922,adsorbate,zero_residual_v1,64,0,1,,,,,,1,1
canonical,CANONICAL — REPAIRED G2 OOF,7642,12923,adsorbate,zero_residual_v1,64,0,1,,,,,,1,1
canonical,CANONICAL — REPAIRED G2 OOF,7643,12926,adsorbate,zero_residual_v1,64,0,1,,,,,,1,1
canonical,CANONICAL — REPAIRED G2 OOF,7644,12927,adsorbate,zero_residual_v1,64,0,1,,,,,,1,1
canonical,CANONICAL — REPAIRED G2 OOF,7645,12928,adsorbate,zero_residual_v1,64,0,1,,,,,,1,1
canonical,CANONICAL — REPAIRED G2 OOF,7646,12929,adsorbate,zero_residual_v1,64,0,1,,,,,,1,1
canonical,CANONICAL — REPAIRED G2 OOF,7647,12930,adsorbate,zero_residual_v1,64,0,1,,,,,,1,1
canonical,CANONICAL — REPAIRED G2 OOF,7648,12931,interstitial,zero_residual_v1,64,0,1,,,,,,1,1
canonical,CANONICAL — REPAIRED G2 OOF,7649,12933,adsorbate,zero_residual_v1,64,0,1,,,,,,1,1
canonical,CANONICAL — REPAIRED G2 OOF,7650,12934,adsorbate,zero_residual_v1,64,0,1,,,,,,1,1
canonical,CANONICAL — REPAIRED G2 OOF,7651,12937,adsorbate,zero_residual_v1,64,0,1,,,,,,1,1
canonical,CANONICAL — REPAIRED G2 OOF,7652,12938,interstitial,zero_residual_v1,64,0,1,,,,,,1,1
canonical,CANONICAL — REPAIRED G2 OOF,7653,12939,adsorbate,zero_residual_v1,64,0,1,,,,,,1,1
canonical,CANONICAL — REPAIRED G2 OOF,7654,12942,interstitial,zero_residual_v1,64,0,1,,,,,,1,1
canonical,CANONICAL — REPAIRED G2 OOF,7655,12945,interstitial,zero_residual_v1,64,0,1,,,,,,1,1
canonical,CANONICAL — REPAIRED G2 OOF,7656,12947,adsorbate,zero_residual_v1,64,0,1,,,,,,1,1
canonical,CANONICAL — REPAIRED G2 OOF,7657,12949,adsorbate,zero_residual_v1,64,0,1,,,,,,1,1
canonical,CANONICAL — REPAIRED G2 OOF,7658,12950,adsorbate,zero_residual_v1,64,0,1,,,,,,1,1
canonical,CANONICAL — REPAIRED G2 OOF,7659,12951,adsorbate,zero_residual_v1,64,0,1,,,,,,1,1
canonical,CANONICAL — REPAIRED G2 OOF,7660,12952,interstitial,zero_residual_v1,64,0,1,,,,,,1,1
canonical,CANONICAL — REPAIRED G2 OOF,7662,12955,adsorbate,zero_residual_v1,64,0,1,,,,,,1,1
canonical,CANONICAL — REPAIRED G2 OOF,7663,12959,interstitial,zero_residual_v1,64,0,1,,,,,,1,1
canonical,CANONICAL — REPAIRED G2 OOF,7664,12962,interstitial,zero_residual_v1,64,0,1,,,,,,1,1
canonical,CANONICAL — REPAIRED G2 OOF,7665,12964,interstitial,zero_residual_v1,64,0,1,,,,,,1,1
canonical,CANONICAL — REPAIRED G2 OOF,7666,12965,interstitial,zero_residual_v1,64,0,1,,,,,,1,1
canonical,CANONICAL — REPAIRED G2 OOF,7667,12967,adsorbate,zero_residual_v1,64,0,1,,,,,,1,1
canonical,CANONICAL — REPAIRED G2 OOF,7668,12968,interstitial,zero_residual_v1,64,0,1,,,,,,1,1
canonical,CANONICAL — REPAIRED G2 OOF,7669,12971,interstitial,zero_residual_v1,64,0,1,,,,,,1,1
canonical,CANONICAL — REPAIRED G2 OOF,7670,12973,interstitial,zero_residual_v1,64,0,1,,,,,,1,1
canonical,CANONICAL — REPAIRED G2 OOF,7671,12975,adsorbate,zero_residual_v1,64,0,1,,,,,,1,1
canonical,CANONICAL — REPAIRED G2 OOF,7672,12976,adsorbate,zero_residual_v1,64,0,1,,,,,,1,1
canonical,CANONICAL — REPAIRED G2 OOF,7673,12977,adsorbate,zero_residual_v1,64,0,1,,,,,,1,1
canonical,CANONICAL — REPAIRED G2 OOF,7674,12978,adsorbate,zero_residual_v1,64,0,1,,,,,,1,1
canonical,CANONICAL — REPAIRED G2 OOF,7675,12979,adsorbate,zero_residual_v1,64,0,1,,,,,,1,1
canonical,CANONICAL — REPAIRED G2 OOF,7676,12982,adsorbate,zero_residual_v1,64,0,1,,,,,,1,1
canonical,CANONICAL — REPAIRED G2 OOF,7677,12984,interstitial,zero_residual_v1,64,0,1,,,,,,1,1
canonical,CANONICAL — REPAIRED G2 OOF,7678,12985,adsorbate,zero_residual_v1,64,0,1,,,,,,1,1
canonical,CANONICAL — REPAIRED G2 OOF,7679,12986,adsorbate,zero_residual_v1,64,0,1,,,,,,1,1
canonical,CANONICAL — REPAIRED G2 OOF,7680,12990,interstitial,zero_residual_v1,64,0,1,,,,,,1,1
canonical,CANONICAL — REPAIRED G2 OOF,7681,12991,adsorbate,zero_residual_v1,64,0,1,,,,,,1,1
canonical,CANONICAL — REPAIRED G2 OOF,7682,12997,adsorbate,zero_residual_v1,64,0,1,,,,,,1,1
canonical,CANONICAL — REPAIRED G2 OOF,7683,12999,interstitial,zero_residual_v1,64,0,1,,,,,,1,1
canonical,CANONICAL — REPAIRED G2 OOF,7684,13000,adsorbate,zero_residual_v1,64,0,1,,,,,,1,1
canonical,CANONICAL — REPAIRED G2 OOF,7685,13001,adsorbate,zero_residual_v1,64,0,1,,,,,,1,1
canonical,CANONICAL — REPAIRED G2 OOF,7686,13002,adsorbate,zero_residual_v1,64,0,1,,,,,,1,1
canonical,CANONICAL — REPAIRED G2 OOF,7687,13003,adsorbate,zero_residual_v1,64,0,1,,,,,,1,1
canonical,CANONICAL — REPAIRED G2 OOF,7688,13004,adsorbate,zero_residual_v1,64,0,1,,,,,,1,1
canonical,CANONICAL — REPAIRED G2 OOF,7689,13006,adsorbate,zero_residual_v1,64,0,1,,,,,,1,1
canonical,CANONICAL — REPAIRED G2 OOF,7690,13007,interstitial,zero_residual_v1,64,0,1,,,,,,1,1
canonical,CANONICAL — REPAIRED G2 OOF,7691,13010,adsorbate,zero_residual_v1,64,0,1,,,,,,1,1
canonical,CANONICAL — REPAIRED G2 OOF,7692,13011,adsorbate,zero_residual_v1,64,0,1,,,,,,1,1
canonical,CANONICAL — REPAIRED G2 OOF,7693,13013,interstitial,zero_residual_v1,64,0,1,,,,,,1,1
canonical,CANONICAL — REPAIRED G2 OOF,7694,13014,adsorbate,zero_residual_v1,64,0,1,,,,,,1,1
canonical,CANONICAL — REPAIRED G2 OOF,7695,13015,interstitial,zero_residual_v1,64,0,1,,,,,,1,1
canonical,CANONICAL — REPAIRED G2 OOF,7696,13018,adsorbate,zero_residual_v1,64,0,1,,,,,,1,1
canonical,CANONICAL — REPAIRED G2 OOF,7697,13019,interstitial,zero_residual_v1,64,0,1,,,,,,1,1
canonical,CANONICAL — REPAIRED G2 OOF,7698,13020,interstitial,zero_residual_v1,64,0,1,,,,,,1,1
canonical,CANONICAL — REPAIRED G2 OOF,7699,13021,adsorbate,zero_residual_v1,64,0,1,,,,,,1,1
canonical,CANONICAL — REPAIRED G2 OOF,7700,13022,interstitial,zero_residual_v1,64,0,1,,,,,,1,1
canonical,CANONICAL — REPAIRED G2 OOF,7701,13023,adsorbate,zero_residual_v1,64,0,1,,,,,,1,1
canonical,CANONICAL — REPAIRED G2 OOF,7702,13024,adsorbate,zero_residual_v1,64,0,1,,,,,,1,1
canonical,CANONICAL — REPAIRED G2 OOF,7703,13026,adsorbate,zero_residual_v1,64,0,1,,,,,,1,1
canonical,CANONICAL — REPAIRED G2 OOF,7704,13028,adsorbate,zero_residual_v1,64,0,1,,,,,,1,1
canonical,CANONICAL — REPAIRED G2 OOF,7705,13030,adsorbate,zero_residual_v1,64,0,1,,,,,,1,1
canonical,CANONICAL — REPAIRED G2 OOF,7706,13031,adsorbate,zero_residual_v1,64,0,1,,,,,,1,1
canonical,CANONICAL — REPAIRED G2 OOF,7707,13032,adsorbate,zero_residual_v1,64,0,1,,,,,,1,1
canonical,CANONICAL — REPAIRED G2 OOF,7708,13034,interstitial,zero_residual_v1,64,0,1,,,,,,1,1
canonical,CANONICAL — REPAIRED G2 OOF,7710,13037,interstitial,zero_residual_v1,64,0,1,,,,,,1,1
canonical,CANONICAL — REPAIRED G2 OOF,7712,13040,adsorbate,zero_residual_v1,64,0,1,,,,,,1,1
canonical,CANONICAL — REPAIRED G2 OOF,7713,13042,adsorbate,zero_residual_v1,64,0,1,,,,,,1,1
canonical,CANONICAL — REPAIRED G2 OOF,7714,13043,interstitial,zero_residual_v1,64,0,1,,,,,,1,1
canonical,CANONICAL — REPAIRED G2 OOF,7715,13044,adsorbate,zero_residual_v1,64,0,1,,,,,,1,1
canonical,CANONICAL — REPAIRED G2 OOF,7716,13045,adsorbate,zero_residual_v1,64,0,1,,,,,,1,1
canonical,CANONICAL — REPAIRED G2 OOF,7718,13047,adsorbate,zero_residual_v1,64,0,1,,,,,,1,1
canonical,CANONICAL — REPAIRED G2 OOF,7719,13048,adsorbate,zero_residual_v1,64,0,1,,,,,,1,1
canonical,CANONICAL — REPAIRED G2 OOF,7720,13050,adsorbate,zero_residual_v1,64,0,1,,,,,,1,1
canonical,CANONICAL — REPAIRED G2 OOF,7721,13055,adsorbate,zero_residual_v1,64,0,1,,,,,,1,1
canonical,CANONICAL — REPAIRED G2 OOF,7722,13057,adsorbate,zero_residual_v1,64,0,1,,,,,,1,1
canonical,CANONICAL — REPAIRED G2 OOF,7723,13060,adsorbate,zero_residual_v1,64,0,1,,,,,,1,1
canonical,CANONICAL — REPAIRED G2 OOF,7724,13065,adsorbate,zero_residual_v1,64,0,1,,,,,,1,1
canonical,CANONICAL — REPAIRED G2 OOF,7725,13068,adsorbate,zero_residual_v1,64,0,1,,,,,,1,1
canonical,CANONICAL — REPAIRED G2 OOF,7726,13069,adsorbate,zero_residual_v1,64,0,1,,,,,,1,1
canonical,CANONICAL — REPAIRED G2 OOF,7727,13070,adsorbate,zero_residual_v1,64,0,1,,,,,,1,1
canonical,CANONICAL — REPAIRED G2 OOF,7728,13071,adsorbate,zero_residual_v1,64,0,1,,,,,,1,1
canonical,CANONICAL — REPAIRED G2 OOF,7729,13072,adsorbate,zero_residual_v1,64,0,1,,,,,,1,1
canonical,CANONICAL — REPAIRED G2 OOF,7730,13073,interstitial,zero_residual_v1,64,0,1,,,,,,1,1
canonical,CANONICAL — REPAIRED G2 OOF,7731,13075,adsorbate,zero_residual_v1,64,0,1,,,,,,1,1
canonical,CANONICAL — REPAIRED G2 OOF,7732,13077,adsorbate,zero_residual_v1,64,0,1,,,,,,1,1
canonical,CANONICAL — REPAIRED G2 OOF,7733,13078,adsorbate,zero_residual_v1,64,0,1,,,,,,1,1
canonical,CANONICAL — REPAIRED G2 OOF,7734,13079,adsorbate,zero_residual_v1,64,0,1,,,,,,1,1
canonical,CANONICAL — REPAIRED G2 OOF,7735,13080,adsorbate,zero_residual_v1,64,0,1,,,,,,1,1
canonical,CANONICAL — REPAIRED G2 OOF,7736,13081,adsorbate,zero_residual_v1,64,0,1,,,,,,1,1
canonical,CANONICAL — REPAIRED G2 OOF,7737,13083,adsorbate,zero_residual_v1,64,0,1,,,,,,1,1
canonical,CANONICAL — REPAIRED G2 OOF,7738,13084,interstitial,zero_residual_v1,64,0,1,,,,,,1,1
canonical,CANONICAL — REPAIRED G2 OOF,7739,13085,adsorbate,zero_residual_v1,64,0,1,,,,,,1,1
canonical,CANONICAL — REPAIRED G2 OOF,7740,13086,adsorbate,zero_residual_v1,64,0,1,,,,,,1,1
canonical,CANONICAL — REPAIRED G2 OOF,7741,13087,interstitial,zero_residual_v1,64,0,1,,,,,,1,1
canonical,CANONICAL — REPAIRED G2 OOF,7742,13088,adsorbate,zero_residual_v1,64,0,1,,,,,,1,1
canonical,CANONICAL — REPAIRED G2 OOF,7743,13089,adsorbate,zero_residual_v1,64,0,1,,,,,,1,1
canonical,CANONICAL — REPAIRED G2 OOF,7744,13092,adsorbate,zero_residual_v1,64,0,1,,,,,,1,1
canonical,CANONICAL — REPAIRED G2 OOF,7745,13093,adsorbate,zero_residual_v1,64,0,1,,,,,,1,1
canonical,CANONICAL — REPAIRED G2 OOF,7746,13094,adsorbate,zero_residual_v1,64,0,1,,,,,,1,1
canonical,CANONICAL — REPAIRED G2 OOF,7747,13095,adsorbate,zero_residual_v1,64,0,1,,,,,,1,1
canonical,CANONICAL — REPAIRED G2 OOF,7748,13097,interstitial,zero_residual_v1,64,0,1,,,,,,1,1
canonical,CANONICAL — REPAIRED G2 OOF,7749,13098,adsorbate,zero_residual_v1,64,0,1,,,,,,1,1
canonical,CANONICAL — REPAIRED G2 OOF,7750,13099,adsorbate,zero_residual_v1,64,0,1,,,,,,1,1
canonical,CANONICAL — REPAIRED G2 OOF,7751,13100,adsorbate,zero_residual_v1,64,0,1,,,,,,1,1
canonical,CANONICAL — REPAIRED G2 OOF,7752,13102,adsorbate,zero_residual_v1,64,0,1,,,,,,1,1
canonical,CANONICAL — REPAIRED G2 OOF,7753,13103,adsorbate,zero_residual_v1,64,0,1,,,,,,1,1
canonical,CANONICAL — REPAIRED G2 OOF,7754,13104,adsorbate,zero_residual_v1,64,0,1,,,,,,1,1
canonical,CANONICAL — REPAIRED G2 OOF,7755,13107,adsorbate,zero_residual_v1,64,0,1,,,,,,1,1
canonical,CANONICAL — REPAIRED G2 OOF,7756,13109,interstitial,zero_residual_v1,64,0,1,,,,,,1,1
canonical,CANONICAL — REPAIRED G2 OOF,7757,13110,adsorbate,zero_residual_v1,64,0,1,,,,,,1,1
canonical,CANONICAL — REPAIRED G2 OOF,7758,13111,adsorbate,zero_residual_v1,64,0,1,,,,,,1,1
canonical,CANONICAL — REPAIRED G2 OOF,7759,13112,adsorbate,zero_residual_v1,64,0,1,,,,,,1,1
canonical,CANONICAL — REPAIRED G2 OOF,7760,13116,interstitial,zero_residual_v1,64,0,1,,,,,,1,1
canonical,CANONICAL — REPAIRED G2 OOF,7761,13119,interstitial,zero_residual_v1,64,0,1,,,,,,1,1
canonical,CANONICAL — REPAIRED G2 OOF,7762,13120,adsorbate,zero_residual_v1,64,0,1,,,,,,1,1
canonical,CANONICAL — REPAIRED G2 OOF,7763,13121,interstitial,zero_residual_v1,64,0,1,,,,,,1,1
canonical,CANONICAL — REPAIRED G2 OOF,7764,13122,adsorbate,zero_residual_v1,64,0,1,,,,,,1,1
canonical,CANONICAL — REPAIRED G2 OOF,7765,13123,interstitial,zero_residual_v1,64,0,1,,,,,,1,1
canonical,CANONICAL — REPAIRED G2 OOF,7766,13124,adsorbate,zero_residual_v1,64,0,1,,,,,,1,1
canonical,CANONICAL — REPAIRED G2 OOF,7767,13125,interstitial,zero_residual_v1,64,0,1,,,,,,1,1
canonical,CANONICAL — REPAIRED G2 OOF,7768,13127,adsorbate,zero_residual_v1,64,0,1,,,,,,1,1
canonical,CANONICAL — REPAIRED G2 OOF,7770,13130,adsorbate,zero_residual_v1,64,0,1,,,,,,1,1
canonical,CANONICAL — REPAIRED G2 OOF,7771,13131,adsorbate,zero_residual_v1,64,0,1,,,,,,1,1
canonical,CANONICAL — REPAIRED G2 OOF,7772,13132,adsorbate,zero_residual_v1,64,0,1,,,,,,1,1
canonical,CANONICAL — REPAIRED G2 OOF,7773,13133,adsorbate,zero_residual_v1,64,0,1,,,,,,1,1
canonical,CANONICAL — REPAIRED G2 OOF,7774,13134,adsorbate,zero_residual_v1,64,0,1,,,,,,1,1
canonical,CANONICAL — REPAIRED G2 OOF,7775,13135,interstitial,zero_residual_v1,64,0,1,,,,,,1,1
canonical,CANONICAL — REPAIRED G2 OOF,7776,13136,adsorbate,zero_residual_v1,64,0,1,,,,,,1,1
canonical,CANONICAL — REPAIRED G2 OOF,7777,13139,interstitial,zero_residual_v1,64,0,1,,,,,,1,1
canonical,CANONICAL — REPAIRED G2 OOF,7778,13143,interstitial,zero_residual_v1,64,0,1,,,,,,1,1
canonical,CANONICAL — REPAIRED G2 OOF,7779,13144,adsorbate,zero_residual_v1,64,0,1,,,,,,1,1
canonical,CANONICAL — REPAIRED G2 OOF,7780,13148,adsorbate,zero_residual_v1,64,0,1,,,,,,1,1
canonical,CANONICAL — REPAIRED G2 OOF,7781,13149,interstitial,zero_residual_v1,64,0,1,,,,,,1,1
canonical,CANONICAL — REPAIRED G2 OOF,7782,13150,adsorbate,zero_residual_v1,64,0,1,,,,,,1,1
canonical,CANONICAL — REPAIRED G2 OOF,7783,13151,adsorbate,zero_residual_v1,64,0,1,,,,,,1,1
canonical,CANONICAL — REPAIRED G2 OOF,7784,13152,adsorbate,zero_residual_v1,64,0,1,,,,,,1,1
canonical,CANONICAL — REPAIRED G2 OOF,7785,13153,adsorbate,zero_residual_v1,64,0,1,,,,,,1,1
canonical,CANONICAL — REPAIRED G2 OOF,7786,13156,adsorbate,zero_residual_v1,64,0,1,,,,,,1,1
canonical,CANONICAL — REPAIRED G2 OOF,7787,13157,adsorbate,zero_residual_v1,64,0,1,,,,,,1,1
canonical,CANONICAL — REPAIRED G2 OOF,7788,13158,adsorbate,zero_residual_v1,64,0,1,,,,,,1,1
canonical,CANONICAL — REPAIRED G2 OOF,7789,13159,adsorbate,zero_residual_v1,64,0,1,,,,,,1,1
canonical,CANONICAL — REPAIRED G2 OOF,7790,13162,adsorbate,zero_residual_v1,64,0,1,,,,,,1,1
canonical,CANONICAL — REPAIRED G2 OOF,7791,13165,interstitial,zero_residual_v1,64,0,1,,,,,,1,1
canonical,CANONICAL — REPAIRED G2 OOF,7792,13166,interstitial,zero_residual_v1,64,0,1,,,,,,1,1
canonical,CANONICAL — REPAIRED G2 OOF,7793,13167,adsorbate,zero_residual_v1,64,0,1,,,,,,1,1
canonical,CANONICAL — REPAIRED G2 OOF,7794,13168,adsorbate,zero_residual_v1,64,0,1,,,,,,1,1
canonical,CANONICAL — REPAIRED G2 OOF,7795,13169,adsorbate,zero_residual_v1,64,0,1,,,,,,1,1
canonical,CANONICAL — REPAIRED G2 OOF,7796,13170,interstitial,zero_residual_v1,64,0,1,,,,,,1,1
canonical,CANONICAL — REPAIRED G2 OOF,7797,13171,adsorbate,zero_residual_v1,64,0,1,,,,,,1,1
canonical,CANONICAL — REPAIRED G2 OOF,7798,13172,adsorbate,zero_residual_v1,64,0,1,,,,,,1,1
canonical,CANONICAL — REPAIRED G2 OOF,7799,13173,adsorbate,zero_residual_v1,64,0,1,,,,,,1,1
canonical,CANONICAL — REPAIRED G2 OOF,7800,13174,adsorbate,zero_residual_v1,64,0,1,,,,,,1,1
canonical,CANONICAL — REPAIRED G2 OOF,7801,13175,adsorbate,zero_residual_v1,64,0,1,,,,,,1,1
canonical,CANONICAL — REPAIRED G2 OOF,7802,13176,adsorbate,zero_residual_v1,64,0,1,,,,,,1,1
canonical,CANONICAL — REPAIRED G2 OOF,7804,13178,adsorbate,zero_residual_v1,64,0,1,,,,,,1,1
canonical,CANONICAL — REPAIRED G2 OOF,7805,13179,interstitial,zero_residual_v1,64,0,1,,,,,,1,1
canonical,CANONICAL — REPAIRED G2 OOF,7806,13180,interstitial,zero_residual_v1,64,0,1,,,,,,1,1
canonical,CANONICAL — REPAIRED G2 OOF,7807,13181,adsorbate,zero_residual_v1,64,0,1,,,,,,1,1
canonical,CANONICAL — REPAIRED G2 OOF,7808,13182,adsorbate,zero_residual_v1,64,0,1,,,,,,1,1
canonical,CANONICAL — REPAIRED G2 OOF,7809,13183,interstitial,zero_residual_v1,64,0,1,,,,,,1,1
canonical,CANONICAL — REPAIRED G2 OOF,7810,13184,adsorbate,zero_residual_v1,64,0,1,,,,,,1,1
canonical,CANONICAL — REPAIRED G2 OOF,7811,13186,adsorbate,zero_residual_v1,64,0,1,,,,,,1,1
canonical,CANONICAL — REPAIRED G2 OOF,7812,13187,adsorbate,zero_residual_v1,64,0,1,,,,,,1,1
canonical,CANONICAL — REPAIRED G2 OOF,7813,13188,adsorbate,zero_residual_v1,64,0,1,,,,,,1,1
canonical,CANONICAL — REPAIRED G2 OOF,7814,13189,adsorbate,zero_residual_v1,64,0,1,,,,,,1,1
canonical,CANONICAL — REPAIRED G2 OOF,7815,13190,adsorbate,zero_residual_v1,64,0,1,,,,,,1,1
canonical,CANONICAL — REPAIRED G2 OOF,7816,13191,adsorbate,zero_residual_v1,64,0,1,,,,,,1,1
canonical,CANONICAL — REPAIRED G2 OOF,7817,13192,adsorbate,zero_residual_v1,64,0,1,,,,,,1,1
canonical,CANONICAL — REPAIRED G2 OOF,7818,13193,interstitial,zero_residual_v1,64,0,1,,,,,,1,1
canonical,CANONICAL — REPAIRED G2 OOF,7819,13195,adsorbate,zero_residual_v1,64,0,1,,,,,,1,1
canonical,CANONICAL — REPAIRED G2 OOF,7820,13196,adsorbate,zero_residual_v1,64,0,1,,,,,,1,1
canonical,CANONICAL — REPAIRED G2 OOF,7821,13197,interstitial,zero_residual_v1,64,0,1,,,,,,1,1
canonical,CANONICAL — REPAIRED G2 OOF,7822,13198,adsorbate,zero_residual_v1,64,0,1,,,,,,1,1
canonical,CANONICAL — REPAIRED G2 OOF,7823,13200,adsorbate,zero_residual_v1,64,0,1,,,,,,1,1
canonical,CANONICAL — REPAIRED G2 OOF,7824,13201,interstitial,zero_residual_v1,64,0,1,,,,,,1,1
canonical,CANONICAL — REPAIRED G2 OOF,7825,13204,interstitial,zero_residual_v1,64,0,1,,,,,,1,1
canonical,CANONICAL — REPAIRED G2 OOF,7826,13205,adsorbate,zero_residual_v1,64,0,1,,,,,,1,1
canonical,CANONICAL — REPAIRED G2 OOF,7827,13206,adsorbate,zero_residual_v1,64,0,1,,,,,,1,1
canonical,CANONICAL — REPAIRED G2 OOF,7828,13207,adsorbate,zero_residual_v1,64,0,1,,,,,,1,1
canonical,CANONICAL — REPAIRED G2 OOF,7829,13208,interstitial,zero_residual_v1,64,0,1,,,,,,1,1
canonical,CANONICAL — REPAIRED G2 OOF,7830,13209,adsorbate,zero_residual_v1,64,0,1,,,,,,1,1
canonical,CANONICAL — REPAIRED G2 OOF,7831,13211,adsorbate,zero_residual_v1,64,0,1,,,,,,1,1
canonical,CANONICAL — REPAIRED G2 OOF,7832,13212,interstitial,zero_residual_v1,64,0,1,,,,,,1,1
canonical,CANONICAL — REPAIRED G2 OOF,7833,13214,adsorbate,zero_residual_v1,64,0,1,,,,,,1,1
canonical,CANONICAL — REPAIRED G2 OOF,7835,13217,adsorbate,zero_residual_v1,64,0,1,,,,,,1,1
canonical,CANONICAL — REPAIRED G2 OOF,7836,13218,adsorbate,zero_residual_v1,64,0,1,,,,,,1,1
canonical,CANONICAL — REPAIRED G2 OOF,7837,13219,adsorbate,zero_residual_v1,64,0,1,,,,,,1,1
canonical,CANONICAL — REPAIRED G2 OOF,7838,13220,interstitial,zero_residual_v1,64,0,1,,,,,,1,1
canonical,CANONICAL — REPAIRED G2 OOF,7839,13221,interstitial,zero_residual_v1,64,0,1,,,,,,1,1
canonical,CANONICAL — REPAIRED G2 OOF,7840,13223,interstitial,zero_residual_v1,64,0,1,,,,,,1,1
canonical,CANONICAL — REPAIRED G2 OOF,7841,13224,interstitial,zero_residual_v1,64,0,1,,,,,,1,1
canonical,CANONICAL — REPAIRED G2 OOF,7842,13225,adsorbate,zero_residual_v1,64,0,1,,,,,,1,1
canonical,CANONICAL — REPAIRED G2 OOF,7843,13226,interstitial,zero_residual_v1,64,0,1,,,,,,1,1
canonical,CANONICAL — REPAIRED G2 OOF,7844,13227,adsorbate,zero_residual_v1,64,0,1,,,,,,1,1
canonical,CANONICAL — REPAIRED G2 OOF,7845,13228,adsorbate,zero_residual_v1,64,0,1,,,,,,1,1
canonical,CANONICAL — REPAIRED G2 OOF,7846,13229,adsorbate,zero_residual_v1,64,0,1,,,,,,1,1
canonical,CANONICAL — REPAIRED G2 OOF,7847,13230,adsorbate,zero_residual_v1,64,0,1,,,,,,1,1
canonical,CANONICAL — REPAIRED G2 OOF,7848,13231,adsorbate,zero_residual_v1,64,0,1,,,,,,1,1
canonical,CANONICAL — REPAIRED G2 OOF,7849,13232,adsorbate,zero_residual_v1,64,0,1,,,,,,1,1
canonical,CANONICAL — REPAIRED G2 OOF,7850,13235,adsorbate,zero_residual_v1,64,0,1,,,,,,1,1
canonical,CANONICAL — REPAIRED G2 OOF,7851,13236,adsorbate,zero_residual_v1,64,0,1,,,,,,1,1
canonical,CANONICAL — REPAIRED G2 OOF,7852,13237,interstitial,zero_residual_v1,64,0,1,,,,,,1,1
canonical,CANONICAL — REPAIRED G2 OOF,7853,13238,interstitial,zero_residual_v1,64,0,1,,,,,,1,1
canonical,CANONICAL — REPAIRED G2 OOF,7854,13239,adsorbate,zero_residual_v1,64,0,1,,,,,,1,1
canonical,CANONICAL — REPAIRED G2 OOF,7855,13240,adsorbate,zero_residual_v1,64,0,1,,,,,,1,1
canonical,CANONICAL — REPAIRED G2 OOF,7856,13242,interstitial,zero_residual_v1,64,0,1,,,,,,1,1
canonical,CANONICAL — REPAIRED G2 OOF,7857,13244,interstitial,zero_residual_v1,64,0,1,,,,,,1,1
canonical,CANONICAL — REPAIRED G2 OOF,7858,13245,adsorbate,zero_residual_v1,64,0,1,,,,,,1,1
canonical,CANONICAL — REPAIRED G2 OOF,7859,13247,adsorbate,zero_residual_v1,64,0,1,,,,,,1,1
canonical,CANONICAL — REPAIRED G2 OOF,7860,13248,adsorbate,zero_residual_v1,64,0,1,,,,,,1,1
canonical,CANONICAL — REPAIRED G2 OOF,7861,13249,adsorbate,zero_residual_v1,64,0,1,,,,,,1,1
canonical,CANONICAL — REPAIRED G2 OOF,7862,13250,interstitial,zero_residual_v1,64,0,1,,,,,,1,1
canonical,CANONICAL — REPAIRED G2 OOF,7863,13251,adsorbate,zero_residual_v1,64,0,1,,,,,,1,1
canonical,CANONICAL — REPAIRED G2 OOF,7864,13252,adsorbate,zero_residual_v1,64,0,1,,,,,,1,1
canonical,CANONICAL — REPAIRED G2 OOF,7865,13253,adsorbate,zero_residual_v1,64,0,1,,,,,,1,1
canonical,CANONICAL — REPAIRED G2 OOF,7866,13254,interstitial,zero_residual_v1,64,0,1,,,,,,1,1
canonical,CANONICAL — REPAIRED G2 OOF,7867,13255,adsorbate,zero_residual_v1,64,0,1,,,,,,1,1
canonical,CANONICAL — REPAIRED G2 OOF,7868,13258,adsorbate,zero_residual_v1,64,0,1,,,,,,1,1
canonical,CANONICAL — REPAIRED G2 OOF,7870,13261,adsorbate,zero_residual_v1,64,0,1,,,,,,1,1
canonical,CANONICAL — REPAIRED G2 OOF,7871,13262,interstitial,zero_residual_v1,64,0,1,,,,,,1,1
canonical,CANONICAL — REPAIRED G2 OOF,7872,13264,interstitial,zero_residual_v1,64,0,1,,,,,,1,1
canonical,CANONICAL — REPAIRED G2 OOF,7873,13267,adsorbate,zero_residual_v1,64,0,1,,,,,,1,1
canonical,CANONICAL — REPAIRED G2 OOF,7874,13268,adsorbate,zero_residual_v1,64,0,1,,,,,,1,1
canonical,CANONICAL — REPAIRED G2 OOF,7875,13269,adsorbate,zero_residual_v1,64,0,1,,,,,,1,1
canonical,CANONICAL — REPAIRED G2 OOF,7876,13270,adsorbate,zero_residual_v1,64,0,1,,,,,,1,1
canonical,CANONICAL — REPAIRED G2 OOF,7877,13273,adsorbate,zero_residual_v1,64,0,1,,,,,,1,1
canonical,CANONICAL — REPAIRED G2 OOF,7878,13274,adsorbate,zero_residual_v1,64,0,1,,,,,,1,1
canonical,CANONICAL — REPAIRED G2 OOF,7879,13275,adsorbate,zero_residual_v1,64,0,1,,,,,,1,1
canonical,CANONICAL — REPAIRED G2 OOF,7880,13276,adsorbate,zero_residual_v1,64,0,1,,,,,,1,1
canonical,CANONICAL — REPAIRED G2 OOF,7881,13278,adsorbate,zero_residual_v1,64,0,1,,,,,,1,1
canonical,CANONICAL — REPAIRED G2 OOF,7882,13280,interstitial,zero_residual_v1,64,0,1,,,,,,1,1
canonical,CANONICAL — REPAIRED G2 OOF,7883,13281,adsorbate,zero_residual_v1,64,0,1,,,,,,1,1
canonical,CANONICAL — REPAIRED G2 OOF,7884,13282,adsorbate,zero_residual_v1,64,0,1,,,,,,1,1
canonical,CANONICAL — REPAIRED G2 OOF,7885,13283,adsorbate,zero_residual_v1,64,0,1,,,,,,1,1
canonical,CANONICAL — REPAIRED G2 OOF,7886,13284,interstitial,zero_residual_v1,64,0,1,,,,,,1,1
canonical,CANONICAL — REPAIRED G2 OOF,7887,13285,adsorbate,zero_residual_v1,64,0,1,,,,,,1,1
canonical,CANONICAL — REPAIRED G2 OOF,7888,13287,adsorbate,zero_residual_v1,64,0,1,,,,,,1,1
canonical,CANONICAL — REPAIRED G2 OOF,7889,13288,adsorbate,zero_residual_v1,64,0,1,,,,,,1,1
canonical,CANONICAL — REPAIRED G2 OOF,7890,13289,adsorbate,zero_residual_v1,64,0,1,,,,,,1,1
canonical,CANONICAL — REPAIRED G2 OOF,7891,13291,adsorbate,zero_residual_v1,64,0,1,,,,,,1,1
canonical,CANONICAL — REPAIRED G2 OOF,7892,13292,adsorbate,zero_residual_v1,64,0,1,,,,,,1,1
canonical,CANONICAL — REPAIRED G2 OOF,7893,13295,adsorbate,zero_residual_v1,64,0,1,,,,,,1,1
canonical,CANONICAL — REPAIRED G2 OOF,7894,13296,adsorbate,zero_residual_v1,64,0,1,,,,,,1,1
canonical,CANONICAL — REPAIRED G2 OOF,7895,13297,adsorbate,zero_residual_v1,64,0,1,,,,,,1,1
canonical,CANONICAL — REPAIRED G2 OOF,7896,13298,interstitial,zero_residual_v1,64,0,1,,,,,,1,1
canonical,CANONICAL — REPAIRED G2 OOF,7897,13301,adsorbate,zero_residual_v1,64,0,1,,,,,,1,1
canonical,CANONICAL — REPAIRED G2 OOF,7898,13303,adsorbate,zero_residual_v1,64,0,1,,,,,,1,1
canonical,CANONICAL — REPAIRED G2 OOF,7899,13304,adsorbate,zero_residual_v1,64,0,1,,,,,,1,1
canonical,CANONICAL — REPAIRED G2 OOF,7900,13305,adsorbate,zero_residual_v1,64,0,1,,,,,,1,1
canonical,CANONICAL — REPAIRED G2 OOF,7901,13306,adsorbate,zero_residual_v1,64,0,1,,,,,,1,1
canonical,CANONICAL — REPAIRED G2 OOF,7902,13307,interstitial,zero_residual_v1,64,0,1,,,,,,1,1
canonical,CANONICAL — REPAIRED G2 OOF,7903,13309,adsorbate,zero_residual_v1,64,0,1,,,,,,1,1
canonical,CANONICAL — REPAIRED G2 OOF,7904,13310,adsorbate,zero_residual_v1,64,0,1,,,,,,1,1
canonical,CANONICAL — REPAIRED G2 OOF,7905,13312,adsorbate,zero_residual_v1,64,0,1,,,,,,1,1
canonical,CANONICAL — REPAIRED G2 OOF,7906,13313,interstitial,zero_residual_v1,64,0,1,,,,,,1,1
canonical,CANONICAL — REPAIRED G2 OOF,7907,13315,adsorbate,zero_residual_v1,64,0,1,,,,,,1,1
canonical,CANONICAL — REPAIRED G2 OOF,7908,13316,interstitial,zero_residual_v1,64,0,1,,,,,,1,1
canonical,CANONICAL — REPAIRED G2 OOF,7909,13317,adsorbate,zero_residual_v1,64,0,1,,,,,,1,1
canonical,CANONICAL — REPAIRED G2 OOF,7911,13319,adsorbate,zero_residual_v1,64,0,1,,,,,,1,1
canonical,CANONICAL — REPAIRED G2 OOF,7912,13320,adsorbate,zero_residual_v1,64,0,1,,,,,,1,1
canonical,CANONICAL — REPAIRED G2 OOF,7913,13321,interstitial,zero_residual_v1,64,0,1,,,,,,1,1
canonical,CANONICAL — REPAIRED G2 OOF,7914,13323,adsorbate,zero_residual_v1,64,0,1,,,,,,1,1
canonical,CANONICAL — REPAIRED G2 OOF,7915,13324,adsorbate,zero_residual_v1,64,0,1,,,,,,1,1
canonical,CANONICAL — REPAIRED G2 OOF,7916,13325,adsorbate,zero_residual_v1,64,1,1,,,,local_abs_covalent_radius_mismatch_A|local_abs_electronegativity_contrast|local_abs_valence_mismatch|local_signed_covalent_radius_mismatch_A|local_signed_electronegativity_mismatch|local_signed_valence_mismatch|neighbor_distance_std_A|postrelaxation_min_clearance_A,,1,1
canonical,CANONICAL — REPAIRED G2 OOF,7918,13329,adsorbate,zero_residual_v1,64,0,1,,,,,,1,1
canonical,CANONICAL — REPAIRED G2 OOF,7919,13330,interstitial,zero_residual_v1,64,0,1,,,,,,1,1
canonical,CANONICAL — REPAIRED G2 OOF,7920,13331,adsorbate,zero_residual_v1,64,0,1,,,,,,1,1
canonical,CANONICAL — REPAIRED G2 OOF,7921,13332,adsorbate,zero_residual_v1,64,0,1,,,,,,1,1
canonical,CANONICAL — REPAIRED G2 OOF,7922,13334,adsorbate,zero_residual_v1,64,0,1,,,,,,1,1
canonical,CANONICAL — REPAIRED G2 OOF,7923,13337,adsorbate,zero_residual_v1,64,0,1,,,,,,1,1
canonical,CANONICAL — REPAIRED G2 OOF,7924,13338,adsorbate,zero_residual_v1,64,0,1,,,,,,1,1
canonical,CANONICAL — REPAIRED G2 OOF,7925,13339,adsorbate,zero_residual_v1,64,0,1,,,,,,1,1
canonical,CANONICAL — REPAIRED G2 OOF,7926,13340,adsorbate,zero_residual_v1,64,0,1,,,,,,1,1
canonical,CANONICAL — REPAIRED G2 OOF,7927,13341,adsorbate,zero_residual_v1,64,0,1,,,,,,1,1
canonical,CANONICAL — REPAIRED G2 OOF,7928,13343,interstitial,zero_residual_v1,64,0,1,,,,,,1,1
canonical,CANONICAL — REPAIRED G2 OOF,7929,13344,adsorbate,zero_residual_v1,64,0,1,,,,,,1,1
canonical,CANONICAL — REPAIRED G2 OOF,7930,13345,interstitial,zero_residual_v1,64,0,1,,,,,,1,1
canonical,CANONICAL — REPAIRED G2 OOF,7931,13347,adsorbate,zero_residual_v1,64,0,1,,,,,,1,1
canonical,CANONICAL — REPAIRED G2 OOF,7932,13348,adsorbate,zero_residual_v1,64,0,1,,,,,,1,1
canonical,CANONICAL — REPAIRED G2 OOF,7933,13350,adsorbate,zero_residual_v1,64,0,1,,,,,,1,1
canonical,CANONICAL — REPAIRED G2 OOF,7934,13352,adsorbate,zero_residual_v1,64,0,1,,,,,,1,1
canonical,CANONICAL — REPAIRED G2 OOF,7935,13353,adsorbate,zero_residual_v1,64,0,1,,,,,,1,1
canonical,CANONICAL — REPAIRED G2 OOF,7936,13354,interstitial,zero_residual_v1,64,0,1,,,,,,1,1
canonical,CANONICAL — REPAIRED G2 OOF,7937,13355,adsorbate,zero_residual_v1,64,0,1,,,,,,1,1
canonical,CANONICAL — REPAIRED G2 OOF,7939,13358,adsorbate,zero_residual_v1,64,0,1,,,,,,1,1
canonical,CANONICAL — REPAIRED G2 OOF,7940,13359,adsorbate,zero_residual_v1,64,0,1,,,,,,1,1
canonical,CANONICAL — REPAIRED G2 OOF,7941,13360,adsorbate,zero_residual_v1,64,0,1,,,,,,1,1
canonical,CANONICAL — REPAIRED G2 OOF,7942,13362,interstitial,zero_residual_v1,64,0,1,,,,,,1,1
canonical,CANONICAL — REPAIRED G2 OOF,7943,13364,adsorbate,zero_residual_v1,64,0,1,,,,,,1,1
canonical,CANONICAL — REPAIRED G2 OOF,7944,13365,adsorbate,zero_residual_v1,64,0,1,,,,,,1,1
canonical,CANONICAL — REPAIRED G2 OOF,7945,13366,adsorbate,zero_residual_v1,64,0,1,,,,,,1,1
canonical,CANONICAL — REPAIRED G2 OOF,7946,13368,adsorbate,zero_residual_v1,64,0,1,,,,,,1,1
canonical,CANONICAL — REPAIRED G2 OOF,7947,13370,adsorbate,zero_residual_v1,64,0,1,,,,,,1,1
canonical,CANONICAL — REPAIRED G2 OOF,7948,13371,interstitial,zero_residual_v1,64,0,1,,,,,,1,1
canonical,CANONICAL — REPAIRED G2 OOF,7949,13372,adsorbate,zero_residual_v1,64,0,1,,,,,,1,1
canonical,CANONICAL — REPAIRED G2 OOF,7950,13374,adsorbate,zero_residual_v1,64,0,1,,,,,,1,1
canonical,CANONICAL — REPAIRED G2 OOF,7951,13375,adsorbate,zero_residual_v1,64,0,1,,,,,,1,1
canonical,CANONICAL — REPAIRED G2 OOF,7952,13376,adsorbate,zero_residual_v1,64,0,1,,,,,,1,1
canonical,CANONICAL — REPAIRED G2 OOF,7953,13378,adsorbate,zero_residual_v1,64,0,1,,,,,,1,1
canonical,CANONICAL — REPAIRED G2 OOF,7954,13379,interstitial,zero_residual_v1,64,0,1,,,,,,1,1
canonical,CANONICAL — REPAIRED G2 OOF,7955,13380,adsorbate,zero_residual_v1,64,0,1,,,,,,1,1
canonical,CANONICAL — REPAIRED G2 OOF,7956,13381,adsorbate,zero_residual_v1,64,0,1,,,,,,1,1
canonical,CANONICAL — REPAIRED G2 OOF,7957,13382,adsorbate,zero_residual_v1,64,0,1,,,,,,1,1
canonical,CANONICAL — REPAIRED G2 OOF,7958,13384,interstitial,zero_residual_v1,64,0,1,,,,,,1,1
canonical,CANONICAL — REPAIRED G2 OOF,7959,13385,adsorbate,zero_residual_v1,64,0,1,,,,,,1,1
canonical,CANONICAL — REPAIRED G2 OOF,7960,13387,adsorbate,zero_residual_v1,64,0,1,,,,,,1,1
canonical,CANONICAL — REPAIRED G2 OOF,7961,13388,interstitial,zero_residual_v1,64,0,1,,,,,,1,1
canonical,CANONICAL — REPAIRED G2 OOF,7962,13392,adsorbate,zero_residual_v1,64,0,1,,,,,,1,1
canonical,CANONICAL — REPAIRED G2 OOF,7963,13395,interstitial,zero_residual_v1,64,0,1,,,,,,1,1
canonical,CANONICAL — REPAIRED G2 OOF,7964,13397,adsorbate,zero_residual_v1,64,0,1,,,,,,1,1
canonical,CANONICAL — REPAIRED G2 OOF,7966,13399,adsorbate,zero_residual_v1,64,0,1,,,,,,1,1
canonical,CANONICAL — REPAIRED G2 OOF,7967,13400,adsorbate,zero_residual_v1,64,0,1,,,,,,1,1
canonical,CANONICAL — REPAIRED G2 OOF,7968,13401,adsorbate,zero_residual_v1,64,0,1,,,,,,1,1
canonical,CANONICAL — REPAIRED G2 OOF,7969,13402,interstitial,zero_residual_v1,64,0,1,,,,,,1,1
canonical,CANONICAL — REPAIRED G2 OOF,7970,13405,interstitial,zero_residual_v1,64,0,1,,,,,,1,1
canonical,CANONICAL — REPAIRED G2 OOF,7971,13406,interstitial,zero_residual_v1,64,0,1,,,,,,1,1
canonical,CANONICAL — REPAIRED G2 OOF,7972,13408,adsorbate,zero_residual_v1,64,0,1,,,,,,1,1
canonical,CANONICAL — REPAIRED G2 OOF,7973,13409,adsorbate,zero_residual_v1,64,0,1,,,,,,1,1
canonical,CANONICAL — REPAIRED G2 OOF,7974,13410,interstitial,zero_residual_v1,64,0,1,,,,,,1,1
canonical,CANONICAL — REPAIRED G2 OOF,7975,13412,adsorbate,zero_residual_v1,64,0,1,,,,,,1,1
canonical,CANONICAL — REPAIRED G2 OOF,7976,13413,adsorbate,zero_residual_v1,64,0,1,,,,,,1,1
canonical,CANONICAL — REPAIRED G2 OOF,7977,13418,adsorbate,zero_residual_v1,64,0,1,,,,,,1,1
canonical,CANONICAL — REPAIRED G2 OOF,7978,13419,interstitial,zero_residual_v1,64,0,1,,,,,,1,1
canonical,CANONICAL — REPAIRED G2 OOF,7979,13420,adsorbate,zero_residual_v1,64,0,1,,,,,,1,1
canonical,CANONICAL — REPAIRED G2 OOF,7980,13422,adsorbate,zero_residual_v1,64,0,1,,,,,,1,1
canonical,CANONICAL — REPAIRED G2 OOF,7981,13424,adsorbate,zero_residual_v1,64,0,1,,,,,,1,1
canonical,CANONICAL — REPAIRED G2 OOF,7982,13425,adsorbate,zero_residual_v1,64,0,1,,,,,,1,1
canonical,CANONICAL — REPAIRED G2 OOF,7983,13426,adsorbate,zero_residual_v1,64,0,1,,,,,,1,1
canonical,CANONICAL — REPAIRED G2 OOF,7984,13429,interstitial,zero_residual_v1,64,0,1,,,,,,1,1
canonical,CANONICAL — REPAIRED G2 OOF,7985,13430,adsorbate,zero_residual_v1,64,0,1,,,,,,1,1
canonical,CANONICAL — REPAIRED G2 OOF,7986,13431,adsorbate,zero_residual_v1,64,0,1,,,,,,1,1
canonical,CANONICAL — REPAIRED G2 OOF,7987,13432,adsorbate,zero_residual_v1,64,0,1,,,,,,1,1
canonical,CANONICAL — REPAIRED G2 OOF,7988,13433,adsorbate,zero_residual_v1,64,0,1,,,,,,1,1
canonical,CANONICAL — REPAIRED G2 OOF,7989,13435,adsorbate,zero_residual_v1,64,0,1,,,,,,1,1
canonical,CANONICAL — REPAIRED G2 OOF,7990,13436,adsorbate,zero_residual_v1,64,0,1,,,,,,1,1
canonical,CANONICAL — REPAIRED G2 OOF,7991,13437,adsorbate,zero_residual_v1,64,0,1,,,,,,1,1
canonical,CANONICAL — REPAIRED G2 OOF,7992,13439,adsorbate,zero_residual_v1,64,0,1,,,,,,1,1
canonical,CANONICAL — REPAIRED G2 OOF,7993,13440,adsorbate,zero_residual_v1,64,0,1,,,,,,1,1
canonical,CANONICAL — REPAIRED G2 OOF,7994,13442,interstitial,zero_residual_v1,64,0,1,,,,,,1,1
canonical,CANONICAL — REPAIRED G2 OOF,7995,13444,adsorbate,zero_residual_v1,64,0,1,,,,,,1,1
canonical,CANONICAL — REPAIRED G2 OOF,7996,13445,adsorbate,zero_residual_v1,64,0,1,,,,,,1,1
canonical,CANONICAL — REPAIRED G2 OOF,7997,13448,adsorbate,zero_residual_v1,64,0,1,,,,,,1,1
canonical,CANONICAL — REPAIRED G2 OOF,7998,13449,adsorbate,zero_residual_v1,64,0,1,,,,,,1,1
canonical,CANONICAL — REPAIRED G2 OOF,7999,13450,adsorbate,zero_residual_v1,64,0,1,,,,,,1,1
canonical,CANONICAL — REPAIRED G2 OOF,8000,13451,interstitial,zero_residual_v1,64,0,1,,,,,,1,1
canonical,CANONICAL — REPAIRED G2 OOF,8001,13452,adsorbate,zero_residual_v1,64,0,1,,,,,,1,1
canonical,CANONICAL — REPAIRED G2 OOF,8002,13455,interstitial,zero_residual_v1,64,0,1,,,,,,1,1
canonical,CANONICAL — REPAIRED G2 OOF,8003,13456,adsorbate,zero_residual_v1,64,0,1,,,,,,1,1
canonical,CANONICAL — REPAIRED G2 OOF,8004,13457,interstitial,zero_residual_v1,64,0,1,,,,,,1,1
canonical,CANONICAL — REPAIRED G2 OOF,8005,13458,adsorbate,zero_residual_v1,64,0,1,,,,,,1,1
canonical,CANONICAL — REPAIRED G2 OOF,8006,13459,interstitial,zero_residual_v1,64,0,1,,,,,,1,1
canonical,CANONICAL — REPAIRED G2 OOF,8007,13460,interstitial,zero_residual_v1,64,0,1,,,,,,1,1
canonical,CANONICAL — REPAIRED G2 OOF,8008,13462,adsorbate,zero_residual_v1,64,0,1,,,,,,1,1
canonical,CANONICAL — REPAIRED G2 OOF,8009,13467,interstitial,zero_residual_v1,64,0,1,,,,,,1,1
canonical,CANONICAL — REPAIRED G2 OOF,8010,13468,adsorbate,zero_residual_v1,64,0,1,,,,,,1,1
canonical,CANONICAL — REPAIRED G2 OOF,8011,13470,interstitial,zero_residual_v1,64,0,1,,,,,,1,1
canonical,CANONICAL — REPAIRED G2 OOF,8012,13471,interstitial,zero_residual_v1,64,0,1,,,,,,1,1
canonical,CANONICAL — REPAIRED G2 OOF,8013,13472,adsorbate,zero_residual_v1,64,0,1,,,,,,1,1
canonical,CANONICAL — REPAIRED G2 OOF,8014,13473,adsorbate,zero_residual_v1,64,0,1,,,,,,1,1
canonical,CANONICAL — REPAIRED G2 OOF,8015,13474,adsorbate,zero_residual_v1,64,0,1,,,,,,1,1
canonical,CANONICAL — REPAIRED G2 OOF,8016,13476,adsorbate,zero_residual_v1,64,0,1,,,,,,1,1
canonical,CANONICAL — REPAIRED G2 OOF,8017,13479,adsorbate,zero_residual_v1,64,0,1,,,,,,1,1
canonical,CANONICAL — REPAIRED G2 OOF,8018,13480,adsorbate,zero_residual_v1,64,0,1,,,,,,1,1
canonical,CANONICAL — REPAIRED G2 OOF,8019,13481,interstitial,zero_residual_v1,64,0,1,,,,,,1,1
canonical,CANONICAL — REPAIRED G2 OOF,8020,13482,adsorbate,zero_residual_v1,64,0,1,,,,,,1,1
canonical,CANONICAL — REPAIRED G2 OOF,8021,13484,adsorbate,zero_residual_v1,64,0,1,,,,,,1,1
canonical,CANONICAL — REPAIRED G2 OOF,8022,13485,adsorbate,zero_residual_v1,64,0,1,,,,,,1,1
canonical,CANONICAL — REPAIRED G2 OOF,8023,13486,adsorbate,zero_residual_v1,64,0,1,,,,,,1,1
canonical,CANONICAL — REPAIRED G2 OOF,8024,13487,adsorbate,zero_residual_v1,64,0,1,,,,,,1,1
canonical,CANONICAL — REPAIRED G2 OOF,8025,13490,adsorbate,zero_residual_v1,64,0,1,,,,,,1,1
canonical,CANONICAL — REPAIRED G2 OOF,8026,13491,interstitial,zero_residual_v1,64,0,1,,,,,,1,1
canonical,CANONICAL — REPAIRED G2 OOF,8027,13494,adsorbate,zero_residual_v1,64,0,1,,,,,,1,1
canonical,CANONICAL — REPAIRED G2 OOF,8028,13499,adsorbate,zero_residual_v1,64,0,1,,,,,,1,1
canonical,CANONICAL — REPAIRED G2 OOF,8029,13500,interstitial,zero_residual_v1,64,0,1,,,,,,1,1
canonical,CANONICAL — REPAIRED G2 OOF,8030,13501,adsorbate,zero_residual_v1,64,0,1,,,,,,1,1
canonical,CANONICAL — REPAIRED G2 OOF,8031,13502,adsorbate,zero_residual_v1,64,0,1,,,,,,1,1
canonical,CANONICAL — REPAIRED G2 OOF,8032,13504,adsorbate,zero_residual_v1,64,0,1,,,,,,1,1
canonical,CANONICAL — REPAIRED G2 OOF,8033,13506,interstitial,zero_residual_v1,64,0,1,,,,,,1,1
canonical,CANONICAL — REPAIRED G2 OOF,8034,13508,interstitial,zero_residual_v1,64,0,1,,,,,,1,1
canonical,CANONICAL — REPAIRED G2 OOF,8035,13512,adsorbate,zero_residual_v1,64,0,1,,,,,,1,1
canonical,CANONICAL — REPAIRED G2 OOF,8036,13514,adsorbate,zero_residual_v1,64,0,1,,,,,,1,1
canonical,CANONICAL — REPAIRED G2 OOF,8037,13515,interstitial,zero_residual_v1,64,0,1,,,,,,1,1
canonical,CANONICAL — REPAIRED G2 OOF,8038,13516,adsorbate,zero_residual_v1,64,0,1,,,,,,1,1
canonical,CANONICAL — REPAIRED G2 OOF,8039,13518,adsorbate,zero_residual_v1,64,0,1,,,,,,1,1
canonical,CANONICAL — REPAIRED G2 OOF,8040,13519,adsorbate,zero_residual_v1,64,0,1,,,,,,1,1
canonical,CANONICAL — REPAIRED G2 OOF,8041,13520,adsorbate,zero_residual_v1,64,0,1,,,,,,1,1
canonical,CANONICAL — REPAIRED G2 OOF,8042,13523,adsorbate,zero_residual_v1,64,0,1,,,,,,1,1
canonical,CANONICAL — REPAIRED G2 OOF,8043,13525,interstitial,zero_residual_v1,64,0,1,,,,,,1,1
canonical,CANONICAL — REPAIRED G2 OOF,8044,13530,interstitial,zero_residual_v1,64,0,1,,,,,,1,1
canonical,CANONICAL — REPAIRED G2 OOF,8045,13537,interstitial,zero_residual_v1,64,0,1,,,,,,1,1
canonical,CANONICAL — REPAIRED G2 OOF,8046,13539,adsorbate,zero_residual_v1,64,0,1,,,,,,1,1
canonical,CANONICAL — REPAIRED G2 OOF,8047,13540,adsorbate,zero_residual_v1,64,0,1,,,,,,1,1
canonical,CANONICAL — REPAIRED G2 OOF,8048,13543,adsorbate,zero_residual_v1,64,0,1,,,,,,1,1
canonical,CANONICAL — REPAIRED G2 OOF,8049,13544,adsorbate,zero_residual_v1,64,0,1,,,,,,1,1
canonical,CANONICAL — REPAIRED G2 OOF,8050,13546,adsorbate,zero_residual_v1,64,0,1,,,,,,1,1
canonical,CANONICAL — REPAIRED G2 OOF,8051,13547,adsorbate,zero_residual_v1,64,0,1,,,,,,1,1
canonical,CANONICAL — REPAIRED G2 OOF,8052,13548,interstitial,zero_residual_v1,64,0,1,,,,,,1,1
canonical,CANONICAL — REPAIRED G2 OOF,8053,13549,interstitial,zero_residual_v1,64,0,1,,,,,,1,1
canonical,CANONICAL — REPAIRED G2 OOF,8054,13550,interstitial,zero_residual_v1,64,0,1,,,,,,1,1
canonical,CANONICAL — REPAIRED G2 OOF,8055,13551,interstitial,zero_residual_v1,64,0,1,,,,,,1,1
canonical,CANONICAL — REPAIRED G2 OOF,8056,13552,adsorbate,zero_residual_v1,64,0,1,,,,,,1,1
canonical,CANONICAL — REPAIRED G2 OOF,8057,13555,adsorbate,zero_residual_v1,64,0,1,,,,,,1,1
canonical,CANONICAL — REPAIRED G2 OOF,8058,13560,interstitial,zero_residual_v1,64,0,1,,,,,,1,1
canonical,CANONICAL — REPAIRED G2 OOF,8059,13564,adsorbate,zero_residual_v1,64,0,1,,,,,,1,1
canonical,CANONICAL — REPAIRED G2 OOF,8060,13566,interstitial,zero_residual_v1,64,0,1,,,,,,1,1
canonical,CANONICAL — REPAIRED G2 OOF,8061,13567,adsorbate,zero_residual_v1,64,0,1,,,,,,1,1
canonical,CANONICAL — REPAIRED G2 OOF,8062,13568,adsorbate,zero_residual_v1,64,0,1,,,,,,1,1
canonical,CANONICAL — REPAIRED G2 OOF,8063,13569,adsorbate,zero_residual_v1,64,0,1,,,,,,1,1
canonical,CANONICAL — REPAIRED G2 OOF,8064,13571,interstitial,zero_residual_v1,64,0,1,,,,,,1,1
canonical,CANONICAL — REPAIRED G2 OOF,8065,13573,adsorbate,zero_residual_v1,64,0,1,,,,,,1,1
canonical,CANONICAL — REPAIRED G2 OOF,8066,13574,adsorbate,zero_residual_v1,64,0,1,,,,,,1,1
canonical,CANONICAL — REPAIRED G2 OOF,8067,13575,adsorbate,zero_residual_v1,64,0,1,,,,,,1,1
canonical,CANONICAL — REPAIRED G2 OOF,8068,13576,adsorbate,zero_residual_v1,64,0,1,,,,,,1,1
canonical,CANONICAL — REPAIRED G2 OOF,8069,13577,interstitial,zero_residual_v1,64,0,1,,,,,,1,1
canonical,CANONICAL — REPAIRED G2 OOF,8070,13578,interstitial,zero_residual_v1,64,0,1,,,,,,1,1
canonical,CANONICAL — REPAIRED G2 OOF,8071,13581,adsorbate,zero_residual_v1,64,0,1,,,,,,1,1
canonical,CANONICAL — REPAIRED G2 OOF,8072,13583,adsorbate,zero_residual_v1,64,0,1,,,,,,1,1
canonical,CANONICAL — REPAIRED G2 OOF,8073,13587,adsorbate,zero_residual_v1,64,0,1,,,,,,1,1
canonical,CANONICAL — REPAIRED G2 OOF,8074,13591,interstitial,zero_residual_v1,64,0,1,,,,,,1,1
canonical,CANONICAL — REPAIRED G2 OOF,8075,13592,adsorbate,zero_residual_v1,64,0,1,,,,,,1,1
canonical,CANONICAL — REPAIRED G2 OOF,8076,13593,interstitial,zero_residual_v1,64,0,1,,,,,,1,1
canonical,CANONICAL — REPAIRED G2 OOF,8077,13594,adsorbate,zero_residual_v1,64,0,1,,,,,,1,1
canonical,CANONICAL — REPAIRED G2 OOF,8078,13595,interstitial,zero_residual_v1,64,0,1,,,,,,1,1
canonical,CANONICAL — REPAIRED G2 OOF,8079,13596,adsorbate,zero_residual_v1,64,0,1,,,,,,1,1
canonical,CANONICAL — REPAIRED G2 OOF,8080,13599,adsorbate,zero_residual_v1,64,0,1,,,,,,1,1
canonical,CANONICAL — REPAIRED G2 OOF,8081,13601,adsorbate,zero_residual_v1,64,0,1,,,,,,1,1
canonical,CANONICAL — REPAIRED G2 OOF,8082,13602,adsorbate,zero_residual_v1,64,0,1,,,,,,1,1
canonical,CANONICAL — REPAIRED G2 OOF,8083,13603,adsorbate,zero_residual_v1,64,0,1,,,,,,1,1
canonical,CANONICAL — REPAIRED G2 OOF,8084,13605,adsorbate,zero_residual_v1,64,0,1,,,,,,1,1
canonical,CANONICAL — REPAIRED G2 OOF,8086,13611,interstitial,zero_residual_v1,64,0,1,,,,,,1,1
canonical,CANONICAL — REPAIRED G2 OOF,8087,13613,adsorbate,zero_residual_v1,64,0,1,,,,,,1,1
canonical,CANONICAL — REPAIRED G2 OOF,8088,13614,adsorbate,zero_residual_v1,64,0,1,,,,,,1,1
canonical,CANONICAL — REPAIRED G2 OOF,8089,13615,interstitial,zero_residual_v1,64,0,1,,,,,,1,1
canonical,CANONICAL — REPAIRED G2 OOF,8090,13616,interstitial,zero_residual_v1,64,0,1,,,,,,1,1
canonical,CANONICAL — REPAIRED G2 OOF,8091,13617,adsorbate,zero_residual_v1,64,0,1,,,,,,1,1
canonical,CANONICAL — REPAIRED G2 OOF,8092,13620,interstitial,zero_residual_v1,64,0,1,,,,,,1,1
canonical,CANONICAL — REPAIRED G2 OOF,8093,13621,interstitial,zero_residual_v1,64,0,1,,,,,,1,1
canonical,CANONICAL — REPAIRED G2 OOF,8094,13623,interstitial,zero_residual_v1,64,0,1,,,,,,1,1
canonical,CANONICAL — REPAIRED G2 OOF,8095,13624,interstitial,zero_residual_v1,64,0,1,,,,,,1,1
canonical,CANONICAL — REPAIRED G2 OOF,8096,13625,adsorbate,zero_residual_v1,64,0,1,,,,,,1,1
canonical,CANONICAL — REPAIRED G2 OOF,8097,13627,adsorbate,zero_residual_v1,64,0,1,,,,,,1,1
canonical,CANONICAL — REPAIRED G2 OOF,8098,13629,adsorbate,zero_residual_v1,64,0,1,,,,,,1,1
canonical,CANONICAL — REPAIRED G2 OOF,8099,13630,adsorbate,zero_residual_v1,64,0,1,,,,,,1,1
canonical,CANONICAL — REPAIRED G2 OOF,8100,13631,interstitial,zero_residual_v1,64,0,1,,,,,,1,1
canonical,CANONICAL — REPAIRED G2 OOF,8101,13632,adsorbate,zero_residual_v1,64,0,1,,,,,,1,1
canonical,CANONICAL — REPAIRED G2 OOF,8102,13633,adsorbate,zero_residual_v1,64,0,1,,,,,,1,1
canonical,CANONICAL — REPAIRED G2 OOF,8103,13634,adsorbate,zero_residual_v1,64,0,1,,,,,,1,1
canonical,CANONICAL — REPAIRED G2 OOF,8104,13635,interstitial,zero_residual_v1,64,0,1,,,,,,1,1
canonical,CANONICAL — REPAIRED G2 OOF,8105,13638,adsorbate,zero_residual_v1,64,0,1,,,,,,1,1
canonical,CANONICAL — REPAIRED G2 OOF,8106,13641,adsorbate,zero_residual_v1,64,0,1,,,,,,1,1
canonical,CANONICAL — REPAIRED G2 OOF,8107,13643,adsorbate,zero_residual_v1,64,0,1,,,,,,1,1
canonical,CANONICAL — REPAIRED G2 OOF,8108,13645,adsorbate,zero_residual_v1,64,0,1,,,,,,1,1
canonical,CANONICAL — REPAIRED G2 OOF,8109,13648,interstitial,zero_residual_v1,64,0,1,,,,,,1,1
canonical,CANONICAL — REPAIRED G2 OOF,8110,13650,adsorbate,zero_residual_v1,64,0,1,,,,,,1,1
canonical,CANONICAL — REPAIRED G2 OOF,8111,13652,interstitial,zero_residual_v1,64,0,1,,,,,,1,1
canonical,CANONICAL — REPAIRED G2 OOF,8112,13653,adsorbate,zero_residual_v1,64,0,1,,,,,,1,1
canonical,CANONICAL — REPAIRED G2 OOF,8113,13654,interstitial,zero_residual_v1,64,0,1,,,,,,1,1
canonical,CANONICAL — REPAIRED G2 OOF,8114,13657,interstitial,zero_residual_v1,64,0,1,,,,,,1,1
canonical,CANONICAL — REPAIRED G2 OOF,8115,13658,adsorbate,zero_residual_v1,64,0,1,,,,,,1,1
canonical,CANONICAL — REPAIRED G2 OOF,8116,13659,interstitial,zero_residual_v1,64,0,1,,,,,,1,1
canonical,CANONICAL — REPAIRED G2 OOF,8117,13660,adsorbate,zero_residual_v1,64,0,1,,,,,,1,1
canonical,CANONICAL — REPAIRED G2 OOF,8118,13661,adsorbate,zero_residual_v1,64,0,1,,,,,,1,1
canonical,CANONICAL — REPAIRED G2 OOF,8119,13662,interstitial,zero_residual_v1,64,0,1,,,,,,1,1
canonical,CANONICAL — REPAIRED G2 OOF,8120,13664,adsorbate,zero_residual_v1,64,0,1,,,,,,1,1
canonical,CANONICAL — REPAIRED G2 OOF,8121,13665,interstitial,zero_residual_v1,64,0,1,,,,,,1,1
canonical,CANONICAL — REPAIRED G2 OOF,8122,13666,adsorbate,zero_residual_v1,64,0,1,,,,,,1,1
canonical,CANONICAL — REPAIRED G2 OOF,8123,13667,adsorbate,zero_residual_v1,64,0,1,,,,,,1,1
canonical,CANONICAL — REPAIRED G2 OOF,8124,13670,adsorbate,zero_residual_v1,64,0,1,,,,,,1,1
canonical,CANONICAL — REPAIRED G2 OOF,8125,13671,interstitial,zero_residual_v1,64,0,1,,,,,,1,1
canonical,CANONICAL — REPAIRED G2 OOF,8126,13673,adsorbate,zero_residual_v1,64,0,1,,,,,,1,1
canonical,CANONICAL — REPAIRED G2 OOF,8127,13674,adsorbate,zero_residual_v1,64,0,1,,,,,,1,1
canonical,CANONICAL — REPAIRED G2 OOF,8128,13675,interstitial,zero_residual_v1,64,0,1,,,,,,1,1
canonical,CANONICAL — REPAIRED G2 OOF,8129,13676,adsorbate,zero_residual_v1,64,0,1,,,,,,1,1
canonical,CANONICAL — REPAIRED G2 OOF,8130,13677,adsorbate,zero_residual_v1,64,0,1,,,,,,1,1
canonical,CANONICAL — REPAIRED G2 OOF,8131,13678,adsorbate,zero_residual_v1,64,0,1,,,,,,1,1
canonical,CANONICAL — REPAIRED G2 OOF,8132,13682,adsorbate,zero_residual_v1,64,0,1,,,,,,1,1
canonical,CANONICAL — REPAIRED G2 OOF,8133,13684,adsorbate,zero_residual_v1,64,0,1,,,,,,1,1
canonical,CANONICAL — REPAIRED G2 OOF,8135,13686,adsorbate,zero_residual_v1,64,0,1,,,,,,1,1
canonical,CANONICAL — REPAIRED G2 OOF,8136,13687,adsorbate,zero_residual_v1,64,0,1,,,,,,1,1
canonical,CANONICAL — REPAIRED G2 OOF,8137,13688,adsorbate,zero_residual_v1,64,0,1,,,,,,1,1
canonical,CANONICAL — REPAIRED G2 OOF,8138,13690,interstitial,zero_residual_v1,64,0,1,,,,,,1,1
canonical,CANONICAL — REPAIRED G2 OOF,8139,13691,adsorbate,zero_residual_v1,64,0,1,,,,,,1,1
canonical,CANONICAL — REPAIRED G2 OOF,8141,13693,adsorbate,zero_residual_v1,64,0,1,,,,,,1,1
canonical,CANONICAL — REPAIRED G2 OOF,8142,13694,adsorbate,zero_residual_v1,64,0,1,,,,,,1,1
canonical,CANONICAL — REPAIRED G2 OOF,8143,13695,adsorbate,zero_residual_v1,64,0,1,,,,,,1,1
canonical,CANONICAL — REPAIRED G2 OOF,8144,13697,adsorbate,zero_residual_v1,64,0,1,,,,,,1,1
canonical,CANONICAL — REPAIRED G2 OOF,8145,13698,adsorbate,zero_residual_v1,64,0,1,,,,,,1,1
canonical,CANONICAL — REPAIRED G2 OOF,8146,13699,interstitial,zero_residual_v1,64,0,1,,,,,,1,1
canonical,CANONICAL — REPAIRED G2 OOF,8147,13700,adsorbate,zero_residual_v1,64,0,1,,,,,,1,1
canonical,CANONICAL — REPAIRED G2 OOF,8148,13702,adsorbate,zero_residual_v1,64,0,1,,,,,,1,1
canonical,CANONICAL — REPAIRED G2 OOF,8149,13705,interstitial,zero_residual_v1,64,0,1,,,,,,1,1
canonical,CANONICAL — REPAIRED G2 OOF,8150,13707,interstitial,zero_residual_v1,64,0,1,,,,,,1,1
canonical,CANONICAL — REPAIRED G2 OOF,8151,13708,adsorbate,zero_residual_v1,64,0,1,,,,,,1,1
canonical,CANONICAL — REPAIRED G2 OOF,8152,13710,adsorbate,zero_residual_v1,64,0,1,,,,,,1,1
canonical,CANONICAL — REPAIRED G2 OOF,8153,13711,interstitial,zero_residual_v1,64,0,1,,,,,,1,1
canonical,CANONICAL — REPAIRED G2 OOF,8154,13712,adsorbate,zero_residual_v1,64,0,1,,,,,,1,1
canonical,CANONICAL — REPAIRED G2 OOF,8155,13715,interstitial,zero_residual_v1,64,0,1,,,,,,1,1
canonical,CANONICAL — REPAIRED G2 OOF,8156,13717,adsorbate,zero_residual_v1,64,0,1,,,,,,1,1
canonical,CANONICAL — REPAIRED G2 OOF,8157,13721,interstitial,zero_residual_v1,64,0,1,,,,,,1,1
canonical,CANONICAL — REPAIRED G2 OOF,8158,13722,adsorbate,zero_residual_v1,64,0,1,,,,,,1,1
canonical,CANONICAL — REPAIRED G2 OOF,8159,13723,adsorbate,zero_residual_v1,64,0,1,,,,,,1,1
canonical,CANONICAL — REPAIRED G2 OOF,8160,13724,interstitial,zero_residual_v1,64,0,1,,,,,,1,1
canonical,CANONICAL — REPAIRED G2 OOF,8161,13725,adsorbate,zero_residual_v1,64,0,1,,,,,,1,1
canonical,CANONICAL — REPAIRED G2 OOF,8162,13727,adsorbate,zero_residual_v1,64,0,1,,,,,,1,1
canonical,CANONICAL — REPAIRED G2 OOF,8163,13728,interstitial,zero_residual_v1,64,0,1,,,,,,1,1
canonical,CANONICAL — REPAIRED G2 OOF,8164,13729,adsorbate,zero_residual_v1,64,0,1,,,,,,1,1
canonical,CANONICAL — REPAIRED G2 OOF,8165,13730,adsorbate,zero_residual_v1,64,0,1,,,,,,1,1
canonical,CANONICAL — REPAIRED G2 OOF,8166,13732,adsorbate,zero_residual_v1,64,0,1,,,,,,1,1
canonical,CANONICAL — REPAIRED G2 OOF,8167,13734,adsorbate,zero_residual_v1,64,0,1,,,,,,1,1
canonical,CANONICAL — REPAIRED G2 OOF,8168,13735,adsorbate,zero_residual_v1,64,0,1,,,,,,1,1
canonical,CANONICAL — REPAIRED G2 OOF,8169,13739,interstitial,zero_residual_v1,64,0,1,,,,,,1,1
canonical,CANONICAL — REPAIRED G2 OOF,8170,13740,interstitial,zero_residual_v1,64,0,1,,,,,,1,1
canonical,CANONICAL — REPAIRED G2 OOF,8171,13742,adsorbate,zero_residual_v1,64,0,1,,,,,,1,1
canonical,CANONICAL — REPAIRED G2 OOF,8172,13743,adsorbate,zero_residual_v1,64,0,1,,,,,,1,1
canonical,CANONICAL — REPAIRED G2 OOF,8173,13744,interstitial,zero_residual_v1,64,0,1,,,,,,1,1
canonical,CANONICAL — REPAIRED G2 OOF,8174,13745,adsorbate,zero_residual_v1,64,0,1,,,,,,1,1
canonical,CANONICAL — REPAIRED G2 OOF,8175,13746,adsorbate,zero_residual_v1,64,0,1,,,,,,1,1
canonical,CANONICAL — REPAIRED G2 OOF,8176,13747,adsorbate,zero_residual_v1,64,0,1,,,,,,1,1
canonical,CANONICAL — REPAIRED G2 OOF,8177,13748,interstitial,zero_residual_v1,64,0,1,,,,,,1,1
canonical,CANONICAL — REPAIRED G2 OOF,8178,13749,adsorbate,zero_residual_v1,64,0,1,,,,,,1,1
canonical,CANONICAL — REPAIRED G2 OOF,8179,13750,adsorbate,zero_residual_v1,64,0,1,,,,,,1,1
canonical,CANONICAL — REPAIRED G2 OOF,8181,13756,interstitial,zero_residual_v1,64,0,1,,,,,,1,1
canonical,CANONICAL — REPAIRED G2 OOF,8182,13758,interstitial,zero_residual_v1,64,0,1,,,,,,1,1
canonical,CANONICAL — REPAIRED G2 OOF,8183,13762,interstitial,zero_residual_v1,64,0,1,,,,,,1,1
canonical,CANONICAL — REPAIRED G2 OOF,8184,13764,adsorbate,zero_residual_v1,64,0,1,,,,,,1,1
canonical,CANONICAL — REPAIRED G2 OOF,8185,13765,adsorbate,zero_residual_v1,64,0,1,,,,,,1,1
canonical,CANONICAL — REPAIRED G2 OOF,8186,13766,adsorbate,zero_residual_v1,64,0,1,,,,,,1,1
canonical,CANONICAL — REPAIRED G2 OOF,8187,13767,adsorbate,zero_residual_v1,64,0,1,,,,,,1,1
canonical,CANONICAL — REPAIRED G2 OOF,8188,13768,adsorbate,zero_residual_v1,64,0,1,,,,,,1,1
canonical,CANONICAL — REPAIRED G2 OOF,8189,13773,adsorbate,zero_residual_v1,64,0,1,,,,,,1,1
canonical,CANONICAL — REPAIRED G2 OOF,8190,13774,interstitial,zero_residual_v1,64,0,1,,,,,,1,1
canonical,CANONICAL — REPAIRED G2 OOF,8191,13775,adsorbate,zero_residual_v1,64,0,1,,,,,,1,1
canonical,CANONICAL — REPAIRED G2 OOF,8192,13776,interstitial,zero_residual_v1,64,0,1,,,,,,1,1
canonical,CANONICAL — REPAIRED G2 OOF,8193,13777,interstitial,zero_residual_v1,64,0,1,,,,,,1,1
canonical,CANONICAL — REPAIRED G2 OOF,8194,13781,adsorbate,zero_residual_v1,64,0,1,,,,,,1,1
canonical,CANONICAL — REPAIRED G2 OOF,8195,13782,adsorbate,zero_residual_v1,64,0,1,,,,,,1,1
canonical,CANONICAL — REPAIRED G2 OOF,8196,13784,adsorbate,zero_residual_v1,64,0,1,,,,,,1,1
canonical,CANONICAL — REPAIRED G2 OOF,8197,13785,adsorbate,zero_residual_v1,64,0,1,,,,,,1,1
canonical,CANONICAL — REPAIRED G2 OOF,8198,13787,adsorbate,zero_residual_v1,64,0,1,,,,,,1,1
canonical,CANONICAL — REPAIRED G2 OOF,8199,13788,adsorbate,zero_residual_v1,64,0,1,,,,,,1,1
canonical,CANONICAL — REPAIRED G2 OOF,8200,13789,adsorbate,zero_residual_v1,64,0,1,,,,,,1,1
canonical,CANONICAL — REPAIRED G2 OOF,8201,13790,adsorbate,zero_residual_v1,64,0,1,,,,,,1,1
canonical,CANONICAL — REPAIRED G2 OOF,8202,13791,adsorbate,zero_residual_v1,64,0,1,,,,,,1,1
canonical,CANONICAL — REPAIRED G2 OOF,8203,13792,adsorbate,zero_residual_v1,64,0,1,,,,,,1,1
canonical,CANONICAL — REPAIRED G2 OOF,8204,13795,adsorbate,zero_residual_v1,64,0,1,,,,,,1,1
canonical,CANONICAL — REPAIRED G2 OOF,8205,13796,interstitial,zero_residual_v1,64,0,1,,,,,,1,1
canonical,CANONICAL — REPAIRED G2 OOF,8206,13797,adsorbate,zero_residual_v1,64,0,1,,,,,,1,1
canonical,CANONICAL — REPAIRED G2 OOF,8207,13798,interstitial,zero_residual_v1,64,0,1,,,,,,1,1
canonical,CANONICAL — REPAIRED G2 OOF,8208,13799,interstitial,zero_residual_v1,64,0,1,,,,,,1,1
canonical,CANONICAL — REPAIRED G2 OOF,8209,13800,adsorbate,zero_residual_v1,64,0,1,,,,,,1,1
canonical,CANONICAL — REPAIRED G2 OOF,8210,13801,interstitial,zero_residual_v1,64,0,1,,,,,,1,1
canonical,CANONICAL — REPAIRED G2 OOF,8211,13806,adsorbate,zero_residual_v1,64,0,1,,,,,,1,1
canonical,CANONICAL — REPAIRED G2 OOF,8212,13807,adsorbate,zero_residual_v1,64,0,1,,,,,,1,1
canonical,CANONICAL — REPAIRED G2 OOF,8213,13808,adsorbate,zero_residual_v1,64,0,1,,,,,,1,1
canonical,CANONICAL — REPAIRED G2 OOF,8214,13811,adsorbate,zero_residual_v1,64,0,1,,,,,,1,1
canonical,CANONICAL — REPAIRED G2 OOF,8215,13812,adsorbate,zero_residual_v1,64,0,1,,,,,,1,1
canonical,CANONICAL — REPAIRED G2 OOF,8216,13813,adsorbate,zero_residual_v1,64,0,1,,,,,,1,1
canonical,CANONICAL — REPAIRED G2 OOF,8217,13815,adsorbate,zero_residual_v1,64,0,1,,,,,,1,1
canonical,CANONICAL — REPAIRED G2 OOF,8218,13816,adsorbate,zero_residual_v1,64,0,1,,,,,,1,1
canonical,CANONICAL — REPAIRED G2 OOF,8219,13820,adsorbate,zero_residual_v1,64,0,1,,,,,,1,1
canonical,CANONICAL — REPAIRED G2 OOF,8220,13821,adsorbate,zero_residual_v1,64,0,1,,,,,,1,1
canonical,CANONICAL — REPAIRED G2 OOF,8221,13822,adsorbate,zero_residual_v1,64,0,1,,,,,,1,1
canonical,CANONICAL — REPAIRED G2 OOF,8222,13823,interstitial,zero_residual_v1,64,0,1,,,,,,1,1
canonical,CANONICAL — REPAIRED G2 OOF,8223,13824,interstitial,zero_residual_v1,64,0,1,,,,,,1,1
canonical,CANONICAL — REPAIRED G2 OOF,8224,13825,adsorbate,zero_residual_v1,64,0,1,,,,,,1,1
canonical,CANONICAL — REPAIRED G2 OOF,8225,13826,adsorbate,zero_residual_v1,64,0,1,,,,,,1,1
canonical,CANONICAL — REPAIRED G2 OOF,8226,13831,adsorbate,zero_residual_v1,64,0,1,,,,,,1,1
canonical,CANONICAL — REPAIRED G2 OOF,8227,13832,adsorbate,zero_residual_v1,64,0,1,,,,,,1,1
canonical,CANONICAL — REPAIRED G2 OOF,8228,13833,adsorbate,zero_residual_v1,64,0,1,,,,,,1,1
canonical,CANONICAL — REPAIRED G2 OOF,8229,13834,adsorbate,zero_residual_v1,64,0,1,,,,,,1,1
canonical,CANONICAL — REPAIRED G2 OOF,8230,13837,adsorbate,zero_residual_v1,64,0,1,,,,,,1,1
canonical,CANONICAL — REPAIRED G2 OOF,8231,13838,interstitial,zero_residual_v1,64,0,1,,,,,,1,1
canonical,CANONICAL — REPAIRED G2 OOF,8232,13840,adsorbate,zero_residual_v1,64,0,1,,,,,,1,1
canonical,CANONICAL — REPAIRED G2 OOF,8233,13841,adsorbate,zero_residual_v1,64,0,1,,,,,,1,1
canonical,CANONICAL — REPAIRED G2 OOF,8234,13842,adsorbate,zero_residual_v1,64,0,1,,,,,,1,1
canonical,CANONICAL — REPAIRED G2 OOF,8235,13844,adsorbate,zero_residual_v1,64,0,1,,,,,,1,1
canonical,CANONICAL — REPAIRED G2 OOF,8236,13845,adsorbate,zero_residual_v1,64,0,1,,,,,,1,1
canonical,CANONICAL — REPAIRED G2 OOF,8237,13847,interstitial,zero_residual_v1,64,0,1,,,,,,1,1
canonical,CANONICAL — REPAIRED G2 OOF,8238,13849,adsorbate,zero_residual_v1,64,0,1,,,,,,1,1
canonical,CANONICAL — REPAIRED G2 OOF,8239,13853,interstitial,zero_residual_v1,64,0,1,,,,,,1,1
canonical,CANONICAL — REPAIRED G2 OOF,8240,13855,interstitial,zero_residual_v1,64,0,1,,,,,,1,1
canonical,CANONICAL — REPAIRED G2 OOF,8241,13857,adsorbate,zero_residual_v1,64,0,1,,,,,,1,1
canonical,CANONICAL — REPAIRED G2 OOF,8242,13858,adsorbate,zero_residual_v1,64,0,1,,,,,,1,1
canonical,CANONICAL — REPAIRED G2 OOF,8243,13859,adsorbate,zero_residual_v1,64,0,1,,,,,,1,1
canonical,CANONICAL — REPAIRED G2 OOF,8244,13860,interstitial,zero_residual_v1,64,0,1,,,,,,1,1
canonical,CANONICAL — REPAIRED G2 OOF,8245,13863,adsorbate,zero_residual_v1,64,0,1,,,,,,1,1
canonical,CANONICAL — REPAIRED G2 OOF,8246,13866,adsorbate,zero_residual_v1,64,0,1,,,,,,1,1
canonical,CANONICAL — REPAIRED G2 OOF,8247,13868,adsorbate,zero_residual_v1,64,0,1,,,,,,1,1
canonical,CANONICAL — REPAIRED G2 OOF,8248,13869,adsorbate,zero_residual_v1,64,0,1,,,,,,1,1
canonical,CANONICAL — REPAIRED G2 OOF,8250,13873,adsorbate,zero_residual_v1,64,0,1,,,,,,1,1
canonical,CANONICAL — REPAIRED G2 OOF,8251,13875,adsorbate,zero_residual_v1,64,0,1,,,,,,1,1
canonical,CANONICAL — REPAIRED G2 OOF,8252,13876,adsorbate,zero_residual_v1,64,0,1,,,,,,1,1
canonical,CANONICAL — REPAIRED G2 OOF,8253,13878,adsorbate,zero_residual_v1,64,0,1,,,,,,1,1
canonical,CANONICAL — REPAIRED G2 OOF,8254,13879,adsorbate,zero_residual_v1,64,0,1,,,,,,1,1
canonical,CANONICAL — REPAIRED G2 OOF,8255,13880,adsorbate,zero_residual_v1,64,0,1,,,,,,1,1
canonical,CANONICAL — REPAIRED G2 OOF,8256,13883,adsorbate,zero_residual_v1,64,0,1,,,,,,1,1
canonical,CANONICAL — REPAIRED G2 OOF,8257,13884,adsorbate,zero_residual_v1,64,0,1,,,,,,1,1
canonical,CANONICAL — REPAIRED G2 OOF,8258,13885,adsorbate,zero_residual_v1,64,0,1,,,,,,1,1
canonical,CANONICAL — REPAIRED G2 OOF,8259,13895,adsorbate,zero_residual_v1,64,0,1,,,,,,1,1
canonical,CANONICAL — REPAIRED G2 OOF,8260,13896,adsorbate,zero_residual_v1,64,0,1,,,,,,1,1
canonical,CANONICAL — REPAIRED G2 OOF,8261,13897,adsorbate,zero_residual_v1,64,0,1,,,,,,1,1
canonical,CANONICAL — REPAIRED G2 OOF,8262,13900,interstitial,zero_residual_v1,64,0,1,,,,,,1,1
canonical,CANONICAL — REPAIRED G2 OOF,8263,13902,adsorbate,zero_residual_v1,64,0,1,,,,,,1,1
canonical,CANONICAL — REPAIRED G2 OOF,8264,13903,adsorbate,zero_residual_v1,64,0,1,,,,,,1,1
canonical,CANONICAL — REPAIRED G2 OOF,8265,13904,adsorbate,zero_residual_v1,64,0,1,,,,,,1,1
canonical,CANONICAL — REPAIRED G2 OOF,8266,13905,adsorbate,zero_residual_v1,64,0,1,,,,,,1,1
canonical,CANONICAL — REPAIRED G2 OOF,8267,13906,interstitial,zero_residual_v1,64,0,1,,,,,,1,1
canonical,CANONICAL — REPAIRED G2 OOF,8268,13907,adsorbate,zero_residual_v1,64,0,1,,,,,,1,1
canonical,CANONICAL — REPAIRED G2 OOF,8269,13908,adsorbate,zero_residual_v1,64,0,1,,,,,,1,1
canonical,CANONICAL — REPAIRED G2 OOF,8270,13910,interstitial,zero_residual_v1,64,0,1,,,,,,1,1
canonical,CANONICAL — REPAIRED G2 OOF,8271,13912,interstitial,zero_residual_v1,64,0,1,,,,,,1,1
canonical,CANONICAL — REPAIRED G2 OOF,8272,13914,adsorbate,zero_residual_v1,64,0,1,,,,,,1,1
canonical,CANONICAL — REPAIRED G2 OOF,8273,13915,interstitial,zero_residual_v1,64,0,1,,,,,,1,1
canonical,CANONICAL — REPAIRED G2 OOF,8274,13918,adsorbate,zero_residual_v1,64,0,1,,,,,,1,1
canonical,CANONICAL — REPAIRED G2 OOF,8275,13919,adsorbate,zero_residual_v1,64,0,1,,,,,,1,1
canonical,CANONICAL — REPAIRED G2 OOF,8276,13920,adsorbate,zero_residual_v1,64,0,1,,,,,,1,1
canonical,CANONICAL — REPAIRED G2 OOF,8277,13921,adsorbate,zero_residual_v1,64,0,1,,,,,,1,1
canonical,CANONICAL — REPAIRED G2 OOF,8278,13922,adsorbate,zero_residual_v1,64,0,1,,,,,,1,1
canonical,CANONICAL — REPAIRED G2 OOF,8279,13925,adsorbate,zero_residual_v1,64,0,1,,,,,,1,1
canonical,CANONICAL — REPAIRED G2 OOF,8280,13926,interstitial,zero_residual_v1,64,0,1,,,,,,1,1
canonical,CANONICAL — REPAIRED G2 OOF,8281,13927,adsorbate,zero_residual_v1,64,0,1,,,,,,1,1
canonical,CANONICAL — REPAIRED G2 OOF,8282,13928,adsorbate,zero_residual_v1,64,0,1,,,,,,1,1
canonical,CANONICAL — REPAIRED G2 OOF,8283,13929,adsorbate,zero_residual_v1,64,0,1,,,,,,1,1
canonical,CANONICAL — REPAIRED G2 OOF,8284,13930,adsorbate,zero_residual_v1,64,0,1,,,,,,1,1
canonical,CANONICAL — REPAIRED G2 OOF,8285,13932,adsorbate,zero_residual_v1,64,0,1,,,,,,1,1
canonical,CANONICAL — REPAIRED G2 OOF,8286,13935,adsorbate,zero_residual_v1,64,0,1,,,,,,1,1
canonical,CANONICAL — REPAIRED G2 OOF,8287,13936,interstitial,zero_residual_v1,64,0,1,,,,,,1,1
canonical,CANONICAL — REPAIRED G2 OOF,8288,13938,interstitial,zero_residual_v1,64,0,1,,,,,,1,1
canonical,CANONICAL — REPAIRED G2 OOF,8289,13940,interstitial,zero_residual_v1,64,0,1,,,,,,1,1
canonical,CANONICAL — REPAIRED G2 OOF,8290,13943,interstitial,zero_residual_v1,64,0,1,,,,,,1,1
canonical,CANONICAL — REPAIRED G2 OOF,8291,13944,interstitial,zero_residual_v1,64,0,1,,,,,,1,1
canonical,CANONICAL — REPAIRED G2 OOF,8292,13945,adsorbate,zero_residual_v1,64,0,1,,,,,,1,1
canonical,CANONICAL — REPAIRED G2 OOF,8293,13949,adsorbate,zero_residual_v1,64,0,1,,,,,,1,1
canonical,CANONICAL — REPAIRED G2 OOF,8294,13950,adsorbate,zero_residual_v1,64,0,1,,,,,,1,1
canonical,CANONICAL — REPAIRED G2 OOF,8295,13951,interstitial,zero_residual_v1,64,0,1,,,,,,1,1
canonical,CANONICAL — REPAIRED G2 OOF,8296,13952,adsorbate,zero_residual_v1,64,0,1,,,,,,1,1
canonical,CANONICAL — REPAIRED G2 OOF,8297,13953,interstitial,zero_residual_v1,64,0,1,,,,,,1,1
canonical,CANONICAL — REPAIRED G2 OOF,8298,13954,interstitial,zero_residual_v1,64,0,1,,,,,,1,1
canonical,CANONICAL — REPAIRED G2 OOF,8299,13955,interstitial,zero_residual_v1,64,0,1,,,,,,1,1
canonical,CANONICAL — REPAIRED G2 OOF,8300,13956,adsorbate,zero_residual_v1,64,0,1,,,,,,1,1
canonical,CANONICAL — REPAIRED G2 OOF,8301,13959,adsorbate,zero_residual_v1,64,0,1,,,,,,1,1
canonical,CANONICAL — REPAIRED G2 OOF,8302,13964,adsorbate,zero_residual_v1,64,0,1,,,,,,1,1
canonical,CANONICAL — REPAIRED G2 OOF,8303,13965,adsorbate,zero_residual_v1,64,0,1,,,,,,1,1
canonical,CANONICAL — REPAIRED G2 OOF,8304,13966,interstitial,zero_residual_v1,64,0,1,,,,,,1,1
canonical,CANONICAL — REPAIRED G2 OOF,8305,13971,interstitial,zero_residual_v1,64,0,1,,,,,,1,1
canonical,CANONICAL — REPAIRED G2 OOF,8306,13972,adsorbate,zero_residual_v1,64,0,1,,,,,,1,1
canonical,CANONICAL — REPAIRED G2 OOF,8307,13973,adsorbate,zero_residual_v1,64,0,1,,,,,,1,1
canonical,CANONICAL — REPAIRED G2 OOF,8308,13975,adsorbate,zero_residual_v1,64,0,1,,,,,,1,1
canonical,CANONICAL — REPAIRED G2 OOF,8309,13976,adsorbate,zero_residual_v1,64,0,1,,,,,,1,1
canonical,CANONICAL — REPAIRED G2 OOF,8310,13979,adsorbate,zero_residual_v1,64,0,1,,,,,,1,1
canonical,CANONICAL — REPAIRED G2 OOF,8311,13980,adsorbate,zero_residual_v1,64,0,1,,,,,,1,1
canonical,CANONICAL — REPAIRED G2 OOF,8312,13981,adsorbate,zero_residual_v1,64,0,1,,,,,,1,1
canonical,CANONICAL — REPAIRED G2 OOF,8313,13983,adsorbate,zero_residual_v1,64,0,1,,,,,,1,1
canonical,CANONICAL — REPAIRED G2 OOF,8314,13985,adsorbate,zero_residual_v1,64,0,1,,,,,,1,1
canonical,CANONICAL — REPAIRED G2 OOF,8315,13987,interstitial,zero_residual_v1,64,0,1,,,,,,1,1
canonical,CANONICAL — REPAIRED G2 OOF,8317,13992,interstitial,zero_residual_v1,64,0,1,,,,,,1,1
canonical,CANONICAL — REPAIRED G2 OOF,8318,13993,adsorbate,zero_residual_v1,64,0,1,,,,,,1,1
canonical,CANONICAL — REPAIRED G2 OOF,8319,13994,adsorbate,zero_residual_v1,64,0,1,,,,,,1,1
canonical,CANONICAL — REPAIRED G2 OOF,8320,13997,adsorbate,zero_residual_v1,64,0,1,,,,,,1,1
canonical,CANONICAL — REPAIRED G2 OOF,8321,13999,adsorbate,zero_residual_v1,64,0,1,,,,,,1,1
canonical,CANONICAL — REPAIRED G2 OOF,8322,14001,interstitial,zero_residual_v1,64,0,1,,,,,,1,1
canonical,CANONICAL — REPAIRED G2 OOF,8323,14002,interstitial,zero_residual_v1,64,0,1,,,,,,1,1
canonical,CANONICAL — REPAIRED G2 OOF,8324,14007,adsorbate,zero_residual_v1,64,0,1,,,,,,1,1
canonical,CANONICAL — REPAIRED G2 OOF,8325,14008,adsorbate,zero_residual_v1,64,0,1,,,,,,1,1
canonical,CANONICAL — REPAIRED G2 OOF,8326,14009,adsorbate,zero_residual_v1,64,0,1,,,,,,1,1
canonical,CANONICAL — REPAIRED G2 OOF,8327,14010,adsorbate,zero_residual_v1,64,0,1,,,,,,1,1
canonical,CANONICAL — REPAIRED G2 OOF,8328,14011,adsorbate,zero_residual_v1,64,0,1,,,,,,1,1
canonical,CANONICAL — REPAIRED G2 OOF,8329,14013,adsorbate,zero_residual_v1,64,0,1,,,,,,1,1
canonical,CANONICAL — REPAIRED G2 OOF,8330,14014,adsorbate,zero_residual_v1,64,0,1,,,,,,1,1
canonical,CANONICAL — REPAIRED G2 OOF,8331,14015,adsorbate,zero_residual_v1,64,0,1,,,,,,1,1
canonical,CANONICAL — REPAIRED G2 OOF,8332,14017,interstitial,zero_residual_v1,64,0,1,,,,,,1,1
canonical,CANONICAL — REPAIRED G2 OOF,8333,14018,adsorbate,zero_residual_v1,64,0,1,,,,,,1,1
canonical,CANONICAL — REPAIRED G2 OOF,8334,14019,adsorbate,zero_residual_v1,64,0,1,,,,,,1,1
canonical,CANONICAL — REPAIRED G2 OOF,8335,14021,adsorbate,zero_residual_v1,64,0,1,,,,,,1,1
canonical,CANONICAL — REPAIRED G2 OOF,8336,14022,adsorbate,zero_residual_v1,64,0,1,,,,,,1,1
canonical,CANONICAL — REPAIRED G2 OOF,8337,14023,adsorbate,zero_residual_v1,64,0,1,,,,,,1,1
canonical,CANONICAL — REPAIRED G2 OOF,8338,14024,interstitial,zero_residual_v1,64,0,1,,,,,,1,1
canonical,CANONICAL — REPAIRED G2 OOF,8339,14026,interstitial,zero_residual_v1,64,0,1,,,,,,1,1
canonical,CANONICAL — REPAIRED G2 OOF,8340,14027,adsorbate,zero_residual_v1,64,0,1,,,,,,1,1
canonical,CANONICAL — REPAIRED G2 OOF,8341,14028,adsorbate,zero_residual_v1,64,0,1,,,,,,1,1
canonical,CANONICAL — REPAIRED G2 OOF,8342,14031,adsorbate,zero_residual_v1,64,0,1,,,,,,1,1
canonical,CANONICAL — REPAIRED G2 OOF,8343,14032,adsorbate,zero_residual_v1,64,0,1,,,,,,1,1
canonical,CANONICAL — REPAIRED G2 OOF,8344,14034,adsorbate,zero_residual_v1,64,0,1,,,,,,1,1
canonical,CANONICAL — REPAIRED G2 OOF,8345,14035,adsorbate,zero_residual_v1,64,0,1,,,,,,1,1
canonical,CANONICAL — REPAIRED G2 OOF,8346,14038,interstitial,zero_residual_v1,64,0,1,,,,,,1,1
canonical,CANONICAL — REPAIRED G2 OOF,8347,14039,adsorbate,zero_residual_v1,64,0,1,,,,,,1,1
canonical,CANONICAL — REPAIRED G2 OOF,8348,14040,interstitial,zero_residual_v1,64,0,1,,,,,,1,1
canonical,CANONICAL — REPAIRED G2 OOF,8349,14041,interstitial,zero_residual_v1,64,0,1,,,,,,1,1
canonical,CANONICAL — REPAIRED G2 OOF,8350,14043,interstitial,zero_residual_v1,64,0,1,,,,,,1,1
canonical,CANONICAL — REPAIRED G2 OOF,8351,14044,interstitial,zero_residual_v1,64,0,1,,,,,,1,1
canonical,CANONICAL — REPAIRED G2 OOF,8352,14046,interstitial,zero_residual_v1,64,0,1,,,,,,1,1
canonical,CANONICAL — REPAIRED G2 OOF,8353,14047,interstitial,zero_residual_v1,64,0,1,,,,,,1,1
canonical,CANONICAL — REPAIRED G2 OOF,8354,14054,adsorbate,zero_residual_v1,64,0,1,,,,,,1,1
canonical,CANONICAL — REPAIRED G2 OOF,8355,14055,adsorbate,zero_residual_v1,64,0,1,,,,,,1,1
canonical,CANONICAL — REPAIRED G2 OOF,8356,14056,interstitial,zero_residual_v1,64,0,1,,,,,,1,1
canonical,CANONICAL — REPAIRED G2 OOF,8357,14060,interstitial,zero_residual_v1,64,0,1,,,,,,1,1
canonical,CANONICAL — REPAIRED G2 OOF,8358,14062,interstitial,zero_residual_v1,64,0,1,,,,,,1,1
canonical,CANONICAL — REPAIRED G2 OOF,8359,14065,adsorbate,zero_residual_v1,64,0,1,,,,,,1,1
canonical,CANONICAL — REPAIRED G2 OOF,8360,14067,adsorbate,zero_residual_v1,64,0,1,,,,,,1,1
canonical,CANONICAL — REPAIRED G2 OOF,8361,14068,adsorbate,zero_residual_v1,64,0,1,,,,,,1,1
canonical,CANONICAL — REPAIRED G2 OOF,8362,14071,adsorbate,zero_residual_v1,64,0,1,,,,,,1,1
canonical,CANONICAL — REPAIRED G2 OOF,8363,14072,interstitial,zero_residual_v1,64,0,1,,,,,,1,1
canonical,CANONICAL — REPAIRED G2 OOF,8364,14075,adsorbate,zero_residual_v1,64,0,1,,,,,,1,1
canonical,CANONICAL — REPAIRED G2 OOF,8365,14077,interstitial,zero_residual_v1,64,0,1,,,,,,1,1
canonical,CANONICAL — REPAIRED G2 OOF,8366,14078,adsorbate,zero_residual_v1,64,0,1,,,,,,1,1
canonical,CANONICAL — REPAIRED G2 OOF,8367,14079,adsorbate,zero_residual_v1,64,0,1,,,,,,1,1
canonical,CANONICAL — REPAIRED G2 OOF,8368,14080,adsorbate,zero_residual_v1,64,0,1,,,,,,1,1
canonical,CANONICAL — REPAIRED G2 OOF,8369,14081,interstitial,zero_residual_v1,64,0,1,,,,,,1,1
canonical,CANONICAL — REPAIRED G2 OOF,8370,14083,adsorbate,zero_residual_v1,64,0,1,,,,,,1,1
canonical,CANONICAL — REPAIRED G2 OOF,8371,14084,interstitial,zero_residual_v1,64,0,1,,,,,,1,1
canonical,CANONICAL — REPAIRED G2 OOF,8372,14085,adsorbate,zero_residual_v1,64,0,1,,,,,,1,1
canonical,CANONICAL — REPAIRED G2 OOF,8373,14088,adsorbate,zero_residual_v1,64,0,1,,,,,,1,1
canonical,CANONICAL — REPAIRED G2 OOF,8374,14089,interstitial,zero_residual_v1,64,0,1,,,,,,1,1
canonical,CANONICAL — REPAIRED G2 OOF,8375,14090,adsorbate,zero_residual_v1,64,0,1,,,,,,1,1
canonical,CANONICAL — REPAIRED G2 OOF,8376,14091,adsorbate,zero_residual_v1,64,0,1,,,,,,1,1
canonical,CANONICAL — REPAIRED G2 OOF,8377,14092,interstitial,zero_residual_v1,64,0,1,,,,,,1,1
canonical,CANONICAL — REPAIRED G2 OOF,8378,14093,adsorbate,zero_residual_v1,64,0,1,,,,,,1,1
canonical,CANONICAL — REPAIRED G2 OOF,8379,14094,adsorbate,zero_residual_v1,64,0,1,,,,,,1,1
canonical,CANONICAL — REPAIRED G2 OOF,8380,14095,interstitial,zero_residual_v1,64,0,1,,,,,,1,1
canonical,CANONICAL — REPAIRED G2 OOF,8381,14097,adsorbate,zero_residual_v1,64,0,1,,,,,,1,1
canonical,CANONICAL — REPAIRED G2 OOF,8382,14098,interstitial,zero_residual_v1,64,0,1,,,,,,1,1
canonical,CANONICAL — REPAIRED G2 OOF,8383,14099,adsorbate,zero_residual_v1,64,0,1,,,,,,1,1
canonical,CANONICAL — REPAIRED G2 OOF,8384,14100,adsorbate,zero_residual_v1,64,0,1,,,,,,1,1
canonical,CANONICAL — REPAIRED G2 OOF,8385,14101,adsorbate,zero_residual_v1,64,0,1,,,,,,1,1
canonical,CANONICAL — REPAIRED G2 OOF,8386,14105,adsorbate,zero_residual_v1,64,0,1,,,,,,1,1
canonical,CANONICAL — REPAIRED G2 OOF,8387,14108,adsorbate,zero_residual_v1,64,0,1,,,,,,1,1
canonical,CANONICAL — REPAIRED G2 OOF,8388,14111,adsorbate,zero_residual_v1,64,0,1,,,,,,1,1
canonical,CANONICAL — REPAIRED G2 OOF,8389,14112,adsorbate,zero_residual_v1,64,0,1,,,,,,1,1
canonical,CANONICAL — REPAIRED G2 OOF,8390,14115,adsorbate,zero_residual_v1,64,0,1,,,,,,1,1
canonical,CANONICAL — REPAIRED G2 OOF,8391,14116,interstitial,zero_residual_v1,64,0,1,,,,,,1,1
canonical,CANONICAL — REPAIRED G2 OOF,8392,14117,adsorbate,zero_residual_v1,64,0,1,,,,,,1,1
canonical,CANONICAL — REPAIRED G2 OOF,8394,14121,adsorbate,zero_residual_v1,64,0,1,,,,,,1,1
canonical,CANONICAL — REPAIRED G2 OOF,8395,14122,adsorbate,zero_residual_v1,64,0,1,,,,,,1,1
canonical,CANONICAL — REPAIRED G2 OOF,8396,14124,adsorbate,zero_residual_v1,64,0,1,,,,,,1,1
canonical,CANONICAL — REPAIRED G2 OOF,8397,14125,interstitial,zero_residual_v1,64,0,1,,,,,,1,1
canonical,CANONICAL — REPAIRED G2 OOF,8398,14126,adsorbate,zero_residual_v1,64,0,1,,,,,,1,1
canonical,CANONICAL — REPAIRED G2 OOF,8399,14127,adsorbate,zero_residual_v1,64,0,1,,,,,,1,1
canonical,CANONICAL — REPAIRED G2 OOF,8400,14128,interstitial,zero_residual_v1,64,0,1,,,,,,1,1
canonical,CANONICAL — REPAIRED G2 OOF,8401,14129,adsorbate,zero_residual_v1,64,0,1,,,,,,1,1
canonical,CANONICAL — REPAIRED G2 OOF,8402,14131,adsorbate,zero_residual_v1,64,0,1,,,,,,1,1
canonical,CANONICAL — REPAIRED G2 OOF,8403,14135,adsorbate,zero_residual_v1,64,0,1,,,,,,1,1
canonical,CANONICAL — REPAIRED G2 OOF,8404,14136,adsorbate,zero_residual_v1,64,0,1,,,,,,1,1
canonical,CANONICAL — REPAIRED G2 OOF,8405,14139,interstitial,zero_residual_v1,64,0,1,,,,,,1,1
canonical,CANONICAL — REPAIRED G2 OOF,8406,14141,adsorbate,zero_residual_v1,64,0,1,,,,,,1,1
canonical,CANONICAL — REPAIRED G2 OOF,8407,14144,adsorbate,zero_residual_v1,64,0,1,,,,,,1,1
canonical,CANONICAL — REPAIRED G2 OOF,8408,14145,adsorbate,zero_residual_v1,64,0,1,,,,,,1,1
canonical,CANONICAL — REPAIRED G2 OOF,8409,14146,interstitial,zero_residual_v1,64,0,1,,,,,,1,1
canonical,CANONICAL — REPAIRED G2 OOF,8410,14147,adsorbate,zero_residual_v1,64,0,1,,,,,,1,1
canonical,CANONICAL — REPAIRED G2 OOF,8411,14148,adsorbate,zero_residual_v1,64,0,1,,,,,,1,1
canonical,CANONICAL — REPAIRED G2 OOF,8412,14149,adsorbate,zero_residual_v1,64,0,1,,,,,,1,1
canonical,CANONICAL — REPAIRED G2 OOF,8413,14150,interstitial,zero_residual_v1,64,0,1,,,,,,1,1
canonical,CANONICAL — REPAIRED G2 OOF,8414,14156,interstitial,zero_residual_v1,64,0,1,,,,,,1,1
canonical,CANONICAL — REPAIRED G2 OOF,8415,14159,adsorbate,zero_residual_v1,64,0,1,,,,,,1,1
canonical,CANONICAL — REPAIRED G2 OOF,8416,14160,adsorbate,zero_residual_v1,64,0,1,,,,,,1,1
canonical,CANONICAL — REPAIRED G2 OOF,8417,14161,adsorbate,zero_residual_v1,64,0,1,,,,,,1,1
canonical,CANONICAL — REPAIRED G2 OOF,8418,14162,adsorbate,zero_residual_v1,64,0,1,,,,,,1,1
canonical,CANONICAL — REPAIRED G2 OOF,8419,14163,adsorbate,zero_residual_v1,64,0,1,,,,,,1,1
canonical,CANONICAL — REPAIRED G2 OOF,8420,14164,adsorbate,zero_residual_v1,64,0,1,,,,,,1,1
canonical,CANONICAL — REPAIRED G2 OOF,8421,14166,adsorbate,zero_residual_v1,64,0,1,,,,,,1,1
canonical,CANONICAL — REPAIRED G2 OOF,8422,14168,interstitial,zero_residual_v1,64,0,1,,,,,,1,1
canonical,CANONICAL — REPAIRED G2 OOF,8423,14169,adsorbate,zero_residual_v1,64,0,1,,,,,,1,1
canonical,CANONICAL — REPAIRED G2 OOF,8425,14172,adsorbate,zero_residual_v1,64,0,1,,,,,,1,1
canonical,CANONICAL — REPAIRED G2 OOF,8426,14175,adsorbate,zero_residual_v1,64,0,1,,,,,,1,1
canonical,CANONICAL — REPAIRED G2 OOF,8427,14177,adsorbate,zero_residual_v1,64,0,1,,,,,,1,1
canonical,CANONICAL — REPAIRED G2 OOF,8428,14179,adsorbate,zero_residual_v1,64,0,1,,,,,,1,1
canonical,CANONICAL — REPAIRED G2 OOF,8429,14181,adsorbate,zero_residual_v1,64,0,1,,,,,,1,1
canonical,CANONICAL — REPAIRED G2 OOF,8430,14182,adsorbate,zero_residual_v1,64,0,1,,,,,,1,1
canonical,CANONICAL — REPAIRED G2 OOF,8431,14184,adsorbate,zero_residual_v1,64,0,1,,,,,,1,1
canonical,CANONICAL — REPAIRED G2 OOF,8432,14185,adsorbate,zero_residual_v1,64,0,1,,,,,,1,1
canonical,CANONICAL — REPAIRED G2 OOF,8433,14189,adsorbate,zero_residual_v1,64,0,1,,,,,,1,1
canonical,CANONICAL — REPAIRED G2 OOF,8434,14190,interstitial,zero_residual_v1,64,0,1,,,,,,1,1
canonical,CANONICAL — REPAIRED G2 OOF,8435,14193,adsorbate,zero_residual_v1,64,0,1,,,,,,1,1
canonical,CANONICAL — REPAIRED G2 OOF,8436,14194,adsorbate,zero_residual_v1,64,0,1,,,,,,1,1
canonical,CANONICAL — REPAIRED G2 OOF,8437,14195,adsorbate,zero_residual_v1,64,0,1,,,,,,1,1
canonical,CANONICAL — REPAIRED G2 OOF,8438,14196,adsorbate,zero_residual_v1,64,0,1,,,,,,1,1
canonical,CANONICAL — REPAIRED G2 OOF,8439,14197,adsorbate,zero_residual_v1,64,0,1,,,,,,1,1
canonical,CANONICAL — REPAIRED G2 OOF,8440,14199,interstitial,zero_residual_v1,64,0,1,,,,,,1,1
canonical,CANONICAL — REPAIRED G2 OOF,8441,14202,adsorbate,zero_residual_v1,64,0,1,,,,,,1,1
canonical,CANONICAL — REPAIRED G2 OOF,8442,14203,interstitial,zero_residual_v1,64,0,1,,,,,,1,1
canonical,CANONICAL — REPAIRED G2 OOF,8443,14204,adsorbate,zero_residual_v1,64,0,1,,,,,,1,1
canonical,CANONICAL — REPAIRED G2 OOF,8444,14205,adsorbate,zero_residual_v1,64,0,1,,,,,,1,1
canonical,CANONICAL — REPAIRED G2 OOF,8445,14206,adsorbate,zero_residual_v1,64,0,1,,,,,,1,1
canonical,CANONICAL — REPAIRED G2 OOF,8446,14207,adsorbate,zero_residual_v1,64,0,1,,,,,,1,1
canonical,CANONICAL — REPAIRED G2 OOF,8447,14208,interstitial,zero_residual_v1,64,0,1,,,,,,1,1
canonical,CANONICAL — REPAIRED G2 OOF,8448,14209,interstitial,zero_residual_v1,64,0,1,,,,,,1,1
canonical,CANONICAL — REPAIRED G2 OOF,8449,14214,interstitial,zero_residual_v1,64,0,1,,,,,,1,1
canonical,CANONICAL — REPAIRED G2 OOF,8451,14217,interstitial,zero_residual_v1,64,0,1,,,,,,1,1
canonical,CANONICAL — REPAIRED G2 OOF,8452,14219,adsorbate,zero_residual_v1,64,0,1,,,,,,1,1
canonical,CANONICAL — REPAIRED G2 OOF,8453,14220,adsorbate,zero_residual_v1,64,0,1,,,,,,1,1
canonical,CANONICAL — REPAIRED G2 OOF,8454,14221,adsorbate,zero_residual_v1,64,0,1,,,,,,1,1
canonical,CANONICAL — REPAIRED G2 OOF,8455,14222,adsorbate,zero_residual_v1,64,0,1,,,,,,1,1
canonical,CANONICAL — REPAIRED G2 OOF,8456,14225,adsorbate,zero_residual_v1,64,0,1,,,,,,1,1
canonical,CANONICAL — REPAIRED G2 OOF,8457,14226,adsorbate,zero_residual_v1,64,0,1,,,,,,1,1
canonical,CANONICAL — REPAIRED G2 OOF,8458,14227,adsorbate,zero_residual_v1,64,0,1,,,,,,1,1
canonical,CANONICAL — REPAIRED G2 OOF,8459,14228,adsorbate,zero_residual_v1,64,0,1,,,,,,1,1
canonical,CANONICAL — REPAIRED G2 OOF,8460,14229,adsorbate,zero_residual_v1,64,0,1,,,,,,1,1
canonical,CANONICAL — REPAIRED G2 OOF,8461,14231,adsorbate,zero_residual_v1,64,0,1,,,,,,1,1
canonical,CANONICAL — REPAIRED G2 OOF,8462,14232,adsorbate,zero_residual_v1,64,0,1,,,,,,1,1
canonical,CANONICAL — REPAIRED G2 OOF,8463,14234,adsorbate,zero_residual_v1,64,0,1,,,,,,1,1
canonical,CANONICAL — REPAIRED G2 OOF,8464,14236,interstitial,zero_residual_v1,64,0,1,,,,,,1,1
canonical,CANONICAL — REPAIRED G2 OOF,8465,14237,adsorbate,zero_residual_v1,64,0,1,,,,,,1,1
canonical,CANONICAL — REPAIRED G2 OOF,8466,14239,interstitial,zero_residual_v1,64,0,1,,,,,,1,1
canonical,CANONICAL — REPAIRED G2 OOF,8467,14241,adsorbate,zero_residual_v1,64,0,1,,,,,,1,1
canonical,CANONICAL — REPAIRED G2 OOF,8468,14251,adsorbate,zero_residual_v1,64,0,1,,,,,,1,1
canonical,CANONICAL — REPAIRED G2 OOF,8469,14252,interstitial,zero_residual_v1,64,0,1,,,,,,1,1
canonical,CANONICAL — REPAIRED G2 OOF,8470,14254,adsorbate,zero_residual_v1,64,0,1,,,,,,1,1
canonical,CANONICAL — REPAIRED G2 OOF,8471,14255,adsorbate,zero_residual_v1,64,0,1,,,,,,1,1
canonical,CANONICAL — REPAIRED G2 OOF,8472,14256,adsorbate,zero_residual_v1,64,0,1,,,,,,1,1
canonical,CANONICAL — REPAIRED G2 OOF,8473,14257,adsorbate,zero_residual_v1,64,0,1,,,,,,1,1
canonical,CANONICAL — REPAIRED G2 OOF,8474,14258,adsorbate,zero_residual_v1,64,0,1,,,,,,1,1
canonical,CANONICAL — REPAIRED G2 OOF,8475,14259,adsorbate,zero_residual_v1,64,0,1,,,,,,1,1
canonical,CANONICAL — REPAIRED G2 OOF,8476,14260,adsorbate,zero_residual_v1,64,0,1,,,,,,1,1
canonical,CANONICAL — REPAIRED G2 OOF,8477,14261,interstitial,zero_residual_v1,64,0,1,,,,,,1,1
canonical,CANONICAL — REPAIRED G2 OOF,8478,14262,interstitial,zero_residual_v1,64,0,1,,,,,,1,1
canonical,CANONICAL — REPAIRED G2 OOF,8479,14264,adsorbate,zero_residual_v1,64,0,1,,,,,,1,1
canonical,CANONICAL — REPAIRED G2 OOF,8480,14265,adsorbate,zero_residual_v1,64,0,1,,,,,,1,1
canonical,CANONICAL — REPAIRED G2 OOF,8481,14269,adsorbate,zero_residual_v1,64,0,1,,,,,,1,1
canonical,CANONICAL — REPAIRED G2 OOF,8482,14273,adsorbate,zero_residual_v1,64,0,1,,,,,,1,1
canonical,CANONICAL — REPAIRED G2 OOF,8483,14274,adsorbate,zero_residual_v1,64,0,1,,,,,,1,1
canonical,CANONICAL — REPAIRED G2 OOF,8484,14279,adsorbate,zero_residual_v1,64,0,1,,,,,,1,1
canonical,CANONICAL — REPAIRED G2 OOF,8485,14280,adsorbate,zero_residual_v1,64,0,1,,,,,,1,1
canonical,CANONICAL — REPAIRED G2 OOF,8486,14282,adsorbate,zero_residual_v1,64,0,1,,,,,,1,1
canonical,CANONICAL — REPAIRED G2 OOF,8487,14284,adsorbate,zero_residual_v1,64,0,1,,,,,,1,1
canonical,CANONICAL — REPAIRED G2 OOF,8488,14285,adsorbate,zero_residual_v1,64,0,1,,,,,,1,1
canonical,CANONICAL — REPAIRED G2 OOF,8489,14286,adsorbate,zero_residual_v1,64,0,1,,,,,,1,1
canonical,CANONICAL — REPAIRED G2 OOF,8490,14288,adsorbate,zero_residual_v1,64,0,1,,,,,,1,1
canonical,CANONICAL — REPAIRED G2 OOF,8491,14291,adsorbate,zero_residual_v1,64,0,1,,,,,,1,1
canonical,CANONICAL — REPAIRED G2 OOF,8492,14292,interstitial,zero_residual_v1,64,0,1,,,,,,1,1
canonical,CANONICAL — REPAIRED G2 OOF,8493,14294,interstitial,zero_residual_v1,64,0,1,,,,,,1,1
canonical,CANONICAL — REPAIRED G2 OOF,8494,14296,adsorbate,zero_residual_v1,64,0,1,,,,,,1,1
canonical,CANONICAL — REPAIRED G2 OOF,8495,14298,adsorbate,zero_residual_v1,64,0,1,,,,,,1,1
canonical,CANONICAL — REPAIRED G2 OOF,8496,14300,adsorbate,zero_residual_v1,64,0,1,,,,,,1,1
canonical,CANONICAL — REPAIRED G2 OOF,8497,14301,adsorbate,zero_residual_v1,64,0,1,,,,,,1,1
canonical,CANONICAL — REPAIRED G2 OOF,8498,14303,adsorbate,zero_residual_v1,64,0,1,,,,,,1,1
canonical,CANONICAL — REPAIRED G2 OOF,8499,14304,interstitial,zero_residual_v1,64,0,1,,,,,,1,1
canonical,CANONICAL — REPAIRED G2 OOF,8500,14305,adsorbate,zero_residual_v1,64,0,1,,,,,,1,1
canonical,CANONICAL — REPAIRED G2 OOF,8501,14306,adsorbate,zero_residual_v1,64,0,1,,,,,,1,1
canonical,CANONICAL — REPAIRED G2 OOF,8503,14311,interstitial,zero_residual_v1,64,0,1,,,,,,1,1
canonical,CANONICAL — REPAIRED G2 OOF,8504,14313,adsorbate,zero_residual_v1,64,0,1,,,,,,1,1
canonical,CANONICAL — REPAIRED G2 OOF,8506,14315,adsorbate,zero_residual_v1,64,0,1,,,,,,1,1
canonical,CANONICAL — REPAIRED G2 OOF,8507,14317,adsorbate,zero_residual_v1,64,0,1,,,,,,1,1
canonical,CANONICAL — REPAIRED G2 OOF,8508,14319,adsorbate,zero_residual_v1,64,0,1,,,,,,1,1
canonical,CANONICAL — REPAIRED G2 OOF,8509,14323,adsorbate,zero_residual_v1,64,0,1,,,,,,1,1
canonical,CANONICAL — REPAIRED G2 OOF,8510,14324,adsorbate,zero_residual_v1,64,0,1,,,,,,1,1
canonical,CANONICAL — REPAIRED G2 OOF,8511,14325,adsorbate,zero_residual_v1,64,0,1,,,,,,1,1
canonical,CANONICAL — REPAIRED G2 OOF,8512,14327,adsorbate,zero_residual_v1,64,0,1,,,,,,1,1
canonical,CANONICAL — REPAIRED G2 OOF,8513,14328,adsorbate,zero_residual_v1,64,0,1,,,,,,1,1
canonical,CANONICAL — REPAIRED G2 OOF,8514,14329,adsorbate,zero_residual_v1,64,0,1,,,,,,1,1
canonical,CANONICAL — REPAIRED G2 OOF,8515,14332,interstitial,zero_residual_v1,64,0,1,,,,,,1,1
canonical,CANONICAL — REPAIRED G2 OOF,8516,14333,interstitial,zero_residual_v1,64,0,1,,,,,,1,1
canonical,CANONICAL — REPAIRED G2 OOF,8517,14335,adsorbate,zero_residual_v1,64,0,1,,,,,,1,1
canonical,CANONICAL — REPAIRED G2 OOF,8518,14336,adsorbate,zero_residual_v1,64,0,1,,,,,,1,1
canonical,CANONICAL — REPAIRED G2 OOF,8519,14338,adsorbate,zero_residual_v1,64,0,1,,,,,,1,1
canonical,CANONICAL — REPAIRED G2 OOF,8520,14341,interstitial,zero_residual_v1,64,0,1,,,,,,1,1
canonical,CANONICAL — REPAIRED G2 OOF,8521,14342,adsorbate,zero_residual_v1,64,0,1,,,,,,1,1
canonical,CANONICAL — REPAIRED G2 OOF,8522,14343,adsorbate,zero_residual_v1,64,0,1,,,,,,1,1
canonical,CANONICAL — REPAIRED G2 OOF,8523,14344,adsorbate,zero_residual_v1,64,0,1,,,,,,1,1
canonical,CANONICAL — REPAIRED G2 OOF,8524,14347,adsorbate,zero_residual_v1,64,0,1,,,,,,1,1
canonical,CANONICAL — REPAIRED G2 OOF,8525,14348,interstitial,zero_residual_v1,64,0,1,,,,,,1,1
canonical,CANONICAL — REPAIRED G2 OOF,8526,14350,adsorbate,zero_residual_v1,64,0,1,,,,,,1,1
canonical,CANONICAL — REPAIRED G2 OOF,8527,14351,interstitial,zero_residual_v1,64,0,1,,,,,,1,1
canonical,CANONICAL — REPAIRED G2 OOF,8528,14352,interstitial,zero_residual_v1,64,0,1,,,,,,1,1
canonical,CANONICAL — REPAIRED G2 OOF,8529,14356,adsorbate,zero_residual_v1,64,0,1,,,,,,1,1
canonical,CANONICAL — REPAIRED G2 OOF,8530,14357,adsorbate,zero_residual_v1,64,0,1,,,,,,1,1
canonical,CANONICAL — REPAIRED G2 OOF,8531,14359,adsorbate,zero_residual_v1,64,0,1,,,,,,1,1
canonical,CANONICAL — REPAIRED G2 OOF,8532,14360,interstitial,zero_residual_v1,64,0,1,,,,,,1,1
canonical,CANONICAL — REPAIRED G2 OOF,8533,14361,adsorbate,zero_residual_v1,64,0,1,,,,,,1,1
canonical,CANONICAL — REPAIRED G2 OOF,8534,14362,adsorbate,zero_residual_v1,64,0,1,,,,,,1,1
canonical,CANONICAL — REPAIRED G2 OOF,8535,14364,adsorbate,zero_residual_v1,64,0,1,,,,,,1,1
canonical,CANONICAL — REPAIRED G2 OOF,8536,14367,adsorbate,zero_residual_v1,64,0,1,,,,,,1,1
canonical,CANONICAL — REPAIRED G2 OOF,8537,14368,adsorbate,zero_residual_v1,64,0,1,,,,,,1,1
canonical,CANONICAL — REPAIRED G2 OOF,8538,14370,interstitial,zero_residual_v1,64,0,1,,,,,,1,1
canonical,CANONICAL — REPAIRED G2 OOF,8539,14371,adsorbate,zero_residual_v1,64,0,1,,,,,,1,1
canonical,CANONICAL — REPAIRED G2 OOF,8540,14372,adsorbate,zero_residual_v1,64,0,1,,,,,,1,1
canonical,CANONICAL — REPAIRED G2 OOF,8541,14373,interstitial,zero_residual_v1,64,0,1,,,,,,1,1
canonical,CANONICAL — REPAIRED G2 OOF,8542,14374,adsorbate,zero_residual_v1,64,0,1,,,,,,1,1
canonical,CANONICAL — REPAIRED G2 OOF,8543,14376,adsorbate,zero_residual_v1,64,0,1,,,,,,1,1
canonical,CANONICAL — REPAIRED G2 OOF,8544,14377,interstitial,zero_residual_v1,64,0,1,,,,,,1,1
canonical,CANONICAL — REPAIRED G2 OOF,8545,14379,adsorbate,zero_residual_v1,64,0,1,,,,,,1,1
canonical,CANONICAL — REPAIRED G2 OOF,8546,14380,interstitial,zero_residual_v1,64,0,1,,,,,,1,1
canonical,CANONICAL — REPAIRED G2 OOF,8547,14381,adsorbate,zero_residual_v1,64,0,1,,,,,,1,1
canonical,CANONICAL — REPAIRED G2 OOF,8548,14382,adsorbate,zero_residual_v1,64,0,1,,,,,,1,1
canonical,CANONICAL — REPAIRED G2 OOF,8549,14386,interstitial,zero_residual_v1,64,0,1,,,,,,1,1
canonical,CANONICAL — REPAIRED G2 OOF,8550,14387,adsorbate,zero_residual_v1,64,0,1,,,,,,1,1
canonical,CANONICAL — REPAIRED G2 OOF,8551,14388,adsorbate,zero_residual_v1,64,0,1,,,,,,1,1
canonical,CANONICAL — REPAIRED G2 OOF,8552,14393,interstitial,zero_residual_v1,64,0,1,,,,,,1,1
canonical,CANONICAL — REPAIRED G2 OOF,8553,14394,adsorbate,zero_residual_v1,64,0,1,,,,,,1,1
canonical,CANONICAL — REPAIRED G2 OOF,8554,14398,adsorbate,zero_residual_v1,64,0,1,,,,,,1,1
canonical,CANONICAL — REPAIRED G2 OOF,8555,14399,adsorbate,zero_residual_v1,64,0,1,,,,,,1,1
canonical,CANONICAL — REPAIRED G2 OOF,8556,14401,adsorbate,zero_residual_v1,64,0,1,,,,,,1,1
canonical,CANONICAL — REPAIRED G2 OOF,8557,14403,interstitial,zero_residual_v1,64,0,1,,,,,,1,1
canonical,CANONICAL — REPAIRED G2 OOF,8558,14404,adsorbate,zero_residual_v1,64,0,1,,,,,,1,1
canonical,CANONICAL — REPAIRED G2 OOF,8559,14405,adsorbate,zero_residual_v1,64,0,1,,,,,,1,1
canonical,CANONICAL — REPAIRED G2 OOF,8560,14406,adsorbate,zero_residual_v1,64,0,1,,,,,,1,1
canonical,CANONICAL — REPAIRED G2 OOF,8561,14407,adsorbate,zero_residual_v1,64,0,1,,,,,,1,1
canonical,CANONICAL — REPAIRED G2 OOF,8563,14415,adsorbate,zero_residual_v1,64,0,1,,,,,,1,1
canonical,CANONICAL — REPAIRED G2 OOF,8564,14418,interstitial,zero_residual_v1,64,0,1,,,,,,1,1
canonical,CANONICAL — REPAIRED G2 OOF,8565,14419,interstitial,zero_residual_v1,64,0,1,,,,,,1,1
canonical,CANONICAL — REPAIRED G2 OOF,8566,14420,interstitial,zero_residual_v1,64,0,1,,,,,,1,1
canonical,CANONICAL — REPAIRED G2 OOF,8567,14422,interstitial,zero_residual_v1,64,0,1,,,,,,1,1
canonical,CANONICAL — REPAIRED G2 OOF,8568,14424,adsorbate,zero_residual_v1,64,0,1,,,,,,1,1
canonical,CANONICAL — REPAIRED G2 OOF,8569,14426,adsorbate,zero_residual_v1,64,0,1,,,,,,1,1
canonical,CANONICAL — REPAIRED G2 OOF,8570,14428,adsorbate,zero_residual_v1,64,0,1,,,,,,1,1
canonical,CANONICAL — REPAIRED G2 OOF,8571,14430,adsorbate,zero_residual_v1,64,0,1,,,,,,1,1
canonical,CANONICAL — REPAIRED G2 OOF,8572,14431,adsorbate,zero_residual_v1,64,0,1,,,,,,1,1
canonical,CANONICAL — REPAIRED G2 OOF,8573,14433,interstitial,zero_residual_v1,64,0,1,,,,,,1,1
canonical,CANONICAL — REPAIRED G2 OOF,8574,14434,adsorbate,zero_residual_v1,64,0,1,,,,,,1,1
canonical,CANONICAL — REPAIRED G2 OOF,8575,14435,adsorbate,zero_residual_v1,64,0,1,,,,,,1,1
canonical,CANONICAL — REPAIRED G2 OOF,8576,14437,adsorbate,zero_residual_v1,64,0,1,,,,,,1,1
canonical,CANONICAL — REPAIRED G2 OOF,8577,14438,adsorbate,zero_residual_v1,64,0,1,,,,,,1,1
canonical,CANONICAL — REPAIRED G2 OOF,8578,14443,adsorbate,zero_residual_v1,64,0,1,,,,,,1,1
canonical,CANONICAL — REPAIRED G2 OOF,8579,14445,interstitial,zero_residual_v1,64,0,1,,,,,,1,1
canonical,CANONICAL — REPAIRED G2 OOF,8580,14448,adsorbate,zero_residual_v1,64,0,1,,,,,,1,1
canonical,CANONICAL — REPAIRED G2 OOF,8581,14449,adsorbate,zero_residual_v1,64,0,1,,,,,,1,1
canonical,CANONICAL — REPAIRED G2 OOF,8582,14450,adsorbate,zero_residual_v1,64,0,1,,,,,,1,1
canonical,CANONICAL — REPAIRED G2 OOF,8583,14452,interstitial,zero_residual_v1,64,0,1,,,,,,1,1
canonical,CANONICAL — REPAIRED G2 OOF,8584,14453,adsorbate,zero_residual_v1,64,0,1,,,,,,1,1
canonical,CANONICAL — REPAIRED G2 OOF,8585,14454,adsorbate,zero_residual_v1,64,0,1,,,,,,1,1
canonical,CANONICAL — REPAIRED G2 OOF,8586,14455,adsorbate,zero_residual_v1,64,0,1,,,,,,1,1
canonical,CANONICAL — REPAIRED G2 OOF,8587,14456,adsorbate,zero_residual_v1,64,0,1,,,,,,1,1
canonical,CANONICAL — REPAIRED G2 OOF,8588,14457,adsorbate,zero_residual_v1,64,0,1,,,,,,1,1
canonical,CANONICAL — REPAIRED G2 OOF,8589,14460,interstitial,zero_residual_v1,64,0,1,,,,,,1,1
canonical,CANONICAL — REPAIRED G2 OOF,8590,14461,interstitial,zero_residual_v1,64,0,1,,,,,,1,1
canonical,CANONICAL — REPAIRED G2 OOF,8591,14462,adsorbate,zero_residual_v1,64,0,1,,,,,,1,1
canonical,CANONICAL — REPAIRED G2 OOF,8592,14463,interstitial,zero_residual_v1,64,0,1,,,,,,1,1
canonical,CANONICAL — REPAIRED G2 OOF,8593,14465,adsorbate,zero_residual_v1,64,0,1,,,,,,1,1
canonical,CANONICAL — REPAIRED G2 OOF,8594,14467,adsorbate,zero_residual_v1,64,0,1,,,,,,1,1
canonical,CANONICAL — REPAIRED G2 OOF,8595,14468,adsorbate,zero_residual_v1,64,0,1,,,,,,1,1
canonical,CANONICAL — REPAIRED G2 OOF,8596,14471,adsorbate,zero_residual_v1,64,0,1,,,,,,1,1
canonical,CANONICAL — REPAIRED G2 OOF,8597,14472,adsorbate,zero_residual_v1,64,0,1,,,,,,1,1
canonical,CANONICAL — REPAIRED G2 OOF,8599,14475,adsorbate,zero_residual_v1,64,0,1,,,,,,1,1
canonical,CANONICAL — REPAIRED G2 OOF,8600,14477,adsorbate,zero_residual_v1,64,0,1,,,,,,1,1
canonical,CANONICAL — REPAIRED G2 OOF,8601,14479,adsorbate,zero_residual_v1,64,0,1,,,,,,1,1
canonical,CANONICAL — REPAIRED G2 OOF,8602,14480,adsorbate,zero_residual_v1,64,0,1,,,,,,1,1
canonical,CANONICAL — REPAIRED G2 OOF,8603,14481,adsorbate,zero_residual_v1,64,0,1,,,,,,1,1
canonical,CANONICAL — REPAIRED G2 OOF,8604,14484,adsorbate,zero_residual_v1,64,0,1,,,,,,1,1
canonical,CANONICAL — REPAIRED G2 OOF,8605,14487,interstitial,zero_residual_v1,64,0,1,,,,,,1,1
canonical,CANONICAL — REPAIRED G2 OOF,8606,14488,interstitial,zero_residual_v1,64,0,1,,,,,,1,1
canonical,CANONICAL — REPAIRED G2 OOF,8607,14489,adsorbate,zero_residual_v1,64,0,1,,,,,,1,1
canonical,CANONICAL — REPAIRED G2 OOF,8608,14490,interstitial,zero_residual_v1,64,0,1,,,,,,1,1
canonical,CANONICAL — REPAIRED G2 OOF,8609,14491,adsorbate,zero_residual_v1,64,0,1,,,,,,1,1
canonical,CANONICAL — REPAIRED G2 OOF,8610,14492,interstitial,zero_residual_v1,64,0,1,,,,,,1,1
canonical,CANONICAL — REPAIRED G2 OOF,8611,14493,adsorbate,zero_residual_v1,64,0,1,,,,,,1,1
canonical,CANONICAL — REPAIRED G2 OOF,8612,14497,interstitial,zero_residual_v1,64,0,1,,,,,,1,1
canonical,CANONICAL — REPAIRED G2 OOF,8613,14503,adsorbate,zero_residual_v1,64,0,1,,,,,,1,1
canonical,CANONICAL — REPAIRED G2 OOF,8614,14504,adsorbate,zero_residual_v1,64,0,1,,,,,,1,1
canonical,CANONICAL — REPAIRED G2 OOF,8615,14506,interstitial,zero_residual_v1,64,0,1,,,,,,1,1
canonical,CANONICAL — REPAIRED G2 OOF,8616,14507,interstitial,zero_residual_v1,64,0,1,,,,,,1,1
canonical,CANONICAL — REPAIRED G2 OOF,8617,14508,adsorbate,zero_residual_v1,64,0,1,,,,,,1,1
canonical,CANONICAL — REPAIRED G2 OOF,8618,14509,interstitial,zero_residual_v1,64,0,1,,,,,,1,1
canonical,CANONICAL — REPAIRED G2 OOF,8619,14511,adsorbate,zero_residual_v1,64,0,1,,,,,,1,1
canonical,CANONICAL — REPAIRED G2 OOF,8620,14515,adsorbate,zero_residual_v1,64,0,1,,,,,,1,1
canonical,CANONICAL — REPAIRED G2 OOF,8621,14516,adsorbate,zero_residual_v1,64,0,1,,,,,,1,1
canonical,CANONICAL — REPAIRED G2 OOF,8622,14518,adsorbate,zero_residual_v1,64,0,1,,,,,,1,1
canonical,CANONICAL — REPAIRED G2 OOF,8623,14519,adsorbate,zero_residual_v1,64,0,1,,,,,,1,1
canonical,CANONICAL — REPAIRED G2 OOF,8624,14520,adsorbate,zero_residual_v1,64,0,1,,,,,,1,1
canonical,CANONICAL — REPAIRED G2 OOF,8625,14521,interstitial,zero_residual_v1,64,0,1,,,,,,1,1
canonical,CANONICAL — REPAIRED G2 OOF,8626,14523,interstitial,zero_residual_v1,64,0,1,,,,,,1,1
canonical,CANONICAL — REPAIRED G2 OOF,8627,14524,adsorbate,zero_residual_v1,64,0,1,,,,,,1,1
canonical,CANONICAL — REPAIRED G2 OOF,8628,14526,interstitial,zero_residual_v1,64,0,1,,,,,,1,1
canonical,CANONICAL — REPAIRED G2 OOF,8629,14528,adsorbate,zero_residual_v1,64,0,1,,,,,,1,1
canonical,CANONICAL — REPAIRED G2 OOF,8630,14529,adsorbate,zero_residual_v1,64,0,1,,,,,,1,1
canonical,CANONICAL — REPAIRED G2 OOF,8631,14531,interstitial,zero_residual_v1,64,0,1,,,,,,1,1
canonical,CANONICAL — REPAIRED G2 OOF,8632,14535,adsorbate,zero_residual_v1,64,0,1,,,,,,1,1
canonical,CANONICAL — REPAIRED G2 OOF,8633,14538,interstitial,zero_residual_v1,64,0,1,,,,,,1,1
canonical,CANONICAL — REPAIRED G2 OOF,8634,14539,adsorbate,zero_residual_v1,64,0,1,,,,,,1,1
canonical,CANONICAL — REPAIRED G2 OOF,8635,14540,interstitial,zero_residual_v1,64,0,1,,,,,,1,1
canonical,CANONICAL — REPAIRED G2 OOF,8636,14542,interstitial,zero_residual_v1,64,0,1,,,,,,1,1
canonical,CANONICAL — REPAIRED G2 OOF,8637,14543,adsorbate,zero_residual_v1,64,0,1,,,,,,1,1
canonical,CANONICAL — REPAIRED G2 OOF,8638,14544,adsorbate,zero_residual_v1,64,0,1,,,,,,1,1
canonical,CANONICAL — REPAIRED G2 OOF,8639,14545,adsorbate,zero_residual_v1,64,0,1,,,,,,1,1
canonical,CANONICAL — REPAIRED G2 OOF,8640,14547,interstitial,zero_residual_v1,64,0,1,,,,,,1,1
canonical,CANONICAL — REPAIRED G2 OOF,8641,14548,adsorbate,zero_residual_v1,64,0,1,,,,,,1,1
canonical,CANONICAL — REPAIRED G2 OOF,8642,14551,adsorbate,zero_residual_v1,64,0,1,,,,,,1,1
canonical,CANONICAL — REPAIRED G2 OOF,8643,14552,adsorbate,zero_residual_v1,64,0,1,,,,,,1,1
canonical,CANONICAL — REPAIRED G2 OOF,8644,14554,adsorbate,zero_residual_v1,64,0,1,,,,,,1,1
canonical,CANONICAL — REPAIRED G2 OOF,8645,14555,adsorbate,zero_residual_v1,64,0,1,,,,,,1,1
canonical,CANONICAL — REPAIRED G2 OOF,8646,14558,adsorbate,zero_residual_v1,64,0,1,,,,,,1,1
canonical,CANONICAL — REPAIRED G2 OOF,8647,14559,adsorbate,zero_residual_v1,64,0,1,,,,,,1,1
canonical,CANONICAL — REPAIRED G2 OOF,8648,14560,interstitial,zero_residual_v1,64,0,1,,,,,,1,1
canonical,CANONICAL — REPAIRED G2 OOF,8649,14563,interstitial,zero_residual_v1,64,0,1,,,,,,1,1
canonical,CANONICAL — REPAIRED G2 OOF,8650,14565,adsorbate,zero_residual_v1,64,0,1,,,,,,1,1
canonical,CANONICAL — REPAIRED G2 OOF,8651,14567,adsorbate,zero_residual_v1,64,0,1,,,,,,1,1
canonical,CANONICAL — REPAIRED G2 OOF,8653,14571,adsorbate,zero_residual_v1,64,0,1,,,,,,1,1
canonical,CANONICAL — REPAIRED G2 OOF,8654,14572,adsorbate,zero_residual_v1,64,0,1,,,,,,1,1
canonical,CANONICAL — REPAIRED G2 OOF,8655,14573,adsorbate,zero_residual_v1,64,0,1,,,,,,1,1
canonical,CANONICAL — REPAIRED G2 OOF,8656,14576,adsorbate,zero_residual_v1,64,0,1,,,,,,1,1
canonical,CANONICAL — REPAIRED G2 OOF,8658,14578,adsorbate,zero_residual_v1,64,0,1,,,,,,1,1
canonical,CANONICAL — REPAIRED G2 OOF,8659,14579,adsorbate,zero_residual_v1,64,0,1,,,,,,1,1
canonical,CANONICAL — REPAIRED G2 OOF,8660,14581,adsorbate,zero_residual_v1,64,0,1,,,,,,1,1
canonical,CANONICAL — REPAIRED G2 OOF,8661,14582,adsorbate,zero_residual_v1,64,0,1,,,,,,1,1
canonical,CANONICAL — REPAIRED G2 OOF,8662,14584,adsorbate,zero_residual_v1,64,0,1,,,,,,1,1
canonical,CANONICAL — REPAIRED G2 OOF,8663,14586,adsorbate,zero_residual_v1,64,0,1,,,,,,1,1
canonical,CANONICAL — REPAIRED G2 OOF,8664,14588,adsorbate,zero_residual_v1,64,0,1,,,,,,1,1
canonical,CANONICAL — REPAIRED G2 OOF,8665,14592,adsorbate,zero_residual_v1,64,0,1,,,,,,1,1
canonical,CANONICAL — REPAIRED G2 OOF,8666,14593,adsorbate,zero_residual_v1,64,0,1,,,,,,1,1
canonical,CANONICAL — REPAIRED G2 OOF,8667,14597,adsorbate,zero_residual_v1,64,0,1,,,,,,1,1
canonical,CANONICAL — REPAIRED G2 OOF,8668,14600,adsorbate,zero_residual_v1,64,0,1,,,,,,1,1
canonical,CANONICAL — REPAIRED G2 OOF,8669,14601,adsorbate,zero_residual_v1,64,0,1,,,,,,1,1
canonical,CANONICAL — REPAIRED G2 OOF,8670,14602,adsorbate,zero_residual_v1,64,0,1,,,,,,1,1
canonical,CANONICAL — REPAIRED G2 OOF,8671,14603,adsorbate,zero_residual_v1,64,0,1,,,,,,1,1
canonical,CANONICAL — REPAIRED G2 OOF,8672,14606,interstitial,zero_residual_v1,64,0,1,,,,,,1,1
canonical,CANONICAL — REPAIRED G2 OOF,8673,14607,adsorbate,zero_residual_v1,64,0,1,,,,,,1,1
canonical,CANONICAL — REPAIRED G2 OOF,8674,14609,adsorbate,zero_residual_v1,64,0,1,,,,,,1,1
canonical,CANONICAL — REPAIRED G2 OOF,8675,14610,adsorbate,zero_residual_v1,64,0,1,,,,,,1,1
canonical,CANONICAL — REPAIRED G2 OOF,8676,14611,adsorbate,zero_residual_v1,64,0,1,,,,,,1,1
canonical,CANONICAL — REPAIRED G2 OOF,8677,14612,adsorbate,zero_residual_v1,64,0,1,,,,,,1,1
canonical,CANONICAL — REPAIRED G2 OOF,8678,14613,adsorbate,zero_residual_v1,64,0,1,,,,,,1,1
canonical,CANONICAL — REPAIRED G2 OOF,8679,14614,adsorbate,zero_residual_v1,64,0,1,,,,,,1,1
canonical,CANONICAL — REPAIRED G2 OOF,8680,14615,adsorbate,zero_residual_v1,64,0,1,,,,,,1,1
canonical,CANONICAL — REPAIRED G2 OOF,8681,14617,adsorbate,zero_residual_v1,64,0,1,,,,,,1,1
canonical,CANONICAL — REPAIRED G2 OOF,8682,14618,interstitial,zero_residual_v1,64,0,1,,,,,,1,1
canonical,CANONICAL — REPAIRED G2 OOF,8683,14619,adsorbate,zero_residual_v1,64,0,1,,,,,,1,1
canonical,CANONICAL — REPAIRED G2 OOF,8684,14621,adsorbate,zero_residual_v1,64,0,1,,,,,,1,1
canonical,CANONICAL — REPAIRED G2 OOF,8685,14622,adsorbate,zero_residual_v1,64,0,1,,,,,,1,1
canonical,CANONICAL — REPAIRED G2 OOF,8686,14623,adsorbate,zero_residual_v1,64,0,1,,,,,,1,1
canonical,CANONICAL — REPAIRED G2 OOF,8687,14624,adsorbate,zero_residual_v1,64,0,1,,,,,,1,1
canonical,CANONICAL — REPAIRED G2 OOF,8688,14627,adsorbate,zero_residual_v1,64,0,1,,,,,,1,1
canonical,CANONICAL — REPAIRED G2 OOF,8689,14630,adsorbate,zero_residual_v1,64,0,1,,,,,,1,1
canonical,CANONICAL — REPAIRED G2 OOF,8690,14631,adsorbate,zero_residual_v1,64,0,1,,,,,,1,1
canonical,CANONICAL — REPAIRED G2 OOF,8691,14632,adsorbate,zero_residual_v1,64,0,1,,,,,,1,1
canonical,CANONICAL — REPAIRED G2 OOF,8692,14633,interstitial,zero_residual_v1,64,0,1,,,,,,1,1
canonical,CANONICAL — REPAIRED G2 OOF,8693,14635,adsorbate,zero_residual_v1,64,0,1,,,,,,1,1
canonical,CANONICAL — REPAIRED G2 OOF,8694,14636,adsorbate,zero_residual_v1,64,0,1,,,,,,1,1
canonical,CANONICAL — REPAIRED G2 OOF,8695,14637,interstitial,zero_residual_v1,64,0,1,,,,,,1,1
canonical,CANONICAL — REPAIRED G2 OOF,8697,14640,adsorbate,zero_residual_v1,64,0,1,,,,,,1,1
canonical,CANONICAL — REPAIRED G2 OOF,8698,14641,adsorbate,zero_residual_v1,64,0,1,,,,,,1,1
canonical,CANONICAL — REPAIRED G2 OOF,8699,14642,interstitial,zero_residual_v1,64,0,1,,,,,,1,1
canonical,CANONICAL — REPAIRED G2 OOF,8700,14648,interstitial,zero_residual_v1,64,0,1,,,,,,1,1
canonical,CANONICAL — REPAIRED G2 OOF,8701,14650,interstitial,zero_residual_v1,64,0,1,,,,,,1,1
canonical,CANONICAL — REPAIRED G2 OOF,8702,14654,interstitial,zero_residual_v1,64,0,1,,,,,,1,1
canonical,CANONICAL — REPAIRED G2 OOF,8703,14656,adsorbate,zero_residual_v1,64,0,1,,,,,,1,1
canonical,CANONICAL — REPAIRED G2 OOF,8704,14658,adsorbate,zero_residual_v1,64,0,1,,,,,,1,1
canonical,CANONICAL — REPAIRED G2 OOF,8705,14659,interstitial,zero_residual_v1,64,0,1,,,,,,1,1
canonical,CANONICAL — REPAIRED G2 OOF,8706,14660,interstitial,zero_residual_v1,64,0,1,,,,,,1,1
canonical,CANONICAL — REPAIRED G2 OOF,8707,14661,interstitial,zero_residual_v1,64,0,1,,,,,,1,1
canonical,CANONICAL — REPAIRED G2 OOF,8708,14663,interstitial,zero_residual_v1,64,0,1,,,,,,1,1
canonical,CANONICAL — REPAIRED G2 OOF,8709,14665,adsorbate,zero_residual_v1,64,0,1,,,,,,1,1
canonical,CANONICAL — REPAIRED G2 OOF,8710,14666,adsorbate,zero_residual_v1,64,0,1,,,,,,1,1
canonical,CANONICAL — REPAIRED G2 OOF,8711,14668,interstitial,zero_residual_v1,64,0,1,,,,,,1,1
canonical,CANONICAL — REPAIRED G2 OOF,8712,14669,adsorbate,zero_residual_v1,64,0,1,,,,,,1,1
canonical,CANONICAL — REPAIRED G2 OOF,8713,14670,adsorbate,zero_residual_v1,64,0,1,,,,,,1,1
canonical,CANONICAL — REPAIRED G2 OOF,8714,14671,adsorbate,zero_residual_v1,64,0,1,,,,,,1,1
canonical,CANONICAL — REPAIRED G2 OOF,8715,14672,adsorbate,zero_residual_v1,64,0,1,,,,,,1,1
canonical,CANONICAL — REPAIRED G2 OOF,8716,14674,adsorbate,zero_residual_v1,64,0,1,,,,,,1,1
canonical,CANONICAL — REPAIRED G2 OOF,8717,14676,adsorbate,zero_residual_v1,64,0,1,,,,,,1,1
canonical,CANONICAL — REPAIRED G2 OOF,8718,14679,adsorbate,zero_residual_v1,64,0,1,,,,,,1,1
canonical,CANONICAL — REPAIRED G2 OOF,8719,14681,adsorbate,zero_residual_v1,64,0,1,,,,,,1,1
canonical,CANONICAL — REPAIRED G2 OOF,8720,14682,adsorbate,zero_residual_v1,64,0,1,,,,,,1,1
canonical,CANONICAL — REPAIRED G2 OOF,8721,14683,adsorbate,zero_residual_v1,64,0,1,,,,,,1,1
canonical,CANONICAL — REPAIRED G2 OOF,8722,14684,adsorbate,zero_residual_v1,64,0,1,,,,,,1,1
canonical,CANONICAL — REPAIRED G2 OOF,8723,14685,adsorbate,zero_residual_v1,64,0,1,,,,,,1,1
canonical,CANONICAL — REPAIRED G2 OOF,8724,14686,interstitial,zero_residual_v1,64,0,1,,,,,,1,1
canonical,CANONICAL — REPAIRED G2 OOF,8725,14689,adsorbate,zero_residual_v1,64,0,1,,,,,,1,1
canonical,CANONICAL — REPAIRED G2 OOF,8726,14692,interstitial,zero_residual_v1,64,0,1,,,,,,1,1
canonical,CANONICAL — REPAIRED G2 OOF,8727,14693,adsorbate,zero_residual_v1,64,0,1,,,,,,1,1
canonical,CANONICAL — REPAIRED G2 OOF,8728,14694,interstitial,zero_residual_v1,64,0,1,,,,,,1,1
canonical,CANONICAL — REPAIRED G2 OOF,8729,14695,adsorbate,zero_residual_v1,64,0,1,,,,,,1,1
canonical,CANONICAL — REPAIRED G2 OOF,8730,14697,adsorbate,zero_residual_v1,64,0,1,,,,,,1,1
canonical,CANONICAL — REPAIRED G2 OOF,8731,14701,interstitial,zero_residual_v1,64,0,1,,,,,,1,1
canonical,CANONICAL — REPAIRED G2 OOF,8732,14703,adsorbate,zero_residual_v1,64,0,1,,,,,,1,1
canonical,CANONICAL — REPAIRED G2 OOF,8733,14704,interstitial,zero_residual_v1,64,0,1,,,,,,1,1
canonical,CANONICAL — REPAIRED G2 OOF,8734,14705,adsorbate,zero_residual_v1,64,0,1,,,,,,1,1
canonical,CANONICAL — REPAIRED G2 OOF,8735,14707,adsorbate,zero_residual_v1,64,0,1,,,,,,1,1
canonical,CANONICAL — REPAIRED G2 OOF,8737,14711,adsorbate,zero_residual_v1,64,0,1,,,,,,1,1
canonical,CANONICAL — REPAIRED G2 OOF,8738,14712,adsorbate,zero_residual_v1,64,0,1,,,,,,1,1
canonical,CANONICAL — REPAIRED G2 OOF,8739,14715,adsorbate,zero_residual_v1,64,0,1,,,,,,1,1
canonical,CANONICAL — REPAIRED G2 OOF,8740,14719,adsorbate,zero_residual_v1,64,0,1,,,,,,1,1
canonical,CANONICAL — REPAIRED G2 OOF,8742,14722,interstitial,zero_residual_v1,64,0,1,,,,,,1,1
canonical,CANONICAL — REPAIRED G2 OOF,8743,14723,interstitial,zero_residual_v1,64,0,1,,,,,,1,1
canonical,CANONICAL — REPAIRED G2 OOF,8744,14724,adsorbate,zero_residual_v1,64,0,1,,,,,,1,1
canonical,CANONICAL — REPAIRED G2 OOF,8745,14725,adsorbate,zero_residual_v1,64,0,1,,,,,,1,1
canonical,CANONICAL — REPAIRED G2 OOF,8747,14730,adsorbate,zero_residual_v1,64,0,1,,,,,,1,1
canonical,CANONICAL — REPAIRED G2 OOF,8748,14731,adsorbate,zero_residual_v1,64,0,1,,,,,,1,1
canonical,CANONICAL — REPAIRED G2 OOF,8749,14733,interstitial,zero_residual_v1,64,0,1,,,,,,1,1
canonical,CANONICAL — REPAIRED G2 OOF,8750,14735,adsorbate,zero_residual_v1,64,0,1,,,,,,1,1
canonical,CANONICAL — REPAIRED G2 OOF,8751,14738,adsorbate,zero_residual_v1,64,0,1,,,,,,1,1
canonical,CANONICAL — REPAIRED G2 OOF,8752,14739,interstitial,zero_residual_v1,64,0,1,,,,,,1,1
canonical,CANONICAL — REPAIRED G2 OOF,8753,14740,adsorbate,zero_residual_v1,64,0,1,,,,,,1,1
canonical,CANONICAL — REPAIRED G2 OOF,8754,14741,adsorbate,zero_residual_v1,64,0,1,,,,,,1,1
canonical,CANONICAL — REPAIRED G2 OOF,8755,14742,interstitial,zero_residual_v1,64,0,1,,,,,,1,1
canonical,CANONICAL — REPAIRED G2 OOF,8756,14743,adsorbate,zero_residual_v1,64,0,1,,,,,,1,1
canonical,CANONICAL — REPAIRED G2 OOF,8757,14746,interstitial,zero_residual_v1,64,0,1,,,,,,1,1
canonical,CANONICAL — REPAIRED G2 OOF,8758,14748,adsorbate,zero_residual_v1,64,0,1,,,,,,1,1
canonical,CANONICAL — REPAIRED G2 OOF,8759,14750,adsorbate,zero_residual_v1,64,0,1,,,,,,1,1
canonical,CANONICAL — REPAIRED G2 OOF,8760,14751,adsorbate,zero_residual_v1,64,0,1,,,,,,1,1
canonical,CANONICAL — REPAIRED G2 OOF,8761,14752,adsorbate,zero_residual_v1,64,0,1,,,,,,1,1
canonical,CANONICAL — REPAIRED G2 OOF,8762,14753,adsorbate,zero_residual_v1,64,0,1,,,,,,1,1
canonical,CANONICAL — REPAIRED G2 OOF,8763,14754,adsorbate,zero_residual_v1,64,0,1,,,,,,1,1
canonical,CANONICAL — REPAIRED G2 OOF,8764,14755,adsorbate,zero_residual_v1,64,0,1,,,,,,1,1
canonical,CANONICAL — REPAIRED G2 OOF,8765,14756,adsorbate,zero_residual_v1,64,0,1,,,,,,1,1
canonical,CANONICAL — REPAIRED G2 OOF,8766,14760,interstitial,zero_residual_v1,64,0,1,,,,,,1,1
canonical,CANONICAL — REPAIRED G2 OOF,8767,14764,adsorbate,zero_residual_v1,64,0,1,,,,,,1,1
canonical,CANONICAL — REPAIRED G2 OOF,8768,14765,adsorbate,zero_residual_v1,64,0,1,,,,,,1,1
canonical,CANONICAL — REPAIRED G2 OOF,8769,14766,adsorbate,zero_residual_v1,64,0,1,,,,,,1,1
canonical,CANONICAL — REPAIRED G2 OOF,8770,14768,adsorbate,zero_residual_v1,64,0,1,,,,,,1,1
canonical,CANONICAL — REPAIRED G2 OOF,8771,14769,adsorbate,zero_residual_v1,64,0,1,,,,,,1,1
canonical,CANONICAL — REPAIRED G2 OOF,8772,14770,adsorbate,zero_residual_v1,64,0,1,,,,,,1,1
canonical,CANONICAL — REPAIRED G2 OOF,8773,14773,interstitial,zero_residual_v1,64,0,1,,,,,,1,1
canonical,CANONICAL — REPAIRED G2 OOF,8774,14775,interstitial,zero_residual_v1,64,0,1,,,,,,1,1
canonical,CANONICAL — REPAIRED G2 OOF,8775,14776,adsorbate,zero_residual_v1,64,0,1,,,,,,1,1
canonical,CANONICAL — REPAIRED G2 OOF,8776,14781,adsorbate,zero_residual_v1,64,0,1,,,,,,1,1
canonical,CANONICAL — REPAIRED G2 OOF,8777,14783,adsorbate,zero_residual_v1,64,0,1,,,,,,1,1
canonical,CANONICAL — REPAIRED G2 OOF,8778,14786,adsorbate,zero_residual_v1,64,0,1,,,,,,1,1
canonical,CANONICAL — REPAIRED G2 OOF,8779,14788,adsorbate,zero_residual_v1,64,0,1,,,,,,1,1
canonical,CANONICAL — REPAIRED G2 OOF,8780,14789,adsorbate,zero_residual_v1,64,0,1,,,,,,1,1
canonical,CANONICAL — REPAIRED G2 OOF,8781,14790,interstitial,zero_residual_v1,64,0,1,,,,,,1,1
canonical,CANONICAL — REPAIRED G2 OOF,8782,14791,adsorbate,zero_residual_v1,64,0,1,,,,,,1,1
canonical,CANONICAL — REPAIRED G2 OOF,8783,14792,adsorbate,zero_residual_v1,64,0,1,,,,,,1,1
canonical,CANONICAL — REPAIRED G2 OOF,8784,14793,adsorbate,zero_residual_v1,64,0,1,,,,,,1,1
canonical,CANONICAL — REPAIRED G2 OOF,8785,14795,adsorbate,zero_residual_v1,64,0,1,,,,,,1,1
canonical,CANONICAL — REPAIRED G2 OOF,8786,14797,adsorbate,zero_residual_v1,64,0,1,,,,,,1,1
canonical,CANONICAL — REPAIRED G2 OOF,8787,14799,adsorbate,zero_residual_v1,64,0,1,,,,,,1,1
canonical,CANONICAL — REPAIRED G2 OOF,8788,14801,adsorbate,zero_residual_v1,64,0,1,,,,,,1,1
canonical,CANONICAL — REPAIRED G2 OOF,8789,14802,adsorbate,zero_residual_v1,64,0,1,,,,,,1,1
canonical,CANONICAL — REPAIRED G2 OOF,8790,14803,interstitial,zero_residual_v1,64,0,1,,,,,,1,1
canonical,CANONICAL — REPAIRED G2 OOF,8791,14804,interstitial,zero_residual_v1,64,0,1,,,,,,1,1
canonical,CANONICAL — REPAIRED G2 OOF,8792,14805,adsorbate,zero_residual_v1,64,0,1,,,,,,1,1
canonical,CANONICAL — REPAIRED G2 OOF,8793,14806,interstitial,zero_residual_v1,64,0,1,,,,,,1,1
canonical,CANONICAL — REPAIRED G2 OOF,8794,14807,adsorbate,zero_residual_v1,64,0,1,,,,,,1,1
canonical,CANONICAL — REPAIRED G2 OOF,8795,14810,interstitial,zero_residual_v1,64,0,1,,,,,,1,1
canonical,CANONICAL — REPAIRED G2 OOF,8796,14811,adsorbate,zero_residual_v1,64,0,1,,,,,,1,1
canonical,CANONICAL — REPAIRED G2 OOF,8797,14813,adsorbate,zero_residual_v1,64,0,1,,,,,,1,1
canonical,CANONICAL — REPAIRED G2 OOF,8798,14814,adsorbate,zero_residual_v1,64,0,1,,,,,,1,1
canonical,CANONICAL — REPAIRED G2 OOF,8799,14818,interstitial,zero_residual_v1,64,0,1,,,,,,1,1
canonical,CANONICAL — REPAIRED G2 OOF,8801,14824,interstitial,zero_residual_v1,64,0,1,,,,,,1,1
canonical,CANONICAL — REPAIRED G2 OOF,8802,14825,adsorbate,zero_residual_v1,64,0,1,,,,,,1,1
canonical,CANONICAL — REPAIRED G2 OOF,8803,14826,adsorbate,zero_residual_v1,64,0,1,,,,,,1,1
canonical,CANONICAL — REPAIRED G2 OOF,8804,14828,adsorbate,zero_residual_v1,64,0,1,,,,,,1,1
canonical,CANONICAL — REPAIRED G2 OOF,8805,14830,adsorbate,zero_residual_v1,64,0,1,,,,,,1,1
canonical,CANONICAL — REPAIRED G2 OOF,8806,14831,adsorbate,zero_residual_v1,64,0,1,,,,,,1,1
canonical,CANONICAL — REPAIRED G2 OOF,8807,14833,adsorbate,zero_residual_v1,64,0,1,,,,,,1,1
canonical,CANONICAL — REPAIRED G2 OOF,8808,14834,adsorbate,zero_residual_v1,64,0,1,,,,,,1,1
canonical,CANONICAL — REPAIRED G2 OOF,8809,14835,interstitial,zero_residual_v1,64,0,1,,,,,,1,1
canonical,CANONICAL — REPAIRED G2 OOF,8810,14836,adsorbate,zero_residual_v1,64,0,1,,,,,,1,1
canonical,CANONICAL — REPAIRED G2 OOF,8811,14838,interstitial,zero_residual_v1,64,0,1,,,,,,1,1
canonical,CANONICAL — REPAIRED G2 OOF,8812,14839,interstitial,zero_residual_v1,64,0,1,,,,,,1,1
canonical,CANONICAL — REPAIRED G2 OOF,8813,14841,interstitial,zero_residual_v1,64,0,1,,,,,,1,1
canonical,CANONICAL — REPAIRED G2 OOF,8814,14843,adsorbate,zero_residual_v1,64,0,1,,,,,,1,1
canonical,CANONICAL — REPAIRED G2 OOF,8815,14844,adsorbate,zero_residual_v1,64,0,1,,,,,,1,1
canonical,CANONICAL — REPAIRED G2 OOF,8816,14845,interstitial,zero_residual_v1,64,0,1,,,,,,1,1
canonical,CANONICAL — REPAIRED G2 OOF,8817,14846,adsorbate,zero_residual_v1,64,0,1,,,,,,1,1
canonical,CANONICAL — REPAIRED G2 OOF,8819,14850,interstitial,zero_residual_v1,64,0,1,,,,,,1,1
canonical,CANONICAL — REPAIRED G2 OOF,8820,14855,adsorbate,zero_residual_v1,64,0,1,,,,,,1,1
canonical,CANONICAL — REPAIRED G2 OOF,8821,14857,interstitial,zero_residual_v1,64,0,1,,,,,,1,1
canonical,CANONICAL — REPAIRED G2 OOF,8822,14858,interstitial,zero_residual_v1,64,0,1,,,,,,1,1
canonical,CANONICAL — REPAIRED G2 OOF,8823,14860,adsorbate,zero_residual_v1,64,0,1,,,,,,1,1
canonical,CANONICAL — REPAIRED G2 OOF,8824,14862,adsorbate,zero_residual_v1,64,0,1,,,,,,1,1
canonical,CANONICAL — REPAIRED G2 OOF,8825,14863,adsorbate,zero_residual_v1,64,0,1,,,,,,1,1
canonical,CANONICAL — REPAIRED G2 OOF,8826,14864,adsorbate,zero_residual_v1,64,0,1,,,,,,1,1
canonical,CANONICAL — REPAIRED G2 OOF,8827,14865,adsorbate,zero_residual_v1,64,0,1,,,,,,1,1
canonical,CANONICAL — REPAIRED G2 OOF,8828,14867,adsorbate,zero_residual_v1,64,0,1,,,,,,1,1
canonical,CANONICAL — REPAIRED G2 OOF,8829,14868,interstitial,zero_residual_v1,64,0,1,,,,,,1,1
canonical,CANONICAL — REPAIRED G2 OOF,8830,14869,adsorbate,zero_residual_v1,64,0,1,,,,,,1,1
canonical,CANONICAL — REPAIRED G2 OOF,8831,14870,interstitial,zero_residual_v1,64,0,1,,,,,,1,1
canonical,CANONICAL — REPAIRED G2 OOF,8832,14871,adsorbate,zero_residual_v1,64,0,1,,,,,,1,1
canonical,CANONICAL — REPAIRED G2 OOF,8833,14873,interstitial,zero_residual_v1,64,0,1,,,,,,1,1
canonical,CANONICAL — REPAIRED G2 OOF,8834,14874,interstitial,zero_residual_v1,64,0,1,,,,,,1,1
canonical,CANONICAL — REPAIRED G2 OOF,8835,14875,adsorbate,zero_residual_v1,64,0,1,,,,,,1,1
canonical,CANONICAL — REPAIRED G2 OOF,8836,14876,adsorbate,zero_residual_v1,64,0,1,,,,,,1,1
canonical,CANONICAL — REPAIRED G2 OOF,8837,14878,adsorbate,zero_residual_v1,64,0,1,,,,,,1,1
canonical,CANONICAL — REPAIRED G2 OOF,8838,14880,adsorbate,zero_residual_v1,64,0,1,,,,,,1,1
canonical,CANONICAL — REPAIRED G2 OOF,8839,14882,adsorbate,zero_residual_v1,64,0,1,,,,,,1,1
canonical,CANONICAL — REPAIRED G2 OOF,8840,14883,adsorbate,zero_residual_v1,64,0,1,,,,,,1,1
canonical,CANONICAL — REPAIRED G2 OOF,8841,14884,adsorbate,zero_residual_v1,64,0,1,,,,,,1,1
canonical,CANONICAL — REPAIRED G2 OOF,8842,14885,adsorbate,zero_residual_v1,64,0,1,,,,,,1,1
canonical,CANONICAL — REPAIRED G2 OOF,8843,14886,adsorbate,zero_residual_v1,64,0,1,,,,,,1,1
canonical,CANONICAL — REPAIRED G2 OOF,8844,14887,adsorbate,zero_residual_v1,64,0,1,,,,,,1,1
canonical,CANONICAL — REPAIRED G2 OOF,8845,14888,interstitial,zero_residual_v1,64,0,1,,,,,,1,1
canonical,CANONICAL — REPAIRED G2 OOF,8846,14889,adsorbate,zero_residual_v1,64,0,1,,,,,,1,1
canonical,CANONICAL — REPAIRED G2 OOF,8847,14891,interstitial,zero_residual_v1,64,0,1,,,,,,1,1
canonical,CANONICAL — REPAIRED G2 OOF,8849,14894,adsorbate,zero_residual_v1,64,0,1,,,,,,1,1
canonical,CANONICAL — REPAIRED G2 OOF,8850,14895,interstitial,zero_residual_v1,64,0,1,,,,,,1,1
canonical,CANONICAL — REPAIRED G2 OOF,8851,14897,adsorbate,zero_residual_v1,64,0,1,,,,,,1,1
canonical,CANONICAL — REPAIRED G2 OOF,8852,14899,interstitial,zero_residual_v1,64,0,1,,,,,,1,1
canonical,CANONICAL — REPAIRED G2 OOF,8853,14901,adsorbate,zero_residual_v1,64,0,1,,,,,,1,1
canonical,CANONICAL — REPAIRED G2 OOF,8854,14904,adsorbate,zero_residual_v1,64,0,1,,,,,,1,1
canonical,CANONICAL — REPAIRED G2 OOF,8855,14907,adsorbate,zero_residual_v1,64,0,1,,,,,,1,1
canonical,CANONICAL — REPAIRED G2 OOF,8856,14909,adsorbate,zero_residual_v1,64,0,1,,,,,,1,1
canonical,CANONICAL — REPAIRED G2 OOF,8857,14910,adsorbate,zero_residual_v1,64,0,1,,,,,,1,1
canonical,CANONICAL — REPAIRED G2 OOF,8858,14913,interstitial,zero_residual_v1,64,0,1,,,,,,1,1
canonical,CANONICAL — REPAIRED G2 OOF,8860,14916,adsorbate,zero_residual_v1,64,0,1,,,,,,1,1
canonical,CANONICAL — REPAIRED G2 OOF,8861,14917,adsorbate,zero_residual_v1,64,0,1,,,,,,1,1
canonical,CANONICAL — REPAIRED G2 OOF,8862,14918,adsorbate,zero_residual_v1,64,0,1,,,,,,1,1
canonical,CANONICAL — REPAIRED G2 OOF,8864,14921,adsorbate,zero_residual_v1,64,0,1,,,,,,1,1
canonical,CANONICAL — REPAIRED G2 OOF,8865,14924,adsorbate,zero_residual_v1,64,0,1,,,,,,1,1
canonical,CANONICAL — REPAIRED G2 OOF,8866,14927,adsorbate,zero_residual_v1,64,0,1,,,,,,1,1
canonical,CANONICAL — REPAIRED G2 OOF,8867,14928,adsorbate,zero_residual_v1,64,0,1,,,,,,1,1
canonical,CANONICAL — REPAIRED G2 OOF,8868,14929,adsorbate,zero_residual_v1,64,0,1,,,,,,1,1
canonical,CANONICAL — REPAIRED G2 OOF,8869,14930,adsorbate,zero_residual_v1,64,0,1,,,,,,1,1
canonical,CANONICAL — REPAIRED G2 OOF,8870,14931,adsorbate,zero_residual_v1,64,0,1,,,,,,1,1
canonical,CANONICAL — REPAIRED G2 OOF,8871,14934,adsorbate,zero_residual_v1,64,0,1,,,,,,1,1
canonical,CANONICAL — REPAIRED G2 OOF,8872,14935,adsorbate,zero_residual_v1,64,0,1,,,,,,1,1
canonical,CANONICAL — REPAIRED G2 OOF,8873,14937,interstitial,zero_residual_v1,64,0,1,,,,,,1,1
canonical,CANONICAL — REPAIRED G2 OOF,8874,14938,adsorbate,zero_residual_v1,64,0,1,,,,,,1,1
canonical,CANONICAL — REPAIRED G2 OOF,8875,14939,adsorbate,zero_residual_v1,64,0,1,,,,,,1,1
canonical,CANONICAL — REPAIRED G2 OOF,8876,14942,adsorbate,zero_residual_v1,64,0,1,,,,,,1,1
canonical,CANONICAL — REPAIRED G2 OOF,8877,14943,adsorbate,zero_residual_v1,64,0,1,,,,,,1,1
canonical,CANONICAL — REPAIRED G2 OOF,8878,14944,adsorbate,zero_residual_v1,64,0,1,,,,,,1,1
canonical,CANONICAL — REPAIRED G2 OOF,8879,14946,adsorbate,zero_residual_v1,64,0,1,,,,,,1,1
canonical,CANONICAL — REPAIRED G2 OOF,8880,14950,interstitial,zero_residual_v1,64,0,1,,,,,,1,1
canonical,CANONICAL — REPAIRED G2 OOF,8881,14951,interstitial,zero_residual_v1,64,0,1,,,,,,1,1
canonical,CANONICAL — REPAIRED G2 OOF,8882,14953,adsorbate,zero_residual_v1,64,0,1,,,,,,1,1
canonical,CANONICAL — REPAIRED G2 OOF,8883,14955,adsorbate,zero_residual_v1,64,0,1,,,,,,1,1
canonical,CANONICAL — REPAIRED G2 OOF,8884,14959,adsorbate,zero_residual_v1,64,0,1,,,,,,1,1
canonical,CANONICAL — REPAIRED G2 OOF,8885,14960,interstitial,zero_residual_v1,64,0,1,,,,,,1,1
canonical,CANONICAL — REPAIRED G2 OOF,8886,14962,adsorbate,zero_residual_v1,64,0,1,,,,,,1,1
canonical,CANONICAL — REPAIRED G2 OOF,8887,14963,adsorbate,zero_residual_v1,64,0,1,,,,,,1,1
canonical,CANONICAL — REPAIRED G2 OOF,8888,14965,adsorbate,zero_residual_v1,64,0,1,,,,,,1,1
canonical,CANONICAL — REPAIRED G2 OOF,8889,14966,adsorbate,zero_residual_v1,64,0,1,,,,,,1,1
canonical,CANONICAL — REPAIRED G2 OOF,8890,14967,adsorbate,zero_residual_v1,64,0,1,,,,,,1,1
canonical,CANONICAL — REPAIRED G2 OOF,8891,14968,interstitial,zero_residual_v1,64,0,1,,,,,,1,1
canonical,CANONICAL — REPAIRED G2 OOF,8892,14970,adsorbate,zero_residual_v1,64,0,1,,,,,,1,1
canonical,CANONICAL — REPAIRED G2 OOF,8893,14972,adsorbate,zero_residual_v1,64,0,1,,,,,,1,1
canonical,CANONICAL — REPAIRED G2 OOF,8894,14973,interstitial,zero_residual_v1,64,0,1,,,,,,1,1
canonical,CANONICAL — REPAIRED G2 OOF,8895,14976,adsorbate,zero_residual_v1,64,0,1,,,,,,1,1
canonical,CANONICAL — REPAIRED G2 OOF,8896,14977,adsorbate,zero_residual_v1,64,0,1,,,,,,1,1
canonical,CANONICAL — REPAIRED G2 OOF,8897,14978,adsorbate,zero_residual_v1,64,0,1,,,,,,1,1
canonical,CANONICAL — REPAIRED G2 OOF,8898,14979,adsorbate,zero_residual_v1,64,0,1,,,,,,1,1
canonical,CANONICAL — REPAIRED G2 OOF,8899,14981,adsorbate,zero_residual_v1,64,0,1,,,,,,1,1
canonical,CANONICAL — REPAIRED G2 OOF,8901,14983,adsorbate,zero_residual_v1,64,0,1,,,,,,1,1
canonical,CANONICAL — REPAIRED G2 OOF,8902,14984,adsorbate,zero_residual_v1,64,0,1,,,,,,1,1
canonical,CANONICAL — REPAIRED G2 OOF,8903,14988,adsorbate,zero_residual_v1,64,0,1,,,,,,1,1
canonical,CANONICAL — REPAIRED G2 OOF,8904,14989,adsorbate,zero_residual_v1,64,0,1,,,,,,1,1
canonical,CANONICAL — REPAIRED G2 OOF,8905,14991,adsorbate,zero_residual_v1,64,0,1,,,,,,1,1
canonical,CANONICAL — REPAIRED G2 OOF,8906,14992,adsorbate,zero_residual_v1,64,0,1,,,,,,1,1
canonical,CANONICAL — REPAIRED G2 OOF,8907,14993,interstitial,zero_residual_v1,64,0,1,,,,,,1,1
canonical,CANONICAL — REPAIRED G2 OOF,8909,14996,adsorbate,zero_residual_v1,64,0,1,,,,,,1,1
canonical,CANONICAL — REPAIRED G2 OOF,8910,14997,adsorbate,zero_residual_v1,64,0,1,,,,,,1,1
canonical,CANONICAL — REPAIRED G2 OOF,8911,15002,adsorbate,zero_residual_v1,64,0,1,,,,,,1,1
canonical,CANONICAL — REPAIRED G2 OOF,8912,15003,adsorbate,zero_residual_v1,64,0,1,,,,,,1,1
canonical,CANONICAL — REPAIRED G2 OOF,8913,15005,interstitial,zero_residual_v1,64,0,1,,,,,,1,1
canonical,CANONICAL — REPAIRED G2 OOF,8914,15008,adsorbate,zero_residual_v1,64,0,1,,,,,,1,1
canonical,CANONICAL — REPAIRED G2 OOF,8915,15009,adsorbate,zero_residual_v1,64,0,1,,,,,,1,1
canonical,CANONICAL — REPAIRED G2 OOF,8916,15010,adsorbate,zero_residual_v1,64,0,1,,,,,,1,1
canonical,CANONICAL — REPAIRED G2 OOF,8917,15011,interstitial,zero_residual_v1,64,0,1,,,,,,1,1
canonical,CANONICAL — REPAIRED G2 OOF,8918,15014,adsorbate,zero_residual_v1,64,0,1,,,,,,1,1
canonical,CANONICAL — REPAIRED G2 OOF,8919,15015,adsorbate,zero_residual_v1,64,0,1,,,,,,1,1
canonical,CANONICAL — REPAIRED G2 OOF,8921,15017,interstitial,zero_residual_v1,64,0,1,,,,,,1,1
canonical,CANONICAL — REPAIRED G2 OOF,8922,15022,interstitial,zero_residual_v1,64,0,1,,,,,,1,1
canonical,CANONICAL — REPAIRED G2 OOF,8923,15023,interstitial,zero_residual_v1,64,0,1,,,,,,1,1
canonical,CANONICAL — REPAIRED G2 OOF,8924,15024,interstitial,zero_residual_v1,64,0,1,,,,,,1,1
canonical,CANONICAL — REPAIRED G2 OOF,8925,15026,interstitial,zero_residual_v1,64,0,1,,,,,,1,1
canonical,CANONICAL — REPAIRED G2 OOF,8926,15027,adsorbate,zero_residual_v1,64,0,1,,,,,,1,1
canonical,CANONICAL — REPAIRED G2 OOF,8927,15028,interstitial,zero_residual_v1,64,0,1,,,,,,1,1
canonical,CANONICAL — REPAIRED G2 OOF,8928,15030,adsorbate,zero_residual_v1,64,0,1,,,,,,1,1
canonical,CANONICAL — REPAIRED G2 OOF,8929,15031,interstitial,zero_residual_v1,64,0,1,,,,,,1,1
canonical,CANONICAL — REPAIRED G2 OOF,8930,15033,adsorbate,zero_residual_v1,64,0,1,,,,,,1,1
canonical,CANONICAL — REPAIRED G2 OOF,8931,15034,adsorbate,zero_residual_v1,64,0,1,,,,,,1,1
canonical,CANONICAL — REPAIRED G2 OOF,8932,15036,adsorbate,zero_residual_v1,64,0,1,,,,,,1,1
canonical,CANONICAL — REPAIRED G2 OOF,8933,15037,adsorbate,zero_residual_v1,64,0,1,,,,,,1,1
canonical,CANONICAL — REPAIRED G2 OOF,8934,15039,adsorbate,zero_residual_v1,64,0,1,,,,,,1,1
canonical,CANONICAL — REPAIRED G2 OOF,8935,15040,interstitial,zero_residual_v1,64,0,1,,,,,,1,1
canonical,CANONICAL — REPAIRED G2 OOF,8936,15041,interstitial,zero_residual_v1,64,0,1,,,,,,1,1
canonical,CANONICAL — REPAIRED G2 OOF,8937,15043,interstitial,zero_residual_v1,64,0,1,,,,,,1,1
canonical,CANONICAL — REPAIRED G2 OOF,8938,15044,adsorbate,zero_residual_v1,64,0,1,,,,,,1,1
canonical,CANONICAL — REPAIRED G2 OOF,8939,15046,adsorbate,zero_residual_v1,64,0,1,,,,,,1,1
canonical,CANONICAL — REPAIRED G2 OOF,8940,15047,adsorbate,zero_residual_v1,64,0,1,,,,,,1,1
canonical,CANONICAL — REPAIRED G2 OOF,8941,15049,adsorbate,zero_residual_v1,64,0,1,,,,,,1,1
canonical,CANONICAL — REPAIRED G2 OOF,8942,15052,interstitial,zero_residual_v1,64,0,1,,,,,,1,1
canonical,CANONICAL — REPAIRED G2 OOF,8943,15054,interstitial,zero_residual_v1,64,0,1,,,,,,1,1
canonical,CANONICAL — REPAIRED G2 OOF,8944,15058,adsorbate,zero_residual_v1,64,0,1,,,,,,1,1
canonical,CANONICAL — REPAIRED G2 OOF,8945,15059,adsorbate,zero_residual_v1,64,0,1,,,,,,1,1
canonical,CANONICAL — REPAIRED G2 OOF,8946,15060,adsorbate,zero_residual_v1,64,0,1,,,,,,1,1
canonical,CANONICAL — REPAIRED G2 OOF,8947,15061,interstitial,zero_residual_v1,64,0,1,,,,,,1,1
canonical,CANONICAL — REPAIRED G2 OOF,8948,15062,interstitial,zero_residual_v1,64,0,1,,,,,,1,1
canonical,CANONICAL — REPAIRED G2 OOF,8949,15064,adsorbate,zero_residual_v1,64,0,1,,,,,,1,1
canonical,CANONICAL — REPAIRED G2 OOF,8950,15065,adsorbate,zero_residual_v1,64,0,1,,,,,,1,1
canonical,CANONICAL — REPAIRED G2 OOF,8951,15066,adsorbate,zero_residual_v1,64,0,1,,,,,,1,1
canonical,CANONICAL — REPAIRED G2 OOF,8952,15067,adsorbate,zero_residual_v1,64,0,1,,,,,,1,1
canonical,CANONICAL — REPAIRED G2 OOF,8953,15069,adsorbate,zero_residual_v1,64,0,1,,,,,,1,1
canonical,CANONICAL — REPAIRED G2 OOF,8954,15071,interstitial,zero_residual_v1,64,0,1,,,,,,1,1
canonical,CANONICAL — REPAIRED G2 OOF,8955,15073,adsorbate,zero_residual_v1,64,0,1,,,,,,1,1
canonical,CANONICAL — REPAIRED G2 OOF,8956,15074,adsorbate,zero_residual_v1,64,0,1,,,,,,1,1
canonical,CANONICAL — REPAIRED G2 OOF,8957,15075,interstitial,zero_residual_v1,64,0,1,,,,,,1,1
canonical,CANONICAL — REPAIRED G2 OOF,8958,15076,interstitial,zero_residual_v1,64,0,1,,,,,,1,1
canonical,CANONICAL — REPAIRED G2 OOF,8959,15079,interstitial,zero_residual_v1,64,0,1,,,,,,1,1
canonical,CANONICAL — REPAIRED G2 OOF,8960,15080,adsorbate,zero_residual_v1,64,0,1,,,,,,1,1
canonical,CANONICAL — REPAIRED G2 OOF,8961,15082,adsorbate,zero_residual_v1,64,0,1,,,,,,1,1
canonical,CANONICAL — REPAIRED G2 OOF,8962,15084,adsorbate,zero_residual_v1,64,0,1,,,,,,1,1
canonical,CANONICAL — REPAIRED G2 OOF,8963,15085,adsorbate,zero_residual_v1,64,0,1,,,,,,1,1
canonical,CANONICAL — REPAIRED G2 OOF,8964,15087,adsorbate,zero_residual_v1,64,0,1,,,,,,1,1
canonical,CANONICAL — REPAIRED G2 OOF,8965,15088,adsorbate,zero_residual_v1,64,0,1,,,,,,1,1
canonical,CANONICAL — REPAIRED G2 OOF,8966,15090,adsorbate,zero_residual_v1,64,0,1,,,,,,1,1
canonical,CANONICAL — REPAIRED G2 OOF,8967,15091,adsorbate,zero_residual_v1,64,0,1,,,,,,1,1
canonical,CANONICAL — REPAIRED G2 OOF,8968,15092,adsorbate,zero_residual_v1,64,0,1,,,,,,1,1
canonical,CANONICAL — REPAIRED G2 OOF,8969,15095,adsorbate,zero_residual_v1,64,0,1,,,,,,1,1
canonical,CANONICAL — REPAIRED G2 OOF,8970,15097,adsorbate,zero_residual_v1,64,0,1,,,,,,1,1
canonical,CANONICAL — REPAIRED G2 OOF,8971,15098,adsorbate,zero_residual_v1,64,0,1,,,,,,1,1
canonical,CANONICAL — REPAIRED G2 OOF,8972,15100,interstitial,zero_residual_v1,64,0,1,,,,,,1,1
canonical,CANONICAL — REPAIRED G2 OOF,8973,15101,adsorbate,zero_residual_v1,64,0,1,,,,,,1,1
canonical,CANONICAL — REPAIRED G2 OOF,8974,15102,adsorbate,zero_residual_v1,64,0,1,,,,,,1,1
canonical,CANONICAL — REPAIRED G2 OOF,8975,15103,adsorbate,zero_residual_v1,64,0,1,,,,,,1,1
canonical,CANONICAL — REPAIRED G2 OOF,8976,15106,interstitial,zero_residual_v1,64,0,1,,,,,,1,1
canonical,CANONICAL — REPAIRED G2 OOF,8977,15107,adsorbate,zero_residual_v1,64,0,1,,,,,,1,1
canonical,CANONICAL — REPAIRED G2 OOF,8979,15111,interstitial,zero_residual_v1,64,0,1,,,,,,1,1
canonical,CANONICAL — REPAIRED G2 OOF,8980,15115,adsorbate,zero_residual_v1,64,0,1,,,,,,1,1
canonical,CANONICAL — REPAIRED G2 OOF,8981,15116,adsorbate,zero_residual_v1,64,0,1,,,,,,1,1
canonical,CANONICAL — REPAIRED G2 OOF,8982,15118,adsorbate,zero_residual_v1,64,0,1,,,,,,1,1
canonical,CANONICAL — REPAIRED G2 OOF,8983,15119,adsorbate,zero_residual_v1,64,0,1,,,,,,1,1
canonical,CANONICAL — REPAIRED G2 OOF,8984,15120,interstitial,zero_residual_v1,64,0,1,,,,,,1,1
canonical,CANONICAL — REPAIRED G2 OOF,8985,15123,interstitial,zero_residual_v1,64,0,1,,,,,,1,1
canonical,CANONICAL — REPAIRED G2 OOF,8986,15125,adsorbate,zero_residual_v1,64,0,1,,,,,,1,1
canonical,CANONICAL — REPAIRED G2 OOF,8987,15126,adsorbate,zero_residual_v1,64,0,1,,,,,,1,1
canonical,CANONICAL — REPAIRED G2 OOF,8988,15127,adsorbate,zero_residual_v1,64,0,1,,,,,,1,1
canonical,CANONICAL — REPAIRED G2 OOF,8989,15128,adsorbate,zero_residual_v1,64,0,1,,,,,,1,1
canonical,CANONICAL — REPAIRED G2 OOF,8990,15129,adsorbate,zero_residual_v1,64,0,1,,,,,,1,1
canonical,CANONICAL — REPAIRED G2 OOF,8991,15130,adsorbate,zero_residual_v1,64,0,1,,,,,,1,1
canonical,CANONICAL — REPAIRED G2 OOF,8992,15131,adsorbate,zero_residual_v1,64,0,1,,,,,,1,1
canonical,CANONICAL — REPAIRED G2 OOF,8993,15132,adsorbate,zero_residual_v1,64,0,1,,,,,,1,1
canonical,CANONICAL — REPAIRED G2 OOF,8994,15133,interstitial,zero_residual_v1,64,0,1,,,,,,1,1
canonical,CANONICAL — REPAIRED G2 OOF,8995,15135,adsorbate,zero_residual_v1,64,0,1,,,,,,1,1
canonical,CANONICAL — REPAIRED G2 OOF,8996,15136,adsorbate,zero_residual_v1,64,0,1,,,,,,1,1
canonical,CANONICAL — REPAIRED G2 OOF,8997,15138,interstitial,zero_residual_v1,64,0,1,,,,,,1,1
canonical,CANONICAL — REPAIRED G2 OOF,8998,15139,adsorbate,zero_residual_v1,64,0,1,,,,,,1,1
canonical,CANONICAL — REPAIRED G2 OOF,8999,15140,interstitial,zero_residual_v1,64,0,1,,,,,,1,1
canonical,CANONICAL — REPAIRED G2 OOF,9000,15141,adsorbate,zero_residual_v1,64,0,1,,,,,,1,1
canonical,CANONICAL — REPAIRED G2 OOF,9001,15142,interstitial,zero_residual_v1,64,0,1,,,,,,1,1
canonical,CANONICAL — REPAIRED G2 OOF,9002,15144,adsorbate,zero_residual_v1,64,0,1,,,,,,1,1
canonical,CANONICAL — REPAIRED G2 OOF,9003,15147,adsorbate,zero_residual_v1,64,0,1,,,,,,1,1
canonical,CANONICAL — REPAIRED G2 OOF,9004,15148,adsorbate,zero_residual_v1,64,0,1,,,,,,1,1
canonical,CANONICAL — REPAIRED G2 OOF,9005,15151,adsorbate,zero_residual_v1,64,0,1,,,,,,1,1
canonical,CANONICAL — REPAIRED G2 OOF,9006,15152,interstitial,zero_residual_v1,64,0,1,,,,,,1,1
canonical,CANONICAL — REPAIRED G2 OOF,9007,15153,adsorbate,zero_residual_v1,64,0,1,,,,,,1,1
canonical,CANONICAL — REPAIRED G2 OOF,9008,15154,adsorbate,zero_residual_v1,64,0,1,,,,,,1,1
canonical,CANONICAL — REPAIRED G2 OOF,9009,15156,adsorbate,zero_residual_v1,64,0,1,,,,,,1,1
canonical,CANONICAL — REPAIRED G2 OOF,9010,15159,adsorbate,zero_residual_v1,64,0,1,,,,,,1,1
canonical,CANONICAL — REPAIRED G2 OOF,9011,15162,adsorbate,zero_residual_v1,64,0,1,,,,,,1,1
canonical,CANONICAL — REPAIRED G2 OOF,9012,15164,adsorbate,zero_residual_v1,64,0,1,,,,,,1,1
canonical,CANONICAL — REPAIRED G2 OOF,9013,15165,adsorbate,zero_residual_v1,64,0,1,,,,,,1,1
canonical,CANONICAL — REPAIRED G2 OOF,9015,15168,adsorbate,zero_residual_v1,64,0,1,,,,,,1,1
canonical,CANONICAL — REPAIRED G2 OOF,9016,15170,interstitial,zero_residual_v1,64,0,1,,,,,,1,1
canonical,CANONICAL — REPAIRED G2 OOF,9017,15171,adsorbate,zero_residual_v1,64,0,1,,,,,,1,1
canonical,CANONICAL — REPAIRED G2 OOF,9018,15176,interstitial,zero_residual_v1,64,0,1,,,,,,1,1
canonical,CANONICAL — REPAIRED G2 OOF,9019,15177,adsorbate,zero_residual_v1,64,0,1,,,,,,1,1
canonical,CANONICAL — REPAIRED G2 OOF,9020,15179,adsorbate,zero_residual_v1,64,0,1,,,,,,1,1
canonical,CANONICAL — REPAIRED G2 OOF,9021,15181,adsorbate,zero_residual_v1,64,0,1,,,,,,1,1
canonical,CANONICAL — REPAIRED G2 OOF,9022,15184,interstitial,zero_residual_v1,64,0,1,,,,,,1,1
canonical,CANONICAL — REPAIRED G2 OOF,9023,15186,adsorbate,zero_residual_v1,64,0,1,,,,,,1,1
canonical,CANONICAL — REPAIRED G2 OOF,9024,15187,adsorbate,zero_residual_v1,64,0,1,,,,,,1,1
canonical,CANONICAL — REPAIRED G2 OOF,9025,15188,adsorbate,zero_residual_v1,64,0,1,,,,,,1,1
canonical,CANONICAL — REPAIRED G2 OOF,9026,15190,interstitial,zero_residual_v1,64,0,1,,,,,,1,1
canonical,CANONICAL — REPAIRED G2 OOF,9027,15191,adsorbate,zero_residual_v1,64,0,1,,,,,,1,1
canonical,CANONICAL — REPAIRED G2 OOF,9029,15194,adsorbate,zero_residual_v1,64,0,1,,,,,,1,1
canonical,CANONICAL — REPAIRED G2 OOF,9030,15196,interstitial,zero_residual_v1,64,0,1,,,,,,1,1
canonical,CANONICAL — REPAIRED G2 OOF,9031,15197,interstitial,zero_residual_v1,64,0,1,,,,,,1,1
canonical,CANONICAL — REPAIRED G2 OOF,9032,15199,adsorbate,zero_residual_v1,64,0,1,,,,,,1,1
canonical,CANONICAL — REPAIRED G2 OOF,9033,15200,adsorbate,zero_residual_v1,64,0,1,,,,,,1,1
canonical,CANONICAL — REPAIRED G2 OOF,9034,15201,adsorbate,zero_residual_v1,64,0,1,,,,,,1,1
canonical,CANONICAL — REPAIRED G2 OOF,9035,15202,adsorbate,zero_residual_v1,64,0,1,,,,,,1,1
canonical,CANONICAL — REPAIRED G2 OOF,9036,15204,adsorbate,zero_residual_v1,64,0,1,,,,,,1,1
canonical,CANONICAL — REPAIRED G2 OOF,9037,15205,adsorbate,zero_residual_v1,64,0,1,,,,,,1,1
canonical,CANONICAL — REPAIRED G2 OOF,9038,15207,interstitial,zero_residual_v1,64,0,1,,,,,,1,1
canonical,CANONICAL — REPAIRED G2 OOF,9039,15209,interstitial,zero_residual_v1,64,0,1,,,,,,1,1
canonical,CANONICAL — REPAIRED G2 OOF,9040,15211,adsorbate,zero_residual_v1,64,0,1,,,,,,1,1
canonical,CANONICAL — REPAIRED G2 OOF,9041,15212,interstitial,zero_residual_v1,64,0,1,,,,,,1,1
canonical,CANONICAL — REPAIRED G2 OOF,9042,15213,adsorbate,zero_residual_v1,64,0,1,,,,,,1,1
canonical,CANONICAL — REPAIRED G2 OOF,9043,15214,adsorbate,zero_residual_v1,64,0,1,,,,,,1,1
canonical,CANONICAL — REPAIRED G2 OOF,9044,15216,adsorbate,zero_residual_v1,64,0,1,,,,,,1,1
canonical,CANONICAL — REPAIRED G2 OOF,9045,15217,interstitial,zero_residual_v1,64,0,1,,,,,,1,1
canonical,CANONICAL — REPAIRED G2 OOF,9046,15219,adsorbate,zero_residual_v1,64,0,1,,,,,,1,1
canonical,CANONICAL — REPAIRED G2 OOF,9047,15222,adsorbate,zero_residual_v1,64,0,1,,,,,,1,1
canonical,CANONICAL — REPAIRED G2 OOF,9048,15223,adsorbate,zero_residual_v1,64,0,1,,,,,,1,1
canonical,CANONICAL — REPAIRED G2 OOF,9050,15227,adsorbate,zero_residual_v1,64,0,1,,,,,,1,1
canonical,CANONICAL — REPAIRED G2 OOF,9051,15229,adsorbate,zero_residual_v1,64,0,1,,,,,,1,1
canonical,CANONICAL — REPAIRED G2 OOF,9052,15231,adsorbate,zero_residual_v1,64,0,1,,,,,,1,1
canonical,CANONICAL — REPAIRED G2 OOF,9053,15234,adsorbate,zero_residual_v1,64,0,1,,,,,,1,1
canonical,CANONICAL — REPAIRED G2 OOF,9054,15235,adsorbate,zero_residual_v1,64,0,1,,,,,,1,1
canonical,CANONICAL — REPAIRED G2 OOF,9055,15238,adsorbate,zero_residual_v1,64,0,1,,,,,,1,1
canonical,CANONICAL — REPAIRED G2 OOF,9056,15241,adsorbate,zero_residual_v1,64,0,1,,,,,,1,1
canonical,CANONICAL — REPAIRED G2 OOF,9057,15242,interstitial,zero_residual_v1,64,0,1,,,,,,1,1
canonical,CANONICAL — REPAIRED G2 OOF,9058,15244,adsorbate,zero_residual_v1,64,0,1,,,,,,1,1
canonical,CANONICAL — REPAIRED G2 OOF,9059,15245,adsorbate,zero_residual_v1,64,0,1,,,,,,1,1
canonical,CANONICAL — REPAIRED G2 OOF,9060,15246,interstitial,zero_residual_v1,64,0,1,,,,,,1,1
canonical,CANONICAL — REPAIRED G2 OOF,9061,15247,adsorbate,zero_residual_v1,64,0,1,,,,,,1,1
canonical,CANONICAL — REPAIRED G2 OOF,9062,15248,adsorbate,zero_residual_v1,64,0,1,,,,,,1,1
canonical,CANONICAL — REPAIRED G2 OOF,9063,15249,adsorbate,zero_residual_v1,64,0,1,,,,,,1,1
canonical,CANONICAL — REPAIRED G2 OOF,9064,15250,adsorbate,zero_residual_v1,64,0,1,,,,,,1,1
canonical,CANONICAL — REPAIRED G2 OOF,9065,15251,adsorbate,zero_residual_v1,64,0,1,,,,,,1,1
canonical,CANONICAL — REPAIRED G2 OOF,9066,15257,adsorbate,zero_residual_v1,64,0,1,,,,,,1,1
canonical,CANONICAL — REPAIRED G2 OOF,9067,15258,adsorbate,zero_residual_v1,64,0,1,,,,,,1,1
canonical,CANONICAL — REPAIRED G2 OOF,9068,15262,adsorbate,zero_residual_v1,64,0,1,,,,,,1,1
canonical,CANONICAL — REPAIRED G2 OOF,9069,15265,interstitial,zero_residual_v1,64,0,1,,,,,,1,1
canonical,CANONICAL — REPAIRED G2 OOF,9070,15268,adsorbate,zero_residual_v1,64,0,1,,,,,,1,1
canonical,CANONICAL — REPAIRED G2 OOF,9071,15269,adsorbate,zero_residual_v1,64,0,1,,,,,,1,1
canonical,CANONICAL — REPAIRED G2 OOF,9072,15270,adsorbate,zero_residual_v1,64,0,1,,,,,,1,1
canonical,CANONICAL — REPAIRED G2 OOF,9073,15271,interstitial,zero_residual_v1,64,0,1,,,,,,1,1
canonical,CANONICAL — REPAIRED G2 OOF,9074,15272,interstitial,zero_residual_v1,64,0,1,,,,,,1,1
canonical,CANONICAL — REPAIRED G2 OOF,9076,15276,adsorbate,zero_residual_v1,64,0,1,,,,,,1,1
canonical,CANONICAL — REPAIRED G2 OOF,9077,15277,adsorbate,zero_residual_v1,64,0,1,,,,,,1,1
canonical,CANONICAL — REPAIRED G2 OOF,9078,15278,interstitial,zero_residual_v1,64,0,1,,,,,,1,1
canonical,CANONICAL — REPAIRED G2 OOF,9079,15283,adsorbate,zero_residual_v1,64,0,1,,,,,,1,1
canonical,CANONICAL — REPAIRED G2 OOF,9080,15284,adsorbate,zero_residual_v1,64,0,1,,,,,,1,1
canonical,CANONICAL — REPAIRED G2 OOF,9081,15285,adsorbate,zero_residual_v1,64,0,1,,,,,,1,1
canonical,CANONICAL — REPAIRED G2 OOF,9082,15290,adsorbate,zero_residual_v1,64,0,1,,,,,,1,1
canonical,CANONICAL — REPAIRED G2 OOF,9083,15292,adsorbate,zero_residual_v1,64,0,1,,,,,,1,1
canonical,CANONICAL — REPAIRED G2 OOF,9084,15293,adsorbate,zero_residual_v1,64,0,1,,,,,,1,1
canonical,CANONICAL — REPAIRED G2 OOF,9085,15296,adsorbate,zero_residual_v1,64,0,1,,,,,,1,1
canonical,CANONICAL — REPAIRED G2 OOF,9087,15300,adsorbate,zero_residual_v1,64,0,1,,,,,,1,1
canonical,CANONICAL — REPAIRED G2 OOF,9088,15301,adsorbate,zero_residual_v1,64,0,1,,,,,,1,1
canonical,CANONICAL — REPAIRED G2 OOF,9089,15303,interstitial,zero_residual_v1,64,0,1,,,,,,1,1
canonical,CANONICAL — REPAIRED G2 OOF,9090,15304,interstitial,zero_residual_v1,64,0,1,,,,,,1,1
canonical,CANONICAL — REPAIRED G2 OOF,9091,15305,interstitial,zero_residual_v1,64,0,1,,,,,,1,1
canonical,CANONICAL — REPAIRED G2 OOF,9092,15308,adsorbate,zero_residual_v1,64,0,1,,,,,,1,1
canonical,CANONICAL — REPAIRED G2 OOF,9093,15309,adsorbate,zero_residual_v1,64,0,1,,,,,,1,1
canonical,CANONICAL — REPAIRED G2 OOF,9094,15312,adsorbate,zero_residual_v1,64,0,1,,,,,,1,1
canonical,CANONICAL — REPAIRED G2 OOF,9095,15313,adsorbate,zero_residual_v1,64,0,1,,,,,,1,1
canonical,CANONICAL — REPAIRED G2 OOF,9096,15314,adsorbate,zero_residual_v1,64,0,1,,,,,,1,1
canonical,CANONICAL — REPAIRED G2 OOF,9097,15315,adsorbate,zero_residual_v1,64,0,1,,,,,,1,1
canonical,CANONICAL — REPAIRED G2 OOF,9098,15316,adsorbate,zero_residual_v1,64,0,1,,,,,,1,1
canonical,CANONICAL — REPAIRED G2 OOF,9099,15317,interstitial,zero_residual_v1,64,0,1,,,,,,1,1
canonical,CANONICAL — REPAIRED G2 OOF,9100,15320,adsorbate,zero_residual_v1,64,0,1,,,,,,1,1
canonical,CANONICAL — REPAIRED G2 OOF,9101,15324,interstitial,zero_residual_v1,64,0,1,,,,,,1,1
canonical,CANONICAL — REPAIRED G2 OOF,9102,15326,adsorbate,zero_residual_v1,64,0,1,,,,,,1,1
canonical,CANONICAL — REPAIRED G2 OOF,9103,15327,interstitial,zero_residual_v1,64,0,1,,,,,,1,1
canonical,CANONICAL — REPAIRED G2 OOF,9104,15328,adsorbate,zero_residual_v1,64,0,1,,,,,,1,1
canonical,CANONICAL — REPAIRED G2 OOF,9105,15329,interstitial,zero_residual_v1,64,0,1,,,,,,1,1
canonical,CANONICAL — REPAIRED G2 OOF,9106,15330,interstitial,zero_residual_v1,64,0,1,,,,,,1,1
canonical,CANONICAL — REPAIRED G2 OOF,9107,15331,adsorbate,zero_residual_v1,64,0,1,,,,,,1,1
canonical,CANONICAL — REPAIRED G2 OOF,9108,15332,adsorbate,zero_residual_v1,64,0,1,,,,,,1,1
canonical,CANONICAL — REPAIRED G2 OOF,9109,15333,adsorbate,zero_residual_v1,64,0,1,,,,,,1,1
canonical,CANONICAL — REPAIRED G2 OOF,9110,15334,adsorbate,zero_residual_v1,64,0,1,,,,,,1,1
canonical,CANONICAL — REPAIRED G2 OOF,9111,15335,adsorbate,zero_residual_v1,64,0,1,,,,,,1,1
canonical,CANONICAL — REPAIRED G2 OOF,9112,15340,interstitial,zero_residual_v1,64,0,1,,,,,,1,1
canonical,CANONICAL — REPAIRED G2 OOF,9113,15341,interstitial,zero_residual_v1,64,0,1,,,,,,1,1
canonical,CANONICAL — REPAIRED G2 OOF,9114,15342,interstitial,zero_residual_v1,64,0,1,,,,,,1,1
canonical,CANONICAL — REPAIRED G2 OOF,9115,15344,adsorbate,zero_residual_v1,64,0,1,,,,,,1,1
canonical,CANONICAL — REPAIRED G2 OOF,9116,15345,adsorbate,zero_residual_v1,64,0,1,,,,,,1,1
canonical,CANONICAL — REPAIRED G2 OOF,9117,15346,adsorbate,zero_residual_v1,64,0,1,,,,,,1,1
canonical,CANONICAL — REPAIRED G2 OOF,9118,15347,adsorbate,zero_residual_v1,64,0,1,,,,,,1,1
canonical,CANONICAL — REPAIRED G2 OOF,9119,15348,adsorbate,zero_residual_v1,64,0,1,,,,,,1,1
canonical,CANONICAL — REPAIRED G2 OOF,9120,15349,interstitial,zero_residual_v1,64,0,1,,,,,,1,1
canonical,CANONICAL — REPAIRED G2 OOF,9121,15351,adsorbate,zero_residual_v1,64,0,1,,,,,,1,1
canonical,CANONICAL — REPAIRED G2 OOF,9122,15353,interstitial,zero_residual_v1,64,0,1,,,,,,1,1
canonical,CANONICAL — REPAIRED G2 OOF,9123,15354,interstitial,zero_residual_v1,64,0,1,,,,,,1,1
canonical,CANONICAL — REPAIRED G2 OOF,9124,15357,interstitial,zero_residual_v1,64,0,1,,,,,,1,1
canonical,CANONICAL — REPAIRED G2 OOF,9125,15359,adsorbate,zero_residual_v1,64,0,1,,,,,,1,1
canonical,CANONICAL — REPAIRED G2 OOF,9126,15360,adsorbate,zero_residual_v1,64,0,1,,,,,,1,1
canonical,CANONICAL — REPAIRED G2 OOF,9127,15362,adsorbate,zero_residual_v1,64,0,1,,,,,,1,1
canonical,CANONICAL — REPAIRED G2 OOF,9128,15363,adsorbate,zero_residual_v1,64,0,1,,,,,,1,1
canonical,CANONICAL — REPAIRED G2 OOF,9129,15364,adsorbate,zero_residual_v1,64,0,1,,,,,,1,1
canonical,CANONICAL — REPAIRED G2 OOF,9130,15365,interstitial,zero_residual_v1,64,0,1,,,,,,1,1
canonical,CANONICAL — REPAIRED G2 OOF,9131,15366,interstitial,zero_residual_v1,64,0,1,,,,,,1,1
canonical,CANONICAL — REPAIRED G2 OOF,9132,15367,interstitial,zero_residual_v1,64,0,1,,,,,,1,1
canonical,CANONICAL — REPAIRED G2 OOF,9133,15368,adsorbate,zero_residual_v1,64,0,1,,,,,,1,1
canonical,CANONICAL — REPAIRED G2 OOF,9134,15369,adsorbate,zero_residual_v1,64,0,1,,,,,,1,1
canonical,CANONICAL — REPAIRED G2 OOF,9135,15370,adsorbate,zero_residual_v1,64,0,1,,,,,,1,1
canonical,CANONICAL — REPAIRED G2 OOF,9136,15371,interstitial,zero_residual_v1,64,0,1,,,,,,1,1
canonical,CANONICAL — REPAIRED G2 OOF,9137,15374,adsorbate,zero_residual_v1,64,0,1,,,,,,1,1
canonical,CANONICAL — REPAIRED G2 OOF,9138,15375,interstitial,zero_residual_v1,64,0,1,,,,,,1,1
canonical,CANONICAL — REPAIRED G2 OOF,9139,15377,adsorbate,zero_residual_v1,64,0,1,,,,,,1,1
canonical,CANONICAL — REPAIRED G2 OOF,9140,15379,adsorbate,zero_residual_v1,64,0,1,,,,,,1,1
canonical,CANONICAL — REPAIRED G2 OOF,9142,15381,adsorbate,zero_residual_v1,64,0,1,,,,,,1,1
canonical,CANONICAL — REPAIRED G2 OOF,9143,15382,adsorbate,zero_residual_v1,64,0,1,,,,,,1,1
canonical,CANONICAL — REPAIRED G2 OOF,9144,15383,adsorbate,zero_residual_v1,64,0,1,,,,,,1,1
canonical,CANONICAL — REPAIRED G2 OOF,9145,15385,adsorbate,zero_residual_v1,64,0,1,,,,,,1,1
canonical,CANONICAL — REPAIRED G2 OOF,9146,15387,interstitial,zero_residual_v1,64,0,1,,,,,,1,1
canonical,CANONICAL — REPAIRED G2 OOF,9147,15389,adsorbate,zero_residual_v1,64,0,1,,,,,,1,1
canonical,CANONICAL — REPAIRED G2 OOF,9148,15393,adsorbate,zero_residual_v1,64,0,1,,,,,,1,1
canonical,CANONICAL — REPAIRED G2 OOF,9149,15394,adsorbate,zero_residual_v1,64,0,1,,,,,,1,1
canonical,CANONICAL — REPAIRED G2 OOF,9150,15395,adsorbate,zero_residual_v1,64,0,1,,,,,,1,1
canonical,CANONICAL — REPAIRED G2 OOF,9151,15398,adsorbate,zero_residual_v1,64,0,1,,,,,,1,1
canonical,CANONICAL — REPAIRED G2 OOF,9153,15401,interstitial,zero_residual_v1,64,0,1,,,,,,1,1
canonical,CANONICAL — REPAIRED G2 OOF,9154,15404,interstitial,zero_residual_v1,64,0,1,,,,,,1,1
canonical,CANONICAL — REPAIRED G2 OOF,9155,15406,interstitial,zero_residual_v1,64,0,1,,,,,,1,1
canonical,CANONICAL — REPAIRED G2 OOF,9156,15407,interstitial,zero_residual_v1,64,0,1,,,,,,1,1
canonical,CANONICAL — REPAIRED G2 OOF,9157,15409,adsorbate,zero_residual_v1,64,0,1,,,,,,1,1
canonical,CANONICAL — REPAIRED G2 OOF,9158,15410,adsorbate,zero_residual_v1,64,0,1,,,,,,1,1
canonical,CANONICAL — REPAIRED G2 OOF,9159,15411,interstitial,zero_residual_v1,64,0,1,,,,,,1,1
canonical,CANONICAL — REPAIRED G2 OOF,9160,15413,interstitial,zero_residual_v1,64,0,1,,,,,,1,1
canonical,CANONICAL — REPAIRED G2 OOF,9161,15414,interstitial,zero_residual_v1,64,0,1,,,,,,1,1
canonical,CANONICAL — REPAIRED G2 OOF,9162,15415,adsorbate,zero_residual_v1,64,0,1,,,,,,1,1
canonical,CANONICAL — REPAIRED G2 OOF,9163,15417,adsorbate,zero_residual_v1,64,0,1,,,,,,1,1
canonical,CANONICAL — REPAIRED G2 OOF,9164,15418,adsorbate,zero_residual_v1,64,0,1,,,,,,1,1
canonical,CANONICAL — REPAIRED G2 OOF,9165,15423,adsorbate,zero_residual_v1,64,0,1,,,,,,1,1
canonical,CANONICAL — REPAIRED G2 OOF,9166,15424,adsorbate,zero_residual_v1,64,0,1,,,,,,1,1
canonical,CANONICAL — REPAIRED G2 OOF,9167,15426,adsorbate,zero_residual_v1,64,0,1,,,,,,1,1
canonical,CANONICAL — REPAIRED G2 OOF,9168,15427,interstitial,zero_residual_v1,64,0,1,,,,,,1,1
canonical,CANONICAL — REPAIRED G2 OOF,9169,15428,adsorbate,zero_residual_v1,64,0,1,,,,,,1,1
canonical,CANONICAL — REPAIRED G2 OOF,9170,15429,adsorbate,zero_residual_v1,64,0,1,,,,,,1,1
canonical,CANONICAL — REPAIRED G2 OOF,9171,15430,adsorbate,zero_residual_v1,64,0,1,,,,,,1,1
canonical,CANONICAL — REPAIRED G2 OOF,9172,15432,adsorbate,zero_residual_v1,64,0,1,,,,,,1,1
canonical,CANONICAL — REPAIRED G2 OOF,9173,15433,adsorbate,zero_residual_v1,64,0,1,,,,,,1,1
canonical,CANONICAL — REPAIRED G2 OOF,9174,15434,adsorbate,zero_residual_v1,64,0,1,,,,,,1,1
canonical,CANONICAL — REPAIRED G2 OOF,9175,15435,adsorbate,zero_residual_v1,64,0,1,,,,,,1,1
canonical,CANONICAL — REPAIRED G2 OOF,9176,15436,adsorbate,zero_residual_v1,64,0,1,,,,,,1,1
canonical,CANONICAL — REPAIRED G2 OOF,9177,15437,interstitial,zero_residual_v1,64,0,1,,,,,,1,1
canonical,CANONICAL — REPAIRED G2 OOF,9178,15439,adsorbate,zero_residual_v1,64,0,1,,,,,,1,1
canonical,CANONICAL — REPAIRED G2 OOF,9179,15442,interstitial,zero_residual_v1,64,0,1,,,,,,1,1
canonical,CANONICAL — REPAIRED G2 OOF,9180,15443,interstitial,zero_residual_v1,64,0,1,,,,,,1,1
canonical,CANONICAL — REPAIRED G2 OOF,9181,15445,interstitial,zero_residual_v1,64,0,1,,,,,,1,1
canonical,CANONICAL — REPAIRED G2 OOF,9182,15446,interstitial,zero_residual_v1,64,0,1,,,,,,1,1
canonical,CANONICAL — REPAIRED G2 OOF,9183,15447,adsorbate,zero_residual_v1,64,0,1,,,,,,1,1
canonical,CANONICAL — REPAIRED G2 OOF,9184,15448,adsorbate,zero_residual_v1,64,0,1,,,,,,1,1
canonical,CANONICAL — REPAIRED G2 OOF,9185,15450,adsorbate,zero_residual_v1,64,0,1,,,,,,1,1
canonical,CANONICAL — REPAIRED G2 OOF,9186,15453,adsorbate,zero_residual_v1,64,0,1,,,,,,1,1
canonical,CANONICAL — REPAIRED G2 OOF,9187,15454,adsorbate,zero_residual_v1,64,0,1,,,,,,1,1
canonical,CANONICAL — REPAIRED G2 OOF,9188,15458,interstitial,zero_residual_v1,64,0,1,,,,,,1,1
canonical,CANONICAL — REPAIRED G2 OOF,9189,15459,interstitial,zero_residual_v1,64,0,1,,,,,,1,1
canonical,CANONICAL — REPAIRED G2 OOF,9190,15461,interstitial,zero_residual_v1,64,0,1,,,,,,1,1
canonical,CANONICAL — REPAIRED G2 OOF,9191,15464,adsorbate,zero_residual_v1,64,0,1,,,,,,1,1
canonical,CANONICAL — REPAIRED G2 OOF,9192,15465,adsorbate,zero_residual_v1,64,0,1,,,,,,1,1
canonical,CANONICAL — REPAIRED G2 OOF,9193,15466,adsorbate,zero_residual_v1,64,0,1,,,,,,1,1
canonical,CANONICAL — REPAIRED G2 OOF,9194,15468,adsorbate,zero_residual_v1,64,0,1,,,,,,1,1
canonical,CANONICAL — REPAIRED G2 OOF,9195,15469,interstitial,zero_residual_v1,64,0,1,,,,,,1,1
canonical,CANONICAL — REPAIRED G2 OOF,9196,15470,interstitial,zero_residual_v1,64,0,1,,,,,,1,1
canonical,CANONICAL — REPAIRED G2 OOF,9197,15471,adsorbate,zero_residual_v1,64,0,1,,,,,,1,1
canonical,CANONICAL — REPAIRED G2 OOF,9198,15472,interstitial,zero_residual_v1,64,0,1,,,,,,1,1
canonical,CANONICAL — REPAIRED G2 OOF,9199,15473,adsorbate,zero_residual_v1,64,0,1,,,,,,1,1
canonical,CANONICAL — REPAIRED G2 OOF,9200,15474,adsorbate,zero_residual_v1,64,0,1,,,,,,1,1
canonical,CANONICAL — REPAIRED G2 OOF,9201,15476,adsorbate,zero_residual_v1,64,0,1,,,,,,1,1
canonical,CANONICAL — REPAIRED G2 OOF,9202,15479,adsorbate,zero_residual_v1,64,0,1,,,,,,1,1
canonical,CANONICAL — REPAIRED G2 OOF,9203,15480,adsorbate,zero_residual_v1,64,0,1,,,,,,1,1
canonical,CANONICAL — REPAIRED G2 OOF,9204,15483,interstitial,zero_residual_v1,64,0,1,,,,,,1,1
canonical,CANONICAL — REPAIRED G2 OOF,9205,15484,adsorbate,zero_residual_v1,64,0,1,,,,,,1,1
canonical,CANONICAL — REPAIRED G2 OOF,9206,15487,adsorbate,zero_residual_v1,64,0,1,,,,,,1,1
canonical,CANONICAL — REPAIRED G2 OOF,9207,15488,adsorbate,zero_residual_v1,64,0,1,,,,,,1,1
canonical,CANONICAL — REPAIRED G2 OOF,9208,15491,adsorbate,zero_residual_v1,64,0,1,,,,,,1,1
canonical,CANONICAL — REPAIRED G2 OOF,9209,15492,adsorbate,zero_residual_v1,64,0,1,,,,,,1,1
canonical,CANONICAL — REPAIRED G2 OOF,9210,15494,adsorbate,zero_residual_v1,64,0,1,,,,,,1,1
canonical,CANONICAL — REPAIRED G2 OOF,9212,15496,adsorbate,zero_residual_v1,64,0,1,,,,,,1,1
canonical,CANONICAL — REPAIRED G2 OOF,9213,15497,adsorbate,zero_residual_v1,64,0,1,,,,,,1,1
canonical,CANONICAL — REPAIRED G2 OOF,9214,15500,interstitial,zero_residual_v1,64,0,1,,,,,,1,1
canonical,CANONICAL — REPAIRED G2 OOF,9215,15501,adsorbate,zero_residual_v1,64,0,1,,,,,,1,1
canonical,CANONICAL — REPAIRED G2 OOF,9216,15506,adsorbate,zero_residual_v1,64,0,1,,,,,,1,1
canonical,CANONICAL — REPAIRED G2 OOF,9217,15507,adsorbate,zero_residual_v1,64,0,1,,,,,,1,1
canonical,CANONICAL — REPAIRED G2 OOF,9218,15508,interstitial,zero_residual_v1,64,0,1,,,,,,1,1
canonical,CANONICAL — REPAIRED G2 OOF,9219,15509,adsorbate,zero_residual_v1,64,0,1,,,,,,1,1
canonical,CANONICAL — REPAIRED G2 OOF,9220,15511,adsorbate,zero_residual_v1,64,0,1,,,,,,1,1
canonical,CANONICAL — REPAIRED G2 OOF,9221,15513,adsorbate,zero_residual_v1,64,0,1,,,,,,1,1
canonical,CANONICAL — REPAIRED G2 OOF,9222,15514,interstitial,zero_residual_v1,64,0,1,,,,,,1,1
canonical,CANONICAL — REPAIRED G2 OOF,9223,15515,interstitial,zero_residual_v1,64,0,1,,,,,,1,1
canonical,CANONICAL — REPAIRED G2 OOF,9224,15516,adsorbate,zero_residual_v1,64,0,1,,,,,,1,1
canonical,CANONICAL — REPAIRED G2 OOF,9225,15517,adsorbate,zero_residual_v1,64,0,1,,,,,,1,1
canonical,CANONICAL — REPAIRED G2 OOF,9226,15523,adsorbate,zero_residual_v1,64,0,1,,,,,,1,1
canonical,CANONICAL — REPAIRED G2 OOF,9227,15524,interstitial,zero_residual_v1,64,0,1,,,,,,1,1
canonical,CANONICAL — REPAIRED G2 OOF,9228,15525,interstitial,zero_residual_v1,64,0,1,,,,,,1,1
canonical,CANONICAL — REPAIRED G2 OOF,9229,15526,adsorbate,zero_residual_v1,64,0,1,,,,,,1,1
canonical,CANONICAL — REPAIRED G2 OOF,9230,15528,adsorbate,zero_residual_v1,64,0,1,,,,,,1,1
canonical,CANONICAL — REPAIRED G2 OOF,9231,15529,adsorbate,zero_residual_v1,64,0,1,,,,,,1,1
canonical,CANONICAL — REPAIRED G2 OOF,9232,15530,interstitial,zero_residual_v1,64,0,1,,,,,,1,1
canonical,CANONICAL — REPAIRED G2 OOF,9233,15531,adsorbate,zero_residual_v1,64,0,1,,,,,,1,1
canonical,CANONICAL — REPAIRED G2 OOF,9234,15532,adsorbate,zero_residual_v1,64,0,1,,,,,,1,1
canonical,CANONICAL — REPAIRED G2 OOF,9235,15533,interstitial,zero_residual_v1,64,0,1,,,,,,1,1
canonical,CANONICAL — REPAIRED G2 OOF,9236,15534,adsorbate,zero_residual_v1,64,0,1,,,,,,1,1
canonical,CANONICAL — REPAIRED G2 OOF,9237,15535,interstitial,zero_residual_v1,64,0,1,,,,,,1,1
canonical,CANONICAL — REPAIRED G2 OOF,9238,15536,adsorbate,zero_residual_v1,64,0,1,,,,,,1,1
canonical,CANONICAL — REPAIRED G2 OOF,9239,15537,adsorbate,zero_residual_v1,64,0,1,,,,,,1,1
canonical,CANONICAL — REPAIRED G2 OOF,9240,15538,adsorbate,zero_residual_v1,64,0,1,,,,,,1,1
canonical,CANONICAL — REPAIRED G2 OOF,9241,15540,adsorbate,zero_residual_v1,64,0,1,,,,,,1,1
canonical,CANONICAL — REPAIRED G2 OOF,9242,15541,interstitial,zero_residual_v1,64,0,1,,,,,,1,1
canonical,CANONICAL — REPAIRED G2 OOF,9243,15542,adsorbate,zero_residual_v1,64,0,1,,,,,,1,1
canonical,CANONICAL — REPAIRED G2 OOF,9244,15543,interstitial,zero_residual_v1,64,0,1,,,,,,1,1
canonical,CANONICAL — REPAIRED G2 OOF,9245,15546,adsorbate,zero_residual_v1,64,0,1,,,,,,1,1
canonical,CANONICAL — REPAIRED G2 OOF,9246,15547,adsorbate,zero_residual_v1,64,0,1,,,,,,1,1
canonical,CANONICAL — REPAIRED G2 OOF,9247,15548,interstitial,zero_residual_v1,64,0,1,,,,,,1,1
canonical,CANONICAL — REPAIRED G2 OOF,9248,15549,adsorbate,zero_residual_v1,64,0,1,,,,,,1,1
canonical,CANONICAL — REPAIRED G2 OOF,9249,15551,interstitial,zero_residual_v1,64,0,1,,,,,,1,1
canonical,CANONICAL — REPAIRED G2 OOF,9250,15552,adsorbate,zero_residual_v1,64,0,1,,,,,,1,1
canonical,CANONICAL — REPAIRED G2 OOF,9251,15553,adsorbate,zero_residual_v1,64,0,1,,,,,,1,1
canonical,CANONICAL — REPAIRED G2 OOF,9252,15554,adsorbate,zero_residual_v1,64,0,1,,,,,,1,1
canonical,CANONICAL — REPAIRED G2 OOF,9253,15555,adsorbate,zero_residual_v1,64,0,1,,,,,,1,1
canonical,CANONICAL — REPAIRED G2 OOF,9254,15556,adsorbate,zero_residual_v1,64,0,1,,,,,,1,1
canonical,CANONICAL — REPAIRED G2 OOF,9255,15557,adsorbate,zero_residual_v1,64,0,1,,,,,,1,1
canonical,CANONICAL — REPAIRED G2 OOF,9256,15560,interstitial,zero_residual_v1,64,0,1,,,,,,1,1
canonical,CANONICAL — REPAIRED G2 OOF,9257,15561,interstitial,zero_residual_v1,64,0,1,,,,,,1,1
canonical,CANONICAL — REPAIRED G2 OOF,9258,15563,adsorbate,zero_residual_v1,64,0,1,,,,,,1,1
canonical,CANONICAL — REPAIRED G2 OOF,9259,15564,interstitial,zero_residual_v1,64,0,1,,,,,,1,1
canonical,CANONICAL — REPAIRED G2 OOF,9260,15565,adsorbate,zero_residual_v1,64,0,1,,,,,,1,1
canonical,CANONICAL — REPAIRED G2 OOF,9262,15569,adsorbate,zero_residual_v1,64,0,1,,,,,,1,1
canonical,CANONICAL — REPAIRED G2 OOF,9263,15570,adsorbate,zero_residual_v1,64,0,1,,,,,,1,1
canonical,CANONICAL — REPAIRED G2 OOF,9264,15572,adsorbate,zero_residual_v1,64,0,1,,,,,,1,1
canonical,CANONICAL — REPAIRED G2 OOF,9265,15574,adsorbate,zero_residual_v1,64,0,1,,,,,,1,1
canonical,CANONICAL — REPAIRED G2 OOF,9266,15576,interstitial,zero_residual_v1,64,0,1,,,,,,1,1
canonical,CANONICAL — REPAIRED G2 OOF,9267,15578,interstitial,zero_residual_v1,64,0,1,,,,,,1,1
canonical,CANONICAL — REPAIRED G2 OOF,9268,15579,adsorbate,zero_residual_v1,64,0,1,,,,,,1,1
canonical,CANONICAL — REPAIRED G2 OOF,9269,15580,adsorbate,zero_residual_v1,64,0,1,,,,,,1,1
canonical,CANONICAL — REPAIRED G2 OOF,9270,15585,adsorbate,zero_residual_v1,64,0,1,,,,,,1,1
canonical,CANONICAL — REPAIRED G2 OOF,9271,15586,interstitial,zero_residual_v1,64,0,1,,,,,,1,1
canonical,CANONICAL — REPAIRED G2 OOF,9272,15587,adsorbate,zero_residual_v1,64,0,1,,,,,,1,1
canonical,CANONICAL — REPAIRED G2 OOF,9273,15588,adsorbate,zero_residual_v1,64,0,1,,,,,,1,1
canonical,CANONICAL — REPAIRED G2 OOF,9274,15589,interstitial,zero_residual_v1,64,0,1,,,,,,1,1
canonical,CANONICAL — REPAIRED G2 OOF,9275,15590,adsorbate,zero_residual_v1,64,0,1,,,,,,1,1
canonical,CANONICAL — REPAIRED G2 OOF,9276,15591,adsorbate,zero_residual_v1,64,0,1,,,,,,1,1
canonical,CANONICAL — REPAIRED G2 OOF,9277,15592,adsorbate,zero_residual_v1,64,0,1,,,,,,1,1
canonical,CANONICAL — REPAIRED G2 OOF,9278,15594,adsorbate,zero_residual_v1,64,0,1,,,,,,1,1
canonical,CANONICAL — REPAIRED G2 OOF,9279,15596,interstitial,zero_residual_v1,64,0,1,,,,,,1,1
canonical,CANONICAL — REPAIRED G2 OOF,9280,15598,adsorbate,zero_residual_v1,64,0,1,,,,,,1,1
canonical,CANONICAL — REPAIRED G2 OOF,9281,15600,adsorbate,zero_residual_v1,64,0,1,,,,,,1,1
canonical,CANONICAL — REPAIRED G2 OOF,9282,15603,adsorbate,zero_residual_v1,64,0,1,,,,,,1,1
canonical,CANONICAL — REPAIRED G2 OOF,9283,15604,adsorbate,zero_residual_v1,64,0,1,,,,,,1,1
canonical,CANONICAL — REPAIRED G2 OOF,9284,15605,adsorbate,zero_residual_v1,64,0,1,,,,,,1,1
canonical,CANONICAL — REPAIRED G2 OOF,9285,15606,interstitial,zero_residual_v1,64,0,1,,,,,,1,1
canonical,CANONICAL — REPAIRED G2 OOF,9286,15608,interstitial,zero_residual_v1,64,0,1,,,,,,1,1
canonical,CANONICAL — REPAIRED G2 OOF,9287,15610,adsorbate,zero_residual_v1,64,0,1,,,,,,1,1
canonical,CANONICAL — REPAIRED G2 OOF,9288,15612,adsorbate,zero_residual_v1,64,0,1,,,,,,1,1
canonical,CANONICAL — REPAIRED G2 OOF,9289,15613,adsorbate,zero_residual_v1,64,0,1,,,,,,1,1
canonical,CANONICAL — REPAIRED G2 OOF,9290,15614,adsorbate,zero_residual_v1,64,0,1,,,,,,1,1
canonical,CANONICAL — REPAIRED G2 OOF,9291,15615,adsorbate,zero_residual_v1,64,0,1,,,,,,1,1
canonical,CANONICAL — REPAIRED G2 OOF,9292,15618,adsorbate,zero_residual_v1,64,0,1,,,,,,1,1
canonical,CANONICAL — REPAIRED G2 OOF,9293,15619,interstitial,zero_residual_v1,64,0,1,,,,,,1,1
canonical,CANONICAL — REPAIRED G2 OOF,9294,15621,interstitial,zero_residual_v1,64,0,1,,,,,,1,1
canonical,CANONICAL — REPAIRED G2 OOF,9295,15622,adsorbate,zero_residual_v1,64,0,1,,,,,,1,1
canonical,CANONICAL — REPAIRED G2 OOF,9296,15623,adsorbate,zero_residual_v1,64,0,1,,,,,,1,1
canonical,CANONICAL — REPAIRED G2 OOF,9297,15627,adsorbate,zero_residual_v1,64,0,1,,,,,,1,1
canonical,CANONICAL — REPAIRED G2 OOF,9298,15632,adsorbate,zero_residual_v1,64,0,1,,,,,,1,1
canonical,CANONICAL — REPAIRED G2 OOF,9299,15635,adsorbate,zero_residual_v1,64,0,1,,,,,,1,1
canonical,CANONICAL — REPAIRED G2 OOF,9300,15636,interstitial,zero_residual_v1,64,0,1,,,,,,1,1
canonical,CANONICAL — REPAIRED G2 OOF,9301,15637,adsorbate,zero_residual_v1,64,0,1,,,,,,1,1
canonical,CANONICAL — REPAIRED G2 OOF,9303,15641,adsorbate,zero_residual_v1,64,0,1,,,,,,1,1
canonical,CANONICAL — REPAIRED G2 OOF,9304,15642,adsorbate,zero_residual_v1,64,0,1,,,,,,1,1
canonical,CANONICAL — REPAIRED G2 OOF,9305,15645,adsorbate,zero_residual_v1,64,0,1,,,,,,1,1
canonical,CANONICAL — REPAIRED G2 OOF,9306,15646,adsorbate,zero_residual_v1,64,0,1,,,,,,1,1
canonical,CANONICAL — REPAIRED G2 OOF,9307,15647,adsorbate,zero_residual_v1,64,0,1,,,,,,1,1
canonical,CANONICAL — REPAIRED G2 OOF,9308,15648,adsorbate,zero_residual_v1,64,0,1,,,,,,1,1
canonical,CANONICAL — REPAIRED G2 OOF,9309,15649,adsorbate,zero_residual_v1,64,0,1,,,,,,1,1
canonical,CANONICAL — REPAIRED G2 OOF,9310,15651,interstitial,zero_residual_v1,64,0,1,,,,,,1,1
canonical,CANONICAL — REPAIRED G2 OOF,9311,15652,adsorbate,zero_residual_v1,64,0,1,,,,,,1,1
canonical,CANONICAL — REPAIRED G2 OOF,9312,15653,adsorbate,zero_residual_v1,64,0,1,,,,,,1,1
canonical,CANONICAL — REPAIRED G2 OOF,9313,15655,adsorbate,zero_residual_v1,64,0,1,,,,,,1,1
canonical,CANONICAL — REPAIRED G2 OOF,9314,15657,adsorbate,zero_residual_v1,64,0,1,,,,,,1,1
canonical,CANONICAL — REPAIRED G2 OOF,9315,15660,adsorbate,zero_residual_v1,64,0,1,,,,,,1,1
canonical,CANONICAL — REPAIRED G2 OOF,9316,15661,adsorbate,zero_residual_v1,64,0,1,,,,,,1,1
canonical,CANONICAL — REPAIRED G2 OOF,9317,15664,adsorbate,zero_residual_v1,64,0,1,,,,,,1,1
canonical,CANONICAL — REPAIRED G2 OOF,9318,15665,adsorbate,zero_residual_v1,64,0,1,,,,,,1,1
canonical,CANONICAL — REPAIRED G2 OOF,9319,15667,adsorbate,zero_residual_v1,64,0,1,,,,,,1,1
canonical,CANONICAL — REPAIRED G2 OOF,9320,15668,interstitial,zero_residual_v1,64,0,1,,,,,,1,1
canonical,CANONICAL — REPAIRED G2 OOF,9321,15669,interstitial,zero_residual_v1,64,0,1,,,,,,1,1
canonical,CANONICAL — REPAIRED G2 OOF,9322,15670,adsorbate,zero_residual_v1,64,0,1,,,,,,1,1
canonical,CANONICAL — REPAIRED G2 OOF,9323,15671,adsorbate,zero_residual_v1,64,0,1,,,,,,1,1
canonical,CANONICAL — REPAIRED G2 OOF,9324,15672,adsorbate,zero_residual_v1,64,0,1,,,,,,1,1
canonical,CANONICAL — REPAIRED G2 OOF,9325,15673,adsorbate,zero_residual_v1,64,0,1,,,,,,1,1
canonical,CANONICAL — REPAIRED G2 OOF,9326,15674,adsorbate,zero_residual_v1,64,0,1,,,,,,1,1
canonical,CANONICAL — REPAIRED G2 OOF,9327,15675,interstitial,zero_residual_v1,64,0,1,,,,,,1,1
canonical,CANONICAL — REPAIRED G2 OOF,9328,15682,interstitial,zero_residual_v1,64,0,1,,,,,,1,1
canonical,CANONICAL — REPAIRED G2 OOF,9329,15684,adsorbate,zero_residual_v1,64,0,1,,,,,,1,1
canonical,CANONICAL — REPAIRED G2 OOF,9330,15685,adsorbate,zero_residual_v1,64,0,1,,,,,,1,1
canonical,CANONICAL — REPAIRED G2 OOF,9331,15686,adsorbate,zero_residual_v1,64,0,1,,,,,,1,1
canonical,CANONICAL — REPAIRED G2 OOF,9332,15688,adsorbate,zero_residual_v1,64,0,1,,,,,,1,1
canonical,CANONICAL — REPAIRED G2 OOF,9333,15689,adsorbate,zero_residual_v1,64,0,1,,,,,,1,1
canonical,CANONICAL — REPAIRED G2 OOF,9334,15692,interstitial,zero_residual_v1,64,0,1,,,,,,1,1
canonical,CANONICAL — REPAIRED G2 OOF,9335,15694,interstitial,zero_residual_v1,64,0,1,,,,,,1,1
canonical,CANONICAL — REPAIRED G2 OOF,9336,15695,adsorbate,zero_residual_v1,64,0,1,,,,,,1,1
canonical,CANONICAL — REPAIRED G2 OOF,9337,15696,interstitial,zero_residual_v1,64,0,1,,,,,,1,1
canonical,CANONICAL — REPAIRED G2 OOF,9338,15697,adsorbate,zero_residual_v1,64,0,1,,,,,,1,1
canonical,CANONICAL — REPAIRED G2 OOF,9339,15698,adsorbate,zero_residual_v1,64,0,1,,,,,,1,1
canonical,CANONICAL — REPAIRED G2 OOF,9340,15699,interstitial,zero_residual_v1,64,0,1,,,,,,1,1
canonical,CANONICAL — REPAIRED G2 OOF,9341,15703,adsorbate,zero_residual_v1,64,0,1,,,,,,1,1
canonical,CANONICAL — REPAIRED G2 OOF,9342,15706,adsorbate,zero_residual_v1,64,0,1,,,,,,1,1
canonical,CANONICAL — REPAIRED G2 OOF,9343,15707,adsorbate,zero_residual_v1,64,0,1,,,,,,1,1
canonical,CANONICAL — REPAIRED G2 OOF,9344,15708,adsorbate,zero_residual_v1,64,0,1,,,,,,1,1
canonical,CANONICAL — REPAIRED G2 OOF,9345,15710,adsorbate,zero_residual_v1,64,0,1,,,,,,1,1
canonical,CANONICAL — REPAIRED G2 OOF,9346,15712,adsorbate,zero_residual_v1,64,0,1,,,,,,1,1
canonical,CANONICAL — REPAIRED G2 OOF,9347,15714,adsorbate,zero_residual_v1,64,0,1,,,,,,1,1
canonical,CANONICAL — REPAIRED G2 OOF,9348,15715,adsorbate,zero_residual_v1,64,0,1,,,,,,1,1
canonical,CANONICAL — REPAIRED G2 OOF,9349,15716,interstitial,zero_residual_v1,64,0,1,,,,,,1,1
canonical,CANONICAL — REPAIRED G2 OOF,9350,15717,interstitial,zero_residual_v1,64,0,1,,,,,,1,1
canonical,CANONICAL — REPAIRED G2 OOF,9351,15718,adsorbate,zero_residual_v1,64,0,1,,,,,,1,1
canonical,CANONICAL — REPAIRED G2 OOF,9352,15720,adsorbate,zero_residual_v1,64,0,1,,,,,,1,1
canonical,CANONICAL — REPAIRED G2 OOF,9353,15721,adsorbate,zero_residual_v1,64,0,1,,,,,,1,1
canonical,CANONICAL — REPAIRED G2 OOF,9354,15723,interstitial,zero_residual_v1,64,0,1,,,,,,1,1
canonical,CANONICAL — REPAIRED G2 OOF,9355,15725,interstitial,zero_residual_v1,64,0,1,,,,,,1,1
canonical,CANONICAL — REPAIRED G2 OOF,9356,15726,adsorbate,zero_residual_v1,64,0,1,,,,,,1,1
canonical,CANONICAL — REPAIRED G2 OOF,9357,15727,adsorbate,zero_residual_v1,64,0,1,,,,,,1,1
canonical,CANONICAL — REPAIRED G2 OOF,9358,15728,interstitial,zero_residual_v1,64,0,1,,,,,,1,1
canonical,CANONICAL — REPAIRED G2 OOF,9359,15729,adsorbate,zero_residual_v1,64,0,1,,,,,,1,1
canonical,CANONICAL — REPAIRED G2 OOF,9360,15730,adsorbate,zero_residual_v1,64,0,1,,,,,,1,1
canonical,CANONICAL — REPAIRED G2 OOF,9361,15731,adsorbate,zero_residual_v1,64,0,1,,,,,,1,1
canonical,CANONICAL — REPAIRED G2 OOF,9362,15733,interstitial,zero_residual_v1,64,0,1,,,,,,1,1
canonical,CANONICAL — REPAIRED G2 OOF,9363,15734,adsorbate,zero_residual_v1,64,0,1,,,,,,1,1
canonical,CANONICAL — REPAIRED G2 OOF,9365,15736,interstitial,zero_residual_v1,64,0,1,,,,,,1,1
canonical,CANONICAL — REPAIRED G2 OOF,9366,15738,adsorbate,zero_residual_v1,64,0,1,,,,,,1,1
canonical,CANONICAL — REPAIRED G2 OOF,9367,15740,adsorbate,zero_residual_v1,64,0,1,,,,,,1,1
canonical,CANONICAL — REPAIRED G2 OOF,9368,15741,adsorbate,zero_residual_v1,64,0,1,,,,,,1,1
canonical,CANONICAL — REPAIRED G2 OOF,9369,15744,adsorbate,zero_residual_v1,64,0,1,,,,,,1,1
canonical,CANONICAL — REPAIRED G2 OOF,9370,15747,adsorbate,zero_residual_v1,64,0,1,,,,,,1,1
canonical,CANONICAL — REPAIRED G2 OOF,9371,15748,adsorbate,zero_residual_v1,64,0,1,,,,,,1,1
canonical,CANONICAL — REPAIRED G2 OOF,9372,15749,adsorbate,zero_residual_v1,64,0,1,,,,,,1,1
canonical,CANONICAL — REPAIRED G2 OOF,9373,15750,interstitial,zero_residual_v1,64,0,1,,,,,,1,1
canonical,CANONICAL — REPAIRED G2 OOF,9374,15751,interstitial,zero_residual_v1,64,0,1,,,,,,1,1
canonical,CANONICAL — REPAIRED G2 OOF,9375,15755,adsorbate,zero_residual_v1,64,0,1,,,,,,1,1
canonical,CANONICAL — REPAIRED G2 OOF,9376,15757,adsorbate,zero_residual_v1,64,0,1,,,,,,1,1
canonical,CANONICAL — REPAIRED G2 OOF,9378,15759,interstitial,zero_residual_v1,64,0,1,,,,,,1,1
canonical,CANONICAL — REPAIRED G2 OOF,9379,15763,interstitial,zero_residual_v1,64,0,1,,,,,,1,1
canonical,CANONICAL — REPAIRED G2 OOF,9380,15766,interstitial,zero_residual_v1,64,0,1,,,,,,1,1
canonical,CANONICAL — REPAIRED G2 OOF,9381,15769,interstitial,zero_residual_v1,64,0,1,,,,,,1,1
canonical,CANONICAL — REPAIRED G2 OOF,9382,15770,interstitial,zero_residual_v1,64,0,1,,,,,,1,1
canonical,CANONICAL — REPAIRED G2 OOF,9383,15773,adsorbate,zero_residual_v1,64,0,1,,,,,,1,1
canonical,CANONICAL — REPAIRED G2 OOF,9384,15774,interstitial,zero_residual_v1,64,0,1,,,,,,1,1
canonical,CANONICAL — REPAIRED G2 OOF,9385,15776,adsorbate,zero_residual_v1,64,0,1,,,,,,1,1
canonical,CANONICAL — REPAIRED G2 OOF,9386,15777,adsorbate,zero_residual_v1,64,0,1,,,,,,1,1
canonical,CANONICAL — REPAIRED G2 OOF,9387,15778,adsorbate,zero_residual_v1,64,0,1,,,,,,1,1
canonical,CANONICAL — REPAIRED G2 OOF,9388,15779,adsorbate,zero_residual_v1,64,0,1,,,,,,1,1
canonical,CANONICAL — REPAIRED G2 OOF,9389,15780,adsorbate,zero_residual_v1,64,0,1,,,,,,1,1
canonical,CANONICAL — REPAIRED G2 OOF,9390,15782,adsorbate,zero_residual_v1,64,0,1,,,,,,1,1
canonical,CANONICAL — REPAIRED G2 OOF,9391,15783,interstitial,zero_residual_v1,64,0,1,,,,,,1,1
canonical,CANONICAL — REPAIRED G2 OOF,9392,15787,adsorbate,zero_residual_v1,64,0,1,,,,,,1,1
canonical,CANONICAL — REPAIRED G2 OOF,9393,15788,adsorbate,zero_residual_v1,64,0,1,,,,,,1,1
canonical,CANONICAL — REPAIRED G2 OOF,9394,15789,interstitial,zero_residual_v1,64,0,1,,,,,,1,1
canonical,CANONICAL — REPAIRED G2 OOF,9395,15790,adsorbate,zero_residual_v1,64,0,1,,,,,,1,1
canonical,CANONICAL — REPAIRED G2 OOF,9396,15791,interstitial,zero_residual_v1,64,0,1,,,,,,1,1
canonical,CANONICAL — REPAIRED G2 OOF,9397,15792,interstitial,zero_residual_v1,64,0,1,,,,,,1,1
canonical,CANONICAL — REPAIRED G2 OOF,9398,15795,adsorbate,zero_residual_v1,64,0,1,,,,,,1,1
canonical,CANONICAL — REPAIRED G2 OOF,9399,15796,adsorbate,zero_residual_v1,64,0,1,,,,,,1,1
canonical,CANONICAL — REPAIRED G2 OOF,9400,15797,adsorbate,zero_residual_v1,64,0,1,,,,,,1,1
canonical,CANONICAL — REPAIRED G2 OOF,9401,15798,interstitial,zero_residual_v1,64,0,1,,,,,,1,1
canonical,CANONICAL — REPAIRED G2 OOF,9402,15800,adsorbate,zero_residual_v1,64,0,1,,,,,,1,1
canonical,CANONICAL — REPAIRED G2 OOF,9403,15802,adsorbate,zero_residual_v1,64,0,1,,,,,,1,1
canonical,CANONICAL — REPAIRED G2 OOF,9404,15803,adsorbate,zero_residual_v1,64,0,1,,,,,,1,1
canonical,CANONICAL — REPAIRED G2 OOF,9405,15806,interstitial,zero_residual_v1,64,0,1,,,,,,1,1
canonical,CANONICAL — REPAIRED G2 OOF,9406,15808,interstitial,zero_residual_v1,64,0,1,,,,,,1,1
canonical,CANONICAL — REPAIRED G2 OOF,9408,15811,adsorbate,zero_residual_v1,64,0,1,,,,,,1,1
canonical,CANONICAL — REPAIRED G2 OOF,9409,15813,adsorbate,zero_residual_v1,64,0,1,,,,,,1,1
canonical,CANONICAL — REPAIRED G2 OOF,9410,15817,adsorbate,zero_residual_v1,64,0,1,,,,,,1,1
canonical,CANONICAL — REPAIRED G2 OOF,9411,15819,interstitial,zero_residual_v1,64,0,1,,,,,,1,1
canonical,CANONICAL — REPAIRED G2 OOF,9413,15822,adsorbate,zero_residual_v1,64,0,1,,,,,,1,1
canonical,CANONICAL — REPAIRED G2 OOF,9414,15823,adsorbate,zero_residual_v1,64,0,1,,,,,,1,1
canonical,CANONICAL — REPAIRED G2 OOF,9415,15824,adsorbate,zero_residual_v1,64,0,1,,,,,,1,1
canonical,CANONICAL — REPAIRED G2 OOF,9416,15826,adsorbate,zero_residual_v1,64,0,1,,,,,,1,1
canonical,CANONICAL — REPAIRED G2 OOF,9417,15827,adsorbate,zero_residual_v1,64,0,1,,,,,,1,1
canonical,CANONICAL — REPAIRED G2 OOF,9418,15829,interstitial,zero_residual_v1,64,0,1,,,,,,1,1
canonical,CANONICAL — REPAIRED G2 OOF,9419,15830,adsorbate,zero_residual_v1,64,0,1,,,,,,1,1
canonical,CANONICAL — REPAIRED G2 OOF,9420,15832,adsorbate,zero_residual_v1,64,0,1,,,,,,1,1
canonical,CANONICAL — REPAIRED G2 OOF,9421,15834,interstitial,zero_residual_v1,64,0,1,,,,,,1,1
canonical,CANONICAL — REPAIRED G2 OOF,9422,15835,adsorbate,zero_residual_v1,64,0,1,,,,,,1,1
canonical,CANONICAL — REPAIRED G2 OOF,9423,15836,adsorbate,zero_residual_v1,64,0,1,,,,,,1,1
canonical,CANONICAL — REPAIRED G2 OOF,9424,15837,interstitial,zero_residual_v1,64,0,1,,,,,,1,1
canonical,CANONICAL — REPAIRED G2 OOF,9425,15838,adsorbate,zero_residual_v1,64,0,1,,,,,,1,1
canonical,CANONICAL — REPAIRED G2 OOF,9426,15839,adsorbate,zero_residual_v1,64,0,1,,,,,,1,1
canonical,CANONICAL — REPAIRED G2 OOF,9427,15840,adsorbate,zero_residual_v1,64,0,1,,,,,,1,1
canonical,CANONICAL — REPAIRED G2 OOF,9428,15841,adsorbate,zero_residual_v1,64,0,1,,,,,,1,1
canonical,CANONICAL — REPAIRED G2 OOF,9429,15842,adsorbate,zero_residual_v1,64,0,1,,,,,,1,1
canonical,CANONICAL — REPAIRED G2 OOF,9430,15843,adsorbate,zero_residual_v1,64,0,1,,,,,,1,1
canonical,CANONICAL — REPAIRED G2 OOF,9431,15844,adsorbate,zero_residual_v1,64,0,1,,,,,,1,1
canonical,CANONICAL — REPAIRED G2 OOF,9432,15847,adsorbate,zero_residual_v1,64,0,1,,,,,,1,1
canonical,CANONICAL — REPAIRED G2 OOF,9433,15849,adsorbate,zero_residual_v1,64,0,1,,,,,,1,1
canonical,CANONICAL — REPAIRED G2 OOF,9434,15850,adsorbate,zero_residual_v1,64,0,1,,,,,,1,1
canonical,CANONICAL — REPAIRED G2 OOF,9435,15851,interstitial,zero_residual_v1,64,0,1,,,,,,1,1
canonical,CANONICAL — REPAIRED G2 OOF,9436,15852,adsorbate,zero_residual_v1,64,0,1,,,,,,1,1
canonical,CANONICAL — REPAIRED G2 OOF,9437,15854,interstitial,zero_residual_v1,64,0,1,,,,,,1,1
canonical,CANONICAL — REPAIRED G2 OOF,9438,15855,interstitial,zero_residual_v1,64,0,1,,,,,,1,1
canonical,CANONICAL — REPAIRED G2 OOF,9439,15856,adsorbate,zero_residual_v1,64,0,1,,,,,,1,1
canonical,CANONICAL — REPAIRED G2 OOF,9440,15857,adsorbate,zero_residual_v1,64,0,1,,,,,,1,1
canonical,CANONICAL — REPAIRED G2 OOF,9441,15858,interstitial,zero_residual_v1,64,0,1,,,,,,1,1
canonical,CANONICAL — REPAIRED G2 OOF,9442,15859,adsorbate,zero_residual_v1,64,0,1,,,,,,1,1
canonical,CANONICAL — REPAIRED G2 OOF,9443,15860,adsorbate,zero_residual_v1,64,0,1,,,,,,1,1
canonical,CANONICAL — REPAIRED G2 OOF,9444,15861,adsorbate,zero_residual_v1,64,0,1,,,,,,1,1
canonical,CANONICAL — REPAIRED G2 OOF,9445,15862,adsorbate,zero_residual_v1,64,0,1,,,,,,1,1
canonical,CANONICAL — REPAIRED G2 OOF,9446,15863,interstitial,zero_residual_v1,64,0,1,,,,,,1,1
canonical,CANONICAL — REPAIRED G2 OOF,9448,15866,interstitial,zero_residual_v1,64,0,1,,,,,,1,1
canonical,CANONICAL — REPAIRED G2 OOF,9449,15868,adsorbate,zero_residual_v1,64,0,1,,,,,,1,1
canonical,CANONICAL — REPAIRED G2 OOF,9450,15870,adsorbate,zero_residual_v1,64,0,1,,,,,,1,1
canonical,CANONICAL — REPAIRED G2 OOF,9451,15871,interstitial,zero_residual_v1,64,0,1,,,,,,1,1
canonical,CANONICAL — REPAIRED G2 OOF,9452,15872,adsorbate,zero_residual_v1,64,0,1,,,,,,1,1
canonical,CANONICAL — REPAIRED G2 OOF,9453,15873,adsorbate,zero_residual_v1,64,0,1,,,,,,1,1
canonical,CANONICAL — REPAIRED G2 OOF,9454,15874,adsorbate,zero_residual_v1,64,0,1,,,,,,1,1
canonical,CANONICAL — REPAIRED G2 OOF,9455,15875,adsorbate,zero_residual_v1,64,0,1,,,,,,1,1
canonical,CANONICAL — REPAIRED G2 OOF,9456,15876,adsorbate,zero_residual_v1,64,0,1,,,,,,1,1
canonical,CANONICAL — REPAIRED G2 OOF,9457,15877,adsorbate,zero_residual_v1,64,0,1,,,,,,1,1
canonical,CANONICAL — REPAIRED G2 OOF,9458,15878,adsorbate,zero_residual_v1,64,0,1,,,,,,1,1
canonical,CANONICAL — REPAIRED G2 OOF,9459,15880,adsorbate,zero_residual_v1,64,0,1,,,,,,1,1
canonical,CANONICAL — REPAIRED G2 OOF,9460,15884,adsorbate,zero_residual_v1,64,0,1,,,,,,1,1
canonical,CANONICAL — REPAIRED G2 OOF,9461,15885,adsorbate,zero_residual_v1,64,0,1,,,,,,1,1
canonical,CANONICAL — REPAIRED G2 OOF,9462,15886,adsorbate,zero_residual_v1,64,0,1,,,,,,1,1
canonical,CANONICAL — REPAIRED G2 OOF,9463,15887,adsorbate,zero_residual_v1,64,0,1,,,,,,1,1
canonical,CANONICAL — REPAIRED G2 OOF,9464,15888,adsorbate,zero_residual_v1,64,0,1,,,,,,1,1
canonical,CANONICAL — REPAIRED G2 OOF,9465,15892,interstitial,zero_residual_v1,64,0,1,,,,,,1,1
canonical,CANONICAL — REPAIRED G2 OOF,9466,15893,interstitial,zero_residual_v1,64,0,1,,,,,,1,1
canonical,CANONICAL — REPAIRED G2 OOF,9467,15899,adsorbate,zero_residual_v1,64,0,1,,,,,,1,1
canonical,CANONICAL — REPAIRED G2 OOF,9468,15900,adsorbate,zero_residual_v1,64,0,1,,,,,,1,1
canonical,CANONICAL — REPAIRED G2 OOF,9469,15904,interstitial,zero_residual_v1,64,0,1,,,,,,1,1
canonical,CANONICAL — REPAIRED G2 OOF,9470,15905,interstitial,zero_residual_v1,64,0,1,,,,,,1,1
canonical,CANONICAL — REPAIRED G2 OOF,9471,15908,interstitial,zero_residual_v1,64,0,1,,,,,,1,1
canonical,CANONICAL — REPAIRED G2 OOF,9472,15910,interstitial,zero_residual_v1,64,0,1,,,,,,1,1
canonical,CANONICAL — REPAIRED G2 OOF,9473,15911,adsorbate,zero_residual_v1,64,0,1,,,,,,1,1
canonical,CANONICAL — REPAIRED G2 OOF,9474,15913,adsorbate,zero_residual_v1,64,0,1,,,,,,1,1
canonical,CANONICAL — REPAIRED G2 OOF,9476,15916,adsorbate,zero_residual_v1,64,0,1,,,,,,1,1
canonical,CANONICAL — REPAIRED G2 OOF,9477,15917,interstitial,zero_residual_v1,64,0,1,,,,,,1,1
canonical,CANONICAL — REPAIRED G2 OOF,9478,15918,interstitial,zero_residual_v1,64,0,1,,,,,,1,1
canonical,CANONICAL — REPAIRED G2 OOF,9479,15919,adsorbate,zero_residual_v1,64,0,1,,,,,,1,1
canonical,CANONICAL — REPAIRED G2 OOF,9480,15921,adsorbate,zero_residual_v1,64,0,1,,,,,,1,1
canonical,CANONICAL — REPAIRED G2 OOF,9481,15924,adsorbate,zero_residual_v1,64,0,1,,,,,,1,1
canonical,CANONICAL — REPAIRED G2 OOF,9482,15925,interstitial,zero_residual_v1,64,0,1,,,,,,1,1
canonical,CANONICAL — REPAIRED G2 OOF,9483,15926,interstitial,zero_residual_v1,64,0,1,,,,,,1,1
canonical,CANONICAL — REPAIRED G2 OOF,9484,15927,adsorbate,zero_residual_v1,64,0,1,,,,,,1,1
canonical,CANONICAL — REPAIRED G2 OOF,9485,15928,adsorbate,zero_residual_v1,64,0,1,,,,,,1,1
canonical,CANONICAL — REPAIRED G2 OOF,9486,15929,adsorbate,zero_residual_v1,64,0,1,,,,,,1,1
canonical,CANONICAL — REPAIRED G2 OOF,9487,15930,interstitial,zero_residual_v1,64,0,1,,,,,,1,1
canonical,CANONICAL — REPAIRED G2 OOF,9488,15931,adsorbate,zero_residual_v1,64,0,1,,,,,,1,1
canonical,CANONICAL — REPAIRED G2 OOF,9489,15932,interstitial,zero_residual_v1,64,0,1,,,,,,1,1
canonical,CANONICAL — REPAIRED G2 OOF,9490,15934,interstitial,zero_residual_v1,64,0,1,,,,,,1,1
canonical,CANONICAL — REPAIRED G2 OOF,9491,15935,adsorbate,zero_residual_v1,64,0,1,,,,,,1,1
canonical,CANONICAL — REPAIRED G2 OOF,9492,15937,adsorbate,zero_residual_v1,64,0,1,,,,,,1,1
canonical,CANONICAL — REPAIRED G2 OOF,9493,15938,adsorbate,zero_residual_v1,64,0,1,,,,,,1,1
canonical,CANONICAL — REPAIRED G2 OOF,9494,15939,adsorbate,zero_residual_v1,64,0,1,,,,,,1,1
canonical,CANONICAL — REPAIRED G2 OOF,9495,15940,interstitial,zero_residual_v1,64,0,1,,,,,,1,1
canonical,CANONICAL — REPAIRED G2 OOF,9496,15941,interstitial,zero_residual_v1,64,0,1,,,,,,1,1
canonical,CANONICAL — REPAIRED G2 OOF,9497,15942,adsorbate,zero_residual_v1,64,0,1,,,,,,1,1
canonical,CANONICAL — REPAIRED G2 OOF,9498,15943,interstitial,zero_residual_v1,64,0,1,,,,,,1,1
canonical,CANONICAL — REPAIRED G2 OOF,9499,15944,adsorbate,zero_residual_v1,64,0,1,,,,,,1,1
canonical,CANONICAL — REPAIRED G2 OOF,9500,15945,interstitial,zero_residual_v1,64,0,1,,,,,,1,1
canonical,CANONICAL — REPAIRED G2 OOF,9501,15947,adsorbate,zero_residual_v1,64,0,1,,,,,,1,1
canonical,CANONICAL — REPAIRED G2 OOF,9502,15950,adsorbate,zero_residual_v1,64,0,1,,,,,,1,1
canonical,CANONICAL — REPAIRED G2 OOF,9503,15951,interstitial,zero_residual_v1,64,0,1,,,,,,1,1
canonical,CANONICAL — REPAIRED G2 OOF,9504,15952,interstitial,zero_residual_v1,64,0,1,,,,,,1,1
canonical,CANONICAL — REPAIRED G2 OOF,9505,15954,interstitial,zero_residual_v1,64,0,1,,,,,,1,1
canonical,CANONICAL — REPAIRED G2 OOF,9506,15956,interstitial,zero_residual_v1,64,0,1,,,,,,1,1
canonical,CANONICAL — REPAIRED G2 OOF,9507,15958,adsorbate,zero_residual_v1,64,0,1,,,,,,1,1
canonical,CANONICAL — REPAIRED G2 OOF,9508,15960,interstitial,zero_residual_v1,64,0,1,,,,,,1,1
canonical,CANONICAL — REPAIRED G2 OOF,9509,15961,adsorbate,zero_residual_v1,64,0,1,,,,,,1,1
canonical,CANONICAL — REPAIRED G2 OOF,9510,15962,adsorbate,zero_residual_v1,64,0,1,,,,,,1,1
canonical,CANONICAL — REPAIRED G2 OOF,9511,15963,interstitial,zero_residual_v1,64,0,1,,,,,,1,1
canonical,CANONICAL — REPAIRED G2 OOF,9512,15964,adsorbate,zero_residual_v1,64,0,1,,,,,,1,1
canonical,CANONICAL — REPAIRED G2 OOF,9513,15965,interstitial,zero_residual_v1,64,0,1,,,,,,1,1
canonical,CANONICAL — REPAIRED G2 OOF,9515,15967,adsorbate,zero_residual_v1,64,0,1,,,,,,1,1
canonical,CANONICAL — REPAIRED G2 OOF,9516,15968,adsorbate,zero_residual_v1,64,0,1,,,,,,1,1
canonical,CANONICAL — REPAIRED G2 OOF,9517,15970,interstitial,zero_residual_v1,64,0,1,,,,,,1,1
canonical,CANONICAL — REPAIRED G2 OOF,9518,15972,adsorbate,zero_residual_v1,64,0,1,,,,,,1,1
canonical,CANONICAL — REPAIRED G2 OOF,9519,15973,interstitial,zero_residual_v1,64,0,1,,,,,,1,1
canonical,CANONICAL — REPAIRED G2 OOF,9520,15974,adsorbate,zero_residual_v1,64,0,1,,,,,,1,1
canonical,CANONICAL — REPAIRED G2 OOF,9521,15977,adsorbate,zero_residual_v1,64,0,1,,,,,,1,1
canonical,CANONICAL — REPAIRED G2 OOF,9522,15978,adsorbate,zero_residual_v1,64,0,1,,,,,,1,1
canonical,CANONICAL — REPAIRED G2 OOF,9523,15979,adsorbate,zero_residual_v1,64,0,1,,,,,,1,1
canonical,CANONICAL — REPAIRED G2 OOF,9524,15982,interstitial,zero_residual_v1,64,0,1,,,,,,1,1
canonical,CANONICAL — REPAIRED G2 OOF,9525,15983,interstitial,zero_residual_v1,64,0,1,,,,,,1,1
canonical,CANONICAL — REPAIRED G2 OOF,9526,15984,interstitial,zero_residual_v1,64,0,1,,,,,,1,1
canonical,CANONICAL — REPAIRED G2 OOF,9527,15987,interstitial,zero_residual_v1,64,0,1,,,,,,1,1
canonical,CANONICAL — REPAIRED G2 OOF,9528,15991,adsorbate,zero_residual_v1,64,0,1,,,,,,1,1
canonical,CANONICAL — REPAIRED G2 OOF,9529,15992,adsorbate,zero_residual_v1,64,0,1,,,,,,1,1
canonical,CANONICAL — REPAIRED G2 OOF,9530,15993,interstitial,zero_residual_v1,64,0,1,,,,,,1,1
canonical,CANONICAL — REPAIRED G2 OOF,9531,15994,adsorbate,zero_residual_v1,64,0,1,,,,,,1,1
canonical,CANONICAL — REPAIRED G2 OOF,9532,15996,interstitial,zero_residual_v1,64,0,1,,,,,,1,1
canonical,CANONICAL — REPAIRED G2 OOF,9533,15997,adsorbate,zero_residual_v1,64,0,1,,,,,,1,1
canonical,CANONICAL — REPAIRED G2 OOF,9534,15998,adsorbate,zero_residual_v1,64,0,1,,,,,,1,1
canonical,CANONICAL — REPAIRED G2 OOF,9535,15999,adsorbate,zero_residual_v1,64,0,1,,,,,,1,1
canonical,CANONICAL — REPAIRED G2 OOF,9536,16001,adsorbate,zero_residual_v1,64,0,1,,,,,,1,1
canonical,CANONICAL — REPAIRED G2 OOF,9537,16004,adsorbate,zero_residual_v1,64,0,1,,,,,,1,1
canonical,CANONICAL — REPAIRED G2 OOF,9538,16005,interstitial,zero_residual_v1,64,0,1,,,,,,1,1
canonical,CANONICAL — REPAIRED G2 OOF,9539,16006,interstitial,zero_residual_v1,64,0,1,,,,,,1,1
canonical,CANONICAL — REPAIRED G2 OOF,9540,16007,adsorbate,zero_residual_v1,64,0,1,,,,,,1,1
canonical,CANONICAL — REPAIRED G2 OOF,9541,16008,adsorbate,zero_residual_v1,64,0,1,,,,,,1,1
canonical,CANONICAL — REPAIRED G2 OOF,9542,16010,adsorbate,zero_residual_v1,64,0,1,,,,,,1,1
canonical,CANONICAL — REPAIRED G2 OOF,9543,16011,adsorbate,zero_residual_v1,64,0,1,,,,,,1,1
canonical,CANONICAL — REPAIRED G2 OOF,9544,16012,interstitial,zero_residual_v1,64,0,1,,,,,,1,1
canonical,CANONICAL — REPAIRED G2 OOF,9545,16014,interstitial,zero_residual_v1,64,0,1,,,,,,1,1
canonical,CANONICAL — REPAIRED G2 OOF,9546,16016,interstitial,zero_residual_v1,64,0,1,,,,,,1,1
canonical,CANONICAL — REPAIRED G2 OOF,9547,16018,interstitial,zero_residual_v1,64,0,1,,,,,,1,1
canonical,CANONICAL — REPAIRED G2 OOF,9548,16020,interstitial,zero_residual_v1,64,0,1,,,,,,1,1
canonical,CANONICAL — REPAIRED G2 OOF,9549,16025,adsorbate,zero_residual_v1,64,0,1,,,,,,1,1
canonical,CANONICAL — REPAIRED G2 OOF,9550,16026,interstitial,zero_residual_v1,64,0,1,,,,,,1,1
canonical,CANONICAL — REPAIRED G2 OOF,9551,16027,adsorbate,zero_residual_v1,64,0,1,,,,,,1,1
canonical,CANONICAL — REPAIRED G2 OOF,9552,16028,adsorbate,zero_residual_v1,64,0,1,,,,,,1,1
canonical,CANONICAL — REPAIRED G2 OOF,9553,16029,adsorbate,zero_residual_v1,64,0,1,,,,,,1,1
canonical,CANONICAL — REPAIRED G2 OOF,9554,16030,adsorbate,zero_residual_v1,64,0,1,,,,,,1,1
canonical,CANONICAL — REPAIRED G2 OOF,9555,16032,adsorbate,zero_residual_v1,64,0,1,,,,,,1,1
canonical,CANONICAL — REPAIRED G2 OOF,9556,16034,adsorbate,zero_residual_v1,64,0,1,,,,,,1,1
canonical,CANONICAL — REPAIRED G2 OOF,9557,16035,adsorbate,zero_residual_v1,64,0,1,,,,,,1,1
canonical,CANONICAL — REPAIRED G2 OOF,9558,16036,adsorbate,zero_residual_v1,64,0,1,,,,,,1,1
canonical,CANONICAL — REPAIRED G2 OOF,9559,16037,interstitial,zero_residual_v1,64,0,1,,,,,,1,1
canonical,CANONICAL — REPAIRED G2 OOF,9560,16038,adsorbate,zero_residual_v1,64,0,1,,,,,,1,1
canonical,CANONICAL — REPAIRED G2 OOF,9561,16040,adsorbate,zero_residual_v1,64,0,1,,,,,,1,1
canonical,CANONICAL — REPAIRED G2 OOF,9562,16041,adsorbate,zero_residual_v1,64,0,1,,,,,,1,1
canonical,CANONICAL — REPAIRED G2 OOF,9563,16043,interstitial,zero_residual_v1,64,0,1,,,,,,1,1
canonical,CANONICAL — REPAIRED G2 OOF,9564,16044,adsorbate,zero_residual_v1,64,0,1,,,,,,1,1
canonical,CANONICAL — REPAIRED G2 OOF,9565,16045,interstitial,zero_residual_v1,64,0,1,,,,,,1,1
canonical,CANONICAL — REPAIRED G2 OOF,9566,16046,interstitial,zero_residual_v1,64,0,1,,,,,,1,1
canonical,CANONICAL — REPAIRED G2 OOF,9567,16050,adsorbate,zero_residual_v1,64,0,1,,,,,,1,1
canonical,CANONICAL — REPAIRED G2 OOF,9568,16051,adsorbate,zero_residual_v1,64,0,1,,,,,,1,1
canonical,CANONICAL — REPAIRED G2 OOF,9569,16052,adsorbate,zero_residual_v1,64,0,1,,,,,,1,1
canonical,CANONICAL — REPAIRED G2 OOF,9570,16053,adsorbate,zero_residual_v1,64,0,1,,,,,,1,1
canonical,CANONICAL — REPAIRED G2 OOF,9571,16054,adsorbate,zero_residual_v1,64,0,1,,,,,,1,1
canonical,CANONICAL — REPAIRED G2 OOF,9572,16057,adsorbate,zero_residual_v1,64,0,1,,,,,,1,1
canonical,CANONICAL — REPAIRED G2 OOF,9573,16058,interstitial,zero_residual_v1,64,0,1,,,,,,1,1
canonical,CANONICAL — REPAIRED G2 OOF,9574,16059,interstitial,zero_residual_v1,64,0,1,,,,,,1,1
canonical,CANONICAL — REPAIRED G2 OOF,9575,16060,adsorbate,zero_residual_v1,64,0,1,,,,,,1,1
canonical,CANONICAL — REPAIRED G2 OOF,9577,16069,interstitial,zero_residual_v1,64,0,1,,,,,,1,1
canonical,CANONICAL — REPAIRED G2 OOF,9578,16070,adsorbate,zero_residual_v1,64,0,1,,,,,,1,1
canonical,CANONICAL — REPAIRED G2 OOF,9579,16071,interstitial,zero_residual_v1,64,0,1,,,,,,1,1
canonical,CANONICAL — REPAIRED G2 OOF,9580,16072,adsorbate,zero_residual_v1,64,0,1,,,,,,1,1
canonical,CANONICAL — REPAIRED G2 OOF,9581,16073,interstitial,zero_residual_v1,64,0,1,,,,,,1,1
canonical,CANONICAL — REPAIRED G2 OOF,9582,16075,adsorbate,zero_residual_v1,64,0,1,,,,,,1,1
canonical,CANONICAL — REPAIRED G2 OOF,9583,16078,interstitial,zero_residual_v1,64,0,1,,,,,,1,1
canonical,CANONICAL — REPAIRED G2 OOF,9584,16081,interstitial,zero_residual_v1,64,0,1,,,,,,1,1
canonical,CANONICAL — REPAIRED G2 OOF,9585,16082,adsorbate,zero_residual_v1,64,0,1,,,,,,1,1
canonical,CANONICAL — REPAIRED G2 OOF,9586,16083,adsorbate,zero_residual_v1,64,0,1,,,,,,1,1
canonical,CANONICAL — REPAIRED G2 OOF,9587,16084,adsorbate,zero_residual_v1,64,0,1,,,,,,1,1
canonical,CANONICAL — REPAIRED G2 OOF,9588,16086,adsorbate,zero_residual_v1,64,0,1,,,,,,1,1
canonical,CANONICAL — REPAIRED G2 OOF,9589,16087,adsorbate,zero_residual_v1,64,0,1,,,,,,1,1
canonical,CANONICAL — REPAIRED G2 OOF,9590,16089,adsorbate,zero_residual_v1,64,0,1,,,,,,1,1
canonical,CANONICAL — REPAIRED G2 OOF,9591,16092,adsorbate,zero_residual_v1,64,0,1,,,,,,1,1
canonical,CANONICAL — REPAIRED G2 OOF,9592,16093,adsorbate,zero_residual_v1,64,0,1,,,,,,1,1
canonical,CANONICAL — REPAIRED G2 OOF,9593,16096,adsorbate,zero_residual_v1,64,0,1,,,,,,1,1
canonical,CANONICAL — REPAIRED G2 OOF,9594,16097,interstitial,zero_residual_v1,64,0,1,,,,,,1,1
canonical,CANONICAL — REPAIRED G2 OOF,9595,16099,interstitial,zero_residual_v1,64,0,1,,,,,,1,1
canonical,CANONICAL — REPAIRED G2 OOF,9596,16100,adsorbate,zero_residual_v1,64,0,1,,,,,,1,1
canonical,CANONICAL — REPAIRED G2 OOF,9597,16103,adsorbate,zero_residual_v1,64,0,1,,,,,,1,1
canonical,CANONICAL — REPAIRED G2 OOF,9598,16104,adsorbate,zero_residual_v1,64,0,1,,,,,,1,1
canonical,CANONICAL — REPAIRED G2 OOF,9599,16107,interstitial,zero_residual_v1,64,0,1,,,,,,1,1
canonical,CANONICAL — REPAIRED G2 OOF,9600,16108,adsorbate,zero_residual_v1,64,0,1,,,,,,1,1
canonical,CANONICAL — REPAIRED G2 OOF,9601,16109,adsorbate,zero_residual_v1,64,0,1,,,,,,1,1
canonical,CANONICAL — REPAIRED G2 OOF,9602,16111,adsorbate,zero_residual_v1,64,0,1,,,,,,1,1
canonical,CANONICAL — REPAIRED G2 OOF,9603,16115,interstitial,zero_residual_v1,64,0,1,,,,,,1,1
canonical,CANONICAL — REPAIRED G2 OOF,9604,16116,adsorbate,zero_residual_v1,64,0,1,,,,,,1,1
canonical,CANONICAL — REPAIRED G2 OOF,9605,16117,adsorbate,zero_residual_v1,64,0,1,,,,,,1,1
canonical,CANONICAL — REPAIRED G2 OOF,9606,16118,interstitial,zero_residual_v1,64,0,1,,,,,,1,1
canonical,CANONICAL — REPAIRED G2 OOF,9607,16121,adsorbate,zero_residual_v1,64,0,1,,,,,,1,1
canonical,CANONICAL — REPAIRED G2 OOF,9608,16122,interstitial,zero_residual_v1,64,0,1,,,,,,1,1
canonical,CANONICAL — REPAIRED G2 OOF,9609,16123,adsorbate,zero_residual_v1,64,0,1,,,,,,1,1
canonical,CANONICAL — REPAIRED G2 OOF,9610,16124,adsorbate,zero_residual_v1,64,0,1,,,,,,1,1
canonical,CANONICAL — REPAIRED G2 OOF,9611,16125,interstitial,zero_residual_v1,64,0,1,,,,,,1,1
canonical,CANONICAL — REPAIRED G2 OOF,9612,16126,adsorbate,zero_residual_v1,64,0,1,,,,,,1,1
canonical,CANONICAL — REPAIRED G2 OOF,9613,16127,adsorbate,zero_residual_v1,64,0,1,,,,,,1,1
canonical,CANONICAL — REPAIRED G2 OOF,9614,16129,adsorbate,zero_residual_v1,64,0,1,,,,,,1,1
canonical,CANONICAL — REPAIRED G2 OOF,9615,16130,adsorbate,zero_residual_v1,64,0,1,,,,,,1,1
canonical,CANONICAL — REPAIRED G2 OOF,9616,16131,adsorbate,zero_residual_v1,64,0,1,,,,,,1,1
canonical,CANONICAL — REPAIRED G2 OOF,9617,16132,adsorbate,zero_residual_v1,64,0,1,,,,,,1,1
canonical,CANONICAL — REPAIRED G2 OOF,9618,16134,adsorbate,zero_residual_v1,64,0,1,,,,,,1,1
canonical,CANONICAL — REPAIRED G2 OOF,9619,16136,adsorbate,zero_residual_v1,64,0,1,,,,,,1,1
canonical,CANONICAL — REPAIRED G2 OOF,9620,16138,adsorbate,zero_residual_v1,64,0,1,,,,,,1,1
canonical,CANONICAL — REPAIRED G2 OOF,9621,16140,adsorbate,zero_residual_v1,64,0,1,,,,,,1,1
canonical,CANONICAL — REPAIRED G2 OOF,9622,16141,adsorbate,zero_residual_v1,64,0,1,,,,,,1,1
canonical,CANONICAL — REPAIRED G2 OOF,9623,16142,adsorbate,zero_residual_v1,64,0,1,,,,,,1,1
canonical,CANONICAL — REPAIRED G2 OOF,9624,16143,adsorbate,zero_residual_v1,64,0,1,,,,,,1,1
canonical,CANONICAL — REPAIRED G2 OOF,9625,16144,adsorbate,zero_residual_v1,64,0,1,,,,,,1,1
canonical,CANONICAL — REPAIRED G2 OOF,9626,16145,interstitial,zero_residual_v1,64,0,1,,,,,,1,1
canonical,CANONICAL — REPAIRED G2 OOF,9627,16147,adsorbate,zero_residual_v1,64,0,1,,,,,,1,1
canonical,CANONICAL — REPAIRED G2 OOF,9628,16149,adsorbate,zero_residual_v1,64,0,1,,,,,,1,1
canonical,CANONICAL — REPAIRED G2 OOF,9629,16151,interstitial,zero_residual_v1,64,0,1,,,,,,1,1
canonical,CANONICAL — REPAIRED G2 OOF,9630,16153,adsorbate,zero_residual_v1,64,0,1,,,,,,1,1
canonical,CANONICAL — REPAIRED G2 OOF,9631,16154,interstitial,zero_residual_v1,64,0,1,,,,,,1,1
canonical,CANONICAL — REPAIRED G2 OOF,9632,16155,interstitial,zero_residual_v1,64,0,1,,,,,,1,1
canonical,CANONICAL — REPAIRED G2 OOF,9633,16158,adsorbate,zero_residual_v1,64,0,1,,,,,,1,1
canonical,CANONICAL — REPAIRED G2 OOF,9634,16160,adsorbate,zero_residual_v1,64,0,1,,,,,,1,1
canonical,CANONICAL — REPAIRED G2 OOF,9635,16161,adsorbate,zero_residual_v1,64,0,1,,,,,,1,1
canonical,CANONICAL — REPAIRED G2 OOF,9636,16163,adsorbate,zero_residual_v1,64,0,1,,,,,,1,1
canonical,CANONICAL — REPAIRED G2 OOF,9637,16164,adsorbate,zero_residual_v1,64,0,1,,,,,,1,1
canonical,CANONICAL — REPAIRED G2 OOF,9638,16166,interstitial,zero_residual_v1,64,0,1,,,,,,1,1
canonical,CANONICAL — REPAIRED G2 OOF,9639,16167,adsorbate,zero_residual_v1,64,0,1,,,,,,1,1
canonical,CANONICAL — REPAIRED G2 OOF,9640,16169,interstitial,zero_residual_v1,64,0,1,,,,,,1,1
canonical,CANONICAL — REPAIRED G2 OOF,9641,16170,adsorbate,zero_residual_v1,64,0,1,,,,,,1,1
canonical,CANONICAL — REPAIRED G2 OOF,9642,16171,interstitial,zero_residual_v1,64,0,1,,,,,,1,1
canonical,CANONICAL — REPAIRED G2 OOF,9643,16172,adsorbate,zero_residual_v1,64,0,1,,,,,,1,1
canonical,CANONICAL — REPAIRED G2 OOF,9644,16174,adsorbate,zero_residual_v1,64,0,1,,,,,,1,1
canonical,CANONICAL — REPAIRED G2 OOF,9645,16175,adsorbate,zero_residual_v1,64,0,1,,,,,,1,1
canonical,CANONICAL — REPAIRED G2 OOF,9646,16178,interstitial,zero_residual_v1,64,0,1,,,,,,1,1
canonical,CANONICAL — REPAIRED G2 OOF,9647,16179,adsorbate,zero_residual_v1,64,0,1,,,,,,1,1
canonical,CANONICAL — REPAIRED G2 OOF,9648,16180,adsorbate,zero_residual_v1,64,0,1,,,,,,1,1
canonical,CANONICAL — REPAIRED G2 OOF,9649,16181,interstitial,zero_residual_v1,64,0,1,,,,,,1,1
canonical,CANONICAL — REPAIRED G2 OOF,9650,16182,adsorbate,zero_residual_v1,64,0,1,,,,,,1,1
canonical,CANONICAL — REPAIRED G2 OOF,9651,16184,adsorbate,zero_residual_v1,64,0,1,,,,,,1,1
canonical,CANONICAL — REPAIRED G2 OOF,9652,16187,adsorbate,zero_residual_v1,64,0,1,,,,,,1,1
canonical,CANONICAL — REPAIRED G2 OOF,9653,16188,adsorbate,zero_residual_v1,64,0,1,,,,,,1,1
canonical,CANONICAL — REPAIRED G2 OOF,9654,16190,adsorbate,zero_residual_v1,64,0,1,,,,,,1,1
canonical,CANONICAL — REPAIRED G2 OOF,9655,16192,interstitial,zero_residual_v1,64,0,1,,,,,,1,1
canonical,CANONICAL — REPAIRED G2 OOF,9656,16194,adsorbate,zero_residual_v1,64,0,1,,,,,,1,1
canonical,CANONICAL — REPAIRED G2 OOF,9657,16195,adsorbate,zero_residual_v1,64,0,1,,,,,,1,1
canonical,CANONICAL — REPAIRED G2 OOF,9658,16196,adsorbate,zero_residual_v1,64,0,1,,,,,,1,1
canonical,CANONICAL — REPAIRED G2 OOF,9659,16197,adsorbate,zero_residual_v1,64,0,1,,,,,,1,1
canonical,CANONICAL — REPAIRED G2 OOF,9661,16200,adsorbate,zero_residual_v1,64,0,1,,,,,,1,1
canonical,CANONICAL — REPAIRED G2 OOF,9662,16202,interstitial,zero_residual_v1,64,0,1,,,,,,1,1
canonical,CANONICAL — REPAIRED G2 OOF,9664,16206,adsorbate,zero_residual_v1,64,0,1,,,,,,1,1
canonical,CANONICAL — REPAIRED G2 OOF,9665,16207,adsorbate,zero_residual_v1,64,0,1,,,,,,1,1
canonical,CANONICAL — REPAIRED G2 OOF,9666,16208,adsorbate,zero_residual_v1,64,0,1,,,,,,1,1
canonical,CANONICAL — REPAIRED G2 OOF,9667,16211,adsorbate,zero_residual_v1,64,0,1,,,,,,1,1
canonical,CANONICAL — REPAIRED G2 OOF,9668,16213,adsorbate,zero_residual_v1,64,0,1,,,,,,1,1
canonical,CANONICAL — REPAIRED G2 OOF,9669,16214,interstitial,zero_residual_v1,64,0,1,,,,,,1,1
canonical,CANONICAL — REPAIRED G2 OOF,9670,16215,adsorbate,zero_residual_v1,64,0,1,,,,,,1,1
canonical,CANONICAL — REPAIRED G2 OOF,9671,16216,interstitial,zero_residual_v1,64,0,1,,,,,,1,1
canonical,CANONICAL — REPAIRED G2 OOF,9672,16219,interstitial,zero_residual_v1,64,0,1,,,,,,1,1
canonical,CANONICAL — REPAIRED G2 OOF,9673,16220,adsorbate,zero_residual_v1,64,0,1,,,,,,1,1
canonical,CANONICAL — REPAIRED G2 OOF,9674,16221,adsorbate,zero_residual_v1,64,0,1,,,,,,1,1
canonical,CANONICAL — REPAIRED G2 OOF,9675,16222,adsorbate,zero_residual_v1,64,0,1,,,,,,1,1
canonical,CANONICAL — REPAIRED G2 OOF,9676,16224,adsorbate,zero_residual_v1,64,0,1,,,,,,1,1
canonical,CANONICAL — REPAIRED G2 OOF,9677,16225,adsorbate,zero_residual_v1,64,0,1,,,,,,1,1
canonical,CANONICAL — REPAIRED G2 OOF,9678,16226,interstitial,zero_residual_v1,64,0,1,,,,,,1,1
canonical,CANONICAL — REPAIRED G2 OOF,9679,16227,interstitial,zero_residual_v1,64,0,1,,,,,,1,1
canonical,CANONICAL — REPAIRED G2 OOF,9680,16228,adsorbate,zero_residual_v1,64,0,1,,,,,,1,1
canonical,CANONICAL — REPAIRED G2 OOF,9681,16229,adsorbate,zero_residual_v1,64,0,1,,,,,,1,1
canonical,CANONICAL — REPAIRED G2 OOF,9682,16231,adsorbate,zero_residual_v1,64,0,1,,,,,,1,1
canonical,CANONICAL — REPAIRED G2 OOF,9683,16232,adsorbate,zero_residual_v1,64,0,1,,,,,,1,1
canonical,CANONICAL — REPAIRED G2 OOF,9684,16235,interstitial,zero_residual_v1,64,0,1,,,,,,1,1
canonical,CANONICAL — REPAIRED G2 OOF,9685,16236,adsorbate,zero_residual_v1,64,0,1,,,,,,1,1
canonical,CANONICAL — REPAIRED G2 OOF,9686,16237,adsorbate,zero_residual_v1,64,0,1,,,,,,1,1
canonical,CANONICAL — REPAIRED G2 OOF,9687,16238,interstitial,zero_residual_v1,64,0,1,,,,,,1,1
canonical,CANONICAL — REPAIRED G2 OOF,9688,16240,adsorbate,zero_residual_v1,64,0,1,,,,,,1,1
canonical,CANONICAL — REPAIRED G2 OOF,9689,16241,interstitial,zero_residual_v1,64,0,1,,,,,,1,1
canonical,CANONICAL — REPAIRED G2 OOF,9690,16242,adsorbate,zero_residual_v1,64,0,1,,,,,,1,1
canonical,CANONICAL — REPAIRED G2 OOF,9691,16243,interstitial,zero_residual_v1,64,0,1,,,,,,1,1
canonical,CANONICAL — REPAIRED G2 OOF,9692,16245,adsorbate,zero_residual_v1,64,0,1,,,,,,1,1
canonical,CANONICAL — REPAIRED G2 OOF,9693,16247,adsorbate,zero_residual_v1,64,0,1,,,,,,1,1
canonical,CANONICAL — REPAIRED G2 OOF,9694,16248,adsorbate,zero_residual_v1,64,0,1,,,,,,1,1
canonical,CANONICAL — REPAIRED G2 OOF,9695,16249,adsorbate,zero_residual_v1,64,0,1,,,,,,1,1
canonical,CANONICAL — REPAIRED G2 OOF,9696,16250,adsorbate,zero_residual_v1,64,0,1,,,,,,1,1
canonical,CANONICAL — REPAIRED G2 OOF,9697,16252,interstitial,zero_residual_v1,64,0,1,,,,,,1,1
canonical,CANONICAL — REPAIRED G2 OOF,9698,16254,interstitial,zero_residual_v1,64,0,1,,,,,,1,1
canonical,CANONICAL — REPAIRED G2 OOF,9699,16255,interstitial,zero_residual_v1,64,0,1,,,,,,1,1
canonical,CANONICAL — REPAIRED G2 OOF,9700,16256,adsorbate,zero_residual_v1,64,0,1,,,,,,1,1
canonical,CANONICAL — REPAIRED G2 OOF,9701,16258,adsorbate,zero_residual_v1,64,0,1,,,,,,1,1
canonical,CANONICAL — REPAIRED G2 OOF,9702,16262,adsorbate,zero_residual_v1,64,0,1,,,,,,1,1
canonical,CANONICAL — REPAIRED G2 OOF,9703,16263,adsorbate,zero_residual_v1,64,0,1,,,,,,1,1
canonical,CANONICAL — REPAIRED G2 OOF,9704,16264,adsorbate,zero_residual_v1,64,0,1,,,,,,1,1
canonical,CANONICAL — REPAIRED G2 OOF,9705,16266,interstitial,zero_residual_v1,64,0,1,,,,,,1,1
canonical,CANONICAL — REPAIRED G2 OOF,9706,16267,adsorbate,zero_residual_v1,64,0,1,,,,,,1,1
canonical,CANONICAL — REPAIRED G2 OOF,9707,16268,adsorbate,zero_residual_v1,64,0,1,,,,,,1,1
canonical,CANONICAL — REPAIRED G2 OOF,9708,16269,adsorbate,zero_residual_v1,64,0,1,,,,,,1,1
canonical,CANONICAL — REPAIRED G2 OOF,9709,16271,adsorbate,zero_residual_v1,64,0,1,,,,,,1,1
canonical,CANONICAL — REPAIRED G2 OOF,9710,16273,interstitial,zero_residual_v1,64,0,1,,,,,,1,1
canonical,CANONICAL — REPAIRED G2 OOF,9711,16275,adsorbate,zero_residual_v1,64,0,1,,,,,,1,1
canonical,CANONICAL — REPAIRED G2 OOF,9712,16277,interstitial,zero_residual_v1,64,0,1,,,,,,1,1
canonical,CANONICAL — REPAIRED G2 OOF,9713,16278,adsorbate,zero_residual_v1,64,0,1,,,,,,1,1
canonical,CANONICAL — REPAIRED G2 OOF,9714,16279,adsorbate,zero_residual_v1,64,0,1,,,,,,1,1
canonical,CANONICAL — REPAIRED G2 OOF,9715,16280,adsorbate,zero_residual_v1,64,0,1,,,,,,1,1
canonical,CANONICAL — REPAIRED G2 OOF,9716,16281,adsorbate,zero_residual_v1,64,0,1,,,,,,1,1
canonical,CANONICAL — REPAIRED G2 OOF,9717,16282,adsorbate,zero_residual_v1,64,0,1,,,,,,1,1
canonical,CANONICAL — REPAIRED G2 OOF,9718,16283,adsorbate,zero_residual_v1,64,0,1,,,,,,1,1
canonical,CANONICAL — REPAIRED G2 OOF,9719,16284,interstitial,zero_residual_v1,64,0,1,,,,,,1,1
canonical,CANONICAL — REPAIRED G2 OOF,9720,16285,adsorbate,zero_residual_v1,64,0,1,,,,,,1,1
canonical,CANONICAL — REPAIRED G2 OOF,9721,16286,adsorbate,zero_residual_v1,64,0,1,,,,,,1,1
canonical,CANONICAL — REPAIRED G2 OOF,9722,16288,adsorbate,zero_residual_v1,64,0,1,,,,,,1,1
canonical,CANONICAL — REPAIRED G2 OOF,9723,16289,adsorbate,zero_residual_v1,64,0,1,,,,,,1,1
canonical,CANONICAL — REPAIRED G2 OOF,9724,16290,adsorbate,zero_residual_v1,64,0,1,,,,,,1,1
canonical,CANONICAL — REPAIRED G2 OOF,9725,16297,adsorbate,zero_residual_v1,64,0,1,,,,,,1,1
canonical,CANONICAL — REPAIRED G2 OOF,9726,16298,interstitial,zero_residual_v1,64,0,1,,,,,,1,1
canonical,CANONICAL — REPAIRED G2 OOF,9727,16299,adsorbate,zero_residual_v1,64,0,1,,,,,,1,1
canonical,CANONICAL — REPAIRED G2 OOF,9728,16300,interstitial,zero_residual_v1,64,0,1,,,,,,1,1
canonical,CANONICAL — REPAIRED G2 OOF,9729,16301,adsorbate,zero_residual_v1,64,0,1,,,,,,1,1
canonical,CANONICAL — REPAIRED G2 OOF,9730,16302,adsorbate,zero_residual_v1,64,0,1,,,,,,1,1
canonical,CANONICAL — REPAIRED G2 OOF,9731,16303,adsorbate,zero_residual_v1,64,0,1,,,,,,1,1
canonical,CANONICAL — REPAIRED G2 OOF,9732,16305,adsorbate,zero_residual_v1,64,0,1,,,,,,1,1
canonical,CANONICAL — REPAIRED G2 OOF,9733,16307,adsorbate,zero_residual_v1,64,0,1,,,,,,1,1
canonical,CANONICAL — REPAIRED G2 OOF,9734,16309,interstitial,zero_residual_v1,64,0,1,,,,,,1,1
canonical,CANONICAL — REPAIRED G2 OOF,9735,16310,adsorbate,zero_residual_v1,64,0,1,,,,,,1,1
canonical,CANONICAL — REPAIRED G2 OOF,9736,16311,interstitial,zero_residual_v1,64,0,1,,,,,,1,1
canonical,CANONICAL — REPAIRED G2 OOF,9737,16312,adsorbate,zero_residual_v1,64,0,1,,,,,,1,1
canonical,CANONICAL — REPAIRED G2 OOF,9738,16313,adsorbate,zero_residual_v1,64,0,1,,,,,,1,1
canonical,CANONICAL — REPAIRED G2 OOF,9739,16315,adsorbate,zero_residual_v1,64,0,1,,,,,,1,1
canonical,CANONICAL — REPAIRED G2 OOF,9740,16316,interstitial,zero_residual_v1,64,0,1,,,,,,1,1
canonical,CANONICAL — REPAIRED G2 OOF,9741,16317,adsorbate,zero_residual_v1,64,0,1,,,,,,1,1
canonical,CANONICAL — REPAIRED G2 OOF,9742,16319,adsorbate,zero_residual_v1,64,0,1,,,,,,1,1
canonical,CANONICAL — REPAIRED G2 OOF,9743,16320,adsorbate,zero_residual_v1,64,0,1,,,,,,1,1
canonical,CANONICAL — REPAIRED G2 OOF,9744,16321,adsorbate,zero_residual_v1,64,0,1,,,,,,1,1
canonical,CANONICAL — REPAIRED G2 OOF,9745,16323,interstitial,zero_residual_v1,64,0,1,,,,,,1,1
canonical,CANONICAL — REPAIRED G2 OOF,9746,16325,adsorbate,zero_residual_v1,64,0,1,,,,,,1,1
canonical,CANONICAL — REPAIRED G2 OOF,9747,16326,adsorbate,zero_residual_v1,64,0,1,,,,,,1,1
canonical,CANONICAL — REPAIRED G2 OOF,9748,16328,adsorbate,zero_residual_v1,64,0,1,,,,,,1,1
canonical,CANONICAL — REPAIRED G2 OOF,9749,16329,adsorbate,zero_residual_v1,64,0,1,,,,,,1,1
canonical,CANONICAL — REPAIRED G2 OOF,9750,16330,interstitial,zero_residual_v1,64,0,1,,,,,,1,1
canonical,CANONICAL — REPAIRED G2 OOF,9751,16331,adsorbate,zero_residual_v1,64,0,1,,,,,,1,1
canonical,CANONICAL — REPAIRED G2 OOF,9752,16333,interstitial,zero_residual_v1,64,0,1,,,,,,1,1
canonical,CANONICAL — REPAIRED G2 OOF,9753,16334,adsorbate,zero_residual_v1,64,0,1,,,,,,1,1
canonical,CANONICAL — REPAIRED G2 OOF,9754,16336,interstitial,zero_residual_v1,64,0,1,,,,,,1,1
canonical,CANONICAL — REPAIRED G2 OOF,9755,16339,adsorbate,zero_residual_v1,64,0,1,,,,,,1,1
canonical,CANONICAL — REPAIRED G2 OOF,9756,16341,interstitial,zero_residual_v1,64,0,1,,,,,,1,1
canonical,CANONICAL — REPAIRED G2 OOF,9757,16342,adsorbate,zero_residual_v1,64,0,1,,,,,,1,1
canonical,CANONICAL — REPAIRED G2 OOF,9758,16343,adsorbate,zero_residual_v1,64,0,1,,,,,,1,1
canonical,CANONICAL — REPAIRED G2 OOF,9759,16346,adsorbate,zero_residual_v1,64,0,1,,,,,,1,1
canonical,CANONICAL — REPAIRED G2 OOF,9760,16348,adsorbate,zero_residual_v1,64,0,1,,,,,,1,1
canonical,CANONICAL — REPAIRED G2 OOF,9761,16349,adsorbate,zero_residual_v1,64,0,1,,,,,,1,1
canonical,CANONICAL — REPAIRED G2 OOF,9762,16353,interstitial,zero_residual_v1,64,0,1,,,,,,1,1
canonical,CANONICAL — REPAIRED G2 OOF,9763,16354,adsorbate,zero_residual_v1,64,0,1,,,,,,1,1
canonical,CANONICAL — REPAIRED G2 OOF,9764,16355,adsorbate,zero_residual_v1,64,0,1,,,,,,1,1
canonical,CANONICAL — REPAIRED G2 OOF,9765,16356,adsorbate,zero_residual_v1,64,0,1,,,,,,1,1
canonical,CANONICAL — REPAIRED G2 OOF,9766,16357,adsorbate,zero_residual_v1,64,0,1,,,,,,1,1
canonical,CANONICAL — REPAIRED G2 OOF,9767,16359,adsorbate,zero_residual_v1,64,0,1,,,,,,1,1
canonical,CANONICAL — REPAIRED G2 OOF,9768,16362,adsorbate,zero_residual_v1,64,0,1,,,,,,1,1
canonical,CANONICAL — REPAIRED G2 OOF,9769,16366,interstitial,zero_residual_v1,64,0,1,,,,,,1,1
canonical,CANONICAL — REPAIRED G2 OOF,9770,16367,interstitial,zero_residual_v1,64,0,1,,,,,,1,1
canonical,CANONICAL — REPAIRED G2 OOF,9771,16369,adsorbate,zero_residual_v1,64,0,1,,,,,,1,1
canonical,CANONICAL — REPAIRED G2 OOF,9772,16370,adsorbate,zero_residual_v1,64,0,1,,,,,,1,1
canonical,CANONICAL — REPAIRED G2 OOF,9773,16371,interstitial,zero_residual_v1,64,0,1,,,,,,1,1
canonical,CANONICAL — REPAIRED G2 OOF,9774,16372,adsorbate,zero_residual_v1,64,0,1,,,,,,1,1
canonical,CANONICAL — REPAIRED G2 OOF,9775,16374,interstitial,zero_residual_v1,64,0,1,,,,,,1,1
canonical,CANONICAL — REPAIRED G2 OOF,9776,16375,adsorbate,zero_residual_v1,64,0,1,,,,,,1,1
canonical,CANONICAL — REPAIRED G2 OOF,9777,16376,adsorbate,zero_residual_v1,64,0,1,,,,,,1,1
canonical,CANONICAL — REPAIRED G2 OOF,9778,16377,adsorbate,zero_residual_v1,64,0,1,,,,,,1,1
canonical,CANONICAL — REPAIRED G2 OOF,9779,16378,adsorbate,zero_residual_v1,64,0,1,,,,,,1,1
canonical,CANONICAL — REPAIRED G2 OOF,9780,16379,adsorbate,zero_residual_v1,64,0,1,,,,,,1,1
canonical,CANONICAL — REPAIRED G2 OOF,9781,16380,adsorbate,zero_residual_v1,64,0,1,,,,,,1,1
canonical,CANONICAL — REPAIRED G2 OOF,9782,16381,adsorbate,zero_residual_v1,64,0,1,,,,,,1,1
canonical,CANONICAL — REPAIRED G2 OOF,9783,16382,adsorbate,zero_residual_v1,64,0,1,,,,,,1,1
canonical,CANONICAL — REPAIRED G2 OOF,9784,16383,interstitial,zero_residual_v1,64,0,1,,,,,,1,1
canonical,CANONICAL — REPAIRED G2 OOF,9785,16384,interstitial,zero_residual_v1,64,0,1,,,,,,1,1
canonical,CANONICAL — REPAIRED G2 OOF,9786,16385,adsorbate,zero_residual_v1,64,0,1,,,,,,1,1
canonical,CANONICAL — REPAIRED G2 OOF,9787,16386,adsorbate,zero_residual_v1,64,0,1,,,,,,1,1
canonical,CANONICAL — REPAIRED G2 OOF,9788,16387,adsorbate,zero_residual_v1,64,0,1,,,,,,1,1
canonical,CANONICAL — REPAIRED G2 OOF,9789,16388,adsorbate,zero_residual_v1,64,0,1,,,,,,1,1
canonical,CANONICAL — REPAIRED G2 OOF,9790,16389,adsorbate,zero_residual_v1,64,0,1,,,,,,1,1
canonical,CANONICAL — REPAIRED G2 OOF,9791,16390,adsorbate,zero_residual_v1,64,0,1,,,,,,1,1
canonical,CANONICAL — REPAIRED G2 OOF,9792,16391,adsorbate,zero_residual_v1,64,0,1,,,,,,1,1
canonical,CANONICAL — REPAIRED G2 OOF,9793,16393,adsorbate,zero_residual_v1,64,0,1,,,,,,1,1
canonical,CANONICAL — REPAIRED G2 OOF,9794,16395,adsorbate,zero_residual_v1,64,0,1,,,,,,1,1
canonical,CANONICAL — REPAIRED G2 OOF,9795,16396,adsorbate,zero_residual_v1,64,0,1,,,,,,1,1
canonical,CANONICAL — REPAIRED G2 OOF,9796,16397,adsorbate,zero_residual_v1,64,0,1,,,,,,1,1
canonical,CANONICAL — REPAIRED G2 OOF,9797,16398,adsorbate,zero_residual_v1,64,0,1,,,,,,1,1
canonical,CANONICAL — REPAIRED G2 OOF,9798,16399,interstitial,zero_residual_v1,64,0,1,,,,,,1,1
canonical,CANONICAL — REPAIRED G2 OOF,9800,16403,adsorbate,zero_residual_v1,64,0,1,,,,,,1,1
canonical,CANONICAL — REPAIRED G2 OOF,9801,16404,adsorbate,zero_residual_v1,64,0,1,,,,,,1,1
canonical,CANONICAL — REPAIRED G2 OOF,9802,16409,adsorbate,zero_residual_v1,64,0,1,,,,,,1,1
canonical,CANONICAL — REPAIRED G2 OOF,9803,16410,interstitial,zero_residual_v1,64,0,1,,,,,,1,1
canonical,CANONICAL — REPAIRED G2 OOF,9804,16411,adsorbate,zero_residual_v1,64,0,1,,,,,,1,1
canonical,CANONICAL — REPAIRED G2 OOF,9805,16412,interstitial,zero_residual_v1,64,0,1,,,,,,1,1
canonical,CANONICAL — REPAIRED G2 OOF,9806,16413,adsorbate,zero_residual_v1,64,0,1,,,,,,1,1
canonical,CANONICAL — REPAIRED G2 OOF,9807,16414,interstitial,zero_residual_v1,64,0,1,,,,,,1,1
canonical,CANONICAL — REPAIRED G2 OOF,9808,16415,adsorbate,zero_residual_v1,64,0,1,,,,,,1,1
canonical,CANONICAL — REPAIRED G2 OOF,9809,16416,interstitial,zero_residual_v1,64,0,1,,,,,,1,1
canonical,CANONICAL — REPAIRED G2 OOF,9810,16417,adsorbate,zero_residual_v1,64,0,1,,,,,,1,1
canonical,CANONICAL — REPAIRED G2 OOF,9811,16420,adsorbate,zero_residual_v1,64,0,1,,,,,,1,1
canonical,CANONICAL — REPAIRED G2 OOF,9812,16421,adsorbate,zero_residual_v1,64,0,1,,,,,,1,1
canonical,CANONICAL — REPAIRED G2 OOF,9813,16424,interstitial,zero_residual_v1,64,0,1,,,,,,1,1
canonical,CANONICAL — REPAIRED G2 OOF,9814,16425,adsorbate,zero_residual_v1,64,0,1,,,,,,1,1
canonical,CANONICAL — REPAIRED G2 OOF,9815,16426,adsorbate,zero_residual_v1,64,0,1,,,,,,1,1
canonical,CANONICAL — REPAIRED G2 OOF,9816,16427,interstitial,zero_residual_v1,64,0,1,,,,,,1,1
canonical,CANONICAL — REPAIRED G2 OOF,9817,16428,adsorbate,zero_residual_v1,64,0,1,,,,,,1,1
canonical,CANONICAL — REPAIRED G2 OOF,9819,16431,adsorbate,zero_residual_v1,64,0,1,,,,,,1,1
canonical,CANONICAL — REPAIRED G2 OOF,9820,16432,adsorbate,zero_residual_v1,64,0,1,,,,,,1,1
canonical,CANONICAL — REPAIRED G2 OOF,9821,16433,interstitial,zero_residual_v1,64,0,1,,,,,,1,1
canonical,CANONICAL — REPAIRED G2 OOF,9822,16434,adsorbate,zero_residual_v1,64,0,1,,,,,,1,1
canonical,CANONICAL — REPAIRED G2 OOF,9823,16436,interstitial,zero_residual_v1,64,0,1,,,,,,1,1
canonical,CANONICAL — REPAIRED G2 OOF,9824,16437,interstitial,zero_residual_v1,64,0,1,,,,,,1,1
canonical,CANONICAL — REPAIRED G2 OOF,9825,16438,interstitial,zero_residual_v1,64,0,1,,,,,,1,1
canonical,CANONICAL — REPAIRED G2 OOF,9826,16439,adsorbate,zero_residual_v1,64,0,1,,,,,,1,1
canonical,CANONICAL — REPAIRED G2 OOF,9827,16441,adsorbate,zero_residual_v1,64,0,1,,,,,,1,1
canonical,CANONICAL — REPAIRED G2 OOF,9828,16442,adsorbate,zero_residual_v1,64,0,1,,,,,,1,1
canonical,CANONICAL — REPAIRED G2 OOF,9829,16443,interstitial,zero_residual_v1,64,0,1,,,,,,1,1
canonical,CANONICAL — REPAIRED G2 OOF,9830,16444,interstitial,zero_residual_v1,64,0,1,,,,,,1,1
canonical,CANONICAL — REPAIRED G2 OOF,9831,16445,adsorbate,zero_residual_v1,64,0,1,,,,,,1,1
canonical,CANONICAL — REPAIRED G2 OOF,9832,16446,interstitial,zero_residual_v1,64,0,1,,,,,,1,1
canonical,CANONICAL — REPAIRED G2 OOF,9833,16448,interstitial,zero_residual_v1,64,0,1,,,,,,1,1
canonical,CANONICAL — REPAIRED G2 OOF,9834,16450,adsorbate,zero_residual_v1,64,0,1,,,,,,1,1
canonical,CANONICAL — REPAIRED G2 OOF,9835,16451,interstitial,zero_residual_v1,64,0,1,,,,,,1,1
canonical,CANONICAL — REPAIRED G2 OOF,9836,16453,adsorbate,zero_residual_v1,64,0,1,,,,,,1,1
canonical,CANONICAL — REPAIRED G2 OOF,9837,16454,interstitial,zero_residual_v1,64,0,1,,,,,,1,1
canonical,CANONICAL — REPAIRED G2 OOF,9838,16455,adsorbate,zero_residual_v1,64,0,1,,,,,,1,1
canonical,CANONICAL — REPAIRED G2 OOF,9839,16456,adsorbate,zero_residual_v1,64,0,1,,,,,,1,1
canonical,CANONICAL — REPAIRED G2 OOF,9840,16458,interstitial,zero_residual_v1,64,0,1,,,,,,1,1
canonical,CANONICAL — REPAIRED G2 OOF,9841,16460,adsorbate,zero_residual_v1,64,0,1,,,,,,1,1
canonical,CANONICAL — REPAIRED G2 OOF,9842,16461,adsorbate,zero_residual_v1,64,0,1,,,,,,1,1
canonical,CANONICAL — REPAIRED G2 OOF,9843,16462,interstitial,zero_residual_v1,64,0,1,,,,,,1,1
canonical,CANONICAL — REPAIRED G2 OOF,9844,16463,adsorbate,zero_residual_v1,64,0,1,,,,,,1,1
canonical,CANONICAL — REPAIRED G2 OOF,9845,16465,interstitial,zero_residual_v1,64,0,1,,,,,,1,1
canonical,CANONICAL — REPAIRED G2 OOF,9846,16467,adsorbate,zero_residual_v1,64,0,1,,,,,,1,1
canonical,CANONICAL — REPAIRED G2 OOF,9847,16468,adsorbate,zero_residual_v1,64,0,1,,,,,,1,1
canonical,CANONICAL — REPAIRED G2 OOF,9848,16469,adsorbate,zero_residual_v1,64,0,1,,,,,,1,1
canonical,CANONICAL — REPAIRED G2 OOF,9849,16470,interstitial,zero_residual_v1,64,0,1,,,,,,1,1
canonical,CANONICAL — REPAIRED G2 OOF,9850,16471,interstitial,zero_residual_v1,64,0,1,,,,,,1,1
canonical,CANONICAL — REPAIRED G2 OOF,9852,16476,interstitial,zero_residual_v1,64,0,1,,,,,,1,1
canonical,CANONICAL — REPAIRED G2 OOF,9853,16477,adsorbate,zero_residual_v1,64,0,1,,,,,,1,1
canonical,CANONICAL — REPAIRED G2 OOF,9854,16479,interstitial,zero_residual_v1,64,0,1,,,,,,1,1
canonical,CANONICAL — REPAIRED G2 OOF,9855,16481,interstitial,zero_residual_v1,64,0,1,,,,,,1,1
canonical,CANONICAL — REPAIRED G2 OOF,9856,16482,interstitial,zero_residual_v1,64,0,1,,,,,,1,1
canonical,CANONICAL — REPAIRED G2 OOF,9857,16483,adsorbate,zero_residual_v1,64,0,1,,,,,,1,1
canonical,CANONICAL — REPAIRED G2 OOF,9858,16484,adsorbate,zero_residual_v1,64,0,1,,,,,,1,1
canonical,CANONICAL — REPAIRED G2 OOF,9859,16485,adsorbate,zero_residual_v1,64,0,1,,,,,,1,1
canonical,CANONICAL — REPAIRED G2 OOF,9861,16490,interstitial,zero_residual_v1,64,0,1,,,,,,1,1
canonical,CANONICAL — REPAIRED G2 OOF,9862,16491,adsorbate,zero_residual_v1,64,0,1,,,,,,1,1
canonical,CANONICAL — REPAIRED G2 OOF,9863,16493,adsorbate,zero_residual_v1,64,0,1,,,,,,1,1
canonical,CANONICAL — REPAIRED G2 OOF,9864,16494,adsorbate,zero_residual_v1,64,0,1,,,,,,1,1
canonical,CANONICAL — REPAIRED G2 OOF,9865,16496,interstitial,zero_residual_v1,64,0,1,,,,,,1,1
canonical,CANONICAL — REPAIRED G2 OOF,9866,16499,adsorbate,zero_residual_v1,64,0,1,,,,,,1,1
canonical,CANONICAL — REPAIRED G2 OOF,9867,16501,interstitial,zero_residual_v1,64,0,1,,,,,,1,1
canonical,CANONICAL — REPAIRED G2 OOF,9868,16502,adsorbate,zero_residual_v1,64,0,1,,,,,,1,1
canonical,CANONICAL — REPAIRED G2 OOF,9869,16503,adsorbate,zero_residual_v1,64,0,1,,,,,,1,1
canonical,CANONICAL — REPAIRED G2 OOF,9870,16504,adsorbate,zero_residual_v1,64,0,1,,,,,,1,1
canonical,CANONICAL — REPAIRED G2 OOF,9871,16505,interstitial,zero_residual_v1,64,0,1,,,,,,1,1
canonical,CANONICAL — REPAIRED G2 OOF,9872,16506,interstitial,zero_residual_v1,64,0,1,,,,,,1,1
canonical,CANONICAL — REPAIRED G2 OOF,9873,16508,adsorbate,zero_residual_v1,64,0,1,,,,,,1,1
canonical,CANONICAL — REPAIRED G2 OOF,9874,16509,adsorbate,zero_residual_v1,64,0,1,,,,,,1,1
canonical,CANONICAL — REPAIRED G2 OOF,9875,16510,interstitial,zero_residual_v1,64,0,1,,,,,,1,1
canonical,CANONICAL — REPAIRED G2 OOF,9876,16512,adsorbate,zero_residual_v1,64,0,1,,,,,,1,1
canonical,CANONICAL — REPAIRED G2 OOF,9877,16515,adsorbate,zero_residual_v1,64,0,1,,,,,,1,1
canonical,CANONICAL — REPAIRED G2 OOF,9878,16516,adsorbate,zero_residual_v1,64,0,1,,,,,,1,1
canonical,CANONICAL — REPAIRED G2 OOF,9879,16518,adsorbate,zero_residual_v1,64,0,1,,,,,,1,1
canonical,CANONICAL — REPAIRED G2 OOF,9880,16519,interstitial,zero_residual_v1,64,0,1,,,,,,1,1
canonical,CANONICAL — REPAIRED G2 OOF,9881,16520,adsorbate,zero_residual_v1,64,0,1,,,,,,1,1
canonical,CANONICAL — REPAIRED G2 OOF,9882,16521,adsorbate,zero_residual_v1,64,0,1,,,,,,1,1
canonical,CANONICAL — REPAIRED G2 OOF,9883,16522,adsorbate,zero_residual_v1,64,0,1,,,,,,1,1
canonical,CANONICAL — REPAIRED G2 OOF,9884,16523,adsorbate,zero_residual_v1,64,0,1,,,,,,1,1
canonical,CANONICAL — REPAIRED G2 OOF,9885,16524,interstitial,zero_residual_v1,64,0,1,,,,,,1,1
canonical,CANONICAL — REPAIRED G2 OOF,9887,16527,adsorbate,zero_residual_v1,64,0,1,,,,,,1,1
canonical,CANONICAL — REPAIRED G2 OOF,9888,16528,interstitial,zero_residual_v1,64,0,1,,,,,,1,1
canonical,CANONICAL — REPAIRED G2 OOF,9889,16529,adsorbate,zero_residual_v1,64,0,1,,,,,,1,1
canonical,CANONICAL — REPAIRED G2 OOF,9890,16530,adsorbate,zero_residual_v1,64,0,1,,,,,,1,1
canonical,CANONICAL — REPAIRED G2 OOF,9891,16531,interstitial,zero_residual_v1,64,0,1,,,,,,1,1
canonical,CANONICAL — REPAIRED G2 OOF,9892,16532,adsorbate,zero_residual_v1,64,0,1,,,,,,1,1
canonical,CANONICAL — REPAIRED G2 OOF,9893,16533,adsorbate,zero_residual_v1,64,0,1,,,,,,1,1
canonical,CANONICAL — REPAIRED G2 OOF,9894,16534,adsorbate,zero_residual_v1,64,0,1,,,,,,1,1
canonical,CANONICAL — REPAIRED G2 OOF,9895,16535,adsorbate,zero_residual_v1,64,0,1,,,,,,1,1
canonical,CANONICAL — REPAIRED G2 OOF,9896,16538,adsorbate,zero_residual_v1,64,0,1,,,,,,1,1
canonical,CANONICAL — REPAIRED G2 OOF,9897,16539,adsorbate,zero_residual_v1,64,0,1,,,,,,1,1
canonical,CANONICAL — REPAIRED G2 OOF,9898,16540,interstitial,zero_residual_v1,64,0,1,,,,,,1,1
canonical,CANONICAL — REPAIRED G2 OOF,9899,16541,adsorbate,zero_residual_v1,64,0,1,,,,,,1,1
canonical,CANONICAL — REPAIRED G2 OOF,9900,16543,interstitial,zero_residual_v1,64,0,1,,,,,,1,1
canonical,CANONICAL — REPAIRED G2 OOF,9901,16544,adsorbate,zero_residual_v1,64,0,1,,,,,,1,1
canonical,CANONICAL — REPAIRED G2 OOF,9902,16545,adsorbate,zero_residual_v1,64,0,1,,,,,,1,1
canonical,CANONICAL — REPAIRED G2 OOF,9904,16548,adsorbate,zero_residual_v1,64,0,1,,,,,,1,1
canonical,CANONICAL — REPAIRED G2 OOF,9905,16549,adsorbate,zero_residual_v1,64,0,1,,,,,,1,1
canonical,CANONICAL — REPAIRED G2 OOF,9906,16550,interstitial,zero_residual_v1,64,0,1,,,,,,1,1
canonical,CANONICAL — REPAIRED G2 OOF,9907,16554,interstitial,zero_residual_v1,64,0,1,,,,,,1,1
canonical,CANONICAL — REPAIRED G2 OOF,9908,16555,adsorbate,zero_residual_v1,64,0,1,,,,,,1,1
canonical,CANONICAL — REPAIRED G2 OOF,9909,16556,adsorbate,zero_residual_v1,64,0,1,,,,,,1,1
canonical,CANONICAL — REPAIRED G2 OOF,9910,16557,adsorbate,zero_residual_v1,64,0,1,,,,,,1,1
canonical,CANONICAL — REPAIRED G2 OOF,9911,16558,adsorbate,zero_residual_v1,64,0,1,,,,,,1,1
canonical,CANONICAL — REPAIRED G2 OOF,9912,16559,interstitial,zero_residual_v1,64,0,1,,,,,,1,1
canonical,CANONICAL — REPAIRED G2 OOF,9913,16560,adsorbate,zero_residual_v1,64,0,1,,,,,,1,1
canonical,CANONICAL — REPAIRED G2 OOF,9914,16561,interstitial,zero_residual_v1,64,0,1,,,,,,1,1
canonical,CANONICAL — REPAIRED G2 OOF,9915,16562,adsorbate,zero_residual_v1,64,0,1,,,,,,1,1
canonical,CANONICAL — REPAIRED G2 OOF,9916,16563,adsorbate,zero_residual_v1,64,0,1,,,,,,1,1
canonical,CANONICAL — REPAIRED G2 OOF,9917,16564,interstitial,zero_residual_v1,64,0,1,,,,,,1,1
canonical,CANONICAL — REPAIRED G2 OOF,9918,16565,interstitial,zero_residual_v1,64,0,1,,,,,,1,1
canonical,CANONICAL — REPAIRED G2 OOF,9919,16567,adsorbate,zero_residual_v1,64,0,1,,,,,,1,1
canonical,CANONICAL — REPAIRED G2 OOF,9920,16568,adsorbate,zero_residual_v1,64,0,1,,,,,,1,1
canonical,CANONICAL — REPAIRED G2 OOF,9921,16569,adsorbate,zero_residual_v1,64,0,1,,,,,,1,1
canonical,CANONICAL — REPAIRED G2 OOF,9922,16570,interstitial,zero_residual_v1,64,0,1,,,,,,1,1
canonical,CANONICAL — REPAIRED G2 OOF,9923,16571,interstitial,zero_residual_v1,64,0,1,,,,,,1,1
canonical,CANONICAL — REPAIRED G2 OOF,9924,16572,adsorbate,zero_residual_v1,64,0,1,,,,,,1,1
canonical,CANONICAL — REPAIRED G2 OOF,9925,16575,adsorbate,zero_residual_v1,64,0,1,,,,,,1,1
canonical,CANONICAL — REPAIRED G2 OOF,9926,16578,interstitial,zero_residual_v1,64,0,1,,,,,,1,1
canonical,CANONICAL — REPAIRED G2 OOF,9927,16579,adsorbate,zero_residual_v1,64,0,1,,,,,,1,1
canonical,CANONICAL — REPAIRED G2 OOF,9928,16580,adsorbate,zero_residual_v1,64,0,1,,,,,,1,1
canonical,CANONICAL — REPAIRED G2 OOF,9929,16582,interstitial,zero_residual_v1,64,0,1,,,,,,1,1
canonical,CANONICAL — REPAIRED G2 OOF,9930,16584,interstitial,zero_residual_v1,64,0,1,,,,,,1,1
canonical,CANONICAL — REPAIRED G2 OOF,9931,16585,adsorbate,zero_residual_v1,64,0,1,,,,,,1,1
canonical,CANONICAL — REPAIRED G2 OOF,9932,16586,adsorbate,zero_residual_v1,64,0,1,,,,,,1,1
canonical,CANONICAL — REPAIRED G2 OOF,9933,16587,interstitial,zero_residual_v1,64,0,1,,,,,,1,1
canonical,CANONICAL — REPAIRED G2 OOF,9934,16588,adsorbate,zero_residual_v1,64,0,1,,,,,,1,1
canonical,CANONICAL — REPAIRED G2 OOF,9935,16591,interstitial,zero_residual_v1,64,0,1,,,,,,1,1
canonical,CANONICAL — REPAIRED G2 OOF,9936,16592,adsorbate,zero_residual_v1,64,0,1,,,,,,1,1
canonical,CANONICAL — REPAIRED G2 OOF,9937,16593,interstitial,zero_residual_v1,64,0,1,,,,,,1,1
canonical,CANONICAL — REPAIRED G2 OOF,9938,16594,adsorbate,zero_residual_v1,64,0,1,,,,,,1,1
canonical,CANONICAL — REPAIRED G2 OOF,9939,16595,adsorbate,zero_residual_v1,64,0,1,,,,,,1,1
canonical,CANONICAL — REPAIRED G2 OOF,9940,16596,adsorbate,zero_residual_v1,64,0,1,,,,,,1,1
canonical,CANONICAL — REPAIRED G2 OOF,9941,16597,adsorbate,zero_residual_v1,64,0,1,,,,,,1,1
canonical,CANONICAL — REPAIRED G2 OOF,9942,16598,adsorbate,zero_residual_v1,64,0,1,,,,,,1,1
canonical,CANONICAL — REPAIRED G2 OOF,9943,16600,adsorbate,zero_residual_v1,64,0,1,,,,,,1,1
canonical,CANONICAL — REPAIRED G2 OOF,9944,16601,interstitial,zero_residual_v1,64,0,1,,,,,,1,1
canonical,CANONICAL — REPAIRED G2 OOF,9945,16602,adsorbate,zero_residual_v1,64,0,1,,,,,,1,1
canonical,CANONICAL — REPAIRED G2 OOF,9946,16604,adsorbate,zero_residual_v1,64,0,1,,,,,,1,1
canonical,CANONICAL — REPAIRED G2 OOF,9947,16605,adsorbate,zero_residual_v1,64,0,1,,,,,,1,1
canonical,CANONICAL — REPAIRED G2 OOF,9948,16606,adsorbate,zero_residual_v1,64,0,1,,,,,,1,1
canonical,CANONICAL — REPAIRED G2 OOF,9949,16608,interstitial,zero_residual_v1,64,0,1,,,,,,1,1
canonical,CANONICAL — REPAIRED G2 OOF,9950,16609,adsorbate,zero_residual_v1,64,0,1,,,,,,1,1
canonical,CANONICAL — REPAIRED G2 OOF,9951,16612,adsorbate,zero_residual_v1,64,0,1,,,,,,1,1
canonical,CANONICAL — REPAIRED G2 OOF,9952,16613,adsorbate,zero_residual_v1,64,0,1,,,,,,1,1
canonical,CANONICAL — REPAIRED G2 OOF,9953,16614,adsorbate,zero_residual_v1,64,0,1,,,,,,1,1
canonical,CANONICAL — REPAIRED G2 OOF,9954,16615,adsorbate,zero_residual_v1,64,0,1,,,,,,1,1
canonical,CANONICAL — REPAIRED G2 OOF,9956,16619,interstitial,zero_residual_v1,64,1,1,,,,local_abs_covalent_radius_mismatch_A|local_abs_electronegativity_contrast|local_abs_valence_mismatch|local_signed_covalent_radius_mismatch_A|local_signed_electronegativity_mismatch|local_signed_valence_mismatch|neighbor_distance_std_A|postrelaxation_min_clearance_A,,1,1
canonical,CANONICAL — REPAIRED G2 OOF,9957,16620,interstitial,zero_residual_v1,64,0,1,,,,,,1,1
canonical,CANONICAL — REPAIRED G2 OOF,9958,16623,adsorbate,zero_residual_v1,64,0,1,,,,,,1,1
canonical,CANONICAL — REPAIRED G2 OOF,9959,16624,adsorbate,zero_residual_v1,64,0,1,,,,,,1,1
canonical,CANONICAL — REPAIRED G2 OOF,9960,16625,adsorbate,zero_residual_v1,64,0,1,,,,,,1,1
canonical,CANONICAL — REPAIRED G2 OOF,9961,16626,adsorbate,zero_residual_v1,64,0,1,,,,,,1,1
canonical,CANONICAL — REPAIRED G2 OOF,9962,16628,interstitial,zero_residual_v1,64,0,1,,,,,,1,1
canonical,CANONICAL — REPAIRED G2 OOF,9963,16633,interstitial,zero_residual_v1,64,0,1,,,,,,1,1
canonical,CANONICAL — REPAIRED G2 OOF,9964,16634,adsorbate,zero_residual_v1,64,0,1,,,,,,1,1
canonical,CANONICAL — REPAIRED G2 OOF,9965,16638,interstitial,zero_residual_v1,64,0,1,,,,,,1,1
canonical,CANONICAL — REPAIRED G2 OOF,9966,16640,adsorbate,zero_residual_v1,64,0,1,,,,,,1,1
canonical,CANONICAL — REPAIRED G2 OOF,9967,16641,interstitial,zero_residual_v1,64,0,1,,,,,,1,1
canonical,CANONICAL — REPAIRED G2 OOF,9968,16642,adsorbate,zero_residual_v1,64,0,1,,,,,,1,1
canonical,CANONICAL — REPAIRED G2 OOF,9969,16643,adsorbate,zero_residual_v1,64,0,1,,,,,,1,1
canonical,CANONICAL — REPAIRED G2 OOF,9970,16644,adsorbate,zero_residual_v1,64,0,1,,,,,,1,1
canonical,CANONICAL — REPAIRED G2 OOF,9971,16646,adsorbate,zero_residual_v1,64,0,1,,,,,,1,1
canonical,CANONICAL — REPAIRED G2 OOF,9972,16648,adsorbate,zero_residual_v1,64,0,1,,,,,,1,1
canonical,CANONICAL — REPAIRED G2 OOF,9973,16650,adsorbate,zero_residual_v1,64,0,1,,,,,,1,1
canonical,CANONICAL — REPAIRED G2 OOF,9974,16651,interstitial,zero_residual_v1,64,0,1,,,,,,1,1
canonical,CANONICAL — REPAIRED G2 OOF,9975,16652,adsorbate,zero_residual_v1,64,0,1,,,,,,1,1
canonical,CANONICAL — REPAIRED G2 OOF,9976,16653,interstitial,zero_residual_v1,64,0,1,,,,,,1,1
canonical,CANONICAL — REPAIRED G2 OOF,9977,16654,adsorbate,zero_residual_v1,64,0,1,,,,,,1,1
canonical,CANONICAL — REPAIRED G2 OOF,9978,16657,adsorbate,zero_residual_v1,64,0,1,,,,,,1,1
canonical,CANONICAL — REPAIRED G2 OOF,9979,16659,adsorbate,zero_residual_v1,64,0,1,,,,,,1,1
canonical,CANONICAL — REPAIRED G2 OOF,9980,16660,interstitial,zero_residual_v1,64,0,1,,,,,,1,1
canonical,CANONICAL — REPAIRED G2 OOF,9981,16662,adsorbate,zero_residual_v1,64,0,1,,,,,,1,1
canonical,CANONICAL — REPAIRED G2 OOF,9982,16663,interstitial,zero_residual_v1,64,0,1,,,,,,1,1
canonical,CANONICAL — REPAIRED G2 OOF,9983,16665,adsorbate,zero_residual_v1,64,0,1,,,,,,1,1
canonical,CANONICAL — REPAIRED G2 OOF,9984,16668,adsorbate,zero_residual_v1,64,0,1,,,,,,1,1
canonical,CANONICAL — REPAIRED G2 OOF,9985,16669,interstitial,zero_residual_v1,64,0,1,,,,,,1,1
canonical,CANONICAL — REPAIRED G2 OOF,9986,16670,adsorbate,zero_residual_v1,64,0,1,,,,,,1,1
canonical,CANONICAL — REPAIRED G2 OOF,9987,16671,adsorbate,zero_residual_v1,64,0,1,,,,,,1,1
canonical,CANONICAL — REPAIRED G2 OOF,9988,16672,interstitial,zero_residual_v1,64,0,1,,,,,,1,1
canonical,CANONICAL — REPAIRED G2 OOF,9989,16673,adsorbate,zero_residual_v1,64,0,1,,,,,,1,1
canonical,CANONICAL — REPAIRED G2 OOF,9990,16674,adsorbate,zero_residual_v1,64,0,1,,,,,,1,1
canonical,CANONICAL — REPAIRED G2 OOF,9991,16676,adsorbate,zero_residual_v1,64,0,1,,,,,,1,1
canonical,CANONICAL — REPAIRED G2 OOF,9992,16678,adsorbate,zero_residual_v1,64,0,1,,,,,,1,1
canonical,CANONICAL — REPAIRED G2 OOF,9993,16679,adsorbate,zero_residual_v1,64,0,1,,,,,,1,1
canonical,CANONICAL — REPAIRED G2 OOF,9994,16680,adsorbate,zero_residual_v1,64,0,1,,,,,,1,1
canonical,CANONICAL — REPAIRED G2 OOF,9995,16682,adsorbate,zero_residual_v1,64,0,1,,,,,,1,1
canonical,CANONICAL — REPAIRED G2 OOF,9996,16684,interstitial,zero_residual_v1,64,0,1,,,,,,1,1
canonical,CANONICAL — REPAIRED G2 OOF,9997,16686,adsorbate,zero_residual_v1,64,0,1,,,,,,1,1
canonical,CANONICAL — REPAIRED G2 OOF,9998,16687,adsorbate,zero_residual_v1,64,0,1,,,,,,1,1
canonical,CANONICAL — REPAIRED G2 OOF,9999,16691,adsorbate,zero_residual_v1,64,0,1,,,,,,1,1
canonical,CANONICAL — REPAIRED G2 OOF,10000,16693,interstitial,zero_residual_v1,64,0,1,,,,,,1,1
canonical,CANONICAL — REPAIRED G2 OOF,10001,16694,interstitial,zero_residual_v1,64,0,1,,,,,,1,1
canonical,CANONICAL — REPAIRED G2 OOF,10002,16699,adsorbate,zero_residual_v1,64,0,1,,,,,,1,1
canonical,CANONICAL — REPAIRED G2 OOF,10003,16700,interstitial,zero_residual_v1,64,0,1,,,,,,1,1
canonical,CANONICAL — REPAIRED G2 OOF,10004,16701,adsorbate,zero_residual_v1,64,0,1,,,,,,1,1
canonical,CANONICAL — REPAIRED G2 OOF,10005,16702,adsorbate,zero_residual_v1,64,0,1,,,,,,1,1
canonical,CANONICAL — REPAIRED G2 OOF,10006,16703,interstitial,zero_residual_v1,64,0,1,,,,,,1,1
canonical,CANONICAL — REPAIRED G2 OOF,10007,16704,adsorbate,zero_residual_v1,64,0,1,,,,,,1,1
canonical,CANONICAL — REPAIRED G2 OOF,10008,16707,adsorbate,zero_residual_v1,64,0,1,,,,,,1,1
canonical,CANONICAL — REPAIRED G2 OOF,10009,16708,adsorbate,zero_residual_v1,64,0,1,,,,,,1,1
canonical,CANONICAL — REPAIRED G2 OOF,10010,16709,interstitial,zero_residual_v1,64,0,1,,,,,,1,1
canonical,CANONICAL — REPAIRED G2 OOF,10011,16710,adsorbate,zero_residual_v1,64,0,1,,,,,,1,1
canonical,CANONICAL — REPAIRED G2 OOF,10012,16711,interstitial,zero_residual_v1,64,0,1,,,,,,1,1
canonical,CANONICAL — REPAIRED G2 OOF,10014,16714,adsorbate,zero_residual_v1,64,0,1,,,,,,1,1
canonical,CANONICAL — REPAIRED G2 OOF,10015,16715,interstitial,zero_residual_v1,64,0,1,,,,,,1,1
canonical,CANONICAL — REPAIRED G2 OOF,10016,16716,adsorbate,zero_residual_v1,64,0,1,,,,,,1,1
canonical,CANONICAL — REPAIRED G2 OOF,10017,16717,interstitial,zero_residual_v1,64,0,1,,,,,,1,1
canonical,CANONICAL — REPAIRED G2 OOF,10018,16718,adsorbate,zero_residual_v1,64,0,1,,,,,,1,1
canonical,CANONICAL — REPAIRED G2 OOF,10019,16719,interstitial,zero_residual_v1,64,0,1,,,,,,1,1
canonical,CANONICAL — REPAIRED G2 OOF,10020,16720,adsorbate,zero_residual_v1,64,0,1,,,,,,1,1
canonical,CANONICAL — REPAIRED G2 OOF,10021,16721,interstitial,zero_residual_v1,64,0,1,,,,,,1,1
canonical,CANONICAL — REPAIRED G2 OOF,10022,16722,interstitial,zero_residual_v1,64,0,1,,,,,,1,1
canonical,CANONICAL — REPAIRED G2 OOF,10023,16724,adsorbate,zero_residual_v1,64,0,1,,,,,,1,1
canonical,CANONICAL — REPAIRED G2 OOF,10024,16725,adsorbate,zero_residual_v1,64,0,1,,,,,,1,1
canonical,CANONICAL — REPAIRED G2 OOF,10025,16727,interstitial,zero_residual_v1,64,0,1,,,,,,1,1
canonical,CANONICAL — REPAIRED G2 OOF,10026,16729,adsorbate,zero_residual_v1,64,0,1,,,,,,1,1
canonical,CANONICAL — REPAIRED G2 OOF,10027,16730,adsorbate,zero_residual_v1,64,0,1,,,,,,1,1
canonical,CANONICAL — REPAIRED G2 OOF,10028,16731,adsorbate,zero_residual_v1,64,0,1,,,,,,1,1
canonical,CANONICAL — REPAIRED G2 OOF,10029,16733,interstitial,zero_residual_v1,64,0,1,,,,,,1,1
canonical,CANONICAL — REPAIRED G2 OOF,10030,16734,adsorbate,zero_residual_v1,64,0,1,,,,,,1,1
canonical,CANONICAL — REPAIRED G2 OOF,10031,16735,interstitial,zero_residual_v1,64,0,1,,,,,,1,1
canonical,CANONICAL — REPAIRED G2 OOF,10032,16737,adsorbate,zero_residual_v1,64,0,1,,,,,,1,1
canonical,CANONICAL — REPAIRED G2 OOF,10033,16740,adsorbate,zero_residual_v1,64,0,1,,,,,,1,1
canonical,CANONICAL — REPAIRED G2 OOF,10034,16741,adsorbate,zero_residual_v1,64,0,1,,,,,,1,1
canonical,CANONICAL — REPAIRED G2 OOF,10035,16742,adsorbate,zero_residual_v1,64,0,1,,,,,,1,1
canonical,CANONICAL — REPAIRED G2 OOF,10036,16744,adsorbate,zero_residual_v1,64,0,1,,,,,,1,1
canonical,CANONICAL — REPAIRED G2 OOF,10037,16745,interstitial,zero_residual_v1,64,0,1,,,,,,1,1
canonical,CANONICAL — REPAIRED G2 OOF,10038,16746,adsorbate,zero_residual_v1,64,0,1,,,,,,1,1
canonical,CANONICAL — REPAIRED G2 OOF,10039,16748,adsorbate,zero_residual_v1,64,0,1,,,,,,1,1
canonical,CANONICAL — REPAIRED G2 OOF,10040,16751,adsorbate,zero_residual_v1,64,0,1,,,,,,1,1
canonical,CANONICAL — REPAIRED G2 OOF,10041,16752,adsorbate,zero_residual_v1,64,0,1,,,,,,1,1
canonical,CANONICAL — REPAIRED G2 OOF,10042,16754,interstitial,zero_residual_v1,64,0,1,,,,,,1,1
canonical,CANONICAL — REPAIRED G2 OOF,10043,16756,adsorbate,zero_residual_v1,64,0,1,,,,,,1,1
canonical,CANONICAL — REPAIRED G2 OOF,10044,16757,interstitial,zero_residual_v1,64,0,1,,,,,,1,1
canonical,CANONICAL — REPAIRED G2 OOF,10045,16758,adsorbate,zero_residual_v1,64,0,1,,,,,,1,1
canonical,CANONICAL — REPAIRED G2 OOF,10046,16761,interstitial,zero_residual_v1,64,0,1,,,,,,1,1
canonical,CANONICAL — REPAIRED G2 OOF,10047,16762,adsorbate,zero_residual_v1,64,0,1,,,,,,1,1
canonical,CANONICAL — REPAIRED G2 OOF,10048,16763,adsorbate,zero_residual_v1,64,0,1,,,,,,1,1
canonical,CANONICAL — REPAIRED G2 OOF,10049,16764,adsorbate,zero_residual_v1,64,0,1,,,,,,1,1
canonical,CANONICAL — REPAIRED G2 OOF,10050,16765,adsorbate,zero_residual_v1,64,0,1,,,,,,1,1
canonical,CANONICAL — REPAIRED G2 OOF,10051,16767,adsorbate,zero_residual_v1,64,0,1,,,,,,1,1
canonical,CANONICAL — REPAIRED G2 OOF,10052,16768,adsorbate,zero_residual_v1,64,0,1,,,,,,1,1
canonical,CANONICAL — REPAIRED G2 OOF,10053,16769,interstitial,zero_residual_v1,64,0,1,,,,,,1,1
canonical,CANONICAL — REPAIRED G2 OOF,10054,16770,adsorbate,zero_residual_v1,64,0,1,,,,,,1,1
canonical,CANONICAL — REPAIRED G2 OOF,10055,16771,adsorbate,zero_residual_v1,64,0,1,,,,,,1,1
canonical,CANONICAL — REPAIRED G2 OOF,10056,16773,adsorbate,zero_residual_v1,64,0,1,,,,,,1,1
canonical,CANONICAL — REPAIRED G2 OOF,10057,16774,adsorbate,zero_residual_v1,64,0,1,,,,,,1,1
canonical,CANONICAL — REPAIRED G2 OOF,10058,16775,interstitial,zero_residual_v1,64,0,1,,,,,,1,1
canonical,CANONICAL — REPAIRED G2 OOF,10059,16776,adsorbate,zero_residual_v1,64,0,1,,,,,,1,1
canonical,CANONICAL — REPAIRED G2 OOF,10060,16777,adsorbate,zero_residual_v1,64,0,1,,,,,,1,1
canonical,CANONICAL — REPAIRED G2 OOF,10061,16779,interstitial,zero_residual_v1,64,0,1,,,,,,1,1
canonical,CANONICAL — REPAIRED G2 OOF,10062,16780,adsorbate,zero_residual_v1,64,0,1,,,,,,1,1
canonical,CANONICAL — REPAIRED G2 OOF,10063,16782,adsorbate,zero_residual_v1,64,0,1,,,,,,1,1
canonical,CANONICAL — REPAIRED G2 OOF,10064,16783,adsorbate,zero_residual_v1,64,0,1,,,,,,1,1
canonical,CANONICAL — REPAIRED G2 OOF,10065,16784,adsorbate,zero_residual_v1,64,0,1,,,,,,1,1
canonical,CANONICAL — REPAIRED G2 OOF,10066,16785,adsorbate,zero_residual_v1,64,0,1,,,,,,1,1
canonical,CANONICAL — REPAIRED G2 OOF,10067,16786,adsorbate,zero_residual_v1,64,0,1,,,,,,1,1
canonical,CANONICAL — REPAIRED G2 OOF,10068,16787,adsorbate,zero_residual_v1,64,0,1,,,,,,1,1
canonical,CANONICAL — REPAIRED G2 OOF,10069,16788,interstitial,zero_residual_v1,64,0,1,,,,,,1,1
canonical,CANONICAL — REPAIRED G2 OOF,10070,16789,interstitial,zero_residual_v1,64,0,1,,,,,,1,1
canonical,CANONICAL — REPAIRED G2 OOF,10071,16791,adsorbate,zero_residual_v1,64,0,1,,,,,,1,1
canonical,CANONICAL — REPAIRED G2 OOF,10072,16794,adsorbate,zero_residual_v1,64,0,1,,,,,,1,1
canonical,CANONICAL — REPAIRED G2 OOF,10073,16795,interstitial,zero_residual_v1,64,0,1,,,,,,1,1
canonical,CANONICAL — REPAIRED G2 OOF,10074,16796,adsorbate,zero_residual_v1,64,0,1,,,,,,1,1
canonical,CANONICAL — REPAIRED G2 OOF,10075,16797,interstitial,zero_residual_v1,64,0,1,,,,,,1,1
canonical,CANONICAL — REPAIRED G2 OOF,10076,16800,interstitial,zero_residual_v1,64,0,1,,,,,,1,1
canonical,CANONICAL — REPAIRED G2 OOF,10077,16801,interstitial,zero_residual_v1,64,0,1,,,,,,1,1
canonical,CANONICAL — REPAIRED G2 OOF,10078,16802,interstitial,zero_residual_v1,64,0,1,,,,,,1,1
canonical,CANONICAL — REPAIRED G2 OOF,10079,16803,adsorbate,zero_residual_v1,64,0,1,,,,,,1,1
canonical,CANONICAL — REPAIRED G2 OOF,10080,16806,adsorbate,zero_residual_v1,64,0,1,,,,,,1,1
canonical,CANONICAL — REPAIRED G2 OOF,10081,16808,adsorbate,zero_residual_v1,64,0,1,,,,,,1,1
canonical,CANONICAL — REPAIRED G2 OOF,10082,16809,interstitial,zero_residual_v1,64,0,1,,,,,,1,1
canonical,CANONICAL — REPAIRED G2 OOF,10083,16811,adsorbate,zero_residual_v1,64,0,1,,,,,,1,1
canonical,CANONICAL — REPAIRED G2 OOF,10084,16812,adsorbate,zero_residual_v1,64,0,1,,,,,,1,1
canonical,CANONICAL — REPAIRED G2 OOF,10085,16813,adsorbate,zero_residual_v1,64,0,1,,,,,,1,1
canonical,CANONICAL — REPAIRED G2 OOF,10086,16814,interstitial,zero_residual_v1,64,0,1,,,,,,1,1
canonical,CANONICAL — REPAIRED G2 OOF,10087,16815,adsorbate,zero_residual_v1,64,0,1,,,,,,1,1
canonical,CANONICAL — REPAIRED G2 OOF,10088,16816,adsorbate,zero_residual_v1,64,0,1,,,,,,1,1
canonical,CANONICAL — REPAIRED G2 OOF,10089,16817,adsorbate,zero_residual_v1,64,0,1,,,,,,1,1
canonical,CANONICAL — REPAIRED G2 OOF,10090,16818,interstitial,zero_residual_v1,64,0,1,,,,,,1,1
canonical,CANONICAL — REPAIRED G2 OOF,10091,16819,adsorbate,zero_residual_v1,64,0,1,,,,,,1,1
canonical,CANONICAL — REPAIRED G2 OOF,10092,16820,adsorbate,zero_residual_v1,64,0,1,,,,,,1,1
canonical,CANONICAL — REPAIRED G2 OOF,10093,16823,adsorbate,zero_residual_v1,64,0,1,,,,,,1,1
canonical,CANONICAL — REPAIRED G2 OOF,10094,16825,adsorbate,zero_residual_v1,64,0,1,,,,,,1,1
canonical,CANONICAL — REPAIRED G2 OOF,10095,16826,adsorbate,zero_residual_v1,64,0,1,,,,,,1,1
canonical,CANONICAL — REPAIRED G2 OOF,10096,16827,adsorbate,zero_residual_v1,64,0,1,,,,,,1,1
canonical,CANONICAL — REPAIRED G2 OOF,10097,16829,adsorbate,zero_residual_v1,64,0,1,,,,,,1,1
canonical,CANONICAL — REPAIRED G2 OOF,10098,16830,interstitial,zero_residual_v1,64,0,1,,,,,,1,1
canonical,CANONICAL — REPAIRED G2 OOF,10099,16831,interstitial,zero_residual_v1,64,0,1,,,,,,1,1
canonical,CANONICAL — REPAIRED G2 OOF,10101,16835,adsorbate,zero_residual_v1,64,0,1,,,,,,1,1
canonical,CANONICAL — REPAIRED G2 OOF,10102,16836,adsorbate,zero_residual_v1,64,0,1,,,,,,1,1
canonical,CANONICAL — REPAIRED G2 OOF,10103,16837,interstitial,zero_residual_v1,64,0,1,,,,,,1,1
canonical,CANONICAL — REPAIRED G2 OOF,10104,16839,interstitial,zero_residual_v1,64,0,1,,,,,,1,1
canonical,CANONICAL — REPAIRED G2 OOF,10105,16840,adsorbate,zero_residual_v1,64,0,1,,,,,,1,1
canonical,CANONICAL — REPAIRED G2 OOF,10106,16842,adsorbate,zero_residual_v1,64,0,1,,,,,,1,1
canonical,CANONICAL — REPAIRED G2 OOF,10107,16843,adsorbate,zero_residual_v1,64,0,1,,,,,,1,1
canonical,CANONICAL — REPAIRED G2 OOF,10108,16846,adsorbate,zero_residual_v1,64,0,1,,,,,,1,1
canonical,CANONICAL — REPAIRED G2 OOF,10109,16847,interstitial,zero_residual_v1,64,0,1,,,,,,1,1
canonical,CANONICAL — REPAIRED G2 OOF,10110,16849,adsorbate,zero_residual_v1,64,0,1,,,,,,1,1
canonical,CANONICAL — REPAIRED G2 OOF,10111,16850,interstitial,zero_residual_v1,64,0,1,,,,,,1,1
canonical,CANONICAL — REPAIRED G2 OOF,10113,16852,adsorbate,zero_residual_v1,64,0,1,,,,,,1,1
canonical,CANONICAL — REPAIRED G2 OOF,10114,16853,adsorbate,zero_residual_v1,64,0,1,,,,,,1,1
canonical,CANONICAL — REPAIRED G2 OOF,10115,16854,adsorbate,zero_residual_v1,64,0,1,,,,,,1,1
canonical,CANONICAL — REPAIRED G2 OOF,10116,16855,adsorbate,zero_residual_v1,64,0,1,,,,,,1,1
canonical,CANONICAL — REPAIRED G2 OOF,10117,16856,adsorbate,zero_residual_v1,64,0,1,,,,,,1,1
canonical,CANONICAL — REPAIRED G2 OOF,10118,16858,interstitial,zero_residual_v1,64,0,1,,,,,,1,1
canonical,CANONICAL — REPAIRED G2 OOF,10119,16860,adsorbate,zero_residual_v1,64,0,1,,,,,,1,1
canonical,CANONICAL — REPAIRED G2 OOF,10120,16861,adsorbate,zero_residual_v1,64,0,1,,,,,,1,1
canonical,CANONICAL — REPAIRED G2 OOF,10121,16862,adsorbate,zero_residual_v1,64,0,1,,,,,,1,1
canonical,CANONICAL — REPAIRED G2 OOF,10122,16863,interstitial,zero_residual_v1,64,0,1,,,,,,1,1
canonical,CANONICAL — REPAIRED G2 OOF,10123,16864,interstitial,zero_residual_v1,64,0,1,,,,,,1,1
canonical,CANONICAL — REPAIRED G2 OOF,10124,16865,adsorbate,zero_residual_v1,64,0,1,,,,,,1,1
canonical,CANONICAL — REPAIRED G2 OOF,10125,16867,adsorbate,zero_residual_v1,64,0,1,,,,,,1,1
canonical,CANONICAL — REPAIRED G2 OOF,10126,16869,adsorbate,zero_residual_v1,64,0,1,,,,,,1,1
canonical,CANONICAL — REPAIRED G2 OOF,10127,16870,adsorbate,zero_residual_v1,64,0,1,,,,,,1,1
canonical,CANONICAL — REPAIRED G2 OOF,10128,16871,adsorbate,zero_residual_v1,64,0,1,,,,,,1,1
canonical,CANONICAL — REPAIRED G2 OOF,10129,16872,interstitial,zero_residual_v1,64,0,1,,,,,,1,1
canonical,CANONICAL — REPAIRED G2 OOF,10130,16874,adsorbate,zero_residual_v1,64,0,1,,,,,,1,1
canonical,CANONICAL — REPAIRED G2 OOF,10131,16876,adsorbate,zero_residual_v1,64,0,1,,,,,,1,1
canonical,CANONICAL — REPAIRED G2 OOF,10132,16877,adsorbate,zero_residual_v1,64,0,1,,,,,,1,1
canonical,CANONICAL — REPAIRED G2 OOF,10133,16878,interstitial,zero_residual_v1,64,0,1,,,,,,1,1
canonical,CANONICAL — REPAIRED G2 OOF,10134,16879,adsorbate,zero_residual_v1,64,0,1,,,,,,1,1
canonical,CANONICAL — REPAIRED G2 OOF,10135,16880,interstitial,zero_residual_v1,64,0,1,,,,,,1,1
canonical,CANONICAL — REPAIRED G2 OOF,10136,16882,interstitial,zero_residual_v1,64,0,1,,,,,,1,1
canonical,CANONICAL — REPAIRED G2 OOF,10137,16884,interstitial,zero_residual_v1,64,0,1,,,,,,1,1
canonical,CANONICAL — REPAIRED G2 OOF,10138,16885,adsorbate,zero_residual_v1,64,0,1,,,,,,1,1
canonical,CANONICAL — REPAIRED G2 OOF,10139,16887,interstitial,zero_residual_v1,64,0,1,,,,,,1,1
canonical,CANONICAL — REPAIRED G2 OOF,10140,16888,adsorbate,zero_residual_v1,64,0,1,,,,,,1,1
canonical,CANONICAL — REPAIRED G2 OOF,10141,16889,adsorbate,zero_residual_v1,64,0,1,,,,,,1,1
canonical,CANONICAL — REPAIRED G2 OOF,10142,16891,interstitial,zero_residual_v1,64,0,1,,,,,,1,1
canonical,CANONICAL — REPAIRED G2 OOF,10143,16892,adsorbate,zero_residual_v1,64,0,1,,,,,,1,1
canonical,CANONICAL — REPAIRED G2 OOF,10144,16894,interstitial,zero_residual_v1,64,0,1,,,,,,1,1
canonical,CANONICAL — REPAIRED G2 OOF,10145,16896,interstitial,zero_residual_v1,64,0,1,,,,,,1,1
canonical,CANONICAL — REPAIRED G2 OOF,10146,16897,interstitial,zero_residual_v1,64,0,1,,,,,,1,1
canonical,CANONICAL — REPAIRED G2 OOF,10147,16898,interstitial,zero_residual_v1,64,0,1,,,,,,1,1
canonical,CANONICAL — REPAIRED G2 OOF,10148,16899,adsorbate,zero_residual_v1,64,0,1,,,,,,1,1
canonical,CANONICAL — REPAIRED G2 OOF,10149,16902,adsorbate,zero_residual_v1,64,0,1,,,,,,1,1
canonical,CANONICAL — REPAIRED G2 OOF,10150,16903,adsorbate,zero_residual_v1,64,0,1,,,,,,1,1
canonical,CANONICAL — REPAIRED G2 OOF,10151,16905,interstitial,zero_residual_v1,64,0,1,,,,,,1,1
canonical,CANONICAL — REPAIRED G2 OOF,10152,16906,adsorbate,zero_residual_v1,64,0,1,,,,,,1,1
canonical,CANONICAL — REPAIRED G2 OOF,10153,16908,adsorbate,zero_residual_v1,64,0,1,,,,,,1,1
canonical,CANONICAL — REPAIRED G2 OOF,10154,16909,interstitial,zero_residual_v1,64,0,1,,,,,,1,1
canonical,CANONICAL — REPAIRED G2 OOF,10156,16912,adsorbate,zero_residual_v1,64,0,1,,,,,,1,1
canonical,CANONICAL — REPAIRED G2 OOF,10157,16913,interstitial,zero_residual_v1,64,0,1,,,,,,1,1
canonical,CANONICAL — REPAIRED G2 OOF,10158,16914,interstitial,zero_residual_v1,64,0,1,,,,,,1,1
canonical,CANONICAL — REPAIRED G2 OOF,10159,16915,adsorbate,zero_residual_v1,64,0,1,,,,,,1,1
canonical,CANONICAL — REPAIRED G2 OOF,10160,16916,adsorbate,zero_residual_v1,64,0,1,,,,,,1,1
canonical,CANONICAL — REPAIRED G2 OOF,10161,16919,adsorbate,zero_residual_v1,64,0,1,,,,,,1,1
canonical,CANONICAL — REPAIRED G2 OOF,10162,16920,interstitial,zero_residual_v1,64,0,1,,,,,,1,1
canonical,CANONICAL — REPAIRED G2 OOF,10163,16921,adsorbate,zero_residual_v1,64,0,1,,,,,,1,1
canonical,CANONICAL — REPAIRED G2 OOF,10164,16922,adsorbate,zero_residual_v1,64,0,1,,,,,,1,1
canonical,CANONICAL — REPAIRED G2 OOF,10165,16923,adsorbate,zero_residual_v1,64,0,1,,,,,,1,1
canonical,CANONICAL — REPAIRED G2 OOF,10166,16924,adsorbate,zero_residual_v1,64,0,1,,,,,,1,1
canonical,CANONICAL — REPAIRED G2 OOF,10167,16925,adsorbate,zero_residual_v1,64,0,1,,,,,,1,1
canonical,CANONICAL — REPAIRED G2 OOF,10168,16926,adsorbate,zero_residual_v1,64,0,1,,,,,,1,1
canonical,CANONICAL — REPAIRED G2 OOF,10169,16927,adsorbate,zero_residual_v1,64,0,1,,,,,,1,1
canonical,CANONICAL — REPAIRED G2 OOF,10170,16928,adsorbate,zero_residual_v1,64,0,1,,,,,,1,1
canonical,CANONICAL — REPAIRED G2 OOF,10171,16930,adsorbate,zero_residual_v1,64,0,1,,,,,,1,1
canonical,CANONICAL — REPAIRED G2 OOF,10172,16931,interstitial,zero_residual_v1,64,0,1,,,,,,1,1
canonical,CANONICAL — REPAIRED G2 OOF,10173,16932,adsorbate,zero_residual_v1,64,0,1,,,,,,1,1
canonical,CANONICAL — REPAIRED G2 OOF,10174,16933,adsorbate,zero_residual_v1,64,0,1,,,,,,1,1
canonical,CANONICAL — REPAIRED G2 OOF,10175,16934,adsorbate,zero_residual_v1,64,0,1,,,,,,1,1
canonical,CANONICAL — REPAIRED G2 OOF,10176,16937,adsorbate,zero_residual_v1,64,0,1,,,,,,1,1
canonical,CANONICAL — REPAIRED G2 OOF,10177,16938,interstitial,zero_residual_v1,64,0,1,,,,,,1,1
canonical,CANONICAL — REPAIRED G2 OOF,10178,16939,adsorbate,zero_residual_v1,64,0,1,,,,,,1,1
canonical,CANONICAL — REPAIRED G2 OOF,10179,16940,interstitial,zero_residual_v1,64,0,1,,,,,,1,1
canonical,CANONICAL — REPAIRED G2 OOF,10180,16941,interstitial,zero_residual_v1,64,0,1,,,,,,1,1
canonical,CANONICAL — REPAIRED G2 OOF,10181,16943,adsorbate,zero_residual_v1,64,0,1,,,,,,1,1
canonical,CANONICAL — REPAIRED G2 OOF,10182,16944,interstitial,zero_residual_v1,64,0,1,,,,,,1,1
canonical,CANONICAL — REPAIRED G2 OOF,10183,16945,adsorbate,zero_residual_v1,64,0,1,,,,,,1,1
canonical,CANONICAL — REPAIRED G2 OOF,10184,16946,adsorbate,zero_residual_v1,64,0,1,,,,,,1,1
canonical,CANONICAL — REPAIRED G2 OOF,10185,16947,interstitial,zero_residual_v1,64,0,1,,,,,,1,1
canonical,CANONICAL — REPAIRED G2 OOF,10186,16948,interstitial,zero_residual_v1,64,0,1,,,,,,1,1
canonical,CANONICAL — REPAIRED G2 OOF,10187,16951,interstitial,zero_residual_v1,64,0,1,,,,,,1,1
canonical,CANONICAL — REPAIRED G2 OOF,10188,16952,adsorbate,zero_residual_v1,64,0,1,,,,,,1,1
canonical,CANONICAL — REPAIRED G2 OOF,10189,16954,adsorbate,zero_residual_v1,64,0,1,,,,,,1,1
canonical,CANONICAL — REPAIRED G2 OOF,10190,16956,adsorbate,zero_residual_v1,64,0,1,,,,,,1,1
canonical,CANONICAL — REPAIRED G2 OOF,10191,16957,adsorbate,zero_residual_v1,64,0,1,,,,,,1,1
canonical,CANONICAL — REPAIRED G2 OOF,10192,16959,interstitial,zero_residual_v1,64,0,1,,,,,,1,1
canonical,CANONICAL — REPAIRED G2 OOF,10193,16960,adsorbate,zero_residual_v1,64,0,1,,,,,,1,1
canonical,CANONICAL — REPAIRED G2 OOF,10194,16961,interstitial,zero_residual_v1,64,0,1,,,,,,1,1
canonical,CANONICAL — REPAIRED G2 OOF,10195,16962,interstitial,zero_residual_v1,64,0,1,,,,,,1,1
canonical,CANONICAL — REPAIRED G2 OOF,10196,16964,adsorbate,zero_residual_v1,64,0,1,,,,,,1,1
canonical,CANONICAL — REPAIRED G2 OOF,10197,16965,adsorbate,zero_residual_v1,64,0,1,,,,,,1,1
canonical,CANONICAL — REPAIRED G2 OOF,10198,16967,adsorbate,zero_residual_v1,64,0,1,,,,,,1,1
canonical,CANONICAL — REPAIRED G2 OOF,10199,16970,adsorbate,zero_residual_v1,64,0,1,,,,,,1,1
canonical,CANONICAL — REPAIRED G2 OOF,10200,16971,adsorbate,zero_residual_v1,64,0,1,,,,,,1,1
canonical,CANONICAL — REPAIRED G2 OOF,10201,16972,interstitial,zero_residual_v1,64,0,1,,,,,,1,1
canonical,CANONICAL — REPAIRED G2 OOF,10202,16973,adsorbate,zero_residual_v1,64,0,1,,,,,,1,1
canonical,CANONICAL — REPAIRED G2 OOF,10204,16976,interstitial,zero_residual_v1,64,0,1,,,,,,1,1
canonical,CANONICAL — REPAIRED G2 OOF,10205,16977,adsorbate,zero_residual_v1,64,0,1,,,,,,1,1
canonical,CANONICAL — REPAIRED G2 OOF,10206,16978,adsorbate,zero_residual_v1,64,0,1,,,,,,1,1
canonical,CANONICAL — REPAIRED G2 OOF,10207,16979,interstitial,zero_residual_v1,64,0,1,,,,,,1,1
canonical,CANONICAL — REPAIRED G2 OOF,10208,16980,adsorbate,zero_residual_v1,64,0,1,,,,,,1,1
canonical,CANONICAL — REPAIRED G2 OOF,10209,16981,interstitial,zero_residual_v1,64,0,1,,,,,,1,1
canonical,CANONICAL — REPAIRED G2 OOF,10210,16982,adsorbate,zero_residual_v1,64,0,1,,,,,,1,1
canonical,CANONICAL — REPAIRED G2 OOF,10211,16983,adsorbate,zero_residual_v1,64,0,1,,,,,,1,1
canonical,CANONICAL — REPAIRED G2 OOF,10212,16986,adsorbate,zero_residual_v1,64,0,1,,,,,,1,1
canonical,CANONICAL — REPAIRED G2 OOF,10213,16988,interstitial,zero_residual_v1,64,0,1,,,,,,1,1
canonical,CANONICAL — REPAIRED G2 OOF,10214,16989,interstitial,zero_residual_v1,64,0,1,,,,,,1,1
canonical,CANONICAL — REPAIRED G2 OOF,10215,16993,adsorbate,zero_residual_v1,64,0,1,,,,,,1,1
canonical,CANONICAL — REPAIRED G2 OOF,10216,16995,interstitial,zero_residual_v1,64,0,1,,,,,,1,1
canonical,CANONICAL — REPAIRED G2 OOF,10217,16997,adsorbate,zero_residual_v1,64,0,1,,,,,,1,1
canonical,CANONICAL — REPAIRED G2 OOF,10218,16998,adsorbate,zero_residual_v1,64,0,1,,,,,,1,1
canonical,CANONICAL — REPAIRED G2 OOF,10219,16999,adsorbate,zero_residual_v1,64,0,1,,,,,,1,1
canonical,CANONICAL — REPAIRED G2 OOF,10220,17000,interstitial,zero_residual_v1,64,0,1,,,,,,1,1
canonical,CANONICAL — REPAIRED G2 OOF,10221,17001,interstitial,zero_residual_v1,64,0,1,,,,,,1,1
canonical,CANONICAL — REPAIRED G2 OOF,10222,17003,adsorbate,zero_residual_v1,64,0,1,,,,,,1,1
canonical,CANONICAL — REPAIRED G2 OOF,10223,17004,adsorbate,zero_residual_v1,64,0,1,,,,,,1,1
canonical,CANONICAL — REPAIRED G2 OOF,10224,17005,interstitial,zero_residual_v1,64,0,1,,,,,,1,1
canonical,CANONICAL — REPAIRED G2 OOF,10225,17006,adsorbate,zero_residual_v1,64,0,1,,,,,,1,1
canonical,CANONICAL — REPAIRED G2 OOF,10226,17009,adsorbate,zero_residual_v1,64,0,1,,,,,,1,1
canonical,CANONICAL — REPAIRED G2 OOF,10227,17010,adsorbate,zero_residual_v1,64,0,1,,,,,,1,1
canonical,CANONICAL — REPAIRED G2 OOF,10228,17011,interstitial,zero_residual_v1,64,0,1,,,,,,1,1
canonical,CANONICAL — REPAIRED G2 OOF,10229,17012,interstitial,zero_residual_v1,64,0,1,,,,,,1,1
canonical,CANONICAL — REPAIRED G2 OOF,10231,17014,adsorbate,zero_residual_v1,64,0,1,,,,,,1,1
canonical,CANONICAL — REPAIRED G2 OOF,10232,17015,adsorbate,zero_residual_v1,64,0,1,,,,,,1,1
canonical,CANONICAL — REPAIRED G2 OOF,10233,17017,adsorbate,zero_residual_v1,64,0,1,,,,,,1,1
canonical,CANONICAL — REPAIRED G2 OOF,10234,17018,interstitial,zero_residual_v1,64,0,1,,,,,,1,1
canonical,CANONICAL — REPAIRED G2 OOF,10235,17019,adsorbate,zero_residual_v1,64,0,1,,,,,,1,1
canonical,CANONICAL — REPAIRED G2 OOF,10236,17020,interstitial,zero_residual_v1,64,0,1,,,,,,1,1
canonical,CANONICAL — REPAIRED G2 OOF,10237,17021,adsorbate,zero_residual_v1,64,0,1,,,,,,1,1
canonical,CANONICAL — REPAIRED G2 OOF,10238,17022,adsorbate,zero_residual_v1,64,0,1,,,,,,1,1
canonical,CANONICAL — REPAIRED G2 OOF,10239,17023,adsorbate,zero_residual_v1,64,0,1,,,,,,1,1
canonical,CANONICAL — REPAIRED G2 OOF,10240,17024,interstitial,zero_residual_v1,64,0,1,,,,,,1,1
canonical,CANONICAL — REPAIRED G2 OOF,10241,17025,adsorbate,zero_residual_v1,64,0,1,,,,,,1,1
canonical,CANONICAL — REPAIRED G2 OOF,10242,17027,adsorbate,zero_residual_v1,64,0,1,,,,,,1,1
canonical,CANONICAL — REPAIRED G2 OOF,10243,17031,adsorbate,zero_residual_v1,64,0,1,,,,,,1,1
canonical,CANONICAL — REPAIRED G2 OOF,10244,17032,adsorbate,zero_residual_v1,64,0,1,,,,,,1,1
canonical,CANONICAL — REPAIRED G2 OOF,10245,17033,adsorbate,zero_residual_v1,64,0,1,,,,,,1,1
canonical,CANONICAL — REPAIRED G2 OOF,10246,17034,adsorbate,zero_residual_v1,64,0,1,,,,,,1,1
canonical,CANONICAL — REPAIRED G2 OOF,10247,17035,adsorbate,zero_residual_v1,64,0,1,,,,,,1,1
canonical,CANONICAL — REPAIRED G2 OOF,10248,17036,adsorbate,zero_residual_v1,64,0,1,,,,,,1,1
canonical,CANONICAL — REPAIRED G2 OOF,10249,17038,adsorbate,zero_residual_v1,64,0,1,,,,,,1,1
canonical,CANONICAL — REPAIRED G2 OOF,10250,17039,interstitial,zero_residual_v1,64,0,1,,,,,,1,1
canonical,CANONICAL — REPAIRED G2 OOF,10251,17040,adsorbate,zero_residual_v1,64,0,1,,,,,,1,1
canonical,CANONICAL — REPAIRED G2 OOF,10252,17042,interstitial,zero_residual_v1,64,0,1,,,,,,1,1
canonical,CANONICAL — REPAIRED G2 OOF,10253,17043,adsorbate,zero_residual_v1,64,0,1,,,,,,1,1
canonical,CANONICAL — REPAIRED G2 OOF,10254,17046,adsorbate,zero_residual_v1,64,0,1,,,,,,1,1
canonical,CANONICAL — REPAIRED G2 OOF,10255,17047,adsorbate,zero_residual_v1,64,0,1,,,,,,1,1
canonical,CANONICAL — REPAIRED G2 OOF,10256,17048,adsorbate,zero_residual_v1,64,0,1,,,,,,1,1
canonical,CANONICAL — REPAIRED G2 OOF,10257,17049,adsorbate,zero_residual_v1,64,0,1,,,,,,1,1
canonical,CANONICAL — REPAIRED G2 OOF,10258,17051,adsorbate,zero_residual_v1,64,0,1,,,,,,1,1
canonical,CANONICAL — REPAIRED G2 OOF,10259,17054,interstitial,zero_residual_v1,64,0,1,,,,,,1,1
canonical,CANONICAL — REPAIRED G2 OOF,10260,17055,adsorbate,zero_residual_v1,64,0,1,,,,,,1,1
canonical,CANONICAL — REPAIRED G2 OOF,10261,17056,adsorbate,zero_residual_v1,64,0,1,,,,,,1,1
canonical,CANONICAL — REPAIRED G2 OOF,10262,17059,adsorbate,zero_residual_v1,64,0,1,,,,,,1,1
canonical,CANONICAL — REPAIRED G2 OOF,10263,17060,interstitial,zero_residual_v1,64,0,1,,,,,,1,1
canonical,CANONICAL — REPAIRED G2 OOF,10264,17063,interstitial,zero_residual_v1,64,0,1,,,,,,1,1
canonical,CANONICAL — REPAIRED G2 OOF,10265,17064,adsorbate,zero_residual_v1,64,0,1,,,,,,1,1
canonical,CANONICAL — REPAIRED G2 OOF,10266,17065,adsorbate,zero_residual_v1,64,0,1,,,,,,1,1
canonical,CANONICAL — REPAIRED G2 OOF,10267,17066,interstitial,zero_residual_v1,64,0,1,,,,,,1,1
canonical,CANONICAL — REPAIRED G2 OOF,10268,17067,adsorbate,zero_residual_v1,64,0,1,,,,,,1,1
canonical,CANONICAL — REPAIRED G2 OOF,10269,17070,adsorbate,zero_residual_v1,64,0,1,,,,,,1,1
canonical,CANONICAL — REPAIRED G2 OOF,10270,17071,adsorbate,zero_residual_v1,64,0,1,,,,,,1,1
canonical,CANONICAL — REPAIRED G2 OOF,10271,17072,interstitial,zero_residual_v1,64,0,1,,,,,,1,1
canonical,CANONICAL — REPAIRED G2 OOF,10272,17074,interstitial,zero_residual_v1,64,0,1,,,,,,1,1
canonical,CANONICAL — REPAIRED G2 OOF,10273,17075,interstitial,zero_residual_v1,64,0,1,,,,,,1,1
canonical,CANONICAL — REPAIRED G2 OOF,10274,17076,interstitial,zero_residual_v1,64,0,1,,,,,,1,1
canonical,CANONICAL — REPAIRED G2 OOF,10275,17077,adsorbate,zero_residual_v1,64,0,1,,,,,,1,1
canonical,CANONICAL — REPAIRED G2 OOF,10276,17080,adsorbate,zero_residual_v1,64,0,1,,,,,,1,1
canonical,CANONICAL — REPAIRED G2 OOF,10277,17082,adsorbate,zero_residual_v1,64,0,1,,,,,,1,1
canonical,CANONICAL — REPAIRED G2 OOF,10278,17083,interstitial,zero_residual_v1,64,0,1,,,,,,1,1
canonical,CANONICAL — REPAIRED G2 OOF,10279,17084,interstitial,zero_residual_v1,64,0,1,,,,,,1,1
canonical,CANONICAL — REPAIRED G2 OOF,10280,17085,adsorbate,zero_residual_v1,64,0,1,,,,,,1,1
canonical,CANONICAL — REPAIRED G2 OOF,10281,17086,adsorbate,zero_residual_v1,64,0,1,,,,,,1,1
canonical,CANONICAL — REPAIRED G2 OOF,10282,17088,adsorbate,zero_residual_v1,64,0,1,,,,,,1,1
canonical,CANONICAL — REPAIRED G2 OOF,10283,17089,interstitial,zero_residual_v1,64,0,1,,,,,,1,1
canonical,CANONICAL — REPAIRED G2 OOF,10284,17090,adsorbate,zero_residual_v1,64,0,1,,,,,,1,1
canonical,CANONICAL — REPAIRED G2 OOF,10285,17091,adsorbate,zero_residual_v1,64,0,1,,,,,,1,1
canonical,CANONICAL — REPAIRED G2 OOF,10286,17092,adsorbate,zero_residual_v1,64,0,1,,,,,,1,1
canonical,CANONICAL — REPAIRED G2 OOF,10287,17093,adsorbate,zero_residual_v1,64,0,1,,,,,,1,1
canonical,CANONICAL — REPAIRED G2 OOF,10288,17094,adsorbate,zero_residual_v1,64,0,1,,,,,,1,1
canonical,CANONICAL — REPAIRED G2 OOF,10289,17095,adsorbate,zero_residual_v1,64,0,1,,,,,,1,1
canonical,CANONICAL — REPAIRED G2 OOF,10290,17096,interstitial,zero_residual_v1,64,0,1,,,,,,1,1
canonical,CANONICAL — REPAIRED G2 OOF,10291,17097,adsorbate,zero_residual_v1,64,0,1,,,,,,1,1
canonical,CANONICAL — REPAIRED G2 OOF,10292,17098,interstitial,zero_residual_v1,64,0,1,,,,,,1,1
canonical,CANONICAL — REPAIRED G2 OOF,10293,17099,interstitial,zero_residual_v1,64,0,1,,,,,,1,1
canonical,CANONICAL — REPAIRED G2 OOF,10294,17100,adsorbate,zero_residual_v1,64,0,1,,,,,,1,1
canonical,CANONICAL — REPAIRED G2 OOF,10295,17102,interstitial,zero_residual_v1,64,0,1,,,,,,1,1
canonical,CANONICAL — REPAIRED G2 OOF,10296,17103,adsorbate,zero_residual_v1,64,0,1,,,,,,1,1
canonical,CANONICAL — REPAIRED G2 OOF,10297,17104,adsorbate,zero_residual_v1,64,0,1,,,,,,1,1
canonical,CANONICAL — REPAIRED G2 OOF,10299,17108,adsorbate,zero_residual_v1,64,0,1,,,,,,1,1
canonical,CANONICAL — REPAIRED G2 OOF,10301,17110,adsorbate,zero_residual_v1,64,0,1,,,,,,1,1
canonical,CANONICAL — REPAIRED G2 OOF,10302,17111,adsorbate,zero_residual_v1,64,0,1,,,,,,1,1
canonical,CANONICAL — REPAIRED G2 OOF,10303,17112,interstitial,zero_residual_v1,64,0,1,,,,,,1,1
canonical,CANONICAL — REPAIRED G2 OOF,10304,17114,adsorbate,zero_residual_v1,64,0,1,,,,,,1,1
canonical,CANONICAL — REPAIRED G2 OOF,10305,17115,adsorbate,zero_residual_v1,64,0,1,,,,,,1,1
canonical,CANONICAL — REPAIRED G2 OOF,10306,17116,adsorbate,zero_residual_v1,64,0,1,,,,,,1,1
canonical,CANONICAL — REPAIRED G2 OOF,10307,17117,adsorbate,zero_residual_v1,64,0,1,,,,,,1,1
canonical,CANONICAL — REPAIRED G2 OOF,10308,17118,interstitial,zero_residual_v1,64,0,1,,,,,,1,1
canonical,CANONICAL — REPAIRED G2 OOF,10309,17120,adsorbate,zero_residual_v1,64,0,1,,,,,,1,1
canonical,CANONICAL — REPAIRED G2 OOF,10310,17121,adsorbate,zero_residual_v1,64,0,1,,,,,,1,1
canonical,CANONICAL — REPAIRED G2 OOF,10311,17122,adsorbate,zero_residual_v1,64,0,1,,,,,,1,1
canonical,CANONICAL — REPAIRED G2 OOF,10312,17124,interstitial,zero_residual_v1,64,0,1,,,,,,1,1
canonical,CANONICAL — REPAIRED G2 OOF,10313,17125,adsorbate,zero_residual_v1,64,0,1,,,,,,1,1
canonical,CANONICAL — REPAIRED G2 OOF,10314,17126,adsorbate,zero_residual_v1,64,0,1,,,,,,1,1
canonical,CANONICAL — REPAIRED G2 OOF,10315,17128,interstitial,zero_residual_v1,64,0,1,,,,,,1,1
canonical,CANONICAL — REPAIRED G2 OOF,10316,17131,interstitial,zero_residual_v1,64,0,1,,,,,,1,1
canonical,CANONICAL — REPAIRED G2 OOF,10317,17132,adsorbate,zero_residual_v1,64,0,1,,,,,,1,1
canonical,CANONICAL — REPAIRED G2 OOF,10318,17133,interstitial,zero_residual_v1,64,0,1,,,,,,1,1
canonical,CANONICAL — REPAIRED G2 OOF,10319,17134,adsorbate,zero_residual_v1,64,0,1,,,,,,1,1
canonical,CANONICAL — REPAIRED G2 OOF,10320,17136,interstitial,zero_residual_v1,64,0,1,,,,,,1,1
canonical,CANONICAL — REPAIRED G2 OOF,10321,17138,adsorbate,zero_residual_v1,64,0,1,,,,,,1,1
canonical,CANONICAL — REPAIRED G2 OOF,10322,17139,adsorbate,zero_residual_v1,64,0,1,,,,,,1,1
canonical,CANONICAL — REPAIRED G2 OOF,10323,17142,adsorbate,zero_residual_v1,64,0,1,,,,,,1,1
canonical,CANONICAL — REPAIRED G2 OOF,10324,17143,adsorbate,zero_residual_v1,64,0,1,,,,,,1,1
canonical,CANONICAL — REPAIRED G2 OOF,10325,17144,adsorbate,zero_residual_v1,64,0,1,,,,,,1,1
canonical,CANONICAL — REPAIRED G2 OOF,10326,17145,interstitial,zero_residual_v1,64,0,1,,,,,,1,1
canonical,CANONICAL — REPAIRED G2 OOF,10327,17147,adsorbate,zero_residual_v1,64,0,1,,,,,,1,1
canonical,CANONICAL — REPAIRED G2 OOF,10328,17149,adsorbate,zero_residual_v1,64,0,1,,,,,,1,1
canonical,CANONICAL — REPAIRED G2 OOF,10329,17150,adsorbate,zero_residual_v1,64,0,1,,,,,,1,1
canonical,CANONICAL — REPAIRED G2 OOF,10330,17152,adsorbate,zero_residual_v1,64,0,1,,,,,,1,1
canonical,CANONICAL — REPAIRED G2 OOF,10331,17153,interstitial,zero_residual_v1,64,0,1,,,,,,1,1
canonical,CANONICAL — REPAIRED G2 OOF,10332,17154,interstitial,zero_residual_v1,64,0,1,,,,,,1,1
canonical,CANONICAL — REPAIRED G2 OOF,10333,17155,adsorbate,zero_residual_v1,64,0,1,,,,,,1,1
canonical,CANONICAL — REPAIRED G2 OOF,10334,17156,adsorbate,zero_residual_v1,64,0,1,,,,,,1,1
canonical,CANONICAL — REPAIRED G2 OOF,10335,17158,adsorbate,zero_residual_v1,64,0,1,,,,,,1,1
canonical,CANONICAL — REPAIRED G2 OOF,10336,17160,adsorbate,zero_residual_v1,64,0,1,,,,,,1,1
canonical,CANONICAL — REPAIRED G2 OOF,10337,17161,adsorbate,zero_residual_v1,64,0,1,,,,,,1,1
canonical,CANONICAL — REPAIRED G2 OOF,10338,17162,interstitial,zero_residual_v1,64,0,1,,,,,,1,1
canonical,CANONICAL — REPAIRED G2 OOF,10339,17163,adsorbate,zero_residual_v1,64,0,1,,,,,,1,1
canonical,CANONICAL — REPAIRED G2 OOF,10340,17164,adsorbate,zero_residual_v1,64,0,1,,,,,,1,1
canonical,CANONICAL — REPAIRED G2 OOF,10341,17167,adsorbate,zero_residual_v1,64,0,1,,,,,,1,1
canonical,CANONICAL — REPAIRED G2 OOF,10342,17168,interstitial,zero_residual_v1,64,0,1,,,,,,1,1
canonical,CANONICAL — REPAIRED G2 OOF,10343,17169,interstitial,zero_residual_v1,64,0,1,,,,,,1,1
canonical,CANONICAL — REPAIRED G2 OOF,10344,17170,adsorbate,zero_residual_v1,64,0,1,,,,,,1,1
canonical,CANONICAL — REPAIRED G2 OOF,10345,17171,adsorbate,zero_residual_v1,64,0,1,,,,,,1,1
canonical,CANONICAL — REPAIRED G2 OOF,10346,17172,adsorbate,zero_residual_v1,64,0,1,,,,,,1,1
canonical,CANONICAL — REPAIRED G2 OOF,10347,17173,adsorbate,zero_residual_v1,64,0,1,,,,,,1,1
canonical,CANONICAL — REPAIRED G2 OOF,10348,17174,adsorbate,zero_residual_v1,64,0,1,,,,,,1,1
canonical,CANONICAL — REPAIRED G2 OOF,10349,17177,adsorbate,zero_residual_v1,64,0,1,,,,,,1,1
canonical,CANONICAL — REPAIRED G2 OOF,10350,17178,adsorbate,zero_residual_v1,64,0,1,,,,,,1,1
canonical,CANONICAL — REPAIRED G2 OOF,10351,17180,adsorbate,zero_residual_v1,64,0,1,,,,,,1,1
canonical,CANONICAL — REPAIRED G2 OOF,10352,17182,interstitial,zero_residual_v1,64,0,1,,,,,,1,1
canonical,CANONICAL — REPAIRED G2 OOF,10353,17184,adsorbate,zero_residual_v1,64,0,1,,,,,,1,1
canonical,CANONICAL — REPAIRED G2 OOF,10354,17185,adsorbate,zero_residual_v1,64,0,1,,,,,,1,1
canonical,CANONICAL — REPAIRED G2 OOF,10355,17187,interstitial,zero_residual_v1,64,0,1,,,,,,1,1
canonical,CANONICAL — REPAIRED G2 OOF,10356,17188,adsorbate,zero_residual_v1,64,0,1,,,,,,1,1
canonical,CANONICAL — REPAIRED G2 OOF,10357,17189,adsorbate,zero_residual_v1,64,0,1,,,,,,1,1
canonical,CANONICAL — REPAIRED G2 OOF,10358,17193,adsorbate,zero_residual_v1,64,0,1,,,,,,1,1
canonical,CANONICAL — REPAIRED G2 OOF,10359,17194,adsorbate,zero_residual_v1,64,0,1,,,,,,1,1
canonical,CANONICAL — REPAIRED G2 OOF,10360,17195,adsorbate,zero_residual_v1,64,0,1,,,,,,1,1
canonical,CANONICAL — REPAIRED G2 OOF,10361,17196,interstitial,zero_residual_v1,64,0,1,,,,,,1,1
canonical,CANONICAL — REPAIRED G2 OOF,10362,17197,interstitial,zero_residual_v1,64,0,1,,,,,,1,1
canonical,CANONICAL — REPAIRED G2 OOF,10363,17199,adsorbate,zero_residual_v1,64,0,1,,,,,,1,1
canonical,CANONICAL — REPAIRED G2 OOF,10364,17203,adsorbate,zero_residual_v1,64,0,1,,,,,,1,1
canonical,CANONICAL — REPAIRED G2 OOF,10365,17204,adsorbate,zero_residual_v1,64,0,1,,,,,,1,1
canonical,CANONICAL — REPAIRED G2 OOF,10366,17205,adsorbate,zero_residual_v1,64,0,1,,,,,,1,1
canonical,CANONICAL — REPAIRED G2 OOF,10367,17206,adsorbate,zero_residual_v1,64,0,1,,,,,,1,1
canonical,CANONICAL — REPAIRED G2 OOF,10368,17208,interstitial,zero_residual_v1,64,0,1,,,,,,1,1
canonical,CANONICAL — REPAIRED G2 OOF,10369,17209,interstitial,zero_residual_v1,64,0,1,,,,,,1,1
canonical,CANONICAL — REPAIRED G2 OOF,10370,17210,adsorbate,zero_residual_v1,64,0,1,,,,,,1,1
canonical,CANONICAL — REPAIRED G2 OOF,10371,17213,interstitial,zero_residual_v1,64,0,1,,,,,,1,1
canonical,CANONICAL — REPAIRED G2 OOF,10372,17217,adsorbate,zero_residual_v1,64,0,1,,,,,,1,1
canonical,CANONICAL — REPAIRED G2 OOF,10374,17219,adsorbate,zero_residual_v1,64,0,1,,,,,,1,1
canonical,CANONICAL — REPAIRED G2 OOF,10375,17220,interstitial,zero_residual_v1,64,0,1,,,,,,1,1
canonical,CANONICAL — REPAIRED G2 OOF,10376,17226,adsorbate,zero_residual_v1,64,0,1,,,,,,1,1
canonical,CANONICAL — REPAIRED G2 OOF,10377,17227,adsorbate,zero_residual_v1,64,0,1,,,,,,1,1
canonical,CANONICAL — REPAIRED G2 OOF,10378,17228,interstitial,zero_residual_v1,64,0,1,,,,,,1,1
canonical,CANONICAL — REPAIRED G2 OOF,10379,17230,adsorbate,zero_residual_v1,64,0,1,,,,,,1,1
canonical,CANONICAL — REPAIRED G2 OOF,10380,17231,interstitial,zero_residual_v1,64,0,1,,,,,,1,1
canonical,CANONICAL — REPAIRED G2 OOF,10381,17232,adsorbate,zero_residual_v1,64,0,1,,,,,,1,1
canonical,CANONICAL — REPAIRED G2 OOF,10382,17233,adsorbate,zero_residual_v1,64,0,1,,,,,,1,1
canonical,CANONICAL — REPAIRED G2 OOF,10383,17234,adsorbate,zero_residual_v1,64,0,1,,,,,,1,1
canonical,CANONICAL — REPAIRED G2 OOF,10384,17238,adsorbate,zero_residual_v1,64,0,1,,,,,,1,1
canonical,CANONICAL — REPAIRED G2 OOF,10385,17240,adsorbate,zero_residual_v1,64,0,1,,,,,,1,1
canonical,CANONICAL — REPAIRED G2 OOF,10386,17241,adsorbate,zero_residual_v1,64,0,1,,,,,,1,1
canonical,CANONICAL — REPAIRED G2 OOF,10387,17244,interstitial,zero_residual_v1,64,0,1,,,,,,1,1
canonical,CANONICAL — REPAIRED G2 OOF,10388,17245,interstitial,zero_residual_v1,64,0,1,,,,,,1,1
canonical,CANONICAL — REPAIRED G2 OOF,10389,17246,adsorbate,zero_residual_v1,64,0,1,,,,,,1,1
canonical,CANONICAL — REPAIRED G2 OOF,10390,17247,interstitial,zero_residual_v1,64,0,1,,,,,,1,1
canonical,CANONICAL — REPAIRED G2 OOF,10391,17248,interstitial,zero_residual_v1,64,0,1,,,,,,1,1
canonical,CANONICAL — REPAIRED G2 OOF,10392,17249,adsorbate,zero_residual_v1,64,0,1,,,,,,1,1
canonical,CANONICAL — REPAIRED G2 OOF,10393,17250,adsorbate,zero_residual_v1,64,0,1,,,,,,1,1
canonical,CANONICAL — REPAIRED G2 OOF,10394,17251,adsorbate,zero_residual_v1,64,0,1,,,,,,1,1
canonical,CANONICAL — REPAIRED G2 OOF,10395,17253,adsorbate,zero_residual_v1,64,0,1,,,,,,1,1
canonical,CANONICAL — REPAIRED G2 OOF,10396,17254,interstitial,zero_residual_v1,64,0,1,,,,,,1,1
canonical,CANONICAL — REPAIRED G2 OOF,10397,17255,adsorbate,zero_residual_v1,64,0,1,,,,,,1,1
canonical,CANONICAL — REPAIRED G2 OOF,10398,17256,adsorbate,zero_residual_v1,64,0,1,,,,,,1,1
canonical,CANONICAL — REPAIRED G2 OOF,10399,17257,adsorbate,zero_residual_v1,64,0,1,,,,,,1,1
canonical,CANONICAL — REPAIRED G2 OOF,10400,17258,adsorbate,zero_residual_v1,64,0,1,,,,,,1,1
canonical,CANONICAL — REPAIRED G2 OOF,10401,17260,adsorbate,zero_residual_v1,64,0,1,,,,,,1,1
canonical,CANONICAL — REPAIRED G2 OOF,10402,17261,interstitial,zero_residual_v1,64,0,1,,,,,,1,1
canonical,CANONICAL — REPAIRED G2 OOF,10403,17262,interstitial,zero_residual_v1,64,0,1,,,,,,1,1
canonical,CANONICAL — REPAIRED G2 OOF,10404,17263,adsorbate,zero_residual_v1,64,0,1,,,,,,1,1
canonical,CANONICAL — REPAIRED G2 OOF,10405,17264,interstitial,zero_residual_v1,64,0,1,,,,,,1,1
canonical,CANONICAL — REPAIRED G2 OOF,10406,17266,adsorbate,zero_residual_v1,64,0,1,,,,,,1,1
canonical,CANONICAL — REPAIRED G2 OOF,10407,17267,interstitial,zero_residual_v1,64,0,1,,,,,,1,1
canonical,CANONICAL — REPAIRED G2 OOF,10408,17269,adsorbate,zero_residual_v1,64,0,1,,,,,,1,1
canonical,CANONICAL — REPAIRED G2 OOF,10409,17270,adsorbate,zero_residual_v1,64,0,1,,,,,,1,1
canonical,CANONICAL — REPAIRED G2 OOF,10410,17271,interstitial,zero_residual_v1,64,0,1,,,,,,1,1
canonical,CANONICAL — REPAIRED G2 OOF,10411,17275,adsorbate,zero_residual_v1,64,0,1,,,,,,1,1
canonical,CANONICAL — REPAIRED G2 OOF,10412,17276,adsorbate,zero_residual_v1,64,0,1,,,,,,1,1
canonical,CANONICAL — REPAIRED G2 OOF,10413,17277,adsorbate,zero_residual_v1,64,0,1,,,,,,1,1
canonical,CANONICAL — REPAIRED G2 OOF,10414,17278,adsorbate,zero_residual_v1,64,0,1,,,,,,1,1
canonical,CANONICAL — REPAIRED G2 OOF,10416,17281,adsorbate,zero_residual_v1,64,0,1,,,,,,1,1
canonical,CANONICAL — REPAIRED G2 OOF,10417,17282,adsorbate,zero_residual_v1,64,0,1,,,,,,1,1
canonical,CANONICAL — REPAIRED G2 OOF,10418,17284,interstitial,zero_residual_v1,64,0,1,,,,,,1,1
canonical,CANONICAL — REPAIRED G2 OOF,10419,17285,adsorbate,zero_residual_v1,64,0,1,,,,,,1,1
canonical,CANONICAL — REPAIRED G2 OOF,10420,17286,interstitial,zero_residual_v1,64,0,1,,,,,,1,1
canonical,CANONICAL — REPAIRED G2 OOF,10421,17290,adsorbate,zero_residual_v1,64,0,1,,,,,,1,1
canonical,CANONICAL — REPAIRED G2 OOF,10422,17291,adsorbate,zero_residual_v1,64,0,1,,,,,,1,1
canonical,CANONICAL — REPAIRED G2 OOF,10423,17292,interstitial,zero_residual_v1,64,0,1,,,,,,1,1
canonical,CANONICAL — REPAIRED G2 OOF,10424,17293,interstitial,zero_residual_v1,64,0,1,,,,,,1,1
canonical,CANONICAL — REPAIRED G2 OOF,10425,17295,interstitial,zero_residual_v1,64,0,1,,,,,,1,1
canonical,CANONICAL — REPAIRED G2 OOF,10426,17297,adsorbate,zero_residual_v1,64,0,1,,,,,,1,1
canonical,CANONICAL — REPAIRED G2 OOF,10427,17298,interstitial,zero_residual_v1,64,0,1,,,,,,1,1
canonical,CANONICAL — REPAIRED G2 OOF,10428,17301,adsorbate,zero_residual_v1,64,0,1,,,,,,1,1
canonical,CANONICAL — REPAIRED G2 OOF,10429,17305,adsorbate,zero_residual_v1,64,0,1,,,,,,1,1
canonical,CANONICAL — REPAIRED G2 OOF,10430,17307,adsorbate,zero_residual_v1,64,0,1,,,,,,1,1
canonical,CANONICAL — REPAIRED G2 OOF,10431,17308,adsorbate,zero_residual_v1,64,0,1,,,,,,1,1
canonical,CANONICAL — REPAIRED G2 OOF,10432,17309,interstitial,zero_residual_v1,64,0,1,,,,,,1,1
canonical,CANONICAL — REPAIRED G2 OOF,10433,17310,adsorbate,zero_residual_v1,64,0,1,,,,,,1,1
canonical,CANONICAL — REPAIRED G2 OOF,10434,17311,adsorbate,zero_residual_v1,64,0,1,,,,,,1,1
canonical,CANONICAL — REPAIRED G2 OOF,10435,17312,adsorbate,zero_residual_v1,64,0,1,,,,,,1,1
canonical,CANONICAL — REPAIRED G2 OOF,10436,17313,adsorbate,zero_residual_v1,64,0,1,,,,,,1,1
canonical,CANONICAL — REPAIRED G2 OOF,10437,17315,adsorbate,zero_residual_v1,64,0,1,,,,,,1,1
canonical,CANONICAL — REPAIRED G2 OOF,10438,17316,adsorbate,zero_residual_v1,64,0,1,,,,,,1,1
canonical,CANONICAL — REPAIRED G2 OOF,10439,17317,adsorbate,zero_residual_v1,64,0,1,,,,,,1,1
canonical,CANONICAL — REPAIRED G2 OOF,10440,17318,adsorbate,zero_residual_v1,64,0,1,,,,,,1,1
canonical,CANONICAL — REPAIRED G2 OOF,10441,17319,interstitial,zero_residual_v1,64,0,1,,,,,,1,1
canonical,CANONICAL — REPAIRED G2 OOF,10442,17320,adsorbate,zero_residual_v1,64,0,1,,,,,,1,1
canonical,CANONICAL — REPAIRED G2 OOF,10443,17321,adsorbate,zero_residual_v1,64,0,1,,,,,,1,1
canonical,CANONICAL — REPAIRED G2 OOF,10444,17323,interstitial,zero_residual_v1,64,0,1,,,,,,1,1
canonical,CANONICAL — REPAIRED G2 OOF,10445,17324,adsorbate,zero_residual_v1,64,0,1,,,,,,1,1
canonical,CANONICAL — REPAIRED G2 OOF,10446,17325,adsorbate,zero_residual_v1,64,0,1,,,,,,1,1
canonical,CANONICAL — REPAIRED G2 OOF,10447,17326,interstitial,zero_residual_v1,64,0,1,,,,,,1,1
canonical,CANONICAL — REPAIRED G2 OOF,10448,17328,interstitial,zero_residual_v1,64,0,1,,,,,,1,1
canonical,CANONICAL — REPAIRED G2 OOF,10449,17329,adsorbate,zero_residual_v1,64,0,1,,,,,,1,1
canonical,CANONICAL — REPAIRED G2 OOF,10451,17332,adsorbate,zero_residual_v1,64,0,1,,,,,,1,1
canonical,CANONICAL — REPAIRED G2 OOF,10452,17333,adsorbate,zero_residual_v1,64,0,1,,,,,,1,1
canonical,CANONICAL — REPAIRED G2 OOF,10453,17334,interstitial,zero_residual_v1,64,0,1,,,,,,1,1
canonical,CANONICAL — REPAIRED G2 OOF,10454,17335,adsorbate,zero_residual_v1,64,0,1,,,,,,1,1
canonical,CANONICAL — REPAIRED G2 OOF,10455,17336,adsorbate,zero_residual_v1,64,0,1,,,,,,1,1
canonical,CANONICAL — REPAIRED G2 OOF,10456,17338,adsorbate,zero_residual_v1,64,0,1,,,,,,1,1
canonical,CANONICAL — REPAIRED G2 OOF,10457,17339,adsorbate,zero_residual_v1,64,0,1,,,,,,1,1
canonical,CANONICAL — REPAIRED G2 OOF,10458,17341,adsorbate,zero_residual_v1,64,0,1,,,,,,1,1
canonical,CANONICAL — REPAIRED G2 OOF,10459,17342,adsorbate,zero_residual_v1,64,0,1,,,,,,1,1
canonical,CANONICAL — REPAIRED G2 OOF,10460,17343,adsorbate,zero_residual_v1,64,0,1,,,,,,1,1
canonical,CANONICAL — REPAIRED G2 OOF,10461,17344,adsorbate,zero_residual_v1,64,0,1,,,,,,1,1
canonical,CANONICAL — REPAIRED G2 OOF,10462,17345,adsorbate,zero_residual_v1,64,0,1,,,,,,1,1
canonical,CANONICAL — REPAIRED G2 OOF,10463,17346,adsorbate,zero_residual_v1,64,0,1,,,,,,1,1
canonical,CANONICAL — REPAIRED G2 OOF,10464,17347,adsorbate,zero_residual_v1,64,0,1,,,,,,1,1
canonical,CANONICAL — REPAIRED G2 OOF,10465,17348,adsorbate,zero_residual_v1,64,0,1,,,,,,1,1
canonical,CANONICAL — REPAIRED G2 OOF,10466,17349,interstitial,zero_residual_v1,64,0,1,,,,,,1,1
canonical,CANONICAL — REPAIRED G2 OOF,10467,17350,adsorbate,zero_residual_v1,64,0,1,,,,,,1,1
canonical,CANONICAL — REPAIRED G2 OOF,10468,17351,interstitial,zero_residual_v1,64,0,1,,,,,,1,1
canonical,CANONICAL — REPAIRED G2 OOF,10469,17352,adsorbate,zero_residual_v1,64,0,1,,,,,,1,1
canonical,CANONICAL — REPAIRED G2 OOF,10470,17355,interstitial,zero_residual_v1,64,0,1,,,,,,1,1
canonical,CANONICAL — REPAIRED G2 OOF,10471,17356,adsorbate,zero_residual_v1,64,0,1,,,,,,1,1
canonical,CANONICAL — REPAIRED G2 OOF,10472,17357,adsorbate,zero_residual_v1,64,0,1,,,,,,1,1
canonical,CANONICAL — REPAIRED G2 OOF,10473,17358,interstitial,zero_residual_v1,64,0,1,,,,,,1,1
canonical,CANONICAL — REPAIRED G2 OOF,10474,17359,adsorbate,zero_residual_v1,64,0,1,,,,,,1,1
canonical,CANONICAL — REPAIRED G2 OOF,10475,17361,adsorbate,zero_residual_v1,64,0,1,,,,,,1,1
canonical,CANONICAL — REPAIRED G2 OOF,10476,17365,adsorbate,zero_residual_v1,64,0,1,,,,,,1,1
canonical,CANONICAL — REPAIRED G2 OOF,10477,17366,adsorbate,zero_residual_v1,64,0,1,,,,,,1,1
canonical,CANONICAL — REPAIRED G2 OOF,10478,17368,adsorbate,zero_residual_v1,64,0,1,,,,,,1,1
canonical,CANONICAL — REPAIRED G2 OOF,10479,17370,adsorbate,zero_residual_v1,64,0,1,,,,,,1,1
canonical,CANONICAL — REPAIRED G2 OOF,10480,17371,adsorbate,zero_residual_v1,64,0,1,,,,,,1,1
canonical,CANONICAL — REPAIRED G2 OOF,10481,17372,adsorbate,zero_residual_v1,64,0,1,,,,,,1,1
canonical,CANONICAL — REPAIRED G2 OOF,10482,17374,adsorbate,zero_residual_v1,64,0,1,,,,,,1,1
canonical,CANONICAL — REPAIRED G2 OOF,10483,17375,adsorbate,zero_residual_v1,64,0,1,,,,,,1,1
canonical,CANONICAL — REPAIRED G2 OOF,10484,17376,adsorbate,zero_residual_v1,64,0,1,,,,,,1,1
canonical,CANONICAL — REPAIRED G2 OOF,10485,17377,interstitial,zero_residual_v1,64,0,1,,,,,,1,1
canonical,CANONICAL — REPAIRED G2 OOF,10486,17379,adsorbate,zero_residual_v1,64,0,1,,,,,,1,1
canonical,CANONICAL — REPAIRED G2 OOF,10488,17383,interstitial,zero_residual_v1,64,0,1,,,,,,1,1
canonical,CANONICAL — REPAIRED G2 OOF,10489,17384,adsorbate,zero_residual_v1,64,0,1,,,,,,1,1
canonical,CANONICAL — REPAIRED G2 OOF,10490,17386,interstitial,zero_residual_v1,64,0,1,,,,,,1,1
canonical,CANONICAL — REPAIRED G2 OOF,10491,17387,adsorbate,zero_residual_v1,64,0,1,,,,,,1,1
canonical,CANONICAL — REPAIRED G2 OOF,10492,17388,adsorbate,zero_residual_v1,64,0,1,,,,,,1,1
canonical,CANONICAL — REPAIRED G2 OOF,10493,17390,interstitial,zero_residual_v1,64,0,1,,,,,,1,1
canonical,CANONICAL — REPAIRED G2 OOF,10494,17391,adsorbate,zero_residual_v1,64,0,1,,,,,,1,1
canonical,CANONICAL — REPAIRED G2 OOF,10495,17392,interstitial,zero_residual_v1,64,0,1,,,,,,1,1
canonical,CANONICAL — REPAIRED G2 OOF,10496,17393,interstitial,zero_residual_v1,64,0,1,,,,,,1,1
canonical,CANONICAL — REPAIRED G2 OOF,10497,17394,interstitial,zero_residual_v1,64,0,1,,,,,,1,1
canonical,CANONICAL — REPAIRED G2 OOF,10498,17395,adsorbate,zero_residual_v1,64,0,1,,,,,,1,1
canonical,CANONICAL — REPAIRED G2 OOF,10499,17397,adsorbate,zero_residual_v1,64,0,1,,,,,,1,1
canonical,CANONICAL — REPAIRED G2 OOF,10500,17403,interstitial,zero_residual_v1,64,0,1,,,,,,1,1
canonical,CANONICAL — REPAIRED G2 OOF,10501,17404,adsorbate,zero_residual_v1,64,0,1,,,,,,1,1
canonical,CANONICAL — REPAIRED G2 OOF,10502,17405,adsorbate,zero_residual_v1,64,0,1,,,,,,1,1
canonical,CANONICAL — REPAIRED G2 OOF,10503,17406,adsorbate,zero_residual_v1,64,0,1,,,,,,1,1
canonical,CANONICAL — REPAIRED G2 OOF,10504,17408,interstitial,zero_residual_v1,64,0,1,,,,,,1,1
canonical,CANONICAL — REPAIRED G2 OOF,10505,17409,adsorbate,zero_residual_v1,64,0,1,,,,,,1,1
canonical,CANONICAL — REPAIRED G2 OOF,10506,17412,adsorbate,zero_residual_v1,64,0,1,,,,,,1,1
canonical,CANONICAL — REPAIRED G2 OOF,10507,17414,adsorbate,zero_residual_v1,64,0,1,,,,,,1,1
canonical,CANONICAL — REPAIRED G2 OOF,10509,17417,adsorbate,zero_residual_v1,64,0,1,,,,,,1,1
canonical,CANONICAL — REPAIRED G2 OOF,10510,17418,adsorbate,zero_residual_v1,64,0,1,,,,,,1,1
canonical,CANONICAL — REPAIRED G2 OOF,10511,17420,adsorbate,zero_residual_v1,64,0,1,,,,,,1,1
canonical,CANONICAL — REPAIRED G2 OOF,10512,17421,adsorbate,zero_residual_v1,64,0,1,,,,,,1,1
canonical,CANONICAL — REPAIRED G2 OOF,10513,17423,adsorbate,zero_residual_v1,64,0,1,,,,,,1,1
canonical,CANONICAL — REPAIRED G2 OOF,10514,17425,interstitial,zero_residual_v1,64,0,1,,,,,,1,1
canonical,CANONICAL — REPAIRED G2 OOF,10515,17426,adsorbate,zero_residual_v1,64,0,1,,,,,,1,1
canonical,CANONICAL — REPAIRED G2 OOF,10516,17427,adsorbate,zero_residual_v1,64,0,1,,,,,,1,1
canonical,CANONICAL — REPAIRED G2 OOF,10517,17429,interstitial,zero_residual_v1,64,0,1,,,,,,1,1
canonical,CANONICAL — REPAIRED G2 OOF,10518,17430,adsorbate,zero_residual_v1,64,0,1,,,,,,1,1
canonical,CANONICAL — REPAIRED G2 OOF,10519,17431,adsorbate,zero_residual_v1,64,0,1,,,,,,1,1
canonical,CANONICAL — REPAIRED G2 OOF,10520,17434,adsorbate,zero_residual_v1,64,0,1,,,,,,1,1
canonical,CANONICAL — REPAIRED G2 OOF,10521,17435,interstitial,zero_residual_v1,64,0,1,,,,,,1,1
canonical,CANONICAL — REPAIRED G2 OOF,10522,17438,adsorbate,zero_residual_v1,64,0,1,,,,,,1,1
canonical,CANONICAL — REPAIRED G2 OOF,10523,17440,interstitial,zero_residual_v1,64,0,1,,,,,,1,1
canonical,CANONICAL — REPAIRED G2 OOF,10524,17441,adsorbate,zero_residual_v1,64,0,1,,,,,,1,1
canonical,CANONICAL — REPAIRED G2 OOF,10525,17443,adsorbate,zero_residual_v1,64,0,1,,,,,,1,1
canonical,CANONICAL — REPAIRED G2 OOF,10526,17444,adsorbate,zero_residual_v1,64,0,1,,,,,,1,1
canonical,CANONICAL — REPAIRED G2 OOF,10527,17445,adsorbate,zero_residual_v1,64,0,1,,,,,,1,1
canonical,CANONICAL — REPAIRED G2 OOF,10528,17446,adsorbate,zero_residual_v1,64,0,1,,,,,,1,1
canonical,CANONICAL — REPAIRED G2 OOF,10529,17447,adsorbate,zero_residual_v1,64,0,1,,,,,,1,1
canonical,CANONICAL — REPAIRED G2 OOF,10530,17448,adsorbate,zero_residual_v1,64,0,1,,,,,,1,1
canonical,CANONICAL — REPAIRED G2 OOF,10531,17449,interstitial,zero_residual_v1,64,0,1,,,,,,1,1
canonical,CANONICAL — REPAIRED G2 OOF,10532,17450,interstitial,zero_residual_v1,64,0,1,,,,,,1,1
canonical,CANONICAL — REPAIRED G2 OOF,10533,17451,interstitial,zero_residual_v1,64,0,1,,,,,,1,1
canonical,CANONICAL — REPAIRED G2 OOF,10534,17452,adsorbate,zero_residual_v1,64,0,1,,,,,,1,1
canonical,CANONICAL — REPAIRED G2 OOF,10535,17453,adsorbate,zero_residual_v1,64,0,1,,,,,,1,1
canonical,CANONICAL — REPAIRED G2 OOF,10536,17454,interstitial,zero_residual_v1,64,0,1,,,,,,1,1
canonical,CANONICAL — REPAIRED G2 OOF,10537,17455,adsorbate,zero_residual_v1,64,0,1,,,,,,1,1
canonical,CANONICAL — REPAIRED G2 OOF,10538,17457,interstitial,zero_residual_v1,64,0,1,,,,,,1,1
canonical,CANONICAL — REPAIRED G2 OOF,10539,17460,adsorbate,zero_residual_v1,64,0,1,,,,,,1,1
canonical,CANONICAL — REPAIRED G2 OOF,10540,17461,adsorbate,zero_residual_v1,64,0,1,,,,,,1,1
canonical,CANONICAL — REPAIRED G2 OOF,10541,17463,adsorbate,zero_residual_v1,64,0,1,,,,,,1,1
canonical,CANONICAL — REPAIRED G2 OOF,10542,17464,interstitial,zero_residual_v1,64,0,1,,,,,,1,1
canonical,CANONICAL — REPAIRED G2 OOF,10543,17465,adsorbate,zero_residual_v1,64,0,1,,,,,,1,1
canonical,CANONICAL — REPAIRED G2 OOF,10544,17466,interstitial,zero_residual_v1,64,0,1,,,,,,1,1
canonical,CANONICAL — REPAIRED G2 OOF,10545,17467,adsorbate,zero_residual_v1,64,0,1,,,,,,1,1
canonical,CANONICAL — REPAIRED G2 OOF,10546,17468,adsorbate,zero_residual_v1,64,0,1,,,,,,1,1
canonical,CANONICAL — REPAIRED G2 OOF,10547,17469,adsorbate,zero_residual_v1,64,0,1,,,,,,1,1
canonical,CANONICAL — REPAIRED G2 OOF,10548,17470,adsorbate,zero_residual_v1,64,0,1,,,,,,1,1
canonical,CANONICAL — REPAIRED G2 OOF,10549,17471,interstitial,zero_residual_v1,64,0,1,,,,,,1,1
canonical,CANONICAL — REPAIRED G2 OOF,10550,17472,adsorbate,zero_residual_v1,64,0,1,,,,,,1,1
canonical,CANONICAL — REPAIRED G2 OOF,10551,17473,interstitial,zero_residual_v1,64,0,1,,,,,,1,1
canonical,CANONICAL — REPAIRED G2 OOF,10552,17475,adsorbate,zero_residual_v1,64,0,1,,,,,,1,1
canonical,CANONICAL — REPAIRED G2 OOF,10553,17478,interstitial,zero_residual_v1,64,0,1,,,,,,1,1
canonical,CANONICAL — REPAIRED G2 OOF,10554,17479,adsorbate,zero_residual_v1,64,0,1,,,,,,1,1
canonical,CANONICAL — REPAIRED G2 OOF,10555,17480,interstitial,zero_residual_v1,64,0,1,,,,,,1,1
canonical,CANONICAL — REPAIRED G2 OOF,10556,17481,adsorbate,zero_residual_v1,64,0,1,,,,,,1,1
canonical,CANONICAL — REPAIRED G2 OOF,10557,17482,interstitial,zero_residual_v1,64,0,1,,,,,,1,1
canonical,CANONICAL — REPAIRED G2 OOF,10558,17483,interstitial,zero_residual_v1,64,0,1,,,,,,1,1
canonical,CANONICAL — REPAIRED G2 OOF,10559,17484,adsorbate,zero_residual_v1,64,0,1,,,,,,1,1
canonical,CANONICAL — REPAIRED G2 OOF,10560,17487,adsorbate,zero_residual_v1,64,0,1,,,,,,1,1
canonical,CANONICAL — REPAIRED G2 OOF,10561,17489,adsorbate,zero_residual_v1,64,0,1,,,,,,1,1
canonical,CANONICAL — REPAIRED G2 OOF,10562,17490,interstitial,zero_residual_v1,64,0,1,,,,,,1,1
canonical,CANONICAL — REPAIRED G2 OOF,10563,17492,adsorbate,zero_residual_v1,64,0,1,,,,,,1,1
canonical,CANONICAL — REPAIRED G2 OOF,10564,17493,adsorbate,zero_residual_v1,64,0,1,,,,,,1,1
canonical,CANONICAL — REPAIRED G2 OOF,10565,17494,adsorbate,zero_residual_v1,64,0,1,,,,,,1,1
canonical,CANONICAL — REPAIRED G2 OOF,10566,17495,adsorbate,zero_residual_v1,64,0,1,,,,,,1,1
canonical,CANONICAL — REPAIRED G2 OOF,10567,17499,adsorbate,zero_residual_v1,64,0,1,,,,,,1,1
canonical,CANONICAL — REPAIRED G2 OOF,10568,17500,interstitial,zero_residual_v1,64,0,1,,,,,,1,1
canonical,CANONICAL — REPAIRED G2 OOF,10569,17501,adsorbate,zero_residual_v1,64,0,1,,,,,,1,1
canonical,CANONICAL — REPAIRED G2 OOF,10570,17502,adsorbate,zero_residual_v1,64,0,1,,,,,,1,1
canonical,CANONICAL — REPAIRED G2 OOF,10571,17503,interstitial,zero_residual_v1,64,0,1,,,,,,1,1
canonical,CANONICAL — REPAIRED G2 OOF,10572,17505,adsorbate,zero_residual_v1,64,0,1,,,,,,1,1
canonical,CANONICAL — REPAIRED G2 OOF,10573,17506,interstitial,zero_residual_v1,64,0,1,,,,,,1,1
canonical,CANONICAL — REPAIRED G2 OOF,10574,17507,adsorbate,zero_residual_v1,64,0,1,,,,,,1,1
canonical,CANONICAL — REPAIRED G2 OOF,10575,17508,interstitial,zero_residual_v1,64,0,1,,,,,,1,1
canonical,CANONICAL — REPAIRED G2 OOF,10576,17510,adsorbate,zero_residual_v1,64,0,1,,,,,,1,1
canonical,CANONICAL — REPAIRED G2 OOF,10577,17511,interstitial,zero_residual_v1,64,0,1,,,,,,1,1
canonical,CANONICAL — REPAIRED G2 OOF,10579,17513,adsorbate,zero_residual_v1,64,0,1,,,,,,1,1
canonical,CANONICAL — REPAIRED G2 OOF,10580,17514,interstitial,zero_residual_v1,64,0,1,,,,,,1,1
canonical,CANONICAL — REPAIRED G2 OOF,10581,17515,adsorbate,zero_residual_v1,64,0,1,,,,,,1,1
canonical,CANONICAL — REPAIRED G2 OOF,10582,17516,adsorbate,zero_residual_v1,64,0,1,,,,,,1,1
canonical,CANONICAL — REPAIRED G2 OOF,10583,17518,interstitial,zero_residual_v1,64,0,1,,,,,,1,1
canonical,CANONICAL — REPAIRED G2 OOF,10584,17519,adsorbate,zero_residual_v1,64,0,1,,,,,,1,1
canonical,CANONICAL — REPAIRED G2 OOF,10585,17520,adsorbate,zero_residual_v1,64,0,1,,,,,,1,1
canonical,CANONICAL — REPAIRED G2 OOF,10586,17521,adsorbate,zero_residual_v1,64,0,1,,,,,,1,1
canonical,CANONICAL — REPAIRED G2 OOF,10587,17522,adsorbate,zero_residual_v1,64,0,1,,,,,,1,1
canonical,CANONICAL — REPAIRED G2 OOF,10588,17523,adsorbate,zero_residual_v1,64,0,1,,,,,,1,1
canonical,CANONICAL — REPAIRED G2 OOF,10589,17526,interstitial,zero_residual_v1,64,0,1,,,,,,1,1
canonical,CANONICAL — REPAIRED G2 OOF,10590,17527,adsorbate,zero_residual_v1,64,0,1,,,,,,1,1
canonical,CANONICAL — REPAIRED G2 OOF,10592,17531,interstitial,zero_residual_v1,64,0,1,,,,,,1,1
canonical,CANONICAL — REPAIRED G2 OOF,10593,17532,adsorbate,zero_residual_v1,64,0,1,,,,,,1,1
canonical,CANONICAL — REPAIRED G2 OOF,10594,17533,adsorbate,zero_residual_v1,64,0,1,,,,,,1,1
canonical,CANONICAL — REPAIRED G2 OOF,10595,17535,adsorbate,zero_residual_v1,64,0,1,,,,,,1,1
canonical,CANONICAL — REPAIRED G2 OOF,10596,17536,interstitial,zero_residual_v1,64,0,1,,,,,,1,1
canonical,CANONICAL — REPAIRED G2 OOF,10597,17537,adsorbate,zero_residual_v1,64,0,1,,,,,,1,1
canonical,CANONICAL — REPAIRED G2 OOF,10598,17539,interstitial,zero_residual_v1,64,0,1,,,,,,1,1
canonical,CANONICAL — REPAIRED G2 OOF,10599,17540,adsorbate,zero_residual_v1,64,0,1,,,,,,1,1
canonical,CANONICAL — REPAIRED G2 OOF,10600,17542,interstitial,zero_residual_v1,64,0,1,,,,,,1,1
canonical,CANONICAL — REPAIRED G2 OOF,10601,17544,adsorbate,zero_residual_v1,64,0,1,,,,,,1,1
canonical,CANONICAL — REPAIRED G2 OOF,10602,17545,interstitial,zero_residual_v1,64,0,1,,,,,,1,1
canonical,CANONICAL — REPAIRED G2 OOF,10603,17546,adsorbate,zero_residual_v1,64,0,1,,,,,,1,1
canonical,CANONICAL — REPAIRED G2 OOF,10604,17548,adsorbate,zero_residual_v1,64,0,1,,,,,,1,1
canonical,CANONICAL — REPAIRED G2 OOF,10605,17550,interstitial,zero_residual_v1,64,0,1,,,,,,1,1
canonical,CANONICAL — REPAIRED G2 OOF,10606,17551,adsorbate,zero_residual_v1,64,0,1,,,,,,1,1
canonical,CANONICAL — REPAIRED G2 OOF,10607,17552,adsorbate,zero_residual_v1,64,0,1,,,,,,1,1
canonical,CANONICAL — REPAIRED G2 OOF,10608,17553,interstitial,zero_residual_v1,64,0,1,,,,,,1,1
canonical,CANONICAL — REPAIRED G2 OOF,10609,17554,adsorbate,zero_residual_v1,64,0,1,,,,,,1,1
canonical,CANONICAL — REPAIRED G2 OOF,10610,17555,interstitial,zero_residual_v1,64,0,1,,,,,,1,1
canonical,CANONICAL — REPAIRED G2 OOF,10611,17556,adsorbate,zero_residual_v1,64,0,1,,,,,,1,1
canonical,CANONICAL — REPAIRED G2 OOF,10612,17557,interstitial,zero_residual_v1,64,0,1,,,,,,1,1
canonical,CANONICAL — REPAIRED G2 OOF,10613,17559,adsorbate,zero_residual_v1,64,0,1,,,,,,1,1
canonical,CANONICAL — REPAIRED G2 OOF,10614,17560,adsorbate,zero_residual_v1,64,0,1,,,,,,1,1
canonical,CANONICAL — REPAIRED G2 OOF,10615,17561,adsorbate,zero_residual_v1,64,0,1,,,,,,1,1
canonical,CANONICAL — REPAIRED G2 OOF,10616,17562,adsorbate,zero_residual_v1,64,0,1,,,,,,1,1
canonical,CANONICAL — REPAIRED G2 OOF,10617,17563,adsorbate,zero_residual_v1,64,0,1,,,,,,1,1
canonical,CANONICAL — REPAIRED G2 OOF,10618,17564,adsorbate,zero_residual_v1,64,0,1,,,,,,1,1
canonical,CANONICAL — REPAIRED G2 OOF,10619,17566,interstitial,zero_residual_v1,64,0,1,,,,,,1,1
canonical,CANONICAL — REPAIRED G2 OOF,10620,17568,interstitial,zero_residual_v1,64,0,1,,,,,,1,1
canonical,CANONICAL — REPAIRED G2 OOF,10621,17569,adsorbate,zero_residual_v1,64,0,1,,,,,,1,1
canonical,CANONICAL — REPAIRED G2 OOF,10622,17571,adsorbate,zero_residual_v1,64,0,1,,,,,,1,1
canonical,CANONICAL — REPAIRED G2 OOF,10623,17573,adsorbate,zero_residual_v1,64,1,1,,,,local_abs_covalent_radius_mismatch_A|local_abs_electronegativity_contrast|local_abs_valence_mismatch|local_signed_covalent_radius_mismatch_A|local_signed_electronegativity_mismatch|local_signed_valence_mismatch|neighbor_distance_std_A|postrelaxation_min_clearance_A,,1,1
canonical,CANONICAL — REPAIRED G2 OOF,10624,17574,adsorbate,zero_residual_v1,64,0,1,,,,,,1,1
canonical,CANONICAL — REPAIRED G2 OOF,10625,17575,interstitial,zero_residual_v1,64,0,1,,,,,,1,1
canonical,CANONICAL — REPAIRED G2 OOF,10626,17576,adsorbate,zero_residual_v1,64,0,1,,,,,,1,1
canonical,CANONICAL — REPAIRED G2 OOF,10627,17577,adsorbate,zero_residual_v1,64,0,1,,,,,,1,1
canonical,CANONICAL — REPAIRED G2 OOF,10628,17578,adsorbate,zero_residual_v1,64,0,1,,,,,,1,1
canonical,CANONICAL — REPAIRED G2 OOF,10629,17579,interstitial,zero_residual_v1,64,0,1,,,,,,1,1
canonical,CANONICAL — REPAIRED G2 OOF,10630,17580,adsorbate,zero_residual_v1,64,0,1,,,,,,1,1
canonical,CANONICAL — REPAIRED G2 OOF,10631,17583,adsorbate,zero_residual_v1,64,0,1,,,,,,1,1
canonical,CANONICAL — REPAIRED G2 OOF,10632,17584,adsorbate,zero_residual_v1,64,0,1,,,,,,1,1
canonical,CANONICAL — REPAIRED G2 OOF,10633,17586,adsorbate,zero_residual_v1,64,0,1,,,,,,1,1
canonical,CANONICAL — REPAIRED G2 OOF,10634,17589,adsorbate,zero_residual_v1,64,0,1,,,,,,1,1
canonical,CANONICAL — REPAIRED G2 OOF,10635,17590,interstitial,zero_residual_v1,64,0,1,,,,,,1,1
canonical,CANONICAL — REPAIRED G2 OOF,10636,17592,adsorbate,zero_residual_v1,64,0,1,,,,,,1,1
canonical,CANONICAL — REPAIRED G2 OOF,10637,17595,adsorbate,zero_residual_v1,64,0,1,,,,,,1,1
canonical,CANONICAL — REPAIRED G2 OOF,10638,17596,adsorbate,zero_residual_v1,64,0,1,,,,,,1,1
canonical,CANONICAL — REPAIRED G2 OOF,10639,17597,interstitial,zero_residual_v1,64,0,1,,,,,,1,1
canonical,CANONICAL — REPAIRED G2 OOF,10640,17598,adsorbate,zero_residual_v1,64,0,1,,,,,,1,1
