sample_index,host,host_fold,natoms,target_eV,residual_schnet_add_eV,residual_schnet_mean_eV,residual_dart_repaired_eV
0,SnS2,0,28,4.801365439999993,2.0061051995467185,0.28661443302144995,-0.7743413298417092
1,WS2,4,49,2.0896895974999854,1.5387840817246645,3.401810382790745,-0.07746138673287506
2,MoS2,2,49,6.043423804999988,-1.8699554536358525,-2.551031821331979,-0.08370700812498821
4,WTe2,1,28,3.2260638650000035,0.6534672006229618,-0.3752337868750035,-1.6459955151617467
5,MoSe2,4,49,4.2163123349999685,0.14071630829023363,-0.6025465389743743,0.01389192932294847
6,WTe2,1,28,4.2114044050000015,-0.5686483402671318,-1.25592327312846,-1.2570828616243506
7,MoS2,2,49,1.0672336199999883,1.0548577528078324,2.4235805095115266,-0.09270196945677545
8,MoTe2,2,28,4.308469094999996,1.4177734472668497,-1.5072427969856732,0.06641185465617294
9,WTe2,1,28,0.1673702150000045,2.6807337850915482,2.7083287488010614,0.9239575714456132
10,SnS2,0,28,1.8610952650000008,5.094661558221842,2.7058847790470373,0.5122083868096916
11,MoTe2,2,28,2.8542523049999966,2.857453220716149,-0.03804728028075832,0.00810483458740574
12,MoSe2,4,49,0.8601984549999802,0.7228374511559239,0.8900522023995152,-0.008501407448507137
13,MoS2,2,49,2.3606605324999785,0.5941695179684663,1.135701835765809,-0.1048184031105337
14,NbS2,3,28,1.1171428375000083,2.8618929373667314,1.3382712987508056,1.4657105592335937
15,SnS2,0,28,3.1086509999999947,4.704427244527186,3.8609307629496312,0.6472942851613417
16,MoSe2,4,49,0.7582789600000082,0.26797068714049477,0.8767467796697916,-0.0213100453322429
17,WTe2,1,28,4.030844462500008,1.312729187224316,-1.173752717759204,-0.5714453981180907
18,SnS2,0,28,3.5400331999999946,4.49062901872966,3.0194464339670875,0.8767858956115777
19,MoSe2,4,49,5.438562150000001,-0.8476307344421397,-1.4163257233286553,-0.10131398359782029
20,NbS2,3,28,-0.0135642337499999,3.3022250381806435,2.4830794381796264,0.6507076867122396
21,NbSe2,2,28,8.288310070000014,-1.4767696253080382,-6.104784666659356,-1.5667681884387346
22,WS2,4,49,3.6064450574999833,1.4063380725099854,1.9931240247601485,-0.15452486605304339
23,WTe2,1,28,2.246647777500017,1.589790242570377,0.6120328681247793,-0.37624786530163257
24,SnS2,0,28,4.951312599999996,1.719513358251957,1.0745523190266963,-1.0860837881001753
25,WSe2,3,49,2.7886018849999976,2.3804339470872016,-0.20065984105977153,-0.36680333789102937
26,WS2,4,49,9.3448726,-1.2842103304077153,-0.9503675760437016,-0.6555990836629242
27,SnS2,0,28,-0.6758496400000087,4.422688964633289,4.460771365591032,0.5777200496476323
28,NbSe2,2,28,3.412059169999996,2.1884021540559933,-1.19675797421956,0.6601950109082071
29,MoS2,2,49,5.810359127499978,-1.1926043502274357,-2.3624028833491804,0.2712998716251853
30,WTe2,1,28,2.402356442500007,0.9547831449023367,0.4668914708605887,-0.7321021722643095
31,MoTe2,2,28,2.71409145500002,1.9860802540606488,0.08598852648598232,0.09464804822467077
32,SnS2,0,28,10.86908782,5.5966472975944015,-0.28422447517171356,-0.2673037496671551
33,MoS2,2,49,1.2367338433333317,1.7737768397263607,2.2520895705155453,0.05865406051595223
34,NbSe2,2,28,0.972651794999992,3.5003829047579016,1.208770120690112,1.1523706958193034
35,WSe2,3,49,0.0902796099999545,3.581704108872116,2.482240328151087,-0.6442476422010858
36,WS2,4,49,1.1988745550000317,1.560862221351897,4.686791974337534,0.0939012746330452
37,WS2,4,49,9.053654394999992,-2.3041350468554604,-0.37786893293842816,-1.6461855992236245
38,WSe2,3,49,2.8716773149999915,2.172390187021798,-0.31835229770669704,-0.32162419534056763
39,MoS2,2,49,19.56350179499996,-11.204536398118858,-16.223025997346763,-3.5208963949145122
40,WSe2,3,49,3.6584432949999535,1.6945468554517067,-1.082258545396682,-0.312953157263951
41,MoSe2,4,49,1.8031626149999889,0.9436311319482533,0.9581850762180693,0.07308657914521377
42,WTe2,1,28,0.6249471450000132,2.813592042113431,2.1905481076092395,-0.3065504972288137
43,MoSe2,4,49,1.2766474249999762,0.37259608874310657,0.6869330641586542,-0.12534357736915758
44,NbS2,3,28,12.194066054999984,-3.7500273459952638,-9.129239089667953,-0.9498561296663262
45,WTe2,1,28,5.783479289999994,-3.7867050933752378,-2.8203277556015967,0.8184433810001694
46,SnS2,0,28,2.1821784350000004,4.8820267346777335,3.853942297625325,0.9440069027024327
47,WTe2,1,28,3.27616716750002,1.69378756158018,-0.417510602151713,0.05996051105324307
48,MoSe2,4,49,0.3363265950000027,0.8720754028841118,1.5490777136369804,-0.02673712954081492
49,MoS2,2,49,2.9091969849999737,0.3763203102016459,0.5887085077826191,0.09592917339642915
50,SnS2,0,28,-0.2609889550000028,4.573397879102786,4.366818074682315,0.3334136846651232
51,WSe2,3,49,3.636123819999967,1.6173881651430584,-1.0951526203285398,-0.6652616698077063
52,MoTe2,2,28,5.207470777500017,0.36459982110227784,-2.394750240314348,-0.07183476574057668
53,WS2,4,49,7.260247569999995,1.587665854173995,1.2312894446433553,0.1783710899731492
54,MoS2,2,49,2.222274750000002,0.6770273749771096,1.2674201632283508,-0.165719359642031
55,WSe2,3,49,7.100990239999982,-0.6373807035111314,-4.5209970714870025,-0.3763274592382633
56,NbS2,3,28,2.936797249999996,1.7201401107635537,-0.29008661576842876,0.2551595879720092
57,MoSe2,4,49,3.0147438349999964,0.1668165224117062,-0.04139505850056624,-0.052252640592851396
58,MoS2,2,49,5.0787617250000014,1.077966701615396,-1.689053682855226,0.18155560059203957
59,MoSe2,4,49,10.278102334999993,-2.524676418964023,-4.6333522167443775,-0.11856343017414694
61,MoS2,2,49,5.214342887500006,-1.63860783507335,-1.727870916623948,0.10873765220336296
62,NbSe2,2,28,2.242971852499985,2.680682942193008,-0.07296629257872045,0.7747062493575183
63,WTe2,1,28,2.62815827,1.4543018950238036,0.2367970757895912,-0.4146861420855714
64,NbS2,3,28,1.2398027749999858,2.5538469779347883,1.2328587996816143,0.2574445235585672
65,SnS2,0,28,2.402539244999998,3.1284926814729834,1.918877927749839,-0.7488496618573997
66,MoTe2,2,28,2.4370977500000075,3.108377415049228,0.3853121977132088,-0.051304620396939615
68,SnS2,0,28,3.795815975000002,2.8382337584798156,1.5009438688262922,0.7993125612243634
69,NbSe2,2,28,2.356604745000002,2.5584518015291318,-0.23194989562968127,1.2338526149497455
70,WSe2,3,49,4.086142862499978,1.5702336582926657,-1.4972089972706892,-0.7519868261230247
71,WSe2,3,49,0.5225081199999648,3.703620140294632,2.048252289037307,-0.0953035110827285
72,NbSe2,2,28,6.3680150675000124,-1.5861683852693806,-4.165911611638602,-1.4439551996411257
73,MoS2,2,49,2.490334964999992,-0.33718218128824073,0.9808125722314531,-0.08411595941527539
74,WTe2,1,28,5.13243010000002,-1.0660441950521031,-2.2464980518381954,-1.1284411187530718
75,WS2,4,49,0.1534876450000118,2.414135970264881,3.64997875451069,0.039370733092436105
76,NbS2,3,28,-1.1004992150000172,4.181634607189043,3.5459321163824633,1.0944402041764496
77,NbSe2,2,28,0.2938508299999988,3.7355117690549737,1.8646852068092867,0.4063444427635714
78,WTe2,1,28,0.4730589200000008,1.1090592733085116,2.36024318049947,-0.7367495505948902
79,NbS2,3,28,4.827682627500009,0.4225990243147697,-2.4037150276312342,0.551268763084301
80,SnS2,0,28,1.0807765724999991,4.30584696901408,4.146663864181113,0.6996093190964772
81,WTe2,1,28,2.8578394200000115,2.91916418616047,0.07688514932066726,0.9604438994732551
82,SnS2,0,28,3.3790169266666705,0.7754868161871302,0.8290964257910121,-1.3820585914259886
83,WSe2,3,49,5.809584204999991,0.7403020216540614,-3.219707632708935,-0.15636800194619926
84,NbS2,3,28,12.233388667500009,-4.7927838218172285,-9.648412153319507,1.4123836306770752
85,WTe2,1,28,5.843084120000019,-1.0898517203774194,-2.979978743438536,-0.48316218777956
86,WTe2,1,28,6.184643537500008,-5.670394689538583,-3.245090515115365,-1.5635056005900152
87,NbSe2,2,28,1.526397115000008,2.613412334513745,0.6607596417189456,0.35417281984496274
88,WSe2,3,49,6.346788674999986,0.48407273450522226,-3.757651279777004,0.033167411476657804
89,MoTe2,2,28,6.391212180000019,-0.11492859794842403,-3.58307722681907,0.2602443349942849
90,SnS2,0,28,4.0132046950000015,2.5880305357637514,0.7286414690675844,0.17885990816975728
91,WSe2,3,49,3.167068167499993,1.7419335007942776,-0.557915770980014,-0.6909486492199637
92,NbS2,3,28,1.8491570224999887,2.5782818724076453,0.6085145403306182,1.0362144241095084
94,WTe2,1,28,0.9901200300000004,1.7744292253710934,1.862333201811523,-1.3043236896934005
95,SnS2,0,28,3.1118122849999974,4.1027903443436715,3.3122279530625436,0.8223692462703478
96,WSe2,3,49,1.05399413999995,3.672445177067514,1.5215452899825535,-0.07303607560277381
97,MoSe2,4,49,6.795558159999981,-1.283682689520652,-3.1435256257185684,0.7001785979142445
98,NbSe2,2,28,9.927473284999996,-4.812059778174231,-7.691281058590084,-1.6317450783654746
99,WS2,4,49,3.627657044999987,1.8107343225944144,2.009520740237643,0.18176783216676107
100,NbS2,3,28,-0.8984218375000035,3.5697710450602247,3.52635239920146,-0.1460568173614467
101,NbSe2,2,28,3.1440042200000065,1.615426029532057,-1.013392005593675,-0.36321007632324864
102,NbSe2,2,28,2.4271687075,2.4939268226920577,-0.33006185337910976,1.6387812093395997
103,WSe2,3,49,2.416406512499962,2.7540699241150284,0.16527903056034088,-0.10361023767899846
104,MoSe2,4,49,3.765279614999972,0.19384455276024148,-0.6323297858984094,-0.15579255826779415
105,NbSe2,2,28,8.332362534999996,-3.4962878648441533,-6.133067014217525,-1.0444498483341436
106,MoS2,2,49,3.8190795849999577,-0.2137631844720036,-0.4215458503604719,-0.29345197193233075
107,MoSe2,4,49,13.515392024999992,-5.701625863399243,-7.798102656688427,-2.6917041537027906
108,MoS2,2,49,2.4309449949999538,0.29237723756433676,1.0462355654299373,0.08885678061446667
110,NbSe2,2,28,-0.7440425650000044,4.268512099556075,2.9118725553869673,0.834234326652633
111,NbS2,3,28,-0.0806888099999959,3.438742971071773,2.5347851272912556,0.7919867194187378
112,MoS2,2,49,3.143041044999988,-0.08820600363595377,0.3408278718294393,0.25475924161093344
113,WSe2,3,49,2.17519561499995,2.3232048347528576,0.4086488082941173,0.18232846209762466
114,WS2,4,49,14.677700240000007,-4.146736342294929,-6.242805201395271,-1.327228107635099
115,MoS2,2,49,2.71680445499998,0.2222100195509027,0.7752428548755081,0.010213186067524749
116,SnS2,0,28,0.1968064249999948,6.053184515093999,5.181680844083664,1.62195238059286
117,WSe2,3,49,1.9841059937499752,2.5451611186640672,0.5890698339121747,-0.537347286385575
118,SnS2,0,28,2.9369652449999952,2.8443842550203495,2.36709982356283,-1.1751765588834588
119,WS2,4,49,13.032978510000008,-2.019576206940112,-3.6226952623702076,-1.2670842559513424
120,MoSe2,4,49,6.175869699999971,-0.4460928407165241,-2.1518587238443727,0.6752165986247034
121,WSe2,3,49,2.9048049649999617,2.375875929851723,-0.31288339708309154,-0.03746090346635178
122,SnS2,0,28,-1.222869020000004,4.774430415327254,4.676912448103133,0.7177185429085328
123,NbS2,3,28,12.08187556,-5.7659807973250325,-9.56395268173462,1.5525082773819978
124,WTe2,1,28,4.500697865000005,-0.6376362779842171,-1.6417342165218147,-1.2913605510300745
125,MoSe2,4,49,-0.0102256300000067,-0.043320242370395314,1.2315524580029364,-0.24470876038593892
127,MoTe2,2,28,1.0581960025000037,3.1104208089344247,1.771968509498491,-0.18569534446472535
128,WSe2,3,49,4.630730829999953,1.1835043804187482,-2.052530728147536,0.20117103818445425
129,MoS2,2,49,6.345291480000008,-2.51594800211508,-2.876534406915495,0.0907436762499918
130,NbSe2,2,28,0.3082699749999889,4.061000747071341,1.8714792754119984,1.097321949985261
131,WSe2,3,49,2.1529434799999816,3.012490959977028,0.427183043971576,0.033472669139422706
132,MoS2,2,49,-0.4696768675000351,2.2754987630994004,3.9696942720563095,0.08774373469262137
133,SnS2,0,28,-2.1607199450000047,4.534843200411789,5.244481080737106,0.14180135127543592
135,SnS2,0,28,1.1682383250000044,5.608808991233313,3.016148484666947,1.2542858490544595
136,MoS2,2,49,-3.1704174,5.956939271884664,6.662121466594442,4.579678706126912
137,MoSe2,4,49,2.38920599250001,0.24952342085041312,-0.03706552612783831,-0.10518485335511274
138,WS2,4,49,3.6608267800000327,0.7069407924029214,1.5370674753201987,-0.1894820706036704
139,WS2,4,49,8.961640050000009,-0.5180651446045008,-1.128678649650074,-1.5176070630411873
140,WSe2,3,49,3.2983030849999904,1.5356458053681536,-0.7284624153680324,-0.3936518405185856
141,NbS2,3,28,0.3068925050000093,3.7144798927406724,2.1617198480069892,1.627676933298534
142,MoS2,2,49,0.6775253199999964,1.4562191184892819,2.8074180698925817,-0.043752628909094704
143,MoTe2,2,28,1.5830608600000016,3.268965364136351,1.1921308444321679,0.0033629344285059926
144,MoTe2,2,28,1.4769425750000211,3.2251550793426302,1.3194197455820507,-1.2627820531748666
145,WTe2,1,28,6.984483815000013,-0.8030199376399869,-4.058847205604668,-1.2982642817155083
146,NbSe2,2,28,1.8825928699999928,2.3654401767224194,0.2302411067456127,1.0896614857485019
147,MoTe2,2,28,2.764189995000001,2.32392331295288,0.040485345652464755,-0.022613959182536725
148,MoS2,2,49,6.695114195,-2.937134881467489,-3.2027485963214115,-1.1344751314827475
149,MoSe2,4,49,2.5794036099999724,0.17967640263939133,-0.0024836569716115697,0.030563462804796604
150,WTe2,1,28,3.5189883450000057,0.9088525236319933,-0.6161308824349017,-0.7380995491473445
151,WS2,4,49,-0.326777524999977,1.465124594422381,3.758707987519305,-0.10536981895347353
152,MoSe2,4,49,1.0695250099999705,0.8423259987331431,1.2463209166027112,-0.05240127107530812
153,SnS2,0,28,-0.409124702499998,7.277148892766925,7.514183690435382,4.793224185989988
154,NbS2,3,28,6.0477624000000025,0.45596138031412536,-3.546777016012576,0.7222746152791313
155,NbSe2,2,28,-0.0017029837499902,3.9785386319687808,2.161761958969717,0.5690445498358057
156,MoTe2,2,28,2.96544800500002,2.598313547174866,-0.14249017139202813,0.04255602459185859
157,MoTe2,2,28,9.419899415000003,-3.5767693033056673,-6.662232270860395,0.6508981873356081
158,MoSe2,4,49,5.0327355049999625,-0.026565232172814035,-1.574162560994632,0.5023992873279184
159,WTe2,1,28,3.7963813450000177,1.2878390643932929,-0.8716885552864762,-0.12873231431459287
160,SnS2,0,28,5.2025992625000015,2.2133464263834624,-0.09709141185302883,-1.0841096791666684
161,NbS2,3,28,13.205266615000006,-6.373612066354987,-10.588828146702683,0.6371488767399018
162,NbS2,3,28,0.8235874499999962,3.2367282384511347,1.6528906100865721,0.5016655597961464
163,WSe2,3,49,3.3601567949999835,1.5934945537498133,-0.8075327283292477,-1.223005156333195
164,MoS2,2,49,2.17859534499999,0.43317695381287624,1.3213278047446795,0.09087558509949734
165,MoS2,2,49,0.9463262075000054,0.9641167011049343,2.5290389543957463,0.029339282332554784
166,MoTe2,2,28,2.2272179950000046,2.9031770995536252,0.5924348007916214,-0.18361552841675266
167,NbSe2,2,28,9.045820962499995,-2.046609174322505,-6.88665057332458,0.32322302350260834
168,NbS2,3,28,1.2756676850000055,2.8555914384842884,1.1876120391210883,0.8910473806382186
169,WSe2,3,49,12.036410239999984,-3.6807259596044766,-9.36054252352863,-5.606505938038722
170,WS2,4,49,0.0192272400000055,2.5105391606551053,3.9041980370741727,0.1165300473433376
171,SnS2,0,28,-2.2725844625000047,4.926743134196986,5.987847948408513,0.6841910127166795
172,NbS2,3,28,15.027032394999996,-7.261950035686031,-12.411477267538244,-0.44225233772867334
173,SnS2,0,28,-1.102022974999997,5.381054649067177,5.517348378213498,1.4807132972401906
174,WSe2,3,49,4.175078439999977,1.3410849091516344,-1.6219478133215102,-1.0492274446183036
175,NbS2,3,28,1.4705787650000068,2.7370921620477224,1.0232055036970962,0.7185723233967012
176,MoSe2,4,49,0.7064835599999831,0.4735274740118577,1.1031186608531867,-0.056706584686160744
177,NbSe2,2,28,-1.4022194249999984,5.437575708187865,3.55069101885681,0.269463271257526
178,WTe2,1,28,4.67295983,-0.045688495669758744,-1.6969328976015219,0.780526612565918
179,NbSe2,2,28,4.804132492500003,0.011855571312253232,-2.6440278203859484,-0.6730928730542018
180,MoSe2,4,49,-0.1529433375000133,-0.6370590880116648,1.2116293554901256,-0.027058239241523174
181,NbSe2,2,28,5.972200855000009,-1.0999021375012301,-3.79541641909201,-0.7043952786755465
182,NbSe2,2,28,1.966790214999992,2.1776463828241046,0.15470264770142395,0.5161714396630939
183,NbSe2,2,28,0.3277619175000001,4.100807081472575,1.8587041405952962,0.8848665662722777
184,WS2,4,49,1.0373691275000014,1.3939930643360376,2.8589066312432845,-0.1316573574423232
185,MoTe2,2,28,0.4154902162499954,4.338061425850022,2.3849521614762415,0.0822217601192266
186,SnS2,0,28,0.0458825399999929,3.756961984383552,4.016976796535143,0.1897720525140452
187,WTe2,1,28,5.103539404999999,-3.0415979402579745,-2.141939419241536,-2.2451364375469964
188,WSe2,3,49,7.549666199999981,-0.6862636744160779,-4.964491957344546,-0.3571679929076961
189,WS2,4,49,2.0898890974999933,1.6405343529699774,3.4178839839615955,-0.010934162426140759
190,MoTe2,2,28,2.0826426550000097,3.2834525700162667,0.7722501551857408,-0.37796213271709145
191,MoS2,2,49,19.41145375499997,-11.123789341547823,-16.067194175023573,-3.4123168302563194
192,MoS2,2,49,10.471887907499992,-3.519073010598544,-7.1602218956896895,-1.1696977626432208
193,NbS2,3,28,3.4135246099999925,1.92187342822836,-0.7568388603102547,-0.10546857336872639
194,NbSe2,2,28,1.4654103750000034,2.7694202429046597,0.6714970435689258,0.4510392512868211
195,SnS2,0,28,2.325306764999997,5.577780215183922,2.4637868088881456,1.11796312355998
196,NbSe2,2,28,-0.4824975950000008,4.108922225482992,2.6468786222216805,1.0541152380384324
197,NbS2,3,28,0.5332858850000015,3.229019215758869,1.9019378136160263,1.5658312351070136
198,MoS2,2,49,-0.3521189100000288,1.748376072094145,3.8409119652165,0.10041739607384065
199,WSe2,3,49,3.524596224999984,1.9263956439727945,-0.9361932384734946,-0.2007255661254721
200,WTe2,1,28,4.136293570000005,0.5796399118522091,-1.289088964261683,-0.7507117587308803
201,MoSe2,4,49,6.355334507500018,-1.4563380748777446,-2.3599460791298603,0.4019347160310689
202,WSe2,3,49,4.844886552499986,0.4830121087955872,-2.290501367258287,-1.2714521996252302
203,NbS2,3,28,0.3310815324999994,3.232126093842774,2.1541307140769455,0.8764195610465502
204,WSe2,3,49,6.100071517499954,-0.07819565919306903,-3.5260701257712346,-0.8947149195995632
205,NbSe2,2,28,3.680102970000009,0.5392413280448318,-1.5390194910723967,-0.5443866906522712
207,MoS2,2,49,6.6556896424999845,-1.5393410580069835,-3.292428975970647,-0.678270584018132
208,MoSe2,4,49,3.623392485000013,-0.9390879297428514,-1.2109753116143929,-0.5764140908095428
209,NbSe2,2,28,12.39556532,-5.646310934369709,-10.250527668937988,0.28120775128906317
210,NbSe2,2,28,6.367600537500013,-1.5772241921834436,-4.165648080072034,-1.4228605599812951
211,SnS2,0,28,0.3032433349999965,4.238152090796512,3.9766983033107537,0.5381992897278884
212,NbS2,3,28,1.355480272500004,2.54754448043477,1.0981105974035605,0.7727366299149536
213,NbSe2,2,28,0.2107620449999874,3.993847587492078,1.9212422160168583,0.4789841361701582
214,WSe2,3,49,4.074545154999985,1.2442251741575268,-1.527005920838608,-0.32134653134275837
215,WS2,4,49,4.337067000000031,1.8599646569010106,1.5219475111083671,0.005438772908497036
216,WSe2,3,49,5.551276067499965,0.5312777960254254,-2.961682577535162,-0.12438664794430121
217,WS2,4,49,8.018441632500009,1.3088010598115964,0.4721529135001532,-0.8172071328865647
218,WSe2,3,49,3.5049159824999467,1.9582446118044556,-0.9263467292142207,-0.2170083820971147
219,MoTe2,2,28,6.865842910000005,-0.10167083282104983,-4.0547560963912,-0.7298483166975958
220,NbS2,3,28,10.223738925,-3.0175608956217443,-7.400566753089395,0.1861824032267254
221,SnS2,0,28,3.378108016666664,0.8878578424285917,1.0803897460133896,-1.3005059480834937
222,NbSe2,2,28,5.854546840000007,0.2708132515272954,-3.689321890481168,0.5083389530501226
223,MoTe2,2,28,1.321990747500008,3.346531054130648,1.4896910794093754,-0.04321688338969709
224,NbS2,3,28,-0.4163013699999985,4.182683547670796,2.8938568039090966,2.4085612300387558
225,MoS2,2,49,-3.9715077350000296,6.5163172353764125,7.456626680439687,6.004891183918691
226,WSe2,3,49,3.6366475399999567,1.5881471657088646,-1.096120593614255,-0.6872728642492243
227,NbSe2,2,28,3.3151032775000004,1.22871185845581,-1.1551120131567387,-0.19006449474446674
228,WSe2,3,49,0.7375341999999726,3.857024317138191,1.8371388168660756,-0.09740876639605012
229,NbSe2,2,28,11.660326949999998,-6.0689805271687804,-9.437915476407875,-5.089105121539305
230,WSe2,3,49,6.3017873299999945,-1.0081569684429876,-3.7054876817150824,-0.8678663107637474
231,MoTe2,2,28,1.2563437050000026,3.191309509136757,1.5499464446887181,-0.13547096902282973
232,NbS2,3,28,-0.1555329962500051,3.651375691486211,2.58953952828329,1.2832346363790945
233,MoS2,2,49,6.0759006700000056,-1.4636366726041725,-2.7230522196571916,-0.41227686018555243
234,NbSe2,2,28,0.6918896699999904,3.1031078631624447,1.4801372026348973,-0.22997640222858734
235,MoS2,2,49,0.8940257562499627,1.4067825145223356,2.593348549475135,-0.07470233572536555
236,SnS2,0,28,2.5249729749999954,2.7468951744394987,1.868207792695114,-1.386499662939957
237,WS2,4,49,10.152172590000024,-1.9662361390417722,0.25897238184751004,-2.260811671319197
238,NbS2,3,28,-2.322387869999999,5.023818588104044,4.784954205995991,1.2525849499763988
239,MoSe2,4,49,2.5063675049999667,0.06108778674808013,-0.0030349695741449523,-0.36562893828345455
240,NbSe2,2,28,9.369830919999998,-2.646130714514972,-7.197603457867226,0.7024067305533865
241,WTe2,1,28,-1.5242969474999848,3.5201217613427582,4.41483563997435,0.6317744535017752
242,NbSe2,2,28,2.2192958850000064,2.7813163739111264,-0.05443023227987309,1.7733353914485614
243,NbS2,3,28,2.991155239999996,2.3220229813846887,-0.2904546390580198,-0.153459323506262
244,NbSe2,2,28,1.5231207699999976,2.64160588468852,0.598380437351687,0.5131772665753198
245,MoTe2,2,28,3.665414985000016,1.4039505164037926,-0.9040000597426512,0.1857058843186281
246,WTe2,1,28,3.096474810000009,-1.5215184723891284,-0.15373413121277757,1.1479682887040115
247,NbSe2,2,28,0.1537016799999984,4.2867253848956315,2.0248683521197526,1.8520874807284562
248,MoS2,2,49,4.087730675000007,-0.42659039205119464,-0.6752103458424954,0.052503080111687694
249,MoTe2,2,28,2.1597909975000125,3.0349723450394572,0.6569228124670285,-0.005057260190238555
250,MoTe2,2,28,3.219962222499996,1.9338033764329063,-0.41757736913695886,0.01564293789530824
251,NbS2,3,28,5.251282499999997,0.3687472673543324,-2.762415058186846,1.1813931795247425
252,MoS2,2,49,2.119098887499975,0.8284131828379562,1.3679177903564703,0.41517012749432824
253,NbSe2,2,28,8.379036314999986,-3.579524882352281,-6.183998234784532,-1.1898589608231473
254,WTe2,1,28,2.026536097500015,1.228909064955226,0.8279242213832454,-0.36485492226808125
255,WS2,4,49,3.4310356200000207,1.5639380395153601,1.6627849518993933,-0.060140154784973365
256,WSe2,3,49,1.3126702574999578,2.5915451578188495,1.2697525552797868,-0.7922757335614609
257,WSe2,3,49,2.4333513249999603,2.5942417710973498,0.15484089950260316,0.0010159343435049983
258,NbS2,3,28,8.027696137499989,-1.6745057154418834,-5.239005173119089,0.4970358164388138
260,NbSe2,2,28,1.4961979824999938,2.951543525983893,0.6768806339601707,0.6846042833030253
261,NbSe2,2,28,12.440264929999996,-5.146189440955807,-10.262109269370724,-1.9096980787019824
262,NbSe2,2,28,-2.1815989000000107,5.418282507101451,4.361974317073578,0.8858072740234482
263,SnS2,0,28,-1.4983416900000026,4.284959763781334,4.648721506691083,0.2128839994431586
264,NbS2,3,28,2.1900973299999915,2.281950157894703,0.21786085964641133,1.5270261784533776
265,MoS2,2,49,5.340483549999972,-0.6401493984140751,-1.9770147440510786,-0.37266274667558985
266,MoSe2,4,49,3.6058385374999737,0.32339564930829434,-0.28384685544736143,0.42667762410077525
267,NbS2,3,28,0.9512417349999882,2.546971874059664,1.4520367350393795,0.06669242841147005
268,NbS2,3,28,1.832220474999984,2.52756746597902,0.7095665135762694,1.2007331052205565
269,NbSe2,2,28,11.437244309999995,-5.905194813031408,-9.32696308098083,2.1556267201717176
270,WSe2,3,49,8.593104907499994,-2.310279119637852,-5.972708293425287,-2.474916685250645
271,WSe2,3,49,13.316614844999954,-5.487814643583938,-10.65309442937597,-4.113921223682409
272,MoS2,2,49,9.179304902499988,-2.7568712082962934,-5.8732767748297,-0.7501943754614135
273,MoS2,2,49,7.102124099999959,-2.6410293232106117,-3.6076628020110677,-0.33946566290686064
274,WTe2,1,28,4.378662447500018,3.586042701832665,-1.441952407725441,0.67663341724099
275,NbSe2,2,28,0.2380011737500043,3.7546091218636026,1.9183114508634396,0.8143855869616656
276,MoS2,2,49,3.236300854999969,-0.31722627989366625,0.25774615097130393,-0.04054847272152662
277,NbS2,3,28,0.4321638899999938,2.721975628737799,2.00226742446839,0.10992124100942602
278,MoS2,2,49,2.038926114999981,0.906667122876911,1.396816342707742,0.10197040402518587
279,WTe2,1,28,7.756885310000008,-0.3691353996453941,-4.883308112607226,0.18275346360025235
280,WS2,4,49,5.873260185000024,0.30253171436317583,1.7829945833715577,-0.6959506719079833
281,MoS2,2,49,6.006642592499987,-0.36919777845376345,-2.650366080353991,-0.32919018720620485
282,WS2,4,49,5.178338577499983,1.85700252637168,2.790370335031552,0.10784668708741929
284,NbS2,3,28,19.83648720749998,-12.300302578695458,-17.234772119609357,-7.731809689291159
285,NbSe2,2,28,1.8233853899999952,2.5492910620009406,0.32824199164266443,0.8494205550785365
286,WS2,4,49,9.163106054999988,-1.8580202370271683,-1.6732703158642455,-0.91419610474364
287,MoSe2,4,49,1.1575552650000098,0.005191681016937677,0.6582609784895734,-0.21702218330953948
288,NbSe2,2,28,1.7711950250000053,3.03637829348144,0.40222762946980284,0.38814082666930627
289,MoTe2,2,28,3.3886072700000067,1.3298445478303966,-0.6249186262266098,-0.11503879872722012
290,SnS2,0,28,-1.9966223449999967,4.912429552425432,5.566489717512814,0.14967904602437
291,MoSe2,4,49,6.194759417500008,0.44919104484130035,-2.036398062036344,0.17595063753335793
292,SnS2,0,28,0.9114031849999976,4.921318048367922,3.294116411735639,1.4244384707312037
294,NbSe2,2,28,1.836207315,2.592141544151204,0.33726079794555663,0.6409946236291504
295,MoS2,2,49,3.1600342424999983,-0.4054800502748601,0.3187041449257424,-0.006392939119667762
296,MoS2,2,49,2.4477960749999603,0.3623384550674835,0.9922508712077218,1.1054636950755197
297,MoSe2,4,49,15.770185297500008,-1.7861682432601,-6.232564832539275,1.886815562078441
298,WSe2,3,49,-0.6119832975000543,4.035666861368259,3.1944657149245743,-0.0028800187180039183
299,WS2,4,49,7.617674347500009,0.3935376835465396,1.6514992746313384,-0.3296987183292739
300,MoTe2,2,28,5.517948320000022,0.3070306673758738,-2.742128541557639,0.10530152868365317
301,NbSe2,2,28,1.0189326899999909,3.5689121586328216,1.152089168851124,0.5353852214659718
302,MoTe2,2,28,3.2049205600000112,1.48752551289631,-0.4057472048974722,-0.3726051150537222
303,MoTe2,2,28,2.2391017050000057,2.859585546408889,0.5147677490659528,0.1012247631498151
304,MoS2,2,49,3.7364638799999783,-0.36676225608335233,-0.26700831995155694,0.10980978065981173
305,WS2,4,49,7.724323400000009,1.4988484699137272,-0.49098186506755503,-0.08415934258627189
306,WS2,4,49,-0.1338786150000062,1.3701180880250103,3.5569930737198954,-0.11298006127461133
307,WS2,4,49,2.275044877500024,1.7773126371992758,2.603867889274471,-0.17697075920371885
308,MoS2,2,49,0.7268930699999622,1.7670464886649953,2.7538825247113414,-0.04199811086808558
309,NbSe2,2,28,9.975911102500012,-3.2357040661637493,-7.817111295269381,-0.9821939088964964
310,MoS2,2,49,4.334564430000001,-1.014996113858237,-0.9195502425050877,0.07187884799479072
311,NbSe2,2,28,12.38897635500001,-5.631313899759124,-10.273816366596689,0.9102510416471254
312,MoTe2,2,28,0.6844167650000006,4.254238293542887,2.0854233960056554,-0.12623464467681944
313,NbS2,3,28,-1.1575761250000085,4.3373541445872075,3.604965489242562,1.6138996691843754
314,NbSe2,2,28,1.5197408550000129,2.8667077667498653,0.6396677143359246,1.038678849437243
315,MoSe2,4,49,3.0960700099999894,0.2883004759415795,-0.15143509560179602,0.7555574193263861
316,NbS2,3,28,0.2207421649999883,3.3651534130665195,2.244518141994132,1.127336165357881
317,NbS2,3,28,1.0302895849999834,3.1190772706213545,1.399670586381649,0.97090902467002
319,MoSe2,4,49,1.729748645,0.26983642719950374,0.3849896604097496,-0.03286552287373845
320,MoSe2,4,49,1.4799769775000138,0.09751971007119398,0.42534040849140053,-0.2748940046555721
321,NbS2,3,28,-0.6034948550000081,4.305951249831347,3.0384543460939617,0.4520571750734538
322,WSe2,3,49,0.6944527462499681,3.646895027619864,1.8793975675724601,0.10255723840223319
323,SnS2,0,28,3.36037219,6.538909629661459,4.121128197191773,2.8594917016015624
324,MoSe2,4,49,5.529502259999994,-0.4135510398054949,-2.214633809835199,-0.2039099010929304
325,NbS2,3,28,-1.377531735000002,4.774299788372703,3.7793451626072203,2.459199078775433
326,WTe2,1,28,5.619670067500008,-1.40996614522828,-2.732025220265918,-2.132653469116423
327,NbSe2,2,28,3.734521774999996,1.1212745621276894,-1.55966034387817,-0.9973791326609254
328,NbS2,3,28,4.357393464999984,1.5156025473698076,-1.6787891800777026,-0.06920882220823632
329,MoSe2,4,49,7.443446150000009,0.9909035458414621,-2.92787662205608,0.35472839020181457
330,SnS2,0,28,1.0306858550000009,3.9104358026894115,3.3542782137306713,0.7592701980980419
331,SnS2,0,28,-0.3704876424999972,4.006531508975421,4.286540222379758,0.7421544712912977
333,MoTe2,2,28,5.087756775000004,-0.5859063289347377,-2.281878453670252,-0.9761609854085327
334,WTe2,1,28,2.3383918450000047,1.310554122356359,0.5339569404003859,-0.36248753922404453
335,MoSe2,4,49,2.7699947399999907,-0.2419343037512114,-0.40027889044147846,-0.36375165413878463
336,WTe2,1,28,1.281873797499994,2.74398023374492,1.6312255709132955,1.6755017289282286
337,NbSe2,2,28,4.353081274999999,1.22408862017212,-2.1524317751068107,1.094817271854656
338,NbS2,3,28,0.2003297050000006,2.9151097497144565,2.306235071102701,0.19142627326639752
339,SnS2,0,28,6.036799794999999,3.889251662722983,1.645819617740072,1.1527754003125006
340,WS2,4,49,1.269660295000019,1.5681382209555879,3.014858105828025,-0.1960021465523465
341,SnS2,0,28,1.924330250000004,6.551866356953935,3.3908539458363807,1.657252852544145
342,NbS2,3,28,2.226557415000002,2.20001943779846,0.3193275915867084,0.10629788908223281
343,NbS2,3,28,-0.4645893025000003,4.1950719602504485,2.925157213965963,1.5245034145910648
344,MoTe2,2,28,3.536432870000011,1.6881157877351773,-0.7501953917437856,0.13849078837096052
345,WS2,4,49,5.679314510000019,1.6530352672216608,0.8579728842057106,-0.48276763754315066
346,NbSe2,2,28,1.6007703300000138,2.7996540709653592,0.5565360232511254,0.4580902898628607
347,NbS2,3,28,4.320353749999985,1.9610180024210768,-1.4523122346496429,0.16753903666179948
348,WS2,4,49,2.17142864500002,1.78556270962441,2.786767756596049,-0.07739023799216715
349,SnS2,0,28,5.5803532875,1.7759791735392252,-0.5361531055389408,-3.0848077412862147
350,NbSe2,2,28,2.438447865000009,2.8904224314782625,-0.22743486578329364,0.6925641773634759
351,MoS2,2,49,17.193948439999993,-10.577792338773186,-13.823604675376986,-1.9691194020157798
353,MoS2,2,49,4.776553812499978,0.27865359894818287,-1.4073600996296984,0.15317215236411652
354,MoSe2,4,49,5.332129734999982,-0.5329364322096577,-1.8836970510552797,0.6096292155513687
355,NbSe2,2,28,3.8164056150000114,0.38695756516051105,-1.6615267602484245,-1.1675364184261183
356,WTe2,1,28,0.137134776250011,2.9264025035148,2.7196041884665823,0.4258735321606335
357,MoSe2,4,49,-0.2895046450000138,-0.08939492927977133,1.6297239439985287,-0.2934233767488469
358,MoTe2,2,28,13.39138746000001,-6.037475265430104,-10.6304514381952,-2.2172528876530038
359,WSe2,3,49,5.8829972424999735,-1.2998779295778133,-3.3121759572521707,-0.943599430610325
360,MoS2,2,49,4.638158464999979,0.7365638568282273,-1.3771482155442087,0.2984328423222058
361,WSe2,3,49,2.130387877499972,2.790298486673917,0.45708082608787803,-0.08909981953691881
362,WTe2,1,28,2.221146655000012,1.8968231758308796,0.6440437715085734,0.21642495004657825
363,MoS2,2,49,9.170470920000003,-1.7812293835416702,-5.829770929409589,-0.5369031099414094
364,WTe2,1,28,1.429591117500008,0.5187761602811607,1.414179783862093,-1.3939140023775307
365,WTe2,1,28,2.9923251200000074,0.2670167557120693,-0.11816737336711336,-1.5890023438413567
366,MoSe2,4,49,2.8184739274999764,-0.5799583915095794,-0.2132981541972625,0.3249023434299958
368,WS2,4,49,7.6141361975000015,0.3992285943701157,-0.7833868447269712,-0.4777242127384458
369,MoTe2,2,28,1.3742942075000155,3.525640879068181,1.4585517187847745,-0.04466359417298915
370,WS2,4,49,0.7785310162499886,2.0502276208604036,3.247756221553153,-0.07456928624663162
371,MoTe2,2,28,2.7204098150000107,1.8891102229689425,0.05419164450316316,-0.37226385323853606
372,NbS2,3,28,2.344169627499994,2.0228760929183,0.15140079371887794,0.30454841169474856
374,MoS2,2,49,1.4798914449999645,1.8765823982566678,1.9131813985516712,-0.013632005213689347
375,NbSe2,2,28,-2.46598012500001,5.423889987200429,4.639236045410167,0.7446494822998146
376,NbS2,3,28,-1.0211584775000029,2.885048807496748,3.4332302618373647,0.8905972051967396
377,WTe2,1,28,9.432091355000018,0.8782825870572726,-6.517962971999326,0.3990259571134249
378,MoS2,2,49,1.9853091374999696,0.5534102781647032,1.5191310111714986,0.07819086949364218
379,WSe2,3,49,9.947700217499955,-3.8998669337576866,-7.286321039134883,-4.511198078726355
380,NbSe2,2,28,2.379511314999988,2.055895051984062,-0.2463535054245889,-0.00629766620390626
381,MoS2,2,49,19.03792983500001,-9.750888329822194,-15.813992323555919,-3.1589177271508895
382,MoTe2,2,28,2.088172467500017,3.087182887444848,0.722977844923689,-0.21565965011720456
383,NbSe2,2,28,10.296538969999991,-3.922834695504549,-8.141391973819776,-0.09718034776691908
384,MoS2,2,49,9.100516624999964,-1.8761299329528445,-5.811976659052494,-0.4239738660583132
385,NbS2,3,28,15.452905949999996,-8.186663922717281,-12.853617247988888,-0.22366267149657837
386,NbSe2,2,28,6.109657384999987,-1.449293790309028,-3.9601537565871046,-0.22325716222166658
387,NbSe2,2,28,6.967722360000012,-2.6327248649845503,-4.79707934827109,-0.9213157730350874
388,NbS2,3,28,1.5301111400000078,3.048278981459953,1.0108184953657964,1.4288025041548589
389,MoS2,2,49,3.6585840899999607,-0.9889772454158137,-0.18358378800309394,0.1223383228723538
390,WTe2,1,28,4.1880883975000085,0.47137492863626296,-1.3130531115503015,0.06898707119912917
391,NbSe2,2,28,5.007817812499996,-0.20245256795247002,-2.8921237664794885,-0.6657492992655403
393,MoTe2,2,28,0.0447244300000155,4.385942731941513,2.7487422174660083,0.07843601171649654
394,WSe2,3,49,7.728456689999981,-0.6793287933731911,-5.145521277275169,0.42246767472576696
395,SnS2,0,28,1.4212434799999991,4.397651701020101,3.8506020991473395,1.2159867573250336
396,WSe2,3,49,0.0896444249999603,4.016636855517618,2.4853083363322335,0.12639598758498027
397,NbS2,3,28,-2.915716305000012,5.198223963004773,5.357339277488416,1.4412222451194376
399,MoS2,2,49,3.4389453599999875,-0.39008159142241183,0.04646318454041776,-0.06803805332884494
400,NbS2,3,28,12.06511737374998,-5.272146875347066,-9.519030903463928,0.25959728689455197
401,NbSe2,2,28,3.4107324699999952,0.5505118747113085,-1.2810109874051872,-0.6836280445696974
402,MoSe2,4,49,3.441691464999989,-0.6415552167293184,-0.7422876227097461,0.2513899139367788
403,WS2,4,49,7.668586240000017,1.4069949927066885,-0.24857694485434578,-0.43670001207439846
404,SnS2,0,28,6.118765324999997,0.8344025903442409,0.09973973964640592,-0.6068482107421849
405,NbSe2,2,28,2.629454007500001,1.8683471374178047,-0.44205295121032817,0.5754627081219472
406,MoTe2,2,28,2.902559870000001,2.559663500869953,-0.1067554488930269,-0.12313265951009233
407,NbSe2,2,28,2.091150445000009,2.3813048976106677,0.04370736851724333,0.06083305452696841
408,WTe2,1,28,-0.7501338374999955,2.457155232865393,3.6762407672790482,0.08928990884500687
409,MoTe2,2,28,1.9555882175000088,3.1672903339831455,0.842831019636832,-0.016139384034432602
410,NbS2,3,28,0.6348234999999942,3.557833334920253,1.855843048411057,1.451788247741705
411,MoTe2,2,28,-0.1330184550000042,4.167835196943363,2.9426133246136517,0.030239622882287723
412,SnS2,0,28,6.502544909999997,6.314264426344404,1.857167213870853,2.0515309668717476
415,WS2,4,49,3.8164800150000255,1.0499326246178944,1.7526950694319403,-0.1353918853206637
416,NbSe2,2,28,2.4816345200000063,1.9442538594148697,-0.33750174691854484,-0.49078613768596013
417,MoS2,2,49,11.793211846249964,-3.941601821479863,-8.479401497739222,-1.5742812839127236
418,NbSe2,2,28,1.4544808999999983,4.060456023980715,0.6794608298634865,1.5649680161173518
419,WTe2,1,28,4.894411195000006,-0.6281082915067611,-2.034615306735032,-1.8694556839068666
420,NbS2,3,28,13.114790769999988,-6.867983035828439,-10.635210129207142,-0.0752584264534395
421,WS2,4,49,5.745157800000019,1.9498975258259899,0.6716686865875054,-0.04427329886069575
422,WTe2,1,28,3.5926340025000147,0.2535817224450536,-0.7255278032354884,-0.9547532798183336
423,NbS2,3,28,18.559060682500004,-10.103440234705408,-15.757681399230757,-6.04779429201742
424,WTe2,1,28,5.724270107500019,8.37756069287433,-2.7492032072467234,0.9496826309439914
425,MoTe2,2,28,2.724679323750021,2.092138834081807,0.0476501656400341,0.1947509321398715
426,WS2,4,49,2.688351974999999,1.4458378691314708,2.4881139336863214,-0.1288506449422191
427,WTe2,1,28,1.8925902600000208,-0.19782659956911264,1.0147807841589147,0.9282961929927365
428,NbS2,3,28,8.299575475000008,-1.5615746052490316,-5.564687636636361,0.005339953161612954
429,MoSe2,4,49,6.737990486666638,-1.2597568313728553,-2.286491898740409,0.3511780619173468
430,SnS2,0,28,-0.7970011775000012,5.271951173176678,3.464650287658286,-0.9448155816094959
431,SnS2,0,28,-1.2341593033333371,4.265465053544418,4.82507681114075,0.11604475242493062
432,SnS2,0,28,0.3414850199999968,7.640362743061527,5.683941685678307,3.3335949614860056
433,WSe2,3,49,3.667602074999966,1.6446915339833916,-1.1531625716481186,-0.2594062615030581
434,MoS2,2,49,7.160453594999956,-2.94035184112931,-3.6557492785428436,0.08102691444014809
435,WSe2,3,49,3.638942002499968,1.9862031149418455,-1.0686978491593102,-0.5899982444891037
436,SnS2,0,28,0.4104172750000021,5.1432215011433895,5.19362318876546,1.7491594589070618
437,WSe2,3,49,6.0191746674999775,-0.6588945113644185,-3.4019394837841572,-1.633608115019916
438,WS2,4,49,0.7245576000000277,2.441421705903089,3.427417316458102,0.007987338723218551
439,MoSe2,4,49,8.376648055000008,-3.0765081509777907,-5.1880721514253825,0.9126347437670823
440,MoS2,2,49,2.038793287499972,0.7740047754603347,1.442803818162056,-0.100078664048739
441,MoSe2,4,49,0.5964984424999704,-0.5657209483873199,0.917565551589792,0.10676046926862492
442,NbSe2,2,28,0.1213687050000081,3.7825599722409993,2.0735968164945393,0.061090490454907276
443,NbSe2,2,28,0.918035917499994,3.356239862224127,1.25770980813172,-0.37832321029835425
444,MoS2,2,49,7.411667310000005,-2.032762808402918,-4.061123493115646,0.0802275709305782
445,NbSe2,2,28,7.605343764999992,-2.8607462505295738,-5.522011146922395,-1.9420887092545494
446,WTe2,1,28,1.5245348050000191,0.9926616118548393,1.3774618870216688,0.8558377987343153
447,SnS2,0,28,1.6232222474999976,3.4743411781998725,1.5808610362422715,-0.009980535247698485
448,MoSe2,4,49,5.733003485000009,-1.0606255012709642,-2.1957826095778494,0.031977307999258464
449,SnS2,0,28,1.9203217000000008,10.14120968478597,5.097138169384765,5.377330226676432
450,WS2,4,49,14.982740457500002,-2.6674004153857442,-2.672235385224205,-2.2586978829353868
451,MoTe2,2,28,7.890358886250002,-2.10577372821981,-5.130267422525231,-1.4176851522208684
452,MoS2,2,49,4.219714189999975,-0.8849080656306714,-0.7218725139237212,0.16248239533734665
453,MoSe2,4,49,0.0341904200000007,0.9528142177182,1.6836485428728223,-0.043302301256104216
454,WSe2,3,49,6.093892117499946,-0.028193017005561316,-3.517415384610135,-1.6557013394034295
455,MoTe2,2,28,8.650761640000015,-3.1993686715043284,-5.887535687215795,-0.0074943263606925825
456,MoSe2,4,49,6.294273310000018,-1.2963953942997417,-1.8544118534468765,0.23756065657306102
457,NbSe2,2,28,2.070564095000007,1.928097582042636,-0.005434894382534861,-0.315649453619697
458,MoTe2,2,28,4.1454311599999984,1.4483615963985201,-1.3317438354760727,0.1801535695125338
459,NbSe2,2,28,3.2738622849999905,0.8935377572159928,-1.1832826560555936,-0.5918599790154935
460,NbS2,3,28,3.3122124374999906,0.5592156548207696,-0.8244155745798651,-0.8245026768340971
461,NbS2,3,28,14.059256864999984,-9.616580002919093,-11.546480728601669,-5.109297745839013
462,WTe2,1,28,7.211292770000019,-0.2051306828774191,-4.328881210577208,0.04943543027667374
463,MoSe2,4,49,3.1193696500000154,-0.36753025066224687,-0.5428970496989085,0.14970343896381122
464,NbS2,3,28,5.121001105000008,-0.6501767838889654,-2.5295425459637535,-1.5199374561403487
465,MoS2,2,49,16.91685238,-10.42132415886963,-13.564775849543459,0.19817600134765456
466,NbS2,3,28,1.9588064249999864,2.9345802568746064,0.5520388387990454,1.1732851766896704
467,WSe2,3,49,7.752731614999965,-2.4781199034978902,-5.132330073607957,-2.2433016833593404
468,NbS2,3,28,11.894081449999993,-5.326272504026279,-9.34374381750284,0.7827536101196362
469,SnS2,0,28,0.4026013599999935,4.117400687220873,3.6182274036439073,0.15943173694926588
470,WSe2,3,49,4.1654311999999845,1.1118675286249955,-1.6094045823140308,-0.5920476302825772
471,SnS2,0,28,-1.9785714350000063,9.094752172813319,7.65249683478028,3.8584892950311342
472,NbSe2,2,28,-1.1299435249999874,4.984462733272286,3.2235608450607174,-0.029498105045585588
473,NbS2,3,28,11.139638234999984,-4.939304639724105,-8.563313692636498,0.2028166752783367
474,MoTe2,2,28,3.021237985000002,1.8347104631811502,-0.23554561108846261,-0.26328998377421264
475,WS2,4,49,4.242912384999986,1.4722587931819797,1.3562141129044738,-0.12010186228473518
476,MoS2,2,49,5.010596167499966,-1.3791838600786002,-1.5712634438824127,0.0010009890246918118
477,WTe2,1,28,2.4055263825,0.06036315086079913,0.5519375972210692,1.6969544263938396
478,NbSe2,2,28,3.2203860299999896,1.5274325989469508,-1.0198740976269427,-0.8021826761181536
479,WS2,4,49,3.722207172500029,1.7735445263118197,1.7920273703466507,-0.0398767230778283
480,NbS2,3,28,5.976633854999994,-0.0013106547741639218,-3.4733500364371683,1.210063151225592
481,MoSe2,4,49,0.790944707499962,0.057306357118466544,0.8956838328569918,-0.217674942917646
482,MoS2,2,49,7.507959199999965,-2.759939027880824,-4.0154056480081834,0.009169903342727714
483,WTe2,1,28,3.4672178750000184,1.3213963980712706,-0.6236599609019144,-0.10349785534161171
484,WSe2,3,49,11.891271049999974,-5.823396538917007,-9.262724653108698,-2.8818322173990616
485,WSe2,3,49,4.514630634999973,1.0594742303920759,-1.9609978987939183,-0.14863220792681187
486,WTe2,1,28,2.851890384999998,1.3717351159969091,0.020608683578086318,0.057935337376507245
487,MoS2,2,49,3.2220602674999697,-0.1812370065568749,0.26384879711082965,0.2735734935880836
488,MoTe2,2,28,6.600621095,-1.4372853743019611,-3.829020530679118,-2.1622052497648117
489,SnS2,0,28,-0.029180260000003,5.21076064457235,4.618309072154137,1.6332254126641876
490,MoTe2,2,28,3.7831967350000166,0.7057616237646318,-1.0124402519220137,-0.7629832104994878
491,SnS2,0,28,1.0056529899999938,3.3966554740502994,3.377816988968309,0.011192872070725723
492,SnS2,0,28,3.109490594999997,5.053269185883792,3.8597170891990187,1.5475730481376173
493,WSe2,3,49,5.774192184999951,-0.6595525054090894,-3.2053692448093174,-1.5495041318688472
494,NbS2,3,28,12.74694845000001,-5.157154608955902,-10.129365254631562,1.3098349082560112
495,WS2,4,49,2.407090373333324,2.5805063769260754,2.6508775278965344,-0.011254020031322032
496,MoTe2,2,28,3.626261695,1.194172239529622,-0.8295380113248698,0.11003130299601205
497,NbSe2,2,28,1.812298395000003,1.9880998752891001,0.2999546351411919,0.11568695529093143
498,SnS2,0,28,1.388848582500004,3.7259196841778524,3.1971880201560428,0.5872342193188436
499,MoS2,2,49,3.56305395999999,-0.5375129326130068,-0.07711787461689301,0.04152938287008645
500,WTe2,1,28,4.601236815000002,-0.8772076713486752,-1.6339403736039242,-0.987878555798952
501,WS2,4,49,2.0055197237499813,1.459256553792133,2.554576142771218,-0.1502471127677223
503,NbSe2,2,28,1.2081003675000055,3.6797619969510853,0.9454311838610785,1.6301556737088974
504,WS2,4,49,6.083393995000009,1.396289881037589,0.3327650785117511,-0.08981206420370302
505,MoS2,2,49,0.3197779999999863,1.0200349542668796,3.1585774077148576,0.09450483850353342
506,WTe2,1,28,4.528557115000012,-0.3868704370672731,-1.6076896719152955,-1.177569203775647
507,NbS2,3,28,2.796543889999993,1.8979834181461661,-0.34843648847004527,0.8125348351790436
508,WTe2,1,28,2.8010423599999936,1.6933559954840152,0.050235865580857464,-0.010670703582146945
509,MoSe2,4,49,12.800905443749992,-3.695533332747388,-6.022808926822909,0.574399414139819
510,MoS2,2,49,4.663292229999994,-1.2773082463243557,-1.1818306255637556,0.29535740531494703
511,MoTe2,2,28,2.4552894225000155,2.6824883828283537,0.36037852463336684,-0.1411009421228182
512,MoSe2,4,49,3.3908115699999666,1.2856440866874523,-0.1288598055753245,0.9958134020255871
513,WS2,4,49,3.3024548200000234,0.7261833839387783,1.6968297653169522,-0.30006014379152735
514,NbS2,3,28,4.357127064999999,1.4820473645756032,-1.6829808896154779,-0.06147785438801989
515,MoSe2,4,49,-0.4834517449999906,-0.0811692266796969,1.7770809939369616,-0.26566364259868286
516,SnS2,0,28,1.6363771800000038,5.5509012496671515,3.57063436073079,1.8739364898404909
517,WSe2,3,49,2.3079737400000004,3.1719958409682203,0.28169016291849713,-0.14352782318837543
519,WSe2,3,49,3.296700274999953,2.021880710069322,-0.6937933326323993,-0.2235575875202982
520,MoSe2,4,49,5.712826634999971,-1.41751486615028,-1.8653186018833119,0.5894242271216115
521,WSe2,3,49,5.558302739999993,-0.15178463830779343,-2.9656264183345473,-0.7283981837255791
522,MoTe2,2,28,4.834612892499999,1.1492709652270516,-2.044182982475992,0.06305022395507898
523,SnS2,0,28,-0.1108695466666716,5.542857785955002,5.142592966491908,1.6534556348472136
524,WSe2,3,49,3.4921201149999863,2.073007098795993,-0.9020051241298286,-0.24152414802509226
525,MoTe2,2,28,3.8609943599999976,1.9459207642574077,-1.052805762638751,-0.6230481675764952
526,MoSe2,4,49,1.1186179299999854,-0.36608612337207613,0.40294432840252115,-0.4431180139233253
527,WS2,4,49,2.518097662499984,1.8596305613006754,2.256573733119726,-0.08079157627765321
528,MoSe2,4,49,7.6929220749999905,-0.33827157756346704,-3.1143256419962473,0.0979997720255632
529,MoTe2,2,28,3.2420725900000207,2.268724115881734,-0.43700727602500455,0.1757423800164588
530,WSe2,3,49,1.0750028799999574,2.54032773663314,1.4912285297087013,-0.9440105469056784
531,MoTe2,2,28,1.3817191624999996,3.5234969750681566,1.412103682323202,0.1612014269470219
532,MoS2,2,49,0.1577940649999894,2.1338369183526718,3.3383580180790307,-0.09217753680683348
533,MoS2,2,49,3.317919484999965,-0.8702221634260718,0.15186819212914493,-0.13144865853308652
534,NbSe2,2,28,1.0900490299999923,3.166512090351163,1.09540700752137,1.1443920914192787
535,WS2,4,49,3.379762734999989,1.5041016677710073,1.6485042512111518,-0.05671334865762212
536,NbSe2,2,28,4.330154369999988,0.798644591639416,-2.1669397659401333,0.5434499276379512
537,WTe2,1,28,6.361893644999995,0.1672337143902638,-3.481062959702347,0.046913155842290166
538,MoSe2,4,49,3.1540625950000027,-0.5981597960294622,-0.02966905239237727,0.11966529882934296
539,WSe2,3,49,8.916492427499959,-3.7705089699346512,-6.322127545984456,-2.4590730320531815
540,NbSe2,2,28,-2.2409703949999966,5.336344740779415,4.412165902049557,0.6797043700925667
541,NbSe2,2,28,1.165030087499987,3.3911137526540247,1.0059033975311409,0.6786898717590462
542,WS2,4,49,-0.0358762300000126,1.2077070033535893,3.382182156640841,-0.17221272428974163
543,WSe2,3,49,0.0895899450000001,4.0221763933483885,2.4842730844799803,0.1631505573574828
544,MoS2,2,49,7.034386484999963,-1.233046540796269,-3.696488548496871,-0.5880429041182085
545,NbS2,3,28,-3.2111593225000075,6.025056932210701,5.664614293813484,1.8552382129825922
546,WTe2,1,28,2.2696228724999954,2.388914992185063,0.6063537694728645,0.15923707661194308
547,WSe2,3,49,5.704155113749974,-0.3777275745603177,-3.1516201361549627,-1.2412449384264876
548,SnS2,0,28,0.4328310749999993,6.796633773836263,4.9334927934336354,1.8596017895070402
549,MoTe2,2,28,5.492312070000022,-0.4978848658679418,-2.7436708969551815,-0.6881405078051976
551,NbS2,3,28,2.5786126799999973,1.4066620322446721,-0.15553891138427467,-0.1636284935096204
553,MoSe2,4,49,2.8184604275000105,-0.6197673109940696,-0.20514897781332442,0.33793635887185625
554,NbSe2,2,28,3.373704155000012,0.8595391514778523,-1.2428009109814573,-0.6091509259859333
555,NbSe2,2,28,8.39853678749999,-3.9880606592396957,-6.350705013742056,-1.6635010501444407
556,WS2,4,49,2.8115502849999894,1.6577944104091493,2.313546115578827,-0.1338746404433082
557,MoS2,2,49,5.2061257624999735,-1.6500776076690409,-1.7313474282002503,0.03428027387697963
558,WSe2,3,49,1.6029426074999569,3.0397184076927113,0.9680868171674015,-0.32987477550685385
559,NbS2,3,28,-0.9122345175000044,2.850918345218103,3.341078254148564,0.7798845495434614
560,WTe2,1,28,4.400988560000013,-0.4601840784936657,-1.5252274484226613,-1.0434942852248263
561,MoS2,2,49,1.4799995550000062,1.8694985579964132,1.912731316836338,-0.024629486449896376
562,WSe2,3,49,12.87504646249998,-5.612645676418031,-10.289061835094179,-1.9263563659627092
563,WS2,4,49,1.646650980000009,2.3240098654386303,3.296997358317862,-0.17657847214173272
564,NbSe2,2,28,2.30008890750001,2.165823593517243,-0.18089940669129412,0.9386697359682112
565,MoTe2,2,28,0.4639142500000173,3.5156208925806505,2.340063795781436,-0.15836081372072042
566,MoSe2,4,49,2.823107122499968,0.222639203946565,0.11804934430199321,-0.09291549436174407
567,WTe2,1,28,9.362457830000013,-1.8339523457369102,-6.433106261777967,-0.7419887366772588
568,MoTe2,2,28,5.422254900000012,0.4529275696858601,-2.624586442968762,-0.0952008762573362
569,WS2,4,49,3.5539172550000195,1.5102808415932012,2.036650333806133,0.2681768675687466
570,MoS2,2,49,2.182745112499958,0.2919729018992525,1.2978542114085299,0.02816687671207818
571,NbS2,3,28,0.0355558700000093,3.1594665143256537,2.3948147787019765,0.06025915278644903
572,MoSe2,4,49,4.871510845000016,0.04376902026487617,-1.2046016271655438,-0.08192080415732406
573,MoTe2,2,28,-0.3737982749999785,4.202616119390847,3.18898612658791,-0.016846116377788434
574,MoS2,2,49,2.45278777249998,0.2113616310721027,1.039690041856506,-0.057063793821594544
575,NbSe2,2,28,5.191681420000012,-0.3568079026456825,-3.0660771878477084,-1.014582589459037
576,WTe2,1,28,12.264963880000012,-10.116308942255872,-9.346066171742972,-9.504232182917493
577,WSe2,3,49,3.585778147499993,2.011469929892585,-1.0040632789544608,-0.15566483191771763
578,WS2,4,49,0.9128383450000032,2.401200805873817,3.4409076718202685,-0.03830373806640941
579,MoS2,2,49,4.136060604999981,-0.962112396508974,-0.6688514248038548,0.16017606899090442
580,MoSe2,4,49,2.610768622500017,0.08610822127032813,0.10977420574196683,-0.1667205356978525
581,WSe2,3,49,9.90516068999997,-2.755649591138276,-7.368093356142753,-1.8929584271215525
582,WS2,4,49,7.650826485,0.4516064017594399,0.03528568045105018,-0.6300173114160152
583,WSe2,3,49,3.4257357399999897,2.0184493580122984,-0.8448717078904111,-0.1517409763077695
584,MoS2,2,49,6.888051294999973,-1.1314079997118869,-3.578289135016656,-0.24837710829342985
585,NbSe2,2,28,-2.435078792500006,6.1822304057354796,4.628843479084479,1.2875576940452127
586,WSe2,3,49,3.2123745499999927,1.8045051277725292,-0.6212299087595547,-0.3680592595489429
587,NbS2,3,28,-2.7008404749999984,5.2251362818847635,5.130390725371296,1.2982936718434634
588,NbS2,3,28,0.8912456074999979,3.0856443206819684,1.5808338284842955,0.7663602392229227
589,WTe2,1,28,1.3835356000000214,2.0441332893635855,1.491951568629943,1.4622795817321563
590,MoSe2,4,49,7.68742753249999,-1.8485698817431544,-3.294599385883372,-1.562224876707754
591,MoSe2,4,49,2.6932948374999643,0.3105401253448843,0.021152342930129908,-0.05618857783606446
592,WS2,4,49,1.3946928049999885,2.0882882410408645,2.960117432884533,-0.006263163276355677
593,NbS2,3,28,3.1569503474999987,1.352111147963055,-0.7335627802977487,1.1930342983435072
594,NbS2,3,28,6.4049536200000015,0.6143365093436675,-3.6286270431313086,-0.20211631175211764
595,NbSe2,2,28,2.449049002499996,1.7265295122349085,-0.2701172099228879,-0.6970675454255126
596,WS2,4,49,2.131395084999978,2.005339718517681,3.361198044475933,0.03356982932192132
597,WS2,4,49,2.7948496349999834,1.8663130592952637,2.4607284060766768,0.031556843881852537
598,WTe2,1,28,7.063157750000012,-2.057838234135957,-4.194313479293835,-0.2310702332153438
599,SnS2,0,28,-0.7959862075000013,5.302743943706056,3.5166717292615775,-0.9526943046103911
600,SnS2,0,28,-0.5326761149999979,8.028142029408365,5.615694417917478,4.332558685902504
601,SnS2,0,28,0.8973947449999917,4.385424367141935,4.227330358378304,1.3493255292894575
602,WS2,4,49,16.068574652500025,-1.3357382470638282,-2.8944937243333175,-0.03413492980308419
603,NbSe2,2,28,0.0373274299999897,3.599639593213715,2.123496550967214,-0.10102445021279895
604,WSe2,3,49,0.6564658699999779,3.0050961754152645,1.893415747228212,-0.6337813753456404
605,NbS2,3,28,-3.2627310800000053,6.430189653977157,5.68523928000967,2.689039394005539
606,WTe2,1,28,0.2470353400000205,2.7410354658674927,2.6139162425907183,0.13258545048154688
607,MoSe2,4,49,5.354987094999967,-1.2010217807706383,-1.391302615604419,0.336445857880892
608,NbS2,3,28,7.538184110000009,-3.434133871072804,-5.003633602136647,-2.6459973093611744
609,WSe2,3,49,4.843084629999991,0.6484262380725188,-2.294016973800854,-0.14097735944131617
610,MoS2,2,49,8.036443474999974,-3.96642383248797,-4.63323839814654,3.3626574644328056
611,SnS2,0,28,4.559215079999992,3.0195000854561433,0.7182373093992185,-1.0652875217368494
614,MoTe2,2,28,15.728057297500012,-9.022998722823498,-12.957042050790823,-7.970284057092704
615,MoSe2,4,49,0.1455248949999648,0.7157562615399522,1.5966925662681424,-0.03215209226558979
617,MoSe2,4,49,4.18846342499997,-0.18144581254269454,-0.9026912603372907,-0.015026147523976796
618,MoS2,2,49,3.0860618349999616,-0.05063724488918275,0.42078983812625914,0.2781636320461405
619,WTe2,1,28,6.721357155000019,0.21296146695330886,-3.851370064571349,-1.9285866897849724
620,WTe2,1,28,2.127151687500005,2.1679125233917187,0.7789852226206411,-0.8128433223139495
621,MoSe2,4,49,0.7404898000000122,1.5586368647974527,1.7713361588877237,0.02383963344114992
622,WSe2,3,49,2.9091710549999616,1.6544429955473205,-0.3453189832378767,-0.2813105088879011
623,WS2,4,49,0.7853361299999859,1.629387902084161,3.1234268018237445,0.007443156702488074
624,WSe2,3,49,0.1605038049999896,4.00890348323345,2.424256940366425,0.08027225701172916
625,MoS2,2,49,0.4522946999999964,1.1246573600636836,3.0233738098012326,0.016915527330529312
626,NbS2,3,28,2.785021105000002,1.6597355618192529,-0.17149229704203472,0.03730253518757953
627,NbS2,3,28,10.038074206250004,-2.752528221346032,-7.445862641868086,1.8863715818155882
628,MoSe2,4,49,4.782056179999988,-1.0399778757092166,-1.458445397376697,-0.47955529626178794
629,MoS2,2,49,10.137023217499957,-3.819743242880409,-6.845352895081744,-0.5271383196321189
630,NbSe2,2,28,2.1747934949999905,2.3192053504183034,-0.05845949377674442,0.8863130278780207
631,MoSe2,4,49,5.393530850000016,-0.0020163897542477827,-1.5037865682312175,-0.030183001743587567
632,MoS2,2,49,7.253878713749968,-1.5934737136991055,-3.9407976081998375,-0.5117446195116866
633,MoTe2,2,28,4.542003105000019,0.9450688859667782,-1.75624945751365,0.05802000570758192
634,MoTe2,2,28,4.5458130075,1.4267461266654466,-1.7662040425799557,-0.35061415368937165
635,WSe2,3,49,5.416102834999997,-0.3151967808211227,-2.886508572558997,-1.4222912276391568
636,WS2,4,49,5.192909404999994,1.3820319122404037,1.5106480863024965,0.02070251567464787
637,MoTe2,2,28,2.373175492500016,2.893829315290104,0.4401561115038901,-0.09917437097902004
638,MoSe2,4,49,0.9103476600000148,-0.01856255493053638,0.5866972609213109,-0.24613281052796887
639,NbSe2,2,28,3.0093396799999863,1.8390025797249483,-0.8158319291709253,-0.5366340376176826
640,MoTe2,2,28,3.4420478050000183,1.6134685969266584,-0.6698984011100442,0.31050613481931766
641,MoSe2,4,49,8.430944969999986,-1.1159913249295927,-2.54999443962991,0.9039476208406718
642,WSe2,3,49,4.590783399999948,1.226965385018973,-2.000248077174834,-0.29070135221959337
643,MoTe2,2,28,5.916465756250008,-0.3920172025288977,-3.134171323927824,-0.4747625956461672
644,WTe2,1,28,2.9972705550000063,0.0005709621305274304,-0.12848874996155413,-1.1050174342597516
645,NbS2,3,28,15.61004196500001,-8.132433602166351,-12.96727548932252,-1.4736493716162204
646,WTe2,1,28,1.3677005050000048,2.2195607744240267,1.5359864952746534,0.8380963725431265
647,NbSe2,2,28,-0.649095582499994,4.945506063635045,2.8238379632779886,1.1960724667061302
648,MoTe2,2,28,2.7060913200000165,2.069939617830591,0.11021471472390099,0.06142918717670076
649,MoSe2,4,49,0.5968529625000007,-0.5919924024007169,0.9027910785614006,0.11143161423390635
650,WSe2,3,49,4.728529422499983,1.0082073519445967,-2.1302538405043374,-0.3343921989383789
651,SnS2,0,28,0.4236658899999908,4.1982540598494555,3.8051679045938203,-0.007621177933340384
652,MoTe2,2,28,3.2101693450000064,2.3900826475435317,-0.3612668016141827,0.2888288996034687
653,WS2,4,49,2.1890140074999938,1.585678448427537,2.701840351173102,0.10680479819458633
654,MoSe2,4,49,4.213442090000001,0.17102535283040243,-0.6317133931768808,0.01800131515136627
655,NbS2,3,28,1.8817192175000024,2.3508890213559956,0.7333147269478331,0.547315055329689
656,NbSe2,2,28,3.137467594999987,0.9382474700024543,-1.0444724679578523,-0.289259962299385
657,WTe2,1,28,3.5912382250000103,1.4545793886016742,-0.689980471627818,-0.1261986538737081
658,WS2,4,49,7.212721600000004,1.5268264473836233,0.0462229114135706,-0.15990044063721065
659,WTe2,1,28,2.726720195000005,1.4515944908215284,0.13686058820820657,-0.12102033792399558
660,MoSe2,4,49,11.401580460000016,-3.4343207350651204,-5.093799081571874,-2.040066686399756
661,WSe2,3,49,2.558246532499993,2.083918015738125,0.004618963181769686,-0.4363075091642181
662,WSe2,3,49,3.8013643674999695,1.0894505328982849,-1.2751818749259134,-0.3463156474580589
663,MoSe2,4,49,2.808276267500005,0.27032429809244274,0.06192031338683579,-0.10968098208435562
664,SnS2,0,28,2.6920039350000007,4.909253389218749,4.039156546770832,1.4928407178116858
665,NbSe2,2,28,3.377959139999985,1.515609614196182,-1.2281239508164319,0.39887367898500026
666,WTe2,1,28,2.500687424999996,3.567798590001937,0.36220742795614,-0.38784081206969834
667,NbS2,3,28,13.59140356499999,-6.99329877017984,-11.05057104546874,0.19248175502768028
668,MoS2,2,49,0.5899471974999828,1.677748825487383,2.909344381428647,-0.014421754740786885
669,MoSe2,4,49,7.666326410000018,0.5229595041031718,-2.8016662264113537,0.22974915660968254
670,NbSe2,2,28,2.5241816249999864,1.4671267462260063,-0.42172028695677355,-0.46316291963194445
671,NbS2,3,28,0.4432850549999881,3.196384601753552,2.044890337150891,0.6320057441409421
672,SnS2,0,28,1.583003654999998,4.473936900572512,3.580245917118125,0.6351819287504088
673,SnS2,0,28,-1.705751782500004,4.587443635705367,5.7047983466021766,0.4839008309873494
674,MoS2,2,49,11.396682299999954,-3.8206628539448593,-8.101670541195633,-0.7718727169717958
675,NbSe2,2,28,0.8663908324999938,3.4001906233665022,1.3098488169547586,0.7870902933316102
676,SnS2,0,28,6.392648620000003,-1.0699510600075302,-0.07683253545613855,-1.0976695245410184
677,NbSe2,2,28,-0.7946967249999961,5.256149368076575,2.989398396600338,1.8338150546839358
678,NbS2,3,28,-1.3775477250000103,4.806085888503022,3.7845785061101385,2.4025213956415916
679,NbSe2,2,28,5.841087734999991,-1.1530856254724027,-3.6734803480930487,-0.5923484924462796
680,WTe2,1,28,3.622625167500015,0.6382037248899186,-0.71866931054099,-0.27989607585572784
681,WSe2,3,49,2.87158695,1.970062343899536,-0.3107675625640871,-0.4771602068105065
682,SnS2,0,28,4.078459654999993,4.882527753955899,3.100644434736945,2.201559946186123
683,WS2,4,49,1.3907433949999837,1.7496689356274577,2.9672234253989833,-0.08435199688800443
684,MoS2,2,49,1.833009552500008,0.9093741659905925,1.5909955585585451,0.028508671580395495
685,MoSe2,4,49,6.0082265475,-1.1516494689986159,-1.664117330174153,-0.21263868993570956
686,NbS2,3,28,1.0232376774999938,2.6822952309396424,1.4722970206684427,1.226994303777472
687,MoTe2,2,28,4.342586289999998,1.4811311452010107,-1.552765698391315,0.19748678688395405
688,WS2,4,49,5.821360810000023,1.6506691938655367,0.6038017437872085,-0.11094210882814792
689,SnS2,0,28,-0.750772400000006,7.055638713934332,5.9382846388204,2.961368365385443
690,NbS2,3,28,-0.6457849975000163,4.009160899675919,3.0894995367100178,1.729332073089514
691,MoS2,2,49,0.0486605500000072,1.8764549558542816,3.431093262154127,-0.1826883489705476
692,NbSe2,2,28,2.127096090000005,2.511644449550776,0.026220964112747325,0.22555502923217263
693,MoTe2,2,28,3.4804200150000044,1.1914303484134887,-0.7026212828782188,-0.4794112659918257
694,MoSe2,4,49,14.616825354999971,-1.1914735763337934,-6.754052890247774,0.22249450990888242
695,NbSe2,2,28,3.3289054949999946,1.231990822164109,-1.1956341981809433,0.13518111706563873
696,WS2,4,49,1.2958034174999804,1.1920542024213858,2.648804317180195,-0.15918126676094646
697,MoSe2,4,49,5.158609989999966,-0.246821844298875,-1.3289632436824204,1.1924910905766133
698,NbSe2,2,28,1.4589139750000104,3.4091016321980687,0.7532036969665423,0.880966332515452
699,MoS2,2,49,8.031418984999988,-1.6606032310632202,-4.686805194487903,-0.8640005050805541
700,NbS2,3,28,2.1968742924999933,1.9894482376106835,0.34359567184530304,1.1858958484657864
702,MoS2,2,49,15.2534696025,-9.38001153492391,-11.883250212902425,1.2215549387190752
703,MoTe2,2,28,3.742076459999998,1.6930344268916846,-0.9634060695530171,-0.31147438633056446
704,WS2,4,49,4.743447197499986,0.3137411544490698,1.2401378422745912,-0.5754426847131207
705,MoSe2,4,49,2.0119882875000044,0.330433403122961,0.1668467866068477,-0.1732728534256025
706,NbSe2,2,28,5.087127246249995,-0.8286912816656447,-2.906300900170487,-0.021259345401606566
707,MoS2,2,49,10.592041034999998,-5.500502844158323,-7.306335548066608,1.500298798577477
708,NbS2,3,28,3.982233599999992,2.7248901564086996,-1.1757214031412677,0.7298181094930092
709,WSe2,3,49,0.779092882499973,2.7839536523561876,1.7715947484713,-0.3590849781293472
710,NbS2,3,28,2.123821982499985,2.469144097211929,0.5196712724794668,0.23089539134797654
711,NbS2,3,28,2.2515354100000025,1.7778184470404028,0.20965282687235254,-0.13267921836487062
712,WSe2,3,49,0.0085609449999508,3.5574126547518397,2.5497511531852703,-0.7898072097755449
713,WSe2,3,49,6.229051344999974,0.16536435146202155,-3.613716595778172,-1.1348181500129941
714,NbS2,3,28,2.795825374999996,2.586399979512536,-0.27662763285572955,0.16404289714559317
715,WTe2,1,28,1.475550495000021,2.076619304804667,1.3828000998384395,0.0253821587449945
716,WTe2,1,28,1.794276237499998,1.2922992706176777,1.0579108397043882,-0.7020053068918846
717,WTe2,1,28,3.6206315300000007,0.9564215400683587,-0.7500454526277678,-0.5286043426525886
718,MoSe2,4,49,12.55727468749998,-4.341380942077617,-7.038080164006531,-0.17651513041176337
719,WTe2,1,28,5.821652980000018,-0.6471907410524675,-2.9255628698569924,-0.8480645133557312
720,NbS2,3,28,6.374410525,-0.9199532419799805,-3.7239255657155357,-1.1533941179870606
721,NbSe2,2,28,-3.0222713700000123,6.251458063827323,5.204803044702975,1.5079564006193158
723,WSe2,3,49,10.960543064999992,-5.582286426155185,-8.325366247423903,-3.167464324562167
724,MoS2,2,49,8.68302811666664,-3.003208532773817,-5.3332346030507125,-0.5284405299458541
725,MoTe2,2,28,0.9245740775000132,3.9734575546054964,1.916158338017158,0.08571114105670874
726,MoTe2,2,28,10.947018905000023,-4.5082023576062245,-8.195509556448592,1.362028793974586
727,WS2,4,49,0.9031679662500128,1.7966302998429233,3.1282121308213173,-0.03309544249716456
729,SnS2,0,28,6.560050587499998,1.2271481149943053,-1.054388305192056,-2.1782451675781234
730,MoS2,2,49,12.82082044499998,-7.265734388608581,-9.439596766411112,0.4311527071606651
731,NbSe2,2,28,-2.2524996550000025,5.250643288206688,4.428358391038211,0.868405575664472
732,WTe2,1,28,3.643622450000017,0.9427590648671296,-0.7290134151438563,2.666822063956689
733,MoS2,2,49,3.3405492075000067,-0.5730523434990507,0.11828559957803675,0.00021618925394006894
734,NbSe2,2,28,11.359664595000012,-4.731623168659273,-9.193324482313855,-1.2933775542895631
735,MoTe2,2,28,0.7029341575000121,4.413658647090849,2.1344177209840782,0.06402260894641942
736,NbSe2,2,28,2.890425609999986,1.1259677336075988,-0.7869898552239851,0.23885074510763937
737,WSe2,3,49,6.366996719999952,-0.816916420622511,-3.739023401899977,-1.6913669452705413
738,NbSe2,2,28,10.202979389999998,-4.818361902410479,-8.13829221742818,-1.934734964544269
739,WTe2,1,28,1.3027810850000172,1.475368519797346,1.5451450548315258,-0.6894279517984181
740,NbS2,3,28,-2.103213960000004,4.661431326536462,4.519001259474084,1.2206092020552615
741,NbS2,3,28,2.7382099200000085,2.3727221122672444,-0.21440350698527855,0.8597147098472
742,WTe2,1,28,2.163335267500015,2.0320647321185152,0.7172466677467706,2.583364701473781
743,NbSe2,2,28,8.857112122499998,-1.803205204927977,-6.694522731427407,0.16294317153686677
745,WSe2,3,49,7.587935359999967,-0.7725300706678944,-5.008998465265266,-0.02629748158199785
746,SnS2,0,28,0.1984593062500041,4.184241454909257,4.297417006005856,0.5488416364888469
747,MoTe2,2,28,0.0425825000000221,4.407880000254291,2.7503340363311546,-0.040281760711692025
748,NbS2,3,28,5.6299104500000094,-0.4450599161967057,-3.2039344914937433,1.5418264261698313
749,SnS2,0,28,3.0541962500000017,4.0747161988830545,3.606921542129515,0.7628602469380681
750,NbSe2,2,28,0.9301448599999969,3.6772712134812453,1.2557852331294792,1.6378446483109568
751,NbSe2,2,28,4.709674050000009,0.21480130196939218,-2.5554967816538583,-0.2632807191080824
752,NbS2,3,28,-2.7118195549999995,5.0491988516206865,5.1567495123898315,1.2592432356233718
753,WSe2,3,49,1.1215993874999712,3.013646571464059,1.4618186639018027,-0.5421926094822914
754,MoSe2,4,49,0.4203839850000009,1.1294315505453483,1.525459870539957,-0.21216699993326912
755,WS2,4,49,7.615526920000027,0.4264951492952207,-0.2892221663786083,-0.6647679859790312
756,MoTe2,2,28,3.363397079999995,2.2168973701241095,-0.5671299679038442,-0.02794770230427579
757,MoSe2,4,49,3.917646729999985,0.044485723918472164,-0.6942891320131279,-0.16550350591958107
758,NbSe2,2,28,10.540765784999987,-3.296809060197334,-8.366102241298815,0.12964723227296204
759,MoTe2,2,28,2.1816835875000047,3.1620215898071242,0.620122862390132,0.005642366937251175
760,WTe2,1,28,2.7505854724999983,2.2078454535050476,0.1640566230657976,-1.0193287888324976
761,MoTe2,2,28,-0.3710272449999849,4.37696990755695,3.1784280279030206,-0.12720130495729048
762,NbS2,3,28,2.717257559999992,2.115476547971199,-0.22436569204446632,0.9707375559159419
763,NbS2,3,28,-3.803917770000012,6.136780465058199,6.262424195221773,2.1256408337868367
764,MoSe2,4,49,6.564735875000002,-0.7110288793538428,-1.4730414405161563,1.3109113519693993
766,MoTe2,2,28,5.626605150000003,0.34744092137043925,-2.822241501903283,-0.3783233532267287
767,NbSe2,2,28,2.1299574150000105,1.8671785420821023,-0.09118165307780979,-0.5996484133952944
768,NbSe2,2,28,1.5962814499999975,2.9074896961385113,0.5243070910308862,-0.25258652469177
769,WS2,4,49,5.883124710000009,1.999609588706046,0.6897058875596027,0.01632718158120916
770,NbS2,3,28,8.426544439999986,-2.895633312273749,-5.726295721738268,0.6125301398746874
771,NbSe2,2,28,1.4285499424999932,2.5946424632006906,0.7009390422437607,0.09718046871165642
772,NbSe2,2,28,2.596307429999996,1.7915492918780558,-0.4188539120861776,0.3373306658557169
773,MoS2,2,49,3.964169647499968,-0.08608570317928921,-0.5398893219282721,-0.027625626529305336
774,SnS2,0,28,1.0725233399999947,8.377477422939458,5.717703834758916,3.97872107782634
775,NbSe2,2,28,5.664700369999991,-0.01077733533202263,-3.4759375462593503,0.3297300130464764
776,WTe2,1,28,4.827590837499999,3.9089590167785655,-1.8695142015034985,0.6039715067331963
777,WSe2,3,49,6.7502651499999855,-0.3455418236348322,-4.139006802170803,-1.5253633148762873
778,NbSe2,2,28,-1.6238991300000112,4.82525168654654,3.786982206477062,0.8726949572298289
780,WS2,4,49,2.4182135049999927,1.7476159945625884,2.508361996759854,0.04681756253032132
781,MoTe2,2,28,7.435176200000009,-0.6433685484802334,-4.618302888003549,0.07276425130410935
782,WSe2,3,49,0.069349049999956,4.157867988472537,2.496946573779341,-0.0004748498148160335
783,WTe2,1,28,0.7262260600000182,2.3452035105159323,2.1233504132360657,-0.6280506138075947
784,MoTe2,2,28,7.276266835000008,-0.8275233327010172,-4.440603516365975,0.1396976094783442
785,NbSe2,2,28,3.7897159199999866,0.5297950962099334,-1.7045568566607532,-0.66249115676553
786,NbS2,3,28,13.011104989999993,-5.760421841298007,-10.442431458785597,-0.14408946926838517
787,SnS2,0,28,3.237138082499996,1.6656551659944698,1.0868070424440548,-1.1856672862328046
788,NbS2,3,28,3.2687140274999944,1.2276384861311902,-0.8246769874253279,0.6982659529687556
789,NbS2,3,28,15.295160089999989,-8.066862697472725,-12.593073085020537,-7.0225150933569225
790,NbS2,3,28,6.714026234999992,-0.9921628062483645,-3.995371284540194,-2.623926979756055
791,WSe2,3,49,-1.897048880000037,6.450730809906246,4.48921903902205,3.063640643496436
792,MoS2,2,49,7.539912074999995,-3.015479852951553,-4.034519126213578,-0.08325482427774578
793,WS2,4,49,-0.0955436274999863,1.0921908264949407,3.201029503901252,0.1809651896948105
794,SnS2,0,28,1.7895921049999988,4.891676904908041,3.9549946806343597,1.1087433518481458
795,WSe2,3,49,3.712759047499983,1.6093312206350876,-1.107927749307641,-1.3023301261183509
796,MoTe2,2,28,4.370687890000006,1.270558587762852,-1.6027809063065654,0.04845674043212256
797,MoS2,2,49,0.3702701216666385,2.6201940093707554,3.1161410524717486,1.7743719929726438
798,MoS2,2,49,7.479496554999982,-0.9398268823518698,-4.149226820935244,0.008778496116961243
799,WTe2,1,28,2.5622913750000107,1.0011643656107476,0.2707978971811822,-0.24054438988241644
800,MoSe2,4,49,3.1090448525000145,-0.09444791341310044,-0.17594892049317856,0.5556659076165626
801,MoS2,2,49,-0.4840407249999914,1.7667527077270422,3.9637929476969314,0.013735838499950692
802,NbS2,3,28,1.1934085599999908,2.5214630055009044,1.2537851420619803,1.0573602604447518
803,MoSe2,4,49,6.307247504999997,-2.0545328710583464,-2.4244344486899787,-1.5028349810945603
804,MoTe2,2,28,1.5981788649999975,3.155234096959841,1.198140540237836,-0.14759842702188886
805,NbSe2,2,28,-0.8675087049999886,4.781001702487375,3.0055319622555428,1.707971985677784
806,NbSe2,2,28,1.313699197500002,3.1984180294185363,0.8755367281744364,0.04399809069529015
807,NbSe2,2,28,3.783427235000012,0.8507294689489626,-1.6601668164259968,-1.5225986605015174
808,NbS2,3,28,8.084199865000004,-1.0945132169490597,-5.291656771636561,-0.8182234360144083
809,SnS2,0,28,2.202340547500002,2.448541219772947,2.265692050995481,-0.8865320128778098
810,SnS2,0,28,11.85284455,-1.0540892221394866,-7.327113224850464,-1.2273508645955413
811,MoS2,2,49,3.69621757999998,-0.5545509292278852,-0.2010616892173056,0.21340500974713095
812,NbS2,3,28,-1.8228796450000024,5.793109906484784,4.340300731629235,2.495647959679466
813,WTe2,1,28,4.125450610000014,0.964450678350409,-1.2222410031935769,0.1493305376389431
814,WSe2,3,49,6.4449873374999935,-0.9094278422098734,-3.8674851663014667,-1.1259955174824965
815,NbS2,3,28,0.319211502499988,3.2606154882633582,2.1464322610421873,0.8856614633126951
816,NbSe2,2,28,9.528894465000006,-2.8708068935380107,-7.3943187801346895,-0.6488377658829805
817,SnS2,0,28,-1.951760085,7.6881118929121905,6.165909957461955,3.4902532811695357
818,MoS2,2,49,8.883525262499957,-3.3794160388162817,-5.503089239423581,3.960613518729698
819,SnS2,0,28,0.2020881825000007,5.249931508967284,4.847588553695881,1.37463018761973
820,NbS2,3,28,3.947675414999996,0.9686495183699582,-1.324483104666744,-0.720877754808142
821,SnS2,0,28,0.7849397699999923,4.285324728392749,3.899875636799324,1.4282836078635737
822,NbSe2,2,28,2.758669710000012,2.1881302040421433,-0.6094703831669226,-0.021721060911470413
823,NbS2,3,28,6.891814986249987,-1.4989450369091664,-4.207975824059231,0.486506820339776
824,WSe2,3,49,3.3326413199999685,1.5279013747276116,-0.7434782550433034,-0.5561307634610686
825,MoS2,2,49,7.333330229999981,-0.6946701169832163,-4.027249570769431,-0.1396276911917944
826,NbS2,3,28,0.8644245749999957,3.643078378211471,1.6490725391815229,1.2645832413147016
827,SnS2,0,28,1.3510195100000015,2.9003373301336657,1.2992887413809189,-0.8882634722879044
828,WTe2,1,28,0.6425764175000115,1.6345095225431199,2.2214858122922654,0.6288754531003711
829,MoS2,2,49,9.879763763333337,-3.436970076148685,-6.583233596071578,-0.8292145740836627
830,NbS2,3,28,4.644464884999999,0.26044361312825615,-1.9965529390211985,0.2620837740067561
831,NbSe2,2,28,0.9597279850000008,3.8121029711411536,1.1560327387497957,0.6650546567287182
832,WS2,4,49,3.923326544999984,1.1241777211031243,1.8371604551475178,-0.19718326433490452
833,WTe2,1,28,5.807802740000002,-0.2729663682602972,-2.911243342620445,-0.7123310399674505
834,NbSe2,2,28,0.3390415725000077,3.782776969980461,1.8351608696691817,0.9573226554306971
835,WS2,4,49,3.4615517225000287,1.335534039523897,2.145154817289807,-0.041394528362455496
836,WSe2,3,49,3.7399491349999874,1.7164989431555302,-1.1966761628930538,-0.9243952314202755
837,NbS2,3,28,4.05285877500001,1.3769105820454817,-1.553714220861826,1.6418381282287502
838,MoS2,2,49,7.427676179999999,-2.864704627786966,-3.945722400143635,-0.06165311634033088
839,WTe2,1,28,4.023208215000013,-0.2128040732560348,-1.1817371787247848,-1.2345621527848434
840,WSe2,3,49,5.0949921749999865,0.8038317220438778,-2.528068874574775,-0.28528167237547475
841,NbS2,3,28,1.4446176066666732,4.8081553603539975,1.2643273497949152,3.52588302148681
842,NbSe2,2,28,2.6372658050000064,2.0029044512967875,-0.5282768841524317,1.5153077805102475
843,MoS2,2,49,3.2051360774999718,-0.35813237915097274,0.28733339220624554,0.20351702283165274
844,WSe2,3,49,2.9236431424999614,2.3052351966317115,-0.33662385793371774,-0.2706670269553242
845,SnS2,0,28,4.565625714999996,4.708994341152348,3.437663666663008,0.8462620896671593
846,NbS2,3,28,0.5167200450000013,3.3446242924633776,1.9759496963126613,2.174414646238402
847,MoS2,2,49,8.693471029999982,-2.57475272377643,-5.370946244004498,-0.4906529541841458
848,MoSe2,4,49,3.805870077500016,-0.8050355330003005,-1.2247992172730666,0.2509414936212
849,WSe2,3,49,0.7790955724999469,2.7969568547919232,1.7715547062272665,-0.3558810574496946
850,SnS2,0,28,1.5992990624999956,4.392556717783615,4.264615904083256,0.5300737726593061
851,WTe2,1,28,3.945584395000002,0.2824391340527326,-1.0847260340736917,-0.6940372173673519
852,MoS2,2,49,3.954013529999997,-0.873413904094642,-0.4641533132234672,0.1515752240181505
853,MoS2,2,49,4.282887630000009,-0.6218259457094413,-0.8659023566388031,-0.37468188239563904
855,MoSe2,4,49,12.673153129999989,-1.3022024311474496,-5.030252106771026,0.7269787313688258
856,WTe2,1,28,4.760462515000009,0.8807771280969146,-1.7912408435776865,-0.0037197196915785824
857,WS2,4,49,1.84425112375001,1.5032071593564758,2.727472337401113,-0.2585979379055887
858,NbSe2,2,28,2.0789294875000017,2.1642575426564514,0.042464034126788786,0.27427500125427073
859,NbSe2,2,28,5.015703919999998,-0.4944662287565089,-2.8433362677427145,0.4648231630790223
860,MoS2,2,49,0.7183423699999605,0.7777983484601225,2.75908511260502,-0.05340388040391153
861,NbS2,3,28,0.9908936799999832,3.1252066312793136,1.451574009514177,1.1951070247653366
862,WTe2,1,28,3.3834663500000173,1.1328059564422435,-0.5429847508280607,-0.13660044169516716
863,MoS2,2,49,5.1286889699999545,-1.5521614936892245,-1.636913695723221,0.24917094032922815
864,MoSe2,4,49,4.421345560000004,-0.032730746513268905,-0.8580710175093631,-0.002649951225182967
865,NbSe2,2,28,2.849956284999993,0.9199918796219957,-0.7251436422667372,-0.8859284431141086
866,WS2,4,49,2.733940640000001,1.5056794097945136,2.322842400364582,-0.1162532557124849
867,WS2,4,49,1.0721995000000313,2.3114459550424895,3.286805394892344,0.0004702444915458681
868,NbS2,3,28,-0.2986007149999921,3.421980978646436,2.7459396934494955,0.5880617316549603
869,SnS2,0,28,9.976079204999996,1.9535434451464884,-1.9801033132509316,0.7947309222583048
870,MoS2,2,49,1.83272996249996,0.9041375050623974,1.5899742573181552,0.052719685403482375
871,WSe2,3,49,0.8669983499999949,4.4525922185424855,1.712087079509486,0.1260932332519582
872,SnS2,0,28,-0.7934214862499998,4.97057729883138,4.89380818529073,1.4905518881792195
873,WSe2,3,49,3.8600518149999954,1.5438558814060515,-1.2926063778865515,-0.8311662915218054
874,WSe2,3,49,5.617817139999949,-0.060029443479461264,-2.988928135610504,-2.1905645294754534
875,MoTe2,2,28,2.720782012500016,1.311313578727198,0.08656917933856656,-0.2933811056193192
876,SnS2,0,28,0.3894246933333307,6.311035740626631,5.276459642502444,0.986539471400556
877,MoSe2,4,49,0.6146608499999648,-0.36242162270504297,0.7594622862025295,-0.45089061144151354
878,MoSe2,4,49,6.917753955,-0.8658157391084798,-3.284689764453329,0.04785464180175758
879,NbS2,3,28,4.831250790000008,1.4014153845707114,-2.078351699550993,-0.4521655671199625
880,WSe2,3,49,1.4347348199999748,2.3082419249697113,1.1349383208437347,-0.7559200114723462
881,SnS2,0,28,-0.3629331750000011,5.5914863111897795,5.32658832891032,2.4451291722381603
882,MoS2,2,49,0.1509688249999774,2.1230926164215314,3.344092493079653,-0.1403000704223407
883,MoS2,2,49,3.977600224999964,-1.4533097427967983,-0.5048780125264125,0.09600356401167387
884,MoSe2,4,49,3.2647130049999853,-0.05480213540159662,-0.5239940045015317,0.09648542029298346
885,NbSe2,2,28,-1.558489169999998,5.327860123241982,3.7537566088885477,1.630719509050291
886,WTe2,1,28,2.599642150000009,2.0352331475463776,0.2680716192769279,-1.1667154157114756
887,MoTe2,2,28,0.6370455775000057,4.445256277587275,2.203692003753046,0.08601526882872967
888,WTe2,1,28,1.0804379000000133,2.302618104842109,1.7810056990651317,-1.3378639234832896
889,MoSe2,4,49,6.212209384999969,-0.3298012429101256,-2.7095904363813985,0.1440717365718891
890,NbSe2,2,28,-2.001773524999996,5.273622243325293,4.172544964870195,0.810924777110795
891,NbSe2,2,28,0.7916350774999912,3.5040971027775156,1.376827516850188,0.82135661313569
892,WSe2,3,49,-0.170445864999999,3.518081452056477,2.7374486382849113,-0.8709455871535247
893,WSe2,3,49,4.96424643499995,0.023815589116566116,-2.376323146654613,-0.7751671503319812
894,MoTe2,2,28,2.689456537500021,2.640362029140197,0.11876305427650902,0.16021140899757835
895,MoS2,2,49,7.656275594999966,-1.8245148706143866,-4.317549471825934,-0.9085973151232567
896,WTe2,1,28,2.1901643625,1.8058880616129556,0.7000678826273599,-0.06250973056742337
897,NbS2,3,28,-2.026693812500012,4.877351116628024,4.477577995747897,1.3953641171163045
898,SnS2,0,28,0.8119840249999957,5.402303097090662,4.41518723710531,1.3812388950998984
899,SnS2,0,28,6.18723858,0.49607478975097674,0.4295836627368166,-1.2505962511018875
900,SnS2,0,28,0.5431060699999986,4.06928134874695,4.111669072669679,1.14976279850993
901,WS2,4,49,5.947186500000028,-0.13404181616213773,0.80519697053525,-1.0433569254150674
902,SnS2,0,28,1.213766155,3.4372160659676103,3.3840984728381347,0.5699895447934977
903,NbSe2,2,28,9.034194294999992,-2.5239006523201413,-6.847773059597566,-0.6065862818469157
904,NbSe2,2,28,4.746846357499988,-0.9606540993009323,-2.6052548880531705,-1.292319297309152
905,NbS2,3,28,2.9812037650000067,1.9993983404585705,-0.4556075039755316,-0.5714507602901273
906,WS2,4,49,3.4301725449999845,0.8891763465761464,1.8162023799776357,-0.28275404600706455
907,WSe2,3,49,1.4924956274999506,3.3840977636006153,1.0777255581842535,-0.1711939685516881
908,NbS2,3,28,5.066724452499992,-0.7034557592118249,-2.502631180608716,-1.5162727764491701
909,SnS2,0,28,-3.2567523850000093,7.4579349093632095,7.816035403112192,3.517646524607757
910,NbS2,3,28,4.23768563250001,-0.773308070295013,-1.732928307645477,-0.8704986093371678
911,WTe2,1,28,3.9410118399999945,-0.37555123755757114,-0.9631319978775985,1.4588084877587946
912,WTe2,1,28,16.966261565000003,-5.289719998151249,-14.034374097297773,-9.543966630409347
913,WS2,4,49,2.245044259999992,1.9507885488124672,2.583120953267017,0.07559201243042812
914,NbSe2,2,28,2.3551648475000047,3.488776205254715,-0.23160378309774243,1.5362255556117712
915,MoS2,2,49,5.0589466650000094,-0.005293106904713518,-1.6764775672267755,0.15523634764444072
916,NbSe2,2,28,2.7561024237500047,1.6260763596667434,-0.6747735548840379,0.7049421261920119
917,MoSe2,4,49,2.309842442500005,-0.014386748301396413,0.10806797442097515,-0.18426741662364154
918,WTe2,1,28,2.240054113333349,2.158997235034978,0.6331802381426845,-0.45028696722281447
919,WS2,4,49,4.155081335000009,1.8137862848323474,1.7148277925532946,-0.10952510763387924
920,MoSe2,4,49,3.3933168699999747,0.1725694685518646,-0.575495287841568,-0.01509011295041418
921,MoSe2,4,49,3.834757305000009,0.3830448222023426,-0.7636449106671233,0.14916962701699932
922,NbS2,3,28,0.065077020000003,3.127210226386207,2.360240346917925,0.12212352626464544
923,MoS2,2,49,2.490505382499975,0.1548633922319791,0.9989894975405118,-0.13024767744728116
924,MoTe2,2,28,-0.5862110749999884,4.416468451035043,3.3989952699462775,-0.013820062466442296
925,NbSe2,2,28,10.533861800000013,-4.042560899222832,-8.415570501451633,-1.230374658072929
926,MoS2,2,49,2.725559322499996,0.12063458714508446,0.7653765594325805,-0.16449619180338138
927,WSe2,3,49,3.0842281074999534,2.018773725462083,-0.4811687361874939,-0.29940238512344797
928,WS2,4,49,1.0078542049999928,2.1603330953641837,3.0262526058876613,-0.0762471572832163
929,MoSe2,4,49,2.2181886125,-0.24792453531341563,-0.11330728614247665,-0.03541033351338729
930,MoS2,2,49,4.6298304249999935,-1.3136760244923846,-1.1508705467142675,0.0908164332153385
931,WSe2,3,49,10.173338679999995,-2.1122221435416613,-7.505800513953853,-1.3333792175162706
932,WS2,4,49,4.898034034999983,0.7220545422705245,2.281229954130673,-0.7325424540368486
933,WS2,4,49,2.980523404999992,1.2949052080269445,2.3125313346342042,-0.19243444753132355
934,NbSe2,2,28,6.842950055000008,-2.29668755232972,-4.69724562664511,-0.6304092695284096
935,NbSe2,2,28,0.9448096774999912,2.9613987581943855,1.2529119627689702,-1.0849051498358067
936,WSe2,3,49,4.329228849999994,1.2970806243092916,-1.74337193547973,-0.18539886851399068
937,NbS2,3,28,-2.4636332450000027,5.171506668894249,4.906572884091494,1.1363395311124702
938,NbS2,3,28,0.5035876675000011,3.2521603660235585,1.9532231247871898,0.7769127842237336
939,WSe2,3,49,3.064888607499963,2.0753443131467044,-0.4806449920316198,-0.7506301910062292
940,WTe2,1,28,3.536123199999997,1.1783137284311964,-0.6746085521982796,-0.1365410524017303
941,MoSe2,4,49,4.407009252499998,0.2690593713606786,-0.8143873697434469,-0.048430570554197416
942,MoSe2,4,49,1.4046279275000035,0.3339834527591925,0.621699563306576,-0.01894315914113709
943,NbS2,3,28,2.0103449875000035,2.9875469154235805,0.4950039333221401,1.7064062700785283
944,WS2,4,49,1.4538667150000153,2.401565318538803,3.0245650661330004,0.10056210084165951
945,WTe2,1,28,1.6744825200000042,2.6806924983105427,1.191423400664465,-0.14752051788157572
946,NbSe2,2,28,3.473297099999991,0.8977653376932873,-1.3963625239654451,-1.4258577632232576
947,NbSe2,2,28,-1.7611024075000126,4.826412965183321,3.9289774589984257,0.38777610592530554
948,WS2,4,49,3.0719175650000268,1.0706394202192926,2.502168226905694,-0.08456535272992571
949,NbSe2,2,28,0.0365280900000035,3.6065759863854945,2.1258614268304408,0.08141869370157528
950,MoTe2,2,28,5.756674917500023,0.16502571904579444,-2.991700561802391,-1.006607842406436
951,WSe2,3,49,1.1255592799999488,2.626386771915538,1.43227582208135,-0.5383404390829972
952,MoSe2,4,49,0.4198774049999656,1.1373807241199074,1.5169798582472065,-0.20203593873206196
953,MoS2,2,49,13.947418594999968,-8.078420305891692,-10.593853776299813,0.3969217294018872
954,NbS2,3,28,4.306346193749985,1.7166797957824853,-1.680899397332749,-0.010584211150090894
955,WTe2,1,28,0.1451495800000044,3.189216264726558,2.715998856864213,0.2353462066668657
956,MoSe2,4,49,14.463321004999964,-5.890619550837366,-7.87119066188066,-0.6323324389192351
957,WSe2,3,49,5.615263519999955,0.42771158782882157,-3.050703901367956,-0.0016195558682818856
958,MoS2,2,49,3.964183157499999,-0.09776567003763725,-0.5431783058408599,-0.06315468332804253
959,NbSe2,2,28,2.4017874324999955,1.8649751420137575,-0.2872155035220292,-0.08977452165709998
960,MoS2,2,49,5.1943011150000045,-0.8852794831233766,-1.8041875228521773,-0.10159077895060697
961,NbS2,3,28,8.418828520000009,-2.687762928823658,-5.718189510524301,0.7323555620312412
962,MoTe2,2,28,5.952075560000018,-1.3803196739221368,-3.167002041246966,-1.1768178136214367
964,NbS2,3,28,12.891880807499984,-6.924027738194564,-10.120932159047225,-5.389972982030013
965,SnS2,0,28,-0.5082461550000028,5.560918859060875,5.213562698579104,2.0363412811520414
966,MoTe2,2,28,8.37746172,-2.063322512795817,-5.599963474760742,-3.195223618040771
967,WS2,4,49,7.444650140000028,-0.8413626021073686,-1.2277088628139516,-1.7091866797135697
968,MoTe2,2,28,3.8078607775000215,1.3764418704085069,-0.9881865240362764,-0.34629901818707376
969,MoSe2,4,49,0.1553669550000043,0.8472605369509845,1.5836358290932167,0.02571402212198462
970,WTe2,1,28,4.069901385000007,1.2114108422491388,-1.1985287647353178,-0.4929615637567206
972,MoSe2,4,49,2.490591534999982,0.1693242301265645,0.2924938906948018,-0.21313199304339836
973,WTe2,1,28,0.6797520174999949,2.0144500877042693,2.19425155178508,0.5586888537387136
974,NbS2,3,28,7.220003760000003,-0.9067902526656111,-4.44177158290141,0.07046604539957446
975,MoSe2,4,49,1.8951423999999752,0.5975796344543705,0.3445161543950648,0.1885526143178553
976,WSe2,3,49,11.540558694999964,-4.555554905734014,-8.888580679100306,-0.42711722771480787
977,WSe2,3,49,4.438303224999988,0.6090728116439941,-1.8718094753814576,-0.4148832090291217
978,WSe2,3,49,0.1495230149999704,4.004461611134266,2.4351864703719373,0.0859883276844575
979,MoS2,2,49,0.9135291399999949,0.7658303357715913,2.5692190505619354,0.009993372118026755
980,NbS2,3,28,6.898757266249992,-1.7510917656091225,-4.230891036239005,0.4184926676285894
981,MoSe2,4,49,11.188774659999984,-1.185840839911279,-5.350958262650944,1.1534221224300296
982,SnS2,0,28,1.4007042099999991,3.8685252020788585,3.6877940644852716,0.6427439202897143
983,WS2,4,49,15.131284507499982,-2.0411492510506015,-2.906946214424421,0.46148511530275194
984,MoS2,2,49,8.335573054999971,-2.092945116411511,-5.00562510654416,-0.5155236101655793
985,MoS2,2,49,18.93829176374995,-10.248471156246696,-15.70589675057653,-5.296826894568637
986,NbSe2,2,28,10.064530494999987,-3.5107022555590692,-7.8827314805906035,-1.8648010524035517
987,MoSe2,4,49,4.405090950000013,-0.09858050154420273,-1.2461253623840465,0.04246522777505213
988,MoS2,2,49,-0.6808115750000295,1.845495195135019,4.1571198413218475,0.08096465562238464
989,MoSe2,4,49,0.3387765900000101,-0.13852509018820183,0.940318821300649,-0.16164183772645052
990,NbS2,3,28,4.421827925000009,1.0372462543314525,-1.785321605953989,0.2630985848571683
991,SnS2,0,28,0.6435223249999922,5.8245804480306065,3.1615052393666665,-1.1236765214212976
992,SnS2,0,28,-0.4177597100000039,9.50035203838949,6.7163074547509805,4.619375997231449
993,WTe2,1,28,3.3844289749999983,0.9379952778279637,-0.5078840226074202,-0.7467267483612043
994,MoTe2,2,28,3.449815800000014,1.797832598081448,-0.6283356052724343,0.26866844275714774
995,MoTe2,2,28,4.020549625000005,0.7739848198089554,-1.2376715439961798,-1.6760980385945685
996,WSe2,3,49,-0.1446195233333702,4.270661809888343,2.7169741579362348,0.47551590089684675
997,SnS2,0,28,-0.1926965299999965,5.0237637742118295,4.797477839763587,0.6140195115165167
998,MoTe2,2,28,3.6960711650000153,2.4472471702152356,-0.8528017373826242,0.22267808795510335
999,MoS2,2,49,2.4576276599999893,-0.18670293287800055,1.0193868816259872,-0.04022666410969
1000,WSe2,3,49,7.686520622499964,-1.3980791234256644,-5.103944109209559,-1.837516353853724
1001,WS2,4,49,5.107155019999994,0.5761202027783261,2.1829601774995986,-0.5598952124133243
1002,WS2,4,49,2.1525862274999965,1.4879701079492222,2.3918556314274126,-0.01810368482624991
1003,MoSe2,4,49,2.945599570000013,0.2872485179465607,-0.026523365700086288,-0.09738279792054527
1004,WTe2,1,28,1.4653232650000063,2.089806104099929,1.3793242220045918,-0.9976744806804465
1005,NbS2,3,28,3.9254352250000046,0.3711419107218381,-1.3543263274729456,0.31835142788288895
1006,NbS2,3,28,1.5052421075000062,2.5432229854768815,1.0162607846763039,2.135656120191644
1007,MoSe2,4,49,13.935231745,1.5836611789908854,-2.684076527511392,1.5619460148063151
1008,NbSe2,2,28,2.769599854999988,1.658603091980806,-0.6476023396394739,0.8402908443866086
1009,WTe2,1,28,1.873216734999998,2.2055418226375343,1.0029943519089781,-0.2543283568566874
1010,WS2,4,49,6.937739720000019,1.5272868175772913,0.22214799120705297,-0.2690760593147976
1011,WSe2,3,49,2.7990910424999806,2.118684389768798,-0.22589343927427263,-0.48313810569171256
1012,MoSe2,4,49,3.4769392774999943,0.2796328101058001,-0.10543489123392158,-0.004732605467320017
1013,SnS2,0,28,4.383829535000002,4.87380208477132,3.4596255412176493,0.6757056504960106
1014,WSe2,3,49,7.724054646666651,-1.5870170515535325,-5.143932493702376,-2.022101076618636
1015,NbSe2,2,28,1.4932855400000005,2.8956530459171548,0.6626343297408037,0.770946459715169
1016,WTe2,1,28,-1.2912441249999915,3.948487535746248,4.149103339146924,0.8707060174458736
1017,MoS2,2,49,10.17252667,-2.870448740821126,-6.892213257651571,-1.1738630856087244
1018,WS2,4,49,2.3277221474999994,1.330594464743653,2.529751941168824,-0.2095597539300531
1019,WS2,4,49,0.6313164399999789,1.1829863223494677,2.8673102689843963,-0.07656711011513184
1020,MoS2,2,49,5.779774184999965,-1.877700165885789,-2.294166402000291,-0.16111325818111766
1022,MoSe2,4,49,5.651170194999991,1.3629216145906664,-1.3995053180621246,2.4056258789135834
1023,MoS2,2,49,2.613036359999953,0.45169786050480765,0.880592618729295,-0.08160754606562692
1024,WTe2,1,28,4.44538075500002,0.5389065864357301,-1.5906193134513544,-0.8491968986716913
1025,NbS2,3,28,-0.9210613350000032,4.565750815463667,3.375047741326297,1.6751362661447176
1026,MoS2,2,49,1.0764250399999675,1.2000904835926633,2.412176644570345,-0.09279851539262707
1027,MoTe2,2,28,2.7773667650000142,2.5994040492598325,0.021818669977199168,0.09253767365456733
1028,WS2,4,49,5.401377320000021,1.2926416797354934,0.8171169363374622,-0.2646085020984099
1029,SnS2,0,28,2.3639764474999936,4.999302736205654,4.360472074431972,0.9178128553259342
1030,WTe2,1,28,0.15572636500002,2.66459408228595,2.7154083929955855,-0.09974019899965378
1031,WSe2,3,49,9.377222672499954,-3.6904383256015576,-6.830814019240677,-2.297266617812454
1032,WTe2,1,28,2.6561055550000106,0.8996684979378151,0.1979238620379533,-0.8409347106040552
1033,MoS2,2,49,4.6844517900000096,1.0767314718713283,-1.3225658449977717,0.4839373714278059
1034,NbSe2,2,28,1.4751260100000092,2.469801364521882,0.6192734422094635,0.09312929529021297
1035,MoTe2,2,28,2.571859034999997,3.065769838189293,0.23895025938273395,-0.07983509014526069
1036,MoS2,2,49,2.434188732499977,0.5039865086524684,1.048757027591169,-0.019924927746355348
1037,NbS2,3,28,3.618554327499989,1.3118635280806585,-1.1397454873841237,0.9631596668440863
1038,MoSe2,4,49,0.4916450799999792,0.2831004637978317,1.2215176998080652,-0.0524525465069372
1039,WTe2,1,28,5.3920881825000135,1.7314890148927677,-2.53392951461773,-0.22447753720582408
1040,MoSe2,4,49,4.467755299999969,0.4637201803975728,-1.0135834040191343,0.18086069604291843
1041,NbS2,3,28,0.8467282862500016,2.309830704228514,1.613395411666665,0.05972524374369137
1042,WTe2,1,28,1.748383257499997,1.8702489001436393,1.1040705306215446,-0.388981435409848
1043,WS2,4,49,12.988025770000004,-2.7473666920377635,-2.803343639186405,-1.1763595992439821
1044,WSe2,3,49,6.177459544999994,-0.7963623077309103,-3.583462543352045,-1.4234083365039005
1045,WSe2,3,49,3.265984694999992,2.064467270332039,-0.6821550536578291,-0.26361878796670757
1046,MoSe2,4,49,6.731773599999992,-0.06389703851724526,-2.735256100712069,0.16781562068278788
1047,SnS2,0,28,-1.1908470000000042,4.403423707204187,4.612478495157882,0.28751985283407
1048,NbS2,3,28,2.7756766149999894,2.1959121555485135,-0.1128636667730607,0.06731704179424058
1049,MoSe2,4,49,3.0650539800000174,-0.24520647570212528,-0.14832691395997832,0.5441118474332507
1050,NbSe2,2,28,4.6460251899999925,1.4100938546217927,-2.4382759027125984,0.8408304758426999
1051,WS2,4,49,3.7636814900000095,1.4954715581974192,1.9304815145572825,-0.05864453194133423
1052,MoS2,2,49,5.814658077499997,-1.805001489263506,-2.3430917977707897,-0.0281445900020314
1053,WTe2,1,28,2.8192072525000067,1.3582542126997814,0.05204965528095862,-0.552934429484158
1054,WSe2,3,49,5.193790859999963,0.797966294464759,-2.5679799984124383,-0.8324524035282019
1055,WS2,4,49,5.9232291150000025,0.16274939299560298,0.3599124185337299,-1.1389004953609234
1056,MoTe2,2,28,3.6163046750000127,1.5881116000244013,-0.8171999049753951,0.18195839796751656
1057,MoS2,2,49,2.33492408333334,0.9160885598449644,1.1478963480580582,-0.20501397190603265
1058,WSe2,3,49,0.2513620599999921,3.5062047893906736,2.322802092145394,-0.6334907755151289
1059,WTe2,1,28,1.4423590549999992,2.3602511833931485,1.4525891096219896,2.735816394371339
1060,WS2,4,49,6.5481130250000215,0.11309274358518362,0.8958230050699658,-0.42741600351564646
1061,MoTe2,2,28,6.611982357499995,-0.34573905865152543,-3.831152451036372,0.03709187905192568
1062,WSe2,3,49,1.3920054849999817,3.0436383468888533,1.1765470090490906,0.010003286896380637
1063,MoTe2,2,28,4.9101188925,-0.18419130117614735,-2.096133862643636,-1.2047659503511556
1064,MoS2,2,49,8.397314329999979,-1.4465158184948521,-5.075929582176899,0.20301125441164203
1065,NbS2,3,28,4.958421464999992,1.606119715928556,-2.167596098026115,0.012612902879239662
1066,WSe2,3,49,2.035732115,2.863221998324483,0.5321080638075766,0.19240875573008198
1067,MoSe2,4,49,3.4872948850000096,0.5007965838110255,-0.3884054546360365,-0.07979795583130844
1068,WTe2,1,28,0.5993931050000103,2.7453584119779357,2.2150195683144025,0.0172974512082823
1069,MoSe2,4,49,2.8580276750000086,0.06282236352843373,0.046011866880280916,-0.1816805782389408
1070,WSe2,3,49,15.235247319999957,-7.3304926813280815,-12.659487591250363,-0.8908354700243706
1071,WS2,4,49,5.817474162500028,0.6656815648864463,0.9356143912465127,-0.09649510773114844
1072,SnS2,0,28,2.088151184999993,4.029816579536547,2.9589842475612453,-0.03971215912108672
1073,MoTe2,2,28,1.6611522699999988,3.3841754728944915,1.1205264860780857,0.19028017266510133
1074,MoTe2,2,28,1.9820798024999968,3.3457877054345735,0.8327792698673533,0.17269009496094068
1075,WTe2,1,28,2.4284186775000047,2.0418118224033566,0.43340114608296254,-0.29598271990926595
1076,MoSe2,4,49,2.522970175000012,-0.9342097195505901,-0.1342541925628784,-0.1333764148274863
1077,SnS2,0,28,0.1471481749999972,3.585292773486331,3.644017852386986,-0.026249212979123165
1078,WSe2,3,49,6.480956829999969,-1.3493252966951186,-3.896784422213918,-1.0319944594453627
1079,WS2,4,49,4.131345560000005,2.7513671220882108,3.2218060793025662,0.3367336890641228
1080,MoTe2,2,28,5.881969635000004,0.38020592499755423,-3.0661238276066123,0.11198788453124564
1081,MoSe2,4,49,2.661982115000018,-0.4065822520748066,-0.41596847364259615,0.35283575863686334
1083,MoSe2,4,49,2.3553513249999645,0.15883426256513955,-0.01449155422512316,-0.04945321492814658
1084,MoS2,2,49,4.682689377499994,-0.9818352747295065,-1.2065072346065207,0.2878956508304915
1085,SnS2,0,28,5.163602864999999,0.4373588201806653,0.734602574249676,-0.5855789544775378
1086,WS2,4,49,2.5734244125000028,1.4719684186665822,2.6041584872294083,0.06425436964517939
1087,WTe2,1,28,4.141383950000005,0.7727479298065134,-1.2766237895538382,0.06737360945840987
1088,MoS2,2,49,3.6097534049999673,-1.011147692745125,-0.12307830149451471,-0.15767919515092776
1089,NbSe2,2,28,0.8104044225000084,3.6181247605698568,1.3605322414455077,1.0438122723318397
1090,MoTe2,2,28,2.5900100000000217,2.9808356039428494,0.22979284055071902,0.20923241701759698
1091,NbSe2,2,28,0.3502839550000125,3.976808772025337,1.750585501926969,1.2674751932798134
1093,NbS2,3,28,-3.289393032500003,5.801117504545902,5.70755378892904,2.022485181598717
1094,WS2,4,49,10.787209425000023,-2.1294322745280176,-1.8987189865387197,-1.7240904903686758
1095,MoTe2,2,28,1.904696523333348,3.8252270428491064,0.9053178835066584,-0.13121559141552153
1096,WS2,4,49,3.291913944999993,0.7289781982495187,1.6070065115684073,-0.10155713411233824
1097,WSe2,3,49,0.7158336199999793,3.606043382716085,1.858310187093323,-0.08158377385943572
1098,WTe2,1,28,5.743087730000013,0.18345908205748174,-2.8664354892468396,-0.1317178022758112
1099,NbS2,3,28,-0.8124184049999918,4.029627982560417,3.256016794625541,1.1309262750383422
1100,MoTe2,2,28,1.891591323750018,2.8601136869819968,0.9001552131406476,-0.07539460394461828
1101,NbS2,3,28,3.0000489174999934,1.5877024710498113,-0.5960204223472019,1.152222830089118
1102,MoSe2,4,49,2.7781554274999696,-0.6099732928716737,-0.6407369189703065,-0.5878372404221293
1103,SnS2,0,28,0.6579911325000007,4.226618328330687,4.175784705716145,0.5693765865144849
1104,WS2,4,49,14.428715775000024,0.44453073582354463,-2.5165585573384845,-0.808184374955264
1105,NbSe2,2,28,-1.7355353474999982,4.793383959967446,3.9159546335921207,0.359333002605589
1106,SnS2,0,28,-1.4962832275000089,5.075097734030771,6.43813234001069,0.8845255516933276
1107,WSe2,3,49,4.492611644999982,1.231930337014992,-1.8992968383797018,-0.14132428004026476
1108,MoSe2,4,49,18.98257066249997,-8.909063989322886,-12.447078480722016,-7.573321674666312
1109,WSe2,3,49,0.1530664649999656,3.997819434861688,2.4318607760075213,0.07863061751956565
1110,WSe2,3,49,5.401246234999988,0.6343656329046752,-2.8216106943556603,0.09335867044638224
1111,NbSe2,2,28,-2.4908799624999904,5.740605900343313,4.659700264191681,1.4857686655283515
1112,WTe2,1,28,2.5135356750000133,0.555953883537788,0.4381956889322782,0.859175665586331
1113,MoTe2,2,28,7.394125630000013,-0.42804146760580686,-4.582206735550143,-0.09331831290203141
1114,SnS2,0,28,0.8062395949999974,3.917727082983604,3.485665490245771,0.6682049930254135
1115,NbS2,3,28,1.9938595724999943,1.8776473568975887,0.4667613076269588,-0.0635202758411606
1117,WTe2,1,28,1.4151671800000118,1.1989714232104374,1.440272959770496,-2.1743718060833856
1118,SnS2,0,28,0.3822364250000003,5.415319339516194,4.928300118528239,2.199896391314697
1119,WSe2,3,49,1.077284889999951,3.7123034024398276,1.4998816673120607,-0.05551667768153057
1120,WSe2,3,49,2.632200829999974,2.5682913931038667,-0.04568802596860211,0.007708834789861285
1121,WTe2,1,28,6.354099163333336,-2.380155850370486,-3.409192928592125,-0.8591887642142764
1122,WTe2,1,28,-0.0383563499999854,2.4549429080240737,2.886069979404689,-0.873206251725275
1123,MoSe2,4,49,3.9763292199999647,-0.5061386154721732,-1.0092834360033827,0.1953779333203478
1124,MoTe2,2,28,4.910218519999999,-0.05267679992757035,-2.1349277923846426,0.16747875706909277
1125,WS2,4,49,3.433696505000009,1.4510713452400625,2.2943705751798418,0.035911801884756844
1126,NbS2,3,28,-1.6376182475000087,4.097670976152963,4.101943754981901,0.8536586998213792
1127,WTe2,1,28,4.325240740000012,-0.16710226617137902,-1.3676727303055949,0.3626637768558636
1128,WTe2,1,28,-0.3632681649999879,1.4980289421555462,3.211028127081897,-0.7645722744785686
1129,MoSe2,4,49,2.8153720749999738,-0.3732619338816061,-0.6880913231358585,-0.5186311457142887
1130,WTe2,1,28,5.537139533750005,-0.509814857236333,-2.622412481697189,0.5840963137231396
1131,WSe2,3,49,2.477073132499968,2.6771024669161285,0.11681475291161236,-0.01640774757158292
1132,SnS2,0,28,1.672092127499992,6.95111623635092,5.7661758982161535,3.639923882784432
1133,WS2,4,49,4.552814594999999,1.7514590103466805,1.3744477906862391,0.0017635503450526002
1134,MoTe2,2,28,4.790277465000001,1.349088049119465,-1.984355751488852,0.37581143397664274
1135,WS2,4,49,2.6465894824999823,1.716421082939878,2.3905903849265724,-0.10170329081398766
1136,NbSe2,2,28,5.394421377500012,-0.7737818943660599,-3.2625611213049437,-1.3342764762243773
1137,WSe2,3,49,15.466654099999984,-8.202266571898381,-12.832808770715316,-1.6405318160644367
1138,MoTe2,2,28,4.396558990000018,0.10719006268349496,-1.6022211610459567,-0.917050510563779
1139,MoSe2,4,49,2.0852293900000003,0.5638203689111325,0.4525957175744626,0.06126428332458467
1140,MoS2,2,49,2.827737574999964,0.12476026492770931,0.6591707018758499,0.1411456215128939
1141,NbSe2,2,28,4.039768630000001,-0.23474774135355725,-1.892067843409425,-1.1717692352653004
1142,MoSe2,4,49,3.5294227249999697,0.2974984201212867,-0.3506099827666933,0.5800951672017716
1143,MoS2,2,49,10.98567980499998,-5.133667250195496,-7.6980723735882375,0.8766884607877792
1144,SnS2,0,28,0.492378314999991,6.3315223846154876,4.634098608624684,1.3065263821003306
1146,MoTe2,2,28,0.0093107300000054,4.6963017705086205,2.781595699290766,0.1694080355766751
1147,NbSe2,2,28,-0.4315912749999917,4.132839284999585,2.6033957031005777,0.8507381704086221
1148,MoSe2,4,49,2.867874264999992,0.2932972507826821,0.007341583286954556,-0.011614362681673374
1149,WS2,4,49,4.124129469999998,1.1249983948376485,1.6475206059124776,-0.16561168015929972
1150,MoS2,2,49,2.260370844999981,0.8632588442166327,1.2177828605969427,0.21969744125998814
1151,WSe2,3,49,0.4653615849999824,3.9990555546891455,2.1046007575801773,0.4450461568645399
1152,WSe2,3,49,7.198960529999972,-1.3415841134757214,-4.593166736003797,-1.3726705583304577
1153,MoS2,2,49,1.2187315249999644,0.856084463540685,2.2591870998779653,-0.03749346977077739
1155,MoTe2,2,28,6.048195532500018,-1.49798155977256,-3.2496488208962178,-1.4482069130135269
1156,MoSe2,4,49,1.7441856637500144,-0.04979246605460008,0.1836496020453755,-0.3759360089801169
1157,MoSe2,4,49,15.129240154999966,-0.8937763768220695,-6.689343094605679,2.523540377836948
1158,WS2,4,49,17.63382437500003,-2.4247001277669593,-4.855570501810741,-0.716470427042676
1159,SnS2,0,28,-2.094556310000001,4.556844689669191,5.76209538998403,0.35346195918518175
1160,WTe2,1,28,5.656104345000014,-0.09832097975038057,-2.7987280079486228,-0.8719604202868796
1161,NbS2,3,28,5.144620789999988,-0.4507850546789429,-2.5627532540909708,-1.571484698767688
1162,MoSe2,4,49,-0.2041166799999973,-0.04113267086568467,1.3904086925325494,-0.26941130779805766
1164,SnS2,0,28,1.5855822049999997,5.502025178728028,3.90821358726176,1.691415838060303
1165,MoTe2,2,28,6.426511642500013,-1.1426643104992804,-3.6841493022086715,0.031501892045885604
1166,WSe2,3,49,5.9269887399999615,-0.4030586672155376,-3.346587875716718,-0.7586458317764917
1167,WSe2,3,49,4.010181494999959,1.0117171720176605,-1.4424075965573722,-0.5177124226580396
1168,WSe2,3,49,7.897746949999976,-1.0782593782836676,-5.320715973386614,-0.9881069556965905
1169,MoSe2,4,49,2.3505333224999707,0.32312655845604343,0.45824226140302393,-0.19891500076331692
1170,WS2,4,49,2.9839711999999814,1.8783148908508487,2.369614440589415,0.059951224316424856
1171,WS2,4,49,1.0200535799999817,0.9924026384016091,3.2767952734291765,-0.12126957833168739
1172,MoS2,2,49,0.9016947799999808,1.374164734872252,2.582974349053771,-0.03561362167987181
1173,WSe2,3,49,15.062342734999984,-6.80026127086831,-12.471260241535832,-0.9774803438460129
1174,MoTe2,2,28,1.3558227350000154,3.3685202469742688,1.439895378581324,0.16285330755674732
1175,WTe2,1,28,4.767139045000001,0.9275515003999821,-1.8459308222928885,0.07506338000305046
1176,NbS2,3,28,4.197605719999988,1.3846259605521771,-1.6692055372759889,1.2330600909029252
1177,WSe2,3,49,0.8485074649999464,3.7927694508681764,1.7009278326481654,0.02920967233678451
1178,MoTe2,2,28,2.6477265050000005,2.940851878127848,0.1653913170113115,-0.038504967092082065
1179,MoTe2,2,28,2.4803957050000047,2.7336148515388947,0.3086037730222526,0.2514133547788444
1180,MoS2,2,49,4.937532435000007,-0.9903766414921127,-1.4535637797316556,0.07796191161864563
1181,WS2,4,49,-0.2568460449999973,1.5152900760796073,4.2833185340391005,0.016009424669186756
1182,MoSe2,4,49,1.0463217699999838,0.6137532587374022,1.2680056686724,-0.05791411841663019
1183,NbSe2,2,28,1.9925045549999911,2.3803907652565597,0.18725089429505282,-0.10020311476103849
1184,SnS2,0,28,2.564543857499995,6.073753859276534,4.357961600696009,2.272017027611496
1186,NbSe2,2,28,-0.2369981724999981,4.878428550460203,2.377990734476113,2.6458288946730533
1187,NbSe2,2,28,0.7736587062499924,3.101095643140673,1.4000185792622961,-0.21158762127379616
1188,NbS2,3,28,4.016100219999991,1.935839203878996,-1.4584175468635983,1.2255789715893641
1189,MoTe2,2,28,4.096274234999999,0.4267957824967459,-1.3082588693994133,-0.5420497438806144
1190,MoSe2,4,49,6.2031611449999815,0.041739081593036076,-1.8920828349871641,-0.012192631511211971
1191,WTe2,1,28,2.424024305000021,0.8070797510404248,0.46708293631264164,0.05565194164304543
1192,NbS2,3,28,3.6978799950000014,1.2679051904960112,-1.0327003450111913,-0.8595983635302749
1193,MoS2,2,49,5.020553849999978,-1.144781572485838,-1.5515503315775327,0.286106802160667
1194,NbS2,3,28,0.7630469099999909,2.9391753577866706,1.693819831180429,1.2035372956274504
1195,MoSe2,4,49,4.7307267600000165,-1.6150900933842123,-1.5683985167444012,-0.49892811116578795
1196,WSe2,3,49,2.677714224999998,2.24109884466146,-0.13052188987121394,-0.44321294262593414
1197,WTe2,1,28,5.338870320000003,-0.275162729896854,-2.375387781140954,1.1032861537955698
1198,MoS2,2,49,1.9770578549999689,0.5214527838728134,1.5248279564878646,0.05549629462771666
1199,MoS2,2,49,1.4840547774999615,0.564170029285622,1.9938508138289774,-0.15553666499945296
1200,MoTe2,2,28,2.063542075000002,3.083621951896157,0.7560318042419412,-0.046040005526735595
1201,NbSe2,2,28,2.49539754250001,2.0316226734881493,-0.3912830895021666,-0.12385103561829602
1202,NbS2,3,28,2.734641205000006,1.8316892278918395,-0.2694753912360697,0.8506893607704611
1203,WS2,4,49,0.037956489999984,2.4637254736027177,3.825960304459041,0.16854992123455376
1204,NbS2,3,28,4.803343595000007,1.5065137734692309,-2.0224787204781163,0.35047072079589103
1205,MoSe2,4,49,13.905827447500004,-2.633995935048832,-5.376774792597864,2.0732756408789026
1206,MoS2,2,49,9.370229000000002,-1.5733851533610048,-5.994501267023724,2.303289180847166
1207,WTe2,1,28,5.266246956666668,-4.699278356711427,-2.2992908180558285,-0.3426005860968031
1208,SnS2,0,28,-1.134819934999996,5.593169480796708,6.284335643287553,2.4665707650145423
1209,WSe2,3,49,3.784415459999975,1.7299681739315025,-1.2054933472171787,-0.34992398457679785
1210,MoSe2,4,49,0.7284606499999903,0.7593846118916926,1.2523319519032894,-0.01919462318521159
1211,WSe2,3,49,3.842237739999957,1.7190942473810242,-1.2425192487635885,-0.23010376020259393
1212,NbS2,3,28,-0.2871621450000168,4.003524541876034,2.7489430904600183,2.3726370334837
1213,NbSe2,2,28,2.187470552500002,2.166816436076251,-0.07553660589050493,0.6364764003198222
1214,MoSe2,4,49,3.0655967399999904,-0.28489931479348796,-0.1931854094590153,0.5227194621637059
1215,MoSe2,4,49,-0.6654616875000068,0.8928450229314236,1.8899907949117092,-0.04288650725809051
1216,NbSe2,2,28,9.974669645000006,-3.4097085294808,-7.809807091721401,0.6322515509838809
1217,NbSe2,2,28,-1.937720154999988,6.077280139207142,4.138114547013538,1.8917684706839888
1218,NbSe2,2,28,0.2790294575000036,4.297718277841386,1.8917240215039026,0.6852984341676804
1219,NbSe2,2,28,1.7727930450000031,1.8150717115841644,0.3305820322476165,-0.09173896944102289
1220,WS2,4,49,1.2897547675000014,1.7201299873166895,2.7377359278175843,-0.059273381315309015
1221,MoTe2,2,28,0.3775286062499989,4.2980485574462906,2.4312643027364107,-0.03162290493062225
1222,SnS2,0,28,1.1095526875000008,4.6395710447489416,3.4183360873718254,0.23593931784820477
1223,MoSe2,4,49,3.2526927325000177,-0.18808773486512997,-0.6457558803627701,-0.06524955559470369
1224,MoS2,2,49,15.805686515,-7.65507829331014,-12.532353283391927,-1.4852843696142575
1225,MoS2,2,49,17.031499697499953,-9.584358447525386,-13.665643844737096,-0.4159467952782734
1226,MoSe2,4,49,3.66300744499998,-0.1625598538541464,-1.0284910468880009,0.040061844525370205
1227,WS2,4,49,18.84649338000003,-3.4229373700716454,-5.8268682725527245,-1.1893183159131162
1228,WS2,4,49,9.77378432,-0.9695318544340008,-1.4314127767515057,-1.712124824964194
1229,WTe2,1,28,1.1693612550000108,1.1648775920967505,1.7819129810432837,1.1626173442304375
1230,NbSe2,2,28,0.5361852449999961,3.26119234136475,1.6236903068595416,0.5134997563732949
1231,NbS2,3,28,-2.1037724850000044,5.369576537352909,4.539192362370203,2.2656068839054404
1232,MoS2,2,49,-0.2097897000000148,1.78513489831341,3.694282955615249,0.12206414012961277
1233,WSe2,3,49,4.062843164999949,0.9501115071776836,-1.4886353027817276,-0.8285795859492491
1234,NbSe2,2,28,1.6809451200000023,2.2588619771171037,0.41301595991536244,-0.11879786028778305
1235,MoS2,2,49,7.520953220000008,-0.7950663982531818,-4.141158225009978,-0.6444031813444093
1236,WSe2,3,49,5.767009899999953,0.8893020888306138,-3.1418963332834404,0.29648843806360503
1237,MoTe2,2,28,-0.2285458199999925,4.404487565440158,3.048636272829989,0.028481717191358058
1238,MoS2,2,49,1.0675882449999925,0.8785772372031733,2.4190949647371496,-0.07097140463744367
1239,WSe2,3,49,6.330331047499965,-0.2795044184970763,-3.767018675928106,-0.10797297966956165
1240,NbSe2,2,28,1.6366520500000103,1.9179667854492084,0.4836861515228168,-0.17796041327871714
1241,WSe2,3,49,6.876402767499954,-0.8012820800152127,-4.237654439608923,-2.6798616965618436
1242,WTe2,1,28,6.243131059999998,-0.9292637294488504,-3.316119808550413,0.08708375831868675
1243,MoSe2,4,49,3.3765685049999683,0.20174357411176658,-0.22492681824256255,0.012748928039378882
1244,NbSe2,2,28,3.2227790299999963,1.4563108340950555,-1.096846336518551,-1.44619857708099
1245,MoTe2,2,28,0.8272173499999984,3.324075212484743,1.9880664253295914,0.004691710478212041
1246,NbSe2,2,28,0.8186745450000135,3.357487379997952,1.3316240504284533,-0.04500808369121623
1247,WTe2,1,28,1.2812954375000076,1.8601096680908127,1.58799713960774,-1.2178834069620845
1248,WS2,4,49,4.0230242500000335,1.3651561648355788,1.8216475556996325,-0.07964762938947834
1249,MoSe2,4,49,6.478951902499981,-1.3231636398148412,-2.8864105257503065,-0.02637653679766938
1250,NbS2,3,28,6.556471867499996,-0.4028083911918099,-3.860851410168657,-0.5214532644929974
1251,WSe2,3,49,4.129751517499951,1.0417624372984298,-1.5283524931723549,-0.5719022692496254
1252,MoSe2,4,49,7.2560217100000175,-0.6312772947168144,-2.9668533521508964,0.1384917380794093
1253,WS2,4,49,2.0751831124999773,1.6296740779500554,4.303164284350609,-0.24512028602546976
1254,MoTe2,2,28,5.016100150000007,1.1242322309305761,-2.2171562330434234,0.47432066832885056
1255,NbS2,3,28,1.2613708599999862,2.913982269704807,1.2280517792110328,0.7277069067363622
1256,NbS2,3,28,-0.2391801100000144,3.652480624221206,2.709747495355646,1.036519112291376
1257,MoTe2,2,28,1.6295242350000183,3.3696388363144756,1.1942300756078918,0.20052508108834033
1258,WS2,4,49,10.564475140000004,-2.164927245204268,-1.155544043605147,-1.3130459000911507
1259,NbSe2,2,28,8.162757307500002,-1.2389404676460787,-5.986251344492393,-0.35066277803019386
1260,WSe2,3,49,0.7153028899999775,3.831286722960838,1.857368126057355,-0.07234861995501496
1261,WTe2,1,28,0.0505765399999935,2.837056306832282,2.795721121463426,-0.23779123243366865
1262,SnS2,0,28,1.3573611750000003,2.686255437752278,2.909131748100789,0.4831855919169106
1263,NbSe2,2,28,-4.515740919999994,8.919987886044101,6.7055217116005394,4.968806474300938
1264,WTe2,1,28,3.8106027,0.22400884301961232,-0.8680852604756675,0.7879784551411944
1265,WSe2,3,49,11.819462967499964,-6.4216808801739145,-9.148360761587693,-4.100873502676559
1266,NbSe2,2,28,1.4241241700000042,3.3685986114992224,0.7401041103853312,-0.17954791451955576
1267,SnS2,0,28,2.491720230000004,4.661833414816077,3.505195507787879,1.949163724366044
1268,NbS2,3,28,-2.5879626200000123,5.184077970723279,5.0526224300662355,1.371678027053642
1269,NbSe2,2,28,2.161699410000012,2.157601956806018,-0.04164003900544433,-0.2000696616555908
1270,WTe2,1,28,4.070488362499996,1.119089932254032,-1.1426823029805466,0.39703950386352904
1271,MoSe2,4,49,2.8192380449999805,-0.5981162569750782,-0.1895079793363248,0.2832349755536083
1272,MoTe2,2,28,8.914456065000007,-2.4886533573278875,-6.1562753672410135,-1.3136673127620506
1274,NbSe2,2,28,2.977034030000005,1.8536007229093379,-0.8054599937196909,0.03260149792866551
1275,MoTe2,2,28,4.316909065000008,1.391077289827873,-1.5486907861151202,0.30602464064777823
1276,NbSe2,2,28,1.5453480700000035,3.2370250404532843,0.6369102975384486,0.5832917869742802
1277,NbSe2,2,28,4.4740573599999935,-0.31817317357319475,-2.3266999756361835,-1.8495032822157733
1278,NbSe2,2,28,0.2848106899999927,3.4419781487044343,1.8923928857700674,0.9471367320275952
1279,MoTe2,2,28,1.6864709875000037,3.6742300171641,1.1414053419219934,0.2810307720291101
1280,MoTe2,2,28,3.6824426725000112,1.969610683670643,-0.8783072704563506,0.12240997210244631
1281,MoSe2,4,49,6.075790285000017,-0.38545246812583045,-1.3028429735986498,1.0115646929256012
1282,NbS2,3,28,2.351181999999989,2.5422855852457795,0.16944502178956178,1.9673003989868274
1283,WSe2,3,49,5.928715139999987,0.36702689491212226,-3.3260186417649202,-0.4359433555354686
1284,WTe2,1,28,-0.152080404999984,2.0614191971651046,2.9914505762290284,-0.7678442515501055
1285,MoSe2,4,49,0.7209243362499964,0.42937819308502556,1.0814918294197626,0.02600999818705596
1286,NbSe2,2,28,4.999131657499988,-0.20586345376463644,-2.8727776386528405,-1.236511685270984
1287,WSe2,3,49,1.6420102074999767,2.575266286208316,0.933027589792097,-0.4148382698753632
1288,WS2,4,49,3.0899987699999976,1.435270102578941,2.042919031539106,-0.23025994324828858
1289,WSe2,3,49,1.9428619549999828,2.698307354616106,0.6418088270892506,-0.13251193427346108
1290,MoS2,2,49,2.5068016549999568,0.4798975287819851,0.942357410882408,-0.14042867233902756
1291,WTe2,1,28,6.699209457500002,-1.5975657362373878,-3.833615785701296,-0.616791651510419
1293,NbSe2,2,28,2.1095253200000013,2.1353958874279773,0.02688499583150117,-0.4011387001142388
1294,SnS2,0,28,-1.7771299700000032,4.276856027052616,5.094982308155114,0.15765436689636547
1295,NbS2,3,28,3.0989909299999905,1.929970569532073,-0.6386340984493923,0.6908230653613376
1296,NbS2,3,28,4.3805275400000045,-0.7480449318406213,-1.9009153484818566,0.486784732389725
1297,MoS2,2,49,15.1071759,-9.843386325694784,-11.754966729340616,1.0765621727132153
1298,MoSe2,4,49,5.391245377499981,0.009179579775409508,-1.3266774936905739,0.10771638906089098
1299,NbSe2,2,28,8.049043559999987,-3.235553169222399,-5.8260474045790485,-1.8796048799869665
1300,NbS2,3,28,18.775310779999984,-11.715674505026431,-15.95994602182636,-7.447022383800439
1301,MoS2,2,49,3.2370369549999527,-0.43140182062088384,0.2540262424538642,0.17566274440190277
1302,NbSe2,2,28,-0.1288428162500023,3.9833830053572616,2.277401671306765,0.77357103973277
1303,MoTe2,2,28,0.7326089599999953,4.236295058402105,2.0628062825130256,-0.18229373884927913
1304,MoS2,2,49,-0.4933686450000323,3.0197158450758175,3.9564298187569498,0.6505057607964394
1305,WTe2,1,28,6.937946930000018,-0.7548602963177666,-4.052112474509905,-1.1442672157971367
1306,WSe2,3,49,1.3800474949999533,2.8157618693188944,1.1837467205202699,-0.6229070572380108
1308,MoTe2,2,28,2.3660599450000177,2.545029713737165,0.39902241431394714,0.21450399759133143
1309,WS2,4,49,8.220558707500016,1.0057275448396652,0.15276886564044645,-0.03150199312420199
1310,WTe2,1,28,4.652266493333348,-1.3654508500228015,-1.6838320005863596,0.1604781241288098
1311,SnS2,0,28,3.6667236999999977,1.242712843782554,0.9800978783437113,-1.6146092927785216
1312,NbS2,3,28,0.9600849874999842,2.880723324598201,1.5323971978637854,1.0762836209747473
1313,MoSe2,4,49,5.477527007499999,1.355829531908367,-1.4509637604551182,0.354841684262289
1314,SnS2,0,28,0.6556467275000002,4.226325744372966,3.7619086046838377,0.4376374423328653
1315,NbSe2,2,28,3.211735425000004,1.6618262751851356,-1.0465392446563762,0.5697890742574017
1316,WSe2,3,49,-0.1979232175000413,3.3547089440472826,2.772162789389283,0.12767099766412415
1317,WS2,4,49,4.466735207500019,1.4732109671215632,3.5456424519797576,-0.4166747763375023
1318,NbSe2,2,28,1.0664758300000072,3.219599841513868,1.1053827985908946,0.8054818694577972
1319,MoTe2,2,28,2.2935159450000056,2.668323095120437,0.45847381698831624,0.06144902654235285
1320,WS2,4,49,8.368746753749999,-1.3074420255598946,-1.4504231574314366,-0.8946790657617179
1321,NbSe2,2,28,2.1207185250000102,2.4077833829844058,0.04832199598591114,-0.2190618178721213
1322,MoS2,2,49,4.9205941899999805,-1.0235300604884654,-1.470219666201356,0.12317310329428999
1323,MoS2,2,49,1.0131810649999609,1.4533694441349674,2.453134760780272,-0.1020500009028743
1324,WS2,4,49,-0.0360577150000183,1.4936387979798564,3.868030393502419,-0.10842553339272257
1325,WTe2,1,28,1.7951566199999966,0.9270282764691196,1.1150207697806835,2.671036738103438
1326,WS2,4,49,2.208396667499984,1.9151290314797111,2.5875577188932453,-0.16363330111865704
1327,NbSe2,2,28,2.704668362499993,1.3970682625356106,-0.5911385213948499,-0.3216390605387298
1328,MoS2,2,49,0.7229929099999616,1.749779410111631,2.7560277650234353,-0.09896287625260647
1329,NbS2,3,28,2.2452795999999875,2.80886732560833,0.39374894919434844,0.16993740223288212
1330,MoTe2,2,28,3.6977770350000023,1.959009565748696,-0.8855022610843934,-0.19585561967102283
1331,NbSe2,2,28,3.3570131849999982,1.1676240372900408,-1.2973617307102439,-1.8275529932733137
1332,MoTe2,2,28,0.5954049650000204,4.359310922705465,2.1823537128004764,-0.06165729196535241
1333,NbS2,3,28,0.1278365049999879,3.194690784390576,2.3152523443855917,0.9121071105955119
1334,NbSe2,2,28,-1.2800586550000013,5.228156917151084,3.4453282682659925,1.5656624961458345
1335,MoS2,2,49,13.409364017499998,-4.971329483045652,-10.115913026187336,-0.9945284055208319
1336,NbS2,3,28,-0.0089649549999899,3.6440574121355085,2.399315813370453,1.354256450323171
1338,MoSe2,4,49,2.3490849349999783,0.3518508261338513,0.39950680592612864,-0.02052935104612086
1339,MoSe2,4,49,0.9659135075000174,0.15332995538043503,0.6943483619305246,-0.4102814328260468
1340,NbS2,3,28,0.3783723450000025,2.776281402876483,2.0644265079205297,0.4061397377356949
1341,SnS2,0,28,5.938630850000003,4.878082165238441,2.843895802018226,1.3669734489095022
1342,MoSe2,4,49,10.91482796,-1.5263128054793302,-5.004397528634033,2.9047241436783846
1343,NbS2,3,28,2.486489854999991,1.4205334159248952,0.03258323396383567,1.5622662675891203
1344,NbS2,3,28,2.8699418050000025,1.4396296201200336,-0.4128182472734605,0.7398710904569472
1345,MoTe2,2,28,7.706009979999997,-0.050554231759843304,-4.887431736744381,-0.1362169146109995
1346,NbSe2,2,28,13.084434115,-5.397751890726319,-10.875872535613608,-1.8547880680436197
1347,MoSe2,4,49,7.466232039999973,0.21150297078290503,-3.240157026521376,0.33290253234703204
1348,MoS2,2,49,1.007993347499992,1.3415272563157223,2.4907514581538983,0.013951493249112712
1349,NbSe2,2,28,6.1512201049999975,-1.527495008615313,-4.036700866528013,-0.7606744189139789
1350,SnS2,0,28,0.5218836049999984,4.085861962957562,3.7438289740913913,1.1449698228869645
1351,NbS2,3,28,5.189892224999992,-0.9987313871907473,-2.6007019803253097,-2.1963284934885583
1352,NbS2,3,28,0.0259726449999879,3.869875629230969,2.485528508310152,2.9920402760154334
1353,WS2,4,49,17.398041654999993,-4.340236593659661,-6.763820578034661,-2.1287345184643485
1354,MoS2,2,49,19.26006994,-9.537880831469321,-15.981496744860435,-3.2998184497249365
1355,NbSe2,2,28,1.7338523525,2.98808991332845,0.44820796867207857,0.6205103737115478
1356,WSe2,3,49,6.460032674999959,-1.1481071843027344,-3.8746249410827227,-2.0953372849344483
1357,NbSe2,2,28,3.3717669549999965,1.8183786964994342,-1.2167461617209843,0.8280955251635778
1358,NbS2,3,28,1.9949192550000023,2.0250260485990377,0.4523589267118302,1.1865456555071998
1359,MoSe2,4,49,2.381833360000005,0.0339580720627799,-0.11856775025879385,-0.23095040063416006
1360,WTe2,1,28,1.282685877499997,2.7811406040012647,1.6307244682133004,1.6613200886865265
1361,NbSe2,2,28,4.955132714999996,1.0954172689782755,-2.7444286267889364,0.5861251432763712
1362,MoTe2,2,28,-0.7438382774999832,4.911774244945357,3.5511346330653724,-0.20120155111838434
1363,NbS2,3,28,0.2276898449999853,2.8401618971086777,2.2593916827099756,0.00027487413657070747
1364,WS2,4,49,1.3449964149999936,1.401774920601813,3.111519612450568,-0.10551742953144694
1365,SnS2,0,28,9.722019455,-1.1850521774731444,-1.3506188602886962,-2.5401917508882645
1366,NbS2,3,28,-0.020136645000008,3.322322458585925,2.511204769771126,0.050928881328133
1367,SnS2,0,28,7.021633125000003,0.5976236893208791,-1.9685310290781688,0.16479430928547867
1368,MoTe2,2,28,3.918111890000018,1.3765753811181463,-1.1312438740749284,0.05199264542071802
1369,NbS2,3,28,1.0228480675000091,2.672870419603771,1.4721960049690666,1.2199592015963654
1370,MoSe2,4,49,6.354192417499987,-0.5866808907564156,-2.070340635019111,-0.625987849272855
1371,NbS2,3,28,3.5316589249999897,2.3698141203491314,-0.8177824391754047,-0.16947519519245402
1372,WS2,4,49,5.770391600000018,1.2038836710978016,0.44949716660663075,-0.29758705364381655
1373,SnS2,0,28,1.5545102500000034,4.749965057464596,4.269630378178911,0.968191569737749
1374,MoS2,2,49,0.0368928099999683,1.9264761224061393,3.4411590113908193,0.054209949043407354
1375,NbS2,3,28,0.5323635224999914,3.4082179581620364,1.9317741508779993,1.2412665799754927
1376,NbSe2,2,28,1.9475846200000115,2.424289235590809,0.19685690514138643,0.19658455165119304
1377,WS2,4,49,2.138322675000011,1.8388096454040417,2.7742742659942516,-0.12055576222179232
1378,WS2,4,49,1.5837692374999912,1.998081529635629,2.545215929049691,-0.03755890876209644
1379,NbSe2,2,28,8.903511665000002,-2.27718256089437,-6.7467501776749685,-1.6425609407161472
1380,NbSe2,2,28,9.019553650000011,-2.573386816758231,-6.886710155584728,0.5587360177652876
1381,MoTe2,2,28,7.024615305000008,-1.8240092767610756,-4.3581073456341635,0.6527584221626705
1382,MoTe2,2,28,0.5056440600000149,5.096051318621404,2.3052468530096286,0.19004700896716853
1383,SnS2,0,28,-0.3168525349999989,4.29081937192932,4.489443386783751,0.254399741878661
1384,MoS2,2,49,7.0964019399999705,-2.769167433392915,-3.694381803484671,-0.5406142177302762
1385,WTe2,1,28,2.111691915000004,0.8373139272088581,0.8601911435479694,1.0135047008548947
1387,NbS2,3,28,4.769558882499988,0.4762468578564576,-2.2948821542513915,0.5180123887605914
1388,MoS2,2,49,6.925579682499981,-1.5327152962593393,-3.5286787107694306,0.7500225946199732
1389,NbSe2,2,28,1.8122996749999956,1.988098277397669,0.2999532359319097,0.11568555608164921
1390,MoSe2,4,49,-0.310613835000018,-0.065437829352399,1.6440936368137795,-0.28322636669574214
1391,WTe2,1,28,0.3387300362500158,2.963559926518539,2.521238308120508,0.14573222494993537
1392,MoS2,2,49,4.6377829249999865,0.7747622791626112,-1.377861056357815,0.293146576851413
1393,MoSe2,4,49,2.193787197500002,0.37883923428303845,0.5045942264501933,-0.16918132725311485
1394,WSe2,3,49,0.7796189224999841,2.7896273696142737,1.7724694176235105,-0.3616079724114831
1395,MoTe2,2,28,3.4568709200000054,2.058191888990473,-0.682723091580002,-0.9100460673744766
1396,WS2,4,49,5.432802397500009,1.5884065245682697,1.2529078736995354,-0.025697428475350392
1398,WSe2,3,49,2.1655991774999857,2.7359194852706032,0.4219877817030988,-0.12613613428709503
1399,WSe2,3,49,0.1156807749999955,3.5223812252746627,2.44688153172201,-0.7534086713724727
1400,NbS2,3,28,3.2019492899999875,1.3645329360538865,-0.7239689941829304,0.5323628469679895
1402,WTe2,1,28,1.5875365975000033,0.43292655125284485,1.2559273002050748,-1.435150965302941
1403,WTe2,1,28,3.469760549999993,-0.23490903073322889,-0.6014303892232191,-1.4161391784128754
1404,MoSe2,4,49,2.818666637499998,-0.610914330243935,-0.18970435913390915,0.33086544219665726
1405,WTe2,1,28,6.025794450000013,0.47118756815286034,-3.1434602176696904,0.05170764172565434
1406,NbSe2,2,28,-1.8475193500000129,5.147049895870476,4.022677373834242,1.3978216965474575
1407,WS2,4,49,6.245086857499998,2.063370517072756,0.5484021218396018,-0.006799408616941172
1408,NbS2,3,28,1.5794365274999933,2.3777328463301663,0.9045454792087875,0.6750305624709134
1410,NbSe2,2,28,10.24127442375001,-3.667207864276336,-8.102049338173634,-1.266526130191254
1412,NbSe2,2,28,-2.496784754999988,5.466527688909086,4.666470913498117,0.856566338150216
1413,MoS2,2,49,1.913182977499988,0.6635405583556233,1.590258594689343,0.14097515378154668
1414,MoSe2,4,49,3.498137125000003,-0.5666873143361442,-0.7171775983022086,0.23928661284382846
1415,NbSe2,2,28,2.3876458849999977,2.1533753825730413,-0.2653071131799294,-0.06487743521667255
1416,WSe2,3,49,8.937438947499954,-4.079680187047684,-6.342735511602127,-2.590346001129512
1418,MoTe2,2,28,2.0684788275000034,3.031914308842363,0.7594096612695278,0.12905883309875144
1419,NbS2,3,28,6.985214689999994,-0.2551952795487411,-4.237906912595209,-0.32321037812051845
1420,NbSe2,2,28,7.446505239999994,-2.6826230798132267,-5.2881597393718405,-0.5619554632869406
1421,WTe2,1,28,1.4098360949999993,1.486290016348471,1.4451577251904304,-0.7005387956149285
1422,NbS2,3,28,2.743682500000011,1.9337047375488172,-0.2365122996521105,0.11672294509886605
1423,NbS2,3,28,-1.4481133000000157,4.1580472564641475,3.8777185853266554,1.2249953126851556
1424,MoS2,2,49,3.8120204699999767,-0.9256407512194591,-0.3360297772255221,-0.004234243727393672
1425,WSe2,3,49,5.700000373749983,-0.3706763667156814,-3.1469945989341057,-1.2414521458040193
1426,NbSe2,2,28,5.378207812500008,-0.8665440577189214,-3.2017761566162193,-0.17979698359172414
1427,SnS2,0,28,-0.6299435699999965,7.255646745862626,5.8199615880867475,2.844660044215186
1428,NbS2,3,28,3.0175006499999864,2.0218633700297177,-0.5654821506255967,1.5156137832885879
1429,SnS2,0,28,0.0376818662500002,4.651507170437215,4.518341175157268,0.6293858999395749
1430,NbSe2,2,28,3.2785694699999914,2.0698247649751873,-1.095924784890535,0.750844389049488
1432,NbS2,3,28,-2.950264134999992,5.268975654241325,5.384501178062838,1.3740173170932943
1433,MoS2,2,49,3.248619809999976,-0.43396267816912504,0.21424681419639446,-0.030619239066952186
1434,WSe2,3,49,1.3163065774999454,2.9544108049310847,1.2680231070754535,-0.4960381849370792
1435,NbSe2,2,28,3.4040451799999927,0.6567891483335444,-1.2554529463421558,-0.7201408500642832
1436,MoS2,2,49,8.073015154999986,-1.957123698395982,-4.7764629737560895,-0.3879419382438014
1437,NbSe2,2,28,2.5876790475000035,2.0722276577205365,-0.3981727551568639,0.39678440579284313
1438,NbS2,3,28,5.292685043333341,-0.37605207315918765,-2.635585001625984,0.39285563278360236
1439,MoSe2,4,49,4.259416579999977,0.2874897323067449,-0.6313494839255545,0.08916473408693726
1440,MoTe2,2,28,1.9163140475000104,3.229614017482086,0.8811078847204485,0.035379487351063776
1441,WTe2,1,28,-0.7492044574999932,2.4648995207731055,3.6757228977465752,0.09437749852579069
1442,NbSe2,2,28,1.7839377349999932,2.8440859688930322,0.3694603019567939,2.04346994296835
1443,NbS2,3,28,-2.643837779999998,5.203903128943073,5.074218879383034,1.8076281649283832
1444,NbS2,3,28,-0.3756615100000023,4.041082916428022,2.8733292994592308,1.955217736730349
1445,WSe2,3,49,6.510904539999952,-0.8566949261999035,-3.8898885939295993,-0.9457530075089045
1446,WS2,4,49,3.6384092449999934,0.8687723994397039,1.8169641216737937,-0.10270502963235817
1447,NbSe2,2,28,0.7550833599999924,3.6951164824530105,1.4214534384771804,0.5838503462835769
1448,MoTe2,2,28,1.376030957500003,3.7409666023653125,1.4500922801098604,0.3682897530000784
1449,NbSe2,2,28,7.169474189999994,-1.1753073389562925,-5.0219543631109556,0.27842991995484034
1450,MoTe2,2,28,2.8513191599999947,1.9098398626491342,-0.04870248430521107,0.02266597158162975
1451,WTe2,1,28,3.9084048249999945,0.06742970360514855,-1.0483858564178412,-1.1481169043660429
1452,WS2,4,49,5.732598880000015,1.9383485127815598,0.685514749023219,0.018540760808090084
1453,WTe2,1,28,3.4470523224999936,-0.031521799835605435,-0.5859520461887548,-0.7662275658776792
1454,NbSe2,2,28,3.567939249999996,1.5291987574818968,-1.3899841788686076,0.46243185964457645
1455,NbSe2,2,28,3.747621400000012,1.6652420929656864,-1.573147558014945,1.0254891486551805
1456,MoSe2,4,49,3.265564974999963,0.2629898619090132,-0.2655558356210972,0.7280998459890102
1457,SnS2,0,28,5.926683869999996,5.028867913243818,3.473550034520674,0.8983428010917196
1458,MoS2,2,49,6.888665454999971,-1.1320224776033232,-3.578905043419567,-0.24899412931637688
1459,NbSe2,2,28,9.028315114999993,-2.8669357776892017,-6.934053150837801,2.168813498789884
1460,NbSe2,2,28,-0.9636660799999948,4.377057113808385,3.1268508022646024,0.937737741631261
1461,WS2,4,49,2.715574764999995,1.5773939055271455,2.1576954287357637,-0.08455739795491057
1462,MoTe2,2,28,7.716142910000008,-0.22289873885743017,-4.893510994589649,-0.0015789044661538298
1463,WSe2,3,49,0.028594259999962,4.2185320013932674,2.536464527663816,0.035512244122454184
1464,MoSe2,4,49,6.718676016666653,-2.113013909199002,-2.935595041452013,0.17888775871379892
1465,NbSe2,2,28,5.191656169999988,-0.3564390120003136,-3.0660671171638882,-1.0141360538297413
1466,NbSe2,2,28,13.219324130000013,-6.4440282366487756,-11.06275894063844,0.03399942499266295
1467,MoTe2,2,28,8.244744615000009,-1.0785700442806077,-5.409904158355316,-0.5226470592037034
1468,MoTe2,2,28,5.663412247500004,-0.351593647799076,-2.90006239652751,-1.155228609245202
1469,SnS2,0,28,2.9595913199999906,5.516727357266449,3.621414173799855,1.586438406664235
1470,NbS2,3,28,18.627051689999988,-10.673395334460029,-15.888572393633615,-5.955758431332995
1471,NbS2,3,28,12.232000039999996,-5.1093767553422,-9.67430743275614,0.9107287655419967
1472,NbS2,3,28,4.637296484999993,0.8356616029211494,-1.9650543998610366,0.050879511144619194
1473,MoS2,2,49,6.974712375000001,-2.7213230164794933,-3.4700299135793062,-0.09439484595743952
1474,WTe2,1,28,1.3809704699999994,2.075017142406413,1.4944620213024908,1.465829300991008
1475,WSe2,3,49,3.0650180374999785,2.079225719430055,-0.4797535931487822,-0.765740493478372
1476,WS2,4,49,-0.4104295875000128,2.258595854577141,3.780217320260124,0.15888709876608537
1477,SnS2,0,28,-1.7433953650000102,8.894248998880625,8.177222288370372,3.6510994004410913
1478,WSe2,3,49,5.505973862499966,0.04920795868737127,-2.9078697034626937,-1.0042656728535624
1479,WTe2,1,28,2.3559652049999995,1.1917762081164556,0.47808950348083545,-0.22456652717407177
1480,WSe2,3,49,13.194957489999972,-5.97954089962725,-10.470790937774224,-7.0656977447200235
1481,MoS2,2,49,-0.3545984150000465,1.746089987062221,3.8318159303096984,0.07502712021550062
1482,MoS2,2,49,2.079582057499978,0.5546717622835509,1.3984159607647926,-0.0878123065869938
1483,NbS2,3,28,1.7432532800000011,2.4764112936694325,0.7249507414538563,0.7265792992948392
1484,WS2,4,49,0.7228074199999831,2.5000388496075607,3.434369233544125,-0.008225413863406805
1485,MoSe2,4,49,0.5970878024999626,-0.5497260709707268,0.9354105174437832,0.10183888474063796
1486,NbSe2,2,28,0.126527925000004,3.8290829065785688,2.06409170263468,-0.017071942155969175
1487,NbSe2,2,28,2.459767245000012,2.0033849251812623,-0.3032476730599081,0.8009712867484415
1489,WS2,4,49,15.069265167499996,-3.483762542988277,-5.108310024525142,-1.9320374733064742
1490,NbS2,3,28,2.533781215000003,2.3733851070723437,-0.07182455504720364,1.265842751217038
1491,MoSe2,4,49,0.0442094599999753,0.8668689533275598,1.6978982492488852,-0.11715179640032522
1492,WTe2,1,28,3.5642268100000205,0.3288005750758667,-0.6995082933323364,-0.4149357714868369
1494,NbS2,3,28,1.3790435625000073,2.7852924830830816,1.1031478412068614,0.8610236810760425
1495,MoTe2,2,28,3.606934330000014,2.099071402218411,-0.7947771759167619,-0.03729194515300849
1496,NbSe2,2,28,3.919162824999999,0.2645409949106865,-1.7983634822087597,-1.6255780808644604
1497,SnS2,0,28,2.628319164999997,4.074148117613121,3.502203721912031,0.745455045611982
1499,NbS2,3,28,2.868194854999988,1.2538214954282756,-0.17084800873737427,0.5635966094877234
1500,SnS2,0,28,2.3041450624999933,4.141641731526699,3.8840074891510077,0.63304094023133
1501,WSe2,3,49,13.791459704999976,-6.655028964643531,-11.263620123828305,-1.247405037845029
1502,WTe2,1,28,8.183959239999998,-0.188033813516844,-5.310008679112343,-2.21404384998535
1503,MoS2,2,49,10.13698291749999,-3.819281418832591,-6.845288355859569,-0.5275611874584865
1504,NbSe2,2,28,5.194627252500006,0.35255276433552396,-3.0347572637406475,0.5493220018538345
1505,WS2,4,49,16.947747115000027,-7.013560179575222,-6.468465689523953,-4.997243447804388
1506,WSe2,3,49,3.6420230199999857,1.4245614876243229,-1.0650646021075296,-0.32676491440407895
1507,NbS2,3,28,3.8041954050000046,0.4082717091306516,-1.2524800310070847,1.6112836192512972
1508,SnS2,0,28,-0.0445636600000064,4.377739160233975,4.294161606802782,0.4813672393304507
1509,WSe2,3,49,3.77924258,1.4444379162158203,-1.2199865031872559,-0.6016945688559976
1510,NbSe2,2,28,-1.4099838449999993,5.330495726510415,3.523671439731648,0.2194349482104485
1511,WTe2,1,28,5.977454810000014,0.240996610466091,-3.092821427838556,0.05024195844277557
1512,NbSe2,2,28,0.9631296425000068,3.5700237324898203,1.2168247273628676,0.770832774148858
1513,MoSe2,4,49,0.7254367774999949,0.10766938266388448,0.959084222090561,-0.31839324099588523
1516,MoS2,2,49,7.258780593750001,-1.5965715597839365,-3.9459250321757007,-0.5311378986409512
1517,MoSe2,4,49,10.049077864999983,-0.8541290328059734,-2.8860205377294754,0.7118687266951671
1518,WSe2,3,49,4.730470274999986,0.9313188243754214,-2.1629480671040713,-0.20736306420490092
1519,MoTe2,2,28,4.942474404999996,-0.4342028697623661,-2.1586153110160278,0.5602287848498575
1520,WTe2,1,28,2.8758689949999985,1.989195784917401,-0.010074018447670863,-0.15048301121500485
1521,WSe2,3,49,13.398223004999966,-6.013635558151415,-10.851638319356452,-0.5950823647411774
1522,SnS2,0,28,0.4781922899999964,4.825451413460697,4.352457880644128,1.369901696511234
1523,WSe2,3,49,2.6745257224999563,2.2285419457790554,-0.09941282335546564,-0.4200552151960828
1524,SnS2,0,28,0.3920677549999993,8.113938962681885,5.940060610834554,3.2695477756498215
1525,WSe2,3,49,5.774552904999953,-0.7014774515596045,-3.204206470088861,-1.4795211985078467
1526,NbS2,3,28,3.8795702249999824,0.9995008517110362,-1.2606973440643134,-0.8787457735534492
1527,MoS2,2,49,12.043337939999985,-6.864766954205917,-8.74642964087177,0.20288868862143516
1528,SnS2,0,28,8.006131785000003,-0.06242241152588157,0.05183174522257161,-1.5192468731449411
1529,MoTe2,2,28,1.8976038799999968,3.224357077845055,0.8651820315600618,-0.41649370454935397
1531,NbSe2,2,28,7.697951856250004,-0.8149545023783409,-5.563579304014082,1.6918113400594041
1532,MoTe2,2,28,2.9221817750000016,1.9544129274027493,-0.12049278599650215,-0.1251378951731379
1533,WS2,4,49,2.3970165533333216,2.410579812277437,2.563874534516613,-0.05634700084817368
1534,MoTe2,2,28,0.1739399850000032,4.588164526260983,2.651939350403439,0.09177398486643154
1535,WTe2,1,28,4.392366385000007,0.7336541259914071,-1.5360364670922921,-0.22188025269613298
1536,MoS2,2,49,3.47089533999997,-0.5510717729274197,0.019391487087432324,0.009869525875274121
1537,SnS2,0,28,1.1930736924999945,3.6037417028552303,3.242802041193446,0.594703492940069
1538,MoS2,2,49,16.148838984999973,-9.67683846556536,-12.781708943877536,0.5901606996517188
1539,WS2,4,49,10.49640745,-1.7925525712565094,-2.5075973875915523,-1.7664390611246734
1542,MoS2,2,49,0.2592622399999993,0.9712458490655524,3.221295916967164,0.17103449894246486
1543,WS2,4,49,6.0440455250000165,1.4532336421752765,0.6753587750538976,-0.21348309239300178
1544,SnS2,0,28,10.033622890000004,-0.700322935267744,-3.2710680060430946,-0.6072799258276405
1545,MoSe2,4,49,13.93862281,-3.2880061641870117,-7.0487837965824385,-1.0356000438867188
1547,MoTe2,2,28,2.2052942024999997,2.7692984037266037,0.6127491089369714,0.05741724299051931
1548,MoS2,2,49,4.860868659999964,-1.3670044416060025,-1.3847881628940475,0.0662073618302772
1549,MoSe2,4,49,4.036396000000009,-0.4336061211547939,-1.149344656082162,-0.10533679844157762
1550,NbS2,3,28,3.2269432150000044,1.3512911396549439,-0.6738789481593876,-0.4550835691564985
1551,WS2,4,49,2.6527317599999813,1.9780778649898458,2.0137173099768253,0.10487752789776428
1552,MoSe2,4,49,-0.5050324149999822,-0.05526904780926256,1.7944200782054467,-0.32512470602256016
1553,WS2,4,49,1.076077580000024,2.4086125298886882,3.5423547034014655,-0.006166100050072787
1554,MoS2,2,49,7.438185292500001,-4.277354596076153,-4.025352476058147,-0.14758610528483196
1555,WSe2,3,49,6.155086614999991,-0.061758933776439484,-3.5538233303167637,-1.0747945490616777
1556,SnS2,0,28,0.5085820037499902,4.001780382953501,4.061758152805186,0.7035632850353084
1557,WSe2,3,49,2.0208385899999604,3.4013768717309967,0.5626048132440582,0.04546521948388582
1558,MoTe2,2,28,-0.7423115374999805,4.901494562860088,3.5490890147643848,-0.1966548957072135
1559,WSe2,3,49,3.380472734999964,1.8650815929648186,-0.7937582288506722,-0.27577463332048024
1560,SnS2,0,28,0.5593059633333355,4.921070439203692,4.013404868626706,1.1493561492205788
1561,WSe2,3,49,4.737863409999994,0.5429121767640241,-2.136657902085769,-1.4989404166579123
1562,NbSe2,2,28,10.938147704999992,-4.618372441531567,-8.79117028037841,-0.2015671741975833
1563,WTe2,1,28,1.2844842775000096,2.6886156694756984,1.6260005927748522,1.6933636165327868
1564,WS2,4,49,2.528495082499988,1.9546126432792277,2.4597937174216837,-0.05265665972471956
1565,MoSe2,4,49,5.130256609999981,0.15604245972251185,-1.1836880414524145,0.900356494502379
1566,WSe2,3,49,1.196596729999968,2.3925608513293777,1.368966948741487,-0.7233500761252529
1567,SnS2,0,28,1.444025664999992,4.963682503029793,4.470826556806852,0.8409096504500406
1568,MoSe2,4,49,3.596274604999971,0.2937444939176719,-0.24335224489763574,0.1495052272042119
1569,MoS2,2,49,2.625527044999973,-0.4134467252774794,0.8222994994437931,0.31382530841392686
1570,WTe2,1,28,2.339966880000006,2.053621821883946,0.5432390106555114,0.04948605426513053
1571,MoS2,2,49,9.195580915,-1.9455503974218757,-5.907679831371665,-0.513952051983237
1572,WTe2,1,28,1.0878026900000102,2.216203250755198,1.7698149266534322,-0.41327214412954716
1573,SnS2,0,28,-2.1818537400000046,5.867430973632411,6.909316905918991,2.3218843624823045
1575,MoSe2,4,49,5.076546095000001,-1.2645002029203298,-1.7726855895780447,0.5338560122387683
1576,NbSe2,2,28,-2.287249074999997,5.404124485079953,4.452992743874102,0.8393859730407685
1577,MoS2,2,49,1.9853098374999565,0.5534096179011461,1.5191303111715118,0.07819044764866412
1578,MoS2,2,49,10.839358014999986,-6.334906422236721,-7.501272522548,2.1075795460351703
1580,WS2,4,49,-0.0194697600000199,1.2593705079349973,3.3759730082147414,-0.1707132437434697
1581,WSe2,3,49,-0.0951633650000415,3.422213256154013,2.662701785359335,-0.7466424904331046
1582,NbSe2,2,28,5.007870702500001,-0.20250545795247454,-2.892176656479493,-0.6658020303198251
1583,MoTe2,2,28,3.220206947500017,2.6132309721166824,-0.41223380106141816,0.30131859444130793
1584,NbS2,3,28,-3.483757092500012,6.1145787178916535,5.9415628849906525,1.9623019635123817
1585,SnS2,0,28,0.6350995699999995,4.646006425178223,4.558006445523275,0.916222612019552
1587,NbSe2,2,28,6.211594705000008,-1.5527948977693766,-4.061390761747445,-0.3106186829154547
1589,NbS2,3,28,3.270044874999994,2.82657790993246,-0.5168013491770367,0.6108243546346088
1590,NbS2,3,28,9.004275244999992,-2.4167064850817788,-6.2655141378731205,0.26817170527670164
1591,WSe2,3,49,13.065853909999976,-5.486851211737444,-10.469264980505754,-0.8893726630517342
1592,NbSe2,2,28,2.910157015000009,1.1505476930993561,-0.7482995689652596,0.04677163553811736
1593,MoS2,2,49,9.15444680999996,-1.7590106820194107,-5.8139717276025,-0.5180093939233004
1594,NbS2,3,28,2.936005924999993,2.0446392547485424,-0.41832814103392835,-0.5069941032531666
1595,MoS2,2,49,5.5130988724999765,-1.8865176407469453,-2.04615242957802,-0.25398683229815333
1596,SnS2,0,28,1.3743420449999952,4.335831720818283,4.071469782977503,0.9649054201336718
1597,WSe2,3,49,1.4841152074999702,3.5456222650342095,1.131532029006174,-0.0484472953346462
1598,NbS2,3,28,3.2151431824999954,1.250632625198572,-0.6060481653847205,-0.5443455165860955
1599,WS2,4,49,17.371037184999985,-8.949672082867822,-8.14729167998493,-8.288099944399399
1600,WTe2,1,28,4.348987169999999,-0.5362061539680982,-1.47461858187032,-0.882073072531941
1601,NbSe2,2,28,4.851977920000003,1.1820704783357714,-2.662897363766279,0.4916606590506971
1602,NbSe2,2,28,1.609990027499988,3.5978392889571245,0.5211876363031125,1.600868158586031
1603,NbS2,3,28,5.031636709999981,-0.7070043832380994,-2.534002855451845,0.05551799631919163
1604,MoTe2,2,28,0.2928021900000044,3.682873790250036,2.50970274685404,0.0036006220040849524
1606,MoSe2,4,49,2.993674619999976,0.41986749171470494,0.03368041514610143,-0.10005619526649623
1607,MoS2,2,49,2.305353442500006,0.1799024744133444,1.1735442880094338,-0.15730468399323128
1608,NbS2,3,28,0.0308332999999967,3.1524496713821444,2.3994774659022045,-0.02408096794840165
1609,WS2,4,49,3.918828774999984,0.9115561152384601,2.0971426471954504,-1.0255996083333176
1610,MoTe2,2,28,4.848789590000021,0.6563901331038196,-2.0567354931423147,0.24888700505206174
1611,NbSe2,2,28,5.092598670000003,-0.28552523580607403,-2.9544701509417752,-0.45618398316121667
1612,MoS2,2,49,2.3732760224999847,0.22588973499716714,1.1157377288478751,-0.1004329000176849
1613,WTe2,1,28,1.8754364000000128,1.5033086790405146,1.0305524521830112,0.5901569380126825
1614,MoS2,2,49,4.095859054999975,-0.8793875021511592,-0.6385378085349278,0.10106133989748578
1615,WSe2,3,49,3.428210449999991,1.9421295793986095,-0.8497270274027415,-0.15819449502867755
1616,NbS2,3,28,7.058078862499984,-0.06103461709796587,-4.325508611670923,-0.5337833735066573
1617,WSe2,3,49,5.044752179999956,0.9877840882342968,-2.448948283413856,0.910370131910037
1618,WS2,4,49,12.866285104999992,-4.028037805805656,-3.875753978341871,-0.940230468362623
1619,WS2,4,49,3.1306456550000297,1.9855783160489615,2.1191405630073756,-0.10791864236575233
1620,NbSe2,2,28,-2.6933136725000093,6.410053724405323,4.888857438521738,1.4058610542189627
1621,SnS2,0,28,7.776143354999994,-0.7443647015372665,-1.6624297726432236,-0.8005469270825136
1622,NbS2,3,28,-2.7470983950000147,5.304364074041559,5.175987391442174,1.3121844418546698
1623,WSe2,3,49,3.9258585999999696,1.104108668308034,-1.3506675790343934,-0.44217684175513705
1624,MoTe2,2,28,0.7155909899999959,3.4341303145756066,2.1033661798506715,-0.03690258305572103
1626,WTe2,1,28,1.3843480700000208,2.0273976371939897,1.4914282208935339,1.4641823019838254
1627,NbS2,3,28,3.4784332750000004,2.580490605259196,-0.7428796130177822,0.9323824407897945
1628,NbS2,3,28,2.010544017500008,2.964810971869702,0.49239870354898274,1.6788118327197186
1629,WS2,4,49,1.3876162249999997,2.0874235750081382,3.033440760855103,0.013646257007344786
1630,MoSe2,4,49,2.0576672274999925,-0.164552382542005,0.08282449651428969,-0.2142146149409918
1631,SnS2,0,28,3.3641229624999904,3.0863829299357195,2.407943074360158,0.5932570938812352
1632,WTe2,1,28,0.3101911500000147,4.826357448607366,2.5673370406127782,0.5355368102686417
1633,MoTe2,2,28,5.578112037500019,-0.6925874466898794,-2.801837753773009,-0.4533676222168159
1634,WS2,4,49,2.6019643950000084,2.1904215010469477,2.753372906890047,-0.04874690448588881
1635,WTe2,1,28,6.604629550000023,-0.6202163235545077,-3.739800327638777,-0.4200296735962148
1636,NbSe2,2,28,0.0202067400000052,3.6018723939874215,2.1418570970513864,0.016154636444493494
1637,NbS2,3,28,5.053039803333325,0.08674262540812983,-2.4412597161802085,0.5654164013989336
1638,MoSe2,4,49,4.7364187249999645,-1.082953374531011,-1.6477414776346486,-0.022254626896123675
1639,WSe2,3,49,0.7983118499999489,2.83856369995224,1.7499019497945663,-0.8565161035145566
1641,MoSe2,4,49,2.3516642350000136,-0.2552389003874853,0.6944641969559595,0.5449976823685572
1642,WSe2,3,49,5.509345669999987,0.45328952922893606,-2.94901289488402,-0.3178364231738149
1643,NbS2,3,28,4.266600050000001,0.9190170790079746,-1.7764860763824473,1.4333016897562656
1644,SnS2,0,28,-0.0835022149999984,4.1372828501979555,4.088033042204385,0.34330908641418295
1645,MoS2,2,49,6.978393887500001,-3.395327741920981,-3.5614710798065197,-0.5180902630289728
1646,NbSe2,2,28,11.303796222499994,-4.713769684922682,-9.146249225429681,-1.6301082876245054
1647,SnS2,0,28,0.3990703049999933,5.33154610557333,4.400309441119188,1.4254273947375555
1648,MoTe2,2,28,5.718510060000019,-0.5064596220727733,-2.955300558097757,-1.7260529880599154
1649,SnS2,0,28,1.3266149249999932,4.538122426735439,4.069730372495531,0.8904526345601469
1651,NbS2,3,28,10.640871357499988,-5.36862213569823,-8.164423457363675,-0.08451365588052084
1653,WS2,4,49,3.9523613900000254,2.005734637374242,1.7835377405033115,-0.13676679631614697
1654,MoTe2,2,28,1.4346962075000214,3.7289775907431837,1.3939089675182892,0.32767501467812
1655,MoSe2,4,49,0.1469456650000032,0.7452778521000131,1.6061722142317676,-0.05683727037720046
1656,MoS2,2,49,3.174526164999984,-0.0007868906571291134,0.33153777314088506,0.17907242966554326
1658,WTe2,1,28,-0.7510505674999957,2.4894502320609497,3.6769344964347286,0.07327272084573944
1659,WTe2,1,28,2.2312562074999978,0.6778173042594422,0.6305776827791365,-0.5356682148318459
1660,WSe2,3,49,7.770593104999995,-2.491655447325842,-5.15043483003153,-2.2509421688732862
1661,WSe2,3,49,3.422169464999985,1.1348775047316635,-0.8589954556768649,-0.23388331947182728
1662,WS2,4,49,0.8549270100000071,1.808570517440382,3.0190857781367932,-0.04005764589732563
1663,SnS2,0,28,2.7237794899999987,1.5092398619592298,2.488884478404135,-0.7851376239518217
1664,MoS2,2,49,0.453803699999995,1.116566139668279,3.028188544720464,0.04137865524495943
1665,NbS2,3,28,7.965786656250009,-3.4463425879771004,-5.368047198165902,-0.9432246292724695
1666,MoSe2,4,49,4.699055469999967,-1.186122533649463,-1.405647394031543,-0.8320508370501383
1667,NbSe2,2,28,10.838173120000013,-2.7606103110095344,-8.644257117090671,0.14628548544839148
1668,MoTe2,2,28,4.331954144999996,1.0629073942049194,-1.546694818700964,0.17510733647583443
1669,NbSe2,2,28,2.1769035049999856,2.3149456790362692,-0.0617326288148865,0.8313582550759016
1670,WSe2,3,49,15.041078034999952,-7.650728170040235,-12.454902593258009,-2.8840425252546726
1671,MoTe2,2,28,8.980043327500011,-2.6015228387609977,-6.228863393952038,0.45707234175047695
1672,WS2,4,49,2.5499435049999875,0.4969994840314862,2.1046039479266483,-0.09110424744180046
1673,MoTe2,2,28,2.2573927325000143,2.984956256350897,0.5562479414552675,-0.13565429866212364
1674,WS2,4,49,5.230005775000022,1.3466451623982527,1.213252669468159,-0.009117478236919219
1675,MoS2,2,49,-0.5912311250000014,1.7623069856592828,4.068546391927085,0.12439991772461079
1676,WSe2,3,49,2.4355156249999634,2.7496214879354204,0.14187178738915618,0.08827290662133391
1680,SnS2,0,28,5.414389319999993,4.15788902065756,2.149159244910896,0.9854491275708082
1681,MoS2,2,49,13.052159643333288,-7.144615586758785,-9.698073403200638,0.8404582180965612
1682,WTe2,1,28,1.3683581149999955,2.2282459938104293,1.5355470382745406,0.8436056975101769
1683,WTe2,1,28,3.2525845650000127,0.21989207633706398,-0.3847329103114956,-1.0423583073579024
1684,MoTe2,2,28,3.0122933100000218,1.8531281441117136,-0.1890808453495496,-0.07659368816367751
1685,WSe2,3,49,5.705992049999968,0.9706977337321288,-3.0909379194457687,0.2525347202738768
1686,MoS2,2,49,7.352510329999991,-1.9736268092378655,-4.001966274697054,0.13938391514771364
1687,MoTe2,2,28,4.095544425000018,0.4421272204823632,-1.3013340705129166,-0.9290434592458268
1688,MoS2,2,49,3.059310149999962,-0.5012832799082059,0.4308861575002414,0.07368632967024435
1689,MoTe2,2,28,3.3616205850000065,2.2749131521826107,-0.5154019195591291,0.17912213019978207
1690,WSe2,3,49,5.823802732499965,-0.15964772609127387,-3.253094934495815,-0.4347339700386206
1691,WS2,4,49,2.245015917500014,1.271731000860378,1.8689163741666528,0.1813183046577822
1692,WTe2,1,28,1.4855668450000057,2.216258296906733,1.3613539631563258,-1.9821782812080948
1693,NbS2,3,28,1.5056520475000037,2.5337106214910854,1.0152164128373171,2.144068144455563
1694,NbSe2,2,28,2.0702755350000057,1.9283935330185895,-0.005148678831894404,-0.31537706634664464
1695,WSe2,3,49,2.70117845249996,2.141285875312235,-0.12257319800878941,-0.4274062128149012
1696,MoSe2,4,49,3.4367900874999715,-0.011320132691418294,-0.3975568797973348,-0.09904553361610091
1697,WTe2,1,28,1.426304840000013,1.4936782291019564,1.4733492305362825,1.469818171906929
1698,SnS2,0,28,0.0395136150000023,8.495492272349445,6.302247179321694,3.5290240176243057
1699,MoS2,2,49,10.47258001749998,-3.411464434715964,-7.162479938917217,-1.0535162904390276
1700,WS2,4,49,2.0900931275000136,1.6403307203342554,3.417680748690172,-0.011138271899020946
1702,MoSe2,4,49,16.761941250000007,-3.423650081787116,-6.426250910593675,-0.6520801939900771
1703,WTe2,1,28,3.1849948350000044,5.1150341249100695,-0.23455395136352974,0.23476483589334673
1704,MoS2,2,49,2.543798589999981,0.3540469564045394,0.9508357204044784,-0.16891636877805727
1705,MoSe2,4,49,5.152750324999969,-0.3642652747985533,-1.4833097376383155,0.02914747417402186
1706,WTe2,1,28,3.885931705000008,-0.7078570272147702,-1.0379024093965739,-1.80242976999482
1707,WS2,4,49,5.4164956099999975,1.6102719617671735,0.7833622607377144,-0.029935646773679103
1708,NbSe2,2,28,5.8676313949999885,-0.990814089117217,-3.6918437871712126,-0.598878343242176
1709,SnS2,0,28,1.4322484574999947,4.448807533354905,3.8118210392905736,1.2350243486676078
1710,WTe2,1,28,-0.011748754999985,3.731070880116969,2.8740777611950534,0.5566187342226006
1711,MoTe2,2,28,2.801589385000008,2.866571371429028,0.013183061950268637,0.0016966111191729638
1712,NbS2,3,28,-0.6229796725000121,4.807670227436739,3.0576952613875448,2.9086471714064657
1713,MoSe2,4,49,0.9485205949999826,0.5665666916312837,0.8678752440553965,-0.14248781816740208
1714,WTe2,1,28,3.494652195000013,2.4509266185528435,-0.5503284963204069,-0.09548433941936496
1715,MoTe2,2,28,1.6519054300000118,3.5388345195442588,1.155699041842436,0.08332247273029414
1716,MoSe2,4,49,0.6294061800000135,0.41307246087421334,1.0263313392642077,0.08835517762531209
1717,WTe2,1,28,5.0091538225000045,0.39489454086771225,-2.14814803941895,-0.5607514177148483
1718,MoSe2,4,49,6.351565539999973,-1.6755734485031875,-2.3798691631994355,-0.18010332203325685
1719,WS2,4,49,3.4375239075000223,1.3320954779013858,1.8203771252656837,-0.21308094866823524
1720,WTe2,1,28,3.802458219999997,-0.07505895026021037,-0.8371302418658417,1.4184540775667345
1721,MoSe2,4,49,6.317871049999987,-1.6150284965433626,-3.3384075522023386,0.3876527587972136
1722,MoSe2,4,49,7.201474580000019,-0.06519483807700421,-2.483735633721129,0.0051752002734186675
1724,WSe2,3,49,3.1058242749999816,2.1931712198425477,-0.5112450551818664,-0.335441870672589
1725,WSe2,3,49,4.756456269999985,1.0408298431032454,-2.1912878892626804,-0.6309958042508805
1726,MoSe2,4,49,5.826459150000006,-1.0430294478770001,-2.0417372191782692,0.28594996483764046
1727,NbSe2,2,28,2.207488619999996,3.110214070760299,0.011841690821537298,1.5116380813549846
1728,WTe2,1,28,2.6864403025000168,0.916044718455387,0.17762764933815856,-1.0130536492356532
1729,WS2,4,49,4.097831429999985,1.9754129827400861,1.7082595607023263,-0.03356665567747541
1730,MoS2,2,49,6.6111235675,-2.456724093038127,-3.1754473106844077,0.1984883887784834
1731,MoTe2,2,28,3.0334556850000105,1.7163882303035374,-0.23385103068787672,0.0009088563716530551
1732,WSe2,3,49,4.174880509999964,1.3412840312445429,-1.6217498038486373,-1.0490301504011685
1733,MoSe2,4,49,14.40231687999997,-2.820988487971162,-7.318700543813244,0.8968682370858048
1734,NbSe2,2,28,1.1585713149999908,3.380890933484303,1.0285913227105805,0.9493745245640146
1735,MoS2,2,49,1.5632904237499732,0.5523065064359804,1.9018201166400415,-0.06621367394833744
1736,WS2,4,49,1.1987745850000238,1.5525060406611906,4.710336437949195,0.14145798596606096
1737,MoTe2,2,28,6.265464507499997,0.4140982201102732,-3.4747303753690564,0.21737936838501248
1738,WSe2,3,49,1.4536686149999811,3.057472963356444,1.11481521449831,0.08199840706931405
1739,WSe2,3,49,0.1180867299999886,3.548652892751883,2.454237863861909,-0.666706159270415
1740,MoTe2,2,28,6.081848112500002,-0.7117960927449563,-3.288822539405316,-2.8330135025146506
1741,WSe2,3,49,3.311339714999966,1.8075164766351657,-0.7534881620367093,-0.5267563053726874
1742,MoSe2,4,49,2.1092553750000023,0.09351024872843183,0.45429096467081465,0.03926875041707145
1743,WTe2,1,28,5.389532560000017,1.5095920623449537,-2.4649639068933276,0.6576536557185699
1744,MoSe2,4,49,2.691023534999992,0.27037331812907706,0.2702281212144042,-0.03828051335285654
1745,MoS2,2,49,6.083586599999987,-1.4713218078755563,-2.730738070184313,-0.41996279018553384
1746,WTe2,1,28,0.4454990649999988,3.393356042625327,2.367302693448284,0.3375591809767672
1748,MoSe2,4,49,1.2314746450000031,0.4280607630200164,0.7438069511837737,-0.1259975503497346
1749,SnS2,0,28,5.058379944999991,2.8372863363822525,0.14338718171916653,-0.6384667325416977
1750,NbSe2,2,28,11.666461110000016,-6.068479021275244,-9.444173455123307,-5.1210220256290855
1751,NbSe2,2,28,3.3148760774999886,1.2289328595727653,-1.1548841773738494,-0.18982577117979815
1752,MoTe2,2,28,2.2082970425000084,3.4378117437650473,0.61143212670979,0.08239059800800774
1754,MoS2,2,49,3.066146634999975,-0.038043243670527804,0.41230056386782277,-0.14075925249265087
1756,MoS2,2,49,2.186125789999954,0.783500994324692,1.303974593758591,-0.027950321555129776
1757,MoTe2,2,28,4.5772139475000095,1.5041206434118557,-1.7503331745914807,0.47979114003457735
1758,MoTe2,2,28,6.263741455000017,0.6024874433662752,-3.445559542895728,0.07026596712929667
1759,WS2,4,49,6.08593729500001,0.13783936337604796,1.0995359881319073,-0.6059042152168876
1760,MoS2,2,49,7.952631925,-1.6867162132792162,-4.523498350832114,-0.4113576953145346
1761,MoSe2,4,49,5.4502704950000025,-1.2781736067757183,-2.3903745027209498,0.08023611587035884
1762,WSe2,3,49,6.752881449999956,-0.8134787107930057,-4.183062873822994,-0.482287965757199
1763,WTe2,1,28,1.3440161625000062,1.430140487407424,1.5867416779744405,1.4037959496724386
1764,WTe2,1,28,3.377962590000009,0.962613581874991,-0.5104917692551765,-0.2694485194891447
1765,MoS2,2,49,3.9669247949999855,-1.0189559941373552,-0.48174632438841325,0.18102505953289239
1766,WS2,4,49,2.729384972499985,1.5713218909033353,2.343813266508601,-0.08517010395445279
1767,NbS2,3,28,1.1507012849999958,2.5484547609137005,1.3207588984615115,0.20273085376088873
1769,NbS2,3,28,-1.529228712500002,4.401204889397686,3.9657159103759785,1.2639134182342548
1771,WS2,4,49,4.2714648349999775,1.2451807554642969,1.5115095671098047,-0.05324174005979199
1772,MoTe2,2,28,1.0473626333333417,4.685153019641104,1.7684431992116207,0.09197494607593981
1773,WSe2,3,49,4.503123159999969,1.2311584593898823,-1.922708308493418,-1.3074732977105405
1774,MoS2,2,49,2.6228941849999536,-0.3613244068754624,0.8508633998897763,0.04070912081669675
1776,WTe2,1,28,5.658437390000016,-1.4481979795996258,-2.7812239913844974,-0.45532987402915026
1777,WS2,4,49,0.1522143850000068,2.5124754737544692,3.8364221881557143,-0.018329955068366183
1779,NbS2,3,28,-1.1223740950000014,4.264802175240886,3.578040716526084,1.1528245185585544
1780,NbSe2,2,28,0.4610014799999952,3.552118535462244,1.6961521264147996,0.23598535420817535
1781,MoSe2,4,49,8.6291294225,-1.9921221860192873,-4.158991190586751,0.2957846196549472
1782,MoSe2,4,49,2.0676711574999747,0.09849483015057858,-0.047407127997106,-0.20228181042355864
1783,WS2,4,49,8.56148573500003,-1.261850324691192,-1.5759108537642712,-0.8768070215193982
1784,SnS2,0,28,0.8801225099999961,6.094830664591068,5.132700753804122,1.5048355187933389
1785,NbSe2,2,28,-1.5666278274999934,4.9363035035279275,3.7433316779282566,0.7207112383988378
1786,SnS2,0,28,-0.2819543375000046,3.3688492470408167,2.6755129986429895,-0.5504676805511428
1787,MoSe2,4,49,7.730289905000008,-1.7450496045035893,-4.265293408163664,0.7872497551358961
1788,WTe2,1,28,4.150032030000012,0.3696431453489062,-1.2934472426312373,-0.21075310950847514
1789,NbSe2,2,28,1.5011300550000035,2.7036498083575404,0.6927303169075487,0.3467496329450446
1790,NbSe2,2,28,-0.7550381624999878,4.336249491006457,2.9259086255533733,1.0325425668858723
1791,MoTe2,2,28,6.804057630000012,-0.42218656549602507,-3.995013904668388,0.04839862178017995
1792,MoS2,2,49,9.179304872499962,-2.756871019350548,-5.873276744829674,-0.750191961275597
1793,WSe2,3,49,2.7893333974999748,2.139092669534429,-0.18869016006813055,-0.5634074353697462
1795,WTe2,1,28,1.1852492800000085,1.2584171781298743,1.6658692051328445,-1.950779945715544
1796,WSe2,3,49,1.0656872199999932,3.661003867087002,1.5094440373750884,-0.06888433367288538
1797,WSe2,3,49,2.738945399999964,2.3604705380595252,-0.15186118610734534,-0.20810993043616177
1798,NbS2,3,28,5.0549690175,1.16022759199707,-2.2287715522391767,-0.09774925787679045
1799,WS2,4,49,5.178338577499983,1.8570017316430834,2.7903700171401127,0.10784684603313899
1800,MoSe2,4,49,12.93166877249998,-3.1028885982446095,-5.94926040788613,0.21671118914959564
1801,WTe2,1,28,0.1913443100000063,2.119212260688877,2.6603232531205174,-0.8126023304010073
1802,MoTe2,2,28,4.6841044300000165,0.7243280536730792,-1.9416754914522465,-0.5443003846407226
1803,WS2,4,49,5.873249205000012,0.30254348909178486,1.7830046096972536,-0.6959417582023235
1804,MoS2,2,49,6.00664270249996,-0.36919852423661315,-2.6503661903539637,-0.32918997931473815
1805,NbS2,3,28,-0.8497467574999941,3.341752741488438,3.3897495803759705,0.5714576778338564
1806,WTe2,1,28,-0.193060844999985,1.626801540317571,3.042001773777044,-0.6845554015413562
1807,NbSe2,2,28,3.2384438300000014,1.4516049440834538,-1.0990139428641776,-0.2870091382529716
1808,MoSe2,4,49,3.3155339850000054,0.10581554045165475,-0.4742199870955459,-0.07193210651591508
1809,MoTe2,2,28,1.7347990100000186,2.3997003809199846,1.0602028941696997,0.05319760000567797
1810,MoSe2,4,49,2.77327225499997,0.5476896177366428,0.38693064556867407,-0.1871089726055608
1811,WS2,4,49,4.911803095000009,1.5693645393281974,0.9878090138663653,-0.12060023194255454
1813,NbSe2,2,28,9.990494907499995,-3.0447041398303174,-7.843466779193925,-0.5572715010262002
1814,WS2,4,49,2.8500686924999936,1.801649685567023,2.190770661697191,-0.011869235967197245
1815,MoTe2,2,28,5.62799494500001,1.04739084805012,-2.8140679303312273,0.2620942489798894
1816,MoSe2,4,49,1.5015638799999973,0.7586022882128933,1.113174186991173,-0.10913210427113573
1817,MoS2,2,49,2.376182774999968,0.405089993974336,1.097777465681998,0.029038051466910186
1818,NbSe2,2,28,7.804899809999997,-3.433441438519691,-5.729927418871457,-1.9547452511824508
1820,MoS2,2,49,5.3403930900000045,-0.6440112031998746,-1.9769143499436486,-0.3723179735245816
1821,SnS2,0,28,2.4158757049999995,4.339614756985271,3.8902355512815356,0.734251308524374
1822,MoTe2,2,28,0.23512989000002,4.409001929407125,2.5678592749881797,-0.04090394293784552
1823,WS2,4,49,4.435153310000016,1.6344696834692227,1.365621343752629,-0.007596159477147424
1824,NbSe2,2,28,-0.7557402649999894,4.374541461416209,2.93110738192809,0.7208146452388403
1825,NbS2,3,28,0.0791951299999901,3.335497589777435,2.374630900095428,0.5659292259519548
1826,MoSe2,4,49,2.7168506550000098,0.09990034826537109,0.17051110990782714,-0.10451711885193848
1827,MoS2,2,49,2.712093395000003,0.005570091798601684,0.775563277795611,0.04827717740803772
1828,MoS2,2,49,1.6137674250000034,0.6227816345499639,1.8674135607686329,-0.21949374653829268
1829,WSe2,3,49,1.9004355937499584,2.5131461749217134,0.6609435210368253,-0.41220918002315177
1830,MoSe2,4,49,1.877628833749978,-0.017008772193479738,0.34709343244722657,-0.2642792370906355
1831,MoSe2,4,49,6.416078990000001,-2.5385421368455003,-3.2457177890315765,-2.190303907093914
1832,MoSe2,4,49,11.794353815,1.4520422497583017,-3.9706567248510733,3.085502612510581
1833,WSe2,3,49,2.9116898649999507,2.3445160514047734,-0.32116185367792927,-0.0690991356044024
1835,WTe2,1,28,4.805735034999996,-0.6186583074507608,-1.9480633768019575,-0.9329305522220825
1836,NbS2,3,28,2.3626511099999856,2.4568283554846335,0.23361253707948215,0.5100206531022278
1838,WTe2,1,28,3.584999970000009,1.8217250392824207,-0.6856770628700857,0.7427677200227771
1839,NbS2,3,28,8.016354175000004,-1.2237333571797722,-5.245250554470829,0.32338753184814095
1840,MoS2,2,49,6.304297560000004,-2.322235697054447,-2.825327270769657,0.1850287581050578
1841,NbSe2,2,28,3.7343293049999935,1.121470687879238,-1.5594654896923763,-0.9971997756827733
1842,WTe2,1,28,7.423139965000006,-7.130099848371995,-4.475954210224005,-0.713801935774339
1843,MoSe2,4,49,13.536976010000004,1.7595245138850881,-3.2388160133315065,2.8217593924251254
1844,WSe2,3,49,2.2018819199999538,2.9339575422803197,0.37855486601587485,-0.21840313543879653
1845,SnS2,0,28,-2.1040421949999994,4.461403432208048,5.174602968213704,0.028482181546833907
1846,WSe2,3,49,4.35246325499995,1.2446217440845224,-1.7762799359081534,-0.27134800918085844
1848,WS2,4,49,3.446657650000017,1.7793637987711421,1.6660882708170406,-0.09163561694439348
1849,WS2,4,49,1.2940651299999932,1.312686391428433,2.6730380334012924,-0.10412968421447077
1850,MoSe2,4,49,2.305982412499973,0.26259519497276473,-0.0013257082331068482,-0.054132681690443274
1851,NbS2,3,28,0.4853113949999983,3.6003172734672058,1.9992382068727639,1.5214442749117043
1852,WSe2,3,49,2.847631534999952,1.7034560431377632,-0.29473869111770945,-0.38439814355606394
1853,WS2,4,49,9.163025154999984,-1.8563476545930824,-1.7116956058463382,-0.9456751488964681
1854,MoTe2,2,28,2.7054553150000147,2.7852392078576513,0.10651404471576509,-0.058649233863946826
1855,NbS2,3,28,1.353480969999996,3.288183773423466,1.2510683584861286,1.9169498332989543
1856,WSe2,3,49,0.7858428849999572,3.8454394445593687,1.7722787962134217,0.11747397043064578
1857,WTe2,1,28,3.4088422950000083,0.8585457309195883,-0.506310273795378,-0.6079796647916749
1858,MoSe2,4,49,2.6013877199999778,0.005101382045717084,-0.36593876351041477,-0.12416662841163939
1859,WS2,4,49,-0.329775274999997,1.3930375786702442,3.6966986072143526,-0.14803184945577286
1860,SnS2,0,28,7.088307475000003,0.26426305875243816,-0.22561885411479032,-1.2020916292561878
1862,NbSe2,2,28,4.070854537499994,1.5448320380717027,-1.8926464247833188,0.7183429074157779
1863,MoTe2,2,28,1.3659591149999986,3.130886845617067,1.4218477138167334,0.028123391497702377
1864,MoTe2,2,28,2.7569945050000007,2.6367164261421703,0.0636162566424554,0.02829446467569907
1865,WTe2,1,28,6.0612197862500095,-3.5621586786145114,-3.1263771997326755,0.1885739022062083
1866,MoSe2,4,49,5.905203374999998,-0.4759291338704408,-2.477071635701496,0.04091815871175264
1867,MoS2,2,49,5.600192540000003,-1.658877802997948,-2.1124080748459906,0.11397871066121112
1868,NbS2,3,28,3.330106514999992,1.603281241347664,-0.6803567591406172,-0.6247991505361861
1869,WS2,4,49,5.482042725000012,2.0817520468302293,1.1033249545959354,0.102840488043201
1870,WSe2,3,49,2.4272759849999472,2.5299080118363975,0.11387100863713773,-0.09536851397893065
1871,MoTe2,2,28,2.221135864999995,2.9830760058292696,0.5968672331699674,-0.15129440063943989
1872,MoS2,2,49,0.8561660074999915,1.0928431328325483,2.6252157267122485,0.09155038756022982
1873,SnS2,0,28,-1.6967427324999973,4.5069706829140195,5.398119051431577,0.3001378766446914
1874,WS2,4,49,0.0592130600000322,2.4664310039495527,3.8116760473862388,0.1245021245295902
1875,NbS2,3,28,4.6617175849999954,-0.9044017903731238,-2.1992244832442176,-3.2366685581928465
1876,MoTe2,2,28,2.439206142500004,2.6090024120857707,0.36506515813374474,-0.5236729177583859
1877,WTe2,1,28,4.904822185000002,0.07554849549112763,-2.006439918637494,0.049710279345293706
1879,MoTe2,2,28,3.488400845,1.8548287667146806,-0.7369680288124596,-0.27612200207397475
1880,WSe2,3,49,5.83772082,0.07981114716308557,-3.2517903930845136,-1.5314429091316732
1881,MoSe2,4,49,0.7119486199999889,0.46338348913341365,1.072126282534496,-0.02339818747689726
1882,NbSe2,2,28,-0.2428198650000013,4.349345921925457,2.3903372282303885,0.02590846960917284
1883,WS2,4,49,16.347954372500006,-3.2172854144718475,-4.503946483070278,-0.5535614688541717
1884,MoSe2,4,49,2.167887902500005,-1.173286295177312,-0.34318770591593917,-0.39812439306753
1885,NbSe2,2,28,1.2045394774999938,3.2156123124831195,0.9857528014255839,0.6653011841846783
1886,NbSe2,2,28,1.130356444999996,3.5844160178448528,1.050903584474898,1.0537222483898965
1887,NbSe2,2,28,4.509582114999991,0.5047417553409925,-2.3861274647568673,0.497230854843556
1888,SnS2,0,28,0.0944580974999969,5.054813788053999,4.477506325361738,1.3189295189754262
1889,SnS2,0,28,-0.4352600600000054,4.493870101936244,5.798222464886887,0.7031881834741265
1890,MoTe2,2,28,0.2074997262500093,4.588006353741649,2.593094842002554,0.20842271682199187
1891,WS2,4,49,1.008648767499979,1.3787353292814337,2.9769458230049857,-0.14139117243772303
1892,WSe2,3,49,6.235380869999963,0.3407435597027959,-3.6239047665352007,-0.10111179142737203
1893,MoSe2,4,49,3.577835102499998,0.1870733701969418,-0.36052252811340146,0.050662100691123424
1894,NbS2,3,28,11.029072689999987,-6.243503499020983,-8.485360868761788,-6.405615258206774
1895,WS2,4,49,15.20900403000002,-4.754640842845886,-4.994840011369039,-3.4559888297029833
1896,MoSe2,4,49,4.163278335000005,-0.04471007353556811,-0.8224038220096888,-0.001609239642745841
1897,NbSe2,2,28,1.604866845000002,2.803354002447711,0.5483909223594134,0.6256154948590067
1898,NbSe2,2,28,-0.8548034550000123,4.462904425586153,3.019876929248263,1.4007628481834025
1899,MoS2,2,49,-0.3750816300000384,1.8309058859433367,3.8670461291557188,0.05232883637007424
1900,MoS2,2,49,16.316565219999962,-10.209334079863243,-12.951085194390627,-0.2795626565233995
1901,WTe2,1,28,3.79453874000002,0.5931142929386195,-0.9536007281948038,-0.775859041691711
1902,NbS2,3,28,14.670707045,-7.469817139706218,-12.162585236630045,0.6404126703727204
1903,MoS2,2,49,1.1660800649999852,0.8630796398441716,2.315442733538223,-0.07221494856270905
1904,WSe2,3,49,7.520026877499971,-1.6054223725968138,-4.969046230094982,-0.8583870281550814
1905,NbS2,3,28,11.56605696249999,-4.705975130885814,-8.97838933834431,1.0573907736043395
1906,WSe2,3,49,5.9452754500000005,0.8979760962239576,-3.337570731092326,0.4127208548299146
1907,MoTe2,2,28,0.0097132100000021,4.1639492140875225,2.808067999945677,0.05255155033528436
1909,NbSe2,2,28,0.4816246599999954,3.2498257387630254,1.6968998341711472,-0.33877632727701357
1910,WSe2,3,49,17.388843189999974,-8.560327819313125,-14.736950448478774,-3.0340337468440506
1911,MoSe2,4,49,3.4273152349999823,-0.1007614929091214,-0.8176176546624578,0.17655491842714177
1912,SnS2,0,28,0.6826908949999992,3.940397623778484,3.9546227888277183,0.08423459887614004
1913,WTe2,1,28,1.487268527499994,1.9418121177433327,1.391686280417283,-0.8716993730785055
1914,NbS2,3,28,1.2903253424999983,2.7800678224525974,1.17641359678528,0.42691773287079027
1915,WSe2,3,49,3.812474364999989,1.0676115006565463,-1.2803506403804414,-0.4361950903773897
1916,NbS2,3,28,2.7176978950000006,2.376017772724609,-0.2088400884763595,1.3872819379671215
1917,WSe2,3,49,3.3804663624999964,1.5608396722239215,-0.8146640267608607,-0.557938636008704
1918,WS2,4,49,15.818704842500033,-5.65213545061364,-7.167568603130322,-5.938742557140332
1919,MoSe2,4,49,7.397184069999971,0.1709839343538695,-2.484120543846407,0.3609135786206341
1920,WS2,4,49,5.831836475000015,1.1128807732808275,1.675084577932724,-0.7490241657348786
1921,NbS2,3,28,0.6266812900000085,3.20943438815144,1.8534988940464188,1.6464048207508255
1922,MoTe2,2,28,1.1899429074999952,3.408002623709314,1.6212789304974413,0.049248783580734035
1923,MoTe2,2,28,2.180919065000011,3.248031880536285,0.6462759435957737,0.26645138470193386
1924,NbS2,3,28,0.8159755199999872,2.805453684940809,1.6497947245984015,0.11745829086986548
1925,NbS2,3,28,0.7011685233333425,3.304999603726594,1.8136942524692699,1.2823853630802318
1926,NbSe2,2,28,2.7123094274999886,1.6364839201766062,-0.5242112352850228,0.7928440695601515
1927,MoTe2,2,28,3.99989294000002,0.5097740591810913,-1.223140468076192,-0.705486923332336
1928,WTe2,1,28,0.0385555499999972,2.8460686133097357,2.8099969949117054,-0.0015397940287244088
1929,NbS2,3,28,4.398093919999988,1.422023871493745,-1.6855762611305631,0.4645814289176551
1930,MoS2,2,49,5.936320009999972,-1.2727437249556193,-2.587103151454033,-0.33797520714352647
1931,NbSe2,2,28,0.6838310299999888,3.0496047597440703,1.477631912759207,-0.22480465359363705
1932,NbS2,3,28,5.945658390000008,0.400419846897778,-3.222600245748503,-0.07729183065349154
1933,WS2,4,49,9.840091106666682,-2.6022218439713694,-2.587571817014175,-1.5527789169287267
1934,NbSe2,2,28,3.806065200000012,1.4122122543762088,-1.6588755828430295,0.04383377410073663
1935,MoS2,2,49,0.9367221862499976,1.3218378354683455,2.5539685219104027,-0.13821763499826822
1936,WTe2,1,28,4.019322285000018,-0.8607008943394141,-1.1128945042128682,-1.2766851275598325
1937,MoSe2,4,49,2.563418214999966,0.024207288540073257,-0.17111033745937743,-0.48482003359330905
1938,SnS2,0,28,2.616968834999992,2.120293255047208,1.519913152253833,-0.6437735205926436
1939,NbS2,3,28,16.06905841999999,-7.780705135799957,-13.306379955746246,1.1579071663444118
1940,MoS2,2,49,5.0787619450000046,1.078219523200679,-1.689058194389653,0.181575407752681
1941,NbSe2,2,28,1.4642727799999935,2.949372805378017,0.682368077060757,0.5748839748116115
1942,SnS2,0,28,1.618835519999994,2.388614424814052,2.6965367086224425,0.40219633653687126
1943,NbSe2,2,28,1.2926252900000046,3.0388581535780794,0.8803876024051873,0.9489268244866897
1944,MoTe2,2,28,3.936294175000004,1.3223108283569296,-1.1906878320485474,0.1163799595723427
1945,NbSe2,2,28,1.0042025499999945,2.9181254453002987,1.1719736006398576,0.1553508188863173
1946,MoTe2,2,28,3.3836000924999983,1.797002537479453,-0.5805461571311423,-0.013240592250771233
1947,MoTe2,2,28,2.404214539999998,2.622462591652834,0.3916753144311542,-0.7588721899938946
1948,WSe2,3,49,5.983157549999966,0.3433735423258808,-3.3919684039580957,-0.3048924552428858
1949,WTe2,1,28,0.0604975550000204,2.1356691192960406,2.781629132367737,-0.93491915152712
1950,MoSe2,4,49,0.5921522262499965,0.36184391550161077,1.2554437038494908,0.03620113106506695
1951,WTe2,1,28,2.066724477500004,1.124726277301428,0.7875243641035929,-0.3503240925970501
1952,MoS2,2,49,1.97565093749998,0.8426255075709224,1.5159034816996455,0.2706767805989785
1953,WSe2,3,49,1.4053897575000016,2.5528486852388497,1.1771249259055565,-0.6537233308413712
1954,NbSe2,2,28,3.390430125000009,1.9947218970438554,-1.2030163530527838,0.5825623746693842
1955,MoS2,2,49,2.242218394999962,0.2915284038332495,1.2159640988456597,-0.05929730328446725
1956,WTe2,1,28,6.318610257499996,-0.29045882482685936,-3.4599115715360473,0.2694993947013389
1957,NbSe2,2,28,1.4880734325000031,3.1173901517641163,0.6908441344352181,0.638606027707618
1959,NbS2,3,28,15.092890280000004,-7.869312621664636,-12.568386015804244,0.27522005884683765
1960,SnS2,0,28,0.8133647199999938,4.824269875235195,4.560356005377407,1.5611076994208841
1961,NbSe2,2,28,-2.1290704499999995,5.353304434947204,4.30972394260966,0.7270115307291662
1962,NbS2,3,28,4.535527699999991,-0.36842297893065545,-1.9988670287658605,0.18705511707764533
1963,NbS2,3,28,2.231903770000008,2.375367503930859,0.36213050441914074,0.38077912883930676
1964,WTe2,1,28,3.0495534100000192,4.901632929060447,-0.10438388167462032,1.2213137787715462
1965,NbS2,3,28,0.8808308050000082,2.682016292714734,1.55334464659657,0.23083813935881747
1966,MoSe2,4,49,4.067251097500016,-0.4552280618147946,-1.173044335186173,1.0468622333410487
1967,NbS2,3,28,2.7171800749999857,2.203138846407078,-0.21124011452024938,0.7743570985890851
1968,NbS2,3,28,11.013440659999986,-4.194692980607489,-8.425001831213772,1.6671293066341288
1969,MoS2,2,49,6.969677509999987,-1.8671519578861364,-3.4841085892287063,-0.3393936774499382
1970,WTe2,1,28,4.517706057500005,0.4661832838543649,-1.5983512213539686,-0.879307807555954
1971,WTe2,1,28,2.910822583750016,-0.5343748266648514,0.014904306813948942,2.324581112945948
1972,NbS2,3,28,0.8289516700000048,2.3248577979514518,1.6107070910244703,-0.08892277207876054
1973,WTe2,1,28,1.7433290200000169,0.44379936490802363,1.2128256443574865,1.2156892899110754
1974,MoS2,2,49,4.247370264999971,-1.2802959899831867,-0.8085835199285603,0.2971504310042601
1975,MoTe2,2,28,0.7412528100000223,4.23733402268227,2.055780182045062,-0.4446693959222635
1976,NbSe2,2,28,3.226846860000002,1.5333454547837304,-1.0962828458830791,-0.4337124090875264
1977,NbSe2,2,28,9.919951694999988,-4.938195484672839,-7.687076665753976,-0.979100483452136
1979,WSe2,3,49,1.444326974999992,2.739077629593921,1.123764894354256,-0.48079401061146265
1980,MoTe2,2,28,0.1853713450000214,4.715333833578673,2.5956626477673126,0.2566709660325917
1981,WS2,4,49,15.177624296249974,-1.3521419277807354,-4.2735916685084785,-0.7790294399877666
1984,NbS2,3,28,13.212287802499985,-6.3973123818660325,-10.670958180231308,-0.16262807349607833
1985,MoSe2,4,49,1.112425484999985,0.01438001916312115,0.6713325592428738,-0.2974059569288995
1986,NbS2,3,28,-0.1861819624999992,4.209045509507242,2.6940928101638786,1.3005948265492748
1987,SnS2,0,28,-1.891087785000002,4.515171939764813,5.301370476319786,-0.07949875331481726
1988,SnS2,0,28,1.3490732074999996,3.9256177384431967,3.9164587297812914,0.3367955325817875
1989,WS2,4,49,8.962946529999991,-0.5192454217032783,-1.1298246739463211,-1.51893738489908
1990,MoTe2,2,28,4.249450415000002,1.1226880852136212,-1.4516425625728373,0.09172609485717587
1991,NbS2,3,28,11.412854112499994,-4.484196739707433,-8.841238893383784,1.4165449963867243
1992,MoS2,2,49,3.196479102499959,-0.3951645498749383,0.2829936141494147,0.03596311755212467
1993,WTe2,1,28,7.589542826250013,-1.395601233079847,-4.690199733013726,0.5362035828482936
1994,WS2,4,49,11.00407618333336,-2.82050357311404,-2.6987655366404493,-0.8066919848266867
1995,MoTe2,2,28,1.3995506849999972,3.050210308321739,1.393291623680219,0.01123959947469344
1996,MoTe2,2,28,4.191608000000008,1.6668382801615316,-1.4085041366017745,0.13935513476561656
1997,MoS2,2,49,3.3285505250000007,-0.5218816871348069,0.11520867795715262,0.3675293649332674
1998,WS2,4,49,7.683514549999992,1.7066402885620198,-0.46049367851968626,-0.14831474887287577
1999,MoS2,2,49,0.8877041149999545,1.6252229403589322,2.5818824957941127,-0.15289638527888516
2000,WS2,4,49,-0.1450012149999708,1.3967907053818476,3.4897037369599113,-0.16524541153608066
2001,MoTe2,2,28,3.378543425000005,2.3482044057088163,-0.5638768358988493,-0.0415778640869191
2002,NbS2,3,28,-1.6142157150000171,4.870160523324195,4.060392283667111,1.933851821491106
2003,MoTe2,2,28,0.4967251650000069,4.430959936826978,2.273556547214145,0.18367711390013958
2004,NbS2,3,28,1.0795361250000024,2.78604260590108,1.3831940442962622,0.5690557907663958
2005,MoTe2,2,28,2.209140232500004,2.735872019036048,0.6000222252840133,0.014971245033972291
2006,MoSe2,4,49,2.0822713450000085,0.094844572205802,0.2219266021842361,-0.1720948294207849
2007,SnS2,0,28,1.1059576399999926,9.158125268630378,5.605727302245491,4.335857259444587
2008,WSe2,3,49,0.6927316262499548,3.633911840699508,1.8791489527447962,0.0293092653973841
2009,NbS2,3,28,2.486004034999997,1.5625410871466094,0.052790879881391195,1.4641940590500924
2010,MoSe2,4,49,4.834578499999999,0.6472710114644373,-1.2877501505686433,0.5940157713419607
2011,NbS2,3,28,0.4368192249999998,3.591461827907308,2.029659996979777,1.1698106632166547
2012,MoTe2,2,28,6.99300686,0.026408359624836564,-4.178394391916301,0.006067599075927355
2013,WTe2,1,28,4.976833427499994,-0.024649783523146063,-2.1037791615240415,-0.726083760014439
2014,WSe2,3,49,4.232432544999947,1.415991683032483,-1.6366181579963661,-0.9344235467648798
2015,MoTe2,2,28,3.2191314525000028,2.0656744811344376,-0.43989855315206183,-0.7326170431168646
2016,NbSe2,2,28,3.609236525000005,1.2191284035634307,-1.4374744559336392,-0.6219857995717417
2017,NbS2,3,28,3.424465090000009,2.177560736772045,-0.7730336089565113,0.1655029555525629
2018,MoTe2,2,28,4.920169015000008,0.0033004489841639284,-2.092108467489225,-1.0114833307959064
2019,MoS2,2,49,5.761525734999977,-1.9149661707274146,-2.2806680448246026,-0.19570504103025055
2020,WTe2,1,28,5.513222085000005,-4.431421624184575,-2.637353844007777,1.0364052190771433
2021,WS2,4,49,0.6808726200000035,1.2633583338523322,2.912485499328813,-0.18404863362864526
2022,WS2,4,49,3.678770807500003,2.189624838913164,0.7811732022808808,-0.055879222467857925
2023,NbS2,3,28,-2.0594448850000178,5.756554027939267,4.524128338242002,2.8664130971277033
2024,WTe2,1,28,5.619657665000012,6.181851397449125,-2.675812551881522,-1.1779884393072626
2025,MoS2,2,49,2.958276730000009,-0.1339163991004524,0.5230386443743806,-0.16365502399109788
2026,NbSe2,2,28,1.693716154999993,1.891092989337979,0.4107414220696075,-0.020881877846977925
2027,WS2,4,49,5.252852120000028,1.3557481785636112,1.058106742304659,-0.2148666361946896
2028,MoTe2,2,28,3.7474032450000174,1.4867969147086417,-0.9494049756010101,0.08001985070310758
2029,WSe2,3,49,4.869918652499962,0.5451486228652316,-2.2885872405024847,-1.066248325631269
2030,NbS2,3,28,3.973611142499996,0.8525074856840051,-1.3774191799399778,-0.30448264505838596
2031,MoSe2,4,49,16.034617477499992,-2.43793556475992,-6.100539419892977,-0.1839212316707286
2032,NbS2,3,28,4.846672304999997,1.753141951032311,-2.0721807564617887,-0.6531709914725718
2033,NbSe2,2,28,1.474924249999999,2.4648871386515308,0.619036472287497,0.08720334017944431
2034,WTe2,1,28,1.5742741349999958,1.853530017170821,1.2688996072943157,-0.538574886686092
2035,MoSe2,4,49,-3.505555670000016,4.849697669880489,5.330323100623389,4.589959741172095
2036,WTe2,1,28,5.441138155000017,1.2794295482470535,-2.5334783064689295,-0.23451921019614286
2037,SnS2,0,28,0.6650422399999911,5.597187043650725,4.897360803111174,1.8285658373671558
2038,MoSe2,4,49,0.7586220549999811,0.7699936183830958,1.3675276391248763,0.026408429199542782
2039,MoS2,2,49,2.4277773824999693,0.635739949577057,1.0603773467073876,-0.01744788166582234
2040,WSe2,3,49,8.634074079999982,-3.402390269448021,-5.996426610161521,-3.0136644323762836
2041,NbSe2,2,28,2.495398822500002,2.031621790852456,-0.39128436950215884,-0.1238527129825866
2042,NbS2,3,28,0.9755322562500086,2.242341873363232,1.47039893996276,-0.23185607064209846
2043,SnS2,0,28,-2.58919338,9.235780910771892,7.880587454757894,4.545642729721273
2044,WS2,4,49,3.3458470475000155,1.8273019024409836,2.181737266846298,-0.06866009745220447
2045,WTe2,1,28,2.8536974575000063,0.823657673013503,0.012040775430495199,-0.8121000116941386
2046,MoSe2,4,49,5.949108519999976,-0.6306181737271901,-2.4252211241412116,0.0009214889518469604
2047,MoSe2,4,49,4.58651160999998,-1.6905593852685348,-1.5343895733839727,-0.40392152274513826
2048,WSe2,3,49,3.0659981949999806,1.7862026310091337,-0.4941985988492643,-1.1133161767199513
2049,SnS2,0,28,-1.3962530299999958,4.443141619859005,4.884645542003576,0.3425287410595661
2050,MoS2,2,49,19.24129157,-8.522185690534263,-16.048551209104208,-5.012732393872886
2052,MoSe2,4,49,3.0904305600000166,-0.4556315563989424,-0.3729828817519292,0.3844455259171382
2053,WTe2,1,28,3.420637270000018,0.18508476000384766,-0.41674818613771336,0.5717496274049707
2054,WS2,4,49,3.769014040000002,1.603588899605711,1.7915720945926905,-0.11474092738505215
2055,MoS2,2,49,2.343033183333296,1.0583209706177135,1.1471961054036832,-0.21463297676743887
2056,MoS2,2,49,1.7845747637499842,0.3838157487164464,1.6882072917869215,-0.11551143405332898
2057,NbSe2,2,28,2.266543955000005,2.5978871083341426,-0.09040467976705413,0.3161760862750196
2058,WSe2,3,49,1.3572203549999928,3.0128667520226102,1.2178799079598055,-0.06005810034860537
2059,MoTe2,2,28,5.144151187500013,1.0788536304626337,-2.382926440795911,0.22777130548094426
2060,WSe2,3,49,2.828105574999987,2.245498531903089,-0.2739352843709182,-0.2149762771077346
2061,WSe2,3,49,2.4577996249999767,2.3125405395024847,0.1229851726684803,-0.4719006137059296
2062,NbS2,3,28,14.331045730000003,-8.449567102477218,-11.797810100600385,0.2508847484138972
2063,MoSe2,4,49,3.047395474999965,-0.6991414301492975,-0.7963160746195124,-0.41641228128455143
2064,WSe2,3,49,11.819711607499954,-6.346066079342402,-9.151250761552689,-3.821937801245885
2065,MoSe2,4,49,1.4231551549999724,0.6718366084328484,0.9083008307050853,-0.0805318019955168
2066,NbS2,3,28,13.828461890000009,-6.990659003037118,-11.258217895605071,0.6108701183618077
2067,MoSe2,4,49,3.5163583600000106,-0.18446777696168049,-0.47656717334941634,0.40225483541930096
2068,WS2,4,49,5.510528092499992,0.921693320158699,0.9523662677244138,-0.13106139989338406
2069,SnS2,0,28,-1.8372458550000037,9.27197924580811,7.169932279255375,2.9663543236915118
2070,NbSe2,2,28,12.409346909999996,-6.155333848476559,-10.31326072581624,-0.4805774804752563
2071,MoTe2,2,28,2.1079368525000044,3.170150842939652,0.7090640134362749,0.025253938312169932
2072,WSe2,3,49,3.664748449999992,1.5028482875437503,-1.1224737364837565,-0.8015192547230958
2073,WTe2,1,28,2.794594227500013,1.5155374812809117,0.0665077972141388,-0.008529046403618068
2074,MoSe2,4,49,3.703084504999993,-1.6209106806896902,-0.8122844262900726,-0.39763144294249786
2075,MoS2,2,49,2.6163598149999894,0.23998158673595205,0.8744718780135199,-0.13391680021930918
2076,MoS2,2,49,1.4876930899999987,1.1920601340549735,2.002502820135906,0.039639970900371635
2077,MoTe2,2,28,5.481900837500002,1.0764069691507956,-2.6621434554250105,0.11332052302449291
2078,WS2,4,49,8.459370719999987,0.696360163280449,1.0466816151033669,-1.5774425939827337
2079,MoTe2,2,28,4.918416565000015,1.2032662378360852,-2.1065854880601145,0.0516824073205413
2080,MoSe2,4,49,14.747846474999989,1.4509682349812927,-4.246814440443918,2.53689651612957
2081,MoSe2,4,49,2.614187084999976,-0.11250186301002651,-0.2149462733341232,-0.12634158468971401
2082,MoSe2,4,49,2.6542260249999745,-0.42592346673683146,-0.17137300973609904,0.4820882876170094
2083,NbS2,3,28,10.159242090000006,-2.8222075466447007,-7.1972795490555885,-0.5055829052262428
2084,WSe2,3,49,7.372223229999969,-0.746154399509857,-4.783752929961313,-0.20180925905270364
2085,MoS2,2,49,3.8331789874999593,-0.7212118212351073,-0.3959403737355145,0.7143724854818112
2087,NbSe2,2,28,0.2943343124999931,3.9701136149749825,1.8834086455688546,1.459769586502082
2088,WS2,4,49,2.5053559524999964,1.3944237646274855,2.6944539166304557,-0.17428529095519663
2089,NbS2,3,28,1.7871349950000015,2.2046491802370185,0.6957893868918847,0.405671169423623
2090,NbSe2,2,28,-0.9770269049999988,5.02787681955078,3.0841116561291493,1.5322934839922067
2091,NbS2,3,28,-2.9259626325000045,5.563284422559413,5.347286210062972,1.956241235735885
2092,MoTe2,2,28,2.5487513400000106,3.0392785214501847,0.2693988624332575,0.11610461703123942
2093,SnS2,0,28,2.282488045,4.272115531660156,2.3239359687736005,1.58787598520223
2095,WS2,4,49,3.5036328850000187,1.3587477785538553,1.8174973907262997,0.1408583901515521
2096,MoTe2,2,28,2.2325982033333447,3.571123224584136,0.5840295375266407,-0.1543518085401523
2097,WSe2,3,49,0.6029666400000009,3.7041138672784415,1.9736514751072174,-0.04011540969655447
2098,WS2,4,49,10.784649684999984,-1.8989554991072435,-2.1187266458815355,-1.6014011651025228
2099,WSe2,3,49,7.003291439999996,-0.6663505156734173,-4.435288023938595,-1.1239816268184368
2100,MoS2,2,49,3.067031854999985,-0.5998540665834406,0.4148848110308987,0.1755880568296453
2102,WS2,4,49,0.1608089849999876,2.5167759015509157,3.6857680235652794,0.09433354480551367
2103,NbSe2,2,28,0.6323257900000122,3.59537714553669,1.5329950832604857,0.22938157948647864
2104,MoSe2,4,49,4.0863695824999695,0.07539480081607053,-0.17865775871863798,0.5428165709118957
2105,MoS2,2,49,17.385184785000007,-10.546015680106006,-14.038051386943977,-1.3379664622461007
2107,MoSe2,4,49,2.171073477500018,0.43017836309141266,0.47317993538246883,0.009927549925112356
2108,NbS2,3,28,2.2729144075000094,2.4050149938976957,0.17496192669035926,1.9323348225669261
2109,SnS2,0,28,-1.6296658874999967,6.403080101952105,6.0565027754953995,2.7181079746734587
2110,NbSe2,2,28,-1.1864218374999858,4.4794731598012145,3.409789528540025,-0.13582614452516073
2111,MoTe2,2,28,4.1040579850000025,1.4433116540787738,-1.2540316159051539,-0.7200909032942735
2112,WSe2,3,49,5.412518634999996,0.326369946593835,-2.8320024555973267,-0.4195090677392539
2113,NbS2,3,28,10.350976004999987,-6.303376848302396,-7.798670306605212,-8.703842575154813
2115,WTe2,1,28,4.56875584,0.8226094496881107,-1.7100255238378903,0.2138949486250814
2116,NbSe2,2,28,2.084494145000007,2.4592956391135594,0.11246399950581187,0.2313728021740653
2117,NbSe2,2,28,-2.1614451224999858,5.479741435785813,4.332705638348781,1.2749859308597675
2118,WSe2,3,49,6.140392924999973,0.5042815350932077,-3.5475017087218967,-0.07321197356361253
2119,WS2,4,49,9.399075725000024,-2.104713497878035,-1.7617777767985272,-1.0496853772013583
2120,NbS2,3,28,3.5697239399999887,2.581868314638683,-0.8130942345709116,-0.14229664812987153
2121,WSe2,3,49,2.2570339374999846,2.5804851121444856,0.346701827321386,-0.18580968511707052
2122,NbS2,3,28,-0.4177675375000174,3.919931265578224,2.856620483463559,1.881068043773923
2123,NbSe2,2,28,8.049043520000014,-3.2321811752581926,-5.825680915222996,-1.8840286172493625
2124,SnS2,0,28,-1.935575775000005,7.148996483974207,6.4990499533142145,3.79580924083049
2125,WSe2,3,49,2.63869217,2.6238410973390702,-0.049698302761637336,-0.19857385716430676
2126,MoSe2,4,49,3.203104332499968,-0.8228181157641283,0.07852252780073155,0.31199789502892195
2127,WTe2,1,28,-0.0808069899999839,2.5265346562190594,2.928636967671289,-0.8334031705733397
2128,MoSe2,4,49,8.627221899999991,-2.0923210757710686,-3.403431413346346,-1.3757704076904211
2129,MoS2,2,49,15.945309752500007,-9.477760110572923,-12.581987415031541,-0.20196035929118494
2130,WS2,4,49,3.4034731850000046,1.3295728698400833,2.2942393953629514,0.10419165442667166
2131,MoSe2,4,49,2.4212905850000115,-0.033646929858816677,-0.3633495455967317,-0.2553379025048943
2132,WTe2,1,28,-0.401831394999982,1.5314354167081525,3.2496410276192043,-0.7305222287081071
2133,WSe2,3,49,2.3864159224999506,2.7869395774034107,0.20567714784815339,0.05756890390589264
2134,NbSe2,2,28,5.592913607499993,0.26469534661174254,-3.450191875042514,-0.1418199337939381
2135,MoTe2,2,28,2.7082454100000186,1.5521217450750546,0.052765236820049743,-0.1889199947066431
2136,MoSe2,4,49,4.230883664999997,0.2935453383976272,-0.6743994425878874,0.025316330676679932
2137,WS2,4,49,4.560239695000034,1.6488022183503892,1.413624860358853,-0.10776335248090962
2138,NbSe2,2,28,10.719667545000002,-4.808372925757651,-8.671075494129742,-2.102985492387697
2140,WS2,4,49,2.6861749324999864,1.7696803575950253,2.4474868939516328,-0.2103667094114039
2141,MoTe2,2,28,3.952972334999997,2.2170436358658887,-1.1548277560662812,0.21538893145406357
2142,MoSe2,4,49,2.195655929999992,0.39382327799256167,0.32246936563904605,-0.07808036402607454
2143,NbSe2,2,28,4.471485390000002,-0.3462808268591324,-2.320983979833579,-1.8620028632208268
2144,MoSe2,4,49,7.268086724999997,-0.5015953118835421,-1.8778671955301895,0.9934196735188836
2145,MoS2,2,49,6.663208734999973,-3.3035463611392957,-3.2804337461897517,0.18917424280357498
2146,WS2,4,49,8.355733654999998,-1.683561903341876,-1.3701627474072247,-1.6879530967317686
2147,WTe2,1,28,5.9150142100000025,-1.0341470863961817,-2.987406037901207,0.004441477204994548
2149,SnS2,0,28,2.379101284999999,4.097537826836752,3.6415317767268887,0.540912381152955
2150,MoTe2,2,28,0.2326774600000148,4.470180193299953,2.56056602767597,0.031202077582382665
2151,NbS2,3,28,2.2955647800000074,1.3039087758827645,0.15558611416503165,0.26945327782317374
2152,WS2,4,49,4.10567379000001,0.8201104799686592,1.5577673911828516,-0.12554891906393406
2153,MoSe2,4,49,2.8869858949999885,0.16497059964926297,-0.20046174224425117,-0.08953265047280734
2154,NbS2,3,28,0.4750046099999871,3.063709401510226,1.9802734289785895,0.2680566940924201
2155,MoS2,2,49,1.7076756649999805,1.4384075310042514,1.7516068921696157,0.45324121974021336
2157,NbS2,3,28,4.624929140000004,1.7881108621870885,-1.8920378982906132,-0.0277567207698608
2158,MoS2,2,49,2.613233154999981,0.1929851114871406,0.8790680706622505,-0.07533016402301174
2159,SnS2,0,28,6.8930239962499975,1.5947127057153345,-0.30541025469319383,-1.9620112068416313
2160,MoS2,2,49,1.2613936149999858,0.7132603442743062,2.2101524786228577,-0.06661843100442111
2161,WSe2,3,49,2.055677003749989,2.5016881355754705,0.5049892394852811,-0.4339666238315727
2162,MoSe2,4,49,1.6068413637500187,-0.13132424974651946,0.1551324146567603,-0.1764487805387558
2163,MoS2,2,49,13.409356297499954,-4.971544763889929,-10.115915558186193,-0.9949552431176301
2164,WSe2,3,49,2.869495004999956,2.281142581911563,-0.2820928201956754,-0.1728119160615611
2166,MoS2,2,49,7.171696969999973,-4.019049156838758,-3.7551667582334116,-1.1735691916287978
2167,SnS2,0,28,-2.603268659999997,4.999396042914222,6.170804934592079,0.6286259858717822
2168,NbSe2,2,28,2.7046794324999923,1.396982249628914,-0.5910948345945153,-0.32082822222370666
2169,MoSe2,4,49,-0.1796042300000226,-0.0420738680427834,1.360389727029645,-0.30677817496315285
2170,WSe2,3,49,6.909468719999954,-1.319646348199214,-4.308472146233882,-1.103695302845006
2171,MoS2,2,49,6.905300409999991,-2.771147163120413,-3.4172745062982086,-0.017030667670075772
2172,SnS2,0,28,5.809313983333332,4.892067382124838,1.1399814579762797,1.4430980179585795
2173,MoTe2,2,28,-1.0777316174999862,5.307048169980048,3.9153267624076196,0.1980008365805933
2174,NbSe2,2,28,-0.1979621050000006,4.448970854008179,2.3764429685711677,1.217599967841289
2175,NbS2,3,28,2.5562336149999854,1.3375864323785547,-0.02451687089496435,-0.5897779567231096
2176,WSe2,3,49,1.6268914799999887,3.367586109925141,0.9536470312762564,-0.01645937175668233
2177,MoS2,2,49,-0.0190010174999963,1.515364776540829,3.518354426313473,0.07196959901753373
2178,SnS2,0,28,-1.882367625000009,4.3584881764272145,4.966143701634734,0.08486470993551509
2179,WSe2,3,49,4.548839119999946,1.4871196469373098,-1.8935497084551463,-1.5130168874356555
2181,WSe2,3,49,3.0331972949999546,1.9141297625205942,-0.4546774738329624,-0.1795870178240513
2182,WS2,4,49,0.988561899999994,1.0521276875930847,3.1730973407226624,-0.28751881076913866
2183,NbS2,3,28,1.6739205250000015,2.78356944234619,0.81209400009562,0.95983889412333
2184,WSe2,3,49,3.5708375449999643,1.3163966262316231,-1.0056618527595673,-0.2516445791745654
2185,MoS2,2,49,0.7271039699999973,1.4418975298118109,2.754025119991254,0.013418176224978318
2186,WS2,4,49,11.77977771749998,-3.7125163395296035,-3.8214653650016084,-1.5405685423901172
2187,MoTe2,2,28,1.420102435000001,3.310249489896239,1.3751312120286039,0.07309476768249401
2188,WSe2,3,49,3.703605982499957,1.6958508761349917,-1.0836825498319067,-0.43637912753983343
2189,WSe2,3,49,0.9248814249999586,3.7254010374379884,1.62566665162968,-0.07999468495123219
2190,NbS2,3,28,3.3561145824999983,2.433454477507733,-0.6902061663877341,-0.03861597804341477
2191,MoTe2,2,28,1.7340449450000204,3.647255822262756,1.050133868298523,0.4271748902813517
2192,MoSe2,4,49,2.5877168100000043,-0.054264299166264074,0.17413847437296104,-0.14146303344971134
2193,MoS2,2,49,4.870240655000002,-0.8503587310065734,-1.389819827134401,-0.02417433903117061
2194,WTe2,1,28,3.765517095000016,1.4075496800040534,-0.8704321575864822,-0.044625778268244876
2195,MoSe2,4,49,1.0567095500000143,0.6332752484313822,1.281658071103908,-0.028401039219679847
2196,WS2,4,49,8.36379749375001,-1.2827591776591083,-1.4302803555867607,-0.8828538139404394
2197,MoTe2,2,28,2.296466659999999,3.5167732323238123,0.4850957478114837,-0.6849162494114169
2198,NbS2,3,28,3.0725986600000024,2.104388193281655,-0.49638283650858783,1.424416339389646
2199,MoSe2,4,49,7.9128876075000125,-1.166605665768242,-2.6689415320605594,0.34701184979572375
2200,NbSe2,2,28,0.7298354362500024,3.220039441679685,1.4490806207008848,-0.11734303385538969
2202,MoTe2,2,28,3.1859997050000066,2.2952617073026467,-0.3672003682487044,0.09383106867146163
2203,MoTe2,2,28,6.836562755000006,-1.4885120017244526,-4.092713795395108,-0.6328804913077866
2204,NbS2,3,28,3.898402672500007,2.370548743515618,-1.1545851841475496,0.2704901879125905
2205,NbS2,3,28,1.4323861099999868,2.5779923302211634,1.0467503569799936,0.8355803193925098
2206,MoS2,2,49,1.9886240449999653,0.45635792737654013,1.510064175977818,0.07785373057376521
2207,WSe2,3,49,2.759384734999979,2.1530898177903453,-0.21007405079587738,-0.44133729097430363
2208,NbSe2,2,28,2.4957562624999903,2.034103677710988,-0.39231216307372074,-0.13281118269652348
2209,SnS2,0,28,-0.7410807425000014,4.365204156857505,4.375958463968609,0.7038729800996922
2210,SnS2,0,28,1.025768870000002,4.787002291397296,3.3589408061067685,1.6408408146262592
2211,SnS2,0,28,1.3945837349999977,3.1908239194443793,1.7218744425665307,0.06414422081817861
2212,NbS2,3,28,1.076086135000005,2.8614831653336537,1.3933680740098011,1.2468117760717723
2213,NbSe2,2,28,0.1917322150000018,3.9756078252069074,1.9400065271925846,0.3857878773283877
2215,NbSe2,2,28,2.1765117149999926,1.8114527561812412,-0.04193054650735739,-0.6769086819341967
2216,SnS2,0,28,0.3046227274999911,4.856653374566049,4.545758328967701,0.8259244781071053
2217,SnS2,0,28,0.0606643899999985,3.6894093608138037,3.989937291073508,-0.0438800399226873
2218,WSe2,3,49,7.868326119999997,-0.41944624227375993,-5.272379013320716,-0.30537598572265345
2219,MoSe2,4,49,3.07531372249998,-0.3960020496535037,-0.5320577575850223,-0.03797896246986898
2220,NbS2,3,28,3.0569643499999835,1.6846267856608241,-0.4513877553293697,0.219432480876685
2221,NbSe2,2,28,2.7672702250000025,2.138819319296262,-0.6036062019185411,0.548240524816892
2222,WSe2,3,49,4.016162114999988,1.3990081571913775,-1.4273729698482138,-0.40270189211994234
2223,WTe2,1,28,3.725605435000017,-2.2044423687717867,-0.8029070167006602,0.5359227390824213
2224,NbS2,3,28,-3.0834016950000174,6.13974417756685,5.501735384371762,2.6066642752358167
2225,MoS2,2,49,4.6844513799999685,1.0767315639799309,-1.3225655144705901,0.483936509862092
2226,NbS2,3,28,4.875441655000001,0.7016447936694323,-2.1662728234926365,0.30983199230834835
2227,WTe2,1,28,4.410651479999997,1.0901225061806263,-1.5560256191499806,-0.1552910356131969
2228,NbS2,3,28,3.974401742499984,0.7993986305774086,-1.358491530301091,0.17163361084270834
2229,MoS2,2,49,1.0071104949999743,0.9160932912142183,2.4740567419639334,0.009179057052841388
2230,MoTe2,2,28,-0.2628438399999868,4.447680863417142,3.0829400943487415,0.05352488426064758
2231,NbSe2,2,28,1.5732569399999945,1.9956036703261368,0.5392799274596207,-0.0932879550782213
2233,NbSe2,2,28,2.912130710000012,1.5036384696620564,-0.8016366923989988,-0.525416172061576
2234,SnS2,0,28,0.2397125949999921,4.500222723628955,4.511512081767993,0.5160547901649045
2235,NbS2,3,28,1.4081701024999953,2.8033941999444627,1.082571786182052,0.5976389661798143
2236,WTe2,1,28,1.1682934174999973,1.8889721820686878,1.7009852518573025,-1.0827532817985
2237,NbSe2,2,28,0.8382787650000043,3.273031081242264,1.3149739160963907,0.014134531699519615
2238,WS2,4,49,10.787861164999988,-1.905870414369291,-2.2471554841528203,-1.683987276348459
2239,WSe2,3,49,4.809077984999963,0.5966932704932013,-2.2627523014062128,-0.8445971080773553
2240,NbS2,3,28,4.220467115000004,1.5219187492578081,-1.717366878743087,1.354429379547522
2241,WS2,4,49,4.06267701,1.0927283524471028,1.7463161705928547,-0.2948305051527913
2242,WS2,4,49,2.0748549524999964,1.5948072051945021,4.2917229906661,-0.25220416228545783
2243,WSe2,3,49,3.6585480424999535,1.9273112562061012,-1.0824612034598329,-0.17167481315526745
2244,MoSe2,4,49,5.883807890000004,0.19765115541015188,-1.6641420447648159,-0.15593456465210398
2245,WSe2,3,49,5.3064892374999575,0.026412955569500518,-2.714082646720335,-0.47236371870112936
2246,MoTe2,2,28,5.57032742000002,0.6369524211051232,-2.7709477533536986,-0.08112078802166778
2247,MoTe2,2,28,5.832362855000019,0.3383132174385386,-3.003129208607197,-0.39024007769695945
2248,WTe2,1,28,2.056025210000008,1.6602057387660647,0.9154419670731526,0.5229558319082561
2249,MoTe2,2,28,1.7091422975000066,2.9451516370041846,1.0986810425980564,-0.12733778356873215
2250,NbS2,3,28,0.062017779999983,3.275449572549252,2.4130222584267345,0.8486293738543871
2251,NbS2,3,28,0.7548833433333244,3.5388094044185476,1.7201870139893685,0.23511448069977703
2252,WSe2,3,49,0.7286689599999953,3.811484225526535,1.8450820922206672,-0.13946254259836355
2253,WTe2,1,28,0.0605841499999959,2.830881037072758,2.786063430464685,-0.21960060024617103
2254,MoSe2,4,49,5.349817469999988,-0.9934915257352586,-2.234333868111967,0.40864336958944847
2255,NbSe2,2,28,-0.1999277100000016,4.1142581130100515,2.3532069350315363,0.6178470676176977
2256,SnS2,0,28,4.952906594999994,0.23713987437053063,0.030168785325323633,-2.3016219798012227
2257,MoS2,2,49,0.754665746250001,1.4664223055459584,2.7316356758691396,-0.10283837115590522
2258,NbS2,3,28,-2.649672170000001,5.259188870108847,5.119223971681519,1.3343406314817312
2259,MoSe2,4,49,2.2909048350000023,0.12740024414225015,0.3768924920416237,-0.1650896024051942
2260,NbSe2,2,28,3.1221826000000017,0.93109258781026,-0.9544092737620051,0.18931937982787916
2261,NbSe2,2,28,4.810552015000012,0.9587765792077514,-2.6300107380682496,0.44142399818358147
2262,WTe2,1,28,-1.0205669074999912,3.0878265370674556,3.9092702537524326,0.1798894872017328
2263,NbS2,3,28,2.9755780299999923,2.218880454649666,-0.2717426221071295,-0.10931742196267935
2265,MoTe2,2,28,2.6679604875000127,2.624222275917549,0.17289534936827344,0.07414626807453173
2266,NbSe2,2,28,0.5259598100000098,3.16936063728596,1.65408595365152,0.5312817490286157
2267,WTe2,1,28,6.092868380000013,-2.9402063411969124,-3.1405000410972215,0.3809276697538122
2268,NbS2,3,28,7.770316860000002,-3.688858927209882,-5.184477747400312,-4.235236347635297
2269,MoSe2,4,49,0.6478210162499667,0.37134247309176915,1.04668562895267,0.0899090099951505
2270,WTe2,1,28,-0.1890471249999934,2.117379135904941,3.028502809026076,-0.9512781033732163
2271,WTe2,1,28,2.2356229675000083,1.457046583077791,0.6182587094917724,-0.08377783022176954
2272,MoS2,2,49,1.8898029675000048,0.7078766077843175,1.597196623691605,0.009387100744929322
2273,WS2,4,49,3.1472019300000262,1.351191287722549,2.1798857902351623,-0.15436815670494175
2274,NbSe2,2,28,4.769122975000002,1.2663981348988829,-2.5900653768859883,0.7804262867289209
2275,MoS2,2,49,2.34329517499999,0.04351572378083279,1.0961213130116882,-0.03740143593545531
2276,WSe2,3,49,2.225792324999957,2.429247581501813,0.34609039976200595,-0.14859525010982022
2277,WTe2,1,28,5.4969714475,-1.2307895811720782,-2.626636345418701,-0.6084847442631025
2278,NbSe2,2,28,1.6084908625000065,3.260378601102696,0.5733213444040868,0.5833747406290624
2279,MoTe2,2,28,2.798850247499999,2.414817781013592,0.0057303615037036515,-0.28888586087788815
2280,WSe2,3,49,7.199111389999992,-1.3658637284094155,-4.593773531799918,-1.3786051351680415
2281,NbSe2,2,28,3.851225850000004,0.7222819357971151,-1.7376299669484498,-1.7101546098927858
2282,WSe2,3,49,19.182754905000003,-9.633874963695478,-16.45111997025676,-8.477301985993655
2283,NbSe2,2,28,-1.8603826199999949,5.25126892676269,4.038668298227737,0.8903984064888458
2284,SnS2,0,28,6.666042100000004,0.022849946610510763,-0.8093512163635292,-1.7505363728678427
2285,SnS2,0,28,-1.8328474600000093,4.319806520033172,5.321893238910328,0.1013138531528821
2286,WTe2,1,28,6.73989328500002,-0.3873721833663124,-3.8060022270318807,0.90767096721759
2287,NbS2,3,28,2.315984310000005,1.1848390288264925,0.12185583383951304,0.20699010164651988
2288,NbS2,3,28,0.1620917650000055,3.4588735171222886,2.266793456481318,0.670058495607396
2289,NbS2,3,28,4.335895794999997,1.2162401493664579,-1.8458742880547052,0.8676752066886424
2290,WSe2,3,49,14.147240707499972,-6.73658314270098,-11.55876691065549,-1.5508185120654012
2291,SnS2,0,28,-0.6324763649999987,6.05862350804606,5.66437883717814,1.7676184131999702
2292,NbS2,3,28,8.208672820000004,-3.1446184898099814,-5.45800493008708,-4.333980936277063
2293,MoS2,2,49,7.032097769999997,-2.199156317337847,-3.536466393097735,0.11420493004272725
2294,WTe2,1,28,7.087379397500013,-1.2046630596602501,-4.1634698128188194,-0.3482290323063282
2295,MoS2,2,49,3.382998224999996,-0.498785135057064,0.09800601312866597,0.025017979833988235
2296,NbS2,3,28,-0.2447603699999989,3.4286127246854643,2.697251971308186,0.5877683319089752
2297,MoTe2,2,28,0.7206329900000149,4.267878413401678,2.0742431881056573,-0.11775302866832948
2298,WTe2,1,28,7.693985779999997,-1.612024068752235,-4.810491164445187,-0.24363533647786095
2299,NbSe2,2,28,11.996115154999991,-6.496139791586498,-9.886913803198437,2.178026410958667
2301,WSe2,3,49,1.3368489249999946,2.860969592684942,1.228357443764247,-0.6271463140304512
2302,SnS2,0,28,6.350472224999992,0.09840924218343883,-0.2802439662312741,-1.3734912209208092
2303,MoTe2,2,28,1.808085954999996,3.122892740551559,0.974795861228235,0.0029835732618246347
2304,WS2,4,49,19.49812116750003,-2.4141771647127577,-7.024431849796784,-3.308724309284699
2306,NbS2,3,28,10.147016427499992,-3.3493791238297446,-7.538910529596549,1.306884227610686
2307,NbS2,3,28,3.3562707424999867,2.048749812360446,-0.7259962082745228,0.006178665077527956
2308,NbSe2,2,28,3.293660240000005,1.142556034897253,-1.1649058626348925,0.07939569490600107
2309,MoSe2,4,49,1.2598685249999697,0.14096571750287867,0.679359612334218,-0.2495361790374453
2310,NbSe2,2,28,1.6943444149999969,2.6976367098779326,0.4531329733819611,0.5165950718214958
2311,MoSe2,4,49,6.848025417499981,-1.399274603697898,-2.586221631540101,0.4557440120247582
2312,NbS2,3,28,0.2648288174999909,3.447382950332447,2.2289025222725516,1.0050800080564464
2313,MoTe2,2,28,4.389110490000021,0.14790089496396863,-1.6201856179195357,-0.8179140928544313
2314,SnS2,0,28,-1.63866213500001,4.204793249959726,4.906267519190887,0.07889687557516445
2315,SnS2,0,28,0.9371851674999916,4.066458981008717,3.5177023021095866,0.4917149551425255
2316,WTe2,1,28,1.4935463349999942,1.080262414516811,1.434970052939459,1.2166769424098773
2318,MoS2,2,49,3.5403456924999634,-0.46070498611975497,-0.056177957718062554,-9.364273596590422e-05
2319,WS2,4,49,5.295993797500014,0.8644043678849149,2.614787029704373,-1.0940836196333956
2320,MoTe2,2,28,4.514499120000017,1.4959498126476882,-1.7200462938179695,0.017570245183495814
2321,MoS2,2,49,3.946665794999976,-0.9759004030144007,-0.4879905694242108,0.1883337980989821
2322,MoTe2,2,28,2.4472148550000083,2.8103115427050698,0.31504804567036127,-0.11202622775696636
2323,NbSe2,2,28,1.6293739800000022,3.108700640564776,0.5596013541674782,0.4440149938718645
2324,NbSe2,2,28,1.9925091449999943,2.373630187453416,0.18641716394979424,-0.08511008665801434
2325,MoS2,2,49,6.892248979999982,-3.2042555330141016,-3.4375990547680484,0.12087612172527873
2326,WS2,4,49,7.742332310000003,1.9573721781184874,-0.4955291852543162,0.04203461555745136
2328,MoS2,2,49,1.0232805950000088,1.4422155874417026,2.44602714552937,-0.22467797423940905
2329,MoS2,2,49,0.7201545599999711,1.7417835430400883,2.756805304298531,0.002067927131783387
2330,NbSe2,2,28,4.250531582499994,0.06895908865784328,-2.1031573498899268,-1.5633598054105566
2331,WS2,4,49,2.1779476275000333,1.862916124865079,2.447173012300992,-0.07819202243818424
2332,NbSe2,2,28,2.9465596750000014,1.3484534348429351,-0.876466440619915,-0.517946489117433
2333,MoTe2,2,28,3.7700012650000208,1.4060904059899695,-0.9615211611893923,-0.37335651376914525
2334,NbSe2,2,28,-2.129252054999992,5.88607249529235,4.312336225023592,1.9790304687725748
2335,NbS2,3,28,2.3251869849999856,1.8968855368455144,0.1293351081371199,0.5885732002417137
2337,MoSe2,4,49,1.056708837500009,0.05084249878844305,0.5961781889689037,-0.37675804391582124
2338,NbS2,3,28,-0.3716085949999979,4.494424561606138,3.0107749501330545,0.47125122939178254
2339,WSe2,3,49,0.6190694562499774,3.669799209445213,1.9542516477997052,0.03310775837252011
2340,NbS2,3,28,-2.1433284950000138,5.8369181028745665,4.61158854481996,2.414260851516534
2341,NbS2,3,28,2.8071426049999846,1.2078470889595692,-0.21277653139158614,-0.7362428800396574
2342,MoSe2,4,49,5.809456600000012,0.10235093707884513,-1.7967617643371705,-0.058651222039807216
2343,WTe2,1,28,5.587890177500012,0.687847346532581,-2.713703502746187,-0.3636926308589796
2344,NbS2,3,28,12.505614075000013,-5.605779124235039,-9.939549001986707,1.3511656592936063
2345,NbS2,3,28,4.234056515000003,0.18486145883625937,-1.6191079244034863,-0.49909723053548527
2346,NbSe2,2,28,2.849948184999992,0.919783416079313,-0.7251117798816855,-0.8860881500573652
2347,MoS2,2,49,0.6576545774999845,1.5169970452722323,2.8393326858616286,-0.013376726713139608
2348,NbS2,3,28,11.007967654999986,-4.872863157726223,-8.491759403682643,1.268389677865411
2349,MoSe2,4,49,4.997915813749982,-0.22916784825519,-0.7256189082324038,0.7077335621655454
2350,SnS2,0,28,-1.7362195624999992,4.612830636311848,5.89899237693278,0.2882414633127841
2351,NbSe2,2,28,1.0167027625000091,3.267284362260936,1.1611545570139474,0.7490253535354523
2352,NbSe2,2,28,0.3054296649999895,4.223692131290091,1.855661901085826,0.9757130466394148
2353,NbS2,3,28,-0.3320268949999954,3.93916091930216,2.7530596018964593,2.0870607059334265
2354,WTe2,1,28,1.95391103500002,1.6971773617081505,0.9237582199387413,-0.1973292517053422
2355,MoSe2,4,49,3.3367376899999823,-0.05671483042661807,-0.4205297406795072,-0.1200206057511215
2356,WTe2,1,28,11.117895577500004,-4.783042166779179,-8.173267100403447,-3.8932900171972697
2357,MoTe2,2,28,5.35121799,0.5236551713159177,-2.582500701029053,0.1611562521468093
2358,NbSe2,2,28,6.4595120649999895,-0.053560644533884094,-4.257782608416331,0.3698579568200788
2359,SnS2,0,28,0.8909008849999989,7.783654893503419,6.000609998967083,4.443492298390301
2360,NbS2,3,28,0.1517796249999881,3.0062806475347004,2.3147890834198117,0.15204376659648816
2361,MoSe2,4,49,15.615754734999967,-3.4683100099633464,-6.006053419438038,-0.2088098243147467
2363,WSe2,3,49,11.558336216249987,-4.196444310783272,-9.004013973513171,-0.5135462661970909
2364,NbS2,3,28,1.0597751574999863,2.7910209062410622,1.447936411968194,0.6202682219657527
2365,MoSe2,4,49,3.8056222474999815,-0.8145334597853413,-1.2024024999566465,0.2569166942012715
2366,SnS2,0,28,5.369209887499993,1.5704846760477773,1.1973467251505605,-1.2349737901641777
2367,SnS2,0,28,0.2928188599999934,5.532119437271735,5.094608787908535,2.031990214401862
2368,MoTe2,2,28,1.3347780750000011,3.638121838787841,1.4451658680236805,-0.16254016218617862
2369,NbS2,3,28,-0.0208424675000178,3.703683847937233,2.4686141756705906,1.2427771834067969
2370,MoS2,2,49,0.0219320300000012,1.9299261726163726,3.457587178272297,-0.1164151671307385
2371,WS2,4,49,2.2755970350000028,2.0558931637711564,2.5215726503637668,0.033257465452674495
2372,WS2,4,49,1.3361309675000097,1.2887027752774967,2.6048837991931055,-0.17629241025666254
2374,NbSe2,2,28,5.015704019999992,-0.4945284765327882,-2.8433415334785894,0.46484563337118256
2376,MoTe2,2,28,1.5157746500000036,3.906349417942298,1.2817907307322147,0.1296921942408209
2377,SnS2,0,28,-0.0482925150000035,4.151917097290653,4.128803806821801,0.42565405102600445
2378,NbSe2,2,28,0.7577486649999887,3.858946421161307,1.4654025419702261,1.4648908956994742
2380,NbS2,3,28,3.5525910324999845,1.195447736268326,-1.0838455624529875,0.7781750095735829
2381,NbSe2,2,28,10.204767065000002,-3.396314776690269,-8.047712640714114,-0.8410843181127952
2382,WTe2,1,28,0.3947303962500004,2.6113006401269527,2.466897023539632,0.05379495304911258
2383,MoSe2,4,49,-0.1534545950000194,-0.027074284165630014,1.364380253543924,-0.18308785240802095
2385,MoSe2,4,49,2.0452790274999884,0.29438980273581095,0.12771038067516205,-0.2343843395295091
2386,WS2,4,49,4.978858447500013,1.4377966161291376,1.638964676431872,-0.20376505099529307
2387,WSe2,3,49,2.264497687499956,2.8539767165171748,0.31193167956547363,-0.19260208813472168
2388,WSe2,3,49,-0.0158968150000107,3.5852102616807153,2.574361818967296,-0.7875340601424047
2389,NbS2,3,28,1.235204969999984,2.8360766220512046,1.242083037736222,0.8613597202720291
2390,WTe2,1,28,1.7090175149999984,2.1385673683719904,1.1612490814762384,0.19762965061635485
2392,MoSe2,4,49,5.6345314575,-1.9859936627510577,-2.879480480428873,-0.5582071535550943
2393,NbS2,3,28,11.940934364999997,-5.428977514312334,-9.460508689289954,1.4752471993310579
2394,NbS2,3,28,12.053677475,-4.994872486138917,-9.46828698669332,2.2473825657918294
2395,WTe2,1,28,5.292618610000012,-0.5332382694238404,-2.396433927153943,-0.43382678184449475
2396,NbSe2,2,28,-2.82988109,5.9556807856507366,5.0054488758988445,1.3284246703731284
2397,WTe2,1,28,8.971512149999997,-6.764986347387692,-6.036369235545855,-1.5051194739644336
2398,WS2,4,49,6.015933397500032,2.1593506702896805,0.5209161012487469,0.0044242112951335955
2399,MoTe2,2,28,-0.7746613049999951,5.827235383241979,3.4925642037884472,-0.2890180722379607
2400,WS2,4,49,0.8690370862499921,1.8428364450915606,3.1301868612750323,-0.00841865388711771
2401,MoTe2,2,28,1.0330334475000045,3.843181136214798,1.80741675989237,-0.023115353818669027
2402,MoS2,2,49,8.682583246666674,-3.0684497297192452,-5.330837720670784,-0.5401119331901114
2403,NbS2,3,28,2.9069514675000083,1.6191699899177974,-0.4318338238257935,0.08731973140847948
2404,MoS2,2,49,5.0588345649999855,-0.010633639808742323,-1.6753457509639342,0.1450107770003397
2405,NbSe2,2,28,2.7561021437500104,1.6248320946838275,-0.6745837321136579,0.705500226194244
2406,NbS2,3,28,8.864245030000003,-2.7037473645947294,-6.375308049434613,0.49607792227050496
2407,MoSe2,4,49,4.747917504999979,-0.21837092627480015,-0.859043927882059,0.7204934637805387
2408,WTe2,1,28,12.23508615500001,-8.34155014362204,-9.342436027589121,-2.8237257322298284
2409,MoS2,2,49,6.215883094999981,-2.844819862578106,-2.8333369880256973,-0.08947070333738338
2410,WS2,4,49,7.392664272500005,-0.640797137134201,0.060911656505935774,-1.0479661612837772
2411,MoS2,2,49,1.9645548074999808,1.3259464691520373,1.5071910014192902,0.33925014639304507
2412,WS2,4,49,9.517162334999991,-0.22838498362059667,-1.2291960836267002,-1.751223258258455
2413,WSe2,3,49,9.17899391749999,-3.362824496621898,-6.5368040174196285,-3.5534635156343493
2414,WSe2,3,49,6.1994953149999485,-0.42451922043614676,-3.6066212648595677,-1.9765494658991996
2415,MoTe2,2,28,4.518902875000013,-0.13509680530803703,-1.796988742563896,-0.26078360976156834
2416,NbSe2,2,28,10.18714611,-3.1211036867517095,-8.03537027305542,-1.9316319651025395
2417,MoTe2,2,28,1.6935764675000105,3.5354460353991595,1.136890041365346,0.0544550295016375
2418,MoTe2,2,28,4.329979972500022,0.16841324522255352,-1.5495141312066867,-0.71411442404828
2419,MoSe2,4,49,5.714678895,-0.9695597206785074,-1.8102081333829747,0.18796367295247407
2420,WTe2,1,28,1.1717584549999989,1.3811970929685475,1.6749212325000011,-0.6753529727078236
2421,NbS2,3,28,1.583450019999992,2.8237394286745277,0.9404909405662107,1.0690108729952068
2422,NbS2,3,28,-1.9874399299999923,4.522356887219434,4.407072921154981,1.2642484302899093
2423,MoS2,2,49,4.075186569999955,-1.1201634402188678,-0.5982429181648317,0.20549504010746666
2424,MoTe2,2,28,3.7582714500000174,1.5231146075357902,-1.002643341021746,-0.4207288366526458
2425,WTe2,1,28,2.163687567500018,2.036612092864769,0.7168473198138248,2.5807765120389634
2427,MoS2,2,49,7.656254444999955,-1.821916256828568,-4.317552481575272,-0.9084944670234734
2428,NbS2,3,28,0.2017351199999932,4.016290723302416,2.2331934561515365,2.011256236849677
2429,MoTe2,2,28,0.0683558900000056,4.382760353998204,2.7254696569004255,0.16775587013945975
2430,SnS2,0,28,0.5487577162499977,3.8315718131943792,3.6496425427679466,0.1562192397996035
2431,WSe2,3,49,7.653381279999969,-0.6643702307293395,-5.061520031983612,0.1687346181323548
2432,NbSe2,2,28,1.3357419400000037,3.3163315228041546,0.8546842506941696,0.7580908707198044
2434,MoS2,2,49,2.7753531499999973,-0.044080492287696504,0.7015569642883328,0.0015352999867785933
2435,WSe2,3,49,1.0572516174999878,3.07372784099102,1.5256536750109986,-0.5958670826641723
2436,WS2,4,49,7.504034920000029,0.6720209882030961,0.14635149293840666,-0.21907767004071932
2437,NbSe2,2,28,3.2388473675000142,1.7255192274503441,-1.06999344878867,0.2972665304593769
2438,NbS2,3,28,9.842261353333331,-3.48667609612101,-7.272365450063882,0.3756904212638368
2439,MoTe2,2,28,4.400344772500022,1.0310916072505476,-1.6121119691552952,0.27409577035683075
2440,MoTe2,2,28,3.28653864,1.9131462977950031,-0.4944610986486815,-0.0003257983302815681
2441,MoSe2,4,49,3.4736057399999662,-0.03436997327124702,-0.5370923955531484,-0.007426528065558546
2442,NbS2,3,28,-3.6002746500000025,6.034075903636681,6.043130008123782,2.060971506180829
2443,MoTe2,2,28,-0.3415455049999907,4.346815986109609,3.148992064270214,0.07641689248168015
2444,WS2,4,49,3.438620044999995,1.7995623407625372,1.9220397132499238,0.111478692080897
2446,NbSe2,2,28,0.4598892900000129,4.416474782163887,1.7047445403883743,0.42218713237344085
2447,NbS2,3,28,6.027186577499987,-0.9720971037756216,-3.416001503647448,0.6146063556461723
2448,NbSe2,2,28,0.7543726900000021,4.081482635063067,1.3822607856215394,0.9914407194874044
2449,WTe2,1,28,5.195790205000012,0.25580359141213815,-2.3402887121818154,-1.0690734322847613
2451,NbSe2,2,28,2.437108020000011,2.105026503391713,-0.2570714752002061,0.5548210342602431
2452,WTe2,1,28,3.711353072500012,0.8318536192419312,-0.8546576589105346,-0.13528459169048235
2453,SnS2,0,28,4.1507907199999945,4.852109721487636,3.630456816341355,1.6670665454724176
2455,NbSe2,2,28,6.842652105000004,-2.2986635592643276,-4.698660356508082,-0.6333477722668501
2456,NbS2,3,28,10.981368792499993,-3.6981860125520756,-8.40031720444152,1.112300145183113
2457,WTe2,1,28,4.8561413975000125,4.035521041210519,-1.902221986794446,0.8731692739884318
2458,NbSe2,2,28,-1.5199457699999914,4.7343070402687495,3.681891748800447,0.8564489578153397
2459,WS2,4,49,15.857973525000029,-2.9064624598348274,-3.9586177955790482,0.4078123280680064
2460,WSe2,3,49,0.0526221899999503,4.200823276359506,2.512543647605844,0.003792970497079322
2461,MoTe2,2,28,6.8888934100000165,-0.10736382447958981,-4.0762947047082685,-0.0033327385115722308
2462,WTe2,1,28,0.7395419199999956,2.3148626566194705,2.109315800692957,-0.5664310375587929
2465,MoTe2,2,28,8.319864575000002,-1.0358617940856956,-5.4886807441029895,-1.2141926923706077
2466,SnS2,0,28,4.430415259999993,4.1450842746069405,3.183004113830166,0.8920614449153712
2467,NbS2,3,28,7.842041680000008,-2.326756188056649,-5.055777498862923,-4.272386261604012
2468,NbS2,3,28,5.812977509999987,-1.4353774759220252,-3.255085664296862,-1.1411482863671747
2469,MoSe2,4,49,1.4587247174999636,0.2690173186837115,0.5691928662835042,-0.04883835733150654
2470,NbS2,3,28,13.053141435,-6.1584857305017096,-10.461965401979981,1.5239933331681303
2472,WS2,4,49,-0.4118612974999758,1.7967168857771567,3.677944776427588,0.2249850799757652
2473,WTe2,1,28,2.4018109250000164,0.8360678744384602,0.4314550153482908,-0.6401188778808757
2475,WSe2,3,49,13.964680509999983,-4.684792674815251,-11.346831398442976,-0.5051128042097819
2476,MoS2,2,49,-0.4683795050000215,1.7561384514187837,3.9468420421297417,0.07551575454225784
2477,MoS2,2,49,2.184226387499963,0.540327038606808,1.2991200747497929,-0.22635582462866588
2478,NbS2,3,28,-0.1933554800000116,3.8940536967561967,2.644142467940482,2.397081453765067
2479,WS2,4,49,0.7337468200000238,2.4506836202669033,3.4523241785097007,0.030165619346289696
2480,MoSe2,4,49,5.316911032499994,-0.8755964941800887,-2.3190057781359803,0.49740651180135664
2481,NbSe2,2,28,0.156349425000001,3.807493841169229,2.037772094724527,0.026690558113605767
2482,NbSe2,2,28,5.6575611550000025,-1.2978286066042095,-3.5131355244305444,-3.0337447442995225
2483,NbSe2,2,28,0.9783191774999996,3.581467936961263,1.1765132651015224,0.775776376851807
2484,NbSe2,2,28,0.3592577049999934,3.5692062308520573,1.7999610036741194,0.8513860235741235
2485,MoTe2,2,28,6.685727286250002,-1.0723627486930365,-3.932294376602379,-0.6309099275972514
2486,SnS2,0,28,2.694939787499992,2.5336487141123536,2.051420434998584,-1.142657374653109
2487,WTe2,1,28,-1.2940477549999798,3.9076653341422323,4.151207846400126,0.8882586975862428
2488,MoS2,2,49,3.4276857199999835,-0.368789615505253,0.061058936244930084,0.4500289139416669
2490,MoSe2,4,49,0.0247852799999881,0.895140807061576,1.6922001046232216,0.1843492987048459
2491,NbS2,3,28,-0.3864166850000021,4.4385635171482365,2.8629867349216735,1.7552630220005312
2492,NbS2,3,28,0.5535377724999848,3.2926283613806304,1.9325492318436837,0.8645638163850047
2493,WSe2,3,49,3.801367817499978,1.0887580134682429,-1.27519112644468,-0.338390646555764
2495,SnS2,0,28,0.6476803650000029,4.76619283064819,4.299161510712074,1.3007446100773083
2496,NbSe2,2,28,6.202230615000002,-1.597163759251508,-4.063399794280601,-0.8455103264054387
2497,SnS2,0,28,0.960204922499992,4.6346834467423585,4.631464636978768,0.8941282398077472
2498,WSe2,3,49,3.876791364999976,1.7776375938928464,-1.288273858082658,-0.6636144787593348
2499,WTe2,1,28,8.270422740000006,0.10389760810383564,-5.395127577799078,-2.382081313150641
2501,MoS2,2,49,14.778551097499973,-8.800380384711072,-11.479700322734958,-0.4597733773665098
2502,NbS2,3,28,1.910916754999992,1.911169738174243,0.6006945476936931,0.3741955862450237
2503,WSe2,3,49,2.8484437399999685,1.8841958111627513,-0.271538807342091,-0.3763399058477468
2504,NbS2,3,28,-0.0150674250000033,4.532443529990645,2.510322974748742,1.8684272037221306
2505,WS2,4,49,3.515861495,1.386770741480713,1.9295660817008469,0.2172584695996096
2506,NbSe2,2,28,3.8326315650000136,1.4849558106408556,-1.6737701663031141,-0.6233498820318739
2507,MoSe2,4,49,14.380773939999983,-3.4226666274796376,-7.274277049614038,-0.569042919390446
2508,NbS2,3,28,19.173598804999987,-12.135929464230536,-16.450343329637846,-9.778900026211739
2509,WTe2,1,28,5.6524295900000014,-0.7625427339208999,-2.7589393549892187,-0.4364040785762544
2510,WS2,4,49,3.5237647524999804,1.500054217226582,2.0119114089481807,-0.12263328150185204
2511,NbSe2,2,28,0.4883689325000087,3.7409494478558263,1.686083451812939,0.7864286660209061
2512,NbS2,3,28,2.0808076749999938,2.54324405483806,0.4762760906656962,2.8934288133422914
2513,MoS2,2,49,7.340894370000008,-2.9475924061938557,-3.856766133229378,-0.3337216265205969
2514,MoSe2,4,49,1.1408855475000068,0.21584964225575076,0.7012902143586155,-0.1993715323022529
2515,WSe2,3,49,6.210740964999967,-0.6711936805557945,-3.643477441262378,-1.5881578936091794
2516,MoTe2,2,28,2.531247307500008,2.568708569168286,0.2502403958233561,0.04917255079670424
2517,WTe2,1,28,3.5996780849999954,0.8051167669388883,-0.7543000039961707,-0.3524327732629349
2518,WTe2,1,28,2.4698444549999943,2.0012936249611464,0.40463022939738513,-0.09689843105895424
2519,MoS2,2,49,3.342179937499978,-0.49787279301704723,0.16085068053184193,0.03200689619956654
2520,SnS2,0,28,1.3389800399999965,4.354946135435387,4.001553137057906,0.7092223554391515
2521,SnS2,0,28,-0.0141482499999987,4.235399737731933,4.130604838109333,0.8968020029627469
2522,MoSe2,4,49,12.7920751125,-2.3666346421223956,-5.208804880617268,-0.07336834573567685
2523,WS2,4,49,12.984025490000016,-3.4338653998714364,-2.7262969928127205,-0.7927947160742352
2524,NbS2,3,28,12.402282394999988,-5.929152804647612,-9.824184018407987,0.6114562372021606
2525,NbS2,3,28,-0.4822320825000173,4.208209821198341,2.9418148086607023,1.5392342692752248
2526,NbSe2,2,28,5.0871511562500045,-0.8287163837585494,-2.9063247306976363,-0.021283255401615797
2527,WS2,4,49,1.3956139633333238,2.989130203994557,3.6850834936623227,0.04896138615652412
2528,MoTe2,2,28,0.1577843750000047,4.609341708374019,2.6670650716145787,-0.052014343388880016
2529,MoSe2,4,49,18.208795695000006,-5.064874160779629,-7.890400239321702,-1.7140472615690179
2530,MoS2,2,49,8.04651089500001,-1.6947819788317968,-4.701377431458344,-0.885015845205495
2533,NbSe2,2,28,1.355534287500003,3.3469683605356826,0.8105937915964732,0.8382046498779268
2534,MoTe2,2,28,1.3756515150000173,3.590039018320092,1.4326574837436756,0.49346375815773835
2535,WS2,4,49,6.228871275000032,1.624741624780241,0.4700828303771649,-0.17159454923098938
2536,NbS2,3,28,-0.0177054200000146,3.8222376300321597,2.4637307915515283,1.6807846817797998
2537,MoS2,2,49,15.097256855000005,-7.012110427845464,-11.816657976139531,-2.858344908385421
2538,WTe2,1,28,3.350898630000014,0.30240388057941336,-0.5054777925976701,-0.1456659302878962
2540,MoTe2,2,28,2.66197515250002,2.650167378577047,0.15332523265724696,-0.09350101869061245
2541,MoSe2,4,49,-0.3835479750000216,-0.09025602203977334,1.5925735169413464,-0.18691433134051394
2542,WS2,4,49,1.059001900000019,2.203804356612123,3.3938717273447487,0.044241530455506606
2544,WSe2,3,49,5.788640454999982,0.03465744297466866,-3.1872478679740213,-1.5262552455985334
2545,SnS2,0,28,0.2026936537500008,4.380830255500895,3.8478588733597814,0.39070229466003337
2546,MoTe2,2,28,5.533411062500003,0.9377162886250785,-2.7355207967173283,0.422629478830971
2547,WSe2,3,49,3.7082463849999474,2.202461883483532,-1.1109001586256393,-0.059327835780180305
2549,NbSe2,2,28,5.841562365000002,-1.1541301553493266,-3.67408253203288,-0.5924796407466655
2550,WS2,4,49,2.4402899225000154,1.9577728629664963,2.5902679483648527,-0.21476001336610429
2551,NbS2,3,28,5.313102445000005,1.0853320350313265,-2.5606921126381477,-0.20234048465251142
2552,MoSe2,4,49,0.7174796299999717,-0.4353427128857139,0.6700706842675046,-0.40464830764788023
2553,WSe2,3,49,6.381284809999991,-0.8310329287184555,-3.753304657234081,-1.705614663057852
2554,MoTe2,2,28,4.075190310000012,1.9454618252132034,-1.261772001106173,0.26303473679360767
2555,MoSe2,4,49,7.276898044999973,-0.6136582480435928,-3.5367456859911837,0.29426481459882314
2556,MoS2,2,49,0.1591126649999799,2.10968886520225,3.3348102043644405,-0.08570183609169539
2557,SnS2,0,28,0.4586722649999979,5.175312141789146,4.486838519784955,1.6122081877918517
2558,WTe2,1,28,2.6141461200000022,1.869122299901528,0.2558589312949602,-0.7412005728961204
2559,NbSe2,2,28,2.890425609999986,1.1259687667547746,-0.7869900936425642,0.23885074510763937
2560,MoSe2,4,49,3.109467875000016,-0.1073354592285316,-0.501673629915889,0.0769449362792809
2561,NbSe2,2,28,3.4627908200000133,0.0356235375032421,-1.2557607620929088,-3.8772171467517222
2562,SnS2,0,28,0.8366674499999966,4.669732340445967,4.277873126934818,1.402470279008996
2563,WS2,4,49,3.118142845000026,1.1356366457887512,1.8746231379457337,-0.2824960567208108
2564,WTe2,1,28,6.055769315000006,-1.1323493626074281,-3.1647015716986147,-0.43155943417114884
2565,MoTe2,2,28,5.5664919350000135,-0.011038952415377778,-2.7758480840376927,-0.8211593760502254
2566,MoSe2,4,49,8.889241306249975,-2.214252718552628,-3.4829425099141185,0.2548636513305915
2567,NbSe2,2,28,0.7069713374999949,3.6537712314697317,1.4534743526550344,0.900240133103948
2568,WSe2,3,49,-0.1966532650000315,3.546773650487906,2.7638783238735263,-0.8577537752780855
2569,WS2,4,49,0.1033631100000047,1.4943412608165438,3.7072801655788123,-0.23101543721964987
2570,MoS2,2,49,7.495118454999965,-2.1489725072257144,-4.155775940326096,-0.6478786427847965
2571,WTe2,1,28,2.1621480075000203,2.122982731712016,0.7179506532869264,2.5705331079683225
2572,WTe2,1,28,2.0431412325000204,1.9986667369111935,0.8488882913494669,-0.03664222018872065
2574,SnS2,0,28,-0.0477655099999996,5.183996137695719,4.8146767782342526,1.7846941716643265
2575,NbS2,3,28,13.10059192,-5.974169037919921,-10.557451031785888,0.9836655237459322
2576,NbSe2,2,28,10.90452025499999,-4.712772907486156,-8.776540896962677,-0.017131071955557076
2578,WSe2,3,49,8.71108666,-2.3620841397566723,-6.080360799404296,-4.5147400591495765
2579,WS2,4,49,2.928738724999996,1.8166859429941855,2.0513200245168086,0.049470134761560036
2580,WSe2,3,49,6.228998974999982,0.18949048117677592,-3.613238807560203,-1.1273123383931294
2581,NbSe2,2,28,4.6957692774999895,-1.009357499367869,-2.576366948372996,-1.08971926300414
2582,WSe2,3,49,2.9272348474999905,1.8520903993109226,-0.3278846334954739,-0.4393575580458484
2583,NbS2,3,28,-0.9881971375000173,3.0381858046702237,3.4403419192484708,0.8254448270650401
2584,WTe2,1,28,4.6659971800000175,0.615612434690127,-1.7898468898287123,-0.22106932864096773
2585,NbSe2,2,28,6.6931806799999904,0.07106101540406229,-4.511008540514313,0.3252266648181248
2586,NbS2,3,28,6.075821689999988,0.569444842897961,-3.3254963281123744,-0.07962621473957121
2587,MoSe2,4,49,7.186962295000003,-2.571417022172855,-3.6170486692828403,-0.8210462018094926
2588,NbSe2,2,28,9.760817007499991,-3.235330697176912,-7.599752939023633,-1.175975915072419
2589,WTe2,1,28,2.039235203749993,1.5184951531022204,0.8083988733221505,-0.6035528672606334
2590,WS2,4,49,2.2690469600000305,1.897572420315114,2.5732290568711043,-0.011668779178293676
2591,MoTe2,2,28,0.9188601500000017,3.3383314285471584,1.8847663873229963,-0.16866432887369953
2592,WTe2,1,28,1.941062463333344,2.25368641514566,0.9372179378965144,-0.24339836141480564
2593,MoSe2,4,49,2.459669202500001,0.08306621518391832,0.13989670084574257,-0.23240789764465442
2594,MoTe2,2,28,-0.7772119249999889,5.810994725038644,3.4963177249928683,-0.28859184125062143
2596,MoSe2,4,49,3.4093848100000024,0.3133741984075904,-0.35835727360779046,-0.1369950801822939
2597,MoSe2,4,49,4.364996994999983,-0.026012982396223627,-1.240831380553979,0.012543752324642554
2598,MoTe2,2,28,5.603280280000004,0.6113171041349243,-2.793419494197799,0.3926332255541949
2599,WSe2,3,49,11.589420654999996,-5.45180394115824,-8.962403077510778,-2.980583527314449
2600,MoTe2,2,28,-0.5528361549999884,4.383174712561227,3.365690047644235,-0.029684329924328012
2601,WSe2,3,49,3.6417828074999785,1.4348514405977588,-1.0599954597063994,-0.4668132932889595
2602,WTe2,1,28,1.5370964699999956,1.9511812037213179,1.3129355416678916,-1.593031614424434
2603,MoSe2,4,49,2.4162661624999937,-0.12537038257242195,-0.10028072129210797,-0.18478079567870465
2604,WS2,4,49,0.9972095550000322,2.277547194470997,2.955348008781706,0.0012619832257775299
2605,MoTe2,2,28,6.112657953750013,-1.6434689456730274,-3.348601509581922,-1.2692007317651495
2606,WSe2,3,49,3.1519435599999466,2.0077583436611453,-0.5752640123721795,-0.0617068961815872
2607,WS2,4,49,2.9349387650000334,1.5646482940209627,2.3206632768802566,-0.23285954836083267
2608,WS2,4,49,4.470808004999999,0.8316588643542486,2.8751669171801764,-0.5121070302176913
2609,MoTe2,2,28,1.2173204700000189,2.951749694362571,1.5952083786480524,0.019227993503500906
2610,MoSe2,4,49,6.687821709999971,-1.3713096021508502,-3.0815458336368526,-0.03571828592770565
2611,NbS2,3,28,0.4379652874999933,3.2923598550425277,2.015060133006802,0.9704116049077418
2612,MoSe2,4,49,5.578715332499976,-0.809416779033179,-1.942609238775407,0.14492288415448407
2613,NbS2,3,28,3.179856957500005,1.3854576532991483,-0.7461843704231823,1.1137607678723094
2614,NbS2,3,28,4.316597579999999,1.3711433817106133,-1.6733465582969145,-0.03012239842040909
2615,MoSe2,4,49,1.4044153774999888,0.33513576932516576,0.6217945729470937,0.008820207394827362
2616,WTe2,1,28,1.9405488399999973,2.5116421949528025,0.9298480124932889,-0.08226897600667038
2617,WS2,4,49,3.3153138649999767,2.3167631931563544,2.1482958304345936,-0.035393843307065076
2618,NbSe2,2,28,-1.7569762375000062,4.853545537197882,3.93256540159811,0.3920463230255189
2619,WTe2,1,28,7.489093520000006,-0.23482272799255988,-4.631414073461716,-0.17599906300944657
2620,WSe2,3,49,6.362276234999994,-0.29252433655232135,-3.755074738239944,-1.8407858200626572
2621,SnS2,0,28,-2.885079685000002,6.862139844047446,7.449232164171755,3.3878247967833475
2622,MoSe2,4,49,2.5358946150000183,-0.8399352456584859,-0.3044241096034934,-1.1851472681219666
2623,NbS2,3,28,-0.0072085499999978,3.8082571467000306,2.449115558488971,1.3591568509974141
2624,WTe2,1,28,-0.0745871700000053,3.442687654212245,2.935663604453334,0.41962550452861047
2625,NbSe2,2,28,4.704603869999991,0.21334707807943598,-2.550448615635977,-0.2542864871874908
2626,NbS2,3,28,9.517350729999984,-3.7969952192883145,-7.041328407027368,-2.4336829748730313
2628,SnS2,0,28,0.7001005949999923,3.4213019865328036,3.853762771444913,0.21684978977580516
2630,NbS2,3,28,10.829695985,-4.019596542200115,-8.23958711354004,1.1203381565405266
2631,SnS2,0,28,0.070488465000003,5.113948809932858,4.986140080125322,1.6872289457233653
2632,NbS2,3,28,6.0248681075000095,-0.6849757201098727,-3.3875384496274914,0.4399384492016507
2634,NbSe2,2,28,2.1276806150000063,1.8747981434940533,-0.08890032312480267,-0.6029205276688703
2635,WS2,4,49,5.408868240000008,1.7309338980106528,0.8836030893711264,-0.3059160775752847
2636,SnS2,0,28,1.8776864699999989,3.538954129568686,2.5981808808962006,-0.2951047115008534
2637,MoS2,2,49,3.4784152250000013,-0.014653299302674672,0.02926336323140344,0.18590770756123742
2638,MoSe2,4,49,2.9519635549999808,-0.43998230614438993,-0.5245150836127532,0.2012524096352326
2640,MoSe2,4,49,6.311238694999991,1.207714946255705,-0.3149859992805899,-0.8186350751065996
2641,WTe2,1,28,4.949533064999995,1.0280470849684695,-2.0800375936814324,-0.16945974016072096
2642,WTe2,1,28,0.6781877875000095,1.8190510074625554,2.1951005260477605,0.5797581076949978
2643,WS2,4,49,0.7055645399999788,1.8184824373610646,3.1876272744226286,-0.1236978385559887
2644,MoSe2,4,49,1.8938358999999767,0.8719857158549222,0.49278819782412,0.36519793890790075
2645,SnS2,0,28,1.3608205599999943,2.783574394045619,1.4854334708634496,-0.8184656186318913
2646,MoS2,2,49,7.327203069999975,-0.6885652093839267,-4.021121218676528,-0.1333824345222725
2648,NbS2,3,28,17.225409596249992,-9.699052740221752,-14.492631603365675,-5.130308557635084
2649,MoSe2,4,49,5.534487329999997,-0.785463971972856,-2.887914183815711,-0.3833076984488901
2650,MoTe2,2,28,5.507213175000002,0.44309133320922633,-2.718160529634605,-0.24590466390177657
2651,MoSe2,4,49,5.182892150000012,-0.4413677715413531,-1.9715663456075156,-0.2799785795959595
2652,WSe2,3,49,12.631143879999998,-5.360243153681639,-9.975736769149982,-4.515716862788084
2653,MoTe2,2,28,2.5340202275000205,2.5664058106062617,0.24705111751137254,0.053852436633686995
2654,WS2,4,49,-0.3376173350000045,3.4185608399692833,4.416192866641647,0.19538157907959436
2655,WSe2,3,49,6.3596124849999685,-0.9091426732425631,-3.7915359539076428,-1.7343670728092135
2656,WSe2,3,49,12.483038134999951,-5.423052020497998,-9.924589343496045,-0.6633038795271329
2657,MoTe2,2,28,2.850635162500018,2.7950466955627262,-0.03309547057496909,-0.18193462640789537
2658,MoS2,2,49,-0.6743726049999962,1.8579349234839846,4.151765357965288,0.12323611131713486
2660,MoSe2,4,49,0.4711479499999893,-0.12255304605406647,0.9147254869278061,-0.2640309487843725
2661,MoS2,2,49,7.928639437499966,-3.7334323185119285,-4.517701412979092,-0.3904234824014958
2662,WTe2,1,28,5.835338012500018,-0.9805030982925595,-2.89041500898541,-0.5962629875773295
2663,WSe2,3,49,4.38601088999995,1.0453224929244476,-1.8063028701075754,-0.6742498127548733
2664,MoTe2,2,28,5.123899245000022,-0.758572919901348,-2.355070694025494,-0.06295150889569268
2665,SnS2,0,28,2.668642439999994,5.710292738120938,4.58354036156454,2.4015227173181213
2666,MoS2,2,49,9.881170243333294,-3.4384382270877696,-6.584637056102865,-0.831003477484499
2667,MoSe2,4,49,17.763410474999972,-5.308525945886203,-7.727684563541638,-1.6575640699706753
2668,SnS2,0,28,1.953542237500004,2.9744327813191687,2.060223852575171,-1.0667241464253783
2669,WTe2,1,28,4.07679166500002,1.0437933792250362,-1.1742116421881308,-0.7527197013718872
2670,NbSe2,2,28,3.7834259949999938,0.8559639967602601,-1.6601370456693458,-1.521295297431736
2671,MoS2,2,49,19.06549070999997,-10.345226116239798,-15.875771350919974,-4.569325752317679
2672,MoSe2,4,49,2.817923334999964,0.6989945294816438,0.28369503442040545,1.116633705532466
2673,MoS2,2,49,2.5832969199999845,-0.28046010448383063,0.8973542996858881,0.004904841245743086
2674,WS2,4,49,5.10668413000002,0.5464753294319458,2.1865413968096723,-0.5657366927136431
2675,MoSe2,4,49,3.1092809525000096,-0.1632379379736424,-0.17450122901469856,0.6113454017175197
2677,MoSe2,4,49,3.69468089999998,0.05899988549704993,-0.59061587912087,-0.09713726304217563
2678,WTe2,1,28,1.4125415449999936,2.3901953731315166,1.4320863122082583,-0.3295082614484597
2679,NbS2,3,28,2.0117144675000103,2.0220176288541567,0.5338407267189433,0.26864344964985154
2680,WTe2,1,28,2.6753935650000056,1.168191767234695,0.2031795347721297,-0.5004367664465388
2681,WTe2,1,28,2.7464584350000143,1.781084315040676,0.11426553732054234,-0.07101685200237418
2682,MoSe2,4,49,9.561832879999963,-1.9711772352652632,-3.7055910180207965,-0.3169928938345983
2683,WS2,4,49,6.876635930000014,1.3664969791389838,0.4329025933561059,-0.08993123080160892
2684,MoTe2,2,28,8.282039130000017,-2.459968054560564,-5.50726330704266,-0.10102586375449363
2685,WTe2,1,28,-1.2904515249999804,3.9334244711669726,4.148038465129579,0.8758651399088346
2686,NbSe2,2,28,1.6695344300000112,2.4044506697924692,0.4931144862444956,-0.2885423353243113
2687,Mo2CO2,1,81,1.099743939999974,12.827865821556017,1.1789230331140397,0.3981158558882909
2688,Nb2CO2,3,81,5.936845359999976,-4.558879154720944,-4.657684979636512,0.7627024076391837
2689,As2,0,19,1.728324572500009,14.543741225941561,3.3929363883968007,-0.7781382006967252
2690,BiITe,3,28,5.5395787200000015,11.136961575283,-3.4623256962166358,0.46892948541381685
2691,As2,0,19,1.9552087150000013,14.813172403774413,3.8015823203342682,-1.429840739765016
2692,As2,0,19,-1.0686945449999996,14.997351917792562,5.614459468095703,0.12353701707641562
2694,Nb4C3,2,113,6.103872839999955,21.08129637997075,-5.179275020353756,-1.9382968588598182
2695,Bi2I6,4,33,1.8655754000000109,7.255911899601226,6.231962952012624,1.9987143605895887
2696,Mo2CO2,1,81,2.947791199999932,13.410343705497302,-0.6033769658385553,6.854182460787015
2697,Nb2CO2,3,81,17.374714930000028,-11.802367765845975,-15.710650125287097,-7.176110982042671
2698,Nb2CO2,3,81,3.51848242500002,-3.5380850018916012,-2.1662219546097004,-4.587204990968852
2699,C2H2,4,65,12.010392287500023,47.57100699431964,-5.8038718890421785,-9.10321980628105
2700,BiITe,3,28,-1.1094771637499972,16.53813437759684,3.175064803558652,1.5923057808459444
2701,Mo2CO2,1,81,8.562115625000022,10.651848837280252,-6.177977756118796,4.5521030868530055
2702,Nb4C3,2,113,1.656964402499861,24.526640791591937,-0.7498896331618891,1.10424452910516
2703,Mo2CO2,1,81,3.14075670249998,14.474300924860048,-0.7117835045629683,3.6665197053776244
2704,As2,0,19,-0.0330376149999918,14.404831679839674,5.305655034560742,0.32590456026671544
2705,Nb2CO2,3,81,0.6855610824999299,-0.6068839845435904,0.6180291357261851,-0.6859028952695018
2706,BiITe,3,28,-0.4509414249999999,16.208293300305176,2.4936255826894125,0.10650485896504708
2707,C2H2,4,65,4.0643552500000375,51.39133068343095,1.4161594353128697,-2.6049728749186576
2708,BiITe,3,28,0.0898311575000021,14.272463834311115,1.983242150173134,1.1845782161012754
2709,Nb2CO2,3,81,3.8952269499999934,-3.4001596714558855,-2.5939316695434504,-1.1631859884165379
2710,Bi2I6,4,33,-2.657810099999991,7.760737466892488,6.018253096025076,0.40210768389789964
2711,Nb4C3,2,113,0.3538121399999774,25.34587708932945,0.5650182547448956,0.2751856229979678
2712,As2,0,19,-0.6576904224999949,13.93740754998209,5.29822927392008,0.40618735230447894
2713,Mo2CO2,1,81,18.761271484999945,7.2561489658464104,-16.337254294066717,-7.488633164077093
2714,As2,0,19,3.997247839999998,13.468121066656904,2.33248855170329,-0.2701878398982731
2715,Mo2CO2,1,81,1.6643641099999922,11.880053907069506,0.6144505236873452,0.792153347962044
2716,Nb4C3,2,113,0.0026400300000112,25.525075017200507,0.8966156828270355,0.7641208755836884
2717,Nb4C3,2,113,4.729840867499799,23.077260064303587,-3.7492144433461534,-4.276791684607954
2718,As2,0,19,1.6685578100000011,16.62535221655029,5.809059453793944,1.1939783819403065
2720,As2,0,19,2.722608639999996,14.021627670323083,3.1288730361016888,-0.548022264445593
2721,As2,0,19,0.132185160000005,13.354814351718746,3.526013435046992,-0.3103810338962859
2722,Nb2CO2,3,81,-1.5523410800000748,0.44546335567044415,2.843964592903924,-0.4597083565691391
2724,Nb4C3,2,113,-0.2198298050001295,26.34040348460625,1.1271478804980748,1.9058164430692823
2725,As2,0,19,-0.7495217849999904,12.810409121730947,3.5759080777754626,-0.20353319941061343
2726,As2,0,19,-0.2569820699999912,12.749749403984366,2.292074582766511,-0.05889028132854074
2727,Nb4C3,2,113,-0.1273593449999772,25.237849508167294,1.0280018194923681,-0.2276676153729476
2728,C2H2,4,65,14.288159682500002,25.738208140782874,-10.406286114600933,-11.270646049725649
2729,BiITe,3,28,1.787051935,13.85929169356547,0.29533098240417477,-0.11625637511688236
2730,C2H2,4,65,2.5269936616666686,54.96424525027995,3.3899196092836488,-0.6548888579455585
2731,Mo2CO2,1,81,1.2272093775000044,11.14679943699381,1.049640130785518,0.3063443817569944
2732,C2H2,4,65,2.4134927575000247,58.84806704678058,3.114880483924536,-0.5866795365222415
2733,Mo2CO2,1,81,6.510206310000008,9.53270935212971,-4.233399796531584,0.4462199925919519
2734,C2H2,4,65,7.775239290000008,55.53461776057779,-2.040104132096973,-0.8308553508927492
2735,BiITe,3,28,3.045264190000001,14.27889606797526,-0.9344380155818697,1.533293460248209
2737,Nb2CO2,3,81,9.631363690000024,-4.800493339798099,-8.030835290850447,-1.7066810728125237
2738,Nb4C3,2,113,-0.1658943550001206,26.02975925368176,1.078430062155984,2.029196466625792
2739,Nb4C3,2,113,-2.2088307037500354,27.67304630026696,3.1133086179244334,2.709684560154658
2740,Nb2CO2,3,81,2.059901282500013,-1.748966738890394,-0.7561666620878225,-0.7341043207156503
2741,Bi2I6,4,33,5.87081036,5.63405655792806,3.2693855660304774,0.4279614982153319
2742,Nb4C3,2,113,4.869595362499914,21.465702539925214,-3.8942425188974155,-4.8474838671640175
2743,Mo2CO2,1,81,0.9990110199999958,12.98873807973145,1.295849025115157,1.103519856795455
2744,Nb2CO2,3,81,2.053118874999948,-1.2205307189355965,-0.7352600598067718,-1.5068208082249441
2745,Nb2CO2,3,81,-2.9289594699999806,1.6620543211759247,4.203555207457256,-0.8177582214215282
2746,Nb2CO2,3,81,-2.3111133849999645,0.8064968065799614,3.5772526538750866,-0.41067335244205205
2747,Nb2CO2,3,81,0.0769583399999609,-0.5949245309738785,1.2104975366683333,0.07765702248528894
2748,As2,0,19,2.2978580450000043,12.78561579634928,3.3420741106091265,-0.8848458185773767
2749,Nb4C3,2,113,1.8215260299999567,24.894874116484417,-0.9043986591656061,1.2815710114480008
2750,C2H2,4,65,1.5920087800000158,58.6129752491341,3.653084486169215,-2.3463197852744706
2751,As2,0,19,0.0985987650000046,13.367515756026608,3.7198661499576775,-0.19678645001282197
2752,Nb4C3,2,113,6.239473499999975,20.198798340413436,-5.280797718114192,-5.201092956609065
2753,Mo2CO2,1,81,-2.168610470000032,12.579724209013705,4.433361030124747,0.47607928167097113
2754,Mo2CO2,1,81,4.1187256224999285,12.680963988299224,-1.7828678337782082,6.672122155820384
2755,Nb2CO2,3,81,2.281301807500002,-0.8303163360924295,-0.9061259340614847,-1.463208547370709
2756,Mo2CO2,1,81,0.17243673499999,11.133529006475435,2.0951595098120217,0.0009780516567076125
2757,C2H2,4,65,0.1587010249999983,57.3586755568278,5.01010946179352,1.4669033660980242
2758,Nb2CO2,3,81,2.4680196799999248,-2.093744671162543,-1.1874200064108542,-1.6447594918972026
2759,As2,0,19,4.773800752500003,14.086887457033688,2.567317662696733,0.21304474081664715
2760,C2H2,4,65,0.6394485899999962,58.632072660406905,3.6766275297408075,0.34834052431630835
2761,Nb2CO2,3,81,-1.3363002025000397,0.5132398489030344,2.639433054418578,-1.3928903854973969
2762,Nb4C3,2,113,-3.257401130000096,28.704074205358168,4.156441113749485,3.108170570333144
2763,Bi2I6,4,33,2.501321770000004,5.714559895547685,4.306510073694047,0.19622256631896562
2764,C2H2,4,65,6.870254612500029,59.12861274030352,-0.4100580379710168,-1.2546492581909465
2765,Nb4C3,2,113,1.1521541449998534,26.056839130960434,-0.2614983095302895,4.181398533426253
2766,As2,0,19,0.8918151375000036,14.969917027518713,5.1218015833353645,1.1135688308532679
2767,Mo2CO2,1,81,3.712633540000013,9.893400420978177,-1.4395024873470184,-0.10745017703919757
2768,C2H2,4,65,5.166165420000027,57.38397813977374,0.8767287049847141,-1.431257554475735
2769,Nb2CO2,3,81,1.6848270600000097,-0.9838550592421565,-0.20331403662354486,-1.571512590344655
2770,C2H2,4,65,4.912897767500013,56.15227220269448,1.250268000487556,-0.4743830580273567
2771,C2H2,4,65,3.3278641625000205,54.33662876250812,2.4874338782078853,-2.0665454391393228
2772,Mo2CO2,1,81,4.078405077500023,9.79453721121661,-1.8077922813523588,-0.07215580865033289
2773,Bi2I6,4,33,3.2641591050000107,6.655713178935536,5.033513166728505,0.4288864316770318
2774,Nb4C3,2,113,5.522090744999918,21.229018060338625,-4.578700653739644,-5.321776421892516
2775,Mo2CO2,1,81,-2.3788023450000364,14.566140220366247,4.708243336083817,1.9559423583769082
2776,C2H2,4,65,3.7013503449999976,54.313939597423506,2.4889482520179267,-2.200151337965696
2777,As2,0,19,-0.6027229674999939,13.78659391883463,4.430588568085931,-0.6701913626645977
2778,As2,0,19,3.579020595000009,12.231455390209138,2.2750490353049635,-1.5096475436745291
2779,As2,0,19,4.853161130000002,13.408348765324705,2.1831838750353985,-0.30764479800944233
2780,C2H2,4,65,6.344009859999997,51.67795484896403,-0.5242298678964206,-2.4611272649377414
2781,C2H2,4,65,12.592606305000016,41.66118772932209,-7.525334198193579,-11.367976346529353
2782,Mo2CO2,1,81,5.133994219999948,10.037904621857962,-2.8448834005012507,0.4088599301363631
2783,Nb4C3,2,113,0.2863250549999181,25.059216581149172,0.6234072072935796,-0.18033377094738717
2784,Mo2CO2,1,81,11.15663047499998,10.245415092830422,-8.77816212045693,0.9349791619425645
2785,C2H2,4,65,15.220364995000038,47.69817246278398,-9.507745849288774,-11.99815935611454
2786,Nb4C3,2,113,0.4006683949998244,25.637036072773615,0.5073014771569546,1.9765700375665003
2787,C2H2,4,65,5.244796429999992,57.06118743128744,0.7950805078662189,-2.8025395819826175
2788,Bi2I6,4,33,-0.3490158399999892,5.809321848656809,6.841469335661407,1.5470502059718723
2789,Nb4C3,2,113,-0.7956120950001582,26.956763980986487,1.7061278802174433,2.8405791900573276
2790,As2,0,19,0.7460326000000072,12.33646960616658,2.475060816213982,-0.18621019958903706
2791,As2,0,19,3.2610847150000044,13.338078976202796,3.208138704825232,0.12232963296650778
2792,As2,0,19,5.417448117499998,13.728593116834311,3.926207150851238,0.13554788215413538
2793,C2H2,4,65,16.557512770000027,33.99842507650165,-7.6739442844221255,-12.41129319856855
2794,As2,0,19,-0.9361978050000004,12.82954300204183,3.520345973563843,-0.18626701077555308
2795,Nb4C3,2,113,1.1204974549998248,24.861301352780124,-0.2113582191854123,1.7792551618824994
2796,Mo2CO2,1,81,1.455210114999952,12.31777820439702,0.8370173916376213,0.5730673218922395
2797,Nb4C3,2,113,10.872285274999808,17.973459811670114,-9.902802416024079,-5.932921477494111
2798,C2H2,4,65,11.566264125000036,48.37654243678789,-5.387733193527257,-8.779766134709712
2799,C2H2,4,65,1.713689370000012,53.84521400626138,3.2763486275636677,-2.034109873616345
2800,Mo2CO2,1,81,-3.558174810000068,14.014070869672105,5.8494759809849715,1.1040979635594348
2801,C2H2,4,65,2.2734264600000307,50.53312197648272,3.0871182215490416,0.05600332541053232
2803,C2H2,4,65,3.293287812500032,57.737628083597784,2.6873537512333865,-1.1120418894577346
2804,Nb4C3,2,113,19.80522552499996,8.96288157135421,-18.80084426571753,-10.51582288116044
2805,Mo2CO2,1,81,0.9783815724999472,11.505237481658583,1.3004926658321656,0.9654602424948648
2806,Nb4C3,2,113,-0.4464397475000075,26.667154316591805,1.353642269459948,2.737248703328356
2807,C2H2,4,65,15.760125142500028,29.310007510418465,-11.110266747241443,-11.610735239749378
2808,Nb2CO2,3,81,8.689555485000005,-6.737152138302515,-7.394115407218328,-1.79865042264242
2809,Mo2CO2,1,81,7.62497572499996,9.936673597509806,-5.2444563348937585,4.776399091894572
2810,Nb4C3,2,113,2.9310718074999915,24.23011441076173,-1.9987701272530027,-2.943073878244824
2811,As2,0,19,1.485435225000007,14.326841615209954,3.5617025917470224,-1.0328136458297799
2812,Nb2CO2,3,81,10.536436747500018,-4.44722393253318,-8.809641511230385,-1.9399725903955254
2813,Nb4C3,2,113,6.790106354999821,20.141421100647964,-5.888597745545984,-1.981911240864079
2814,BiITe,3,28,2.868056224999996,12.371859304886884,-0.7835476867538413,-0.36248040916340774
2815,Nb4C3,2,113,-1.5448259300001288,27.790969271064583,2.4548165982969428,2.9251793807752753
2816,As2,0,19,4.2927876550000095,13.143252905404452,2.8667634091733714,-0.18826343993755046
2818,Mo2CO2,1,81,-0.7995345749999689,13.936398601387502,3.1035567282185563,2.4086313007817273
2819,C2H2,4,65,6.083746645000047,56.36527819122228,-0.8603689403796855,-4.16046696220484
2821,As2,0,19,1.796855437499996,15.872600090759281,4.256640446441654,1.760451726374312
2822,Nb4C3,2,113,7.063831899999803,20.010873859684445,-6.117458039958502,-6.034576748251146
2823,As2,0,19,3.6083889037500088,13.435228980568027,2.5703433324763907,-1.7915474206338589
2824,Nb4C3,2,113,-2.5610599800000613,28.80086202264329,3.469391930505636,3.9360736890683596
2825,Nb2CO2,3,81,2.272212490000012,-2.0204892005102657,-0.9146182383673214,-1.9350762213842891
2826,Nb2CO2,3,81,1.7520459674999542,-1.652665116708023,-0.4617690824673004,-0.39527274998082995
2827,Nb2CO2,3,81,-2.0595754949999816,0.8351884055885639,3.3201253581795065,-0.48213655066957406
2828,Bi2I6,4,33,7.730391460000013,3.6597512986873246,0.8501870261246607,-0.277406014341647
2829,Nb4C3,2,113,0.2255873437498765,25.375228747151816,0.6833071553930883,0.2575111234411839
2830,Mo2CO2,1,81,10.200424733749935,10.528619862604232,-7.832164350143978,2.5755673418522775
2831,Nb4C3,2,113,-3.1549333766666563,29.301298224485667,4.061429861741018,3.6261978184747212
2832,C2H2,4,65,2.7387753650000377,55.92836813882483,2.3343491231947455,-0.5500831131588106
2833,Nb2CO2,3,81,10.874564999999958,-4.360380763473469,-9.278610025507566,-2.601921592814085
2834,As2,0,19,1.4703732137500056,12.984561860102534,2.6708220834912053,-0.04976409719574537
2836,Nb4C3,2,113,17.078904609999945,11.798021812119195,-16.028736056011805,-11.527534784001002
2837,C2H2,4,65,2.381282900000036,56.20324697670895,3.7020656523859303,-0.28214920980177327
2838,As2,0,19,4.1627772474999984,16.194942809669598,5.9352568959478775,1.7626349305395523
2839,Nb4C3,2,113,-1.3556242300000412,28.180975945087933,2.2632648858355107,2.723889143559001
2840,As2,0,19,0.6903319333333315,15.012718997961429,5.864080987936402,0.004493358300274419
2841,Bi2I6,4,33,4.048296050000009,5.3384834172648015,2.1155817153376173,0.885842724871817
2842,C2H2,4,65,2.1264604849999955,54.171935943426114,3.452873376668909,-0.16323229902841763
2843,Nb2CO2,3,81,-0.2083921649999958,-0.4759567361128786,1.4742412387279213,-0.2896966716699261
2844,C2H2,4,65,2.5492265437499926,53.94468519941407,3.2670979684138057,-1.6898587757802255
2845,Mo2CO2,1,81,-0.2720547762500329,11.860410476424999,2.5417814500120364,0.6009535240120771
2846,Nb2CO2,3,81,1.2821225262500238,-1.5329130825218946,0.07661986978676016,-0.027988189142683195
2847,As2,0,19,0.6675604200000045,14.754205225345048,5.555760302579952,0.32443562988097696
2849,As2,0,19,2.580537744999999,14.66961388921631,5.261234175522055,-1.7112314985603834
2850,C2H2,4,65,1.0675036600000205,55.106527915520815,4.775915454748617,0.3498127370311277
2851,Mo2CO2,1,81,0.0274559799999771,11.770754164042991,2.260939901652855,1.1908440446683985
2852,Mo2CO2,1,81,10.874781135000005,11.360583143157546,-8.471038265304976,1.2963913249202434
2853,C2H2,4,65,0.9240085350000332,55.33120742772783,4.15852069193885,0.6211335195577671
2854,C2H2,4,65,2.7379922324999915,56.563209587873544,3.157906387787586,0.5903293833549075
2855,As2,0,19,4.598550665000005,13.504493209104812,4.350206347685136,-0.07278667650513171
2856,Mo2CO2,1,81,2.453996732499932,10.61242509418057,-0.17978508737358911,0.17205119662807933
2857,C2H2,4,65,4.070304495000021,54.2855552614697,1.001907406346822,-3.721895557545797
2858,As2,0,19,0.8308240900000081,14.293674913092438,5.528096404715365,0.7465072940230224
2859,Nb4C3,2,113,-2.402338235000124,28.035627572158326,3.2981853966110455,3.5282741073959576
2860,Nb2CO2,3,81,-2.2119736100000567,1.0052936300399329,3.492247007763627,-0.3647055402634116
2861,As2,0,19,2.6759784250000003,13.253599084562174,2.8630500606160476,0.07002615645141574
2862,Nb2CO2,3,81,-2.003320452500036,1.0889846453355259,3.3033353854503735,-1.0246157676690313
2863,Mo2CO2,1,81,4.958489264999925,10.364052607660394,-2.676534340734382,0.39139270190884723
2864,As2,0,19,1.3673282525000028,13.657996568972166,3.766636047655637,0.07443836718230923
2865,C2H2,4,65,6.800481885000025,57.69490169552569,-1.2788982483982592,-1.7671256952722416
2866,As2,0,19,2.8559351149999976,13.256725293020022,3.6425929681654887,-0.05602949696817783
2867,Nb4C3,2,113,-3.156078595000168,28.864640810169437,4.056477167286138,3.32005029725796
2868,Nb4C3,2,113,-1.1829645450001975,25.75042873770853,2.087057810533645,0.23727335682372452
2869,As2,0,19,3.9633774575,14.39597370064209,2.3806468828116865,0.6401163919364423
2870,C2H2,4,65,3.0115606949999933,56.69867935118327,3.1769896977866687,-0.44732866349568035
2871,As2,0,19,-0.0453424199999967,14.052464459794919,12.442633126634519,0.5901122634193896
2872,As2,0,19,1.9437764250000047,14.583410922412105,3.1155261434356643,-0.7907467447479295
2873,Nb4C3,2,113,2.2619887949998176,24.537265304528177,-1.339410142300029,0.7985824781681106
2874,Nb4C3,2,113,-0.9895276800001364,25.912472066800266,1.897819854339431,-0.5418346946234801
2876,C2H2,4,65,14.312923950000004,36.74820434844156,-9.33508308931529,-11.386924547000126
2877,C2H2,4,65,5.254070780000012,58.47670378156411,0.8969555881411626,-0.44893282783122945
2878,C2H2,4,65,4.8290918350000185,54.63381849926918,1.4896363735418516,-1.3138028462508324
2879,Mo2CO2,1,81,3.2396064649999268,10.226273611090567,-0.9670092315455405,0.26623836646674803
2880,Nb4C3,2,113,6.289615944999897,21.377296133857524,-5.300886388598327,-4.440688089508259
2881,As2,0,19,2.181751415000006,12.981896872455234,2.543581560387567,-0.26793917503520315
2882,As2,0,19,1.971623435000004,13.590436921140133,2.8013246711299598,0.18765634856678903
2883,As2,0,19,0.8038238050000048,12.912188037091873,3.5174462634865264,0.24905095880665606
2884,As2,0,19,2.985749750000009,15.190954656738272,4.7309801293792635,-2.0020279374338874
2885,Nb2CO2,3,81,1.4199391925000189,-1.0689422611060777,-0.1161658688051539,-1.755063287780984
2886,Nb2CO2,3,81,7.165790989999938,-4.448681468769877,-5.849799270436137,-0.8464294622391151
2887,C2H2,4,65,8.058374870000018,53.682915222468246,-1.4855375967201914,-2.122548250533872
2888,Bi2I6,4,33,0.3934642950000073,6.673957936038404,6.717854968776136,2.3874337991772387
2889,BiITe,3,28,-1.4280919799999985,15.990863697707313,3.4989626178936755,2.7572898636059557
2890,As2,0,19,1.0966836125000077,13.32566154893798,5.161726364459221,-1.0885507574025548
2891,C2H2,4,65,0.7811404699999979,54.56565683733236,4.168503777690839,-1.7415984307645649
2892,Nb2CO2,3,81,4.903334439999926,-3.16325038791405,-3.6028644454549434,0.037892201337150766
2893,Nb4C3,2,113,10.502505134999875,16.94971578174817,-9.516443005661293,-8.296469004412616
2894,Mo2CO2,1,81,10.871195349999962,12.071040596655312,-8.439318213769493,2.055808510473671
2895,Nb4C3,2,113,2.4209310700000213,24.073362142890602,-1.5110569089155281,1.6551648289461047
2896,Mo2CO2,1,81,-0.0551377550000209,11.809672476374532,2.3222237840527553,0.2848871166740118
2897,C2H2,4,65,1.5162417350000057,57.290980631333,3.690235350749303,-0.8475309071725521
2898,C2H2,4,65,3.5306596550000138,54.629581154122704,1.9281048185971952,-2.0460573228848404
2899,Nb4C3,2,113,5.789493829999912,21.24982044001962,-4.87374141911124,-1.3574536154613375
2900,C2H2,4,65,6.766791205000031,55.443329949785124,-0.6173917257697861,-1.75421541968102
2901,Mo2CO2,1,81,5.1551425149999925,9.730398129327806,-2.8798553636633226,-0.023598560786532552
2902,Nb4C3,2,113,-0.378805862500073,26.53137849433601,1.2860813008087888,3.525985307131014
2903,As2,0,19,4.151966694999997,13.469253575792647,3.925951357673343,-0.46777880590087584
2904,As2,0,19,0.9919432200000102,15.98457986146158,4.418954114416697,0.07196468144601442
2905,BiITe,3,28,7.664777039999998,10.04878620354808,-5.594170530155536,-0.21880682261311613
2906,As2,0,19,1.07751922250001,17.207750514743644,4.956743434665517,0.8423074042776388
2907,BiITe,3,28,-2.059915964999996,17.084767922956946,4.113070036172075,0.7511797996354128
2908,C2H2,4,65,15.850823760000024,27.547446846994603,-10.452880342768783,-12.353414098389102
2909,Bi2I6,4,33,3.768291585000013,6.273452011394845,5.038857348410632,0.17318976685240406
2911,As2,0,19,-0.6692156199999929,14.329291125574537,5.309901496210523,0.414937834380893
2912,Nb4C3,2,113,2.4498022224998213,25.072221296380384,-1.5453740583355962,2.810170826663997
2913,Mo2CO2,1,81,-4.04190918749999,16.010663320088696,6.3483628923339745,3.328308949335724
2914,Nb4C3,2,113,-0.8603973000000156,25.893021862581396,1.7697831003616489,-0.7886093051482999
2915,Nb2CO2,3,81,2.053327474999948,-1.5452543040201303,-0.7316371937677502,-1.2160224855030815
2916,Nb2CO2,3,81,2.287446297499999,-2.403870579891865,-0.9712973408832795,-1.450459000759785
2917,Nb4C3,2,113,8.896515880000024,20.20203936698891,-7.88678311702751,-7.563798262647221
2918,As2,0,19,2.6106355650000017,13.12015075854736,4.066833211702879,-0.02874482301595238
2919,Nb4C3,2,113,-0.3277744250000589,25.678374349723367,1.2339050567647887,0.9116626378398212
2920,C2H2,4,65,4.165806664999997,52.15762880049479,1.4631031215422592,-2.429092778739011
2921,Mo2CO2,1,81,8.208952980000031,12.004551811259734,-5.830830888706696,4.236302299540984
2922,Mo2CO2,1,81,-1.0246237250000676,13.463303102238022,3.3049907020559353,1.736411385916714
2923,C2H2,4,65,2.7816374650000326,52.44101433451983,2.599774802684904,-1.5265645931560587
2924,Nb4C3,2,113,-4.299592717499999,29.10160738628255,5.206804378838805,2.4129247506573472
2925,Mo2CO2,1,81,-2.413398930000056,12.63144193944016,4.679218876924901,0.6553401436078441
2926,Bi2I6,4,33,0.4484350325000071,5.133893525468133,3.8826297480531746,-0.9081348221830312
2927,Nb2CO2,3,81,3.9246198949999576,-3.686502279618081,-2.6040944474723897,-2.452472152092751
2928,BiITe,3,28,3.100198809999997,10.093699033360904,-1.0434042063343272,-1.9015687154717988
2929,Nb2CO2,3,81,2.1330093499999387,-1.679970260161275,-0.8377422846338296,-1.0062601126215005
2930,Mo2CO2,1,81,-3.8167078825000704,13.783318155225494,6.1189829838438605,1.5366791419350885
2931,C2H2,4,65,1.9550524775000164,53.63615439098957,3.172800041853214,-1.7874282026103883
2932,Nb2CO2,3,81,-1.429928145000016,1.2133506945656491,2.746358475276505,-1.6592009055726973
2933,Bi2I6,4,33,7.094321120000012,5.043974689427885,3.242591591461374,-3.684556194361177
2934,BiITe,3,28,2.0875339374999977,14.241277946426393,-0.015516426767982594,0.535768601689659
2935,Nb2CO2,3,81,9.366274132500015,-5.390346819331171,-7.8361994566221265,-2.183108423322362
2936,BiITe,3,28,0.7431727099999952,15.28635860993612,1.297802781205856,-0.7455202588026889
2937,BiITe,3,28,4.461081807500005,10.237088059697667,-2.3673132903236946,-0.4582280165810184
2938,As2,0,19,3.4159219000000083,15.125988271508781,4.299041059289543,0.1327193048339761
2939,As2,0,19,-0.1541988337499984,13.891026048308918,3.9637643778784164,0.16801018361877282
2940,As2,0,19,1.5361065649999963,13.171873590944827,2.7048474367445916,0.05077360232534134
2941,Mo2CO2,1,81,2.5394216549999262,10.039351525643792,-0.2747346731629716,-0.010603445033902315
2942,C2H2,4,65,3.201406965000017,57.08919285799803,2.7699759708418608,-0.43438109690207627
2943,Mo2CO2,1,81,1.1462304962499874,10.17393100531658,1.1122305817580287,0.0014676677362186474
2944,C2H2,4,65,0.7451577262500026,57.1703499082308,3.935152364132891,0.0906639420569838
2945,Nb2CO2,3,81,1.1605214499999967,-1.3580259704162565,0.12823750341237705,-0.23430095350443192
2947,Nb2CO2,3,81,2.2729579333332937,-1.6330932104456188,-0.99473676322577,-0.8211797996230683
2948,As2,0,19,5.486361700000003,9.009881458976233,4.68621011803385,-1.6608733710662875
2949,As2,0,19,3.439924930000002,12.751764243380533,3.124479001299844,-0.4041529242830424
2950,Nb2CO2,3,81,0.2126568137499278,-0.633637187768279,1.0670571745542103,-0.20507172533796084
2951,Nb4C3,2,113,-0.98305982500016,25.654872518278157,1.8819323594341606,-1.0282143538226753
2952,Nb2CO2,3,81,2.297310009999995,-1.8935571267246452,-0.977679506345515,-0.6136612250446525
2953,C2H2,4,65,-0.2058382875000086,59.94266740940756,4.603809401022856,0.98820511959738
2954,As2,0,19,-0.6218319699999961,16.250715649707843,6.824725545032548,0.8824983403918418
2955,As2,0,19,-0.2546690533333253,12.604501270231925,3.9259646167132485,0.0200363228493165
2956,Nb2CO2,3,81,-1.6103934249999776,1.6751507721069112,2.945929110221332,-1.317040145226056
2957,Bi2I6,4,33,1.5872041300000088,5.51220115869628,5.29185117134836,5.701359598332511
2958,As2,0,19,1.173841275000003,15.201481702701821,4.85069946723836,1.1381443766520152
2959,Nb4C3,2,113,1.5802539074999482,25.332164457978568,-0.6643167222124726,1.4187456086692818
2961,Bi2I6,4,33,2.560842075,5.152268530875651,3.25347316458842,-0.027105408956400456
2963,Nb4C3,2,113,0.0466236599998373,25.238204526035318,0.8577207397702636,1.5998334558092855
2964,Nb2CO2,3,81,5.206745710000008,-3.2794019441054356,-3.708953624988208,-1.5284133812036211
2965,Mo2CO2,1,81,1.194149994999967,10.679523761917352,1.049882109810112,0.05653386895775592
2966,As2,0,19,1.9671734000000047,14.448627012495924,3.6235333457834837,-0.7714956824732511
2967,As2,0,19,0.5210984499999988,13.235186263745119,3.7143663613250744,0.024114613557943976
2968,Nb4C3,2,113,14.741341679999811,13.755568415215032,-13.73027893872021,-8.923138707587702
2969,Nb2CO2,3,81,1.2098307500000045,-1.7441903243179366,0.08174031081644251,-0.7974373389994349
2970,Nb4C3,2,113,-0.5145294325000961,26.20854875012705,1.4327765361911973,-0.4094721022797705
2971,Nb4C3,2,113,2.2592373899999942,23.685459672174485,-1.3648021034780826,1.4083977329349828
2972,Mo2CO2,1,81,0.5604932399999732,10.956913859405951,1.7024412063348655,0.1516397304920718
2973,Mo2CO2,1,81,11.268669669999936,7.875998909101627,-8.911333069378394,0.8881185202059569
2974,C2H2,4,65,0.8092637800000396,54.997737333891564,4.522367840724956,0.3423527535972707
2975,Nb2CO2,3,81,8.684650052499933,-4.6526892075063415,-7.146012692562901,-3.025067596546971
2976,As2,0,19,0.5722746150000075,14.219985554982902,5.194112847615959,0.6685192091958543
2977,Bi2I6,4,33,-4.254761084999987,8.558145468519477,7.824495062317797,4.86397074171538
2979,As2,0,19,1.5505998650000097,13.72265452953124,4.080792296051423,0.46056424391214024
2981,Bi2I6,4,33,0.4672847500000037,7.937519638682043,6.639006186470028,0.00032247001393265196
2982,As2,0,19,3.2740419425,13.087717243291015,3.6482534689278157,-0.06950057719441727
2983,As2,0,19,3.6123445150000073,13.045805840021153,2.2310117764530366,0.04819105895934328
2984,Nb2CO2,3,81,3.2823407749999927,-2.7514822185704477,-2.0159060260325044,-0.6044268708099292
2985,BiITe,3,28,8.24516406,9.11432712932088,-6.174781067573447,-1.7706252568994145
2987,C2H2,4,65,5.214733214999999,56.90200224337403,0.2548196993015557,-3.863733422583109
2988,Mo2CO2,1,81,0.5109895724999749,12.606182032928086,1.7755500615688322,1.2163227539312995
2989,Nb4C3,2,113,8.924361992499836,18.96102288502295,-7.975917228680459,-4.4645978298004545
2990,C2H2,4,65,3.7995776925000175,58.363057157048324,1.6426991429415718,-1.553229629348976
2991,C2H2,4,65,8.256875840000014,58.224685502875154,-1.8220355581956111,-2.0918577583349744
2992,Nb2CO2,3,81,7.880061929999949,-5.775480732897083,-6.538853630998891,-1.2053208207877093
2993,Nb2CO2,3,81,4.351043954999927,-3.1813928042964967,-2.890563980253223,-1.6234448904908532
2994,As2,0,19,4.728295950000007,13.154586486116528,4.42193080196329,-0.4635731259033271
2995,Nb4C3,2,113,9.687733389999869,19.147385221653778,-8.686962940361502,-7.02461526599169
2996,As2,0,19,0.7390972537500007,13.524557137220864,3.779951913883056,0.41811762623962334
2998,Bi2I6,4,33,-5.481355339999993,9.309756150559584,9.880952627178033,4.390636116977532
2999,As2,0,19,2.7341050675000065,15.270618163497716,6.151884042175082,0.19869705334451648
3000,Nb4C3,2,113,0.662028579999804,26.2023881782196,0.24924315105895245,2.335706999808749
3001,C2H2,4,65,2.544175153333333,58.094225878160806,3.539953822534892,-0.08761756157714817
3002,C2H2,4,65,2.749771795000015,56.611391026451805,2.7247649815426485,-0.2723831746234282
3003,As2,0,19,0.7913938400000031,14.408358013942868,5.10839636754496,0.3197435104002857
3004,Nb2CO2,3,81,-0.3788415250000163,-0.3726875328206218,1.6576944646057292,-0.3177984896484212
3005,C2H2,4,65,2.556422193750021,54.30342646449379,2.776309847926818,-1.6611195404373378
3006,Mo2CO2,1,81,-0.2292584862499636,11.728489824750941,2.4951340641765993,0.5174917664318484
3007,Nb2CO2,3,81,2.7314783349999905,-2.777105134265534,-1.3943219200143337,-1.0999072408049424
3009,As2,0,19,2.7079528200000063,13.079821265998529,3.0106603277355894,-0.1321376191943422
3011,BiITe,3,28,2.131261705000003,14.02577777838826,-0.08395667735616374,-0.3704187061774731
3012,As2,0,19,0.2747605200000074,13.499033654194328,3.87057292904581,0.43520872241383135
3013,Nb4C3,2,113,1.3681998949998313,25.10651247682634,-0.4612315000845685,1.6130620736128396
3014,C2H2,4,65,0.9142077650000064,56.8671242509912,4.313039989732761,0.794607173863112
3015,As2,0,19,5.734018145000008,12.960407755777172,2.7143860876609205,-0.1683470189522378
3016,C2H2,4,65,2.762127902500013,59.77347784599446,2.508951955644111,0.45049481948993675
3017,Mo2CO2,1,81,2.4861756024999844,10.741098656431493,-0.20560120128029835,0.14813225882814063
3018,Nb2CO2,3,81,13.347068085000029,-8.241925173724802,-11.591279838209461,-5.508783910398791
3019,C2H2,4,65,4.070558035000037,54.489579077935346,1.3273871703705487,-1.9283103581506715
3020,Mo2CO2,1,81,-0.9157293149999608,12.895179858721479,3.2077753056259777,1.7583696751963922
3021,Nb4C3,2,113,0.376138982500001,25.67464481063151,0.5299244946982818,1.2454782949632761
3022,Nb4C3,2,113,-1.8437103850001304,27.527318122223438,2.7432305835042605,2.7058993202799764
3023,C2H2,4,65,2.703393460000016,53.74947150480305,3.258357404982589,-0.535618742986975
3024,Nb4C3,2,113,-0.946612232500085,27.062041157060634,1.8550490077076045,0.9137284691867915
3025,Nb2CO2,3,81,-0.7685605824999746,-0.04472786774111426,2.067409012815628,-1.451469645796941
3026,C2H2,4,65,6.831816785000014,58.181773074008774,-0.3016656562310933,-2.4020936811588687
3027,As2,0,19,1.6949718225000092,13.732965685129386,2.755582627852977,0.07444276134195049
3028,Mo2CO2,1,81,1.7955003275000332,12.036148816990528,0.4997752811984937,0.8364487793521802
3029,As2,0,19,3.568680425,13.971646965034992,2.8249982401611327,0.01341869482218394
3030,Mo2CO2,1,81,17.33858259624998,7.1391878912174676,-14.94133949385842,-3.8983337889786593
3031,Nb4C3,2,113,-4.219159634999983,29.839490445546858,5.111992152623884,2.536514552526228
3032,As2,0,19,6.0971944575000085,16.242375270079744,7.429883932621451,1.1502290323885003
3033,Mo2CO2,1,81,1.6341032349999771,11.833588504400252,0.6484108603064194,0.6176983352565741
3034,C2H2,4,65,3.0415162750000286,55.02613706311439,2.394747763085909,-0.487569064688139
3035,Nb4C3,2,113,1.739996784999969,24.810002452060576,-0.8226518174757583,0.912424768929678
3036,Nb4C3,2,113,-0.8875499200001822,25.84664364965513,1.8001410992121167,-0.614296711367819
3037,Bi2I6,4,33,2.8485471300000054,3.9262782840218042,2.954387953707168,0.06061658345519483
3039,C2H2,4,65,5.20527478000003,56.70822473426185,1.1719946072451481,-0.5526454045422664
3040,C2H2,4,65,4.824918924999995,55.65692184444987,0.9990247694325811,-1.6232502651540073
3041,As2,0,19,0.8741521749999981,14.905045517871095,5.360033600121055,0.9434522078328469
3042,As2,0,19,1.2620957750000033,13.006363862959795,3.0333087386769577,0.006967260647071205
3043,Nb2CO2,3,81,7.549312980000017,-4.764817666037716,-6.26524638237937,-0.9765698820589357
3044,Bi2I6,4,33,-0.0116827449999954,6.665778871556392,6.147548830688269,2.8240059973600213
3045,Nb4C3,2,113,1.2687830950000207,24.34146801380532,-0.3644091313261112,0.6323171829006751
3046,As2,0,19,0.2658087925000023,14.331980018229979,3.732666838578082,-0.5401419516288272
3047,C2H2,4,65,0.7423239700000022,53.456523482799476,4.3373396245638,-1.4557565204303
3048,Mo2CO2,1,81,-0.937846515000035,12.943969422002802,3.219739529907872,0.7859118912817733
3049,C2H2,4,65,1.4633935350000344,54.05350239497229,3.926791980085822,-0.6283177592177672
3050,C2H2,4,65,3.4665695849999936,54.58494345109213,2.2814398582830875,-1.822460415357863
3051,Mo2CO2,1,81,0.163719374999963,13.212460002237993,2.1311918506368372,1.20458451999668
3052,Mo2CO2,1,81,1.9057939349999329,10.576617131691147,0.3740498722205261,0.0443105002849995
3053,C2H2,4,65,4.694814555000019,60.29309889460528,1.2954790670168874,-2.1535059135663035
3054,Nb4C3,2,113,0.2146600799999873,25.959058690345064,0.6908540807920456,3.0312314115720747
3055,C2H2,4,65,6.652228855000002,58.49513703295979,-0.899943851337893,-2.1883425940136743
3056,Mo2CO2,1,81,4.603374554999986,9.901982551526707,-2.324880912192979,-0.012222204892156974
3057,As2,0,19,1.336628247500002,15.917618464230955,4.506251206794839,-0.03115595301045926
3058,Nb4C3,2,113,1.0328720074998756,25.112384034980593,-0.12496499837511976,2.666455620317914
3059,Nb4C3,2,113,0.3654987824999121,25.46130124598316,0.5461369739927027,0.4753437824008041
3060,C2H2,4,65,14.194770932500036,44.63108654786699,-8.937367717727493,-12.667800585731339
3061,Nb2CO2,3,81,3.0790548800000064,-1.7003802536496035,-1.6274596530763816,-2.29304846908336
3062,As2,0,19,4.867484514999999,13.701891158929852,2.2789760181420906,0.010996396254883578
3063,C2H2,4,65,2.247660450000032,53.99325739159339,2.8296108525410646,-1.269460371989473
3064,Bi2I6,4,33,-0.2353821099999935,3.0250850023034603,3.7990916471882055,0.05110711864664064
3065,Mo2CO2,1,81,0.9256832700000032,10.661395142373857,1.341082245009559,0.8230509657635466
3066,BiITe,3,28,7.1494813699999975,9.83277671143616,-5.082529538818154,-0.2740534881233696
3067,C2H2,4,65,0.6470564600000115,59.02009912369954,4.027578274789519,0.20194451052255113
3068,Nb2CO2,3,81,0.7604494699999712,-1.0810703644320392,0.5195669125353274,-0.17945943367133754
3069,Nb4C3,2,113,0.5059803324998402,26.034980615172685,0.39847393849879664,4.296588897897702
3070,Mo2CO2,1,81,0.3511979124999618,10.317265794470252,1.920879647924843,-0.37689991216426844
3071,Nb4C3,2,113,-0.8673752000000536,25.81716869772141,1.7767984320786059,-0.8196411281758089
3072,Nb2CO2,3,81,0.0771933074999271,-0.16543309650902133,1.244487675407686,-0.9667187210131107
3073,Nb2CO2,3,81,1.1259367549999997,-0.47699794020100883,0.24379630043263778,-1.3169771119539384
3074,As2,0,19,0.8800485049999969,14.481183934676924,6.254255700576582,0.4575246259254995
3075,Nb4C3,2,113,-0.2932652700001757,25.09694314679054,1.1957451967452726,-0.892408523156766
3076,As2,0,19,5.427107485000007,8.397967346644688,2.3176448426011085,-0.7299148160852118
3077,C2H2,4,65,1.6209784300000376,53.781373267285936,2.842854663643151,-0.9558382382860687
3078,Nb2CO2,3,81,1.2543781049999925,-1.505718613460991,0.0029152782804438004,-0.3361122854504319
3079,Nb4C3,2,113,-0.3396652650000371,25.808710268255243,1.2494427870871343,0.7973588815492111
3080,C2H2,4,65,4.0815353450000265,53.41795221400062,1.2688600563188412,-2.0708491858661153
3081,Bi2I6,4,33,-3.738629379999991,9.654428997767326,8.164653061958507,2.1373492470705067
3083,Nb4C3,2,113,-4.102562437500192,28.97222186132832,5.016520470426116,3.01741378510558
3084,Bi2I6,4,33,-0.3368780624999901,6.070367575897206,5.201790095581044,0.2989612432454328
3085,Nb2CO2,3,81,2.544647345000019,-2.038719702813536,-1.2376393567060535,-1.4260826995506986
3086,Mo2CO2,1,81,-2.578684270000024,12.844361563141707,4.843281606451237,0.6301961139992509
3087,As2,0,19,0.5339959949999993,14.559571853205567,5.427502265498047,0.420810054664816
3088,Nb2CO2,3,81,2.6893874400000053,-2.3973616752167817,-1.397854446683355,-1.0552942746023612
3089,Nb2CO2,3,81,2.8688340124999607,-2.468041016411297,-1.5675698456679905,-0.3949766891713069
3090,As2,0,19,-0.5444916224999921,13.949098441652824,5.625099672528475,0.6089297271295087
3091,Nb2CO2,3,81,5.251213847499937,-4.182555773756753,-3.9472524512825906,-2.0104697335778177
3092,Bi2I6,4,33,8.09887211000001,8.463781431564932,3.687417899816479,0.9043211095027583
3093,As2,0,19,1.048127619999999,14.692935180089519,4.12546470902527,0.7881745809531668
3094,Bi2I6,4,33,2.6947869200000043,5.52835411444417,3.521459009400122,1.7504376830171666
3095,BiITe,3,28,0.7642577200000025,15.281877228730465,1.2767170559501113,-0.38799390284861496
3096,As2,0,19,-0.2428063337499933,13.964407502064608,5.653152364938959,0.17390368228108055
3097,Nb4C3,2,113,4.630173089999809,23.048470454515165,-3.7161639162886675,1.925249533952421
3098,As2,0,19,1.8585405350000024,13.424731890333655,2.4829479058315,0.19220550852315044
3099,Mo2CO2,1,81,2.0953220749999835,10.264568544913754,0.16947259256186564,0.09845787037355169
3100,BiITe,3,28,2.5364804024999987,11.30759646937195,-0.468885755092467,-1.2550494030620307
3101,C2H2,4,65,3.102683425000037,58.51227502023108,2.621773123690759,-0.37874678775740156
3102,Mo2CO2,1,81,1.123369976249993,10.311187938483894,1.1430806672894358,-0.12946109410887963
3103,C2H2,4,65,0.7553098262500302,56.4183046757031,4.797916088387218,0.6441310980765487
3104,As2,0,19,4.102634209999998,16.76592594523275,3.3690613720719425,-1.2606919791396058
3105,C2H2,4,65,6.848397900000045,55.277652731205194,-0.48484199179691956,-3.2006490323293497
3106,Nb2CO2,3,81,1.2112584500000232,-1.3772594519938384,0.0767687570566582,-0.17396871134493286
3107,Mo2CO2,1,81,-0.9074249450000345,12.09578356977624,3.1813910189899026,0.5561144534381448
3108,C2H2,4,65,1.943467265000006,54.03864625530436,3.501182709505101,-1.0831815855006979
3109,As2,0,19,4.213509220000004,12.98332025794596,1.9281482913932253,-0.36394792608012283
3110,Nb4C3,2,113,0.0368661274999353,25.86611594850918,0.8653893678893673,1.4284008949508296
3111,BiITe,3,28,-1.8063843650000004,17.806348165112407,3.8859016500290937,2.0520471336818447
3112,As2,0,19,4.828357965,14.621631353847656,3.198759287349853,0.010238855831298466
3113,Nb2CO2,3,81,2.1223749299999266,-1.7652290245052367,-0.8434495111461668,-0.8355685055411051
3114,As2,0,19,-0.926341090000002,16.993166003024903,6.65027160783244,1.3156990144613667
3115,Nb4C3,2,113,2.9401652475000013,24.149425460914713,-2.0194476902286795,0.9270692209600817
3116,As2,0,19,3.7072119000000097,14.363111408308908,2.7076709188578194,0.7220048027791242
3118,Mo2CO2,1,81,-0.7597239950000567,12.591598524520727,3.072309110432796,1.7544019360044918
3119,C2H2,4,65,4.371509945000016,57.79755934516112,1.7130452438147836,-1.9845694657214512
3120,C2H2,4,65,1.0168912566667012,54.81294463505693,4.34160509139645,-1.854424492216628
3121,Mo2CO2,1,81,-2.065644353333392,12.752925961914935,4.338075250092425,0.2697118219765806
3122,Nb2CO2,3,81,5.015586069999984,-4.152468931455266,-3.565773816683741,-2.739023220319402
3123,Mo2CO2,1,81,1.0864324650000217,10.92500177216225,1.1704490104485867,-0.00470138399111053
3124,Bi2I6,4,33,-0.249316974999993,4.63227626137186,5.670830452961216,2.2991718893473236
3125,As2,0,19,0.7045925799999985,13.250510340532228,3.3732489403094497,-0.04751765171630706
3126,Nb2CO2,3,81,-0.193462419999979,0.2886417791181227,1.5832752471102696,0.24154163250659116
3127,Mo2CO2,1,81,-0.1797026925000562,13.019259704422257,2.4759353133750968,1.9396205477628126
3128,Nb2CO2,3,81,-0.9928448975000572,0.0580942610813967,2.4005442440424156,-0.3526439686701901
3129,Nb4C3,2,113,1.7085769499999923,24.38662517809246,-0.8034212515416387,1.2210885360178705
3130,Mo2CO2,1,81,0.5078983399999423,10.961361875759335,1.7586304253605718,0.18823980353948644
3131,C2H2,4,65,0.794806690000032,57.28854762416827,5.051366238810088,0.459222663459644
3132,Mo2CO2,1,81,-0.9760987449999918,12.845361758203932,3.2653042961474528,1.9404383986509113
3133,C2H2,4,65,3.0009209150000045,52.93900713980957,2.611186719544368,-1.6445538435303797
3134,Nb2CO2,3,81,4.250310165,-2.925435565225322,-2.961173198930461,-0.6411811335007731
3135,As2,0,19,2.306020195000002,14.476823076891275,6.971744602210691,0.4538214855267313
3137,C2H2,4,65,6.176653149999996,55.58577322634278,0.2020366159301794,-0.8428027662414515
3139,Mo2CO2,1,81,3.674214309999973,10.403024408668646,-1.3828389113641086,0.044500404050320075
3140,As2,0,19,3.4255117599999974,16.12962205958008,4.016673244552208,0.9626479918920925
3141,As2,0,19,1.3535430225000002,14.567101737631836,4.273981671306966,0.5929046280915322
3142,Nb2CO2,3,81,-0.7451049350000742,0.16864640139513443,2.0621997775929497,-1.305850598981249
3143,Nb2CO2,3,81,3.9392894849999305,-3.4920217142327186,-2.6392636245313836,-2.231726601304964
3144,BiITe,3,28,7.914498369999998,8.135411897194114,-5.84194545061218,-0.4521001588387019
3145,Nb4C3,2,113,9.385391684999806,18.619447894264518,-8.417704475552581,-8.686890574922902
3146,C2H2,4,65,5.163037445000018,55.74496095791339,0.29704556281248173,-2.6613248843463317
3147,Nb4C3,2,113,7.375068522499997,20.509971760703127,-6.389971908933916,-6.380974389122922
3148,Mo2CO2,1,81,1.8188269725000143,11.202832242791327,0.4538418660009622,0.4536592373693704
3149,C2H2,4,65,3.765213992499989,55.93004287649822,1.6367468572619739,-1.1418355567293186
3150,Nb2CO2,3,81,5.748854490000037,-3.801247370121904,-4.430604191499976,-1.102325610198604
3151,Nb2CO2,3,81,4.553725604999971,-3.0426660028983274,-3.0873353131501986,-3.374114041317415
3152,C2H2,4,65,6.064703407500044,53.113383191214155,0.11847708362951348,-2.537321669473107
3153,Mo2CO2,1,81,1.2852674999999527,11.45055072713221,0.9853674690755683,1.1473090768687402
3154,Nb2CO2,3,81,9.382469755000017,-4.679754636273922,-7.8325661237896895,-3.034970225479346
3155,As2,0,19,0.4560706050000078,13.804600692709139,3.6875885098376386,-0.5330780973833289
3157,Bi2I6,4,33,1.47840665000001,7.850220300581859,5.12411655766448,2.2655050931640526
3158,Mo2CO2,1,81,0.1729141299999295,14.110046125940826,2.1344848250273327,4.54463392246996
3159,Nb2CO2,3,81,1.7142255750000177,-1.5823970682123998,-0.4280026005406874,-0.5644977139134901
3160,C2H2,4,65,6.080304457500031,56.27456919972653,0.13337914769406112,-2.009374532853017
3161,Nb4C3,2,113,2.0163625124998905,24.217581426709096,-1.1048140966800868,0.22559403936981992
3162,Nb4C3,2,113,1.3420185799999924,26.447682246009123,-0.4230103249951096,3.5706820730761795
3163,As2,0,19,0.1023268249999975,14.210020587109378,4.202779576443484,0.07304116612955978
3164,Bi2I6,4,33,-7.999358709999997,15.906421876300453,14.358603692401527,10.477690871903379
3165,Bi2I6,4,33,0.8113692550000078,3.9699355812731856,4.279153034276115,4.669726853754468
3166,Nb2CO2,3,81,0.5996593424999896,-0.40986698759835793,0.6895893226738588,-0.08878960106017031
3167,Nb2CO2,3,81,4.491557027499951,-3.9822837368657957,-3.1777353541067015,-1.5492203092585775
3168,C2H2,4,65,4.095960630000011,54.71746125517251,1.0408554742531217,-2.3699105312629305
3169,As2,0,19,1.0101610374999996,14.045219783728028,3.1172680504567465,0.39267306004435265
3170,Nb4C3,2,113,3.8245851800000175,22.060817499443342,-2.9031124716158216,-2.1758992478405936
3171,As2,0,19,4.985602690000009,9.882640845359692,1.072566436510611,-2.193430099108489
3172,C2H2,4,65,4.784719060000027,54.03569643682614,1.163458675010756,-1.3443616133294949
3173,Nb4C3,2,113,6.908964879999799,20.79281226029968,-5.932261395146691,-5.404505697578433
3174,Mo2CO2,1,81,2.159021879999996,11.336933905115565,0.10672852817261136,1.2524785739489785
3175,Nb4C3,2,113,0.0547961399999529,25.648862917617233,0.8506951723449161,0.7333092683506737
3176,Nb2CO2,3,81,12.861684849999929,-7.654133569342478,-11.296094388904754,-1.021825205427989
3177,C2H2,4,65,1.5698823175000332,53.73012645630368,3.633643583340726,-2.1291553220318935
3178,Nb4C3,2,113,3.973565727499956,22.77613545454757,-3.0450521211105923,-2.180766254691118
3179,As2,0,19,3.256388720000009,13.8561683733024,4.213600182409863,0.2933581907309888
3181,Nb2CO2,3,81,0.2029050949999762,-0.9315482342033657,1.080788894117964,-0.06587044038266662
3182,C2H2,4,65,0.0515325200000083,55.0300867426953,5.272868461267285,1.0207405357123738
3183,Nb2CO2,3,81,-1.1800721899999749,0.1762657579117588,2.4409779723816687,-0.46575899756614647
3185,As2,0,19,1.243145307500002,13.694559096695148,4.2544204388073705,-0.10566810826345008
3186,As2,0,19,2.408752599999998,14.294157505387373,2.9626530809743263,-1.4145128326075214
3187,As2,0,19,0.9959409316666696,13.623079848260902,5.332586995732012,0.44229077495259306
3188,As2,0,19,-0.6364209000000034,12.942741885158288,3.5096352243153923,-0.04477761748148257
3189,C2H2,4,65,-0.2873210574999882,58.941443092208644,5.202643838109119,0.9821326798017256
3190,BiITe,3,28,2.3228510949999963,13.726787891587527,-0.24315459867227807,-0.2671102617175256
3191,C2H2,4,65,2.505715921666709,54.35857813045732,3.05207396035742,-0.4202112308606383
3192,BiITe,3,28,-1.7795023450000018,16.04090558774699,3.763813726975812,1.7293740440153014
3193,C2H2,4,65,0.7175169850000401,53.17750254624996,4.32110495720221,-1.3755824630070388
3194,Mo2CO2,1,81,-2.7453548650000728,12.752636804188711,5.0068200171047685,0.7309501707607744
3195,Mo2CO2,1,81,6.239086239999956,9.7258169556991,-3.9607551986638967,0.7665626908675565
3196,C2H2,4,65,7.825718580000008,57.248296719479164,-1.0763686679923588,-1.7214508238558022
3197,As2,0,19,1.1524137549999969,14.931253364344077,4.413529327173668,-0.17696137164072356
3198,Nb4C3,2,113,0.7752137749998544,25.098087413151188,0.13798350397658599,1.753464721678816
3199,Mo2CO2,1,81,2.4063337000000007,10.506233438671874,-0.1197079173512785,0.8888694294504793
3200,As2,0,19,7.258150690000001,13.206428256431476,3.332592056988931,-0.09344700296793729
3201,Nb4C3,2,113,-2.710657473750015,28.240788495885432,3.6145164532930654,3.367976502922277
3202,BiITe,3,28,0.3284800150000002,15.407650778889364,1.6968457601464841,3.3239481351770017
3203,Nb4C3,2,113,-0.2176129125000605,25.495387723291078,1.1255076033315627,-0.38823301569207813
3204,Nb2CO2,3,81,2.452265102500028,-2.081404724552539,-1.1603500434103675,-0.5919168778601356
3205,BiITe,3,28,-2.3995078433333337,18.152859690664062,4.457489254949341,1.199138644216309
3206,BiITe,3,28,6.970127709999999,6.416412822112123,-4.935951916670124,-4.362632719969074
3207,Bi2I6,4,33,5.918558970000013,5.99512587497069,2.448751832141812,1.0243127595328652
3208,Mo2CO2,1,81,2.368079469999982,11.792086634634622,-0.07068034649025678,0.6614737049725523
3209,Nb2CO2,3,81,-1.6782025199999815,1.5770802996427224,2.998879601743858,-1.7908563910056743
3210,Nb2CO2,3,81,-2.4733617750000234,0.9866843667816396,3.749659980057803,-0.4133281263519053
3211,Nb2CO2,3,81,0.1358854399999662,-0.7446181403478666,1.1424024873097058,0.12261430155429406
3212,Nb4C3,2,113,2.5308285799998043,23.950981671871943,-1.6193673856435216,1.1587170514088871
3213,As2,0,19,0.1482016249999978,13.258492946177165,3.2543934181823753,0.029126087376914633
3214,Bi2I6,4,33,-0.3473691849999936,6.374439230471185,5.054335783828627,0.18749887834919607
3215,Nb2CO2,3,81,9.699493894999934,-5.636933654572281,-8.174101322914872,-2.9464820325630035
3216,Nb2CO2,3,81,2.0574969074999974,-0.928910535760292,-0.6620297453677342,-2.173636081007688
3217,Nb4C3,2,113,16.77891123999998,12.781396580638038,-15.751728939114463,-11.290854421355775
3218,Nb4C3,2,113,8.375120564999952,19.677980020937547,-7.46644564936834,-2.632832929196729
3219,Mo2CO2,1,81,0.1918532150000081,11.081721614101554,2.0748787624627605,0.09331869115335292
3220,As2,0,19,-0.1812493500000005,13.187177389550781,3.1478025612121585,0.024921387124634292
3221,C2H2,4,65,0.1599229050000011,54.01842118577962,5.135586115487467,0.8089960145632924
3222,Nb4C3,2,113,0.545039584999933,25.57987522009447,0.3726715934617776,0.3355822058859923
3223,C2H2,4,65,3.482070450000034,57.4419299721598,2.709311719723477,-0.3905266960581799
3224,Nb2CO2,3,81,-2.3418865925000016,1.4516163593457048,3.6476592149263523,-0.9749172602170799
3225,Mo2CO2,1,81,5.982178482500028,8.931438015811334,-3.71694560158979,0.05996041189897916
3226,C2H2,4,65,6.995076082500002,55.18737739090902,-0.6038112465065524,-1.2389720900378434
3227,Bi2I6,4,33,3.952785945000001,6.810127441027017,3.8432117143653355,-1.2081078450498461
3228,Nb4C3,2,113,19.885423434999808,7.871158189349149,-18.946478062100436,-14.830547902213755
3229,As2,0,19,1.0103653525000025,13.814616972736,4.155275955330808,0.42169246527699533
3230,As2,0,19,2.559164037499997,14.133944521154788,2.7882654764312775,0.09861025194905926
3231,C2H2,4,65,5.311053000000015,55.19363430926512,0.88186708876799,-1.2826007625529128
3232,BiITe,3,28,-0.9601640462500028,16.150330122274376,3.003132478358564,1.7903019348404976
3233,As2,0,19,2.649857170000004,13.754183166608883,2.9495032960034138,-0.029130028301802557
3234,Nb4C3,2,113,-1.88340484000012,27.486911564039836,2.7898317068493834,1.9437097996151915
3235,Nb4C3,2,113,-1.8541814700001888,27.644895733916204,2.7556532835199845,3.2260812337432716
3236,C2H2,4,65,4.919341187499995,59.16479291436768,1.2846993398437547,-0.5980808941752072
3237,Mo2CO2,1,81,3.352180777500009,10.00086818286783,-1.0874012097815031,0.5402113810082918
3238,As2,0,19,2.384353465000002,15.254523767869463,3.148654236237994,-0.8687029939484681
3239,Bi2I6,4,33,2.3071107850000123,5.446153960076485,5.44841897631438,-0.26362991189210216
3240,Nb4C3,2,113,2.620441259999831,24.570180433929202,-1.7041650037564433,2.5982306976519434
3241,C2H2,4,65,8.260248145000025,56.13388001865557,-1.7360932434955085,-1.492116571005071
3242,As2,0,19,-1.7048771274999917,14.575309504361563,5.603038379839672,0.1691977076645832
3243,C2H2,4,65,17.887162535000027,24.345414709440686,-14.849931089687527,-13.88870343427676
3244,C2H2,4,65,6.363966370000041,56.04884777031978,-1.0749766671395262,-2.70557767587264
3245,Nb4C3,2,113,0.4314923449999357,24.925082667207096,0.4715425804608797,0.0338313813362256
3246,Mo2CO2,1,81,3.245145744999957,14.621101750015505,-0.8868840802915012,9.027263694086958
3247,C2H2,4,65,5.243631710000028,53.276964476319954,0.45374501805783307,-2.224177469201078
3248,As2,0,19,0.8213331350000064,15.562611694305005,4.964562451013787,0.6194277953792253
3249,Nb4C3,2,113,-1.9153225349999927,28.19478725667968,2.8259582447625657,3.381246798000481
3250,As2,0,19,-0.8520099899999987,13.542421716633706,5.432648557606607,0.446256933791706
3251,As2,0,19,2.645600045000004,13.369462287153317,3.6256006913637244,0.051359450544429475
3252,Mo2CO2,1,81,-1.7295695024999738,15.050861743914362,4.092153378156102,5.439100253410414
3253,As2,0,19,1.3197518350000088,15.3050761857316,4.925371312964469,-0.22822735322663235
3254,Mo2CO2,1,81,-2.951997214999972,12.601521267937798,5.215573722568331,0.82251295889137
3255,C2H2,4,65,0.5265381650000109,53.413180717242824,4.516644446465444,-1.3604554649064236
3256,Nb4C3,2,113,4.839743004999832,21.73947554154965,-3.9060570267461494,-4.736689315996841
3257,BiITe,3,28,-1.4389332499999954,15.295760628273005,3.5007737842102005,1.951950308372493
3258,As2,0,19,2.8051972875000057,16.685402662654617,9.546805094778437,1.6466265828409776
3259,Mo2CO2,1,81,13.074495584999998,6.198657084270835,-10.713496159747718,-1.037524174884437
3260,Nb4C3,2,113,2.2624999749998302,23.942159804866705,-1.3520986307005138,1.515860550767178
3261,Nb4C3,2,113,8.527115474999912,19.630431522070403,-7.5202061443139785,-6.889471303285129
3262,Mo2CO2,1,81,2.086636895000036,11.611186947366502,0.1966352124421844,0.4869968552797088
3263,C2H2,4,65,4.017796755000015,55.776724576787096,1.522788603937566,-1.1335151197155913
3264,C2H2,4,65,1.7588318800000171,53.098247943811835,3.1304037754666987,-2.0266177470552744
3265,Mo2CO2,1,81,-2.9637020600000445,13.462791618919315,5.252335962867679,1.2122879994073932
3266,C2H2,4,65,2.315680940000028,57.052083215069956,3.4840660899402596,0.12792146300493634
3267,Nb4C3,2,113,0.2698402324998463,26.124528257083487,0.6455595175739046,2.2368806282993074
3268,As2,0,19,3.2064807349999995,15.131139364385579,2.4310871030330405,-1.602181110239054
3269,Nb2CO2,3,81,6.6788013549999965,-4.498439925149736,-5.379698094959713,-0.3109876088655561
3270,Nb4C3,2,113,0.5543773249999653,25.186520807324253,0.3572798891647686,0.4516860170944561
3271,Mo2CO2,1,81,-0.3402301199999691,13.069482617355112,2.6417563485868016,1.128990106559519
3272,As2,0,19,3.184115822500005,12.567101701710607,2.33708602648376,-0.82180978396139
3273,Mo2CO2,1,81,12.932420164999956,13.264142284137415,-10.465738048809364,-1.863085816957149
3274,Nb4C3,2,113,3.355123914999936,24.19304935363613,-2.4365099645884576,1.9653631073999662
3275,BiITe,3,28,3.435820714999997,12.526322865118818,-1.3536022269425425,-0.3243876858251924
3276,As2,0,19,1.5264244925000043,13.396682336825354,2.2678247242154903,0.0022910385312864268
3277,Bi2I6,4,33,-3.028620409999996,6.646846461330562,6.822900144293616,3.280758945181677
3278,Nb2CO2,3,81,1.4062831500000197,-0.733856648090128,-0.07408158966168155,-1.7831185756948031
3279,As2,0,19,2.078780704999998,14.578658208981123,6.438128099575604,0.6897336897601338
3280,As2,0,19,2.2962378600000086,12.857514784856763,4.366250600540763,-1.235315157846485
3281,Nb4C3,2,113,0.057970959999998,25.16073199206706,0.8451757440379862,0.7038406143001322
3282,BiITe,3,28,2.9255592950000056,13.134098835009961,-0.893842431685695,-0.3018694845650285
3283,Mo2CO2,1,81,2.090634975000027,11.75522264523923,0.20018403414507402,0.7950967220824925
3284,C2H2,4,65,6.022709255000023,56.2284640823006,-0.6750066723228176,-3.0702872719169334
3286,Nb4C3,2,113,-2.761566290000184,28.69797655814797,3.668693869053427,3.981322058776124
3287,As2,0,19,4.910665867499997,13.744724871940921,2.822947703031212,-0.03401187834391006
3288,Nb4C3,2,113,4.674106139999884,22.32373601291353,-3.736530362628159,-3.382319429578639
3289,Nb4C3,2,113,-3.7220405600001754,29.74205881968442,4.629329985532198,3.8216252189408086
3290,Nb2CO2,3,81,2.526891999999972,-1.9593613282444995,-1.220791949391655,-0.9810086226068855
3291,Nb2CO2,3,81,1.9565676275000228,-1.7163835985566431,-0.6740036232377344,-0.37001802753460944
3292,Nb2CO2,3,81,-2.25402641499999,0.9295870483414614,3.525956791688629,-0.5793998221063332
3293,Nb4C3,2,113,-0.0644473262501916,25.641683501787302,0.9711497255040368,0.11210386235248652
3294,C2H2,4,65,15.23366737500004,23.029029526957153,-9.133324386032145,-11.865353386950215
3295,C2H2,4,65,2.3580183199999905,56.8371949978711,3.58629091461915,-0.17155130823037767
3296,Mo2CO2,1,81,0.7886374899999904,12.068978616669117,1.5188495209558202,1.3379158865157161
3297,Nb4C3,2,113,-1.7204886200001344,28.31097069600925,2.624327294227531,2.4973612151514
3298,As2,0,19,-0.2358237566666701,16.31670233230957,5.582667476149092,0.9098905784007806
3299,BiITe,3,28,0.7942992499999937,15.228889380739854,1.2473197329508525,-0.4699792118403054
3300,Mo2CO2,1,81,1.593584793333355,12.10940128810789,0.6880662267166939,0.2662904883184598
3301,C2H2,4,65,2.7443981933333585,54.32543937685707,2.9832541179917147,-0.1186349359887946
3302,As2,0,19,0.2457419000000041,15.02665450553792,4.293419384764603,0.8270423251459718
3303,BiITe,3,28,3.703445910000005,10.034909011340938,-1.6206812844506886,-2.780582943144638
3304,Mo2CO2,1,81,-0.3053716662500703,12.861881161031565,2.6643756869409883,0.6387862208460175
3305,C2H2,4,65,2.576777363750037,52.865781560607054,2.7130529235475294,-1.73763865722487
3306,Nb2CO2,3,81,2.756194935000024,-2.39441413259117,-1.4577340540847,-0.4622175552011347
3307,Nb2CO2,3,81,0.2510875562499595,-0.2859535713663332,1.1420360704590249,0.5711008211304116
3308,As2,0,19,0.6902059899999989,14.627894939260255,6.2023523462579355,0.43700486548400985
3310,Mo2CO2,1,81,0.8791271999999346,11.293391848055078,1.3945313140228925,0.2588517511363366
3311,C2H2,4,65,1.1381610900000034,54.920398327724605,4.68462905587402,0.1602788100803596
3312,As2,0,19,1.0425220899999978,13.199431441901043,3.186216376898603,-0.15029471846628606
3313,BiITe,3,28,2.475486345,11.504616829845377,-0.44147537838114426,-0.7276019919980878
3314,C2H2,4,65,0.9184325750000456,56.034302690095984,3.770497062273107,0.15456181612340825
3315,C2H2,4,65,4.230568484999996,52.90290395762696,1.416969859065353,-2.802141146399837
3316,As2,0,19,0.8807563499999995,14.630252548417154,5.450819123149618,0.7466437303629563
3317,C2H2,4,65,14.315271682500017,26.180421126922795,-10.956210878450843,-10.08752742107627
3318,Nb4C3,2,113,-2.668479595000016,28.274001750761734,3.56381920319246,3.556838068777787
3319,Mo2CO2,1,81,4.6623182225000255,12.903928445997696,-2.2638374892643482,5.141756382805965
3320,Nb4C3,2,113,1.271586472499925,24.909499749830804,-0.35709318986391836,1.0328252566769143
3321,BiITe,3,28,1.9559108150000024,11.33647051135752,0.13840205152882668,-1.0661782554780093
3322,Mo2CO2,1,81,1.3901227500000326,11.954867662394172,0.8956244601847003,0.604393741889921
3323,C2H2,4,65,2.786733250000041,53.30764331402584,2.693993071538248,-0.6499687633692832
3324,As2,0,19,2.064237292500002,14.843556388326823,3.531847143280841,-1.0106506902890033
3325,Nb4C3,2,113,0.0768393874999748,26.113651335156277,0.8358386158111825,0.12512844792635575
3326,Nb2CO2,3,81,-2.13728297999998,0.9272179330537724,3.4205657368054,-0.37435574083030154
3327,Nb2CO2,3,81,-2.5095434525000133,1.3515927333024222,3.8017627734330377,-0.998419966460558
3328,As2,0,19,1.3537712825000066,13.573933528596186,4.347024050090733,-0.10495197104014742
3329,Mo2CO2,1,81,4.913697297500018,9.21410809444741,-2.6438088169956644,-1.3217652391656678
3330,Nb4C3,2,113,-1.1818935250000435,25.69475668417973,2.0817652716990587,-0.7642775203033012
3331,C2H2,4,65,3.0111963949999927,55.53322066839519,3.253931144634712,-0.37243241095559965
3332,Mo2CO2,1,81,2.145957345000036,11.057848260570438,0.15084310945756485,1.3182222503114467
3333,C2H2,4,65,5.235386619999991,60.67269284523031,1.0897452334215378,-0.32256723447142654
3334,Nb2CO2,3,81,1.8145914025000227,-1.3427248743068667,-0.5071290281307193,-1.0522013452541326
3335,As2,0,19,0.0859460950000086,13.823754934459625,4.883085159450472,0.5356634338594478
3336,C2H2,4,65,8.063231990000013,54.547156447906886,-1.4698336176677573,-2.314218566080335
3337,Nb4C3,2,113,2.07779942499987,23.76703522058932,-1.1655704830824507,0.38584690742302197
3338,C2H2,4,65,10.114081965000045,48.39544079094071,-6.351852641612899,-7.060046539813888
3339,As2,0,19,2.1420765850000008,14.532607621644694,6.089498983517049,-0.883925689563396
3340,As2,0,19,6.434515130000002,13.749329118453776,1.6919554357958964,-0.34048649815389176
3341,Mo2CO2,1,81,-0.5209690350000722,12.654851239691641,2.8198614535435698,1.8059912540221872
3342,C2H2,4,65,4.586323625000004,55.74832450732421,1.6653678753458623,-1.6346502762552935
3343,Nb4C3,2,113,6.474659864999834,21.098799760244304,-5.500920558867835,-4.73651236782271
3344,As2,0,19,2.9539299825,14.086550313317058,3.9717044016552734,-1.344114742593689
3345,Nb4C3,2,113,-0.6426198425001957,26.781462107311395,1.5520003181802289,3.228724632869865
3346,Mo2CO2,1,81,3.5739432724999456,14.473220690817925,-1.2245239171074895,8.161578044028374
3347,Nb4C3,2,113,0.8706561324999025,25.208278854886164,0.04500897745238841,0.5319987140093951
3348,Nb2CO2,3,81,4.607774629999944,-3.396354054222254,-3.285034194399663,-1.1148698874411465
3349,As2,0,19,2.1360549849999995,16.308828679449057,4.238317894664104,1.2905124105281582
3350,C2H2,4,65,2.213902100000004,53.08477788758951,3.518604135440568,-0.31477906711222725
3351,Nb2CO2,3,81,11.276467859999949,-6.950998326397552,-9.712929507351532,-2.0292875570621227
3352,C2H2,4,65,0.7789331600000322,55.46846394489906,4.400812633342558,0.43757789086005494
3353,Mo2CO2,1,81,1.195969459999982,10.474346918275572,1.0761358364528584,-0.3818791683409447
3354,Nb4C3,2,113,12.309938549999938,15.94881363709316,-11.327061096831704,-8.84377022584731
3355,Nb2CO2,3,81,0.7300829699999575,-0.9007489891217633,0.5645696906878069,-0.09694498890305403
3356,Nb2CO2,3,81,9.43851276000002,-5.289933162526875,-7.9042068695988155,-2.8481279587711787
3358,As2,0,19,-0.4092686199999962,14.363422952478839,5.4525198960162315,-0.03135053079752986
3359,Nb2CO2,3,81,1.890322047499952,-1.5214575509509816,-0.5321929037850472,-1.6308023115278654
3360,C2H2,4,65,7.651951600000019,46.92676141968891,-4.190532454733804,-4.370002636198953
3361,Nb4C3,2,113,-0.0221127699999772,24.911670926331357,0.9257797431139909,-0.8352831968477604
3362,Nb2CO2,3,81,1.1716965749999335,-1.3761277511855414,0.11444819816545149,-0.45305676411990825
3363,Nb4C3,2,113,-0.3782873850001645,25.715257396393394,1.283879111303265,0.9927636286550514
3364,As2,0,19,1.1694977399999982,14.473495233327638,3.884252616038413,-1.208367359369505
3365,C2H2,4,65,4.068627085000009,52.53049210140136,1.5103098494711213,-2.1045539038476653
3366,Nb2CO2,3,81,9.085826745000029,-4.312458942697986,-7.52193060553724,-3.425674468643014
3367,C2H2,4,65,2.8356963150000225,52.24861866709633,2.3147812930449194,-1.5720392616883567
3368,Nb4C3,2,113,-4.474917627500198,29.400520858294467,5.38010022752156,2.5288901101814725
3369,Nb2CO2,3,81,3.653384735000007,-2.9344265558440217,-2.3767587043959626,-0.5779519575952219
3370,Nb2CO2,3,81,3.2705375750000285,-2.937585671656828,-1.986386934830249,-1.3878304560119914
3371,As2,0,19,1.4289032749999977,13.436930325362145,3.764977441959638,-0.008924298750302873
3372,C2H2,4,65,1.816216057499998,53.71407391035482,3.3221353431932594,-1.630079255462441
3373,Mo2CO2,1,81,-2.9372488825000733,13.656775491285067,5.227659321673453,1.009188430356722
3374,Nb2CO2,3,81,5.494661695000005,-3.541378027435613,-4.2134412589038135,-0.2580711506172735
3375,Nb2CO2,3,81,2.828076312499989,-2.3869103486912935,-1.5360707735595591,-0.5856774146931856
3376,As2,0,19,1.1946566275000077,12.663936677451979,2.9987911213199796,-0.11672411076620226
3377,Nb2CO2,3,81,2.610732967500009,-1.592786008958139,-1.2822914270998218,-0.42278434320699976
3378,Bi2I6,4,33,7.272781240000008,3.953721814300936,2.219369344856661,0.37598241661620335
3379,As2,0,19,1.8718907400000084,13.992776834564607,3.221523407694897,0.24255574106892075
3380,BiITe,3,28,-2.706473277499996,18.496801541736446,4.753631518771969,2.7034795348750777
3381,BiITe,3,28,0.7269922499999941,15.330948550984704,1.3134462430928608,-0.7921185895945172
3382,As2,0,19,4.476047889999997,13.440371775018722,4.008631649998376,-0.24609603147948889
3383,Nb2CO2,3,81,16.701402884999965,-11.273085338155482,-15.004781546473557,-8.705745599945441
3384,Nb4C3,2,113,7.803702129999984,20.663199013391942,-6.897956385294783,-2.080481463750391
3385,As2,0,19,1.4923454150000015,13.431099332924804,2.217403329964598,-0.1578048491913875
3386,C2H2,4,65,0.7475919962500401,58.87786576742184,4.305508311532451,0.23953022156408743
3387,Mo2CO2,1,81,1.3187430462499523,10.388697965814663,0.9422525007267728,0.28067467994887996
3388,Mo2CO2,1,81,3.6334468199999392,11.63938573259202,-1.3297760162940881,0.6522651837079465
3389,C2H2,4,65,6.815784570000041,52.546006087043416,-1.094740148804057,-2.637715614260702
3390,Nb2CO2,3,81,1.3276853199999643,-1.8601795470914357,-0.037810527900965285,-0.540959759175888
3392,C2H2,4,65,1.9444391650000303,55.18099380313962,3.102641590233734,-1.0260144792039285
3393,Mo2CO2,1,81,-0.6974848850000264,11.755280091705755,2.9653816961674253,0.5861685219832621
3394,As2,0,19,3.499646157499997,12.781334270559897,2.1607508952648957,-1.6443526848920664
3395,As2,0,19,2.230311060000004,14.270753240537106,3.898991521151322,0.35134150182352286
3396,Nb2CO2,3,81,0.2344935137500359,-0.6030984122027947,1.0420213740597175,-0.4948370653857781
3397,Nb4C3,2,113,-0.9787527250001546,25.7074260241538,1.8773855692892987,-0.8988261692971273
3398,As2,0,19,7.256600255,12.478958572718097,1.1803133942411286,-0.22526442431152383
3399,Nb2CO2,3,81,2.287331909999983,-1.8256507029789055,-0.977556160157657,-0.8675277343051995
3400,As2,0,19,0.4478020249999979,12.984291754246014,3.4996452749572775,0.00018632618611863494
3401,C2H2,4,65,-0.3177933975000053,61.572030254596356,4.2393721226790415,1.0346806331414848
3402,As2,0,19,-0.2338001633333369,12.708885103925784,3.9497613017407263,0.15506004339925486
3403,Nb2CO2,3,81,2.842849245000031,-2.478030473319835,-1.505620231557038,-4.690122038451976
3404,As2,0,19,1.2593069050000043,15.259675346485183,4.761150044869788,0.978838923247066
3405,Nb4C3,2,113,1.0023449374999949,25.3773534979655,-0.09077144799295545,1.076393950604762
3406,Bi2I6,4,33,1.5057367000000106,6.690761058229564,4.5775310682240695,0.8372814741714372
3407,C2H2,4,65,4.2489593850000364,55.70388777788245,1.705386198915674,-1.8334531015578572
3408,Nb4C3,2,113,9.590624894999907,18.746994886494235,-8.589370018545235,-7.257838334941313
3409,Nb4C3,2,113,0.0909138999998466,25.241815439599762,0.8146905419608061,0.6024101095775867
3410,C2H2,4,65,1.0265342266666602,55.48727052695476,3.8831910420151834,-1.6860062948174983
3411,Ti2CO2,1,81,-3.0426706133332804,3.196637437546944,4.946904545828398,0.6686194398052447
3412,Mo2CO2,1,81,1.0083748150000165,10.863985414492172,1.2503620338311603,0.430912887242517
3413,As2,0,19,0.3036874600000082,13.577882402365715,4.185064746166577,0.21522700113585608
3414,Nb4C3,2,113,-0.4162875725001796,26.02962477139341,1.3342766278158331,-0.6505045182336664
3415,Mo2CO2,1,81,-1.0943717825000174,13.691562321542172,3.3766458697701185,1.3501364655876842
3416,Nb2CO2,3,81,0.1507230424999681,-1.4133555714408048,1.1639084593336297,-0.5645068311809984
3417,As2,0,19,0.8022818850000091,14.085717331715486,5.702326269296866,0.6136789434632275
3418,C2H2,4,65,2.9849130550000025,54.7324827274707,2.303494827054644,-1.5729541221234156
3419,Mo2CO2,1,81,0.5980313649999499,12.456278797862193,1.678725318985442,0.4277092982106011
3420,Nb2CO2,3,81,10.695708539999998,0.6741323998396833,-8.75949242404846,-2.670174545961098
3421,Nb2CO2,3,81,5.6227084449999705,-3.87954450170926,-4.346255466547924,-0.684170529452282
3422,As2,0,19,1.8509253775000063,13.133093266197097,3.3160702273329603,-0.026564967127590045
3423,C2H2,4,65,6.206285650000044,55.63063540611161,-0.755743120576013,-1.0974656884521927
3425,Bi2I6,4,33,1.278703170000013,8.243749820214017,5.77194981080443,0.8182714015459058
3426,Mo2CO2,1,81,-0.7481461400000686,16.62048666022305,3.070462309738838,4.587463143885973
3427,As2,0,19,6.182372250000006,14.23280827419026,3.5472721280263215,-0.09183724506633073
3428,Nb2CO2,3,81,0.4916420849999783,-0.9657336148461697,0.7798662510672214,-0.49858761557350534
3429,BiITe,3,28,8.23865774,10.01368547753184,-6.167413579665732,-1.5381094090572107
3430,C2H2,4,65,5.199624274999994,59.45066526052247,0.595419511366786,-4.1601395356964055
3432,C2H2,4,65,3.900472162500032,54.473477524186166,1.8084259844471928,-1.1761654201497715
3433,Mo2CO2,1,81,-0.905457277499968,13.658360580010548,3.202766437732512,2.085971732341582
3434,Mo2CO2,1,81,6.750955560000013,9.49307284932209,-4.468252875597547,0.15227463027708676
3435,C2H2,4,65,8.24705561000001,58.38756728174396,-1.9405115842609755,-2.26467331248414
3436,As2,0,19,4.856809560000006,13.085544324379065,4.015943265419102,-0.28512710684448805
3437,C2H2,4,65,6.07618998750004,51.26681773599036,-0.48327747249556463,-3.033052516618896
3438,As2,0,19,3.3298119299999964,16.146967054069826,3.1507548100360143,-1.0130386743338993
3440,Bi2I6,4,33,4.228103900000007,8.321467455183914,5.909413909867852,-0.2736015558685372
3441,Nb2CO2,3,81,-0.3846105549999774,-0.4914613749316632,1.7397405916719337,-1.787796674741437
3442,Nb4C3,2,113,4.002594589999879,23.86684612451835,-3.0907216864939184,2.276899377692178
3443,As2,0,19,-0.0795985250000026,14.276490627559411,4.962396878830976,0.5143540887359646
3444,Nb2CO2,3,81,0.358521472500001,-0.5768082252008067,0.9862017918763215,-1.4335728596510833
3445,Nb2CO2,3,81,4.365336267499926,-3.4303126418081944,-3.0574637734381387,-0.7460684859244053
3446,C2H2,4,65,4.194419290000018,52.32038682165363,1.3358637239795765,-2.887422706061419
3447,As2,0,19,1.1832695275000038,13.626708003933102,3.7713446349450646,0.1814918250390587
3448,Nb2CO2,3,81,3.683956300000034,-2.99664846537479,-2.3916468965805393,-0.887332275290968
3449,C2H2,4,65,15.726145755000015,32.28773410047383,-10.402690977600315,-11.794485818095108
3450,Nb2CO2,3,81,5.50160357249994,-4.304146497380922,-4.186608204178204,-1.1887001682641003
3451,Nb4C3,2,113,0.3818764099999363,25.352750360019595,0.5334055215593085,0.05273502970495875
3452,As2,0,19,-0.6688331624999917,13.94222838293863,5.343860930317171,0.5429538747802651
3453,Mo2CO2,1,81,0.9783987799999476,12.420346756804252,1.3214411139768996,1.19434720280594
3454,Nb4C3,2,113,-0.0721269600001598,25.60930754268245,0.9714538805094982,0.7193281007217989
3455,C2H2,4,65,4.751889570000044,57.341300623176224,1.3636801804678926,-1.7274797990344677
3456,C2H2,4,65,13.70703034000002,27.959851221279276,-9.354509953622049,-11.542664770249553
3457,C2H2,4,65,1.5383295075000392,53.60994396051754,3.5543737952012746,-1.6716989533008204
3458,Mo2CO2,1,81,-2.66468677250006,13.440846376890523,4.956710192833922,1.3566215170170686
3459,Nb4C3,2,113,17.64074633750002,11.588181274804668,-16.638942462530537,-9.485989791479511
3460,Mo2CO2,1,81,-1.1574951825000124,15.555386862899589,3.504397314534314,3.490502041325696
3461,Nb2CO2,3,81,-0.5591389375000597,-1.0245835346907972,1.968023423062702,-0.1565161509246229
3462,As2,0,19,2.0262534300000024,16.961758565951335,5.062609942802732,1.3766765912860084
3463,Nb2CO2,3,81,0.1677311949999582,-0.7249632967582793,1.1390437788693655,0.04378729134088247
3464,As2,0,19,0.0566446199999992,13.468047597508953,3.624330658218588,-0.18940268109110434
3465,Mo2CO2,1,81,0.089665420000002,11.312650355553384,2.1713333058911113,0.03887024805521447
3466,C2H2,4,65,0.0477318400000248,54.7950295176253,5.19039686184578,1.2610748177911129
3467,Mo2CO2,1,81,-1.597516203333294,14.839073642501589,3.964070145695761,1.8173716310752983
3468,Nb2CO2,3,81,-1.7309690100000228,0.6169490597691065,3.018794316256635,-0.49201919813494643
3470,Nb4C3,2,113,-0.1708456350000897,26.45862131045582,1.0880922151239911,1.8713021747899254
3471,As2,0,19,-0.7291101850000019,12.891234024060466,3.7299138542937236,-0.19874880344400847
3472,As2,0,19,1.7466113174999989,13.336923876896973,2.815612434839682,-0.1408358419979847
3473,Nb2CO2,3,81,9.930730203750011,-5.195412019851085,-8.354225059312856,-1.6589966018619897
3474,Nb4C3,2,113,-0.1627472550000313,25.25393886470055,1.0645116478528145,-0.12129748758419723
3475,As2,0,19,4.392987484999997,16.122199142705895,3.2148428010260037,-1.7991758935337292
3476,C2H2,4,65,2.5030878816666617,55.12114409261719,3.297171032962957,-0.5156695479772899
3477,C2H2,4,65,2.4251060275000227,59.37510937573891,3.1152506085473406,-0.5715100157024355
3478,Mo2CO2,1,81,1.3193061575000242,11.135271606375301,0.9522789096132165,0.25887534770322285
3479,Mo2CO2,1,81,-2.5449181050000704,12.72731467584154,4.807784363621286,0.5752752274213351
3480,C2H2,4,65,0.6351701650000421,53.02812240193518,4.332658069036722,-1.3524393472052423
3481,BiITe,3,28,2.211202727500005,14.763417336599623,-0.1141951349808803,2.0164186688826446
3482,Nb2CO2,3,81,5.3411728749999545,-4.122118970784459,-4.065465351971898,-1.0351292501220248
3483,C2H2,4,65,17.378124330000027,39.56307600582049,-11.990894410566433,-11.704602811292752
3486,Nb4C3,2,113,-0.31887904500016,26.14006638223974,1.2323480814203465,1.9686226019764783
3487,Mo2CO2,1,81,1.4065016099999603,11.770231089076374,0.8738621881415192,0.8064440896918121
3488,As2,0,19,5.1162236700000046,14.613599124596352,4.589226229037675,-0.40263050492025165
3489,Nb4C3,2,113,-0.2452420525001051,25.618985745533962,1.1573871108141107,-0.09426020262176177
3490,Mo2CO2,1,81,12.711793427499956,11.920050775177454,-10.297171835931962,-0.4444947290746626
3491,As2,0,19,2.7256574600000043,12.606844587220861,3.3490728567978882,-0.20563316037842228
3492,Nb2CO2,3,81,2.054066172499992,-1.626734565952954,-0.7505348039264852,-1.110703817267753
3493,BiITe,3,28,5.819103499999996,7.5824490976816845,-3.7708551295115114,-1.6853117354227667
3494,As2,0,19,3.089993067500002,10.986690612716469,2.165228219909463,-1.720107781804608
3495,Nb2CO2,3,81,8.324038195000018,-3.2478512996295343,-6.630525477117225,-3.258572585767433
3496,Nb2CO2,3,81,4.718981817500005,-2.5735565375648037,-3.2161490471524097,-3.5762858739854986
3497,Bi2I6,4,33,5.015057070000005,6.293708977159826,3.2548376491238358,1.0087646018037875
3498,Nb2CO2,3,81,2.1760661650000177,-1.299034878442502,-0.8593376128175023,-0.7985171524979833
3499,Nb2CO2,3,81,-2.6796757399999787,1.322672289606302,3.951542975501586,-0.8854919254815887
3500,As2,0,19,2.5195516649999963,13.049462566363935,9.072911589928593,2.0789460436385125
3501,Nb2CO2,3,81,0.9007618999999388,-0.6468240992746377,0.4000664376694337,-1.520190932007792
3502,Mo2CO2,1,81,6.167993474999981,9.580118885636413,-3.8820876369872854,0.5313359012207224
3503,Nb4C3,2,113,1.672121299999942,24.876055783333392,-0.7581035829563832,1.4317978881816171
3504,Mo2CO2,1,81,-1.9736001200000703,12.413698882512277,4.23416730826301,0.6447391218463838
3505,Nb4C3,2,113,6.3018953599998335,20.245930771185062,-5.3580667374997315,-4.688768764184811
3506,C2H2,4,65,1.640125440000021,54.885078582725406,2.9976069068525995,-1.1178862715150153
3507,As2,0,19,0.0577431250000009,13.423093107503254,3.9935022465006504,-0.1660953887685149
3508,Nb4C3,2,113,4.9088108349998025,22.577138363405147,-3.988287549134019,1.593167085532424
3509,As2,0,19,0.5790220600000009,12.81643202884684,2.555478960113626,-0.06494018451680594
3510,Bi2I6,4,33,4.1171428900000056,7.911042954421381,4.041730509098709,-0.8704290132757624
3511,Bi2I6,4,33,1.4243313600000098,8.007071482203767,4.94532949433959,2.0247622997188217
3512,Nb2CO2,3,81,2.5802092900000115,-2.098104909074515,-1.2818225175263585,-1.266653016221732
3513,C2H2,4,65,3.476993660000001,57.680871864291994,1.9538443685898836,-0.6456585922509777
3514,Nb4C3,2,113,-2.971197200000039,28.489234360237667,3.8731998524862044,3.2577063959635804
3515,C2H2,4,65,0.6490541900000393,57.303939838727175,3.7893244619368094,0.34562732728308243
3517,C2H2,4,65,6.849370732500043,59.43640286267411,-0.346081271364179,-1.7622905717232689
3518,Mo2CO2,1,81,4.4923323624999885,9.415819581978365,-2.215048773454782,1.0376425749389764
3519,Nb4C3,2,113,0.8900894349998492,25.887022890032704,0.024122950813545985,2.977481044711048
3520,As2,0,19,2.1972555724999974,13.091210881052248,2.699020901499026,-0.2743571607492039
3521,C2H2,4,65,5.157649050000032,56.67880375202227,0.79972131069231,-1.8628382780578931
3522,Mo2CO2,1,81,3.415194949999943,9.290178814038143,-1.1392795657073407,0.4148588563049884
3523,Nb4C3,2,113,-0.5381346500000781,26.530357753841223,1.4467600540400967,2.9768919106405405
3524,Nb4C3,2,113,3.4262421224999566,24.389996280820355,-2.4718058600513277,1.3859832192969184
3525,Mo2CO2,1,81,-0.1521670875000613,12.415067122086649,2.439219162568217,0.6484258231567996
3526,C2H2,4,65,3.355450832500025,56.86332777772947,2.316456234798864,-2.261409246577784
3527,Nb4C3,2,113,8.126674169999937,18.9801220946485,-7.215307786765277,-2.5279138830329773
3528,C2H2,4,65,8.759771905000013,54.413379111235336,-3.1967228270123424,-1.8767276621411266
3529,Nb4C3,2,113,3.65125304499988,23.026884416344522,-2.726969461040936,-0.8451336824866558
3530,As2,0,19,-0.0098065175000039,14.289469921328942,3.0205662685019976,-0.29125121857889424
3531,Nb2CO2,3,81,9.272604002499984,-4.980433080538517,-7.682296091262903,-3.096475456103092
3532,Nb4C3,2,113,0.2185325649998164,24.978902178245626,0.6804455491282964,-0.13352835452770948
3533,C2H2,4,65,13.069253875000026,41.81412701489255,-7.7417559953359225,-11.848137729548162
3534,C2H2,4,65,6.338757110000044,52.12497592731278,-0.5622944755955439,-2.1168712699019805
3535,Nb4C3,2,113,0.636842814999822,25.452802570742364,0.269876631182429,1.9443143130163318
3536,C2H2,4,65,5.238396269999994,55.44849210687175,1.1329672506222597,-2.5332669644783468
3537,Bi2I6,4,33,0.1429576000000036,5.739210375107826,5.4799022753611215,-1.0978031874125198
3538,As2,0,19,3.652711955000004,13.46301960221028,2.53172738622721,-0.32208181151652404
3539,As2,0,19,3.663604990000005,16.457233493174634,4.106489404683833,-1.699872588470057
3540,Nb4C3,2,113,4.007276654999829,23.31463674628598,-3.061915597082552,-3.7756572174642247
3541,C2H2,4,65,0.5345316650000088,53.596016176389966,4.48502092346282,-1.0292190632747484
3542,Mo2CO2,1,81,-2.797562534999963,12.476939931901413,5.061931625398116,0.7656620496433142
3543,As2,0,19,-0.9198864850000004,12.864463225264894,3.6660749666487638,-0.18497477446044885
3544,Nb4C3,2,113,0.915223875000013,24.9688118712565,-0.011285819961560861,1.958545885131823
3545,Nb4C3,2,113,7.421721154999952,20.57505288267908,-6.418911272835951,-5.864424958380282
3546,Mo2CO2,1,81,1.4728820449999578,11.900857515445193,0.8350079728273943,0.1094980113812678
3547,Mo2CO2,1,81,-4.180992479999971,14.84558077243975,6.478537038842948,1.6278150438071406
3548,C2H2,4,65,1.7107638499999926,53.130389612727875,3.1659392931198194,-2.3274978778625415
3549,Nb4C3,2,113,4.641568342499872,22.577498277373174,-3.702611843400141,1.0444024407337702
3550,Mo2CO2,1,81,1.450091422499972,11.583702662684761,0.8322111955267615,0.5185245067857134
3551,C2H2,4,65,3.299055012500012,56.76581963654784,2.6425208325825884,-1.016325068906669
3552,C2H2,4,65,16.1103054325,28.824835137504785,-11.569702112696124,-12.246171677133992
3553,Nb4C3,2,113,-0.6026974575000983,26.699033822246193,1.5070969716984015,2.7268851654010993
3554,Nb2CO2,3,81,14.655944099999974,-7.859717280643692,-12.868315846698989,-2.3665112564737694
3555,Nb4C3,2,113,2.858201487499999,24.02375143404948,-1.9270880854512522,-2.8600286082809436
3556,BiITe,3,28,2.402635874999993,12.053313630170194,-0.3154594725901214,-0.5687539007797171
3557,As2,0,19,2.3335364825,13.227246267947592,2.18265643055542,-0.0874802834262085
3558,C2H2,4,65,15.520782630000026,27.41745507682014,-10.391085664782436,-11.24097792342654
3559,Nb4C3,2,113,-1.6878567600001722,27.950660155589365,2.6021010144303074,3.2853263679891658
3560,Nb2CO2,3,81,3.18435103,-2.270394427585551,-1.9041504691123456,-0.8008889188448083
3561,C2H2,4,65,18.652046440000014,23.996221067553087,-13.030189353182589,-14.121054091011164
3562,Mo2CO2,1,81,11.615967759999954,9.692910820729214,-9.227736323588415,1.5610825126237433
3564,Nb4C3,2,113,0.2961872599999744,25.065982641529974,0.6111222324291231,0.7058362382172905
3566,BiITe,3,28,1.8564636249999955,12.549667801493332,0.17528578245036242,-1.3585814972381547
3567,As2,0,19,2.997667429999999,14.113705517692871,2.802288335406292,-1.6926424882377107
3568,C2H2,4,65,6.077688385000013,55.78503814443928,-0.5810872802636853,-4.334358899742547
3569,BiITe,3,28,5.936221405000002,7.858026301731159,-3.8115970732078064,-1.2569257061983254
3570,Mo2CO2,1,81,17.481556570000016,12.845138554308253,-14.987707848813697,-6.654633199638688
3571,Nb4C3,2,113,-1.713827630000134,27.65463242939792,2.621222754435559,3.147844096140881
3572,As2,0,19,1.6538338575000004,17.84390243756429,6.497164655403848,1.508029866890665
3573,Nb2CO2,3,81,3.926092970000009,-3.787360377735198,-2.6089483773969615,-1.7931705987714728
3574,Nb2CO2,3,81,1.6704886075000345,-1.6308017289777974,-0.37216092309756865,-0.32095147332950225
3575,Nb4C3,2,113,-3.0374232566667496,29.29219925764331,3.946603659422487,4.101461692284833
3576,C2H2,4,65,2.7016768650000245,54.33730107587726,2.9159709418033612,-0.30350432751426615
3577,As2,0,19,5.828857239999996,8.711580776255701,-0.958412783263749,-1.765099502522376
3578,Mo2CO2,1,81,-1.7671387900000692,15.578938793051828,4.0805758544887984,4.2701867728517335
3579,Nb2CO2,3,81,3.1947360999999703,-1.8061434991775216,-1.8987408248204252,-0.9767069188374542
3580,Nb2CO2,3,81,9.377204334999998,-5.124621983633319,-7.750216758515318,-3.6633387369571926
3581,BiITe,3,28,5.722702230000002,10.167106345312295,-3.644742016974591,-1.2086608062023947
3582,Nb4C3,2,113,5.387510259999832,22.31830283000668,-4.478858629916112,-0.051334500366450264
3584,Bi2I6,4,33,1.5848114700000044,7.3459040909130815,5.985717315387671,2.5519691893577026
3585,As2,0,19,3.4412653299999967,15.876526290890304,4.042772466656294,-1.776661381406857
3586,C2H2,4,65,6.082476377499997,57.13092096645346,0.46183617908467856,-2.2637280623246228
3587,Nb4C3,2,113,1.255118432500021,24.856938299677715,-0.33782353287742184,0.7466863961437777
3588,Nb4C3,2,113,7.939975769999981,20.811644204772158,-7.027120065374533,-2.4199328737292287
3589,As2,0,19,6.007418695000008,8.60708389390787,0.019156314028109023,-3.046571714587207
3590,Nb2CO2,3,81,4.01219840749998,-3.2543614695956222,-2.6814790557314865,-0.8468671232948615
3591,As2,0,19,0.8935620274999979,13.857474934373375,4.365525058223879,0.41600256295410365
3592,Nb2CO2,3,81,4.460972840000012,-3.5668393913992427,-3.1929959599264643,-0.5722925408768833
3594,Bi2I6,4,33,-1.0129066749999869,8.172710224448636,6.753436927456652,2.9156562928944774
3595,Nb2CO2,3,81,6.380987252499987,-4.784784044530322,-5.107390170997709,-0.6155105488561885
3596,As2,0,19,0.841540137500006,12.81153428597208,2.2466378613606715,0.029826601773065287
3597,As2,0,19,2.1104748200000056,13.933441564379065,3.9978291242698107,0.2954524407167507
3598,C2H2,4,65,1.608405947500019,54.420760592010076,3.5584742627406625,-1.9542060293888537
3599,Nb2CO2,3,81,3.560293762500001,-1.5022817140965792,-2.026170341784669,-2.112941949183656
3600,Nb4C3,2,113,5.045486497499862,22.241953484596493,-4.0883152957939295,-4.682297197598536
3601,As2,0,19,2.4842526150000044,14.426984465891922,4.9955388672896275,-0.4012652667613774
3602,BiITe,3,28,-1.961902872500007,16.634207780934556,4.015965397931322,1.1208945272139554
3603,Nb2CO2,3,81,0.2111054249999986,-0.924147207379149,1.0776619922719333,0.05490553494313696
3604,As2,0,19,0.0949386000000052,13.459808345699052,3.4887615800537057,-0.1663681705159557
3605,Mo2CO2,1,81,-0.020441309999982,11.752472814313132,2.286460177492658,0.17878780403888175
3606,C2H2,4,65,0.0568377100000097,54.65661685441243,5.3091520545314435,0.7766327140163071
3607,C2H2,4,65,17.69984399666666,22.8813750407072,-14.336989992760412,-13.585698876681718
3608,Mo2CO2,1,81,6.616451066666603,10.785933691329003,-4.260648689601581,5.428630071944236
3609,Mo2CO2,1,81,12.137130604999928,7.396242274028392,-9.832016097324757,0.31178074397874944
3610,Nb4C3,2,113,0.9045906249999708,25.386492392985055,0.011095465787281045,1.6251069521586392
3611,As2,0,19,-0.3485308950000019,12.682256188477378,2.5349445804807553,-0.21119089277058734
3612,As2,0,19,1.261260357500008,13.571568164228507,3.933719151217846,0.12348317404499509
3613,As2,0,19,-0.6608463299999972,12.78697850035929,3.2736035756995614,-0.08115615718262004
3614,Nb4C3,2,113,-0.1993381150001916,25.517360525075063,1.1117567188972863,0.08938447310871211
3615,As2,0,19,6.062798824999998,8.020545634533693,1.2359267800109883,-1.403622157468667
3616,C2H2,4,65,-0.3124699574999648,59.2776392283333,4.794115859497849,1.1547919096840062
3617,C2H2,4,65,2.434555997500014,55.10186418886067,2.990722070088792,-0.6776085993142842
3618,Mo2CO2,1,81,1.55012407749996,10.862735521295612,0.7159546330560702,0.2149198169499098
3619,Mo2CO2,1,81,-2.696548805000012,12.818496729296072,4.957393671434745,0.639412666719779
3620,C2H2,4,65,0.716243305000043,53.05508848210933,4.348311028686785,-1.6074241381807886
3621,C2H2,4,65,7.813373290000023,56.790531752012505,-0.9592744931555401,-1.053806665040713
3622,Nb2CO2,3,81,3.096967775000022,-1.9828724844981098,-1.7959437354136372,-1.1021079206197324
3623,As2,0,19,3.2503112000000067,15.202494319103998,3.7392332711049328,-1.7886358342341173
3626,Mo2CO2,1,81,-0.2232776600000114,13.14419771411785,2.5348808882511507,1.910130035666312
3627,Nb4C3,2,113,-2.983277143750056,28.58475572041021,3.8852324304118397,3.410172086669469
3628,Nb4C3,2,113,-0.2265127724999891,25.508396012246084,1.1408184594506727,-0.7374615444148872
3629,Nb2CO2,3,81,11.15496891499994,-6.094178694103536,-9.498130339000998,-3.5727847592178756
3630,BiITe,3,28,-2.4577271433333383,17.55776571151215,4.515244512921555,1.141487071082972
3631,Nb2CO2,3,81,3.260386687499956,-2.153959931912696,-1.7722964107818164,-1.2068015158004322
3632,Nb2CO2,3,81,7.545335184999947,-5.409025561281685,-5.952423623669787,-4.720771681734566
3633,Bi2I6,4,33,4.833701370000006,6.260006668330072,4.0662560881781955,1.113953036229649
3634,Nb4C3,2,113,5.129986202499813,21.514133060195498,-4.161883548678504,-5.32862193960105
3635,Nb2CO2,3,81,9.566326864999926,-5.408856400293505,-8.004832951667305,-2.837141760629809
3636,Nb2CO2,3,81,2.561533284999948,-1.4408671784579965,-1.270510745861154,-0.43948931775293865
3637,Nb2CO2,3,81,-1.9116786200000744,0.5471703885191581,3.2064616956506073,-1.1448398552145658
3638,Bi2I6,4,33,-1.271864984999997,8.079025203556718,6.23881766654144,0.6748828237959769
3639,Nb2CO2,3,81,3.8147271099999536,-3.405707321893671,-2.518819851012527,-1.0186562163944033
3640,Nb2CO2,3,81,-2.517860585000073,0.9873832201420816,3.779623680855786,-0.34948864226941767
3641,Mo2CO2,1,81,6.084440264999988,10.76805969685304,-3.7863243757686242,2.1480960509179807
3642,Nb2CO2,3,81,0.0864741900000316,-0.6284162301255606,1.1937189799116708,0.10578901584611912
3643,BiITe,3,28,-1.6277483749999997,17.79251631583913,3.6708349037780756,1.3367445119832353
3644,Nb4C3,2,113,5.707182489999868,20.866032994619275,-4.749437335301178,-4.544541123677033
3645,Mo2CO2,1,81,-1.6943984800000738,12.188203411640698,3.9569391383150965,0.6768462631523362
3646,C2H2,4,65,1.582720840000037,55.02835615076331,3.6214485923221478,-2.180445754550818
3647,Bi2I6,4,33,0.7477710450000137,4.516384660769843,5.221659401624742,1.6434427694175073
3648,Nb4C3,2,113,8.292783674999873,19.4209906882,-7.3645765159575145,-2.3356665943113963
3649,As2,0,19,-0.0952294500000039,13.26229952090251,3.7332891455617307,0.20343937787679428
3650,C2H2,4,65,0.1534829550000429,54.794742702145136,4.927474775611122,0.2552961892870665
3651,Nb4C3,2,113,0.5452489549999262,25.631958991777417,0.36986846773973847,0.1636718019758835
3652,Nb2CO2,3,81,3.7188688699999775,-2.845657843808266,-2.4463756665189393,-1.0841544255216244
3653,C2H2,4,65,3.5282353599999934,58.69639436005209,2.672562158094387,-0.5067227721347995
3654,Nb2CO2,3,81,-2.6996924324999707,1.8073086583783682,4.004031444010184,-0.4863720492352588
3655,Nb4C3,2,113,-2.5040076800001194,27.960206054430458,3.4083058265658748,2.822063309730344
3657,As2,0,19,4.099351500000006,11.600073561543777,2.0588552807515397,-1.3245817169799867
3658,As2,0,19,1.1545287524999988,13.98369235243978,4.5447751924056,0.371745094126283
3659,As2,0,19,1.226264729999997,15.172067865825198,4.677709008352461,1.0519536188210075
3660,Nb4C3,2,113,-1.8744042800001388,27.81295459331394,2.7832175578804894,3.461165555927365
3661,Nb2CO2,3,81,1.8320269599999284,-1.41335455730014,-0.5584795887713925,-0.5450390990024105
3662,Mo2CO2,1,81,0.0832594524999872,12.347294619562186,2.194716345153211,0.6445463606535976
3663,Nb4C3,2,113,9.739419322499884,18.528968789886182,-8.737375161339097,-8.414229771782212
3664,C2H2,4,65,4.848256687500012,59.57336431724039,1.3211420971374395,-0.848171492594413
3665,C2H2,4,65,3.3244060824999906,55.824419245055346,1.8411833295534352,-2.1382094771355087
3666,Nb2CO2,3,81,4.598692200000022,-3.048973104769919,-3.064546566620403,-2.6985393577962453
3667,C2H2,4,65,8.222075755000025,56.88328713715085,-1.7023942615587613,-1.6933979735770928
3668,Nb4C3,2,113,2.8166240300000087,24.659292514596345,-1.8997086927553393,2.5077519173164786
3669,Bi2I6,4,33,1.8954443550000013,4.401381530772704,4.449755388906656,0.06919391792124308
3670,C2H2,4,65,3.701934245000035,55.889626754552374,2.215727779497951,-1.4982794391808416
3671,Nb4C3,2,113,5.1430410549998165,21.88968268971047,-4.186981042818217,-4.809918761845418
3672,Mo2CO2,1,81,1.1337778749999816,11.45839029720054,1.1422732489369896,0.3521284875335877
3673,As2,0,19,0.9761710249999976,15.248317233361819,4.46257948044739,-0.1915067120015439
3674,As2,0,19,2.575118680000001,15.065762222608234,6.424286068280843,0.2172021277748608
3675,Nb2CO2,3,81,4.155286832500005,-1.4849625069384818,-2.587457899102076,-1.3682253796344046
3676,Nb4C3,2,113,1.716336764999964,24.46878667860355,-0.8068354508367559,1.5618033825270952
3677,Mo2CO2,1,81,8.772134334999945,10.99854768200852,-6.391543498792874,2.7325138736182186
3678,Bi2I6,4,33,-1.3751812499999958,5.903079641087846,5.914939137522376,0.3321798366546589
3679,As2,0,19,0.2923429850000079,16.389995411708163,4.657425001933383,1.1791206555308962
3680,Nb4C3,2,113,-1.8298645250000825,27.80734128077808,2.730229520002829,3.1111949515340993
3681,As2,0,19,-0.802208309999997,13.683365231386716,4.98029991550435,0.36071026884704294
3682,As2,0,19,2.5728168249999985,13.341642085624187,3.627820356599936,-0.17363061118875978
3683,C2H2,4,65,0.5262083650000365,53.40956294135576,4.52248529192135,-1.447585944371171
3684,Mo2CO2,1,81,-2.9195793649999704,12.534451025868297,5.183206655725678,0.8354497930852975
3685,As2,0,19,4.100289717500003,16.048959359343257,5.23597600541056,0.884791001494138
3686,C2H2,4,65,5.19829388,59.81265843374104,1.0134096191582236,-0.35417369541951427
3687,As2,0,19,-0.507661974999999,12.618838147892252,2.3732205992675772,-0.4808279707295746
3688,C2H2,4,65,2.320409800000028,56.98967231771644,3.3604711041976647,0.27116319995419547
3689,Mo2CO2,1,81,1.9324734124999936,11.065277187679044,0.34524227048340483,0.3002294785319073
3690,Nb4C3,2,113,8.014023292499889,19.65852818048188,-7.030620881356904,-5.754747140842785
3691,C2H2,4,65,3.3053103525000065,55.18305609240559,2.847285644356683,-0.9491575001237043
3692,As2,0,19,5.728487389999999,10.242036444228518,-0.028825340388589638,-2.32362752926188
3693,Nb4C3,2,113,0.5620883949998792,25.096660231709105,0.34640746827882773,0.2900430512027169
3694,Nb4C3,2,113,2.3289477074999088,24.567789709085375,-1.383173947022207,-2.3073300962506207
3695,BiITe,3,28,3.2482491950000068,13.47552003266367,-1.172396959841722,-0.6761914312645536
3696,As2,0,19,1.7321717625000077,13.237296990043124,2.6701607818267745,0.051946333533724465
3697,Nb4C3,2,113,-0.7796724700001638,27.09363858531592,1.6955767535237234,2.6589564942387502
3698,Nb2CO2,3,81,2.1435812600000035,-1.348110505694482,-0.8239542531513504,-0.9680973974410028
3699,As2,0,19,2.3803261950000074,14.600828246833489,6.07245444909891,0.04189149197102138
3701,Nb4C3,2,113,0.1960516799998324,25.154145158379073,0.7132683565703987,0.6829628517715095
3702,Nb2CO2,3,81,6.885757609999992,-4.946711783405957,-5.605223223365165,-0.2905793237654537
3703,Nb4C3,2,113,-2.6860076600000244,28.543376129238304,3.5944538527414185,4.160298785933354
3704,As2,0,19,4.069363333333333,12.490502618204752,1.4931036059570308,-1.1453478113301596
3705,Nb4C3,2,113,5.36513313999996,21.908079292861366,-4.418703966848308,-4.957338426025961
3706,Nb4C3,2,113,-3.892061200000023,29.88304961349286,4.792260335144575,3.25408542777814
3707,Nb2CO2,3,81,-2.279749375000043,0.9702567869568299,3.5389280929311546,-0.5471815452829567
3708,Nb4C3,2,113,-0.1592081062500794,25.75104439978849,1.0650084488098939,0.10990211094470015
3709,Nb4C3,2,113,-1.9866184366668107,28.205535011780743,2.8950603776102106,3.3191587103331925
3710,BiITe,3,28,3.3116107925000047,9.986441597916459,-1.2522138897798714,-2.0630974515499925
3711,Bi2I6,4,33,-5.409399529999988,8.985670467919604,9.585167547768847,2.6007823355063766
3712,C2H2,4,65,2.764921090000035,55.496605971462365,3.166478652762213,0.06554820041541065
3714,Mo2CO2,1,81,1.065823470000003,11.933225080923663,1.2225585039023812,0.8707664862835662
3715,Nb4C3,2,113,18.27010967999997,10.594871653414746,-17.25946552227241,-9.248188204271615
3716,As2,0,19,-0.000598606666665,15.558365203142902,5.658980307182412,0.6187149854508447
3717,BiITe,3,28,0.7476198199999962,15.167239077527064,1.2960261182375121,-0.29706167415903345
3718,Mo2CO2,1,81,2.4647409333332804,10.580059507137097,-0.1822649055266803,0.01622793937281486
3719,C2H2,4,65,2.5436459633333244,57.911500508326014,3.6670594361799203,-0.20419103429940932
3720,C2H2,4,65,2.737853975000008,56.76619087566731,2.578955122925814,0.04707998941140934
3721,Nb2CO2,3,81,-0.4211308150000015,-0.39984258130126804,1.6975182283427952,-0.5765484185510239
3722,As2,0,19,0.0076036100000091,15.242590621669098,5.242552633642162,1.1094775950501414
3723,Nb2CO2,3,81,2.501367325000017,-2.38651688338523,-1.2016104801615566,-0.760974719536353
3724,Nb2CO2,3,81,1.0906704862499654,-1.5891634026750345,0.21286338571862173,-0.46517004565243125
3726,Mo2CO2,1,81,0.9139129799999276,10.725441090027742,1.3537441410226148,0.18146482284888832
3728,C2H2,4,65,1.067675029999996,58.50791573944987,4.154863282276208,0.3859723848432455
3729,As2,0,19,0.2753131500000088,13.816450346398916,4.424835114567049,0.5323400784418654
3730,Nb4C3,2,113,1.1918518449999436,25.089993247773492,-0.28195586861546273,1.6703921252352454
3731,C2H2,4,65,16.724132174999994,41.069531247266646,-11.043993587048334,-11.328897113354486
3732,Mo2CO2,1,81,2.4205050125000165,11.020238115958641,-0.1361765518066571,0.32644235548602696
3733,C2H2,4,65,2.7481738525000177,59.88932436730793,2.664572656416201,0.6411769591404037
3734,C2H2,4,65,14.057352872500038,31.57410668153642,-9.184302262275633,-11.690795274386025
3735,Nb4C3,2,113,0.5566660225000164,25.53496682051756,0.35325792833107894,1.1411833306544839
3736,Mo2CO2,1,81,0.0449974199999454,13.28622352472255,2.282594078692885,1.857992643031569
3737,C2H2,4,65,2.760320150000028,55.00548414077146,3.2438985078114544,-0.5267993242960891
3738,Nb2CO2,3,81,8.526915969999989,-3.5901139006538783,-6.955869776559234,-2.4917896017952357
3739,As2,0,19,-0.3117803249999973,15.575756422106931,7.132875314776609,1.4998248730346653
3740,Nb4C3,2,113,-0.6494771225000857,26.699230947369877,1.5591478330637454,0.6155418537800946
3741,Nb2CO2,3,81,-1.9181097400000613,0.8087348194729209,3.187541609189006,-0.41641560675592015
3742,C2H2,4,65,6.766810945000047,58.024757493212036,-0.16248509419540014,-2.2082208507515926
3743,Mo2CO2,1,81,3.3971627049999285,10.695570996070222,-1.1034305387096452,1.2200048473122864
3744,Nb4C3,2,113,-1.2068427750000068,25.89896491652019,2.116617078436286,-0.9108212442667574
3745,Nb4C3,2,113,-4.472159825000176,30.139550012581555,5.365919035904615,3.084103467298557
3746,Nb4C3,2,113,2.4735656649998616,23.994397235797667,-1.5548489164443602,0.12255810984653337
3747,Nb4C3,2,113,-0.9160378100001334,25.938886575055474,1.8298283538742384,-0.5048007844365121
3749,As2,0,19,2.2080468250000025,13.848377951713053,9.359090257417805,-0.030157040822857972
3750,Mo2CO2,1,81,1.1254452949999385,12.798043321943421,1.1764189316592006,1.566708317772685
3751,C2H2,4,65,4.802225134999991,55.37839823739584,1.0360915042644336,-1.8400732102309072
3752,As2,0,19,2.914515575000008,13.850036541394035,2.4634706971760987,0.0879098572051924
3753,As2,0,19,0.7118040850000034,15.613173153972976,5.611831413682655,1.199270513630266
3754,Nb2CO2,3,81,2.3413529324999534,-1.700826677528131,-1.0625654387942038,-0.476470781214146
3755,C2H2,4,65,8.38804751000003,55.19968703030352,-2.5527461902419324,-2.7219818170984187
3756,Bi2I6,4,33,-0.0775026449999893,5.077721513255605,6.385690844996938,2.60227735533731
3757,Mo2CO2,1,81,4.52436986000003,11.431312576625132,-2.2250903291569313,0.923984543177867
3758,Nb4C3,2,113,1.5327205149998409,24.21359575900732,-0.6256137975722692,0.14010601354935348
3759,C2H2,4,65,0.7428550300000165,53.6166700147591,4.232639235556319,-1.5527100937563234
3760,Nb2CO2,3,81,4.642627059999942,-3.1168197190601026,-3.332711080296675,-0.9886414801913888
3761,As2,0,19,2.6222340150000067,15.527001074619946,5.21041394439127,0.3745445526320328
3762,As2,0,19,4.768438150000003,14.565113574751786,4.927727967986041,0.204638034590654
3763,C2H2,4,65,1.4680952350000327,54.021690913071254,3.8506105224589717,-0.64655742244917
3764,C2H2,4,65,17.009163710000028,39.22005071985532,-11.418280613940865,-10.951090984068223
3765,Mo2CO2,1,81,-2.121901895000053,13.633606021993867,4.4230167720650755,1.5288040492867556
3766,C2H2,4,65,4.682573044999996,60.141172682539064,-0.031211380863745752,-1.7590976205513473
3767,Mo2CO2,1,81,1.781292114999955,11.524116998566125,0.5034732080031783,0.6894366002608687
3768,Nb4C3,2,113,-0.0059199000001513,26.20816116180028,0.9148533011079394,2.817346301138457
3769,Mo2CO2,1,81,1.89051867499998,12.08932668988853,0.3858478767171425,2.393016964445007
3770,C2H2,4,65,6.735191675000037,57.488179194954384,-0.8238846579915728,-2.48990115719303
3771,C2H2,4,65,14.129624562499998,44.34527441160075,-8.886677341697691,-12.580266512471516
3772,Nb4C3,2,113,0.4466082824998234,25.50484333696632,0.4673944539096819,0.4493102457391089
3773,Nb4C3,2,113,9.5196215599999,18.709154735979915,-8.516453811548667,-6.672934799415387
3774,C2H2,4,65,0.6400696000000279,60.55394590292966,3.7504778344889047,0.2701612750152309
3775,Mo2CO2,1,81,1.1350976399999937,10.271429243443203,1.1278940267938296,-0.08811268929859795
3776,BiITe,3,28,-2.806442235,17.588292334563597,4.860861037261353,1.2964241247247315
3777,Nb2CO2,3,81,0.7680610900000054,-1.1047805234665988,0.5159457837665758,-0.269891985741786
3779,Nb4C3,2,113,0.1422297924998847,26.459190292135535,0.7611850927031589,3.8784423698739756
3780,As2,0,19,-0.3345442099999945,14.168404925230302,4.2590281450382435,0.10759658452188578
3781,Nb2CO2,3,81,1.0262126249999728,-0.8807875834833508,0.33817091356407336,-1.8802650891672497
3782,Nb4C3,2,113,-0.8739082000000441,25.611743130419967,1.7733566742482945,-0.8766396858947313
3783,As2,0,19,0.4326012149999974,14.908455926621912,6.349691468919273,0.8476540232151313
3784,C2H2,4,65,1.6020596000000191,53.74323948498127,2.873383087670371,-0.8823705486897978
3785,Nb4C3,2,113,-0.2437952200000939,24.941469017607517,1.1411313453739342,-0.9178662459626339
3786,Nb2CO2,3,81,1.14209788499999,-1.0882992094628807,0.22936763903768886,0.5583162162827655
3787,BiITe,3,28,-3.455133644999995,18.88056902911458,5.49158637549672,2.1080410165209913
3788,Nb2CO2,3,81,5.499838394999935,-2.5274767906272753,-3.928539716283912,-2.1932098498746098
3789,C2H2,4,65,2.776956875000012,57.32026958577473,2.528791667149849,-1.4035257089869304
3790,Nb2CO2,3,81,2.864323944999999,-2.4558847856066883,-1.5652631234667957,-0.8663276147387684
3791,Mo2CO2,1,81,-2.646471190000028,12.747078426226429,4.911732601666898,0.7017543390834835
3792,Nb2CO2,3,81,2.4144292050000127,-1.9057981345450972,-1.117687838613599,-0.9314171645438767
3793,As2,0,19,0.7438911450000076,14.29862143078531,5.732163205535068,0.3204620031424892
3794,Nb2CO2,3,81,2.3517211299999743,-2.058366380320409,-0.9979705037538398,-1.793932797696609
3795,C2H2,4,65,1.857278067500017,54.77196578320799,3.091301084925113,-1.8068967249300298
3796,Mo2CO2,1,81,-2.3894473025000185,12.938848903655618,4.673360199610004,1.3086695779160749
3797,Nb2CO2,3,81,4.629026405000005,-3.0224829435182743,-3.3054331064058475,-0.5985923528505497
3798,Nb2CO2,3,81,2.7846269024999954,-2.4743442747585,-1.479525031009517,-0.43708453710794615
3799,As2,0,19,-0.5451566925000029,14.065367276504723,5.967512185409752,0.718319232300011
3800,Nb2CO2,3,81,1.2129801650000367,-1.1748606502168133,0.06913585075211981,-1.3582056104295208
3801,BiITe,3,28,0.0694819124999948,15.920064386480718,1.9821417498128309,0.6263941295481416
3802,As2,0,19,1.0154390699999958,14.747696522142745,4.292754693097131,1.081477367149052
3803,BiITe,3,28,0.7980361900000039,15.146291760477595,1.243286438657019,-0.5387674690552815
3804,As2,0,19,5.2350973,13.718256899727375,2.0105450441569017,-0.16159650781453383
3805,As2,0,19,-0.2352794737499945,13.727449807612299,5.424379421361485,0.16360361684183206
3806,C2H2,4,65,3.0643494950000147,58.763753252599265,2.627852516744167,-0.6305097764992418
3807,Mo2CO2,1,81,2.286478455000036,9.94255310780514,-0.019416267805211884,0.2283140667946011
3808,Mo2CO2,1,81,13.167836070000016,4.232867360175765,-10.85436936213462,-1.0305683214852053
3809,Mo2CO2,1,81,2.192961890000028,13.083989264073052,0.10428416878191404,1.3243871147454556
3810,C2H2,4,65,6.8545183700000285,56.44501801712562,-0.7062444251452922,-3.4620930713092326
3811,Nb2CO2,3,81,2.46448022333326,-1.6683315655344928,-1.165371877029956,-0.8929029127711261
3812,C2H2,4,65,1.941709005000032,53.096406814295214,3.384455439287586,-1.194751504224377
3813,Mo2CO2,1,81,-0.8497646850000002,11.985505600934244,3.120563209220785,0.536761621798096
3814,Nb2CO2,3,81,0.2780932337500106,-0.5079453140951644,0.9925376027368058,-0.29067680740927165
3815,Nb4C3,2,113,0.1545811874998448,25.798122924235184,0.7508539375332158,1.4792182064719162
3816,Nb4C3,2,113,-0.9843454049999908,25.888496049938144,1.891149450041393,-0.896376323007008
3817,Mo2CO2,1,81,19.228433105000036,7.35445136562171,-16.832283787576532,-5.0989521072786825
3818,As2,0,19,0.8639344849999979,12.945014985520022,3.06817105622925,-0.07650300649963171
3819,As2,0,19,0.2054838066666684,12.771453646285398,2.88200393067108,0.20711877690063304
3820,As2,0,19,0.1703957100000002,15.654442928305663,5.593893271755574,0.23246417648732481
3821,Nb2CO2,3,81,0.6660321749999474,-0.3982661364231855,0.63128405831711,-0.5857209958388756
3822,As2,0,19,10.675967190000009,9.171970711814769,5.847105847465404,-5.708641820483
3823,As2,0,19,2.630086725,13.899774725195313,2.5301282554433184,0.13167192037556985
3825,C2H2,4,65,4.3461401449999935,58.59143487737956,1.1816079231737326,-1.8741753883522478
3826,Nb4C3,2,113,-0.0030449899999931,25.14876769711262,0.8999357892045016,0.5101646058726942
3827,C2H2,4,65,1.0246329366666822,56.59337853794269,4.320585523098434,-2.0462294478717196
3828,As2,0,19,4.391438297500004,9.11772651268066,1.0112507620753943,-1.5157126308180788
3829,Mo2CO2,1,81,17.789472867499995,7.265374214002282,-15.355800200950313,-5.085686971198726
3830,Nb2CO2,3,81,1.0554556299999502,-1.2865042537207552,0.3352610419437143,-0.0884107599412548
3831,Nb4C3,2,113,-0.5133965524999822,26.23047825822915,1.4315945022273584,-0.3985136635136083
3832,Mo2CO2,1,81,1.8802673975000364,10.319360478781702,0.38419086144670045,-0.34024152749474657
3833,Nb2CO2,3,81,-2.3716224575000604,1.329854343727986,3.77123297690924,-0.27362412771010414
3834,C2H2,4,65,13.429445830000004,34.43148016232991,-8.11500708958761,-10.212678836795252
3835,C2H2,4,65,0.7271392300000364,54.06176305271481,4.618541324707809,0.2830262229571169
3836,Nb4C3,2,113,1.1542821299999968,24.928915145797532,-0.25062815069854416,1.746068758570153
3837,Mo2CO2,1,81,0.3599266699999951,11.16167055646078,1.918421696419479,0.5792498894482471
3838,As2,0,19,1.6485726850000004,13.2174154106014,3.216530400835774,0.07936906648010211
3839,C2H2,4,65,3.0065703949999927,54.42210430287599,1.661872927181709,-1.4672701519401985
3840,Bi2I6,4,33,-3.2310239499999933,7.34595394394734,7.4649177418345065,2.121472361305739
3841,Nb2CO2,3,81,4.7303168049999424,-3.4530026983766104,-3.418840892270043,-0.7465871246207105
3842,As2,0,19,0.9789370474999988,13.506073417486167,4.16086302421631,0.3992407145315564
3844,C2H2,4,65,6.176662870000032,55.58471955085772,0.15406931663530266,-0.8730002519987305
3846,Bi2I6,4,33,0.4477536800000044,8.353478340060217,6.79552867785166,0.22827651873300747
3847,Nb2CO2,3,81,0.0102294549999557,-0.6683995192903203,1.279899332358646,-0.8023355271079065
3848,As2,0,19,1.3506503424999978,14.373246319894207,4.060310172840171,0.5775523660622173
3849,BiITe,3,28,7.0075919900000025,8.633016837273047,-4.927905666198326,-0.8800095988968941
3850,As2,0,19,1.9557382849999991,14.362548292860517,4.906718275134889,0.14500779031229727
3851,Mo2CO2,1,81,7.024581599999968,9.413045874466992,-4.741594164341196,-0.09106541551103575
3852,C2H2,4,65,8.286869160000029,54.75103685094561,-2.3357563333347864,-1.5057606216902952
3853,As2,0,19,5.461169060000008,13.048335258237298,3.2288065990525228,-0.016756351717536866
3854,Hf2Te6,1,73,4.058104284999988,-27.40769498387796,-1.1958172404748417,-0.20654186447284806
3855,Cr2I6,4,33,3.596986067500012,0.3099630552467736,7.670448012941781,-0.2906399689180623
3856,Cr2I6,4,33,1.36160213250001,0.3844865312369692,9.087021246571544,-0.4919686565605773
3857,Cr2I6,4,33,0.9477352050000007,1.0062219553139233,8.402574087475381,-2.3757307278169764
3858,Ge2H2,1,37,5.166136155000002,5.736215224394529,-2.591800341477663,-3.624936947694094
3859,Hf2Te6,1,73,2.6819669099999683,-26.692447711264414,0.17300124045677823,0.10844662861494037
3860,Ge2H2,1,37,5.870392780000001,4.821436901396483,-3.291345417990317,-4.184308430049847
3861,HfSe2,3,28,3.1700415925000125,-0.7070354139620081,-1.6291133479092532,-0.28614659267803155
3862,HfS2,4,28,0.0021058249999974,0.28363164975942234,2.6917770377268497,-0.312191598468015
3863,HfSe2,3,28,1.3794149975000067,0.8926175018133478,0.1806425233663873,-0.4144839068271958
3864,Ge2,2,19,1.2811216850000005,0.8348070443752031,1.2433279018682857,0.8556368014298497
3865,Cr2I6,4,33,2.5245577799999954,-0.027086606395665846,8.345934320715642,-0.425441573830867
3866,Hf2Te6,1,73,3.068107644999975,-26.94119862743711,-0.20764482049639454,0.0285223719627119
3867,Ge2H2,1,37,14.64931281000002,1.8629326861140747,-12.081277843213316,-6.469556009666361
3868,HfS2,4,28,7.422942794999992,-0.11682478352538261,0.4105378015423664,-0.9831217106595789
3869,Cr2I6,4,33,2.73738638500002,0.649008830988139,7.32008194983376,0.24072639207415802
3870,Ge2H2,1,37,3.396930295000021,7.85941195709552,-0.8283349650795704,-1.8755678313668016
3871,HfSe2,3,28,1.5527334650000089,0.2543930570642001,-0.125983043475961,-0.4497738321264737
3872,Hf2Te6,1,73,5.8176138949999805,-27.97141446199115,-2.949204022944927,-0.09855442768430667
3873,Ge2,2,19,-0.2645898249999963,2.5548712002492233,2.8746023960169436,3.740133165047197
3874,Ge2H2,1,37,2.089298012500023,8.589247621451799,0.5006995174834974,-0.6872683789779894
3875,Hf2Te6,1,73,1.437940647500001,-27.431663165785114,1.417906552257893,1.1063439346380606
3876,Cr2I6,4,33,2.329643914999997,-0.8048143683894826,6.684298008777265,0.9727391899601265
3877,Cr2I6,4,33,2.7826235400000154,0.7480602953474782,10.833324858907964,-1.176713834837967
3878,Cr2I6,4,33,-0.2849726650000006,0.10814364481770897,8.760515329527895,2.087979631908773
3880,Hf2Te6,1,73,2.3419156699999784,-24.76595050390806,0.5295760006085422,-0.07840035653358823
3881,Hf2Te6,1,73,1.1068664024999948,-27.95734004484924,1.753618753877162,0.8336123197544405
3882,Ge2H2,1,37,2.9451882099999978,7.436853403260907,-0.3602036690606667,-1.1974323646122211
3883,HfSe2,3,28,2.3024682350000094,-0.12323913445476187,-0.7470143384774874,-0.6326592909336439
3884,HfSe2,3,28,3.9906704200000096,-0.8969445400129286,-2.4232460431943865,-0.11800994204387338
3885,Cr2I6,4,33,2.034696367500006,-0.20721859446940694,7.527070018532099,-1.1082888316291357
3886,HfS2,4,28,0.4783308049999837,0.4419312933123942,2.3176402706937824,0.2924306053953206
3887,V2CO2,3,81,-0.9204415899999638,29.608249388385584,2.872224690763921,1.7137180986491543
3888,Ge2H2,1,37,1.7156477200000246,7.627720651327694,0.8713344904771687,-2.810999892851587
3889,Cr2I6,4,33,2.7389945699999974,2.4426865066855905,9.06754599866964,-0.48520748955311843
3890,Hf2Te6,1,73,1.9658573524999816,-27.507006730322857,0.9027376913181742,0.38303175997255257
3891,Cr2I6,4,33,0.9637068250000058,2.9193196954111675,10.13734979051157,-0.4095678864140887
3892,Cr2I6,4,33,-1.1440479149999954,1.9003726830664016,11.220780669707331,2.4064084480785066
3893,PbI2,2,28,1.8571895549999908,1.1566773463977142,-0.0747786552019154,-0.7264194677578644
3894,Cr2I6,4,33,0.1756363150000046,0.4283094171166946,8.961827572532549,0.016854977953486616
3895,HfS2,4,28,0.4259383874999807,0.3027864498031809,2.5279236438008823,-0.2480201917754934
3896,HfSe2,3,28,-0.4349216149999728,2.1342126853023,1.9215253518774142,-0.6257044149682889
3897,Hf2Te6,1,73,7.317589374999986,-29.236529680709825,-4.4467592364756126,0.36928342519125756
3898,HfSe2,3,28,2.5701605950000035,-0.6600718174578892,-1.0495189899406976,-0.7694472942950474
3899,Ge2,2,19,-1.344890000000006,1.9036275164032042,3.8957393582407693,0.4936035887146055
3900,Hf2Te6,1,73,1.074309370000001,-29.168214421549276,1.7859401493481435,0.0814003337633249
3901,HfSe2,3,28,1.7162875500000052,-0.17353293962046834,-0.18066169487203476,-0.22204865680898545
3902,Ge2,2,19,-0.022640974999998,1.6304591016784649,2.5759085731521587,1.6976503051137268
3903,Cr2I6,4,33,-0.7531851300000045,-0.2053507001798457,9.58824254755168,-0.42121877586852574
3904,Hf2Te6,1,73,4.210154540000003,-27.138072258887334,-1.3420712219254587,-0.2604555355088327
3905,V2CO2,3,81,7.099883079999984,14.95170648845603,-5.018201590055526,3.459181785112321
3906,V2CO2,3,81,-0.4266925449999883,29.61798896350788,2.384792029443653,0.9275623754494106
3907,Cr2I6,4,33,2.070482600000012,-1.0952104213501097,6.939421069357287,-1.05573653009187
3908,V2CO2,3,81,-0.4932639549999634,29.140214756213545,2.4435493102500043,0.9164699267177978
3909,Cr2I6,4,33,3.8877576025000113,-0.8831942708960074,8.465191142591745,0.09198627554666006
3910,Cr2I6,4,33,3.7429993600000175,0.718217884466128,6.703592374886152,-1.6965930114536714
3911,Hf2Te6,1,73,1.939475263333327,-25.655882323956497,0.9192595033089255,-0.13722022888661067
3912,HfS2,4,28,1.6924968449999809,0.05685890826285678,2.569989135987568,-0.5582613437106132
3913,HfSe2,3,28,-0.7899339474999829,0.9793457068765088,2.2558310705188838,0.00830001411476966
3914,PbI2,2,28,-1.2307151933333336,4.2023421108544925,3.0444041073144534,0.36940717496683784
3915,PbI2,2,28,7.1966988300000025,-6.6251171484305855,-5.402596320183515,-4.288772826861779
3917,Ge2H2,1,37,5.266401527500007,8.594369015916335,-2.7295457901317417,0.19354160807941945
3919,V2CO2,3,81,0.0864269900000014,29.45616803887726,1.9051299723311346,1.8521694573088567
3920,Ge2H2,1,37,-0.1319372899999951,9.436473394202265,2.697136585679723,-0.39436854445231606
3921,Ge2,2,19,-0.3652850849999965,2.374757018046973,2.9114058875614384,2.6691982809279344
3922,HfSe2,3,28,0.4730731900000036,0.8726871554589808,0.9587065125044723,-0.03966965828969676
3923,Ge2,2,19,1.2979897799999949,0.4613839643288218,1.271113699385381,0.3551555332629446
3924,Ge2,2,19,-0.0962175725000076,1.73116828979025,2.676828721970019,1.3369567988412552
3925,Cr2I6,4,33,2.117542185000003,0.9309537434464485,10.86825680970011,-0.958937602849226
3926,V2CO2,3,81,2.7913946749999674,26.35586225566918,-0.82980370941108,0.9623444435760824
3927,HfSe2,3,28,4.768291177500017,-2.043791713464983,-3.2640900037176683,-0.2667382778214691
3928,Cr2I6,4,33,1.3635430600000131,0.013822688087552049,7.571219854975472,1.0479443603999707
3929,Ge2H2,1,37,8.821247853333352,4.018935086831849,-6.248273012533385,-6.7047415946867055
3930,HfS2,4,28,3.940964929999982,-0.1634377566397931,0.894081520297056,-0.5533529050569483
3931,Cr2I6,4,33,4.047038650000017,0.3610642597239009,8.196151201442955,-0.21448407121888913
3932,V2CO2,3,81,5.2116521149999455,19.36917075016831,-3.096564367426093,0.21414344011480058
3933,Ge2,2,19,0.2335226750000014,2.048124689298501,2.333718516864012,1.930998860237629
3934,Hf2Te6,1,73,-0.2389626700000338,-25.841166714994472,3.0887487131671483,1.2717338997439913
3935,HfSe2,3,28,1.1030382200000226,0.5454522883973976,0.3499277945441466,-0.08140324393089005
3936,Ge2,2,19,-0.4709044350000025,1.917381450813194,2.970130766710818,0.6234780205102564
3937,V2CO2,3,81,0.8747730149999393,27.83993277011562,1.1137012348398434,0.912568500223246
3938,Cr2I6,4,33,0.9285561800000076,0.3045094251635666,8.972481036186515,0.5117135683698452
3939,Cr2I6,4,33,6.0903694949999965,-0.5379437925870736,7.985674627378034,-0.8306766671394819
3940,HfS2,4,28,7.3496320099999854,-0.421571796275213,0.3011624166001532,-0.5161125512292335
3941,V2CO2,3,81,4.282174124999997,26.418779994364424,-2.309916034027097,1.2099019540507028
3942,Ge2H2,1,37,5.944124455000006,4.136664316311435,-3.3773400333971213,-4.442078505699876
3943,Cr2I6,4,33,1.901639353750011,-0.4590896482446398,7.351224093121428,1.1281132981003714
3944,HfS2,4,28,0.9532131049999948,0.11120612482534287,2.2332330848803763,-0.19006463825398245
3946,Ge2,2,19,1.4200147950000033,-0.09996089968546884,1.132282201116635,0.4314919547889169
3947,Hf2Te6,1,73,1.4962209050000048,-28.54355056923035,1.3548720693448844,1.0707425292193555
3948,Ge2H2,1,37,6.595966630000013,3.8506967496691766,-4.0366557566505055,-5.280473920522271
3949,V2CO2,3,81,-2.850572425000049,30.973262307914275,4.797732271623787,1.041630027564543
3950,HfS2,4,28,0.7737629374999828,0.3621011613667977,2.958378477778134,0.04396049567669358
3951,Hf2Te6,1,73,-0.0026448500000002,-26.758799957052613,2.8636594545684817,0.5079330138209027
3952,Hf2Te6,1,73,1.9803051199999744,-29.461450581400324,0.8793001923474377,3.055346881698837
3953,Ge2,2,19,1.1085938549999923,1.1020478072797724,1.3826423548693925,1.0002791149452797
3954,Cr2I6,4,33,2.9789051700000098,-1.3040979393684993,5.67645862814147,-0.24898963057638523
3955,Ge2,2,19,1.9411228600000048,0.25223238241129065,0.6259175039475455,0.6400697923844352
3956,V2CO2,3,81,2.1913706525000274,26.568035834646988,-0.2256414556336741,0.9026489194400766
3957,HfS2,4,28,0.8981357649999877,0.5442379875940064,2.81516414522747,-0.07693388422707914
3958,Cr2I6,4,33,-1.4407954299999797,0.964886196906718,10.408598669822368,-0.4667642032550252
3959,Ge2H2,1,37,8.759695379999998,2.49891105386841,-6.197866885928038,-6.182020236122334
3961,Cr2I6,4,33,2.215030145000004,0.611975559243974,6.888553866395769,-0.44096087550181484
3962,Ge2,2,19,-0.6677756300000073,1.057034571014615,3.2035663118389968,0.5603452514040194
3963,V2CO2,3,81,2.8676571649999385,21.868932743599913,-0.6683267556320591,3.809528847268128
3964,Hf2Te6,1,73,9.346452199999971,-29.274982972527027,-6.4947308337534295,-1.8130902882262898
3965,Hf2Te6,1,73,1.2421699825000014,-24.313012487001345,1.6237188514996324,1.8268031613954658
3966,V2CO2,3,81,0.2660037799999693,28.330817766554595,1.6876321112786155,0.5472646033440451
3967,HfS2,4,28,0.680873719999996,-0.1220320146777304,2.8960280337434936,-0.036745357662247846
3968,HfS2,4,28,1.2532152600000028,-0.0024551815698270474,1.4378307395269747,-0.664411452105614
3969,Ge2,2,19,0.4887258099999965,1.7643826516979,2.0139266761653682,1.1044511906815628
3970,Ge2,2,19,0.0379073750000023,1.157672273017881,2.5473847259063698,0.15347892731221288
3971,HfSe2,3,28,1.2314932350000245,0.7312300201574462,0.3469568487325805,0.10035463137621647
3972,Hf2Te6,1,73,5.495959354999996,-26.898643010420937,-2.629230016036169,0.07020879431234128
3973,HfS2,4,28,4.763791487499988,-0.7515456734944541,1.2202105463694375,-1.06442626901956
3974,Cr2I6,4,33,2.595618185,-1.0079195664290366,6.902520083788656,0.1856853002345784
3975,Cr2I6,4,33,2.9877472300000067,-0.2189633427726303,8.23515137248565,-0.8691097476747709
3976,V2CO2,3,81,-0.7444062362500601,28.85478466057664,2.6908915172406607,0.85373347306138
3977,Ge2H2,1,37,-0.6797534099999747,9.07700612860756,3.2560548654977164,-0.06690650465253178
3979,Hf2Te6,1,73,5.365871777499963,-23.283487111692878,-2.5014727417282754,-0.3752601448349653
3980,Hf2Te6,1,73,2.306200344999949,-27.499717791517895,0.5598689718640646,0.4718983971672057
3981,Hf2Te6,1,73,1.3034089749999795,-28.080050423338804,1.553706770544454,-0.029536043201680462
3982,Ge2H2,1,37,2.7032164250000026,8.07399921475016,-0.09888048114217396,-0.7160794649704005
3983,Hf2Te6,1,73,1.1329752074999837,-28.65050095988544,1.7270362111604982,0.508738689887203
3984,Cr2I6,4,33,2.8704261850000137,0.766688578259874,6.747429602277208,0.3271290391007349
3985,HfSe2,3,28,2.2315719300000163,-0.003420767534602742,-0.7471677237240764,-0.13954895471416817
3986,HfSe2,3,28,4.474019457500017,-1.22064301331921,-2.9762500222532315,0.1224961980175614
3987,Ge2H2,1,37,-0.5446588249999932,9.24470905979461,3.1243443143366427,-0.621882195075487
3988,Cr2I6,4,33,-0.0779958549999939,0.8510293149812764,8.478522219644363,0.4994370523953186
3989,HfSe2,3,28,2.46798224250002,-0.21843309203310124,-0.8874990045976967,-0.21865196028871647
3990,Hf2Te6,1,73,7.052976940000002,-27.677211695833947,-4.192752136711224,-0.3715349971492534
3991,V2CO2,3,81,1.8276121199999744,26.462831220937325,0.157342316620102,0.8172833541160329
3992,Cr2I6,4,33,1.491376062499996,-0.6386290989990195,7.3900580999577885,0.16392729653168114
3993,Hf2Te6,1,73,1.0301108749999517,-25.978139201034498,1.825613539189705,0.6031231490478999
3994,Cr2I6,4,33,1.1922709424999938,0.8658764879199281,9.756075314709785,-0.35678933855966577
3995,HfSe2,3,28,-0.7179287249999753,2.013274309551469,2.170773146068803,-0.4340751195790855
3996,Ge2,2,19,2.3299159724999985,-0.3693308154234807,0.2056372046977759,-0.02180875534708493
3997,HfS2,4,28,1.599903284999984,0.3451616173056191,1.9068347419368652,-0.3510849669508709
3998,Hf2Te6,1,73,2.9911780349999866,-24.216599384207548,-0.13086398368976537,-0.12312706237934057
3999,HfSe2,3,28,-1.3704882749999854,2.890661625969936,2.909751364497869,0.1876406162068538
4000,V2CO2,3,81,6.273229800000014,24.623522676692186,-4.321231526468418,-0.39256147775473416
4001,Hf2Te6,1,73,1.1142732574999754,-26.18683189893369,1.741670899146753,1.6499530201692956
4002,Hf2Te6,1,73,1.5588159450000003,-24.89540059249654,1.2975538682832843,0.4688437890901691
4003,V2CO2,3,81,0.3048439025000196,28.817479292639547,1.6486471892281909,1.1728713115935065
4004,Cr2I6,4,33,1.07352900000001,-0.45777328304037457,7.344041352554312,2.28659169384256
4005,Cr2I6,4,33,2.21351757000002,0.630471484361959,9.635024126866334,-0.040541870893167964
4006,Ge2H2,1,37,0.0350663100000039,9.881982700594683,2.5367474323197388,-0.07764810664612207
4007,HfS2,4,28,8.744787044999986,1.0066460096061327,0.19099244706035634,2.8093587679882948
4008,V2CO2,3,81,-0.8929510949999688,29.134343071674365,2.8279617666155694,0.8457709192187188
4009,HfS2,4,28,0.9095338249999864,0.5385311380228816,2.241617275794488,-0.09555316615090592
4010,Hf2Te6,1,73,0.4106533749999493,-26.04704747836807,2.4517331695455424,-0.036323490152944116
4011,HfS2,4,28,1.6747095550000015,-0.21867600728068193,0.8440159991483545,-0.8488641545076513
4012,Hf2Te6,1,73,2.9617545399999905,-27.06460426190856,-0.09414559542499878,-0.3126670314804998
4013,Hf2Te6,1,73,1.0970937824999596,-26.71882498430762,1.7661376380170082,0.750759997292826
4014,Ge2H2,1,37,1.2078878775000148,9.099833657864771,1.3878092075626478,-1.1426283413926337
4015,Hf2Te6,1,73,4.604041959999996,-25.823649710574745,-1.736371821323035,0.6478892304907262
4016,HfSe2,3,28,3.0355099650000184,-0.41912907478954864,-1.526071927127704,-0.2551580083146341
4017,HfSe2,3,28,0.7721486450000075,0.8937821427222623,0.627368811690463,0.20519721897806054
4018,V2CO2,3,81,-0.3776455800000385,27.103176760699704,2.3856430928174213,1.3042249759300109
4019,HfS2,4,28,2.244665602499979,-1.0784808592545365,0.6330873373600467,-0.2894466913290197
4020,Hf2Te6,1,73,2.142421584999993,-27.343410116112665,0.7221230450506662,0.18854385447856314
4021,HfS2,4,28,1.9344550849999815,0.3690507330491313,1.3273177860174745,-0.03740355193672884
4022,PbI2,2,28,0.6577600099999996,2.1098721565445966,1.1499340674917606,1.8609607757767743
4023,Hf2Te6,1,73,7.6668961449999875,-29.569885294093616,-4.8094695016284055,-3.3164275094409055
4024,HfS2,4,28,1.9532154500000027,-0.517744392108157,1.436787039089963,-0.8137767811131822
4025,HfSe2,3,28,1.607413767500022,0.8105260543790469,-0.12958053620984056,-0.009811638517478016
4026,Cr2I6,4,33,1.4834588325000144,1.0266854012035989,7.982135061822699,1.029840632679429
4027,Cr2I6,4,33,1.06626278500001,-0.11630175849040703,7.595181402164297,0.8445009158031109
4028,HfS2,4,28,1.0506798700000026,0.22934875135569,2.814883363693438,-0.0048117513959784475
4029,V2CO2,3,81,0.5340219299999397,28.43253064542934,1.4224061209949332,0.5434649824095249
4030,V2CO2,3,81,5.9223908099999525,16.759114234301396,-3.9265082988610365,0.6715264008968571
4031,HfSe2,3,28,7.980059460000026,-3.7628394714949804,-6.450707232153245,-1.8512379280684668
4032,Hf2Te6,1,73,-0.6800110200000198,-26.93999736915505,3.5435684381874792,2.731397018725911
4033,HfSe2,3,28,0.1534983750000016,1.6225531860376978,1.243629650690713,-0.548737012924196
4034,Ge2,2,19,0.9411565574999954,0.6230837391817265,1.599578528305262,-0.013568611243993556
4035,Ge2,2,19,2.6540463674999977,-0.807882737014463,-0.07977719197051769,0.5141038190386986
4036,Ge2,2,19,0.1106264816666597,1.6269720964685128,2.4439136756514555,0.6434316807046578
4037,PbI2,2,28,0.0984793799999996,2.6670640808459476,1.705215424509481,0.32947406193776485
4038,HfSe2,3,28,5.341300010000001,-1.634792684827577,-3.8471231056395476,0.34671179521647044
4039,HfS2,4,28,0.2659648849999865,1.1060244446559786,2.100305657144789,-0.8024966512556831
4040,HfS2,4,28,1.6971925999999993,0.13294338124186278,2.27385575510254,-0.2663619226496372
4041,Hf2Te6,1,73,-0.7167715100000283,-26.516333593174817,3.5772578584700803,0.31031829789777404
4042,Ge2H2,1,37,14.925621070000028,0.9905064527864305,-12.344371236893034,-7.544983901115751
4043,HfSe2,3,28,0.9812904000000122,1.016916692285144,0.5795304974202351,0.9264658888463215
4044,V2CO2,3,81,2.4658375349999684,26.428645077609893,-0.4604369170825895,1.6749495101609613
4045,HfS2,4,28,2.184599797499996,0.37109923305827186,1.1433525079758744,-0.8737659062671879
4046,HfSe2,3,28,4.386329440000003,-1.3027516878866603,-2.8989117023570783,0.06345801778401405
4047,Cr2I6,4,33,-0.8055326575000032,-0.11458249549478838,9.129082285757754,-1.1904470489463266
4048,HfSe2,3,28,1.8884890050000065,0.08652139005004233,-0.4822336008455468,-0.18623506727875405
4049,Ge2,2,19,6.438949849999991,-2.9170514214009517,-3.871677226619966,0.42507049759522353
4050,Ge2,2,19,0.4736306549999929,1.3588822402662222,2.090732824614265,0.700260929078478
4051,Ge2H2,1,37,11.51015266000002,3.6072815237564892,-8.933003109879985,-5.013881685522889
4052,HfS2,4,28,0.8806450233333352,1.0919854774601219,2.19865951285034,0.00014219031005680005
4053,Ge2H2,1,37,2.829105220000015,8.203390278657212,-0.2544876751900378,-1.3293806729317368
4055,Cr2I6,4,33,4.613034997499994,-0.6109771272709086,5.039251730723172,-0.9988169214298437
4056,HfSe2,3,28,-1.3939191699999742,2.203551471330541,2.847378114956436,-0.19830320269086243
4057,Hf2Te6,1,73,7.340217779999981,-26.558159938381127,-4.471981158779075,0.21077582148113905
4058,HfSe2,3,28,-1.4056581824999788,2.328369753557616,2.9148378938418364,-0.08899623453798511
4059,Ge2H2,1,37,1.4317039100000164,10.952065125339338,1.1501954150528806,-0.8284726388920248
4060,V2CO2,3,81,2.5318974400000007,26.474762306170042,-0.5590755288239551,0.18491374011474537
4061,Cr2I6,4,33,-2.4562254024999977,2.288026499098305,12.06643836433268,2.070810563709104
4062,PbI2,2,28,3.5817853599999907,-0.7668468147729399,-1.7761096547260447,-0.1002715418949287
4063,V2CO2,3,81,2.390654279999984,18.007019048717563,-0.34196654380664526,0.3504417397448889
4064,Ge2,2,19,2.329437720000004,0.299111100813493,0.17915520348225522,0.7487286058870404
4065,Hf2Te6,1,73,5.046827859999954,-26.663433698139805,-2.1754445108992058,0.4489006327368621
4066,PbI2,2,28,1.6637335899999934,1.7932428237268132,0.1624083237318994,-2.212553847186883
4067,Hf2Te6,1,73,1.8649716449999785,-25.66066591672341,0.9902916676576958,-0.31246511868873994
4068,V2CO2,3,81,0.9991793662499648,24.048132655005528,0.9646847615449368,0.525638378640884
4069,HfS2,4,28,0.1892052899999852,0.33626667547191824,2.184572417417821,-0.18864333740904282
4070,V2CO2,3,81,2.3989456850000286,26.878089392412893,-0.42707387186170265,0.4829592349421916
4071,Cr2I6,4,33,15.710527515000011,-15.947579796697603,-7.8463552152970495,-13.462415154363619
4072,PbI2,2,28,-1.3569473650000072,2.590965531859952,3.1531588063579377,1.6466425086996532
4073,HfS2,4,28,2.7124180924999823,0.6683246163419772,0.7446598875415216,-0.6223553947715073
4074,Hf2Te6,1,73,-2.5822631775000184,-23.143160238001894,5.453458175923277,3.0650162953792504
4075,HfSe2,3,28,-0.4064641749999809,2.2300379630070815,1.911802883559653,0.9389902707081922
4076,HfS2,4,28,1.6461799249999824,0.18716127614646116,1.710731018985003,0.29954948962200656
4077,Cr2I6,4,33,1.499262307500005,-0.44767742794271337,8.42774850684885,-0.42085498016591893
4078,Hf2Te6,1,73,0.7371229799999831,-28.807790962101425,2.12001144166648,0.15066738204021868
4079,Hf2Te6,1,73,1.3785415674999817,-27.254992821390974,1.4829511457924582,0.07964788022086378
4080,HfSe2,3,28,3.4261738875000005,-0.3843648054687505,-1.78538453762614,-0.4602640885599776
4081,Cr2I6,4,33,2.672596930000015,0.5360790108314872,8.634765070147486,-1.0458746339210154
4082,Hf2Te6,1,73,0.0149363074999955,-22.986708421935827,2.852618118693242,0.3534763461051478
4083,HfS2,4,28,1.7033421499999974,-0.2111045026255265,1.3978671726114933,-0.3406589730056737
4084,Ge2,2,19,-2.4602202775000075,3.053959866555387,5.058192193698738,0.83844123303081
4085,V2CO2,3,81,-4.1947118824999885,32.355965970583895,6.135415473210946,1.2528959499082322
4086,Hf2Te6,1,73,1.6310728249999502,-26.940853502159577,1.2280487360504648,-0.03250450472559718
4087,Ge2H2,1,37,6.424052065000003,5.074721827720538,-3.9024005983124828,-4.1027336372783445
4088,HfSe2,3,28,0.3495713450000117,0.9168587548051843,1.0879236084733972,-0.04140758290742136
4089,Ge2H2,1,37,1.9437982675000007,8.266217824164633,0.6295349958972161,-0.4545319911404426
4090,Ge2H2,1,37,-0.2837799149999882,9.463964279318835,2.8586471237987148,-0.8764366549005245
4091,Cr2I6,4,33,2.8745794562500064,-1.1637207933268294,6.753738853533929,0.6490990054606054
4092,HfS2,4,28,6.698841479999992,-0.2565076227815668,0.6540385210681237,-0.4080420211783773
4093,Hf2Te6,1,73,1.9690255224999755,-24.38505791627337,0.8927322327795655,0.42798424757550446
4094,HfSe2,3,28,5.605247720000001,-2.082438770847373,-4.131220324751588,-0.3015418687630218
4095,Hf2Te6,1,73,5.197852150000002,-32.612884934144084,-2.3466595961619077,1.2473034705749493
4096,Ge2H2,1,37,3.1112667716666667,7.398872534719645,-0.5355056124055988,-0.6094730692232257
4097,Cr2I6,4,33,1.1098528750000147,0.5702087832234553,8.003016268486007,-0.2666347868499903
4098,Hf2Te6,1,73,-0.5667868833333733,-24.770137908002685,3.432847617128539,-0.011998218239299141
4099,HfSe2,3,28,0.452422796250008,0.9366337273909424,1.1040830825163697,0.1361605141951418
4100,Hf2Te6,1,73,2.759000794999965,-25.245373981111413,0.09890737442854247,0.13275295802636178
4101,Cr2I6,4,33,4.0523823875,-1.0289066610544837,5.827719134309897,-1.250176586489868
4102,HfS2,4,28,-1.525517527500008,-0.11255186375060244,1.4533729396653319,-0.2815844374505536
4103,Ge2H2,1,37,7.297986215000004,5.2629647000187125,-4.7341014798925825,-4.0837963676896205
4105,Ge2H2,1,37,-0.3594519549999973,10.165393377780353,2.926848039467567,0.5293366764380874
4106,HfS2,4,28,0.0795445849999909,0.35799213146119074,2.426101166953134,-0.35174167260578515
4108,HfS2,4,28,1.1438471550000011,-0.18799659354014187,2.179511301293741,0.07667369899627574
4109,HfSe2,3,28,3.43378259,-1.0598866269669593,-1.922337902156677,-0.7729658410630287
4110,Cr2I6,4,33,7.6667487399999965,0.5135107261712681,5.917668046829633,-0.9136235492651332
4111,Cr2I6,4,33,5.0292821175000135,0.6381925497312286,7.345426097895595,-0.6605515724560682
4112,Hf2Te6,1,73,1.1994496250000015,-24.217210934941612,1.6489389674021386,2.572986675913491
4113,HfSe2,3,28,0.9387466350000002,0.8987390757798257,0.5721193712154131,-0.4282059906722008
4114,Ge2H2,1,37,10.03907074750001,0.7682994383520416,-7.48383361320232,-8.10860818843578
4115,HfS2,4,28,2.931347294999984,0.5370828267397214,1.9043079174023596,-0.009496216330754148
4116,Cr2I6,4,33,0.7826563462500107,-1.3466463034236762,7.38581900349415,-0.5149737939123642
4117,Ge2H2,1,37,5.997758175000009,5.059807514086905,-3.445973103309132,-4.886800353789784
4118,Hf2Te6,1,73,0.0657512099999584,-28.782408610131185,2.7908647307298184,0.1374214737158619
4119,Cr2I6,4,33,2.4165075850000184,0.4753010042995016,8.083072639355045,-0.4163352878401878
4120,Cr2I6,4,33,4.17756309,0.6172006340091967,6.501240314172263,0.16402524821614595
4121,Ge2H2,1,37,1.3333603450000169,9.653926222687971,1.2356669199129064,-0.49130848132966776
4122,Ge2H2,1,37,1.4009701050000238,8.631212667954282,1.1762970649523687,-1.0232592062827794
4124,HfS2,4,28,2.9286451349999805,-0.36161255939268067,-0.11111680769386867,-0.6539783090697031
4125,HfSe2,3,28,-1.2361699349999842,2.0161116527835943,2.668625037602625,-0.21333595044211373
4126,HfSe2,3,28,1.4539325375000105,0.3685178618987932,-0.004921410345978039,-0.09410454219971753
4127,Hf2Te6,1,73,-0.0889081525000092,-24.21615120101053,2.9609120256892996,-0.5156069231835846
4128,Cr2I6,4,33,-1.4367731500000045,2.6940503208170616,10.442617584102381,1.3341387995412235
4129,V2CO2,3,81,1.2844841674999845,26.92616548180218,0.7369676633639681,-0.11708476106687904
4130,Hf2Te6,1,73,0.7135324150000013,-22.34645895855367,2.147420757047932,0.9367392788654569
4131,Cr2I6,4,33,0.7836809175000083,0.10356203548257625,8.119797387045075,0.8441142224485187
4132,Ge2H2,1,37,0.3928294462500079,9.922944835569654,2.1854687648477094,0.7813257493040895
4133,Ge2H2,1,37,0.7973260150000019,9.600745274062499,1.7467376325880923,-0.04595991627817975
4134,HfS2,4,28,1.5703166324999809,0.4860692422482491,2.5193434557212515,-0.09687225015033074
4135,Hf2Te6,1,73,2.4933034999999624,-18.981463394943198,0.365377463516273,1.475038804229774
4136,V2CO2,3,81,0.9405278350000036,27.595960539074294,1.0058170571839362,1.3260575945094772
4137,HfS2,4,28,1.1440751774999995,0.4231203969425461,1.8116231139606733,0.46791845322713255
4138,HfSe2,3,28,1.3146394699999997,0.6104452003847252,0.26687310038116485,-0.06408474943928999
4139,HfS2,4,28,3.099212119999996,-1.3153692782158364,3.498400419927169,-0.7097103893990031
4140,Ge2,2,19,1.455447932500002,0.15145156739318644,1.100148498596393,0.544751305959267
4141,Ge2,2,19,1.424441484999992,0.13970189452932513,1.0468344406362995,0.5858357465343302
4142,V2CO2,3,81,7.984116566249956,15.249093480836123,-5.841683956056068,8.038033791314334
4143,HfS2,4,28,4.29341755999999,0.9886953563106378,0.506226989687713,-0.877540297248729
4144,HfSe2,3,28,5.014177105000004,-2.237545988132939,-3.3182126891318813,-0.5066964836621137
4145,Ge2H2,1,37,0.2140718575000002,7.752556217145996,2.3594281002204385,-1.188144949642741
4146,Hf2Te6,1,73,-1.7275688075000142,-25.510444857381376,4.6025165143583315,1.1101687176003154
4147,V2CO2,3,81,6.003854689999976,24.711506507789533,-4.045655586326677,1.4211207052026609
4148,Hf2Te6,1,73,1.5274647699999857,-25.315933528265163,1.328731156666274,3.6315556538891745
4149,V2CO2,3,81,0.8483693375000043,27.61580215157979,1.1167925423573768,1.0799727664581256
4150,HfSe2,3,28,3.9812678800000025,-1.0157600150479151,-2.503107776837873,-0.09486590881876866
4151,HfSe2,3,28,4.730798610000023,-1.2466975529474107,-3.0516372203312407,-1.047911214777041
4152,Cr2I6,4,33,6.321503067500003,-1.3712433819836454,5.188069597396644,-1.1700211211905955
4153,HfS2,4,28,-0.3515401300000167,0.6323712285565353,2.7453477001395834,-0.16010240552753052
4154,HfSe2,3,28,2.7277608850000146,-0.026051932414158596,-1.1976085641381982,0.22467325743060895
4155,V2CO2,3,81,3.641666999999933,26.713023631230737,-1.6579096233290955,0.9009272738851579
4156,Cr2I6,4,33,-0.914011662500004,1.155939127303064,10.787814999915064,-0.3579358803263307
4157,Ge2H2,1,37,5.190399869999999,6.891103998103028,-2.6150272932864373,-1.40357429258199
4158,HfS2,4,28,0.1400835350000014,0.15108281027842066,2.7452423736608873,-0.045513851925050225
4159,HfS2,4,28,-0.2298570649999982,0.932521440305174,2.512702482658486,-1.0565945926131202
4160,Ge2,2,19,0.4762554999999956,0.9024460676498457,2.063343918640141,0.20139272642008899
4161,Hf2Te6,1,73,1.7366171699999915,-28.664471787436717,1.139525411303923,1.7842003482342614
4162,HfSe2,3,28,2.319509307500012,-0.37625201538829756,-0.6783952712578449,-0.42594142750530195
4163,Ge2H2,1,37,2.168126775000006,8.062395698653152,0.40929254574228313,-0.6212371122573912
4164,Ge2H2,1,37,10.678310490000008,2.422683937998853,-8.129198567418017,-6.95487882330791
4165,V2CO2,3,81,7.411216730000013,15.498341764885748,-5.391651107988192,2.3384545702522663
4166,Cr2I6,4,33,-0.5721616275000025,0.5698810743180364,9.138497544019167,0.03759212562317149
4167,HfSe2,3,28,1.6254960100000115,1.5117850899552292,-0.004864633097749094,0.9620547890519089
4168,Ge2,2,19,0.1930654499999988,1.9425177917806002,2.3484375820485446,3.03471004425761
4169,V2CO2,3,81,4.0444492849999545,26.141888027062627,-2.077598646610367,0.9487026976253707
4170,Ge2H2,1,37,2.6443993625000046,7.619399351184077,-0.07338758080749974,-0.7230087098434494
4171,Ge2H2,1,37,6.8614587000000045,6.182746011914058,-4.270296455521143,-3.158097665606694
4172,Hf2Te6,1,73,3.0097939849999644,-21.625516879668545,-0.1419552049147188,2.1059537846737006
4173,Ge2H2,1,37,1.9563218550000023,8.488058110464271,0.6147902214414445,-0.6429121291750104
4174,HfSe2,3,28,-0.5446417499999763,2.434254384976681,2.097680823944068,0.2585454950154385
4175,HfS2,4,28,4.105591253333335,-0.5471552569598406,-0.3110433776110857,-0.16557752678100757
4176,Hf2Te6,1,73,1.749022139999986,-27.016653432343126,1.1132280291182597,0.7863362889550922
4177,V2CO2,3,81,-2.345910459999998,29.603242626035968,4.304062634949644,-0.14657959317688185
4178,Ge2,2,19,-2.4723905137499966,3.580549459787289,5.025987487169186,2.136503876380205
4179,Ge2,2,19,-1.3999122600000042,2.7063981910785975,3.976052067701115,0.9280581295729615
4180,Ge2H2,1,37,5.997442190000019,7.731087740114727,-3.4006213587011906,-0.3492677451656272
4181,HfSe2,3,28,4.685996640000004,-0.9169045570227095,-2.9974692148697963,-0.34009435601359517
4182,HfS2,4,28,-0.9401805399999964,0.8034675120458948,3.8339228629217494,-0.20316386231323602
4183,Cr2I6,4,33,1.6450804025000083,0.19322252769611792,10.583750888698722,-0.03901222845571706
4184,Ge2H2,1,37,2.7340488050000245,8.37381017072833,-0.17597293989026275,-1.3281915598726644
4185,Cr2I6,4,33,6.156163090000013,-0.126844121545016,7.198987728824755,-1.3789838488195931
4186,Hf2Te6,1,73,3.0583762233332883,-24.299851090200352,-0.2068771426753293,1.6412030155583133
4187,Cr2I6,4,33,1.673446035000001,2.1541616761562086,10.042023325351561,0.34351772505808387
4188,V2CO2,3,81,1.487603829999939,27.99839090635362,0.4634993407128498,0.645459963182434
4190,HfS2,4,28,0.7905443849999911,0.5417701857448411,3.0608425594529303,-0.7624439739027825
4191,Hf2Te6,1,73,-0.3541052625000296,-26.46401036923927,3.212728687665842,1.862417328896107
4192,HfS2,4,28,5.029797137499999,-0.29588466954345627,-0.6201620705139153,-0.9577185916117346
4193,PbI2,2,28,-1.1213251275000085,2.548083257891447,2.9495698533631476,-1.1265861668013426
4194,Hf2Te6,1,73,1.941277869999961,-32.24298712458268,0.9101751958722313,1.6618308539583724
4195,Ge2H2,1,37,7.750592577500018,4.383541397211082,-5.166269727590553,-6.715823400063189
4196,HfS2,4,28,2.340007462500003,0.36544954935861895,2.202226084074907,-0.23930978615926435
4197,Hf2Te6,1,73,1.3170648399999791,-29.828969635964537,1.5574363088596805,1.8180952088027147
4198,HfSe2,3,28,0.0593660200000121,1.2475815291841512,1.3630538459260946,-0.13062710805339753
4199,Hf2Te6,1,73,5.057546077500003,-28.58198819391948,-2.190210519562381,-0.3011575722001174
4200,Hf2Te6,1,73,7.439517439999982,-29.483057679334088,-4.570905627408429,-0.17140589316567212
4201,PbI2,2,28,0.3830040199999969,1.3873203691398144,1.4185090160921254,-0.06177603239267676
4202,Hf2Te6,1,73,1.8971066274999668,-27.877906858797775,0.9628757040938647,0.08350088211307027
4203,Ge2,2,19,-1.095226462499996,1.8927578288482625,3.6459894734786946,0.20050574920246989
4204,V2CO2,3,81,5.3612952424999865,19.65206915200583,-3.2975655192054103,-0.2080289715445831
4205,Hf2Te6,1,73,-1.0719507250000135,-23.920488306600937,3.9313277912943656,0.03127381332805723
4206,Cr2I6,4,33,2.508999579999992,0.11038391405925285,6.336995130922249,0.0027171831785155476
4207,Cr2I6,4,33,0.7460842600000056,0.46653774673420656,8.717645836817011,-0.6437376012933406
4208,V2CO2,3,81,3.842343754999977,18.758840692606427,-1.8642608199846162,3.8800829773812078
4209,HfS2,4,28,-1.8283762350000017,0.6828178777612322,3.918616276414898,-0.14372426129211258
4210,HfSe2,3,28,0.1361077475000074,1.0563214374136278,1.336461360509331,-0.2660963383762688
4211,Hf2Te6,1,73,5.142217849999995,-21.733868892302443,-2.2722168518208776,1.0427668339904832
4212,HfS2,4,28,3.5282403050000046,-0.8035764910911096,0.321255026446325,-0.7713038343324836
4213,HfS2,4,28,4.557051217499987,0.7095124364459355,0.9442583362821582,-0.7329992015596392
4214,HfSe2,3,28,-1.3027748549999956,2.9130437657259067,2.831168163321631,0.26282535841287813
4215,HfSe2,3,28,6.693421330000001,-2.9271686930905165,-5.19519429002706,0.014360461687010329
4216,Ge2H2,1,37,3.8859554850000126,8.531481432622872,-1.3195368372338994,-1.3692269248702114
4217,HfSe2,3,28,2.036511950000007,0.4673472918034802,-0.42991897692668357,0.5579652664026824
4218,HfSe2,3,28,0.7417250400000182,1.6127358351932597,0.7916322623478009,1.3417534902479882
4219,Cr2I6,4,33,6.013241934999996,0.0952608503647907,6.612250558311567,-0.45964734576659794
4220,HfSe2,3,28,2.4061594250000127,0.4074877657297642,-0.8324814480738449,-0.6247202001210657
4221,V2CO2,3,81,7.263558783749969,15.60215123631534,-5.236850657681853,0.7811237189966134
4222,Hf2Te6,1,73,-0.0364818950000387,-26.67220866883765,2.8980795124672833,1.8855956772469462
4223,Cr2I6,4,33,1.0069977125000151,0.5300175666340994,9.085407408031703,0.17131649648435987
4224,HfS2,4,28,4.801381214999994,-1.5772011921245261,-1.2860683049200379,-1.1679769600866639
4225,Ge2H2,1,37,2.970294905000012,8.084666617420236,-0.3838025254935826,-1.0742676578890091
4226,Hf2Te6,1,73,0.3558538849999795,-26.585824737533958,2.48884359043337,0.6184550031174928
4227,HfSe2,3,28,1.6385269425000084,0.4620125033770668,-0.1507189136430951,-0.6691987774456871
4228,Cr2I6,4,33,0.5340648050000034,-0.5855975503613315,11.02591066013875,-0.8631954545666538
4229,HfS2,4,28,4.572072356666672,1.8978786371891223,2.0661477945987903,-1.7053163148219856
4230,HfSe2,3,28,1.316738942500015,0.5029784647265474,0.17520028428628054,-0.05604853156811007
4231,HfS2,4,28,0.0263670599999974,0.139060664520368,2.7589661760585558,-0.1278531071089655
4232,Cr2I6,4,33,2.297571812500011,0.12370364424640856,8.41336266753132,-0.2600416287078966
4233,Hf2Te6,1,73,1.6562469099999877,-27.682137657706086,1.2093605106034464,2.3761525854427203
4234,Hf2Te6,1,73,3.581466894999966,-26.922912261541512,-0.7204951263028629,-0.1792911506253727
4235,Cr2I6,4,33,4.0977551850000005,0.40710275249491357,7.905636875597738,-0.3142681034722905
4236,Hf2Te6,1,73,5.177839646666632,-36.494530647922936,-2.3123527069185035,-1.8362390696300923
4237,HfSe2,3,28,2.3067246800000056,-0.2808392967119402,-0.7926016773119156,-0.1356453622713274
4238,HfSe2,3,28,-1.8626191599999933,2.537342109663791,3.347705759985752,-0.20206546944031434
4239,V2CO2,3,81,-1.2767240749999775,29.25950731309304,3.223888689995298,1.01185740502724
4240,Hf2Te6,1,73,3.199245177499975,-27.725801271987482,-0.33807599821937595,0.20734512528526272
4241,HfSe2,3,28,3.962862285000009,-1.5077755371947315,-2.446141473474028,-3.1225924015262945
4242,Hf2Te6,1,73,2.1078505524999964,-25.91651225179504,0.7609528691562941,-0.17641703377237605
4243,HfSe2,3,28,0.7245724450000104,1.2799182484102274,0.7932551055701598,-0.3038534572172142
4244,Hf2Te6,1,73,4.001762294999994,-21.382601086529334,-1.146534109346307,-0.30361507756733586
4246,Ge2H2,1,37,2.6804333099999997,8.89875312951416,-0.08893739871968576,-0.9930931299208574
4247,HfSe2,3,28,-1.488751304999988,1.9274077940543501,2.9308567174832034,-0.0014299821297318882
4248,HfS2,4,28,-1.3134358125000158,0.3243422704010168,3.6844432152379514,-0.6756744188995203
4249,Cr2I6,4,33,2.7369399050000083,-1.5019097307446372,6.898223481662793,-0.9536409754676394
4250,Cr2I6,4,33,3.37606016000002,-1.2335412422804972,6.152689981461671,-1.352823805807922
4251,Ge2H2,1,37,1.0716614250000056,8.569306182498163,1.5025206880116726,-0.1792424841379857
4252,Ge2,2,19,0.6720925549999981,1.1418339828316262,1.8910052398506694,-0.08969461722533989
4253,Cr2I6,4,33,0.6746935337500135,0.6023027609073759,8.579214305707179,-0.3909222572760145
4254,Ge2,2,19,-0.0824044500000038,2.001654302498376,2.5745558693216997,2.901479954938765
4255,Hf2Te6,1,73,2.3660981599999698,-16.56481297259661,0.5014926647630102,2.476277436364369
4256,PbI2,2,28,-0.2172364550000063,3.2391968724296123,2.051415657715562,0.0691129920051129
4258,HfS2,4,28,0.9865256274999884,0.36160420127096693,2.4930322045821245,-0.27432880056517395
4259,Hf2Te6,1,73,4.129001809999982,-25.80888584638202,-1.2695613243635893,0.3820344270809093
4260,Hf2Te6,1,73,0.4897908000000042,-22.902696095689905,2.365084446683752,3.153491772428381
4261,HfS2,4,28,6.603322884999992,-1.8958670909834714,-1.9548531190189538,-1.601062676870109
4262,Cr2I6,4,33,2.0677632300000024,-0.5976068782747419,7.46056165218943,-0.3542103179236882
4263,Ge2,2,19,0.9599399650000012,0.18193395099019238,1.5818528250950101,0.18167490920399854
4264,V2CO2,3,81,1.2230807125000271,28.169722559111502,0.7337319076629367,0.3253560086659477
4265,Hf2Te6,1,73,3.746298539999976,-21.14921536879128,-0.9036360466121183,1.8631638801456947
4266,HfSe2,3,28,4.4393142700000165,-1.956489388128475,-2.8171458482547163,-0.1441702683571533
4267,HfS2,4,28,5.698995579999977,-0.5299032427095307,-1.8586438394807714,-1.8240738607667821
4268,V2CO2,3,81,-4.462959810000015,32.79927480608359,6.410161419611526,1.4046956339491934
4269,Ge2H2,1,37,1.3313013337500168,9.50638011868325,1.2369788862817215,2.2189357655796136
4270,HfSe2,3,28,0.2437778250000217,1.802647159931924,1.249843564071125,-0.3160664971293349
4271,Cr2I6,4,33,1.6772766900000118,0.42951639573403755,6.700667223141874,0.5824560332360722
4272,Hf2Te6,1,73,0.1769582249999919,-28.03361994209696,2.6891687891601643,0.6560807011245808
4273,V2CO2,3,81,0.7210445950000324,29.004034623546517,1.2522183905473512,1.113304560425993
4274,Ge2,2,19,4.692142674999999,-1.9323073920384712,-2.1272151765004463,0.32690839998169086
4275,Ge2,2,19,1.370132587499997,0.5392241257949859,1.2079442519470245,0.6218398589416534
4276,PbI2,2,28,-1.5879271249999989,4.012109857899983,3.3951471468836454,-0.14606322635905067
4277,PbI2,2,28,0.3108546725000005,2.685352564743652,1.5022605269069411,0.465460102649027
4278,Cr2I6,4,33,-1.2895285099999814,0.8677085052188942,9.786754708514284,0.15914120378660246
4279,HfS2,4,28,0.2349960549999821,-0.4051247978537825,3.1422662988971126,-0.8787776375144271
4280,HfSe2,3,28,4.0515174275,-1.1170008783895877,-2.609899620747478,-0.16708781375081427
4281,V2CO2,3,81,1.7186739749999722,25.037975996008328,0.23648473547976412,0.8629731031962353
4282,HfS2,4,28,0.1516899849999937,1.1332222038478659,2.0982513640295473,-0.6213725195357196
4283,V2CO2,3,81,0.6378894824999781,27.150735837298807,1.3520393988273331,0.09123979218619949
4284,Ge2H2,1,37,-1.449085127499992,10.90083906172444,4.0468464406205165,0.9006119282914146
4285,HfS2,4,28,0.7127362824999839,0.40252499406302467,1.8763097984072021,-0.09765191252266858
4286,Ge2H2,1,37,2.3131724300000145,8.192029783923122,0.2765367724485124,-1.0196161371482486
4287,HfSe2,3,28,3.040522980000012,-0.24328741163555057,-1.48654449711783,-0.34095836411459546
4288,Hf2Te6,1,73,0.2444240599999727,-25.574980532142508,2.610881611691922,-0.10911730429827185
4289,Ge2,2,19,0.8256089374999931,1.168914349319465,1.7623553588409493,0.32142745598348665
4290,Cr2I6,4,33,7.444154582500013,-2.005712034383965,4.715460139433987,-1.753963631470553
4291,HfSe2,3,28,16.592307402500005,-12.111260447709252,-14.896673514255376,-9.580338789829106
4292,Hf2Te6,1,73,0.5755201033333379,-27.918023571528938,2.2900420972129267,3.1496818213085893
4293,Cr2I6,4,33,4.868937870000017,0.2984629669445633,6.435987611478356,-0.5019924443306643
4294,PbI2,2,28,0.1016672699999921,2.826410109862475,1.7034109980511554,0.24150853858867166
4295,Ge2,2,19,0.2929385650000036,0.9951865526198287,2.2535484087625086,0.45908600610086714
4296,Cr2I6,4,33,2.549184090000004,-0.0546413323299193,7.198290938038021,-0.8427408596889279
4297,Hf2Te6,1,73,5.511976703749976,-33.696211561309184,-2.6614305026798264,-1.6133649992415129
4298,V2CO2,3,81,6.954339374999952,15.060409118830412,-4.909018585980686,1.6159750323486808
4299,Ge2H2,1,37,1.1061965450000235,8.199845490420714,1.479396916990333,0.19282426194832047
4300,V2CO2,3,81,6.7238900349999655,15.317430527362706,-4.598042139059821,-6.2996513134703225
4301,V2CO2,3,81,5.2078164499999655,25.102700145840487,-3.2495982728403385,0.959873191316766
4302,Ge2,2,19,0.8383064424999995,1.0868469321719365,1.7363397522758999,1.004926745493368
4303,Ge2,2,19,1.6615344199999915,0.2521393782432133,0.8733575032686447,0.4950776583488039
4304,Ge2,2,19,4.817972804999997,-1.8267181574271611,-2.245214527742713,0.5902420819832388
4305,Hf2Te6,1,73,0.1254363574999908,-20.995497039796742,2.7435072542808117,-0.5593163687406321
4307,V2CO2,3,81,-2.06617803499999,29.790376932679635,4.046026141702159,0.8998772613793844
4308,Ge2H2,1,37,6.608381867499999,7.6577978530607105,-4.025668501945189,-1.0473587911246733
4309,Hf2Te6,1,73,2.2686776249999863,-28.120942267715442,0.5960115661824683,2.8476398061320127
4310,Ge2,2,19,0.0468318550000015,1.7428828390231308,2.5008967232496118,0.7730946055840032
4311,V2CO2,3,81,-1.4502199375000375,29.38133500847884,3.422874637779273,1.0827432357635873
4312,V2CO2,3,81,4.025231437499953,25.47702082334396,-2.0591307050145,0.49849931735234154
4313,Cr2I6,4,33,0.7784953450000023,0.4345675771598285,10.929085539297688,-0.5134509737129742
4314,Cr2I6,4,33,3.9768854250000047,-3.435421573071294,4.92504069512227,1.743655098529048
4315,Ge2,2,19,3.2569606649999976,-1.2019451407715835,-0.7097320107743301,0.37059184430786374
4316,V2CO2,3,81,3.002815949999956,26.49766056926681,-1.0451829712427336,0.7726296702189566
4317,Cr2I6,4,33,-1.4445879800000074,1.841768537250984,10.606872036345628,0.5185409727571689
4318,HfS2,4,28,2.7430288699999856,0.20286227189149386,2.155869095749119,-0.3260866709287371
4319,HfSe2,3,28,-0.8342451099999824,1.5212270661640246,2.258228763386416,-0.23159282958029914
4320,Hf2Te6,1,73,1.290073769999956,-28.34121765465877,1.5706366124615918,0.8972271107500644
4321,Hf2Te6,1,73,2.6573951349999603,-24.495183796320962,0.21019974287886445,1.6399477217250964
4322,Ge2H2,1,37,0.0878609400000085,10.6300698537622,2.4858411569390784,0.36437487790923223
4323,Hf2Te6,1,73,1.6324785099999852,-28.200383697606796,1.241996253870254,3.0124119573258614
4325,Cr2I6,4,33,1.359461625000006,0.6131221457519471,8.412798047482802,-0.5520589347483377
4326,Ge2,2,19,-0.543648339999999,2.239075996173705,3.100682315919087,1.4055464046133412
4327,HfS2,4,28,3.0625441599999945,0.5292221974218805,1.589186774778855,0.001930422672124621
4329,HfSe2,3,28,0.1796885450000163,1.295964189438562,1.3233848294303223,-0.407875470252295
4330,Ge2H2,1,37,3.515549852500015,7.930883055876043,-0.9321976046260732,-0.5942642629639838
4331,Ge2,2,19,6.535579564999997,-3.150190395942787,-3.93572271151489,0.4184875062788924
4332,Cr2I6,4,33,1.8944085375000004,0.4356880252034503,8.01509500190328,-0.8051054413645431
4333,Ge2,2,19,0.0608338537499948,1.2476748602901255,2.468563157053228,0.18924685093903107
4334,Ge2H2,1,37,10.45419643,1.497603280591635,-7.874737835677795,-7.889716284227701
4335,HfS2,4,28,1.4293999662499774,-0.4529540131987283,0.30459427927919736,-0.2067696641386696
4336,Cr2I6,4,33,4.650890440000022,1.6494908230971053,7.948171287523782,-0.5093421243160208
4337,Cr2I6,4,33,1.1362044050000042,1.658720331022945,10.552407698462215,-0.6424101624590088
4338,Hf2Te6,1,73,2.482908152499951,-27.355169120390375,0.38500390156193864,0.06695272231185712
4339,HfS2,4,28,4.5168542500000015,2.229585047993976,-0.4277404582163511,-1.3477460181376153
4340,HfSe2,3,28,1.3460410950000212,0.45753104315051174,0.1616855345750723,-0.18294999176414062
4341,HfSe2,3,28,3.345977120000009,-0.453638367253427,-1.6788349274773242,0.2100088075817781
4342,Ge2,2,19,0.9452039599999928,0.08171159023194074,1.6077752708807445,-0.7066439192081634
4344,HfS2,4,28,5.072252570000002,-3.9756836279299943,-2.36544726134013,-4.475362597313234
4345,Hf2Te6,1,73,4.941757369999984,-32.31500586764505,-2.064890075688461,-0.5381612072039639
4346,Ge2H2,1,37,4.20649088500002,8.612810084441712,-1.6138748037622275,-1.1547906108504438
4347,HfSe2,3,28,1.180627312500007,0.6830828127873667,0.2652844923349946,0.005297575157158452
4348,Hf2Te6,1,73,0.6829476299999975,-25.171012793294473,2.1638193186999537,2.713068808802086
4349,V2CO2,3,81,0.1783650250000326,27.286956833723924,1.792507536136849,0.493352976365629
4350,Cr2I6,4,33,1.0247263924999994,-1.692201139204101,8.526989537802939,0.5956082724805711
4351,Cr2I6,4,33,1.714856187500004,0.4091593027140259,8.014901439351396,0.21253740787760034
4352,HfS2,4,28,-1.6027575500000055,0.5680785345225072,3.4058820572682755,-0.02815387972309824
4353,Cr2I6,4,33,2.0247509150000127,-1.77989980263429,7.576408220500577,-0.28184800031698853
4354,Hf2Te6,1,73,-1.3108111450000248,-25.930800335712867,4.171288195145492,0.15624692329999235
4355,HfS2,4,28,-1.5907779850000083,0.6005525109602948,3.6757866856886885,-0.09333051071227194
4356,Ge2H2,1,37,5.460337800000013,6.759212968534329,-2.8850712003448615,-3.071522317542534
4357,Cr2I6,4,33,5.871254664999992,-0.13550772502298258,6.916903791484484,-0.6743091566788664
4358,HfS2,4,28,1.825691007499985,-0.12973445944497208,2.313573496614802,-0.14496197593717985
4359,V2CO2,3,81,1.7407386574999713,27.664086155707018,0.2414431697273034,1.1995265211804487
4360,HfS2,4,28,7.006343924999987,-0.5805970072753777,0.30505593220317895,-0.03815977176105445
4361,Cr2I6,4,33,5.948536570000003,-3.0528504204028346,3.5435362506634496,-1.8120815904213483
4362,V2CO2,3,81,-2.6097296900000506,30.881493729993338,4.55596844617986,0.5860994683152767
4363,HfSe2,3,28,2.05983410500002,0.4267414190122274,-0.5018979929140419,-0.8605696581056923
4364,HfSe2,3,28,0.7450816662500048,1.1826303371399896,0.8806436825404818,0.29032178408009357
4365,Hf2Te6,1,73,-1.1359265575000077,-25.39320700077331,4.004535111704313,1.2165590056964188
4366,Cr2I6,4,33,4.604542047500002,0.1745168062851956,7.129684179306639,-1.2491117623640968
4367,Hf2Te6,1,73,1.1990678849999783,-23.79296244613177,1.651439135950339,2.563317165455751
4368,HfS2,4,28,-1.5268701274999978,-0.13808556797017624,1.4636810978063943,-0.2653294046909609
4369,Cr2I6,4,33,3.85999887000002,0.7698680479280395,8.449979694580263,-0.571802544697896
4370,HfS2,4,28,1.332367214999994,0.06288604593038505,1.9313672846134498,-0.5290666356110577
4371,HfS2,4,28,4.711521879999988,0.933555189600435,-1.0035643738201783,-1.32867965715046
4372,Cr2I6,4,33,0.7158246962500132,0.2713938426700714,8.53904118853087,-0.2504029004049815
4373,Hf2Te6,1,73,0.0668629599999652,-27.0962522619358,2.7897108601141705,0.7532898790248965
4374,HfSe2,3,28,3.120800930000009,0.03448371317320875,-1.4425315437085051,-0.39075402193929953
4375,PbI2,2,28,1.393163633333336,1.1682974974446587,0.41974199614257546,-0.7535299777852402
4376,Cr2I6,4,33,1.03594983500001,0.028555424195953583,8.204495699388215,-0.3230950919961648
4377,Ge2H2,1,37,2.715995265000004,7.01875802581217,-0.1371230214366701,-2.0584522415726765
4379,HfS2,4,28,0.0811964049999973,0.2854233408903022,2.354280533883466,-0.3435369506542942
4380,Ge2H2,1,37,0.7949726550000058,8.788339618025507,1.7921252282244815,-0.2161467043774472
4381,Ge2,2,19,-0.2603953649999981,1.7152767946722394,2.711300846974282,0.9200831622284933
4383,HfSe2,3,28,6.522660590000022,-4.146163559741844,-5.013077951259483,-3.748518642571637
4384,HfSe2,3,28,-1.4721220849999868,2.2590616662352367,2.902320317332852,-0.2528892637243785
4385,HfSe2,3,28,1.8399927075000173,0.2562626346656116,-0.3964560285500254,0.019842003256920426
4386,Hf2Te6,1,73,0.5975348649999699,-27.371616015690684,2.271161029877146,0.9740537704446712
4387,Hf2Te6,1,73,0.6088055474999992,-27.421514322702432,2.260294705287273,-0.8880094392541495
4388,Cr2I6,4,33,0.76761737,0.6998124268546551,9.674851312924906,0.7906156129533894
4390,HfS2,4,28,1.0841911400000015,0.3289215798537175,1.6764656141758203,0.18685088906290548
4391,Cr2I6,4,33,-0.7534978149999803,2.353221710390809,9.6664960541993,2.592811997599366
4392,Hf2Te6,1,73,5.258188169999967,-28.085433167024505,-2.402012111548632,-1.201933306260953
4393,Ge2H2,1,37,1.8724652850000032,8.596906669600013,0.7164054787786833,-0.7561579469211865
4394,Ge2H2,1,37,0.8227227350000053,9.593627629685054,1.720487731702774,-0.3294447084191947
4395,V2CO2,3,81,1.2293501750000275,27.63982001390378,0.7264544511469249,0.7090607826542896
4396,PbI2,2,28,1.646931520000002,-0.046612293417157113,0.1659820567618795,-0.6241519758054628
4397,Ge2,2,19,2.591729022499999,-0.6224477066964713,-0.038892246720275025,0.4155824805924486
4398,Ge2,2,19,3.206847514999996,-1.1741735997727418,-0.7109684211940475,0.3303477701613402
4399,Hf2Te6,1,73,1.3967167450000018,-26.16612393786601,1.4497334248811833,3.2766510731966125
4400,V2CO2,3,81,7.595319424999928,13.607733731534903,-5.569592391384815,3.1375427296428127
4401,Ge2,2,19,-0.6149401533333311,1.8137673008171569,3.1743084060875426,-0.008293244468386085
4402,Ge2,2,19,1.1542984550000046,1.1572329695223953,1.4231190378665115,1.375588426510412
4403,HfS2,4,28,2.073520042499988,0.4532182037819541,1.7645211835691446,0.163378459214083
4404,V2CO2,3,81,5.449064139999969,24.963095700265942,-3.4972441638291114,1.7968445971826483
4405,V2CO2,3,81,-2.4605136750000067,29.6614917156952,4.363317890749111,-0.04966735463764804
4406,Hf2Te6,1,73,1.5273593699999903,-26.419116778777862,1.3260546886853124,3.5811622504325458
4407,PbI2,2,28,5.516466999999999,-1.7249305098775216,-3.7000232785466496,-1.9686132917327868
4408,HfSe2,3,28,2.229981490000013,0.19948130048918378,-0.7081863363821541,-0.2522365133205289
4409,Cr2I6,4,33,6.243337747500019,0.5376884569270644,5.834649247879111,-0.4107625852482286
4410,HfSe2,3,28,1.891208730000022,0.11861181074603122,-0.33685712204154616,-0.32685343609031325
4411,HfS2,4,28,-0.959728300000022,0.5823055301356217,3.560756265545676,-0.10919874963681886
4412,V2CO2,3,81,4.302645749999959,23.020014139857018,-2.3133936595458575,0.7671450901489667
4413,Ge2H2,1,37,4.6778478400000045,10.2121340656193,-2.102646010725509,-0.49151267370463536
4414,Ge2,2,19,0.3237678099999946,1.0057671577403822,2.2204783072739716,0.14701224472819552
4415,Hf2Te6,1,73,1.5341301299999976,-27.216946238067827,1.3441694241890487,1.9009803595273866
4416,Hf2Te6,1,73,-0.3135829800000112,-25.910538829005727,3.173030697666637,2.0366544756919467
4417,HfSe2,3,28,1.3637929000000266,1.2161542537271868,0.16782041017809424,0.46075911943712744
4418,HfS2,4,28,2.3246999874999936,0.8022743964899761,0.956558595568854,-0.5462288752487119
4419,Cr2I6,4,33,-0.23789912749998,-1.4454403093489783,8.979623737828653,-0.31499474952943896
4420,HfSe2,3,28,4.469085505000018,-2.107213467748228,-2.905068844945494,-0.3979733490857118
4421,V2CO2,3,81,4.663613594999928,25.551973941494012,-2.694360809953033,0.6957329537162993
4422,Cr2I6,4,33,1.0521065150000153,0.6901216751041515,9.590819105079024,-0.20715397142345682
4423,Ge2H2,1,37,7.973586990000022,7.633743650157043,-5.382191651623659,-0.8114183282466847
4424,Hf2Te6,1,73,2.651148154999964,-26.360805426703045,0.2088352097410433,4.124874915017533
4425,V2CO2,3,81,0.0398474899999845,28.050382577571018,1.920285784396276,0.6652820142038118
4426,HfSe2,3,28,1.0818788100000123,1.4027931403402587,0.38455427798470865,0.033315947779426924
4427,Ge2H2,1,37,3.9458694800000114,6.539727176799305,-1.3774217311800245,-1.5917970681449494
4428,Hf2Te6,1,73,3.6005399999999868,-29.250598825810737,-0.7373309908294545,0.9219298384602994
4430,V2CO2,3,81,-2.142099839999985,29.497932655170274,4.058760506465744,-0.05487467591493189
4431,Ge2H2,1,37,-0.6790242299999807,9.9137868986096,3.2610060876176767,-0.21979513709088028
4432,Ge2,2,19,-1.3263826437500057,2.426719513307704,3.883070714047247,1.298540439973964
4433,Ge2,2,19,0.6696091550000025,0.7854332072131323,1.9116536719195532,0.11149262811665606
4434,Ge2H2,1,37,4.462171299999998,8.099356270088707,-1.8643155731221497,-1.778904421871946
4435,HfSe2,3,28,0.8514877225000053,1.026680979625544,0.6442342137258859,-0.5930823152302096
4436,HfSe2,3,28,-0.0267346849999761,1.815021808044308,1.4434483201267259,-0.5557284999924962
4437,V2CO2,3,81,-4.393279582500069,32.523308386643336,6.348539024829476,1.1911954385435668
4438,Ge2,2,19,-0.4278037750000045,1.310552696712244,2.978767494685877,0.2434768878692672
4439,Ge2H2,1,37,2.388870165000024,7.276008203377661,0.1670050171517703,-0.3374917161958044
4440,Cr2I6,4,33,3.6964012849999968,0.2734385263250765,8.254234783979902,-0.42420268740986833
4441,V2CO2,3,81,2.6372478400000268,27.1811424499424,-0.6807498131521874,0.7457684284122452
4442,HfS2,4,28,4.405812829999994,-0.505363315610956,-0.3146525326061953,-1.566597710320225
4444,HfSe2,3,28,3.1463690100000044,-0.34562336384115033,-1.4393890994673708,-0.3157608804986616
4445,HfS2,4,28,0.101978944999983,1.157576514022539,3.1239701039959886,-0.31179683135252206
4446,Hf2Te6,1,73,6.224252947499975,-28.563613581985855,-3.3635844472354894,-0.12185216777585417
4447,Hf2Te6,1,73,-0.3482758724999988,-29.024795559613647,3.2063020591251616,1.561773630411681
4448,Cr2I6,4,33,4.484492739999997,-0.6018249600775114,8.734706281657312,-0.6160320053147346
4449,HfSe2,3,28,2.5734954050000187,-0.18178107051210368,-0.9685070684369084,-0.2292092016156193
4450,Cr2I6,4,33,2.940240820000013,-1.7094831066821419,6.335416674862862,2.6622195643688835
4451,Ge2H2,1,37,0.7629331600000192,9.04044923669798,1.8133520432979138,0.04703026500048946
4452,Hf2Te6,1,73,1.6433649099999992,-22.93354980519755,1.21153084068156,2.7414897246028653
4453,Cr2I6,4,33,2.2431382950000103,0.5669746581860249,9.264624454989818,-0.6752669230950012
4454,Ge2H2,1,37,8.04426977750001,3.8110686370100826,-5.467242218219614,-6.51634206092693
4455,HfSe2,3,28,3.2279178666666777,-0.6891666618581245,-1.597230590144359,-1.3406432437495024
4456,Hf2Te6,1,73,1.260087299999988,-30.39926311240335,1.615158747973645,1.643599541328951
4457,HfSe2,3,28,-0.2019009599999757,1.5361447344140382,1.746209463468807,0.1731853494958253
4458,HfSe2,3,28,1.0433446275000071,1.1079923205768767,0.49919798902627877,-0.3183206028545197
4459,HfS2,4,28,2.7549706349999923,-0.6743936191232223,-0.04764517647338096,-1.0896093100539066
4460,Hf2Te6,1,73,1.6727148074999731,-25.37728136570208,1.1898385505780298,0.1287252725069441
4461,Hf2Te6,1,73,-0.8808535650000437,-24.73534219318375,3.7398007625962757,0.4024715338772003
4462,Cr2I6,4,33,0.8067001600000075,0.08064769715738174,8.316860626247246,-0.029304951323351425
4463,Cr2I6,4,33,1.8028187000000155,0.46556527979734774,7.450613255973291,0.15787767934365315
4464,Ge2H2,1,37,-0.1584720233333263,9.078951877281284,2.7464669961981127,-0.7388578634210275
4465,HfS2,4,28,-1.5932959050000135,0.33929023445252815,3.4467527200838353,-0.14199517865375433
4466,HfSe2,3,28,-1.2319033624999902,2.176185655819692,2.7638821683598738,-0.4267993288960872
4467,Hf2Te6,1,73,2.4940785399999617,-28.160559955430667,0.3686870900863015,1.7135947712335589
4468,PbI2,2,28,1.6207177650000009,0.0745166926517733,0.20153796562896642,-1.957708439336752
4469,Ge2H2,1,37,3.4155301450000213,7.879746020008524,-0.8652194140658782,-1.0809711812243865
4470,Cr2I6,4,33,-2.40469746249998,3.0083717153279426,11.387155219496135,2.057416721762065
4471,Hf2Te6,1,73,1.459218964999959,-26.33817329608008,1.4088497300684004,3.654435648494914
4472,PbI2,2,28,-1.0833677500000067,3.416771655232754,2.8837656626612413,1.7425658354670275
4473,HfS2,4,28,1.5082442249999792,0.048522523428365494,1.6081448906514695,-0.36796528956754515
4474,HfS2,4,28,-1.9339939400000072,1.061786695762743,4.4565949086788,-0.30447335596455183
4475,HfS2,4,28,0.9581336549999868,0.03771909355297132,1.622396988463148,-0.6110571992479319
4476,Hf2Te6,1,73,1.1027685874999822,-26.720011956920352,1.7567774380940935,0.510328682829811
4477,Ge2H2,1,37,3.803840035000011,6.438029255669749,-1.2231848575657254,-1.8828131693587349
4478,Cr2I6,4,33,4.827614414999998,-0.6231191439530424,8.008388570636395,-1.1381256861588525
4479,HfSe2,3,28,4.445928680000023,-1.4509415895713524,-2.8092150162630434,-0.11286301125816056
4480,HfSe2,3,28,3.3971255175000263,-0.8046824486778013,-1.8625991693860127,-1.0278197478975688
4481,HfS2,4,28,2.2131612099999867,1.7284794054632702,3.742298861563734,-0.863494177440274
4483,Ge2,2,19,-1.7258382600000075,2.9689291677326533,4.2600800158034335,1.3598820330153476
4484,Cr2I6,4,33,2.188400840000015,-0.52742856267661,8.303257807855108,-0.8545874905940904
4486,HfSe2,3,28,-0.6212599949999991,2.03491885234558,2.128792790270283,-0.6009937249656179
4487,Cr2I6,4,33,2.7030221350000154,0.08327725261391672,8.74256744712533,-0.9777379559482984
4488,HfSe2,3,28,2.429395002500021,0.05316519501228756,-0.9666874432323411,-0.00571668384055668
4489,HfS2,4,28,0.0678694999999853,0.05895948839316249,2.6710531754506577,-0.0772701856282405
4490,Cr2I6,4,33,1.5274240324999946,-1.0130620151863554,7.734615509698187,-0.4301343113289333
4491,Hf2Te6,1,73,1.6647422299999963,-29.127611953637896,1.19890626408468,2.258318902431034
4492,Hf2Te6,1,73,2.9061738549999805,-26.79243889444395,-0.04646030061765627,-0.8607116837633066
4493,Cr2I6,4,33,2.127254865000016,0.7126225814924974,9.162637689283127,0.05812034862303106
4494,Hf2Te6,1,73,0.4521687966666599,-23.58817570826232,2.4168245651243154,-0.3715599519095798
4495,Ge2H2,1,37,4.642750745000015,6.69129577777627,-2.051687325022191,-1.896618172508051
4496,V2CO2,3,81,1.514478734999981,27.954718061417257,0.44194387210400254,1.3586684347489608
4497,Hf2Te6,1,73,1.7695807325000028,-26.4057066944395,1.1015291504905163,0.09763736455098182
4498,Hf2Te6,1,73,2.6887442149999874,-27.713283606199738,0.16703590966431925,0.8825628878391645
4499,Ge2H2,1,37,2.687255250000008,8.233856492655427,-0.09762794433340272,-1.0303773349355143
4501,Hf2Te6,1,73,3.924979599999972,-26.799312743234225,-1.0586150414621707,0.07302809488019557
4502,Ge2,2,19,-1.5046918100000048,3.3558932647983855,4.06943016309347,2.0269364223759
4503,HfSe2,3,28,-1.867814034999975,2.3683408605869296,3.3232743847187045,-0.0832329881374354
4504,HfS2,4,28,0.0186076174999827,0.2808177460406667,2.891010124402687,-0.1707526853507314
4505,Cr2I6,4,33,2.7772640349999955,-0.3293286127384394,8.283015413827112,-0.7651338937417558
4506,PbI2,2,28,7.083680085000003,-2.169175874845787,-5.243474614279076,-4.843323043641055
4507,Cr2I6,4,33,-0.3451828549999985,1.4022914161979152,9.096141853998006,2.8612466246584054
4508,HfS2,4,28,0.7017764399999873,0.7559226999129358,2.1984359273757046,0.14227555686687465
4509,Ge2,2,19,1.573444744999995,0.44371892903666654,0.9963123191835581,0.6642166166943408
4510,Ge2H2,1,37,2.3171888825000204,9.080013291368793,0.285372670819275,-0.8008092082243043
4511,HfSe2,3,28,3.0063850750000047,-0.8403667081863451,-1.4521593520512945,-0.4216865568827357
4512,Hf2Te6,1,73,0.2459690249999653,-24.29304676026506,2.610821994439732,0.8183915935913433
4513,Cr2I6,4,33,1.2204399737500014,0.2989752458748358,8.795803603253479,-0.5130745403749607
4514,HfS2,4,28,1.8069966049999864,-0.09633606791604277,1.244775909979058,0.6937942294268935
4516,PbI2,2,28,1.7877689762499958,-0.3627953294502724,0.023688578249312586,-1.6605375372953246
4517,Cr2I6,4,33,2.4458253933333425,0.906750465100699,8.041808748906547,-0.7418140325291025
4518,Hf2Te6,1,73,2.327136849999979,-21.147503232598858,0.5446758114888719,3.723059638698344
4519,Ge2H2,1,37,1.066274450000001,9.20693734707845,1.5147198381266265,-0.26883694109904066
4520,HfS2,4,28,1.741996477499983,0.4507775798883227,2.563874055489519,-0.6575709089193555
4521,Ge2,2,19,0.3549355549999955,1.1903385437141971,2.1662706252546227,0.6182010687004643
4522,Hf2Te6,1,73,0.4859779299999572,-22.66479162590755,2.3738936959003114,3.1172089952523216
4523,PbI2,2,28,7.470986969999991,-3.3950276054268302,-5.645748662682894,-0.32769088718545714
4524,Ge2,2,19,0.6345605449999967,0.2424064082775912,1.8999086621278924,-0.06742060155924146
4525,Ge2,2,19,-0.2267627699999952,2.383340913437699,2.769317307455236,2.274970609330033
4526,Hf2Te6,1,73,2.0802610499999936,-22.111964760556024,0.7940302110371973,1.4038448548970606
4527,Hf2Te6,1,73,1.5766069199999952,-20.93498588664937,1.2724040243664598,2.004250754280807
4528,V2CO2,3,81,-3.6947854099999935,31.925377104513952,5.6392068602970316,1.322982205781447
4529,Ge2H2,1,37,7.905060877500018,2.3069310684024877,-5.341011633573016,-7.226321727134825
4530,V2CO2,3,81,1.441347775000006,27.796515288812248,0.5344860383493999,1.3175579536580344
4531,Ge2,2,19,2.5392067449999995,-0.366233747970377,0.031041699875081985,0.6654859366304531
4532,Ge2,2,19,-0.7364219100000042,2.6808916400593104,3.296488808663843,1.8803939094862916
4533,V2CO2,3,81,6.1857016649999865,16.618715309385593,-4.17123275669005,2.7719523343286268
4534,Ge2H2,1,37,2.342017043333334,9.372186791200358,0.24772247801116887,-1.193927197358094
4535,Cr2I6,4,33,-0.8667763699999813,0.5024263689827286,9.348330004007753,-0.5504749784955021
4536,V2CO2,3,81,-2.670197214999996,29.703200783649287,4.579740848460995,0.11363216868957116
4537,HfS2,4,28,6.226366979999987,-2.6306609145041775,-1.198052627964464,-1.5709705185131702
4538,Ge2H2,1,37,-1.6692309674999786,11.963599393505024,4.266557325659361,5.334230452515848
4539,Ge2H2,1,37,2.094609490000016,9.237752367096338,0.48985617263833037,-0.907754293047196
4540,Hf2Te6,1,73,-0.2063279900000328,-28.60811392932675,3.0529404434607263,0.9480723095979128
4541,Cr2I6,4,33,3.1470452624999954,-0.04537332837218777,6.126914016560368,-0.11840340280964723
4542,Hf2Te6,1,73,0.5788356533333059,-28.46840374377215,2.283896121314725,3.1738599865948762
4543,Cr2I6,4,33,4.966884979999994,-0.34287727812621505,6.707472315036322,-0.9587715957531682
4544,PbI2,2,28,-0.3655376133333397,2.458294043641364,2.1811999973665426,0.47565934032308577
4545,HfS2,4,28,7.256819214999995,-4.804329679986161,-3.311924901187739,-0.7383479740026804
4546,Ge2,2,19,2.214945004999993,-0.7218916481935558,0.33413238662445766,0.3520967099861725
4547,Cr2I6,4,33,0.7001391200000091,0.6665079645540273,8.433935925585622,-0.2288944271975799
4548,Hf2Te6,1,73,2.0007676337499705,-25.251386806799896,0.8464242563307995,1.2011334842106414
4549,V2CO2,3,81,1.6695521100000104,28.029733079310702,0.28863511248076357,1.7588842487697245
4550,Ge2,2,19,0.7045870924999926,1.064949045080879,1.863585004706123,0.6594610705961175
4551,Hf2Te6,1,73,1.0442731974999742,-27.077893793431983,1.8162055215755468,-0.44924447918739274
4552,Ge2,2,19,-0.6063122899999946,2.4673280866613716,3.133774216142369,1.67051984386352
4553,PbI2,2,28,0.6059965875000035,2.5907810741414354,1.2170340035110438,0.6163852029790207
4554,Ge2,2,19,2.573878124999993,-0.34099800949095993,-0.013951058832797347,0.5427370909373033
4555,Ge2H2,1,37,-0.1128331299999831,10.831073550023582,2.666248666880476,2.962003496922997
4556,HfSe2,3,28,2.8624038000000054,0.08444145330860886,-1.3135648269546563,0.01566512395018993
4557,Hf2Te6,1,73,4.826338397499951,-25.50131005747818,-1.9708275268843098,-1.9700585872302772
4559,Cr2I6,4,33,0.4794508600000098,-0.49904854931071946,8.325623394671723,-0.39559610523418137
4560,Ge2,2,19,-0.0052018899999941,1.7972376286271101,2.579972658483474,1.0338005959275252
4562,HfSe2,3,28,-0.3449111249999754,2.1097919411417396,1.8925980992075357,-0.6895020537618246
4563,Hf2Te6,1,73,4.707677224999967,-26.983283777759773,-1.8485136228067707,-0.29739842785030923
4564,Ge2,2,19,1.3726739049999928,0.7861299553464833,1.1825021941414462,0.20412636190165934
4565,Hf2Te6,1,73,2.2679080749999567,-28.587498723015294,0.596271536206098,2.818592092846723
4566,V2CO2,3,81,3.6595743874999727,25.24054483768415,-1.6994115094634736,0.6775838156250273
4567,HfSe2,3,28,-0.0934865449999912,1.3540324742729606,1.547241526358837,0.42921606452615496
4568,Cr2I6,4,33,2.3671106350000093,0.8440872975612295,8.911547556363008,-0.7559149912571301
4569,HfS2,4,28,3.7705036674999928,1.9119250103767973,2.4867127860522533,-1.162931509322299
4570,Ge2,2,19,1.855336404999992,-0.1890510491141686,0.6898817448209713,0.17241877599467736
4571,Cr2I6,4,33,-0.1541556300000042,-0.8680624384407509,8.070900776115625,-0.5273718256477823
4572,Hf2Te6,1,73,6.155975709999992,-33.846976727888375,-3.294312209532056,-2.2482694493188395
4573,V2CO2,3,81,3.601516379999964,26.19484840424076,-1.6375171086071418,0.7065978307646033
4574,HfS2,4,28,1.7774583700000015,-0.08726749844340165,1.631187021464232,-0.4698318444389866
4575,HfSe2,3,28,-0.22194435,1.211970148479716,1.6451335132080078,0.1161372045633952
4576,Hf2Te6,1,73,1.2659304999999883,-28.513049688308705,1.595340007176729,0.9246487554219682
4577,V2CO2,3,81,7.4576781149999345,13.202561263611313,-4.993546123931413,3.497821534047917
4578,Ge2H2,1,37,0.238061570000009,10.397526599097892,2.34348155769571,0.1575700612154044
4579,Cr2I6,4,33,2.430413475000001,0.4514354960489899,8.97124021215922,-0.7735222084950772
4580,Cr2I6,4,33,1.6058162350000045,2.2464816273708044,8.904381285256038,-0.7379873095493615
4581,Hf2Te6,1,73,1.6144267399999856,-28.26143015224669,1.2540287494765363,2.945083967855239
4583,Cr2I6,4,33,0.0761542350000015,-0.49533510505615386,10.441490845884298,0.1983672748063136
4584,HfSe2,3,28,1.8817586750000128,0.4220297485381952,-0.33554548523916883,0.13168900706277187
4585,V2CO2,3,81,5.547267232499999,24.14334341470154,-3.582271888020121,0.7872744061922203
4586,HfSe2,3,28,2.7085167250000017,-0.5653574547134417,-1.2054981868428565,-0.12876610765482743
4587,Ge2,2,19,4.279989645000007,-1.6765874277707993,-1.6768954645749985,0.39407181231607424
4588,HfS2,4,28,0.5227225550000005,0.9412669809675085,2.4853383771594233,0.4463665556923416
4589,Ge2,2,19,0.6736565837499997,0.49785260267679887,1.855556010282288,0.50330829528595
4590,Ge2H2,1,37,4.025200345,7.065709453940023,-1.4337421833280435,-1.5654597062670899
4591,Hf2Te6,1,73,1.938430242499996,-25.59100867585469,0.9277630520251505,0.1899716727323444
4592,PbI2,2,28,2.679999555000001,-0.5349344063285328,-0.8539692211631278,-1.1680012989524344
4593,Ge2,2,19,-0.9271703866666684,2.7150514431343606,3.4958563156471776,1.4452384221102923
4594,HfSe2,3,28,3.046723425,-0.7748253937652589,-1.5887876943837485,0.2401724858988441
4595,Hf2Te6,1,73,0.5598432099999546,-27.147867269931393,2.3025550965287724,-0.8579068060896355
4596,Hf2Te6,1,73,1.9363009799999773,-20.131675071466244,0.9371537497160056,0.7405810485797346
4597,Ge2H2,1,37,2.934647805000024,7.442085815961484,-0.3414316241986324,-1.5872738028612503
4598,HfSe2,3,28,1.6497234425000042,0.36187423059824186,-0.19238038073496933,0.12310978561126285
4599,Hf2Te6,1,73,3.3645075649999487,-27.208802987236076,-0.4879900307439673,-0.058809488115997066
4600,Hf2Te6,1,73,2.143847027499956,-26.568155565936845,0.7263865877395053,1.5801391213342724
4601,HfSe2,3,28,0.7707681275000056,1.3201979382246853,0.7655433399886011,0.16514849497975115
4602,V2CO2,3,81,0.159493265000008,25.155264797362662,1.8092690930296753,0.35265944655038667
4603,Ge2H2,1,37,1.2222760050000092,8.600895610600578,1.3471127819516915,-0.581974022438262
4604,Hf2Te6,1,73,0.6811047099999961,-25.26707535018249,2.1657239891119424,2.7145690418310586
4605,Cr2I6,4,33,0.9217494150000078,0.4800714035831628,8.277784762780144,0.396238464117322
4606,PbI2,2,28,-0.8244372950000063,2.4998389826220766,2.567478532195339,0.27298036674683246
4607,Hf2Te6,1,73,-1.1414388650000205,-27.658444977468243,4.000944756799948,0.4253632856746624
4608,Ge2H2,1,37,5.708732527500015,8.006529567633448,-3.1186186492498926,-1.1616849124487452
4609,HfS2,4,28,-1.342058565000022,0.415405577201967,3.3407042282614356,-0.10653536937701236
4610,Ge2H2,1,37,7.7200118100000115,6.754610280657541,-5.140461305315563,-0.8045671180241003
4611,Cr2I6,4,33,3.713004485000012,-0.3145100029596066,8.366415406039518,-0.14527787290894745
4612,V2CO2,3,81,5.536789057499983,24.53273666118898,-3.5309648492404007,-1.4038541692960447
4613,HfS2,4,28,4.9146207549999925,-0.5916198471020433,0.12976038666260514,-0.165259557846265
4614,HfS2,4,28,1.494195217499994,-0.28856475612507526,2.124147182097174,-0.2491997426846253
4615,Ge2,2,19,-0.6300859149999969,2.780583987306312,3.1049538946854622,2.228358198871965
4616,Cr2I6,4,33,2.0253108200000014,-0.4598954376147475,6.6261160913540635,-0.30156897073649236
4617,Hf2Te6,1,73,5.26826222499998,-29.32424759627175,-2.4114790733733935,0.15405734617718458
4618,Cr2I6,4,33,1.834953597500004,0.15356638897053632,8.267641294683935,-0.03813645374186603
4619,HfS2,4,28,-1.5909923400000128,0.5113917674139532,3.5116244242107264,-0.05494144702798209
4620,Cr2I6,4,33,0.7856779250000017,0.3651618806030257,8.87691170449117,-1.6351873231424983
4621,HfS2,4,28,1.4793980499999986,-0.13636259048156596,0.7500094194315605,-0.9993489166992173
4622,V2CO2,3,81,-0.826833345000062,30.125148154799255,2.7849732413928843,1.7787046209018564
4623,Hf2Te6,1,73,2.590984279999983,-25.353458578477156,0.2681770174802822,0.05668964476401461
4624,HfS2,4,28,0.3088855649999935,0.314674664937242,2.831135520739142,-0.08381413479369465
4625,Cr2I6,4,33,4.342165940000015,0.2632569541599379,7.247596072163782,-0.40347686707317587
4626,Ge2,2,19,3.8295135949999928,-1.509235467011813,-1.293711628014926,0.26540147712321716
4627,HfSe2,3,28,6.484705535000017,-3.9978655253106856,-4.977726506616126,-5.091673461025407
4628,Hf2Te6,1,73,2.444188074999979,-26.162626461917093,0.4197460445424608,-0.17025816116127457
4629,Hf2Te6,1,73,3.4131108449999825,-28.18352130324685,-0.5514612522824938,0.8955575300152763
4630,HfSe2,3,28,1.1814398800000276,0.8367487555081916,0.3870353266929858,-0.6650861536130037
4631,Ge2H2,1,37,14.625789050000003,2.1374527178832974,-12.06834499412486,-6.482027097281904
4632,Ge2H2,1,37,5.190323687500007,6.445933166239413,-2.615524388259895,-1.4548189807993643
4633,HfS2,4,28,5.631510834999977,-0.045300902036923496,-1.223090351728696,-1.2259719581485777
4634,V2CO2,3,81,1.6990954475000102,20.924684961995027,0.3282038771714171,1.6947043342993062
4635,Ge2H2,1,37,3.650030305000018,9.019800970939924,-1.0757978856681492,-0.5544401109336521
4636,Cr2I6,4,33,7.307663215000002,-3.738180967965293,2.0836208534254954,-1.5442389774308287
4637,HfSe2,3,28,1.1905101650000045,0.6333759116092892,0.3431072917540441,0.2267275936364701
4638,HfS2,4,28,3.802576789999996,-0.7512499588181516,-0.030277738715205782,-1.0978020923783323
4639,Ge2H2,1,37,3.2695674975000064,7.273839306902664,-0.6738858301721256,-1.5756504614434879
4640,Ge2H2,1,37,2.8779699225,8.54562200916097,-0.292611461755778,-1.4119398413868207
4641,Hf2Te6,1,73,1.506224274999974,-23.555948138601657,1.3492005265086116,-0.12442155715532865
4643,HfSe2,3,28,0.1812004650000007,1.1683324571089673,1.2923624908563225,-0.4857026342911791
4644,Hf2Te6,1,73,1.2842487874999633,-18.884302177367108,1.5701941268270225,3.142297468247514
4645,Cr2I6,4,33,1.9087384050000145,-0.8452043041495914,6.700056323914882,0.7475485498797463
4646,Cr2I6,4,33,1.3974435250000123,0.7474377234741088,8.190897035595182,-0.5777983188664878
4647,Cr2I6,4,33,4.993434800000001,0.498214430321247,7.815249191432189,-0.7739023102233897
4648,Hf2Te6,1,73,2.3853523799999587,-27.414638844055336,0.48410120912154175,-0.0562812556052239
4649,HfS2,4,28,5.4561459499999865,-0.10860811456094055,0.8642494401926815,-0.48249295139362225
4650,Hf2Te6,1,73,1.0733037324999573,-28.14312834861426,1.787435419136802,0.9138591754183369
4651,V2CO2,3,81,2.7313030599999912,25.458161111727506,-0.7763597607064732,1.901519453580331
4652,Cr2I6,4,33,4.878742007500009,-3.8817587972542413,4.136930636479382,-4.085198231623647
4653,Hf2Te6,1,73,2.920656944999965,-26.78252794910458,-0.06253785460181227,-0.3501665052670955
4654,Ge2H2,1,37,4.062960989999997,7.704390796295575,-1.4750922995092743,-1.7387266633194955
4655,Ge2H2,1,37,0.5232637166666672,9.359146253298949,2.0608316819183345,-0.9026281277028407
4656,Ge2,2,19,1.5482594437499957,1.0903095138966923,0.9580104085703574,1.2233102851013227
4657,HfS2,4,28,0.6848181762499936,-0.15257397077514012,1.425560486495164,-0.31930810989969255
4658,V2CO2,3,81,1.1941347799999802,25.81662226892478,0.7745165147082718,0.2192692078845413
4659,Ge2,2,19,-1.4529587550000058,1.7966308715974992,4.0118330441947485,0.2961570544079648
4660,Cr2I6,4,33,-0.9587737149999862,2.3045172122127138,10.055613619785142,1.223940196335944
4661,Cr2I6,4,33,2.199687265000008,-2.341666800420744,6.68955033755177,-1.3569193906001873
4662,Ge2H2,1,37,-0.1285366999999826,9.272509096850568,2.710398474126671,-0.9123800607625498
4663,HfS2,4,28,-1.054645592499997,0.3166195298524953,3.316734487344052,-0.6781498844134553
4664,Hf2Te6,1,73,6.642826504999992,-27.588079797719516,-3.772685237223503,0.5915157521818113
4665,Ge2,2,19,-0.3170494700000001,0.905552036019694,2.8708879614398195,0.45398275698476165
4666,HfSe2,3,28,-1.1131604099999766,2.25063979474017,2.6516789580117566,0.4069455052148203
4667,Ge2,2,19,4.000702264999996,-1.6349858871059122,-1.3895806104894977,-0.8573735188401241
4668,HfS2,4,28,4.1574089599999935,-1.3090347521854588,-0.2116570545587093,-1.307545510267531
4669,HfSe2,3,28,2.0072451625000074,0.5600000030069912,-0.42867733972575617,-0.5236919118693109
4670,V2CO2,3,81,1.669873654999973,27.52495549106733,0.2847224671059432,-0.09874933973813227
4671,Ge2,2,19,-1.045861415000001,2.8612490216207895,3.5572599688482676,2.0010633587154145
4672,V2CO2,3,81,0.5013117049999698,28.707913393292063,1.4645817622673845,0.7427850509814755
4673,Cr2I6,4,33,1.1017731800000012,1.5221548105954983,9.345699273117368,0.1761472250699858
4674,Hf2Te6,1,73,1.3070288837500046,-26.666435275529587,1.5517646133355667,-0.11099953855550582
4675,Ge2H2,1,37,0.1912179950000157,9.920131110834944,2.3991594152528735,0.4470027125754644
4676,Cr2I6,4,33,5.944229072500002,-0.19463335093729928,6.408345315686134,-0.05347039914998586
4677,HfSe2,3,28,-2.2426479875000007,2.413958491777548,3.770815394217937,-0.3839323303151443
4678,Cr2I6,4,33,3.3695392000000117,0.23539898918862745,5.866597951718128,-2.027520158620719
4679,Hf2Te6,1,73,1.2045959233333066,-25.336612820534846,1.6600750685642764,0.23868739613996004
4680,PbI2,2,28,2.768104109999995,-2.089128368931473,-0.9707032778237865,0.5894688429062955
4681,Cr2I6,4,33,1.5485575000000111,-2.180869003092459,6.767067650998423,-0.5642075736872466
4683,Ge2H2,1,37,5.2398004075000255,7.456965492158178,-2.6802416980375416,-0.3540536105741632
4684,Ge2H2,1,37,0.8803059100000052,9.243778085819086,1.6866159599137316,-1.0795561312524466
4685,HfSe2,3,28,0.7006386700000133,0.47564210665963436,0.8196171340618763,-0.2795841478035615
4686,Cr2I6,4,33,4.390525795000015,0.45640232465940844,8.084455354037665,-0.8183283577136384
4687,V2CO2,3,81,1.7329607650000047,27.78186918851155,0.22211986339507583,0.8375748153171745
4688,Cr2I6,4,33,-0.8173571999999882,1.485509373360177,9.77108384928435,4.101520595563749
4689,HfSe2,3,28,6.20854995750001,-2.878079832619537,-4.760496557778228,-0.40001136166464146
4690,HfS2,4,28,-0.403341045000019,-0.08358503379636772,3.1245150466937446,-0.7514425217927869
4691,HfS2,4,28,5.214555659999977,-0.03646858444862655,1.5748100289597806,-0.05202937037798794
4692,Hf2Te6,1,73,2.478418054999969,-27.40635437053647,0.3920160702645168,0.10156009314252756
4693,HfSe2,3,28,0.328406395,1.9954429254116821,1.250882802921753,-0.5105133667407227
4694,Hf2Te6,1,73,-0.2151977200000476,-29.230277937780915,3.07373873181035,0.808805105953315
4695,Ge2,2,19,0.9975421675000008,0.6923919669833366,1.5795821499870804,0.4323242656436149
4696,V2CO2,3,81,1.336341674999951,27.625387374682667,0.6327713967595907,0.9626115402812174
4697,HfS2,4,28,0.0238079649999782,1.2089729683801487,2.81636790208071,-0.3555653515254502
4698,HfS2,4,28,4.347259839999984,-0.8304244683467457,1.9406297200636953,-0.38576746049355526
4699,Hf2Te6,1,73,1.3862284449999818,-27.293308380073835,1.463258939160378,3.0856339506044694
4700,Ge2H2,1,37,8.64454542000002,3.8554018100211387,-6.0729491948972765,-5.953700645753804
4701,Ge2H2,1,37,-0.7350750374999757,11.306062341551694,3.3209255941914635,1.6954576579935465
4702,HfS2,4,28,0.7413670724999779,0.45657733019472424,2.094835072122825,-0.1599818573764834
4703,V2CO2,3,81,3.5061696749999243,26.905050160281448,-1.5431252302799738,1.570833168221104
4704,Cr2I6,4,33,2.0152315433333343,-0.40050388728678477,6.980440841564533,-0.39095482582946883
4705,V2CO2,3,81,-0.0078911000000649,28.23941683903408,1.9858586006867105,1.6791890873022093
4707,Hf2Te6,1,73,0.6414804099999634,-24.839725696941493,2.221931254962805,0.65539900074375
4708,HfSe2,3,28,1.6027926800000267,0.500274757807692,-0.14201758278882481,-0.0666302241233585
4709,V2CO2,3,81,-0.4193788850000679,28.96218217250617,2.3678032242945015,1.5731981281132679
4710,HfS2,4,28,1.3068177674999806,0.1867394472369579,2.2626081332772006,-0.500999686597881
4711,Hf2Te6,1,73,-0.1473374900000168,-26.508302396856063,3.0097304718471443,0.5772123075303309
4712,Ge2,2,19,4.13280462,-1.5976706224007162,-1.5611263391696166,0.6301990471956378
4713,V2CO2,3,81,2.358933672500016,26.729518905090927,-0.39218305070436177,1.089470083323755
4714,Ge2,2,19,-1.8370812550000009,3.36417840071635,4.301711342216696,1.032200000168051
4715,HfS2,4,28,1.9114100349999985,0.09013213584249025,2.4305999862097183,-0.4444272332447292
4716,Cr2I6,4,33,0.1230472200000183,0.13747276138425904,9.003260784061363,-1.1464145454649028
4717,HfSe2,3,28,0.859371795000019,1.2744134528027153,0.7458111308600681,0.8740370534446018
4719,Cr2I6,4,33,2.6017185349999927,0.3203379810115634,6.264396995331937,-0.559992184215691
4720,Hf2Te6,1,73,3.5055375599999783,-25.036271542721945,-0.6466661000390408,1.8490587369462297
4721,Hf2Te6,1,73,1.3713578924999856,-24.939765030688665,1.4946820988787985,1.722424373481053
4722,HfSe2,3,28,1.319419885000011,1.0139600591655369,0.2675513979589734,-0.7151057961785998
4723,Cr2I6,4,33,-1.5654243450000052,0.8378957729174856,9.892295461956081,0.23270486003499857
4724,Ge2,2,19,-0.1645743650000009,2.119526366571656,2.6756278476914477,1.1571992438833627
4725,Ge2,2,19,0.0160295750000037,1.2705931082071904,2.5728351885777756,0.11695474532266882
4726,Hf2Te6,1,73,-1.5898603650000496,-24.455506160649975,4.4432818146613045,3.1216172826356496
4727,Ge2H2,1,37,2.981524872500009,9.55949393141438,-0.39423617493938057,-0.7216081695937184
4728,HfSe2,3,28,6.571985725000025,-2.9612134729172004,-4.90160350346021,-0.0661594107096608
4729,Cr2I6,4,33,2.5018842850000107,-0.5823082758854274,6.348772423081553,-0.3798336420327866
4730,V2CO2,3,81,-0.5956768462499751,28.869438277626116,2.5459066897075147,1.0290695696513625
4731,Hf2Te6,1,73,2.6439069250000022,-27.163417114692184,0.21831375968729416,-0.2842552799753846
4732,Hf2Te6,1,73,0.7462595374999823,-23.426046616993187,2.1341267355662206,-0.36675688342435975
4733,Cr2I6,4,33,2.6540300900000067,-1.0780158891536524,6.929415021910495,0.5454913721225925
4734,Hf2Te6,1,73,1.134633637500004,-28.665744639468386,1.7254578898030561,0.5078140725372275
4735,Cr2I6,4,33,7.426723505000013,-2.952326799372572,2.1036381871106835,-0.9167747745312633
4736,HfSe2,3,28,1.8707459000000184,0.05413639274747917,-0.3860249149053121,-0.47537009191998103
4737,V2CO2,3,81,2.514957083333264,27.305625703862578,-0.5478551914977337,0.2735891609701211
4738,HfSe2,3,28,2.7157491475000164,-0.21446307794791286,-1.1339185664707603,-0.437962376043616
4739,Cr2I6,4,33,-0.7556051049999829,1.0917880171907381,10.076288186944767,0.6845701172324454
4740,Ge2H2,1,37,-0.9722586849999798,9.962594467368959,3.552655734585958,0.24368409113808198
4741,Hf2Te6,1,73,5.649152780000002,-24.27445310793681,-2.7910921816265892,0.9004312908414693
4742,Cr2I6,4,33,4.7811284325000125,-3.047867959884453,4.459357752255948,-1.5645745855049769
4743,HfS2,4,28,3.0266253349999785,-0.0005865690926909473,1.5693584881404834,-0.5393223164300323
4744,HfSe2,3,28,2.1502116125000024,-0.19791924965108465,-0.7124270201894147,-0.3107094368509953
4745,HfS2,4,28,1.859098365000002,-0.39148935684672237,1.6470809677331524,-0.4223079781642678
4746,HfSe2,3,28,1.03430790500002,0.42487241033557166,0.41376746896746863,0.0031989535077723286
4747,HfS2,4,28,4.411899257499996,0.7909142088899781,0.21229552348551906,-0.6470348127673295
4748,Cr2I6,4,33,-1.1034866024999828,0.8967993110367666,10.834329868351322,-0.3205805768619965
4749,HfSe2,3,28,0.5993762900000114,1.1313698600167732,0.8554613103901051,0.07249878947284838
4750,HfSe2,3,28,0.9952416400000016,0.9649092376346827,0.5059937258676132,-0.5129812935873429
4751,Hf2Te6,1,73,1.1125223174999532,-26.247103803884027,1.743954227833909,1.606307711669765
4752,Hf2Te6,1,73,1.5470574449999588,-24.77013752376074,1.3115691590802414,0.3197086104250493
4753,V2CO2,3,81,1.3061006724999604,27.770940874003742,0.6514705558452747,1.1869180341396475
4754,Ge2H2,1,37,0.0766513900000083,9.8524610443872,2.4947798891824258,0.019328777388907717
4755,Cr2I6,4,33,4.203724950000007,0.4887785817738779,7.810423682685336,-0.33501006110942244
4756,V2CO2,3,81,1.2528783549999822,27.893691135432757,0.6838610102598242,1.1342774957283708
4757,V2CO2,3,81,4.682506332500036,23.787015031076216,-2.719237059059992,1.1458338800040337
4758,Hf2Te6,1,73,0.6336823149999553,-26.094415172386228,2.2298866267521604,-0.18947560036982836
4759,V2CO2,3,81,1.8485205000000104,27.212135411763498,0.1323936556421812,1.382832385564158
4760,Hf2Te6,1,73,3.0931831524999525,-35.325729243579666,-0.22880938909764925,0.48377073543950067
4761,Cr2I6,4,33,1.956852834999994,0.5533240620489561,8.649139959036871,0.24835320156769392
4762,Ge2H2,1,37,0.0200392675000118,9.584368360877267,2.5835344521604293,-1.4209715795117306
4763,HfSe2,3,28,8.628881300000002,-3.4641142730987564,-7.001324499157716,-1.304454648999025
4764,Hf2Te6,1,73,5.735136099999956,-27.093940405394445,-2.8641710165598107,-0.1958644274332242
4765,HfS2,4,28,3.640882602499991,-0.8347649089168208,-0.15289126949217868,-0.481528313127229
4766,Ge2H2,1,37,4.818032537500012,7.827402159969064,-2.22860335767264,-1.2876047637064736
4767,HfSe2,3,28,1.381236655000011,0.7053305084673962,0.17306297770822066,0.06395655623757857
4768,Ge2H2,1,37,3.506074250000008,6.688595076146436,-0.9332237047526122,-1.1289635700556517
4769,HfSe2,3,28,0.9013042750000212,0.7901785471003003,0.6087054906249788,-0.2830975753107918
4770,Hf2Te6,1,73,0.060798856249963,-26.870246860018884,2.8019181364461634,0.6276791367615117
4771,V2CO2,3,81,-1.0870913049999915,29.863588351152742,3.018582481287325,1.473353443684582
4772,Cr2I6,4,33,0.1231727600000018,0.4976002375382469,9.159713586181233,0.2577640215653465
4773,HfS2,4,28,-0.8481064150000144,0.7531593947872052,3.398975879874282,-0.31714611160114115
4774,HfS2,4,28,2.294023809999985,-0.15043987648761536,2.2003630219193675,-0.3511466365762179
4775,Ge2,2,19,4.045674797499997,-1.715283469959917,-1.5325579609521451,0.5412721667639193
4776,Ge2H2,1,37,8.251758185000009,3.3972937991511962,-5.721401459943042,-6.255195266972767
4777,Cr2I6,4,33,1.138182342500011,0.15781559502033393,7.843851426789641,0.8462438380216362
4779,Cr2I6,4,33,0.7881783650000109,0.37543876909422735,8.608593503069956,0.23270213547555474
4780,V2CO2,3,81,0.2296361299999624,28.62031505776961,1.7283490327350228,0.8149408725253672
4781,HfSe2,3,28,7.424444570000012,-2.689756208514213,-5.922812475616772,-0.04627900705242105
4782,HfS2,4,28,-0.9399942400000008,0.7714362384817512,3.652169529789836,-0.21990459740742918
4783,Hf2Te6,1,73,3.971844987500005,-29.19642710330913,-1.1068402095916796,2.1896514928059845
4784,Ge2,2,19,-1.2180009549999995,1.6995129054928584,3.7627484665458164,0.21253767273274682
4785,Ge2,2,19,1.32566019166666,0.6066113683665024,1.2352112902287868,0.25220044186554635
4786,Cr2I6,4,33,3.9778443700000032,-0.46796279409770003,6.663208511876624,-1.258041910918989
4788,HfSe2,3,28,3.6217853200000185,-0.49032671963787644,-2.027156310435301,0.0660982954937559
4789,HfS2,4,28,1.8743144699999783,-0.2437309452959988,1.455088533056866,-0.07983045072049832
4790,Cr2I6,4,33,0.0529120225000161,0.7361710609706463,7.789187763304732,-1.9801232276646077
4791,HfSe2,3,28,2.4974761200000213,0.13981682141131513,-0.982399681414104,0.11559103011594551
4792,V2CO2,3,81,-0.8091561449999727,29.148703858597585,2.80657756859413,1.0761618269915498
4793,Ge2H2,1,37,7.233316835000017,4.556403382386864,-4.63179589930564,-3.0594081245202807
4794,HfSe2,3,28,1.2388018350000136,0.5867896497055936,0.22757407226215265,-0.4166589955682509
4795,PbI2,2,28,-2.0044471749999984,3.523942185375975,3.793534947369383,0.8742199271260562
4796,Ge2,2,19,3.5264127000000016,-0.9363608503168757,-0.9715120140538551,0.4483586406880682
4797,Ge2,2,19,1.899202536250005,1.629178811406245,0.6289838644813999,0.8128073705187939
4798,HfS2,4,28,1.6241714833333334,0.8844132544443766,2.606940599465942,-0.43209539633534755
4799,Ge2H2,1,37,4.71601993,8.098970431531576,-2.1276297783403524,-0.7554449851859535
4800,PbI2,2,28,5.575902359999995,-0.9980717274723263,-3.761221465784094,-3.707956013399145
4802,HfSe2,3,28,-1.0904271299999937,1.9171202674867693,2.545570224062799,-0.15432066764811836
4803,Cr2I6,4,33,5.423014427500019,-1.2817631813655783,4.574754332227459,-1.0615136874487492
4804,HfS2,4,28,2.7392097899999905,-0.864122886427908,1.2866175383640641,-1.0531059691992093
4805,Hf2Te6,1,73,3.2057357424999484,-26.771596411318107,-0.3430530820792126,-0.08923385486058466
4806,Hf2Te6,1,73,5.984449059999966,-24.91708063208757,-3.1154215248793196,0.540563592079299
4807,Hf2Te6,1,73,4.019877194999967,-26.64311218225888,-1.1612077550483888,-0.4138967192563556
4808,HfSe2,3,28,3.108874750000025,-0.29159588800051317,-1.4914449769872278,-0.6804902075348149
4809,Ge2H2,1,37,8.455278785000006,2.9359381288590427,-5.883100500672818,-6.550517828235785
4810,HfSe2,3,28,0.5354684675000223,0.6687461848793315,0.9104157205162333,-0.06743733925244338
4811,Ge2H2,1,37,1.5743674400000094,10.150966727480458,1.0067621904066884,-0.6554733874945162
4812,Ge2,2,19,-1.2948369025000075,2.4593340793061396,3.8839227595734735,0.08467203764201603
4813,V2CO2,3,81,1.0855819499999262,28.72221389248868,0.8799840493490321,1.3257164839396895
4814,V2CO2,3,81,2.3899965100000085,21.51476492360137,-0.31070071583090053,2.9537210650732337
4815,HfSe2,3,28,3.516684295000009,-0.930171173077198,-1.9641770931694629,-0.7730835291359548
4816,V2CO2,3,81,-1.3581910450000445,30.085214408113448,3.31650784797856,0.5014379341144244
4817,HfS2,4,28,-0.5849237549999993,0.7939863710303744,3.3930278727113845,-0.477334170669353
4818,Hf2Te6,1,73,5.573712049999987,-29.18857155152078,-2.7013268660298535,-0.04333164203082962
4819,V2CO2,3,81,0.0344282100000228,29.76056733634092,1.9504617343944066,1.3305969526968155
4820,Hf2Te6,1,73,2.2528690149999973,-27.3356208454189,0.5997793226820911,-0.33858116970631635
4821,V2CO2,3,81,1.0112030262500329,26.929780984446378,0.9556421285122352,0.833212558949959
4822,HfS2,4,28,0.6517498899999863,-0.19936668967243093,2.0457640082137183,-0.28872382735248464
4823,Ge2H2,1,37,1.983993623333339,10.142892108681636,0.6034740471073348,-1.0980611380707863
4824,V2CO2,3,81,12.800937250000011,10.256971046585072,-10.818521732828787,-1.7326853223063257
4825,Ge2H2,1,37,7.673237287500013,2.7468514805053577,-5.117991411187758,-3.6560292676076385
4826,HfSe2,3,28,1.694383075000006,0.2644319035995424,-0.21995561337586045,-0.5415883165212054
4827,PbI2,2,28,1.1249532624999916,1.500515786317961,0.6955347930470868,0.22765982896881942
4828,Ge2,2,19,0.0242002300000043,0.8930898615145831,2.5067663300458736,0.005429477336421483
4829,Hf2Te6,1,73,2.6362466299999605,-26.75535332008887,0.21626644487491742,-2.103730667081361
4830,Cr2I6,4,33,-1.3624599849999923,0.21341849126626844,9.540847309015291,-0.3983471318263829
4831,Hf2Te6,1,73,1.291772089999979,-30.348087273639507,1.5538189782678433,1.7635394308943897
4832,Hf2Te6,1,73,0.6369915374999966,-27.712964809823603,2.2188860208903027,0.5529013108327263
4833,HfSe2,3,28,5.697442235000019,-2.209482134826069,-4.049396377252624,-0.8351014668217154
4834,Cr2I6,4,33,0.3530832100000118,0.9957527351293827,11.067002100935962,-1.0317400264825558
4835,Hf2Te6,1,73,0.0196866674999982,-23.537967729944047,2.847739886861981,0.3215453144132505
4836,HfSe2,3,28,1.5207777616666678,0.7980687819632966,0.11299687650929657,0.31977552202473847
4837,Ge2H2,1,37,10.662628640000015,3.7500386344750822,-8.09513031369844,-4.666728167994807
4838,Cr2I6,4,33,0.5303776850000013,1.3473593602880847,8.14076211157491,2.1197331160609933
4839,Ge2,2,19,-0.8855111875000059,2.997309553410854,3.433875707572943,2.5571296888453228
4840,Ge2,2,19,-1.152218444999999,3.180253966507262,3.592749976969705,2.5572896240720615
4841,Hf2Te6,1,73,2.58338270499998,-24.96062503173643,0.27026762649721237,-1.0271672597993777
4842,Ge2H2,1,37,6.441047345000008,5.037148640158277,-3.919123882450163,-4.818280810512602
4843,HfS2,4,28,4.4324267424999855,-1.0310741780061705,-0.22230749506346204,-1.1483927287518165
4844,HfSe2,3,28,-0.0714295149999806,1.2967479071177987,1.584165835495586,-0.07213645764609689
4845,HfSe2,3,28,2.697891750000021,-0.3682973762970181,-1.142420131029786,-0.5052708765487881
4846,Hf2Te6,1,73,1.1347876874999958,-26.148143498936967,1.7269900949401897,0.3064169795913738
4847,HfS2,4,28,3.1335077749999867,-0.46454998526101354,0.08911914951478384,-0.623269207011909
4848,Ge2H2,1,37,2.243882367500022,8.88900356542234,0.32998256932859116,-0.5907680883887958
4849,Ge2H2,1,37,-0.7754026649999929,9.499464551469515,3.3467454908895804,-0.07630662137187394
4850,HfS2,4,28,4.00379132,0.35894728931396447,1.6076556169252516,-0.5636540131508387
4851,Hf2Te6,1,73,4.130795132499999,-22.247530511401166,-1.2714854591906732,-1.0503398293078607
4852,HfSe2,3,28,2.8630966800000195,-0.07754151598075287,-1.2870856580680534,0.15760846361061676
4853,Hf2Te6,1,73,5.207081539999974,-32.15045005437884,-2.3571453726008857,1.1235196753625747
4854,Hf2Te6,1,73,-0.0689454333333634,-25.527906312907888,2.932358369861887,-0.0930872503570256
4855,Hf2Te6,1,73,3.3824977249999524,-27.89601740947363,-0.5269507737060071,-0.37270571501053196
4856,Cr2I6,4,33,3.777778617500001,-0.011678767163290527,5.16568129066752,-1.3363920767692066
4857,Cr2I6,4,33,1.6036558599999964,1.7367520678310178,9.631511603620508,0.33667273802246456
4858,Ge2H2,1,37,-0.3000630249999858,10.707345059556056,2.848329634509772,8.768743088883449
4860,HfS2,4,28,3.135700504999986,-0.06750730774962,1.698628702738254,-0.2813808530783959
4861,HfS2,4,28,1.6162124149999988,-0.38674128780781936,1.386763207812908,-0.06943635871032594
4862,Cr2I6,4,33,6.350933289999992,-0.6943549081437101,8.509084923589995,-1.1516886318477297
4863,PbI2,2,28,0.9475699737499896,0.8147405311633404,0.8390510007907208,-0.6638439968060199
4864,HfSe2,3,28,3.789226866250008,-0.9999779626575802,-2.233440932119657,-0.2272718911218341
4865,Hf2Te6,1,73,2.723355279999984,-28.642604099351182,0.1450799438973145,0.7741957638283448
4866,HfS2,4,28,-0.3750364275000005,-0.062311699865111814,3.5759954741817226,-0.9875780452071121
4867,Cr2I6,4,33,5.484504190000017,0.21932311166115692,7.3331501415251505,-0.23347517541261453
4868,Cr2I6,4,33,0.5924752962500041,-0.3263982546240275,8.449399867464086,-0.04261501748464358
4869,HfS2,4,28,2.268325299999981,0.8520396044037057,1.1164833992899768,-0.4756165057240611
4870,Hf2Te6,1,73,0.1005626099999821,-27.886272706359236,2.7561490160528743,0.7142011346721574
4871,Ge2H2,1,37,8.779763461666677,4.37975414443277,-6.222540539023651,-5.365483841813976
4872,Hf2Te6,1,73,0.5587275866666681,-30.03379035433126,2.300675387779947,1.7398046211402372
4873,PbI2,2,28,1.7813365233333287,0.5716391630578661,0.04727898315674284,-1.2318738870214796
4874,Hf2Te6,1,73,1.6483057149999618,-33.00139639861914,1.2170883209751764,4.576319554571978
4876,HfS2,4,28,3.9720792849999897,1.7458562771337993,0.6879992405432231,-1.0075633605462544
4878,HfSe2,3,28,7.299970980000019,-3.2034451122199696,-5.850811635962645,0.17741136202065189
4879,Hf2Te6,1,73,4.362312904999965,-25.41128288905453,-1.5034235636455948,-0.7282166004243629
4880,HfSe2,3,28,1.3593511175000128,0.4619998940941237,0.08421242327655776,-0.18874529906943005
4881,V2CO2,3,81,0.4616129874999917,27.31467035613302,1.5439301649912598,0.33810773692373475
4882,Hf2Te6,1,73,0.6631086474999692,-27.284234901899584,2.205986598497142,-0.8028538829430845
4884,HfS2,4,28,3.911017619999996,-0.011354966394852894,1.625033176508793,-0.21048494521056726
4885,HfSe2,3,28,-0.1603329283333292,2.224796782169389,1.6425436836815348,1.2452919584846964
4886,HfS2,4,28,5.329273784999996,-1.620554293041378,-0.9521652905592815,-1.5949497271030642
4887,Cr2I6,4,33,4.264116727500012,-2.937948349305839,4.706716891935617,-0.4418757390865191
4888,Ge2H2,1,37,0.4900611562500248,9.541280952794368,2.089008656842525,0.1566459414392859
4889,Cr2I6,4,33,0.3315655350000042,0.39798101193603097,8.495803241003514,4.057206793694657
4890,Hf2Te6,1,73,1.0043908699999542,-24.069406265482336,1.8561790839185028,3.7701315934806776
4891,Cr2I6,4,33,2.391906371666668,-0.15309893186259105,6.117157269563597,0.9647997707588689
4892,Ge2H2,1,37,2.7318261550000207,8.932970992115052,-0.14477992913433857,-0.8455209022890424
4893,Ge2,2,19,4.738027989999996,-1.577517012890723,-2.136365274723914,0.6469027796024616
4894,Ge2H2,1,37,0.7543530450000079,9.651730379886061,1.7885959957307866,0.21479988239867376
4895,HfSe2,3,28,1.3778098000000192,0.664569539536012,0.1471795665313529,-0.1782995038142079
4896,Ge2H2,1,37,14.483614920000017,1.6031099970938971,-11.901783464769304,-6.437650043189308
4897,Cr2I6,4,33,0.5513733050000091,0.49391573461180727,8.691646514259634,-0.41245148785625096
4898,Ge2,2,19,3.806087240000002,-0.8752620860133891,-1.2255398277634701,0.10344355859415488
4899,Ge2,2,19,-1.194115285000006,3.158781572104295,3.6416953046329814,2.4764858125853535
4900,Hf2Te6,1,73,0.3705483249999649,-20.73703670225318,2.5110988644582464,0.018405758124831695
4901,Hf2Te6,1,73,-2.679701947500015,-26.56234909759988,5.548218392659927,2.557435615191564
4902,Ge2H2,1,37,-0.1857195724999932,8.442066592967116,2.759036663170261,0.04699647724191622
4903,Ge2,2,19,6.836869169999999,-3.8084049321510816,-4.356321980287475,-4.583055187990111
4904,Ge2,2,19,-0.242831653333335,1.5113183518018611,2.7970394551521824,0.46003590621215984
4905,Ge2,2,19,2.0921211550000027,0.1071084827817761,0.4790113459663874,0.473874140842486
4906,HfS2,4,28,5.6602225225000025,-0.23044768182719189,1.1945678471695942,-0.36819632061605034
4907,Hf2Te6,1,73,0.6927660524999713,-25.093713702773613,2.159778573100208,1.4335623363499228
4908,V2CO2,3,81,0.8987664674999691,28.048495899112783,1.0590115492262069,1.0791322891630355
4909,Hf2Te6,1,73,0.3846147249999809,-27.95810892093809,2.472038647446715,0.9791652966674995
4910,Cr2I6,4,33,6.245129817500013,0.02797540647357888,5.698176588838997,-1.1724374232434212
4911,Cr2I6,4,33,-0.8823243125000053,1.0925382915852917,10.517452890050258,-0.34609236878966754
4912,HfSe2,3,28,4.8789203150000215,-1.4245682540462457,-3.3366192959672256,0.2643662310713486
4913,HfS2,4,28,0.1465971650000019,0.23359853214863904,2.780246875552773,-0.1694851896480325
4914,Ge2H2,1,37,5.194357410000015,6.724632725192856,-2.6201651244622957,-1.3062986681126048
4915,Hf2Te6,1,73,-0.4844109100000305,-26.56137872915504,3.33555689274234,2.481399405190969
4916,HfSe2,3,28,0.8690426300000009,1.8614095101723218,0.6928800791471346,0.33452288806131913
4917,HfS2,4,28,3.838425857499995,-1.1648774372297108,0.8237549636008761,-1.371185523942866
4918,V2CO2,3,81,10.686511715000028,12.190496802583182,-8.561847328886543,2.7166560096093466
4919,HfSe2,3,28,3.8708789650000126,-1.8905682070450973,-2.305579851408501,-1.7220473988251874
4920,Ge2H2,1,37,2.846482142500017,7.668714180894758,-0.2720771081168789,-1.3342155463416716
4921,Cr2I6,4,33,1.9858095549999983,-0.04303160344156742,8.562027861330975,-0.6787730756858301
4922,V2CO2,3,81,3.884611425000029,26.208833796583022,-1.9355114471888515,0.4436941373372103
4923,Hf2Te6,1,73,1.1454008799999835,-24.73272971135476,1.7067117311348636,-0.13963877978025696
4924,Ge2H2,1,37,2.497063825000001,8.774718096386717,0.06928572111460252,-1.8324580485310884
4925,HfSe2,3,28,-0.1479077299999796,2.065638935622335,1.7487803658413492,0.2671582659649454
4926,V2CO2,3,81,-0.1620298500000254,25.256652064635237,2.1120903367935435,0.6019614413518524
4927,V2CO2,3,81,-2.360322700000068,29.676852848188343,4.274896846270821,-0.21646596386406758
4928,Ge2,2,19,-0.8887502337499993,2.0776799504960115,3.4460520729427078,0.7165448650722243
4929,Ge2,2,19,0.1223870699999913,1.251173477828683,2.4509785388511234,0.8581603978675421
4930,HfSe2,3,28,2.8329050225000088,-0.030489889977425744,-1.2715634586394333,-0.1177102408787114
4931,Hf2Te6,1,73,2.173584513749998,-24.28119450100891,0.6813212505118833,0.1926117212709575
4932,V2CO2,3,81,-3.1049728625000323,31.771093947984852,5.059613290725232,1.2041853500386879
4933,HfSe2,3,28,1.9547011450000047,0.4354157850079299,-0.434853473809107,-0.3446280156639654
4934,HfS2,4,28,-0.1964252000000179,0.8175143803105851,3.4002834960764745,-0.8575359180623192
4935,Ge2,2,19,0.1491724149999918,0.7179744743687012,2.3999166988712646,0.591113219994515
4936,Cr2I6,4,33,1.7309069525000158,1.209362835606267,9.995549530705144,-0.5873265952663325
4937,Cr2I6,4,33,5.728474049999994,-0.27843084855346056,7.426050355797329,-0.4624151281860289
4938,Cr2I6,4,33,2.158544034999996,0.19051379835368243,9.597015329954633,-1.0884816360894733
4939,PbI2,2,28,3.230850897499991,0.5383944091508064,-1.4172794841419385,0.33720528854025167
4940,V2CO2,3,81,1.0560379399999371,28.433753055915794,0.8852848237609474,0.46912090240474624
4941,HfSe2,3,28,-2.342897727499982,2.777323081503888,3.8851902032003602,-0.05704824684999377
4942,HfSe2,3,28,2.4700378500000157,0.1549472091023607,-0.8700737876271722,-0.8512878738418737
4943,HfS2,4,28,4.259629004999992,-0.10178795834878773,1.3848787210335365,-0.45539664606749675
4944,Ge2,2,19,4.338572574999995,-1.2541496687601676,-1.8711591495544386,0.45888686841024207
4945,Cr2I6,4,33,5.512324819999993,0.27582406000489,7.274303307098091,-0.6536339223762946
4946,HfSe2,3,28,2.66592833500002,-0.385045022774678,-1.1054442038227534,-0.9094008714049473
4947,Hf2Te6,1,73,1.2173614162499606,-27.21453003667741,1.6350744904781482,3.921783958048135
4948,V2CO2,3,81,1.037747289999967,26.8331540562067,0.9499331054442672,5.543332669869418
4949,Ge2H2,1,37,4.447706560000013,7.105839709734688,-1.9009985324782437,-2.050084213121961
4950,Cr2I6,4,33,3.3093855800000105,-1.5270646037426863,6.114920574251088,2.7542578755053606
4951,Ge2H2,1,37,0.7291557000000091,9.418790657727042,1.8474438184580393,-0.3264255529561451
4952,Hf2Te6,1,73,1.2291139649999856,-17.873128720884793,1.6370447588311912,1.1137673171706282
4953,Hf2Te6,1,73,-0.1200153450000423,-23.988003609594887,2.9853884796130794,2.2693769951490697
4954,Hf2Te6,1,73,2.24972467749998,-28.555920333958518,0.6213681188257034,1.2590514309238885
4955,Cr2I6,4,33,3.163631265000008,0.5192124996229985,8.225767230356233,-0.6751793867702309
4956,Ge2,2,19,4.0200223275,-1.8535649128729252,-1.5053219942226161,0.4716023457076002
4957,Hf2Te6,1,73,1.8734508049999845,-28.257438152284937,0.9892255770648348,1.514562239993098
4958,HfSe2,3,28,1.403522707500004,0.9695821032147176,0.1374716982464559,-0.1545456026772094
4959,Hf2Te6,1,73,6.9359792899999855,-27.327724459957462,-4.067480726233506,0.5192771720971825
4960,HfS2,4,28,5.786089354999987,-1.7603856069327675,-1.7213030002992626,-1.7170574011883417
4961,PbI2,2,28,1.2927513099999954,0.5242358866044154,0.507217806846725,-1.7846145607324173
4962,Ge2,2,19,-0.5065625225000068,1.2242503677301093,3.059559952665616,0.23351094270671252
4963,Hf2Te6,1,73,-0.8775909250000411,-24.822488277651935,3.7364916309733482,0.40721053928328493
4964,Cr2I6,4,33,1.874627919999993,0.4516580780265369,9.547805933149421,-0.4258852919024587
4965,Hf2Te6,1,73,1.5245183149999804,-26.733111921948833,1.3439371744765416,3.5520825544966828
4966,HfS2,4,28,-1.886295715000012,0.7363988548773313,4.041076778397738,-0.22298669911843683
4967,PbI2,2,28,1.9378526150000035,0.09749643615762982,-0.10624622690796248,-1.8152881005219559
4968,Cr2I6,4,33,-2.0651317924999955,2.1408083926383417,11.105714648042497,3.1946624210222323
4969,PbI2,2,28,0.2940068150000021,2.875964333173012,1.541528075492755,1.9393718337579324
4970,HfSe2,3,28,2.0037049300000103,0.13135800296812938,-0.5012358671948345,-0.02024188106507374
4971,HfS2,4,28,5.320308294999999,-2.189864841211242,-0.12094101022521908,-2.397869196641845
4972,HfS2,4,28,-0.2997613800000205,0.27913352374544287,2.6484084976147666,-0.3607838101753539
4973,HfS2,4,28,3.665211785,-1.6025168380751547,-0.3955816707625326,-0.23128091112915028
4974,Hf2Te6,1,73,-0.1356921950000433,-21.174085144299475,2.9987482189156522,0.30633925984481053
4975,Ge2H2,1,37,4.538241905000009,8.210507510079744,-1.9610777716102183,-0.7614421467246593
4976,HfSe2,3,28,2.8291809275000013,-0.25662300132202276,-1.2997188681611138,-0.8764156613994356
4977,HfS2,4,28,2.9756697799999814,-0.9467454737662573,2.22555216290163,-1.035117306931744
4978,Ge2H2,1,37,8.315545319999998,3.677685181810711,-5.74984463004842,0.44341127128824986
4979,Hf2Te6,1,73,1.0821211749999895,-24.098471523790476,1.7817584261606956,2.71699631068218
4981,Hf2Te6,1,73,1.1239695349999843,-26.698143064942812,1.7431251406998853,1.5924798846574049
4982,Ge2,2,19,-1.6521444600000068,2.7835797350778266,4.193271664895026,1.4679381331974353
4983,Hf2Te6,1,73,0.6673937549999893,-25.052157552124214,2.1869951972552597,1.4618715931165673
4985,Cr2I6,4,33,2.5086608900000167,0.05627988046710586,8.160663428567894,-0.6241804930934818
4986,Cr2I6,4,33,1.8157993925000029,0.46709537780435895,6.933839959662677,0.09207169489216827
4987,HfSe2,3,28,1.4238333850000269,0.4102413506414526,0.14870924265245922,-0.1803383975122339
4988,Ge2H2,1,37,2.9562094850000245,7.939931885137509,-0.37089203225140777,-1.0977694434579712
4989,Hf2Te6,1,73,0.4349289749999829,-27.082695008808376,2.40826837073366,0.41363497426708656
4990,Cr2I6,4,33,0.3466828149999976,0.7914143122786481,11.076614749188641,-0.6105850023474098
4991,HfSe2,3,28,0.8865703125000182,1.0901658356984274,0.5946591119766054,-0.4052579183578673
4992,HfS2,4,28,0.0543158400000001,0.05893449505757639,2.7428697399357094,-0.26503431279866546
4993,Ge2H2,1,37,6.504717554999999,7.60017008944987,-3.912288632346801,-0.45863489941121305
4994,V2CO2,3,81,-2.3636790150000326,30.93060787852542,4.325666868050265,1.4678626888586752
4995,HfSe2,3,28,-1.6335588899999745,2.182822327588984,3.143039286906509,-0.2542283725986991
4996,HfSe2,3,28,2.126656315,0.3030353175887046,-0.5925999693782551,-0.28381147113555905
4997,Hf2Te6,1,73,2.583599517499991,-26.669236371671744,0.27876525148194276,0.5161228679065033
4998,Cr2I6,4,33,-2.2451436000000053,3.883454986108404,11.086728044046026,1.4706919468373671
4999,Hf2Te6,1,73,3.974056770000004,-25.9802835480304,-1.1078389978340697,0.030997465458370232
5000,HfS2,4,28,-1.6831532225000088,0.44205680539083714,3.9161674484597864,-0.3935807640366529
5001,Ge2,2,19,-0.7012810400000058,2.9633626233409687,3.2551565657924457,0.5587061733872535
5002,Cr2I6,4,33,2.490304895000002,-1.037490474935712,8.27378584170705,-0.7495891131523662
5003,Cr2I6,4,33,2.76106071000002,-0.26134005710186736,6.194747254007039,-0.5418245347808024
5004,Ge2H2,1,37,1.6827156650000212,7.973497777484516,0.8933647764748933,-2.452237457729717
5005,Cr2I6,4,33,1.618437165000009,-1.0377432842830494,7.595979974689119,3.405487503629955
5006,HfS2,4,28,3.820063099999983,0.12678727930808176,1.6236508829000003,-0.2751030780273269
5007,Ge2H2,1,37,2.3790154725000017,9.793816221785072,0.21552472614400076,-0.6587322026177995
5008,Hf2Te6,1,73,0.2442220849999899,-24.684493224144887,2.6124614076605326,0.8171743151337789
5009,HfSe2,3,28,3.271442205000008,-0.9138162436962971,-1.6752013268948445,0.019431640418286378
5010,Hf2Te6,1,73,0.7425821449999983,-25.566550793910523,2.1186003062481706,2.4985130800162776
5012,HfSe2,3,28,3.7347151137500094,-1.3959731357404674,-2.2294288970141696,-0.8183028397072443
5013,Hf2Te6,1,73,0.5318387649999501,-22.789743215098625,2.333529044931487,0.5544575946980277
5014,Hf2Te6,1,73,5.482240022499959,-28.010460119723877,-2.62149284410437,0.6672007428809001
5015,Cr2I6,4,33,1.5883009533333363,1.3586373229575572,9.080337872083229,-0.17253288629130337
5016,Hf2Te6,1,73,1.0395309924999854,-22.128373304994902,1.8231619993925112,0.6596944729566594
5018,Hf2Te6,1,73,2.9074052949999647,-25.978068190838385,-0.04741787714311263,0.352580708239985
5019,Ge2,2,19,2.6314465149999915,-0.28922489730132206,-0.0779048546911536,0.3604787245629968
5020,HfS2,4,28,1.7910658174999998,-0.0770795399197386,1.4299127604317223,-0.41187656464660627
5021,Hf2Te6,1,73,3.6866613199999914,-26.718170163104038,-0.8343838821541256,0.6397001772432538
5022,Cr2I6,4,33,2.054672640000012,-0.9467631195328898,7.594659485981637,-0.4095635031006999
5023,Ge2,2,19,0.449409474999996,1.120762914348352,2.0939312874562623,0.32992562644552
5024,PbI2,2,28,7.764888429999992,-2.167416398088778,-5.9376180016603515,-1.1108301325248133
5025,Hf2Te6,1,73,0.2045182899999877,-27.5682162162034,2.646830030643119,2.7502528313429893
5026,V2CO2,3,81,1.169610252499942,27.794586191057796,0.7922261252797007,0.5532908136443653
5027,HfSe2,3,28,1.3875422250000025,0.8764818737141904,0.12433690123087326,-0.2644947539535547
5028,Hf2Te6,1,73,-0.5679324150000236,-24.984800926852802,3.438174931199771,1.343519099544905
5029,V2CO2,3,81,-4.660332060000074,33.06792443607328,6.612313445548983,1.3149942717361172
5030,V2CO2,3,81,0.4851551649999895,28.21164816637513,1.4907860956557315,0.6344845495589297
5031,Hf2Te6,1,73,0.1694495949999739,-28.45672975717547,2.6964393184725197,0.06417335332868007
5032,Cr2I6,4,33,0.2417632150000042,2.6304839246128293,10.84512867457214,-0.015211245153914504
5033,HfS2,4,28,9.578087934999983,-5.421705692161441,-4.587064553448877,0.337777327349464
5034,Cr2I6,4,33,-1.2579623200000032,0.8952942825854524,9.873448147128094,-0.38888858382893554
5035,V2CO2,3,81,2.3196966650000084,26.07450516999653,-0.36238861102967146,0.5631920494724443
5036,Cr2I6,4,33,9.127436285000009,-2.8426671472996103,3.3771638822744663,0.3980754566381748
5037,HfS2,4,28,3.7931572799999937,-0.9317952995617613,-0.3848445619264669,-1.1479103768983907
5038,Ge2H2,1,37,2.2031872599999978,7.503515926035158,0.3829577039002503,-0.9107621440967792
5039,Ge2H2,1,37,-1.7666144974999805,11.682240546541728,4.362026831306336,1.5235178677214363
5040,V2CO2,3,81,1.5936661200000015,27.675494707000933,0.3860829237825505,1.417576905461831
5041,HfSe2,3,28,5.193223410000005,-2.47454378321727,-3.626888129263718,-3.7212344936029105
5042,Cr2I6,4,33,3.9518100625000105,-0.9936328933359886,6.934326310384105,-1.909401675633759
5043,HfSe2,3,28,-2.3451321874999933,2.81641999432881,3.8861621176147394,-0.04672726442973474
5044,Ge2,2,19,-1.5879845250000066,3.1801049737482776,4.122571431433112,1.9550430405487127
5045,Ge2H2,1,37,2.265169455000012,7.461975342643014,0.325118230394275,-2.3924779031557333
5046,Hf2Te6,1,73,0.7841374437499811,-26.585373993763206,2.066382928640766,2.8804945587626327
5047,Cr2I6,4,33,1.54629928000002,-0.2518933428051957,7.865228472876262,-0.28532852855552115
5048,V2CO2,3,81,-2.2914105100000217,30.666165733592145,4.243287229792705,1.7481682938897922
5049,Ge2H2,1,37,6.781358255000013,4.7839220235237505,-4.197935991536674,-5.240352961471774
5050,HfSe2,3,28,0.1804286900000092,1.6222723858717762,1.4319208599292919,-0.15426813193523053
5051,PbI2,2,28,1.2585380375000028,1.5450152258463512,0.5535963476089449,-0.17138396696370717
5052,V2CO2,3,81,-1.2834098950000734,29.55835022677701,3.2436603918643923,0.7108406042031578
5053,Cr2I6,4,33,0.6199936200000122,-0.017886254073905428,8.433702376602366,-0.390303266924349
5054,Ge2,2,19,1.3650172699999965,0.6896147579439327,1.2104492038973018,0.4361133029548172
5055,HfSe2,3,28,1.7033460850000273,0.7314549769481133,-0.058242391991604414,-0.49510613227684197
5056,HfSe2,3,28,0.1532354050000029,1.0556752191861951,1.3021291799227876,0.20877435871764846
5057,V2CO2,3,81,-0.7434702575000078,29.281485623100593,2.7082992255481035,0.8544598281176836
5058,Ge2,2,19,5.812968384999998,-2.9649906275460793,-3.3347129144062273,-0.019189488668210686
5059,Cr2I6,4,33,0.4247459050000009,1.9943570816536451,10.654101940395405,0.5316640261828605
5060,PbI2,2,28,0.8119589949999977,2.3538259997611513,0.9803899064307682,-1.2504347627714008
5061,HfS2,4,28,-1.5215487925000153,0.6516613610374095,3.6033143647300365,-0.288218056382024
5062,Hf2Te6,1,73,1.0349116599999617,-27.551157899344243,1.827709488427366,1.2009228988048684
5063,HfSe2,3,28,-1.0441549199999816,1.8284962155601825,2.455820836442853,-0.1688454570192648
5064,Hf2Te6,1,73,-0.7250957399999993,-25.046527633031616,3.5865219345088697,0.3497441520686842
5065,Cr2I6,4,33,1.5317390950000125,0.35588659927488986,9.59974020804208,-0.5783666959877648
5066,Cr2I6,4,33,3.441720785000013,0.48176568617613436,7.602437633973274,-0.457120241024183
5067,Cr2I6,4,33,0.458259690000018,2.7613369343743717,9.798980804092288,0.20836072346230294
5068,Ge2H2,1,37,1.105598160000019,9.498131088046856,1.4884806986934218,0.04287792407336544
5069,Ge2,2,19,-0.8849072800000021,2.5090606953620425,3.4337271398225933,1.5268302704810608
5070,PbI2,2,28,4.310317599999996,-1.020196203617346,-2.515725616840613,-0.9559134684285442
5071,HfSe2,3,28,0.3371904450000027,1.5062884730755588,1.1027991615394057,-0.18295460515625273
5072,HfSe2,3,28,3.5441947750000145,-1.2457928232101585,-2.0373404792694236,-0.17220663743694464
5073,Hf2Te6,1,73,1.1769197849999529,-26.185924298422602,1.677419019880825,2.301884008589321
5074,HfS2,4,28,4.908772549999988,-1.224292121304309,0.6213617305226764,-0.5910073140991088
5075,Ge2H2,1,37,9.562604997500005,4.1082867642797805,-7.003043585960292,-5.051165515128992
5076,Cr2I6,4,33,1.9593428175000032,-0.10977921886719066,7.9942574302010065,-0.7829320232418855
5077,Hf2Te6,1,73,0.0288376449999567,-25.977092945521807,2.833994344924156,0.5120245973808213
5078,HfS2,4,28,3.7154212449999866,-0.4407068545631785,-0.2933560664467234,-0.4689979210508084
5079,Ge2,2,19,3.3979499499999983,-0.5982114633921287,-0.9093662262959783,0.1285525003072121
5080,Cr2I6,4,33,4.5664972600000135,0.2275019350988634,9.986513799761035,-0.694704625671807
5081,Hf2Te6,1,73,0.7987246924999889,-24.9945177648826,2.0708513642983104,1.9541016008095409
5082,Cr2I6,4,33,2.283138005000001,1.3068754990283193,6.522725733059996,-0.7347061316784678
5083,Ge2H2,1,37,6.334977015000019,7.465500012893047,-3.7478267591609895,-0.9152433317317898
5084,Hf2Te6,1,73,4.33480336999995,-31.13383295869929,-1.4718844367673243,-2.934074508509064
5085,HfSe2,3,28,0.425384675000021,1.3771552299122918,1.0275070324203281,-0.2832500880300096
5086,Ge2,2,19,-0.1669120766666707,2.454414683376469,2.732508657172042,0.7623689152744588
5087,Hf2Te6,1,73,0.8296570199999711,-27.387901963618745,2.0325923543896773,-1.1453390338295202
5088,HfS2,4,28,2.2149583999999845,-0.5156181359975023,1.0266111190429843,-0.34747116810962386
5090,Ge2,2,19,-1.3352819799999984,2.375515075486957,3.8965046921988913,1.7401801069200626
5091,Ge2H2,1,37,1.4434152650000105,9.212118366642649,1.1257434877592873,-0.5423664457759708
5092,HfSe2,3,28,1.0843440625000078,0.5726747182083052,0.3582277364603601,-0.019472910257983145
5093,Hf2Te6,1,73,5.687573854999991,-29.59895088759785,-2.810967152195426,-2.225708747781567
5094,HfSe2,3,28,3.6716303475000274,-0.772377773850939,-2.220100169112068,0.056653773059665014
5095,Hf2Te6,1,73,0.3811306649999713,-21.56359915877947,2.4755495692733036,2.6339989806655155
5096,Hf2Te6,1,73,0.9360814650000044,-27.154489016447556,1.9199864308892778,1.2752893607675126
5097,Cr2I6,4,33,1.9869396524999976,-0.7115849492325823,7.20207633203522,0.8340380353356958
5098,Hf2Te6,1,73,0.2420480762500037,-26.750692895509648,2.6171018566113244,2.5780422971071335
5099,Cr2I6,4,33,2.2005306349999927,-0.6457741525577727,7.646695865511177,-0.5753073560006641
5100,Hf2Te6,1,73,-1.1344873350000395,-27.210291361695926,3.994379385425251,0.43619198015689986
5101,HfSe2,3,28,1.829904680000027,0.43996031627428556,-0.2870255356493392,0.1976668392158749
5102,Ge2H2,1,37,3.5083538000000054,6.9304082290120395,-0.9316554967773492,-1.172807544888311
5103,HfS2,4,28,-1.6855667250000208,0.8130849020324915,3.6552535510701705,-0.1422833783782751
5104,V2CO2,3,81,-2.535806059999969,29.634148876034924,4.4822407962518,0.4907027484612727
5105,Cr2I6,4,33,2.208515130000009,-0.2753082538810314,8.371326245350943,-0.6119387174811901
5106,Hf2Te6,1,73,0.9019529949999674,-27.271072718637864,1.9607117840273358,2.6539876330517904
5107,Hf2Te6,1,73,3.227271294999955,-24.657651877809403,-0.3633608583697061,-0.015014227637487831
5108,Cr2I6,4,33,1.407191992500017,0.7595249010139806,8.933219273191105,-0.5603092915799119
5109,HfS2,4,28,-1.198607680000008,0.39263415018433423,3.2798718579581783,-0.0717056624123047
5110,Cr2I6,4,33,2.378407365000001,-1.601593857919923,7.484209452156472,-0.90625560871338
5111,V2CO2,3,81,-4.096551015000038,32.878396028300614,6.056104375939064,2.4280596514746478
5112,HfS2,4,28,4.386896859999991,-1.3756093297367262,-1.2450091952050695,-1.4946828796431393
5113,HfS2,4,28,-0.0493360750000171,0.3945104273279997,2.839521923871884,-0.21752957581276774
5114,Hf2Te6,1,73,1.0049890049999792,-26.76703717000344,1.871079825490133,1.5941102337136033
5115,Hf2Te6,1,73,1.782199615000004,-21.58849032099874,1.0788223805444297,3.30297240241536
5116,Cr2I6,4,33,3.0285428400000143,-0.5179487899104962,7.878112749739467,-0.8237021004319396
5117,Ge2,2,19,-1.071623665000006,3.271413506969814,3.5514844078868673,2.4070691485255997
5118,V2CO2,3,81,3.267431569999929,23.260381149345164,-1.2141553490424908,1.7115961781079814
5119,Hf2Te6,1,73,2.7886081474999536,-26.488431924380855,0.07917142530481547,0.36631107946436137
5120,HfSe2,3,28,5.605283285000012,-1.8017768709044515,-4.130612040378735,-0.22292950234620346
5121,Hf2Te6,1,73,2.4193077349999976,-26.03569804274434,0.4446993406276474,-0.13517235361928082
5122,Hf2Te6,1,73,2.80475192999996,-29.72181302046932,0.06948624316695051,3.91047646864099
5123,HfSe2,3,28,2.809637090000024,-0.25662432157249304,-1.1715909445608759,-0.2550544941748285
5124,Ge2H2,1,37,2.7904453050000098,7.413260482658682,-0.21011890678630518,-0.5831823916139829
5125,HfS2,4,28,1.4057819174999806,-0.05293771895516053,1.3584275119230336,-0.06269682718066494
5126,HfS2,4,28,3.7552398049999782,-0.8032732014029729,0.2219309802681697,-0.9831070109376818
5127,PbI2,2,28,0.340382609999998,2.5867476123205586,1.466439769430137,-0.028948778149310295
5128,HfS2,4,28,6.83551705,-2.0555286021748858,-2.3764458111643476,-1.750715852947998
5129,Hf2Te6,1,73,2.500318551666626,-23.162048920598714,0.3572840446163328,1.7012866093644607
5130,HfSe2,3,28,0.8613593950000142,0.9757163947694762,0.6256287123633688,0.12863862771523638
5132,HfSe2,3,28,1.201283435000005,0.21804577114877843,0.23889654877481603,-0.017380257420761103
5133,Ge2H2,1,37,4.2228717975000185,8.373468064051902,-1.6505419584293803,-1.4440945160567407
5134,Ge2H2,1,37,1.903369412500012,9.261815244278958,0.6875151935434856,0.8040580494420251
5135,Hf2Te6,1,73,-0.6874850000000059,-26.010623752568556,3.5564511026001036,2.7558651174163877
5136,Cr2I6,4,33,1.5795776650000004,2.145053406090698,7.13679728858785,-0.4264284178305058
5137,Hf2Te6,1,73,2.3917168299999942,-26.218921295866082,0.4760772863381,-0.11612851626148935
5138,Cr2I6,4,33,2.7205974200000025,1.646136528389687,10.23249253246887,-0.5430927215645371
5139,Ge2H2,1,37,2.4859609700000083,8.056999196931145,0.09435418280404839,-1.3350862758115725
5140,HfS2,4,28,1.1992567799999918,2.1028262751783324,2.3490713017667724,0.05054926648590907
5141,HfS2,4,28,1.022967284999992,-0.09795684226622736,1.979633305387988,0.05141092729299701
5142,Hf2Te6,1,73,2.9265074349999662,-25.80802603737118,-0.06648671801489936,-0.2856945611596342
5143,Cr2I6,4,33,1.6361385674999998,-0.10689128356445288,8.076243391461487,-0.45808777130910205
5144,Ge2H2,1,37,0.921643970000023,8.610671761048561,1.6640383029110488,-0.21041726826357277
5145,HfS2,4,28,0.7697397062499962,-0.5547756343404097,1.9916242769043007,-0.22323894394632593
5146,Hf2Te6,1,73,1.913417572499996,-24.677325879257605,0.9589391601863648,0.4318036290787799
5147,Ge2,2,19,-0.7941799799999945,1.4928184191784613,3.3475422303280586,0.4104288260540716
5148,V2CO2,3,81,1.0396362099999932,27.354471290712084,0.9306264764115466,0.5174166407232734
5149,Ge2H2,1,37,11.876325415000029,1.7411802943302117,-9.31239192329318,-5.463750805879342
5150,Cr2I6,4,33,1.0610012950000145,1.6534244277579606,10.918376610527735,-0.1968763611214338
5151,Cr2I6,4,33,-1.8791282949999948,4.116885898327428,12.871506132498979,1.8603491761442006
5152,PbI2,2,28,1.0137297649999937,1.9015876114546777,0.7774790187855085,-1.3250901241918882
5153,PbI2,2,28,-3.0415564625000098,4.5994443345601494,4.872225865576182,0.17221079752198243
5154,Hf2Te6,1,73,-0.1470385750000407,-25.174472137305663,3.012569622185303,2.047531878934774
5155,HfSe2,3,28,0.392568125000003,1.5194781882858246,1.1040365560150116,-0.07868537671407361
5156,Ge2,2,19,-1.8090080300000009,2.5773917713787853,4.3616169570909635,0.3828778146730558
5157,Hf2Te6,1,73,1.1578044099999556,-24.754632314383297,1.6942936576015664,-0.13784774178197878
5158,Hf2Te6,1,73,3.3350526599999584,-25.88808895239396,-0.46792452622615466,0.0663090438727223
5159,Cr2I6,4,33,-0.9704018499999864,-0.1563624474853652,9.750307526841722,0.0625464982340358
5160,HfS2,4,28,3.646721149999987,-0.7530386701415885,-0.205171292542508,-0.9587548032592643
5161,V2CO2,3,81,2.638079754999948,26.790916887430676,-0.6724093680497731,0.7130918180031851
5162,HfSe2,3,28,3.368816202500009,-0.4151284154440398,-1.7732509231751596,-0.010370001811328855
5163,Hf2Te6,1,73,1.3311065837499685,-26.35485092846127,1.527913013621451,-0.13332307385972997
5164,Cr2I6,4,33,2.4218600600000064,-0.4899717975691795,7.464885313407993,-0.8821333258386295
5165,V2CO2,3,81,-0.63801934500004,29.33280851621891,2.5969946998304643,1.2481574831353144
5166,Ge2H2,1,37,0.1566997750000203,9.570799710015848,2.4344443099303996,-0.2457358423268839
5167,PbI2,2,28,3.750385089999994,0.21386611035807856,-1.9319653156266219,-1.132489685502212
5168,Cr2I6,4,33,4.56950302250001,-0.8626802298110046,7.650712615978588,-1.2270570926548356
5169,Hf2Te6,1,73,1.2038134833332834,-25.21057082217504,1.660632838789926,0.23656923570663357
5170,PbI2,2,28,1.7962146600000033,-0.9244805176965365,0.0033260583965013524,0.10673666001240711
5171,Cr2I6,4,33,1.4544947200000091,-0.510261779326181,6.9476366785188715,-0.8739390425860687
5172,V2CO2,3,81,2.613186615000035,22.110777996689215,-0.5882585220434922,2.0355961945753633
5173,V2CO2,3,81,7.373845409999997,23.55100704068868,-5.408438833207597,0.2503989620499709
5174,Ge2,2,19,2.4158266399999926,0.6990106885929435,0.1139636422494581,0.2073873664239576
5175,Ge2H2,1,37,-0.1174217399999964,9.921912783090816,2.686572585209754,0.9307281511073776
5176,Hf2Te6,1,73,3.469896437499996,-28.957157176508584,-0.6068227706095337,1.8541506511230508
5177,Cr2I6,4,33,2.370883735000019,1.973662344635601,9.566806602498964,-0.6397255182056873
5178,Cr2I6,4,33,-1.131400049999981,2.328161499178041,9.858558238819866,2.389006039774049
5179,HfSe2,3,28,4.674663057500012,-2.138619572494315,-3.204138587488618,0.20232694290688968
5180,HfS2,4,28,0.5478328650000037,0.1966977333225467,2.7695903991855837,0.1570699428714969
5181,HfS2,4,28,1.687958269999999,1.2819077673687753,1.9370717707409677,0.23622092635772796
5182,Hf2Te6,1,73,2.5132267649999624,-26.64713924885108,0.3578063472080859,0.03695625304864203
5183,HfSe2,3,28,1.936929125000004,0.48115935086313466,-0.3493232115198812,0.07500189700825621
5184,Hf2Te6,1,73,0.9710021249999548,-23.59545209333797,1.898074921712285,5.751340684041386
5185,Hf2Te6,1,73,0.0473917499999754,-21.912808833104425,2.7925005579173017,1.0672217432836142
5186,HfSe2,3,28,1.058818090000009,0.546005260906363,0.3995844641941235,-0.3712307095907683
5187,Ge2,2,19,0.6395070125000042,1.0484635860387124,1.9251076808237668,0.7534281045857705
5188,Hf2Te6,1,73,-1.5175580175000016,-25.610128880413615,4.386129696297406,0.9744247586804216
5189,V2CO2,3,81,0.4094037949999825,27.611759986483985,1.5920197625994033,0.9409988383491183
5190,HfS2,4,28,3.5000402949999945,-0.030709427868443218,1.5260864076265515,-0.23387766110412045
5191,Cr2I6,4,33,6.10791583500002,-0.6996311708459677,8.04480255006061,-0.823736465391459
5192,HfS2,4,28,2.8252803324999807,0.20054961846844366,2.0508574804323514,-0.11767052008136103
5193,Ge2H2,1,37,2.925434705000013,7.473798000434151,-0.3521262768714526,-2.8305772507000864
5194,Hf2Te6,1,73,0.4521485924999897,-24.468128279872833,2.4095582206764834,3.4178926189461367
5195,Cr2I6,4,33,1.872123723333337,0.9365738976942914,6.749993319208167,-0.4419841817073604
5196,Cr2I6,4,33,0.6345672137500005,0.22546677520263625,8.733240412974244,1.2505417340039058
5197,V2CO2,3,81,1.113410069999973,27.491739119631173,0.8497553324124416,1.1602002834698757
5198,V2CO2,3,81,6.577669582499956,15.828733680909975,-4.56543219261755,1.4058655483187286
5199,Hf2Te6,1,73,0.6426873699999538,-24.902234683054356,2.220727235458624,0.6549047533495538
5200,HfSe2,3,28,1.9026492700000173,0.399398300546451,-0.3421656553963388,-0.07058575401897893
5201,Ge2,2,19,0.3597092349999951,1.4420271993007454,2.157040703329066,0.7188356995906624
5202,Hf2Te6,1,73,1.8584782200000003,-27.258237592075396,0.9960493329225666,1.6651907049674475
5203,V2CO2,3,81,-2.445558385000018,29.447137908086567,4.350844299738991,-0.09594544177712194
5204,Hf2Te6,1,73,-0.150106360000028,-26.86181019794777,3.0122804735915403,0.5954096411483027
5205,HfS2,4,28,1.1705182649999797,-0.07037451449135346,1.9935915213515423,-0.13787069502571625
5206,Ge2,2,19,-0.4963205499999948,2.681372626975499,3.0448001070373483,2.255423530295812
5207,Ge2,2,19,-1.6450002849999947,3.265601263533422,4.1695593059960885,1.0724919498864693
5208,Cr2I6,4,33,4.5031357800000125,-2.65006138831707,4.617183030145047,-0.22906964967978105
5209,Cr2I6,4,33,-1.4171930199999845,0.985188409302556,10.84354369303974,-0.21544940808025648
5210,HfSe2,3,28,3.939162525000004,-1.1704089566686036,-2.4872293794769327,-0.1152921840169312
5212,HfSe2,3,28,-0.630954909999982,1.909253764827863,2.132814336498395,-0.6412393960557228
5213,Ge2H2,1,37,12.214378405000003,1.1004053270963503,-9.645753391966455,-6.335514275615645
5214,Hf2Te6,1,73,0.0441864474999675,-25.89989639762916,2.808933800023022,2.825024034143709
5215,HfSe2,3,28,3.5729664750000243,-0.6161157078644042,-1.9636649873952472,-0.7651241408884926
5216,Cr2I6,4,33,-1.2244938749999874,0.6408038674723181,9.477411283943164,-0.12366043141175576
5217,Ge2H2,1,37,9.475117675000009,1.8144790415628975,-6.90648995988923,-7.123173466854867
5218,HfS2,4,28,0.6842125700000018,0.06511091728179752,2.9878247930523663,-0.05237238070200778
5219,V2CO2,3,81,0.4414804899999673,27.152467476893545,1.5063220139037394,0.6644729649713461
5220,Ge2,2,19,-0.96076272,3.0707019773038735,3.4600933598391723,2.1847170796903486
5221,Hf2Te6,1,73,4.250398004999992,-25.688622876953318,-1.388381486089266,0.5332924475756915
5222,HfSe2,3,28,1.2561784150000015,0.5912543573185207,0.25898305954579515,-0.14509701349294168
5223,Hf2Te6,1,73,-1.6025133450000342,-24.34070464778256,4.449197641925897,2.2152648289172703
5224,Hf2Te6,1,73,-0.1293472700000393,-24.067101612420817,2.9897155218005764,2.475320125885863
5225,Ge2,2,19,0.0997988800000007,2.367041625599975,2.4099320948331697,0.9672019859362786
5226,Cr2I6,4,33,2.9560275050000024,-1.3163008662060571,7.040013077656858,-0.7898907633618188
5227,Cr2I6,4,33,3.1281532500000075,-1.1910099241943435,6.208022748051954,-1.4379698488922195
5228,HfSe2,3,28,5.707683095000008,-1.815843312603056,-4.203434277238269,0.12994685902017444
5229,Hf2Te6,1,73,2.6544991949999632,-26.19258076149268,0.20882473192569595,-0.2809928873980345
5230,Ge2H2,1,37,-0.2851329100000011,9.160960858252361,2.860674366540427,-1.2155518281591786
5231,V2CO2,3,81,-0.6927540162500092,29.41315220388734,2.6431219438012787,0.6698201357619314
5232,Hf2Te6,1,73,2.9272105349999986,-26.130081460267533,-0.05800251701497272,0.2974176750677504
5233,Ge2,2,19,1.514909580000004,2.3358192497017374,0.9972506417356322,0.11103686228616949
5234,Cr2I6,4,33,2.134369310000012,-1.0158260030135209,6.389724993448984,1.5913261411006556
5235,Ge2H2,1,37,3.3112202849999988,7.671927654046225,-0.7050350871697986,-1.6451357172942085
5237,Hf2Te6,1,73,1.2746918250000023,-26.913543229190065,1.587214385581459,-0.3210603842015608
5238,Hf2Te6,1,73,1.2239130674999803,-25.684321357727235,1.6352437795001418,0.52227879174532
5239,Ge2H2,1,37,6.2339060850000045,4.461204236044917,-3.6607382046238244,-4.080988660162257
5240,Hf2Te6,1,73,1.298537739999956,-25.403773237156734,1.553337088338667,0.9023085744302808
5241,HfS2,4,28,3.231006899999988,0.241821011376965,1.971760154239921,-0.563558538285307
5242,V2CO2,3,81,1.5871300733332758,27.991699294622247,0.37767274814397833,0.9139108621830816
5243,V2CO2,3,81,1.3349022349999504,27.28939172811447,0.6200972913418057,0.33996599105138015
5244,Cr2I6,4,33,-1.5188569349999843,1.6309734307682136,12.37048408617135,0.8166433297550298
5245,V2CO2,3,81,1.368371459999997,27.06461479946045,0.6075128980881785,0.9460082320776397
5246,Cr2I6,4,33,0.8462192225000025,0.3671673131445288,9.239446440583393,0.2813002658346533
5247,HfS2,4,28,2.095311214999983,-0.42789360928200604,0.802970518195004,-0.9262523755199006
5248,Hf2Te6,1,73,1.9897447650000035,-28.906458400126755,0.845311301513058,3.6462379073734503
5249,HfSe2,3,28,2.1789464825000247,0.15219979747078005,-0.7244638873741904,0.09049003585121218
5250,PbI2,2,28,2.823591985,-0.09463735192301437,-0.9961400803852338,-1.0052057481734213
5251,HfS2,4,28,2.487340005000001,-0.0008599676286835667,1.9647053562009678,-0.34944752033508397
5252,HfS2,4,28,6.003876897500005,-1.6634056297998097,-0.8885552613000538,-0.5161551364322969
5253,Cr2I6,4,33,0.5175937074999994,0.2522710106193039,8.875691010695597,-1.5465076027891027
5254,HfSe2,3,28,0.7089876700000012,0.9823743136171456,0.7326024007244861,0.005484584117328772
5255,HfSe2,3,28,3.221003170000001,-0.8215160719419359,-1.6613891076907357,-0.6940173657600921
5256,V2CO2,3,81,-0.1274309775000031,29.44037451552999,2.0764403165146925,0.7905579229956086
5257,Hf2Te6,1,73,2.09864461166666,-27.61880504829691,0.7606745189129702,3.6548509225944072
5258,Cr2I6,4,33,2.7748541299999925,0.3281633591154045,9.149988545526945,-1.0075526102881802
5259,V2CO2,3,81,-2.1288581750000297,30.192059920351184,4.063323782007374,1.29473575564273
5260,HfSe2,3,28,-1.5566951724999838,2.3258519861215046,3.0713176621112916,-0.31874979604147935
5261,HfS2,4,28,1.8989871949999928,-0.42336732258890075,2.0433061310599845,-0.25421661248300476
5262,Hf2Te6,1,73,0.6633818349999636,-25.78342074173316,2.200532495800411,-0.21929766751949487
5263,Hf2Te6,1,73,1.9246568699999536,-24.820208789937087,0.9419593790845191,-0.05919500393906074
5264,V2CO2,3,81,3.868807819999976,26.678660444897687,-1.8917460317589072,1.5468059902213787
5265,Hf2Te6,1,73,0.9015966149999964,-26.907834042393592,1.9586038695937131,2.6186549770003293
5266,Hf2Te6,1,73,1.444878694999952,-23.688227690844478,1.4331442936373366,0.7034151180697097
5267,Cr2I6,4,33,2.994426885000012,-0.7985100733748496,5.470950763671457,-0.2131688582411826
5268,HfSe2,3,28,5.983400070000001,-2.940434538650819,-4.409051103719381,-2.0877137614571137
5269,Hf2Te6,1,73,5.740360939999995,-26.587066933016555,-2.869660739601232,-0.197609468798416
5270,Ge2H2,1,37,3.683877180000021,8.3816214899422,-1.1169630984265346,-1.2859480678835253
5271,V2CO2,3,81,0.1578806449999303,28.905117411411812,1.7802781850069869,1.055331765608997
5272,HfS2,4,28,1.9837682124999825,-0.6482398387817208,1.3370267672312592,-0.20285084615425908
5273,V2CO2,3,81,0.1206166599999924,27.156544381895557,1.8816684628714064,1.1251817291169306
5274,Hf2Te6,1,73,0.0695903162499607,-26.83413837952816,2.7933576245764553,0.6325708766440212
5275,Ge2H2,1,37,7.012129840000003,4.06734238391764,-4.449495928231407,-5.943480468534956
5276,Cr2I6,4,33,0.0707015100000054,0.5256866710506132,9.197442819388932,0.022393236271763817
5277,HfS2,4,28,2.405776785000004,0.17672482512013366,1.7926977811417606,-0.4352487784463541
5278,Hf2Te6,1,73,1.5303976950000042,-26.850588522051805,1.3334667268444782,0.5103257082948771
5279,Hf2Te6,1,73,1.974192599999988,-26.987224639006538,0.8857657307902136,3.289213199865735
5280,Ge2,2,19,4.930308607499994,-1.636080848456618,-2.3898046287707455,0.38483084511638044
5281,HfS2,4,28,2.09155263999999,-0.5860175937404277,1.2352495342502947,-0.14050581554472874
5282,V2CO2,3,81,-0.1464733050000015,27.763779378506673,2.117002424173687,0.6589027013114435
5283,Hf2Te6,1,73,2.8733331350000046,-25.72287328913921,0.0044356199591018,0.21384207531697141
5284,Hf2Te6,1,73,2.29108786749995,-29.959325633130035,0.5802567783181245,1.5675985001707446
5285,HfSe2,3,28,1.1371006575000155,1.0474051627743375,0.37286496095142074,-0.22572342622000663
5286,Cr2I6,4,33,0.9495668924999964,0.7281471374479204,9.709461359465845,0.214115250393477
5287,Cr2I6,4,33,8.913008319999994,-3.5151768800280703,2.26921492053447,-1.000585504041335
5288,Cr2I6,4,33,0.9222224450000064,0.676131894599603,9.564056684981988,-0.9122039373604394
5289,HfSe2,3,28,2.669847960000018,0.5845305972051822,-1.108874872053444,-0.18794114860373723
5290,HfSe2,3,28,1.5002413225000255,0.5836124785914867,0.03099405449378967,0.00721005282549525
5291,HfS2,4,28,3.2607108099999813,1.1417460298793722,2.2172552601751896,-1.5190091673277604
5292,HfSe2,3,28,1.5114294250000206,0.39786200134071836,-0.07981534393516054,-0.3036705612330326
5293,Hf2Te6,1,73,3.4882995074999723,-31.30895795285825,-0.6325079387438688,1.8471851561454544
5294,Ge2,2,19,-0.8950200049999979,1.3999910721106952,3.439250545593463,0.33350300480163364
5295,Ge2,2,19,1.1989740474999984,1.356788879237469,1.35096113443563,1.1343793527304094
5296,Ge2,2,19,-0.0561846083333361,1.8331121987035144,2.610044954809573,0.9971246705383328
5297,Cr2I6,4,33,2.747099580000014,1.3034655832944604,7.650206782787867,0.5829824391701113
5298,Ge2H2,1,37,5.374929222500024,4.898034142419004,-2.8037752241250846,-3.1835761001067335
5299,Cr2I6,4,33,1.6121476650000046,-0.38779006001953586,7.153448168460485,2.5772511800368196
5300,V2CO2,3,81,0.5076541249999327,28.657971924041817,1.4665576075465558,1.1387031728974062
5301,Cr2I6,4,33,-1.202490497500002,1.189373978843589,9.725527533759971,0.5304843672814961
5302,V2CO2,3,81,7.737917955000035,23.446017289878096,-5.758799607832066,0.18174992474036245
5303,Ge2H2,1,37,7.951455485000002,6.72999090833089,-5.354160041783043,-0.6772086333968117
5304,HfS2,4,28,0.906187373749984,0.24052381679160117,2.509509326664038,-0.11896816725787795
5305,Hf2Te6,1,73,0.5324011900000027,-21.610465075370893,2.32847235024251,-0.5174165425670397
5306,HfS2,4,28,2.002965523333336,-0.48486824187734223,-0.15646091454325606,-0.8093939160615056
5307,V2CO2,3,81,4.147806627499975,25.18424965645083,-2.184461536951777,0.5257560581486258
5308,Ge2H2,1,37,2.3964775700000143,7.805238217251777,0.17365850025145058,-0.30110556866995664
5309,HfSe2,3,28,-1.484522609999998,2.294340480457965,2.932790546706541,-0.05580017060913289
5310,Cr2I6,4,33,6.2717150075000045,-1.3369584106168668,5.316869256619462,-1.4152313890816286
5311,HfS2,4,28,-1.126682560000005,0.30721573070007824,3.2941606843006435,-0.07004066273253895
5312,Hf2Te6,1,73,3.1917358724999847,-25.565982867154325,-0.32815310247028107,0.022766144203302918
5313,Hf2Te6,1,73,3.9443789749999816,-26.81701203481952,-1.085244618819155,-0.194799704319236
5314,Hf2Te6,1,73,1.235475912500002,-24.518431320596317,1.628110751699827,2.372206077169798
5315,HfSe2,3,28,1.1570521700000267,1.1582885078971086,0.40889476660733415,-0.9063078271960716
5316,HfSe2,3,28,-1.4048448124999755,2.1690450628076943,2.857506287045772,-0.16113268142194026
5317,V2CO2,3,81,2.3670738699999343,26.80361396442186,-0.39409146338372336,0.3577476975354661
5318,HfSe2,3,28,4.709450635000001,-1.611000292185874,-3.021575523102215,-0.5232420689701351
5319,Cr2I6,4,33,-0.9504520824999948,0.8384840420336862,9.715439789638056,1.3004881870201568
5320,V2CO2,3,81,-1.1775031250000758,29.24007671686816,3.124946292368647,0.9560846647899114
5321,HfS2,4,28,1.8559863550000049,0.6903227585024976,2.7404984650480095,-0.16679354335195384
5322,Hf2Te6,1,73,5.560640889999949,-26.672094820536856,-2.686756847895863,-0.09372289836176506
5323,Hf2Te6,1,73,4.9290524849999695,-24.59700176414934,-2.076934390237803,2.355235285589223
5324,V2CO2,3,81,1.3637809762499873,27.105194090888684,0.6048115482785161,0.21496415047425588
5325,Hf2Te6,1,73,2.238480914999978,-27.601535587876974,0.6136134968499976,-0.33383614755663893
5326,PbI2,2,28,5.438491124999999,-0.6689593981628406,-3.6123378466491687,-2.431672353637694
5327,HfS2,4,28,0.9316957799999795,0.019280591765157173,2.0944162996203817,-0.485667467952657
5328,Ge2,2,19,1.4804962749999948,0.8977904840586395,1.0959505760945691,1.1009107156870575
5329,HfSe2,3,28,-2.212454574999994,4.037002183693435,3.7112271166819193,2.8026893712061502
5330,Hf2Te6,1,73,-1.1912849375000372,-24.83535619294735,4.06024190072127,1.3468401062876756
5331,Ge2,2,19,0.183242969999994,0.7288819022076476,2.3511250681774962,-0.2230500512225282
5332,Ge2,2,19,1.4132016966666665,1.7506530612780762,1.1210799147758994,-0.04331708649058008
5333,Cr2I6,4,33,0.9328910475000084,-0.09690077752116721,8.581765973068839,0.29840386261300844
5334,HfS2,4,28,3.025162634999985,-0.7602417248005016,1.5204301498816069,-0.14103088552895615
5335,Cr2I6,4,33,-0.9942843549999963,0.5441681974682581,9.342586520667211,-0.5620121525175005
5336,Ge2H2,1,37,5.946856636250009,5.727401436920972,-3.374117233796904,-3.6875920478939905
5337,Hf2Te6,1,73,0.7092867099999601,-28.417249620334232,2.149019062145629,0.04356270991174238
5338,Hf2Te6,1,73,1.3767831100000034,-28.874590533273725,1.4693717387345342,1.323814970952959
5339,Ge2,2,19,-1.0763033799999953,3.2416008882397414,3.696479337679744,3.2553253345364332
5341,V2CO2,3,81,1.3300022174999262,26.844021808099235,0.6836928635751065,0.11536464193610896
5343,Cr2I6,4,33,0.7899623750000124,0.35487214343260476,7.871019677485135,3.538958386744169
5344,Ge2,2,19,-3.897026307500007,4.403664476788642,6.494441595789395,2.0453349025215726
5345,Hf2Te6,1,73,6.393930594999964,-26.690638463576015,-3.5536064315630744,0.7635642678743846
5346,V2CO2,3,81,-3.8042284325000697,32.08795456838976,5.746585932894255,1.1661369477944628
5347,HfS2,4,28,1.5823143624999996,0.24344949883829803,1.185485412305705,-0.9981298748392736
5348,HfSe2,3,28,2.638723460000019,0.4010165461289277,-1.0414210231714058,0.288619193274517
5349,HfS2,4,28,3.880059667499992,-0.9201170087577228,-0.24616554187946793,-1.4747414867799806
5350,Ge2H2,1,37,7.695588470000025,7.22038328598142,-5.105569879708684,-0.36633718063234966
5351,Ge2H2,1,37,1.865430847500024,8.376950645750505,0.7048896792588055,0.17917234133257698
5352,HfS2,4,28,0.6423216049999954,0.8707697207598923,2.0806098595131477,-0.9506307626894077
5353,Cr2I6,4,33,1.9052788062500128,-2.8173061652588016,6.016301230231209,0.07757079168089542
5354,Ge2H2,1,37,2.462679431666689,9.058776333103818,0.11359758592669467,-1.3170083819128642
5355,Hf2Te6,1,73,-0.0183372933333549,-25.973526513709082,2.882285320626242,-0.1408553482427763
5356,HfSe2,3,28,0.7202111962500086,0.5490721779005854,0.8289949414071569,-0.01413326293854622
5357,HfS2,4,28,-2.0673796975000096,0.8316974484307957,3.4344608628137303,0.3205391410374039
5358,Cr2I6,4,33,7.175205467500002,-0.14905114805470987,3.3015050904376197,-2.2206118090527367
5359,Hf2Te6,1,73,3.3664992249999863,-27.87722957104389,-0.5114914175862495,-0.36839973896686473
5360,HfSe2,3,28,2.3285510250000234,0.07940120418190189,-0.8720661906468943,0.13810931562701123
5361,Cr2I6,4,33,2.0121419400000136,2.0188249776737335,8.238196296490871,0.5831788410719674
5362,HfS2,4,28,0.5942522049999868,0.018093411022758965,2.1718595662656788,-0.37281967809365535
5363,HfS2,4,28,0.3213207849999815,0.5543407073477358,2.398233162448749,0.07884393839631976
5364,HfS2,4,28,2.3830534249999777,-0.02066906595812812,2.1103227505625632,-0.5611468981165346
5365,Hf2Te6,1,73,0.5639625499999852,-24.67658679786884,2.302115429405736,2.211159218315648
5366,Hf2Te6,1,73,-1.7720445850000033,-26.413460248857216,4.623626158486331,2.5396207231785106
5367,Hf2Te6,1,73,4.1165324550000015,-27.240252067757368,-1.260079036268312,-0.17959114920369634
5368,Cr2I6,4,33,2.8747111375000145,-0.2399060939616029,7.755578218413783,-0.5735186154510643
5369,Cr2I6,4,33,1.9772343825000145,0.34939493828042156,9.120140692522364,-0.4739335964816429
5370,PbI2,2,28,3.025639544999993,0.4321025102571685,-1.2511839181943698,-2.980569532589511
5371,HfS2,4,28,-1.4836035200000015,0.46654761116109356,3.6140771734754447,-0.08375966270365254
5373,Hf2Te6,1,73,0.9005132399999671,-23.07962400545712,1.961974473495923,0.774036935666842
5374,Hf2Te6,1,73,1.4384832249999793,-27.345440453978455,1.4374421569783737,1.155827932862366
5375,Hf2Te6,1,73,4.604738057499984,-25.883760830606874,-1.733046592122176,-0.3459839630582522
5376,HfSe2,3,28,1.211377142500026,0.9337005628832749,0.33322004613166767,-0.5395016656628677
5377,HfSe2,3,28,2.334270737500006,0.37705681529540414,-0.6828950066675883,-0.533611835967515
5378,Ge2H2,1,37,6.058125900000019,7.122181170414206,-3.4666541484690536,-1.1341920760966175
5379,Hf2Te6,1,73,2.692005279999986,-26.699749035976346,0.16267215873597607,-0.10497439239622608
5380,V2CO2,3,81,3.3834066300000254,21.23841087933327,-1.3748656817680103,-1.2075544902091724
5381,Hf2Te6,1,73,2.349858835,-24.766082122582397,0.5134522173223877,-0.010767335353495167
5382,HfSe2,3,28,2.8457996150000024,-0.02237809699208837,-1.275963594530337,0.12686068811584228
5383,HfS2,4,28,7.035450111666652,-2.3275088974230806,-1.278318773547145,0.6506705573803861
5384,Hf2Te6,1,73,2.847546149999978,-23.07624639045306,0.02020854779970449,2.306470662642437
5385,HfS2,4,28,-1.6929895850000125,0.7224523993310672,3.5380574436959966,-0.13704777042296112
5386,Cr2I6,4,33,3.3853091149999965,-0.9562952269588183,7.662432059697879,-1.1149338234935473
5387,HfSe2,3,28,0.4429685950000231,1.2508279999376193,1.0361936211865004,0.6029788375179823
5388,PbI2,2,28,3.206691509999991,-1.6675020123701894,-1.4089161222360138,-2.1283471251707873
5389,HfSe2,3,28,2.3603972950000047,-0.07364717706228108,-0.9173043130257208,-0.19782642110372395
5390,Hf2Te6,1,73,5.836553574999996,-28.505736272931923,-2.9686543160685184,0.3663412715983112
5391,HfSe2,3,28,0.6429763750000008,0.6687508309122714,0.8270274285710644,-0.2661817586186735
5392,Ge2H2,1,37,3.3200530575000045,7.8226776553906205,-0.7348072892708379,-1.9495969579898116
5393,Cr2I6,4,33,2.3022862650000047,1.0016745351708938,5.855540754691463,-0.7049384094320725
5395,Cr2I6,4,33,-0.5551689049999906,-0.3418657400805758,9.595599649489024,1.4670877438188588
5396,Ge2H2,1,37,4.721785570000009,8.048970833605134,-2.141929174278573,-0.9730180351082445
5397,Hf2Te6,1,73,0.6457766924999846,-30.41432255851256,2.2157504325407054,4.0565047825671545
5398,Ge2,2,19,-1.1080230999999987,3.255089852115884,3.6674965350840236,3.00993404080607
5399,HfSe2,3,28,0.4245779550000068,1.3959746325091484,1.082015709487196,-0.08606613039215766
5400,Hf2Te6,1,73,2.1166172549999978,-24.326356701640012,0.7457182679695662,-0.14595176039906588
5401,Cr2I6,4,33,1.2676589075000084,0.3760197576611244,8.01800970402648,-0.5478183014463381
5402,V2CO2,3,81,-4.135317390000036,32.474826718206415,6.079976225728999,1.7945066937160603
5403,HfS2,4,28,2.117846294999992,0.06939541820598105,2.131015494703377,-0.03781188007282754
5404,Hf2Te6,1,73,1.954556032499952,-26.668042306583406,0.9144372498181632,0.38147858333460216
5405,HfS2,4,28,0.6792595962499806,-0.1741557299907236,1.4887510359470815,-0.2723959863002328
5406,Cr2I6,4,33,2.650645970000008,0.9008852653769859,9.02797806392791,0.048194807079256385
5407,Ge2,2,19,-1.0107807400000002,1.707634059803874,3.5763940098059086,0.32547228357910174
5408,Cr2I6,4,33,3.4560236150000097,1.128817556900422,8.519282617770275,-0.997902156310638
5409,V2CO2,3,81,1.1170563199999275,25.17628952871935,0.8586879671730259,0.44324442755358007
5410,Ge2,2,19,-1.363993865000006,1.6755192495850688,3.9184243497717346,0.3338723001348938
5411,Hf2Te6,1,73,1.27914994999996,-22.50942709093522,1.5809321995056553,1.7513661976135655
5412,Cr2I6,4,33,0.1633088450000022,-0.045809811389976154,8.836678399606015,0.11644754207478619
5413,PbI2,2,28,0.5556167649999963,2.483187925043135,1.2322050047143591,0.31528871379537315
5414,HfS2,4,28,-1.5233898525000191,0.727694706575133,3.7168046200832308,-0.2944113846063041
5415,Hf2Te6,1,73,-0.1726508250000353,-25.340628692491624,3.036868424233027,2.065439672287531
5416,HfSe2,3,28,1.960022825000016,0.33942940036721203,-0.49168572624259,-0.06341705520682339
5417,Ge2H2,1,37,6.593364662500003,7.537774139074704,-4.016210741372683,-0.8150109713989284
5418,Hf2Te6,1,73,7.338655484999981,-29.581322444762556,-4.467231922632223,0.383947041346862
5419,HfSe2,3,28,4.519730805000021,-1.8032470530672415,-2.897540091117575,-0.4717187073234266
5420,Hf2Te6,1,73,1.0693361699999493,-29.247716897767894,1.7906975010612485,0.08496038710861198
5421,HfSe2,3,28,-0.5322941499999831,1.610150094633467,1.9873984215708247,-0.41407732585552626
5422,Cr2I6,4,33,0.0315734100000082,0.05447185519774571,8.891977752083935,-0.7522898864404379
5423,Hf2Te6,1,73,4.251365589999962,-27.69372734219214,-1.383611210091718,-0.24701739142716672
5424,V2CO2,3,81,1.7153936749999996,27.32298130529073,0.2433130218282067,0.6139081591064457
5425,Hf2Te6,1,73,1.0230121537499857,-26.176830363716007,1.8382859305090475,-0.011878006105942696
5426,Ge2H2,1,37,0.158891945000021,9.973619829698873,2.43413596459674,0.046640009765298834
5427,V2CO2,3,81,-2.3701950450000484,30.684463157182666,4.319414669201505,1.327757412121427
5428,Hf2Te6,1,73,6.223510827499991,-29.330082581319772,-3.363576815404858,-0.10222379950519933
5430,Cr2I6,4,33,5.2591123600000085,-0.7207761624648112,5.453146813393241,-1.322738728840544
5431,HfS2,4,28,0.6821381049999942,0.2843615415047259,2.402799705897833,-0.5009534157960961
5432,V2CO2,3,81,3.1944030849999936,22.02566950233114,-1.1874171027408789,-1.975657456007277
5433,Cr2I6,4,33,2.3383605800000096,0.034740654436025586,7.196301825649811,0.22012659689513203
5434,V2CO2,3,81,4.1402130499999945,26.869000715462242,-2.1654681340377753,1.7326202019531305
5436,HfSe2,3,28,0.179548150000012,1.3312509003311037,1.4458277168899416,-0.19252376327617574
5437,Hf2Te6,1,73,3.4665076975000044,-27.484672093786017,-0.6069855932366988,1.2914025541174272
5438,Ge2,2,19,1.3877303274999964,0.520398371166894,1.18158534442078,0.6108792153466833
5439,V2CO2,3,81,1.4940091350000309,27.248643758066375,0.44877044575202407,0.43337877806810465
5440,HfS2,4,28,-0.4027645550000045,0.6127933623221887,3.3472793859071905,0.06257263440165656
5441,Cr2I6,4,33,2.5301146400000203,-0.6000075233008015,9.477522224980042,-0.5820999038244832
5442,Hf2Te6,1,73,2.0892540749999915,-26.831424806226597,0.7817276182678308,0.08544117837220089
5443,Hf2Te6,1,73,0.9750584249999568,-25.736886768073486,1.8854191814555281,5.532295039762413
5444,Hf2Te6,1,73,-0.1587457800000027,-23.36152528285095,3.00528813839844,1.8048080746421333
5445,Ge2,2,19,1.4017560924999937,0.2582965248909568,1.1635839496142641,0.4796422276980654
5446,Cr2I6,4,33,0.8018194000000058,-0.4089745640828509,7.9584741632069855,1.0633056203450462
5447,HfS2,4,28,1.3074411250000004,0.31753765574645954,2.1369932793731685,-0.538787295107524
5448,PbI2,2,28,2.315796599999995,-0.46747023484700034,-0.5268114270924837,-1.2574278376658075
5449,HfS2,4,28,2.856329659999991,0.0031262433711840565,1.4529360330287764,0.05518184067648191
5450,HfS2,4,28,1.5097330224999812,-0.16437226657957105,1.7481453605007107,-0.21895510082334546
5451,V2CO2,3,81,3.2953737849999385,27.123687398929505,-1.3386576051522212,1.0932365780066533
5452,Ge2H2,1,37,5.551399575000002,7.224541002189125,-2.97551487517853,-1.2650488479187034
5453,HfSe2,3,28,0.9510069537500074,0.6614693951269457,0.48119419332946034,0.1613086215317716
5454,Hf2Te6,1,73,0.4508623724999925,-26.01484032927184,2.410589014905403,3.3742878788885573
5455,Cr2I6,4,33,3.5389791533333352,-0.706207852063804,5.753180920582782,-0.5458080972216814
5456,HfS2,4,28,0.9038078149999852,-0.05647207904315743,2.45461315305574,-0.09993650126910958
5457,Ge2,2,19,-0.1253122799999939,1.9754712892976827,2.6139658603476907,3.059645286540928
5458,V2CO2,3,81,0.4970244099999812,28.291539874642556,1.4777861505443506,1.2582143614386174
5459,Ge2,2,19,2.709402345000004,-0.8163546943448934,-0.17386919496287412,0.5333038743552612
5461,Hf2Te6,1,73,1.3709912599999603,-26.662056714482993,1.47995023907434,0.19968689462752187
5462,HfS2,4,28,1.791925987499981,-0.42548596948189443,1.4373561532318304,-0.4001206963241388
5463,Hf2Te6,1,73,1.8524219299999969,-27.346693605745646,1.0023736054054802,1.6193058385801218
5464,V2CO2,3,81,-2.291596375000032,29.450892569712355,4.199127517234834,0.028060637008699096
5465,PbI2,2,28,5.780072869999992,-1.1939713380175698,-3.955776316070345,-0.7788523258207114
5466,Ge2,2,19,-3.1439925950000003,4.717378866794637,5.609779052061768,1.8304783623645022
5467,Cr2I6,4,33,2.9441437000000032,-2.1768879169189486,5.724433375004574,0.1965269968943244
5468,V2CO2,3,81,2.255814412499931,26.233720919226144,-0.28379938926842474,0.7658997980103228
5469,HfSe2,3,28,2.0725811250000032,-0.008156411547346032,-0.579613797564192,-0.20771395434824957
5470,Cr2I6,4,33,1.7912142649999971,-0.014315563014320132,8.52829468491557,-0.23341087258971882
5471,Ge2,2,19,-4.377999999749527e-05,0.5511153840929134,2.538044721276548,0.38940281708139807
5472,Ge2H2,1,37,12.121998965000005,1.995199979091792,-9.543633281444402,-5.710544764255376
5473,Hf2Te6,1,73,0.0410364874999942,-23.88724752354634,2.821374614159145,3.0058844478129125
5474,Cr2I6,4,33,-1.5697409749999818,0.8616683126464662,9.881718599893171,0.10245478560280574
5475,HfS2,4,28,0.7132493399999781,0.06277027294812165,2.8313476499495662,-0.0812329196355982
5476,HfS2,4,28,3.8590882299999816,-1.8457244315406105,0.19024899813925966,-0.45500744170550744
5477,V2CO2,3,81,0.7139542199999689,28.263702541805248,1.2503249945411485,0.5623769662945868
5478,Ge2,2,19,3.0651495899999954,-0.37941261591959163,-0.5268213000143387,0.3817919446781457
5479,Ge2,2,19,0.0212840450000007,1.14232979097056,2.5723539380042513,0.12656003115661552
5480,HfSe2,3,28,2.4243166350000047,-0.016044567294214662,-0.939147581922307,-0.09972332941223616
5481,Hf2Te6,1,73,5.490691554999981,-27.275517118430766,-2.6243387584454156,0.07060776903566346
5482,Hf2Te6,1,73,-1.60870462500003,-24.3254010096893,4.4555158400828345,2.229680635958384
5483,Hf2Te6,1,73,-0.1286306599999989,-23.93080669440572,2.9889380355900053,2.4710944315021757
5484,HfS2,4,28,-1.6523839525000013,0.39044760581014115,3.661452481311138,-0.43299413804056663
5485,Cr2I6,4,33,3.144282270000001,-0.007677325135092339,7.932308864071349,-0.6920436308042408
5486,Hf2Te6,1,73,2.1333634149999545,-24.81067189494482,0.731430839303024,0.09688304941146297
5487,HfSe2,3,28,3.4209883550000058,-0.36589355659404044,-1.8678284028363095,-0.21567053985514884
5489,Ge2H2,1,37,1.1378594199999983,8.220979615034182,1.4404801567211931,-1.5720484217191553
5490,Ge2H2,1,37,3.787085055000015,8.742555460645331,-1.18188826112591,-0.6147277342144926
5491,Cr2I6,4,33,4.318097930000008,-1.394882143384001,5.258613525980928,0.5923545948209554
5492,Hf2Te6,1,73,1.3643996049999716,-28.446043106917493,1.4925462275704224,-0.08577701747810074
5494,Hf2Te6,1,73,1.1715390574999862,-27.580127546396675,1.6877214221091852,0.4129724212419774
5495,Hf2Te6,1,73,1.1703289299999664,-26.22394346692115,1.673628494163852,1.7840433965330331
5496,Cr2I6,4,33,3.7454954050000135,-0.6790423454856498,7.145075315036811,-1.2432971857006971
5497,HfSe2,3,28,1.5701413800000106,0.3166498889844662,-0.019034768112396572,0.07145148022185221
5498,HfS2,4,28,4.146297289999984,-1.229043159954411,0.9791146973047038,-0.08703517324990262
5499,HfSe2,3,28,2.0619718575000228,0.34400030538246407,-0.48101945157045733,-0.11861943637524663
5500,V2CO2,3,81,2.5741012933332628,26.885943011196563,-0.6072484694400335,0.5602331914028618
5501,Ge2H2,1,37,-0.9764649949999804,9.840053566548443,3.54940741087319,0.2900432032875374
5502,Hf2Te6,1,73,4.042924589999968,-25.699244923480805,-1.1861296763901454,-0.08555772611345303
5503,HfSe2,3,28,1.0295001025000006,1.0364653512836703,0.48868678460530535,-0.39276700764882466
5504,V2CO2,3,81,1.3356431099999266,28.094847860611644,0.6331978069515707,1.068834327337313
5505,Cr2I6,4,33,1.5323156325000022,-0.8738426176684593,8.232252775830279,-0.15696897188598857
5506,Hf2Te6,1,73,7.034962279999998,-27.701859338486937,-4.1745856040763325,-0.36561880847289796
5507,Hf2Te6,1,73,1.4293436750000017,-25.97069205286357,1.4329974905426008,0.6002137915069563
5508,Cr2I6,4,33,2.5806524925000134,0.6547043946815867,8.397737366699511,-0.3379131726986828
5509,Hf2Te6,1,73,2.407432114999998,-26.693491097213336,0.4478443901523863,1.5993521651411964
5510,HfSe2,3,28,2.5346497050000245,-0.6031337331804647,-1.086872036364974,-0.1805927108797447
5511,Hf2Te6,1,73,1.969467874999956,-28.85701099697363,0.8682800962168815,3.7450500362752717
5512,HfSe2,3,28,2.0475756625000243,-0.05711482958630776,-0.5903867780828083,-0.19976761933799625
5513,PbI2,2,28,3.213034544999992,-0.10977164369383985,-1.3857386853452478,1.0128593498313476
5514,HfS2,4,28,4.3145552874999975,1.2224126258097359,0.7364820240539576,-0.07622651272989689
5515,HfS2,4,28,1.6779672949999815,-0.16679651036761656,1.7068628619620951,-0.5041652370979632
5516,Cr2I6,4,33,-1.0874229125000012,0.6979868264811211,10.328747535925803,-0.3088065135660796
5517,HfSe2,3,28,0.7303929000000003,0.9532687992950436,0.729259086757914,-0.023163047323608743
5518,Ge2,2,19,0.577013267500005,0.8889966672432403,1.9118335113696239,0.7556316321861725
5519,V2CO2,3,81,6.665646169999992,24.837518200854703,-4.6894448344109,0.6844088887972086
5520,Cr2I6,4,33,0.5692763400000039,-0.7386126589697305,8.818178646572262,1.394489797758887
5521,Ge2H2,1,37,0.0678451300000082,9.954703068699944,2.505273397730298,0.14953030741861156
5522,V2CO2,3,81,5.339147242499998,24.35597277423381,-3.397385470662128,-0.019960237139077464
5523,HfS2,4,28,3.81994985499998,-0.1268018778067832,1.7913155659137163,-0.29944951294879196
5524,HfS2,4,28,4.760418674999992,-0.9930648224100671,-0.696692488247673,-1.1370247420216804
5525,V2CO2,3,81,5.544701429999979,22.726596620880454,-3.5746173191041857,0.9830204518664765
5526,Hf2Te6,1,73,2.922038529999984,-25.39747116435362,-0.055184736537866375,-0.3000808305421798
5527,Hf2Te6,1,73,5.394969624999996,-29.089144471013384,-2.527304890477495,-2.317992133621212
5528,Cr2I6,4,33,2.683625795,-1.1462141052416994,6.42752991363088,0.6344065491823323
5529,Ge2H2,1,37,-0.380071492499978,9.816765717175475,2.982545864092182,-1.1013335272601539
5530,HfSe2,3,28,2.0366502550000143,0.06606913141864634,-0.5284264034782045,-0.6879180616889589
5531,V2CO2,3,81,-0.8359768949999777,29.994481301611103,2.761857724493183,1.3583059075528747
5532,HfSe2,3,28,0.8051119350000053,0.881831238408503,0.6537001428401639,0.1168614921367338
5533,V2CO2,3,81,1.4404089900000336,26.741265967275357,0.5311406004286365,0.9648369498905098
5534,Hf2Te6,1,73,0.171196206249991,-27.274907731849154,2.6888752144195647,0.4561597269394011
5535,PbI2,2,28,-0.755429287500001,2.694814224786378,2.5936768648493462,-1.7505373758605947
5536,HfS2,4,28,2.177222392499986,-0.10689181242440382,2.0455711866015767,-0.07126949383869041
5537,Cr2I6,4,33,0.0608035600000098,0.24916824938719723,9.093892904538565,0.21926769854491207
5538,Ge2H2,1,37,7.0242478600000045,4.5718688417618765,-4.46667430309998,-5.620389397030542
5539,Cr2I6,4,33,1.5386940866666714,-0.7894519398567755,7.147173421585791,0.07427296738250266
5540,Hf2Te6,1,73,2.156416334999988,-28.2592918061151,0.7074464973873007,0.17367585669617913
5541,HfS2,4,28,0.0560926549999898,0.6843226399651184,2.7576728708178813,-0.707064147131541
5542,Hf2Te6,1,73,1.97327930999996,-27.13158630602759,0.8867899649023838,3.282045212654256
5543,HfS2,4,28,5.680254175000003,-0.15673434111735318,1.0278386734598772,-0.30495472126465106
5544,Hf2Te6,1,73,2.281157527499968,-29.82936393631853,0.5901211558445549,1.5722042380436516
5545,HfSe2,3,28,0.9018042875000012,0.9042338140141792,0.6188201911580391,0.21063240441996145
5546,Cr2I6,4,33,4.044256950000009,-0.026387398023487663,7.079500968675732,-0.39314844665833437
5547,V2CO2,3,81,0.2706099599999469,28.70505568877833,1.6966126511094688,0.7641403426327027
5548,HfS2,4,28,1.1950014599999783,-0.38071975795835233,1.5713050992448132,-0.48970395017077506
5549,HfSe2,3,28,2.9210069625000106,-0.3290803480565496,-1.4711415021041976,0.07542939499815837
5550,HfSe2,3,28,3.6280577550000177,-1.0566402643587418,-2.2212057480877863,-0.2892005016074801
5551,Ge2,2,19,1.1146209374999942,0.5673970246378639,1.4379587038421688,0.5578468505605119
5552,Hf2Te6,1,73,3.5616352674999927,-30.28609674350809,-0.7015878476340665,1.6861797056954009
5553,Hf2Te6,1,73,1.031911647499994,-26.88137439507385,1.827315453508103,-0.37537188945352595
5554,Ge2,2,19,-1.118844674999997,1.7105931112920096,3.6638426055267304,0.24260561364440614
5555,Ge2,2,19,3.800422497500005,-0.7043918648451792,-1.23034746240479,0.74399377116658
5556,HfS2,4,28,3.3406821349999785,1.2524180948991104,-0.2666441857557973,-1.3390918036045112
5557,HfS2,4,28,3.0165514199999905,-1.545462851630443,0.5419976662528576,-0.7827867715624905
5558,HfSe2,3,28,1.800813220000015,0.42587540342832964,-0.24417652890657027,-0.43992823566570527
5559,Hf2Te6,1,73,4.368336264999952,-23.306337341380363,-1.509207471919304,-1.183873956116285
5560,V2CO2,3,81,-0.5875712949999734,29.250040284690115,2.572536818083978,1.3332631904848977
5561,V2CO2,3,81,5.5435778649999525,25.4110292243606,-3.5710629972173598,1.6824868170068834
5562,HfS2,4,28,4.377298727500001,-0.10494698570922978,1.3032464436018865,0.12111038479451341
5563,Cr2I6,4,33,-0.4997555074999918,-0.561407123216968,9.012817468038222,-0.3988517465283285
5564,Ge2H2,1,37,7.204794685000001,5.493089874631346,-4.596320112500408,-2.879836281094769
5565,HfSe2,3,28,1.251107065000023,0.48327067681363656,0.11956698882789851,-0.29763190758018265
5566,V2CO2,3,81,3.0915013800000115,26.38488079608133,-1.1375878900224927,0.5749308417305388
5567,HfS2,4,28,0.5671496437499828,0.20594612295330494,2.863936658053606,-0.26268601879575915
5568,HfS2,4,28,1.3884832624999803,-0.03807065530698717,1.8767371411712843,-0.27282144272408115
5569,Hf2Te6,1,73,6.556541869999963,-26.30655545985897,-3.6993483205258824,-3.3429605463763057
5570,Hf2Te6,1,73,4.718261894999982,-27.095927653132918,-1.8586190714627908,-0.267117994446596
5572,Hf2Te6,1,73,2.7161476724999805,-24.05174892283059,0.14625182612164211,0.014829306437804224
5573,Hf2Te6,1,73,7.292582849999966,-28.34395243758033,-4.425145487329067,0.26596703098147945
5574,Hf2Te6,1,73,4.698974972500006,-21.823563541505337,-1.842822040650844,0.7760997955664006
5575,Hf2Te6,1,73,2.1754142099999907,-27.017430827457062,0.6804234530147393,1.8408561890936372
5576,Ge2,2,19,-0.7747243824999954,2.1513942662280225,3.3639176471433467,0.23125829134398956
5577,Ge2H2,1,37,2.8147088800000177,9.176434028732078,-0.23830184480816374,-1.8168897742159196
5578,Cr2I6,4,33,-1.899209862499989,0.898425942211903,10.491679435520924,2.389424289812204
5579,V2CO2,3,81,-1.3170433450000338,29.839796265786575,3.2713705706851535,0.704810262546624
5580,HfS2,4,28,0.2418649849999843,0.8102955164801182,3.087805523702612,-0.5753187197157639
5581,Hf2Te6,1,73,2.6755302649999906,-26.33899059914204,0.18465551711467398,2.696265707188323
5582,PbI2,2,28,-0.170473990000004,2.7554242781368044,1.991213497675175,1.6000857126282797
5583,V2CO2,3,81,-3.242709425000009,30.06130936434632,5.154453661946115,0.8768236109690437
5584,HfS2,4,28,5.158475382499981,-1.1910543276598933,-0.44976177153298114,-1.3602303498716037
5585,PbI2,2,28,0.4856521924999989,2.733156140579021,1.3341254551542168,0.8184680699638885
5586,Ge2,2,19,-0.0212564400000028,0.9631720315578235,2.5543719064357533,0.15505662870036085
5587,Cr2I6,4,33,1.9371824075000048,0.22378128675455233,8.49761495896016,-0.3539944697634936
5588,HfS2,4,28,5.384656614999981,-0.11029993190468534,1.1450535188704611,-0.47986525986692463
5589,Cr2I6,4,33,-1.4082287249999923,0.23521217684325402,9.543390800360608,-0.07744978884481557
5590,Hf2Te6,1,73,1.3651947399999766,-28.523028713566667,1.4813074051314525,1.3002123613132963
5591,Hf2Te6,1,73,0.7329036599999789,-28.808797777355327,2.124416330793885,0.13978344136415688
5592,Ge2H2,1,37,4.176626885000018,8.21465901130125,-1.609298511408913,-1.8100744923583147
5594,HfSe2,3,28,1.3101566775000049,0.5768270747506665,0.16483329302510086,-0.39634324544230626
5595,V2CO2,3,81,1.4304711474999596,26.97048492689681,0.5750770515178831,-0.0037555748248905285
5596,Cr2I6,4,33,0.208530970000016,1.7776115063997235,10.791590186374597,-0.20992412923056614
5598,HfS2,4,28,4.262494769999988,-0.9919747186795944,-0.500902222901193,-0.7683268063362516
5599,Ge2,2,19,-3.3125848175000043,4.022100309621383,5.9145894250185185,2.0377652844698124
5600,Ge2,2,19,0.9766792100000056,1.5291092752091413,1.5950858154567409,1.9609754441849714
5601,V2CO2,3,81,-2.627506952499987,31.164529225245758,4.579063555613797,1.4467441847082387
5602,HfSe2,3,28,-0.0245600649999779,1.3934398998108708,1.4667869517492456,-0.19391702519981052
5603,Ge2H2,1,37,6.925899900000026,6.366859041650365,-4.336397009095281,-2.132415847977728
5604,Hf2Te6,1,73,0.5415369574999573,-22.275569985784667,2.323244581145469,1.7840341821535666
5605,HfS2,4,28,7.963258189999999,-5.024818264488321,-4.097662054542642,-6.038233839515787
5606,Ge2H2,1,37,-0.795670155000002,9.8406589858843,3.366877757818809,0.05337345929077353
5607,Ge2H2,1,37,2.4769333916666803,8.943212914689115,0.10220794699960001,-1.097278626537591
5608,HfSe2,3,28,1.29510662000002,1.1027998026150312,0.2495009001034345,-0.26177546422304254
5609,Cr2I6,4,33,1.1264769550000002,-0.6072505628898114,8.068804669794005,-0.35725779492004417
5610,HfSe2,3,28,0.6039340662500225,0.7218149336635109,0.827593905971352,0.08482939327349637
5611,Cr2I6,4,33,4.383992737500005,0.3502548675058952,6.604094002675877,-1.594338005749517
5612,HfS2,4,28,-0.634120057500021,-0.9920102055106399,2.7233284219867153,-0.07282544128436219
5613,HfSe2,3,28,0.9781390850000083,0.7825070992854734,0.5660014525798459,0.2609234626837075
5615,HfS2,4,28,1.139216864999992,0.002121642334399265,2.5018786938022943,-0.35856537510639674
5616,HfSe2,3,28,5.299324130000009,-2.52939726410442,-3.7367471207989595,-0.44106333949301035
5617,HfS2,4,28,1.1342817850000049,0.4400080137365674,2.3424319518520056,-0.24003691544993566
5618,Hf2Te6,1,73,0.5487293499999737,-27.472885777383397,2.3105495673126484,4.389210452805609
5619,Hf2Te6,1,73,-1.6374855050000292,-26.498195567870862,4.487025102829213,1.6749122151288134
5620,Cr2I6,4,33,6.2591448500000055,-0.6598609958333386,8.191632958825169,-0.9202962591491755
5621,HfS2,4,28,3.867645492499996,-3.071155220613806,-1.1802984777549193,-3.880855153347978
5622,Cr2I6,4,33,4.584768817500001,0.2431153002622466,7.356736177528176,-1.8712861196952324
5623,Cr2I6,4,33,3.798897570000001,-0.028506979968059287,9.483396862322182,-0.912925388044028
5624,HfS2,4,28,0.362990174999982,1.2992381708709897,2.7390718913960956,-0.33995870184019195
5625,Ge2H2,1,37,8.782366321666675,3.8880314368172115,-6.226257370098072,-5.905720677160856
5626,Cr2I6,4,33,1.6259800950000018,-0.06291106932454604,7.8352252285371895,-0.7410954593926004
5627,Hf2Te6,1,73,2.5106742066666694,-35.20159368540101,0.34925193761535356,-1.36686194762838
5628,Hf2Te6,1,73,1.402737404999952,-25.544652487931472,1.4635353623848952,2.0061762073657707
5629,Cr2I6,4,33,5.503318310000019,-0.26623646439861925,5.949192563476645,-1.8599588873163029
5630,Ge2H2,1,37,0.8857401050000213,8.512981828364847,1.6962654752662956,-0.5234916048118297
5631,Ge2,2,19,0.0904593550000028,1.3943502423332694,2.363703083710528,0.6183744586672946
5633,Ge2H2,1,37,2.5682410150000123,7.459469343301786,0.003183588462206899,-1.5063123056519696
5634,HfS2,4,28,0.6294570349999997,0.0007315095912682201,1.84319667186849,-0.5301777902591956
5635,HfS2,4,28,5.194502344999981,-1.7560650420926733,-1.920714131270123,-1.2547725749753638
5636,HfSe2,3,28,4.688345850000026,-1.347689490009588,-3.175998151788356,0.13205375225420557
5637,Hf2Te6,1,73,0.917546554999956,-21.514716669517167,1.9342657281980826,-0.025582953887590243
5638,HfSe2,3,28,-1.5898659049999735,2.3253917912177267,3.0155062098832945,-0.07674719695925503
5639,Cr2I6,4,33,-2.042229379999992,3.215061233230786,13.185187941579379,1.336303994842725
5640,V2CO2,3,81,-0.8332653724999926,29.300518262768954,2.81469284334299,0.6562908375115892
5641,HfS2,4,28,1.9412942299999827,-0.18427900172849832,1.5379395117602712,-0.14338044025083718
5642,Hf2Te6,1,73,3.9969399649999593,-27.735379127572184,-1.140651849816447,2.4659287254907634
5644,Ge2H2,1,37,2.5640177300000246,8.656942569173966,0.027132712759171174,-0.4122548868680056
5645,Cr2I6,4,33,0.8322194274999943,-0.09097066091877692,8.141331011380926,1.4723880433302874
5646,Cr2I6,4,33,2.699510685000001,-2.022952826215007,6.101250100738626,1.0814087873765046
5647,Ge2H2,1,37,0.5159621562500011,10.213359323547362,2.060496377354939,0.06848681708780813
5648,Hf2Te6,1,73,1.021505409999977,-25.127482388937764,1.8389741038041407,3.572004105126569
5649,Hf2Te6,1,73,2.8070492499999613,-24.596324180953943,0.047348603215574325,0.4574247445729962
5650,Ge2,2,19,3.0719520799999915,-0.6326986702964188,-0.45603789415811313,0.5666536735807375
5651,Ge2H2,1,37,1.3142234750000048,9.320180230596918,1.2742108238332066,-0.4274281926361132
5652,HfS2,4,28,1.0386458124999929,-0.3215034292424449,2.0355105513051424,-0.26883493724313656
5653,HfS2,4,28,3.412661527499992,-0.3756244728023197,1.6912958076542237,-0.1927944569840414
5654,HfSe2,3,28,2.74433993000002,-0.4095510909777018,-1.2663557797492675,-0.059039897702250155
5655,Ge2,2,19,-1.1193174275000013,2.1701394470770277,3.7133898488918065,0.4188054951269544
5656,Ge2,2,19,6.246647939999994,-2.2279010076523784,-3.665013815879917,0.1573572696049057
5657,Hf2Te6,1,73,-1.724179177499999,-25.247210195643515,4.599264451878458,1.078643311080525
5658,Ge2,2,19,-0.4794062033333353,1.5983754451113912,3.0345041409172584,0.16363589515665883
5659,Cr2I6,4,33,1.7470710150000186,0.32787697796059323,8.661724580169048,-0.7702412477728457
5660,Ge2,2,19,1.0340034549999917,0.8078960591983115,1.5419836853376343,0.5881659601560549
5661,HfS2,4,28,3.0146872424999827,-0.4653944794257434,1.3860464668353445,0.18971178691387625
5662,V2CO2,3,81,5.3553466000000265,24.409476518845597,-3.3990836538711813,0.28414003075762295
5663,PbI2,2,28,0.0019645424999916,2.3649274774076416,1.8132242230258262,1.3083261517367637
5664,Hf2Te6,1,73,0.6824649624999868,-24.752000456350693,2.1698715236806367,1.451155657273878
5665,V2CO2,3,81,1.0879654875000155,27.705977520287053,0.8719435542226,1.0154620815714361
5666,Hf2Te6,1,73,0.3716229049999562,-26.941518887742266,2.4822868259112987,1.0593397370339386
5667,HfSe2,3,28,0.934900400000016,1.2450774938293296,0.5974247485824425,-0.559242801822424
5668,HfS2,4,28,-1.164964480000008,0.4413872985017985,3.463807466424772,-0.010635095042716536
5669,HfS2,4,28,1.329882344999979,-0.6203208380928339,2.170242824754049,-0.3822042161217035
5670,Cr2I6,4,33,0.8782455475000128,0.476413850896797,8.737040047758065,-0.8301883092391079
5671,HfSe2,3,28,7.169032755000023,-3.0569061264421817,-5.683542790514855,0.2670984044644955
5672,HfS2,4,28,0.1632005550000022,0.13157087787658472,2.613185467567747,-0.032822785529787346
5673,Hf2Te6,1,73,1.3908759199999627,-23.0209036115232,1.4634736137168747,2.1929634170310837
5674,Ge2,2,19,0.5489733099999959,0.7507178107834921,1.9930900851822955,-0.5986412247084514
5675,HfS2,4,28,3.096965924999984,1.2964300551991936,1.4971353450398919,-1.301971888643376
5676,HfSe2,3,28,-1.4028623224999868,2.178149116208788,2.861340097755826,-0.184319801955783
5677,Cr2I6,4,33,-0.2716948075000056,-0.9572909789379827,8.534826147844752,-0.2875613487855983
5678,HfS2,4,28,2.8544395174999933,0.3009365989347397,1.5504157338122626,-0.4739460355460543
5679,V2CO2,3,81,11.334416754999983,9.973365855257482,-9.21399272278868,-3.9723872025402667
5680,Ge2H2,1,37,14.045378605000002,1.1563107972623676,-11.464235861571453,-6.5938686524548356
5681,PbI2,2,28,4.367583699999996,-0.5396720051554325,-2.548274942218014,-3.717238811630754
5682,Cr2I6,4,33,1.1250795250000136,0.7510063921549344,9.782148547484322,-0.6287230377258437
5683,Ge2H2,1,37,3.6209436524999976,8.448286109259442,-1.0421096751186094,-0.5875809459977188
5684,Ge2H2,1,37,4.712958695000001,7.938114760810546,-2.1368734851535045,-1.075800221667278
5685,V2CO2,3,81,0.0712837699999644,28.43876922886071,1.8953067139833932,0.49828867873050436
5686,HfS2,4,28,3.852679673333319,-1.4635910426570495,-0.6128587161494812,-0.6289099290960549
5687,Ge2,2,19,0.2855291100000059,2.3269436625982607,2.2723289597377465,3.361315118108718
5688,Ge2H2,1,37,-0.7119508399999848,9.693480552676986,3.2821446075475924,0.2371289943095754
5689,HfS2,4,28,5.1359656137499865,-1.0743487161669787,-0.621254074799384,-1.5440398337715524
5690,Ge2,2,19,1.9957143599999967,-0.27144596330454185,0.5831587180283642,0.49051831809550284
5691,Hf2Te6,1,73,1.4104669099999525,-21.789871693248855,1.4603546454555734,0.5845733080354276
5692,Ge2H2,1,37,4.815097780000006,7.277693141529129,-2.2276410768139705,-1.2668713440207982
5693,Ge2,2,19,0.1003464549999924,1.3633640120206783,2.4903596947370477,0.6875510523496576
5694,HfSe2,3,28,3.018416360000024,0.04999212922727114,-1.4134265929254388,-0.599347069838891
5695,Hf2Te6,1,73,4.127269023749959,-23.747556998425456,-1.2778961599804282,1.827242141868937
5696,V2CO2,3,81,-4.093870402500071,32.36333576949938,6.046481530989248,1.2425889980048321
5697,HfS2,4,28,2.2738233099999867,0.0941759655254244,1.9001078912990446,-0.5352266322198354
5698,Ge2,2,19,-0.2767363050000036,1.106402760586755,2.8249037323808834,0.39112294300557815
5699,Ge2H2,1,37,2.4726528150000133,7.20855698762755,0.08368418393950083,0.14855966745237925
5700,Cr2I6,4,33,7.66960712,-0.06873126550781272,6.021025819338684,-0.5828815671232102
5701,HfS2,4,28,1.1855517749999915,0.9037488177403854,2.748256233829761,-0.2407889490341102
5702,Hf2Te6,1,73,0.2829128874999875,-24.110012767082708,2.568773987525444,-0.20618883507078828
5703,Hf2Te6,1,73,5.3108484474999615,-27.979790183721274,-2.4502769041243107,0.3272319904781469
5704,Ge2,2,19,2.6161150974999963,-0.7478251102538007,-0.04862463901153191,0.5644263383774857
5705,Cr2I6,4,33,4.3710562099999954,-0.04993777572977276,8.373812068503423,-0.5529509892053177
5706,PbI2,2,28,-0.9004016775000077,2.572062259724536,2.7340217091747103,-1.3096853039554772
5707,Hf2Te6,1,73,0.792469576249974,-26.85788980647967,2.0599903312817642,4.31979410325442
5708,Ge2H2,1,37,0.7287199400000212,9.584595451540507,1.847839285718159,-0.2122703296077686
5709,Cr2I6,4,33,4.998174430000005,-2.305835168627121,5.144649742973628,0.8315591006803338
5710,Ge2H2,1,37,5.396068340000012,6.426370535834135,-2.849246626552441,-3.0253767226700963
5711,HfS2,4,28,2.716230554999985,0.8114937110522611,1.2745208704252264,-1.2603447473268485
5712,Hf2Te6,1,73,1.0406728349999843,-26.08410658070209,1.8213006890936436,0.962898754787817
5713,Hf2Te6,1,73,-0.1180121250000363,-23.98643420665992,2.983382478062984,2.2703521397756306
5714,Cr2I6,4,33,2.8531735050000173,-0.983924161127947,5.961385120221236,-1.0562548744000417
5715,HfS2,4,28,0.9276909024999812,0.5545155215773706,1.8999917515629257,-0.03150256390236561
5716,HfSe2,3,28,0.062497630000009,1.2621046560209057,1.3569125192563793,-0.09943494625875737
5717,Hf2Te6,1,73,5.052057757499963,-28.396121436877202,-2.184513583305627,-0.2500883882474403
5718,HfSe2,3,28,0.8722567475000194,1.0213108146032521,0.7088984731675019,0.12537229894010515
5719,Hf2Te6,1,73,7.518395959999971,-29.399472693271253,-4.650504807300182,-0.26197995709062827
5720,Ge2,2,19,0.5742175874999995,0.4472599925704961,1.9739888610549932,0.31319170217793835
5721,Hf2Te6,1,73,1.9011535274999587,-27.802082581124427,0.9587891471368821,0.07075754523105937
5722,Cr2I6,4,33,1.7061893500000047,-0.8892426845540412,7.483046575674434,-0.8508740620920864
5723,Hf2Te6,1,73,1.8517386649999847,-22.887976937984806,1.0153935218896637,1.5690102045780587
5724,HfSe2,3,28,-1.5609892624999857,2.323511363902268,3.058524451492804,-0.31961111045025037
5725,Ge2H2,1,37,-0.1979663133333196,8.360124087304877,2.7830289760937363,-0.22230158649781645
5726,Ge2H2,1,37,3.590293675,7.400048465197754,-1.0340504142985023,-0.7439732445622762
5727,HfS2,4,28,5.0036123149999785,-0.8756536993790478,-1.0885994785436797,-0.8759962274043565
5728,HfS2,4,28,4.537448197499981,-0.2624535857598689,1.1012625397284124,-1.4973998366753962
5729,HfSe2,3,28,-2.056386874999987,3.4957199959818395,3.6190283764266837,0.12854592689512856
5730,HfSe2,3,28,3.945297670000005,-0.8596353447767178,-2.3376266078484136,-0.671846898032435
5731,HfSe2,3,28,3.956918930000013,-0.9236960162579475,-2.531763806925164,-0.17441731193258958
5732,HfS2,4,28,3.0016038149999904,-1.3103114496079413,0.3704175422184339,-1.2575098008322048
5733,HfS2,4,28,-1.7082369700000153,0.7411783908730215,3.9086534554685617,-0.4824429775351815
5734,Hf2Te6,1,73,1.3606316024999936,-24.231541849666943,1.5027880892216046,1.1069652860421817
5735,Ge2H2,1,37,3.7593154450000017,6.908961977587074,-1.1802937527240007,-1.986655666405031
5736,Hf2Te6,1,73,1.1342348074999524,-26.012043298888912,1.7273918175610827,0.31184408902256955
5737,Cr2I6,4,33,4.754218344999998,-0.9454077135658756,7.7425266056123885,-1.0666377595202619
5738,Hf2Te6,1,73,2.0567413499999843,-23.117263508940617,0.7942718335937657,1.6246530680806637
5739,V2CO2,3,81,8.878195333333258,12.38408119693255,-6.795556870948715,3.882777961242752
5741,HfSe2,3,28,4.335241795000016,-1.0944449905719154,-2.7120216294294393,-0.4150334998136551
5742,Ge2,2,19,-2.761578059999996,4.140204247642411,5.291965898681536,2.2501903939335084
5744,Hf2Te6,1,73,0.6218484549999745,-24.910654972918877,2.2323784520943453,1.5118166695753223
5745,Cr2I6,4,33,2.5468316600000103,-0.6235382284000754,7.652998395236806,-1.107060683297638
5746,Cr2I6,4,33,1.2692207425000164,0.44507814157387693,7.2865124613879235,0.530658967379541
5747,PbI2,2,28,4.14846653,-0.5141756758638514,-2.337030910009969,0.02468400939819304
5748,Ge2H2,1,37,2.9454428350000024,8.938070615622557,-0.35680170804942035,-1.0905268982120793
5749,HfS2,4,28,3.40182715499998,-1.4657583419938967,-0.6212703967551474,-1.8863622133394167
5750,HfSe2,3,28,3.198398622500023,-0.36762209000897483,-1.556108705825727,-0.15388102593731956
5751,Hf2Te6,1,73,0.3615721349999521,-26.452316074081782,2.483294935515999,0.6377440010423249
5752,HfS2,4,28,-1.0784373533333511,2.450280413191037,4.15314978873781,0.43213385856202946
5753,Cr2I6,4,33,1.9934998625000029,-0.4929712090372751,8.195804966143797,-0.4681383245666533
5754,Hf2Te6,1,73,3.5648706549999534,-26.870664973517002,-0.7039701734580017,-0.1725653603273054
5755,HfSe2,3,28,-0.8020370899999953,2.1182225643957473,2.2765609919393874,-0.419003476762293
5756,PbI2,2,28,1.9167240000000003,1.3206547562052404,-0.09642254672749861,0.42579202490742984
5757,Cr2I6,4,33,2.43957600500001,0.8960161854245912,9.130208159428701,-0.9781068713050434
5758,Ge2H2,1,37,4.495619615000023,7.698071638662086,-1.9036248525793686,-1.89627377200279
5759,Ge2,2,19,-0.2188743700000077,1.5239763606997758,2.767743781150622,1.0965747385633418
5760,HfSe2,3,28,-0.1727935400000002,0.9609130150467937,1.6288436180741377,-0.6798249158868406
5761,Hf2Te6,1,73,3.21689768749998,-27.32997477172341,-0.3552360943806767,0.20620326083376028
5762,HfSe2,3,28,3.039439405000005,-0.027295554673466782,-1.5571770717658537,0.18423648178995267
5763,Hf2Te6,1,73,2.090237422499967,-26.746399922881437,0.7780670685431237,-0.16537011038652305
5764,HfSe2,3,28,2.6197127050000155,-0.05973565040406825,-1.0419096098182326,-0.17200497248150137
5765,Hf2Te6,1,73,1.1038774099999582,-28.473189457958334,1.7692314538306082,3.4589447729732674
5766,Ge2H2,1,37,3.3100060900000168,7.746841641272362,-0.7162158767330085,-0.6305010596858893
5767,HfSe2,3,28,-1.7947810849999768,2.311560666705706,3.2306136649306003,-0.1567360995754219
5768,Cr2I6,4,33,2.980905939999996,-0.49232340838887145,5.910188148554386,-1.1355640986201945
5769,Ge2H2,1,37,3.76783363500002,7.615170235646138,-1.1891528812921344,-1.3040144491072794
5770,HfS2,4,28,2.5658562199999846,-1.1187281625201262,1.3179269615083977,-0.7625836150576628
5771,Ge2H2,1,37,2.425147522500013,8.67653895516112,0.17597334681863108,-0.947244355093295
5772,Hf2Te6,1,73,0.7413978749999881,-24.31541436657205,2.119610928049735,2.5901470805715046
5773,Ge2,2,19,5.891325099999998,-2.842455728585813,-3.3319284356984435,0.46554761753947194
5774,Ge2,2,19,1.417408854999994,-0.08896469199543655,1.13346955057099,0.4595826156548115
5775,Hf2Te6,1,73,4.065394962500003,-27.758075400859582,-1.2061035679484076,0.784824287225339
5776,Hf2Te6,1,73,3.7664727449999615,-32.75488965517147,-0.9016322374926373,-0.7495501121467716
5777,Cr2I6,4,33,2.375251463333333,-0.5460160685375974,6.926932045539653,-0.8592556032335406
5778,Hf2Te6,1,73,1.0869517399999662,-28.44420155625871,1.7688586638238863,1.5717740779982843
5779,Hf2Te6,1,73,1.1820770624999657,-26.245475026341722,1.6776046232656188,1.7637566205139503
5780,Ge2,2,19,1.3788920249999972,0.3184245818395006,1.1556609862584462,0.021355509116111948
5781,Hf2Te6,1,73,4.124196169999953,-26.591414171683503,-1.2650688074307799,0.43712111490198335
5782,Cr2I6,4,33,1.68340050000001,0.2545200703735251,8.699313413917531,-0.1941890201772154
5783,Ge2,2,19,0.3583780550000002,0.5151609954201252,2.1791579303108723,0.004031735356953725
5784,PbI2,2,28,7.316956040000001,-2.5203746127437343,-5.491310553486227,-0.8764595952978524
5785,V2CO2,3,81,7.3939265774999985,14.801296753951418,-5.025762634209288,5.352308634190269
5786,V2CO2,3,81,1.613340692500023,27.175393664062273,0.3492773803276339,0.7712780666552503
5787,Hf2Te6,1,73,0.209482369999967,-28.19522549527971,2.6416758515627365,2.8122429667106448
5788,HfS2,4,28,2.706814920000003,0.10544650247517628,0.36465597640299174,-0.8692974200762968
5789,HfSe2,3,28,4.6017658750000106,-1.6630593180440374,-3.151737534978241,-0.5324054598592225
5790,Hf2Te6,1,73,-0.5654571950000156,-24.452296326601346,3.437011808113419,1.362429986353877
5791,Cr2I6,4,33,2.0211484000000137,-0.8557173773559708,8.78740215650074,-0.7989939416361629
5792,Ge2H2,1,37,2.0935222237499973,8.588253028274334,0.4723382861224392,-1.187654726623736
5793,Hf2Te6,1,73,0.167524025000005,-28.819144174612433,2.6977039126983593,0.6498394755950878
5794,HfS2,4,28,-0.2776778650000153,0.6138153584514516,3.2465502532039543,-0.32570074878986105
5795,HfSe2,3,28,3.4812442175000182,-0.36755264912538443,-1.98573916270825,-0.06206970527264177
5796,Ge2H2,1,37,2.168543283333355,9.886207794954405,0.4110188641250394,-0.8704490107198297
5797,Cr2I6,4,33,1.0873297900000047,0.421421125527339,8.81881244480224,0.20538631577900723
5798,V2CO2,3,81,-2.663857845000018,29.635534274112768,4.573844023080259,0.1126657997882261
5799,HfS2,4,28,3.185670054999978,0.9768391479571754,0.11158641472658459,-1.6864008476813541
5800,V2CO2,3,81,0.0928159525000102,21.70422530472248,1.941835764050181,1.2774033973611347
5801,Cr2I6,4,33,3.936394135000021,0.9821201167089635,7.881598154861023,-0.30262446387778796
5802,HfS2,4,28,4.689138172499988,-2.2300849342670577,-1.3196383301741421,-1.7163606469160855
5803,V2CO2,3,81,3.3178709099999324,27.174356803267077,-1.34032719833764,1.0689160277136907
5804,HfSe2,3,28,1.133435230000024,0.6980304513939171,0.36641607627947614,-0.596450627389754
5805,Hf2Te6,1,73,0.2538254899999981,-26.518711312931924,2.60064070987488,-0.14364940357421685
5806,Ge2,2,19,1.6222877824999953,0.6434121604067025,0.9301899746360316,0.7552879328828987
5808,Cr2I6,4,33,5.105387380000017,-0.008538653727433676,5.719299822771489,-1.511511177098812
5809,PbI2,2,28,0.114576310000003,2.461766908485511,1.6874508757579518,0.8001957236914032
5810,HfSe2,3,28,5.925985732500019,-2.364739734753233,-4.472568749213479,-0.04185700299765838
5811,Ge2H2,1,37,3.3497414450000127,8.20782201884683,-0.7570878525724409,-1.1802280604988735
5812,Hf2Te6,1,73,0.7867712137499696,-25.89524109735084,2.062792543828562,2.8544011953076476
5813,Ge2,2,19,1.0740601724999983,0.6623151991150937,1.4946296506506365,0.04547483656626561
5814,Ge2,2,19,-0.1741220699999992,1.7978756574048862,2.7019728568448884,1.5860440082603955
5815,Ge2,2,19,-0.8338991349999958,3.514950587954606,3.3744867191776486,3.075557981537268
5816,Cr2I6,4,33,1.2566984800000072,-2.3003446566560943,6.976957330356133,-0.8654566513994415
5817,V2CO2,3,81,0.8384773450000185,28.294878034104595,1.1182891411678892,0.7319916370607318
5818,Ge2H2,1,37,6.601422497500023,5.3557497373530865,-4.0216505814284496,-1.438145904609601
5819,Ge2,2,19,0.1219536899999989,1.6691322287444061,2.4520934383594777,0.8118668755415864
5820,Hf2Te6,1,73,3.40664138499997,-24.748338998398204,-0.5503548592736518,0.1623742768754366
5821,HfSe2,3,28,0.0967599950000126,1.1109787621334712,1.4101233877972286,0.1771335997418087
5822,V2CO2,3,81,-0.2681718974999971,28.788327406812943,2.233438323904314,1.0619354953062918
5823,PbI2,2,28,0.5729825450000021,2.0469855514151996,1.20547787815165,-0.9214848630643739
5824,Cr2I6,4,33,1.4170468050000116,-0.2202761369702264,7.889045457268055,1.9959788920723356
5825,Hf2Te6,1,73,1.0364208199999734,-28.067109662137625,1.8256471973238386,1.1932659567970032
5826,HfS2,4,28,1.9072428799999803,-0.2926009751690477,2.1495317362414745,-0.6302910901440233
5827,Hf2Te6,1,73,2.978651329999954,-30.49510817242244,-0.11836938572505185,1.1039897947253876
5828,Hf2Te6,1,73,0.903327864999964,-17.77061208347022,1.9585674577997185,0.35043545306186463
5829,Ge2H2,1,37,-0.0013710600000012,11.166246408409018,2.5802764437458303,1.162009273157655
5830,Hf2Te6,1,73,-0.9369829400000343,-23.803917655982833,3.7988491757330665,0.07582901950849785
5831,Cr2I6,4,33,2.282285005000018,0.0324237047167788,7.675093859288312,-1.1993769309389422
5832,Cr2I6,4,33,0.2252986550000005,0.606372106108398,10.002390849623412,-0.5951602577832036
5833,Ge2H2,1,37,1.7334602700000143,8.871332563328233,0.8576695098156595,-0.9375782039091126
5835,PbI2,2,28,4.372871589999994,-0.20632492735147512,-2.5733792308386167,-0.9756750587042173
5836,PbI2,2,28,1.4257842900000022,2.0664688545821104,0.39008682949920437,1.7962699530877664
5837,Hf2Te6,1,73,1.1777035049999682,-26.062931582570567,1.6764164316251944,2.320959205189851
5838,HfS2,4,28,7.160460309999998,-0.504507538495278,0.2523666254502386,-0.14912652653238734
5839,Ge2H2,1,37,9.579692447500024,4.2975779331559,-7.026189291791711,-5.574319605347111
5841,HfSe2,3,28,2.6362998050000046,-0.283664302184758,-1.0781970383272343,-0.23191574827291328
5842,Cr2I6,4,33,1.4577617375000091,0.2496020269449779,8.730572290426117,-0.38916267235515245
5843,Hf2Te6,1,73,-0.0961745150000261,-26.82067803868548,2.959051883927028,0.6702383326600398
5844,Cr2I6,4,33,7.092263470000014,-0.17972168317038317,6.784761061364427,-0.48787205408611456
5845,HfS2,4,28,5.384326556249992,0.14630530384725748,-0.23988526952717226,-0.9685051629190999
5846,V2CO2,3,81,5.561363599999983,24.139317569827796,-3.5947460157714675,0.8325204230306156
5847,Hf2Te6,1,73,0.7964832824999784,-25.769461636000344,2.0677881993318903,1.9982252078717258
5848,Ge2H2,1,37,3.522811405000025,8.256149140857723,-0.9399452131360113,-1.3591399909426114
5849,Cr2I6,4,33,2.5891104250000043,0.410540530200191,7.160291939095048,-1.5435657211985314
5850,HfS2,4,28,1.6649016799999927,1.1036131121244375,1.2607764937009756,-0.8005635999116952
5851,Hf2Te6,1,73,2.4995880824999603,-27.591351976263187,0.36806250585351474,0.050829102329751574
5852,Hf2Te6,1,73,0.2855305399999999,-19.789873334418335,2.5949659619226075,-0.19877852266092927
5853,Ge2,2,19,3.5890049000000044,-1.3160991926406904,-1.0104821780736333,0.3308925768320674
5854,Ge2,2,19,-1.0222365566666638,3.01410127764699,3.5827957102234875,1.1951501477336601
5855,Hf2Te6,1,73,-0.6921817600000248,-24.347791101607843,3.555904640681381,-0.1704974830877437
5856,HfS2,4,28,3.873850439999997,-0.09246438246418975,1.6382448524092639,-0.24198930960347198
5857,Ge2,2,19,0.8631203899999982,0.29649298089538756,1.6952489683806375,0.06931468544199804
5859,Ge2H2,1,37,1.3250771950000173,8.534243604509665,1.2469709525194124,-1.021446763506894
5860,HfSe2,3,28,3.218270577500008,-0.877849298228564,-1.6522680098908566,-1.176314669360461
5861,Hf2Te6,1,73,0.3357467749999889,-26.72428871187438,2.5275901060018016,1.2215976616455189
5862,Hf2Te6,1,73,0.7503287449999654,-26.75206800853451,2.1005563283439472,1.4455200378572939
5863,Cr2I6,4,33,1.6539156025000206,-0.46096885058758574,7.179392021363199,0.879484058882019
5864,Cr2I6,4,33,1.7875120774999966,-0.21673323075927398,7.381292885929772,-0.14614897331552812
5865,Hf2Te6,1,73,3.9208357762499904,-24.413019541025584,-1.0659800798897203,1.8215278356071063
5866,HfS2,4,28,6.299238579999981,0.9249705696785666,1.5235878054980656,-0.5136782899812635
5867,Ge2H2,1,37,2.474416370000013,8.760713940058581,0.08895465254230484,-0.5230530448809945
5868,HfSe2,3,28,4.150331410000007,-1.1093418520979887,-2.6948290588749257,-0.05113163811890331
5869,HfS2,4,28,1.386753927499997,-0.4709648398865732,1.9877143990686066,-0.021117896667070424
5870,V2CO2,3,81,-1.1832437125000048,28.241916379049687,3.2016859061670986,1.5640091903162687
5871,HfS2,4,28,2.6759249349999887,-0.07347667024219673,1.3006812750728467,0.2821331838202017
5872,Cr2I6,4,33,4.391347975000015,-0.7519052927337793,7.786545941765834,-1.124416997496556
5873,V2CO2,3,81,-2.068017320000023,29.4410762748747,4.015604055089643,0.5904560050993071
5874,PtSe2,4,28,-0.6188595849999872,0.8349029778171665,3.979739244652697,-0.3287604094814175
5875,PtSe2,4,28,1.9394978275000208,1.2162534008324988,3.5336927980086053,-0.08602805834006788
5876,PtS2,0,28,2.715145279999998,1.9579303959643575,-0.2987290323142475,-0.03977641466898385
5877,PtS2,0,28,5.076019524999991,2.9834298298075446,0.6351101403747652,-0.08633176432901113
5878,MoSSe,0,49,4.030282365000032,0.39470701742591263,0.14774907954952887,-0.35338054767825433
5879,P4,4,65,1.333131257499987,40.144777194851905,5.0456632933957035,0.427270190114047
5880,Pd2Se4,0,25,3.823929849999999,4.981652037563071,1.1141057176015225,0.07186398532206306
5881,P4,4,65,-0.7630240550000083,40.264379544095064,6.493788046673796,-0.25929693079405913
5883,P4,4,65,-0.6099613300000033,39.82919579655274,6.34093254715546,-0.26627399613118163
5884,PtSe2,4,28,3.3742312200000093,-0.41217219900391555,1.4838292989005444,-0.10078092486959767
5885,MoSSe,0,49,4.101966170000047,3.9494915529817245,3.1478740100790956,1.9969063326448095
5886,Re4S8,2,49,4.46806190500004,4.446416079110474,-2.020854374660481,0.0797527820930588
5887,TiO2,2,49,2.406408202500037,-4.250931314479204,-4.066619845083248,-1.142250231753679
5888,Pd2Se4,0,25,3.820556367500004,3.5607537775602176,-0.7935828020804889,-0.9620285481844117
5889,P4,4,65,1.799463864999975,42.46834822809899,6.991418722432886,4.0577159356693775
5890,MoSSe,0,49,2.137080757500004,0.8776833130108601,2.0894885771659304,0.38222916058572975
5891,MoSSe,0,49,0.8593464950000111,0.8566196899339691,1.8617171983644503,0.22382491238168245
5892,P4,4,65,1.0352354800000183,43.39536246108071,6.549540921519757,2.13230395761188
5893,NiSe2,1,28,0.6802173600000039,2.274339820404659,2.25171675827087,3.0498717481492066
5895,Pd2Se4,0,25,4.489190649999996,4.8379180510701545,0.8179828405242962,0.509290146813969
5896,Pd2Se4,0,25,2.8091672250000075,2.953457833492017,-0.12326605999146256,-1.630875387625638
5897,Re4S8,2,49,4.7104300133333705,4.622535519605268,-2.263761388455441,3.7721187003507115
5898,NiSe2,1,28,1.4180945325000014,0.1514988970654283,1.4585798811810289,1.5739268692232247
5899,NiSe2,1,28,-0.3706119349999959,1.9517366380893921,3.182605613410844,1.811681379020585
5900,PtS2,0,28,1.2787675349999974,2.2288764825374376,0.5921207776576767,0.08420937368377945
5901,PtS2,0,28,3.056463589999991,3.39251880771526,1.802304714189055,-0.5126733290492669
5902,TiO2,2,49,0.9876320350000388,-3.2848598944971092,-2.6486764736800517,-0.5435031640359885
5903,TiO2,2,49,-2.5548140149999994,-0.9794017531783048,0.8518810214290358,-0.21243763549235073
5904,PtSe2,4,28,6.727871580000006,-0.6795932482434139,0.5377078820513859,-0.5090758036328182
5905,PtS2,0,28,2.0283853150000004,2.2022837860793043,0.5810103479435216,0.17945393556457478
5906,Re4S8,2,49,4.028781183749996,5.230601858903406,-1.5882326843247436,-0.08297293205118406
5908,PtS2,0,28,6.466145204999981,2.717093460262877,-1.2276267285137745,-0.46255636960162416
5909,MoSSe,0,49,0.1330240200000081,0.37350062230854497,1.946917451417737,0.41907250582803546
5910,MoSSe,0,49,3.6205510900000544,0.578183352392931,0.17049020473362875,0.7678595577101097
5911,MoSSe,0,49,3.0778360850000097,0.688687832516063,0.8968674653387354,-0.040444104510914514
5912,PtSe2,4,28,4.455894655000014,0.11753906209186393,1.8875024855029157,-1.1607779125480282
5913,NiSe2,1,28,-1.0069264899999968,0.853975805770464,4.0547831387630175,0.280672026804196
5914,NiSe2,1,28,1.5674126750000017,0.34116452875060865,1.1877469414703352,1.7451749835642478
5915,TiO2,2,49,8.360590919999998,-11.555346712617796,-9.414669498948973,-7.3927586725838195
5916,Re4S8,2,49,3.3550175950000014,5.710022993378905,-0.8787817284533705,0.07580740004089215
5917,Re4S8,2,49,0.409872840000006,7.157390445319004,2.042264153408197,-0.16581804568848257
5918,PtS2,0,28,1.7238211950000055,2.7166448115968773,0.7713334242169134,-0.0154550791120458
5919,Re4S8,2,49,-0.2273183074999645,8.157564501703659,2.702630222579717,1.8700957504320934
5920,MoSSe,0,49,7.441345090000034,1.0271305696882802,-2.15977235071679,0.5715148902652647
5921,MoSSe,0,49,-0.3475421949999825,-0.07972567431357541,1.7048587684608791,-0.0736630872113212
5922,PtSe2,4,28,0.2729012474999999,0.20616607809204113,3.3359985842718505,-0.6577802802707926
5923,Pd2Se4,0,25,-0.8717851100000036,5.166121746861169,1.4151440717411332,0.07652714427633012
5924,Re4S8,2,49,1.7221701249999946,7.033680349039718,0.6971460873362276,2.4872751131134088
5925,Re4S8,2,49,2.154570422500021,6.072117008835429,0.29850109226540056,-0.12420284939770543
5926,MoSSe,0,49,7.176233660000023,-1.1895800141666903,-2.877694816209333,0.2274970503474698
5927,Pd2Se4,0,25,1.0786290200000064,6.471709089334303,3.433190660531813,1.119235989307855
5928,PtSe2,4,28,2.8813866850000114,0.9621441288529344,3.791450016075225,0.8186496817805877
5929,MoSSe,0,49,2.2939787225000345,0.6112727010178283,0.8958460970647848,0.04928490359859827
5930,TiO2,2,49,1.765059060000033,-4.595987624071689,-3.0970663091964035,-1.4154699108428268
5931,Pd2Se4,0,25,5.1060852125,6.2152496263671875,1.865507929055786,0.22137571228434272
5932,TiO2,2,49,1.0692732400000502,-3.7903335557679743,-2.5530885126491794,-0.6198268797298678
5933,MoSSe,0,49,6.1724209650000175,-0.0859393938025077,-0.02001784877382118,0.33679518464801284
5934,TiO2,2,49,5.2126001900000505,-7.2973672137223815,-6.897960462725473,-3.347207505063527
5935,PtS2,0,28,11.969752082499989,-1.9606120678515513,-4.16099358526183,-2.606041043274729
5936,NiSe2,1,28,2.5592481600000085,-0.38086965747213597,0.40254899792337184,0.6957885914292312
5937,PtSe2,4,28,4.195161320000002,-0.2226809434385193,1.2168468860495993,-0.9310114157489036
5938,Re4S8,2,49,3.803104410000003,4.868028472436114,-1.346655696061608,0.4513967738277147
5939,Pd2Se4,0,25,3.606241700000004,5.040708385957842,0.308433853639726,0.9086386393046024
5940,NiSe2,1,28,7.5823084399999985,-2.7365792876384463,-4.588715065111897,-0.31477164088704246
5941,MoSSe,0,49,2.1224285025000422,0.43870400800309106,1.14552314494055,0.01374442789953445
5942,MoSSe,0,49,3.2045769575000382,0.838325194243533,0.7402237372834906,0.17094931177689876
5943,Re4S8,2,49,1.7233372625000238,6.440276215842667,0.7255719407114425,-0.02214166485140323
5944,Re4S8,2,49,3.225138707499993,5.578174706755784,-0.7726111049863618,0.48230834450196003
5945,TiO2,2,49,-1.9881884299999504,-1.2976809299701424,0.2940225644197094,-0.6127694404834481
5946,P4,4,65,-2.089512334999996,42.14639010701334,8.805837856469111,0.5245439079776977
5947,PtS2,0,28,3.0215306149999868,2.945697161845309,1.6184475553949107,-0.7061352995118071
5948,P4,4,65,1.375633919999988,41.93373421354493,6.12376693411073,2.151164169345308
5949,MoSSe,0,49,3.5024060400000394,0.7754714497257096,0.6428614465722262,-0.032125790086505734
5950,NiSe2,1,28,0.403094490000008,2.011331836751701,2.5470198396559574,2.2778834108229495
5951,Pd2Se4,0,25,4.382384084999996,4.099418696422937,0.45002847578084637,-0.023998522103267916
5952,MoSSe,0,49,3.0404198450000006,0.05132847208272251,0.9047783730277499,0.5585423030305985
5953,PtSe2,4,28,5.0609610000000265,-1.122718405598985,1.5879519861195615,0.047874856119765496
5954,MoSSe,0,49,11.987356880000029,-1.9986375755973587,-5.130859989614083,-0.9602000501660442
5955,NiSe2,1,28,2.1942306150000057,1.000963867803339,0.7277476997176051,3.1469269803165636
5956,PtSe2,4,28,4.708264805000009,-0.05092364263632021,1.5411763418505773,1.458100500582674
5957,MoSSe,0,49,4.48969948000004,0.9059345354011645,0.16087727043737932,-0.17513143724491265
5958,PtS2,0,28,1.9851389900000007,2.9610298300632727,1.1016344850111892,-0.06752846391510081
5959,MoSSe,0,49,3.929474140000009,0.034495964853303196,0.17540762345824312,-0.20003249723877836
5960,TiO2,2,49,0.0131215050000426,-2.6541456971743185,-1.5634529386141376,-0.1761453741966165
5961,Re4S8,2,49,3.6323645549999983,4.847299929659831,-1.187995238898924,-0.2524427213258855
5962,MoSSe,0,49,3.27968097,-0.6199208922056068,-0.049864930596720036,-0.25059930750406867
5963,P4,4,65,1.7787431250000152,40.180239342651355,5.578579885762517,0.7173655261611787
5964,NiSe2,1,28,1.3221825174999975,0.36701836064331306,1.7119250086433946,0.3690806813525416
5965,Pd2Se4,0,25,0.6654150237499978,7.00790685913371,4.71985549232768,1.8604123046140564
5966,MoSSe,0,49,2.3951307950000174,0.2835023385703357,1.4842894059836658,0.16598812564410714
5967,TiO2,2,49,-1.2597374599999955,-1.9144265173050987,-0.4434374489558963,-0.7197955765498905
5968,MoSSe,0,49,5.711202300000019,0.3503824905476698,0.2592009739003309,3.9635292724690574
5969,PtS2,0,28,6.785324379999998,-0.035123154719236105,-2.844014689524534,-1.7368812215323874
5970,NiSe2,1,28,3.4432973500000013,-0.9007247722056082,-0.5024076735880545,3.14251505971883
5972,NiSe2,1,28,2.999941800000008,0.6472796063008546,-0.04225926991476259,1.331051693398022
5973,MoSSe,0,49,7.47601616500001,0.22030532242674816,-1.886592190644948,-0.0663253080664159
5974,Re4S8,2,49,4.956198139999996,4.235203977411299,-2.494282011205644,0.2161721348616572
5975,P4,4,65,0.734169505000003,40.48008868896972,5.437644340634457,-0.9151374717154978
5976,Re4S8,2,49,4.888581985000021,4.736477937536193,-2.4322762427362274,-0.9075326062870492
5977,PtS2,0,28,1.1186219137499878,2.4048959333111695,0.4575215099662395,0.2748392739305745
5978,Re4S8,2,49,1.6384523250000296,6.705992744630912,0.8061338725351672,0.7767384511891389
5979,Pd2Se4,0,25,2.139874354999997,5.544689122834068,3.033937875428063,0.9161661704364046
5980,PtSe2,4,28,0.3151127275000094,0.40470530826150586,3.1806185467868966,-0.48439476650656055
5981,PtS2,0,28,-1.084991525000015,2.713377188032547,1.256126712149063,0.0929175122436674
5982,P4,4,65,0.3526837775000062,39.813443109503574,5.544589166950372,-0.8712066758561259
5983,PtS2,0,28,2.4221509149999827,1.9793712445764333,0.2445036717920095,0.005479509499529023
5984,Pd2Se4,0,25,0.5471014949999986,5.110621296035971,1.3309459315416476,0.09936778015665826
5985,Re4S8,2,49,-0.3401460700000018,7.436535204724937,2.7858641200030534,0.005686049934694182
5986,MoSSe,0,49,0.1570690450000418,0.6571458998394357,1.6855778717073149,-0.017189659369752086
5987,TiO2,2,49,1.5702601649999963,-3.470099407299394,-3.1983704943100957,-1.263691542410885
5988,MoSSe,0,49,0.0411726000000396,0.5969735620330414,1.6356619038095714,0.4945996441354991
5989,PtS2,0,28,5.127615084999984,2.211624671266292,-0.12366886015155476,-1.8849764175754644
5990,Re4S8,2,49,0.1604373750000425,7.657121708302773,2.303698430765745,0.3896530174305809
5991,NiSe2,1,28,0.9163003350000024,0.18680743528401444,2.030903301169431,0.35780771725372074
5992,TiO2,2,49,2.3135490500000007,-5.020351895001221,-3.177028425839234,-1.8589606764979052
5993,Pd2Se4,0,25,3.219754834999998,4.732569873302817,0.9049537380234804,0.2210089564021831
5994,Re4S8,2,49,3.5188174074999914,5.258402046947436,-1.0808932608477697,0.3271497263399339
5995,Pd2Se4,0,25,0.4213091200000041,3.7799953157299764,0.301001582006018,0.06403751518269446
5996,PtS2,0,28,3.807390344999991,2.6587980857861417,0.6783998282126964,-0.2318122117348138
5997,P4,4,65,0.0765190200000196,40.92987441261717,6.1117606087536425,-0.18495735287558926
5998,MoSSe,0,49,5.126372652500018,0.6504597691206682,-0.5125767362605975,0.16802279427732536
5999,PtSe2,4,28,3.706966275000015,-0.9794012248748931,1.0201350509887543,-1.0367367605601143
6000,Pd2Se4,0,25,1.965055695000004,3.879753519274085,-0.016210626386315763,-1.1863510517504923
6001,PtS2,0,28,2.1522673675000044,2.1892375242134556,0.28186353955871146,-0.08679369177216012
6002,P4,4,65,-0.3426461933333604,42.88132785938967,7.699075054951402,3.6341665504653182
6003,PtS2,0,28,2.132835952500004,2.7877378383681193,0.9011402844791627,-0.08427608813792276
6004,PtSe2,4,28,0.6892937250000191,1.3447071485656548,3.634754555715923,-0.2283662783167712
6005,PtS2,0,28,1.8503813049999884,2.316182444313366,0.20857098680655062,-0.23334424712340152
6006,TiO2,2,49,0.5463713225000215,-2.722320339706849,-2.183246792979351,-0.6159261282556368
6007,TiO2,2,49,4.488813227500046,-7.1108397504543515,-6.06903623152328,-2.823724176571294
6008,NiSe2,1,28,1.503860757500009,0.5433847052354852,1.5559219064811107,0.2383312327165641
6009,PtSe2,4,28,0.0405653700000092,1.411533357226248,4.240390898310538,-0.013423481063648521
6010,Pd2Se4,0,25,-1.0196690850000003,7.485783606026612,3.9549954228143314,1.8541619670927942
6011,P4,4,65,1.9411654749999927,39.09585934087729,4.723283382307441,0.6842491349090649
6012,PtS2,0,28,8.07216147499999,-2.9387980691365465,-4.106360553877758,-1.370503067152904
6013,PtSe2,4,28,1.2655122375000207,1.0948882405451248,3.414616098452738,0.06324441278887893
6014,P4,4,65,3.277255860000003,38.69989664651041,3.9955609967021655,-0.24779924455200497
6015,MoSSe,0,49,2.753337470000016,0.6209445721854494,0.8054674393882082,-0.00654745827617953
6016,NiSe2,1,28,-0.0273487649999932,1.1429154954992609,3.010763097071933,0.6403778476161635
6017,PtS2,0,28,5.402665154999981,2.947216652963072,0.08668587916444803,0.08298029813519214
6018,MoSSe,0,49,7.3727896900000145,-1.0574170640132792,-1.8002370885036356,-0.41560315003216
6019,Re4S8,2,49,5.155070492500026,3.9695431104561107,-2.7056846905489356,0.9529243818184145
6020,Re4S8,2,49,1.6032904375000232,7.245748004475889,0.8545231433308689,0.2931177230275239
6021,Pd2Se4,0,25,4.502219537500007,5.0686537229980395,0.6567514542704194,0.5997576518819097
6022,Pd2Se4,0,25,8.338426330000006,0.8787841217618748,-1.2034671091137756,-2.1122454586722883
6023,TiO2,2,49,6.7925504800000525,-7.208469307056937,-8.454810297123466,-2.409126197926078
6024,PtSe2,4,28,-0.8121588449999931,0.8025133829638603,4.170908314121291,-0.3135025281384346
6025,Pd2Se4,0,25,3.784068950000004,4.916224908846026,1.16402366957804,0.2334769884918173
6026,PtS2,0,28,-0.1216769725000104,2.2396663933908183,0.8417323142205915,-0.18146915138609798
6027,P4,4,65,5.466647987499996,38.78884009029948,1.4262570491083828,-0.4217852403076128
6028,NiSe2,1,28,3.4451267225000013,-0.2703910969150809,-0.4991754991265882,1.8385772404618317
6029,PtS2,0,28,4.070362559999991,3.317538905098073,0.2505925575435475,-0.7112990936100165
6030,PtS2,0,28,0.7191789499999878,2.587512934994519,1.034584884635429,0.06483813602906496
6031,P4,4,65,-1.024915284999986,40.221627143113594,6.696828511445502,-0.32882810921591554
6032,MoSSe,0,49,4.3837165750000215,0.18357849946286908,-0.5363080419037081,-0.16167163023683795
6033,PtSe2,4,28,4.032240407500009,-0.5085874565773607,1.0371932021445636,-0.8872440028521815
6034,P4,4,65,0.3874104450000253,40.121625301256486,5.716132200772273,0.02684958479276034
6035,NiSe2,1,28,-0.5125417400000021,0.9464638718562846,3.5325083423254418,0.36342736965393274
6036,P4,4,65,3.683983440000007,42.03808979710123,4.347666705848585,3.9216591966170173
6037,TiO2,2,49,-2.3637495049999786,-1.2251906385852265,0.6718207209474476,-0.4422232300870981
6038,NiSe2,1,28,-1.1057106449999958,2.3601093088387,3.9905814125933796,3.000669339775895
6039,PtS2,0,28,3.49326618749998,2.3192280904541214,-1.1360449019978645,-0.7658845607350471
6040,P4,4,65,2.129021492500008,40.56115451763183,4.406795256436963,-0.8104420968879273
6041,NiSe2,1,28,0.1424987950000078,0.6556058885581383,2.9445752463665693,-0.1201750276558509
6042,PtSe2,4,28,2.501055962500024,1.6405211223591878,3.539426161192806,0.01192068392331569
6043,NiSe2,1,28,3.6379680375,0.7549410124877931,-0.6222508489827474,1.2581296225646974
6044,MoSSe,0,49,-0.12546794499996,-0.11952065541304455,1.5828942148491014,-0.009692580639891896
6045,MoSSe,0,49,1.997046387500008,0.49519578982746615,0.9984515544708172,-0.076981183197538
6046,NiSe2,1,28,0.8907504750000075,-0.10142348932292411,2.032743705043531,0.2656975713663663
6047,MoSSe,0,49,1.1251990625000223,-0.049990199877443464,1.3208298853301779,0.14504112514493617
6048,Re4S8,2,49,2.3145264316667102,6.166037208927772,0.14017952193131222,-0.40138442606419145
6049,PtS2,0,28,2.721906744999988,2.423281427658296,0.23829221371481513,-0.15312314387490655
6051,NiSe2,1,28,3.5614582975000086,0.12041208353738542,-0.6354810674279872,1.84571279294392
6052,PtS2,0,28,6.471173499999982,1.6730576604817893,-0.8129435926462634,-1.4119593848571599
6053,Re4S8,2,49,1.9128439575000036,6.451228047454016,0.5388119866884324,-0.03519127265248967
6054,PtS2,0,28,2.651649402499979,2.4353207678389692,0.21735818493288228,-0.05363560410418655
6055,NiSe2,1,28,2.5245103550000096,-0.15005808194906578,0.37077771504291857,2.5128477700508527
6056,NiSe2,1,28,2.5467753600000105,-0.04645746856120825,0.38703678141844655,1.4881754526576634
6057,Re4S8,2,49,5.330312270000041,3.9002496221915273,-2.9119970183317467,0.6660888810212802
6058,Pd2Se4,0,25,1.7201290825000033,5.346791913212277,1.86937937150492,0.1977983813493822
6059,NiSe2,1,28,2.1066624900000046,0.16915736791523805,0.8920906603041541,1.132566235433345
6060,MoSSe,0,49,3.3096114950000217,0.22350023621132253,0.3252909822643826,-0.04605795508811594
6061,TiO2,2,49,2.3693522300000094,-4.41956826902182,-4.039042044249684,-1.3754398113166393
6062,Pd2Se4,0,25,6.253601247499999,3.2460408067399094,-2.0384052737858065,-0.16333692712646375
6063,MoSSe,0,49,0.8168529300000533,-0.4156945971753463,1.1179920804395016,-0.046251260052747045
6064,P4,4,65,0.746498063333354,41.97896516807127,6.452168151609579,0.8905986993238115
6066,NiSe2,1,28,1.1780148025000012,0.20127494378448363,1.8022799814101145,0.5314110044992053
6067,TiO2,2,49,-2.874066292499963,-0.9138566064283613,1.3858536275778846,0.2010799440299107
6068,MoSSe,0,49,7.667776880000026,0.8916901177823631,-1.8033157759249114,0.09808367755612668
6069,NiSe2,1,28,2.9765519575000066,-0.2219814733386296,0.04514675580260574,0.1307707353710872
6070,NiSe2,1,28,3.2198790899999974,3.3285165436975124,-0.39579194705566145,5.711088876715497
6071,TiO2,2,49,0.94239203250003,-4.48902281240217,-2.5319341829974666,-2.0027283044218236
6072,P4,4,65,2.6249721575000216,41.01643994170246,4.133270767508116,-0.5125069745598565
6073,NiSe2,1,28,-6.177994215000008,6.935982429492806,9.012614611296192,8.005470478046274
6074,PtSe2,4,28,0.1357342150000127,1.3667278541935095,4.134396816672147,0.01665888764586132
6075,MoSSe,0,49,3.72877332,0.39159357122517857,0.28917498958048515,-0.28271751034322135
6076,NiSe2,1,28,1.5828406025000048,0.39955254306121346,1.4724130621525016,0.5323074649743604
6077,MoSSe,0,49,5.213532730000023,-0.03983843729575831,-1.1783613801566801,-0.4093184114066801
6078,Pd2Se4,0,25,-1.2528020275000042,5.03362327142192,2.0557424756252076,0.24383621736003036
6079,PtS2,0,28,0.0170755074999939,2.2535267187573305,0.9860197219667622,-0.04140469298583374
6080,MoSSe,0,49,1.1537344175000344,0.06966096983161041,0.8175205273012962,0.12680736011074445
6081,NiSe2,1,28,2.8502617500000023,1.526922799967446,0.11066812060546649,1.9865291295674616
6082,MoSSe,0,49,7.05316774500003,-0.4340229874113257,-1.9514437561491187,-0.26279028706342533
6083,P4,4,65,-0.3598984100000269,40.441985608893255,6.372212928292772,0.09540033515058033
6084,TiO2,2,49,3.344709717500008,-4.196028951076465,-4.700899047918912,1.2055497137031983
6085,Re4S8,2,49,4.145013569999987,4.432462772519138,-1.7017149122647983,-0.07595380068744628
6086,PtSe2,4,28,0.5216832300000089,1.0294737279442252,3.2628656884061593,-0.25082494218872964
6087,PtSe2,4,28,-1.0998823274999916,0.7590443720251381,4.005958520355827,-0.2162978222141605
6088,PtS2,0,28,1.5344640149999846,2.4482634331455637,0.9597654606571604,-0.29650860372475685
6089,MoSSe,0,49,0.0934414200000182,0.6416764922924623,1.7969710298367128,-0.007882051866473283
6090,MoSSe,0,49,4.357140947500012,-0.4495198817244588,-0.05299720080608328,0.7368187019038777
6091,MoSSe,0,49,3.9904064850000527,0.5817440632991007,0.38658295909683016,0.5928853635005167
6092,Re4S8,2,49,7.422006905000023,2.605413456836729,-4.9468188881085435,-0.07397236418784825
6093,NiSe2,1,28,-1.1178337199999926,0.7859730982297697,4.130310641081536,0.9021657569720385
6094,PtS2,0,28,-0.7881920275000107,2.681364967118439,1.5216861503230903,0.0746529834377142
6095,NiSe2,1,28,2.247575105000005,-0.03738778905914808,0.797647177409663,0.7206381353055775
6096,MoSSe,0,49,3.709749210000041,0.002491485953328265,0.23794580686092104,-0.064893869678182
6097,Re4S8,2,49,3.760852195000042,5.299947721585244,-1.310566680804282,0.7846269436921776
6098,PtSe2,4,28,6.015813790000019,-1.5179528020188586,-0.6939289989437034,-2.4243123950923855
6099,NiSe2,1,28,-1.801296667499991,2.2138207318819085,4.865157004439485,0.5628856383201002
6100,TiO2,2,49,-0.1289174100000005,-2.7377353568635043,-1.532740161792602,-0.02711594698445588
6102,PtSe2,4,28,2.3253725825000227,1.1021942637117288,3.4258520147951024,-0.19484290065849041
6103,P4,4,65,1.4206181824999926,40.304787192662765,4.978620920499377,-0.4344189624784268
6104,MoSSe,0,49,5.390612742500035,1.5275540538663392,1.0398511278663793,1.2082627801134906
6105,MoSSe,0,49,3.1598633575000257,0.47612090433062226,0.5245027097505441,0.6924734465720364
6106,TiO2,2,49,7.647342965000008,-11.0259062896104,-8.867434546344612,-7.329912905884916
6107,MoSSe,0,49,5.600135472500009,-0.18303027459351462,-0.7060101698673593,-0.010111636999927676
6108,MoSSe,0,49,3.624065065,3.529559787498372,2.643276707715251,3.11115918197876
6109,PtS2,0,28,10.210232891666667,-2.0204475701131184,-4.02344846529541,0.09956884580078018
6110,PtS2,0,28,-0.8709467549999972,2.6239012380322237,1.377977003641965,0.02516129611734741
6112,MoSSe,0,49,3.4185076600000417,0.17655888739375714,-0.006206199098145682,-0.18409085727583907
6113,NiSe2,1,28,2.2890620237500032,0.5223069979835988,0.6017595126320363,2.5298536612679
6115,MoSSe,0,49,0.145586815000029,0.4530535076852127,1.559072011192191,-0.04976678542340955
6116,Pd2Se4,0,25,7.152139960000008,4.183973969748527,-0.6596541188846929,0.24284333162596816
6117,TiO2,2,49,7.958898170000049,-8.101948840623828,-9.61118056695236,-2.1551242899951664
6118,P4,4,65,0.8470894149999975,41.379883164956055,5.699551338746035,0.4157044438460311
6119,PtSe2,4,28,4.176684975000027,-1.6547433131653104,1.719879985479709,-2.123381216696703
6120,MoSSe,0,49,8.390588445000002,1.7825056686678042,-0.7067105000537133,2.284832316108396
6121,TiO2,2,49,0.7663612275000291,-3.7850191502447803,-2.382160098222482,-3.841502339509713
6122,MoSSe,0,49,2.0793868100000488,0.6004702850825523,1.407076418861442,-0.04504678600560297
6123,Re4S8,2,49,2.5847884999999984,5.716963749399822,-0.14053251219685725,0.025182149083457173
6124,PtS2,0,28,2.0387414550000065,2.850401296693719,0.7639877542641131,0.15229850458963368
6125,NiSe2,1,28,2.054554565000002,0.0350665815199771,0.8660590417708316,1.2143386768823223
6126,P4,4,65,2.06385612499999,40.32093111661785,4.436457276222239,-0.7960954508412577
6127,PtS2,0,28,0.9865948762499984,2.0366668297843438,0.38641901751322594,-0.3498704836769597
6128,PtSe2,4,28,3.402059125000011,1.9052631387176402,3.5934486716054166,0.033292485183704645
6129,Pd2Se4,0,25,3.085288536250008,4.732388961613761,2.1013313813016685,0.567287592391756
6130,TiO2,2,49,4.800864957500006,-6.4933471905474915,-6.410635732341315,-2.289374811180935
6131,P4,4,65,-1.2400967875000302,41.101615011580435,7.761830905961639,-0.46541963032121814
6132,PtSe2,4,28,3.649876060000021,-0.6010945060958055,1.6836534918239128,-1.2524554549763187
6133,PtSe2,4,28,2.276916325,1.0296607217122395,2.4557145636210125,-0.21922586352335616
6134,PtS2,0,28,7.385061270000001,2.5239187816764304,-1.2261151532346615,-0.20546087225423282
6135,MoSSe,0,49,2.30122555500004,0.07667655541764429,0.48986850971248463,-0.1454899828208811
6136,PtSe2,4,28,0.9554882450000096,0.8410149014894516,3.2530304190421457,-0.18624305755850168
6137,Re4S8,2,49,4.452276320000006,5.064735958238925,-2.0165348954394595,1.4379133276745542
6138,TiO2,2,49,1.1170153600000412,-3.6628779949767463,-2.79815737227828,-1.7098782839400641
6139,MoSSe,0,49,2.7613290049999994,0.20918052411377008,0.34103116409281453,-0.1818552710980219
6140,P4,4,65,2.785086655000013,40.20587378404621,4.193479832630195,-0.7099785242271044
6141,PtS2,0,28,2.059739009999994,4.046122018035487,1.1737418408555151,0.6648806964717671
6143,P4,4,65,-0.4968625525000034,40.00488358928386,6.375901363229984,-0.24394704705850895
6144,TiO2,2,49,4.567198927500012,-7.523466920155448,-5.739830191232922,-4.876572067835095
6145,Pd2Se4,0,25,0.3210358262499997,4.835606133894043,1.0828318158347578,0.07196493541788768
6146,PtSe2,4,28,1.2183929650000098,0.7323627503701684,2.9432191483168437,-0.7396787373236182
6147,PtSe2,4,28,6.9268973400000045,1.0339374810652622,1.8317307104862417,-0.15599597789876718
6148,P4,4,65,3.689278310000015,41.66188873305012,3.7035397038269915,0.0926393414943294
6149,P4,4,65,2.831614904999998,39.584583825468755,4.4032403892276015,-1.3249222570660382
6150,PtS2,0,28,9.558816736249984,-1.021320169477523,-3.0142415218639975,-1.862403696088851
6151,MoSSe,0,49,7.006034280000043,-0.2583192836621526,-1.3625147989768909,-0.4889040640373157
6152,MoSSe,0,49,3.1198272025000136,0.594813096979153,0.7056716168511827,-0.24001178298503945
6153,NiSe2,1,28,0.6053978199999985,0.8503431086499038,2.362630566433921,1.4108311339972954
6154,TiO2,2,49,0.3847318850000097,-3.3110233904957167,-1.8265246115167333,-0.393991903666595
6155,MoSSe,0,49,3.756170407500033,0.23763166311764294,-0.4736792003772301,0.4572890842297035
6156,TiO2,2,49,-1.6958369633333297,-0.967693028770247,-0.0029554147743771075,-0.9763867635750361
6157,PtSe2,4,28,1.869086852500004,0.34893795765522895,2.2361914010552937,-0.31316970867828764
6158,TiO2,2,49,3.4222164800000066,-5.908918127440598,-4.830245718382982,-1.8788897445034856
6160,PtSe2,4,28,4.702559415000024,-0.3132415051235178,1.9788338109877284,-0.6082812383744542
6161,Re4S8,2,49,3.776190375000031,4.761793996185272,-1.3503620770670883,0.08134117254635553
6162,Re4S8,2,49,3.249607742500027,5.333445369530002,-0.7964155084607203,0.023445585696180604
6163,Re4S8,2,49,5.576626490000014,4.15544125393716,-3.1145890856217586,1.1782836611637233
6164,PtS2,0,28,1.679465147499998,2.275533186748863,0.5541086866013609,-0.08223956092671503
6165,MoSSe,0,49,3.396337975000053,0.09720564987787661,0.143377315069527,-0.1139764675842816
6166,MoSSe,0,49,-3.3824550399999485,4.838839023294118,5.7799705356181335,4.84391245144811
6167,TiO2,2,49,7.553553660000025,-7.288318235958277,-9.233197767818629,-1.7853357784794364
6168,NiSe2,1,28,0.6179000150000116,0.9551628022556444,2.3341377962792853,1.9129000891412238
6169,NiSe2,1,28,1.1830681750000085,1.2655741583485838,1.6848249645212723,0.12393166732583794
6170,MoSSe,0,49,6.2351944775,0.016631967761637334,-1.0785989295060228,0.03606022093546546
6171,TiO2,2,49,4.073717869999999,-5.484632688445841,-5.6470048801928705,-0.7741157588193759
6172,P4,4,65,-0.15347641999998,40.990350428178694,6.239071868811829,-0.8267120292238563
6173,Re4S8,2,49,1.7227390000000309,7.318253418924936,0.7278080593770038,3.872763058664927
6174,NiSe2,1,28,3.5750087950000067,-0.7600008699664373,-0.5331068091957669,0.3106605158876481
6175,MoSSe,0,49,4.309981855000016,0.556111144776188,0.10555526391172698,0.6516305285245609
6176,NiSe2,1,28,2.864763172500012,-0.476110132567761,0.04046901858580343,3.6505283593806843
6177,Re4S8,2,49,-0.9660971899999982,8.22842859627543,3.4210931400630678,0.13910126091776343
6178,NiSe2,1,28,1.834135124999997,-0.10640373817952176,0.9841123522135444,1.3949897389424673
6179,PtSe2,4,28,0.4916087300000198,0.6083533058149013,3.413235156693299,-0.6808028529502558
6180,MoSSe,0,49,1.2591624550000349,0.16956684073055595,0.9272790062451839,0.08530673464382499
6181,Pd2Se4,0,25,2.162645272500007,2.788951464407952,-0.48347831973104527,-1.9327168584731107
6182,MoSSe,0,49,2.756319685000043,0.10087895073705822,0.5726141102931295,-0.11900043807214589
6183,MoSSe,0,49,10.609530807500024,-2.219906211857934,-4.028424462641218,-0.58685306803876
6184,TiO2,2,49,0.277583105000029,-3.12918780508853,-1.9011142081341843,-0.2994650827171107
6185,P4,4,65,0.4186820350000093,40.81203403453938,5.765237116624034,-0.7680405936547945
6186,NiSe2,1,28,0.4896399649999985,0.20344721545552724,2.4481099771437598,1.0858785636204036
6187,MoSSe,0,49,0.7283478900000112,0.7847468133564138,1.5549948290780526,-0.0884174827937938
6188,MoSSe,0,49,5.953828380000045,0.4315673058316607,-0.5375569318646694,0.21717623324051427
6189,NiSe2,1,28,1.6191455725000037,0.7574403481517502,1.4267598586116501,0.44880054362955346
6190,NiSe2,1,28,4.99328189500001,-0.8932194452268574,-1.9872111221932065,0.9384637931205146
6191,PtSe2,4,28,0.2835032300000091,0.5105558081622223,3.169518296336661,-0.3384055451397796
6192,Re4S8,2,49,0.7385564699999939,7.287626340465501,1.709439748999233,-0.06887432488128054
6193,TiO2,2,49,3.9967340075000495,-5.315855765643157,-5.434161448779143,-0.6322668634875983
6194,P4,4,65,0.6578749000000255,41.24858999461261,6.4336078585220084,0.6207961659662629
6195,P4,4,65,0.275253673333316,42.17001368608237,6.386482179226091,-0.4205062190079579
6196,MoSSe,0,49,0.8910009362500122,0.306837052285551,1.2438699108162314,0.03838512319314369
6197,NiSe2,1,28,6.659243415000003,-1.695169915956221,-3.5836091738958773,-0.9171701969722523
6198,MoSSe,0,49,2.176662085000004,0.6093570018377648,0.9657547100948043,0.13941029951639416
6199,MoSSe,0,49,2.8654209249999987,1.1313403175486259,1.042352092883302,0.47310421131185043
6200,MoSSe,0,49,5.7993663400000415,0.09624828402339602,-1.2666207402533374,-0.002226695377238741
6202,MoSSe,0,49,2.882750375000037,0.3897196224059689,0.5417690049336383,-0.004337492513057928
6203,PtSe2,4,28,1.294840060000018,1.9049106415863872,4.234692293083275,0.10792795586149317
6204,P4,4,65,4.249199817499996,38.727704097905274,2.7719426255211426,-2.1064438719764156
6205,TiO2,2,49,2.181394922500025,-6.473184692626368,-3.285870897536646,-4.033158170943628
6206,P4,4,65,1.8977553500000168,40.23357132541502,4.510027840409326,-1.443564062641415
6207,Re4S8,2,49,2.1368209850000133,6.228903896490059,0.32937928724221477,0.21576504596006973
6208,TiO2,2,49,-1.358809762499975,-1.9391862021861006,-0.25896814137474,-0.7287966675537358
6209,Re4S8,2,49,0.6331173162500394,7.268828195250002,1.821365715976523,0.18929565143184535
6210,MoSSe,0,49,12.266932155000015,-1.9991833222973785,-4.926589394913956,-0.2475519034334468
6211,MoSSe,0,49,5.108173695000018,0.04790702780881961,-0.26988530833721747,-0.007549928418800533
6212,MoSSe,0,49,-0.035061707499957,-0.022590845422609737,1.3600360854499896,-0.1417702531781436
6213,PtS2,0,28,4.051050390000004,2.5995463875980596,0.4496916480910196,-0.8957833103287798
6214,P4,4,65,0.8403656299999831,40.945731578658865,5.722728310416989,-0.8301135118893264
6215,NiSe2,1,28,1.2423445150000054,0.27539505911447626,1.73177785031575,1.0774128670749863
6216,PtSe2,4,28,1.0437859600000003,1.4919891848949176,4.309157380937297,0.09745165653900112
6217,MoSSe,0,49,1.2730523050000464,0.0022357602745100014,0.8224099377622012,-0.202472418563584
6218,NiSe2,1,28,1.0375017050000084,0.38712512223998186,2.0016340689766356,0.4025978522407956
6219,Pd2Se4,0,25,2.936792982500004,4.639882273593338,1.1774238220043904,0.29629853081583235
6220,MoSSe,0,49,2.423681752500032,0.24191878575375236,0.4186224772362963,-0.020535803454214907
6221,PtS2,0,28,3.0901304649999912,3.717112087439381,0.5546907814650561,-0.8366973566702183
6222,NiSe2,1,28,4.506973827500003,-1.235254292308149,-1.6037650948950226,1.7201176438541639
6223,MoSSe,0,49,2.9113453250000174,0.20545967212624383,0.08139395506488345,-0.22311814833375765
6224,P4,4,65,0.9416857000000144,40.148900644401024,5.490507698475633,-0.2520682648625836
6225,PtS2,0,28,4.036078302499996,3.0284794087833697,0.4010433272149694,-1.1724870288743046
6226,Pd2Se4,0,25,2.4518770800000063,4.093328195217686,0.7216524654660987,0.39383812487466807
6227,PtSe2,4,28,5.1423236050000165,-0.38166518189414056,1.2603392285316808,-0.5758951025993007
6228,P4,4,65,1.970006530000021,40.228051916248354,4.6915716881421705,-0.9959591075909633
6229,TiO2,2,49,1.4718515675000403,-4.812281668258911,-2.5952011546226395,2.2686333854265954
6230,PtSe2,4,28,2.254308870000004,0.1889307791368573,2.404548078216752,-0.38429487800832507
6231,Re4S8,2,49,2.0220475350000284,6.235293849887666,0.44125388521176356,-0.6792309040007811
6232,PtS2,0,28,-0.2046060333333292,3.078515904116817,1.9282969802302001,1.3415189355295776
6233,P4,4,65,-1.0012937349999818,40.531150734715155,6.8107082806949695,-0.1804162698065368
6234,TiO2,2,49,-0.5107206049999924,-2.581167544579374,-1.15396750535157,-0.6297496613421707
6235,NiSe2,1,28,0.8007621449999993,0.2490331647025561,2.149178854348959,1.1839200176027431
6236,MoSSe,0,49,2.4048119075000347,0.1108072115083476,1.0842118574281474,0.28590682279069624
6237,PtS2,0,28,3.768486475000005,0.50854017828979,-1.6281412989390103,-1.1666416874023486
6238,PtSe2,4,28,1.941515342500012,0.8129465817350139,2.4841675200996782,-0.2851104101600259
6239,Re4S8,2,49,1.3751670475000155,7.161990964890121,1.0806640033727872,-0.061887537955642946
6240,TiO2,2,49,2.4326215549999963,-5.009129043886512,-4.098939971595455,-1.2240230207338423
6241,PtSe2,4,28,3.2508011650000164,-0.3387824685329348,2.022002856835311,-0.5169754019334065
6242,Re4S8,2,49,0.0478083975000183,7.372343630901674,2.3912423564113183,-0.06099366018007201
6243,Pd2Se4,0,25,1.0030514874999987,6.858728997017416,2.3029351553375257,2.5469180267110203
6244,PtSe2,4,28,1.4187437300000203,0.29857838112974044,2.467960238048075,-0.9227199161165567
6245,TiO2,2,49,3.1300957100000133,-4.538077026248589,-4.734329213341688,-1.5105499720976898
6246,NiSe2,1,28,1.6077948700000102,0.787131757477,1.390451799769277,1.398203185140167
6247,PtS2,0,28,3.131061489999992,2.2580217365218176,0.19906733868449678,-0.13936290703286947
6248,Pd2Se4,0,25,1.4645351900000048,5.882636911338699,2.5966236260196895,0.634181545839839
6249,PtSe2,4,28,9.878218575000009,-2.746071421781422,-3.9948233799926847,-3.1353611187927335
6250,Pd2Se4,0,25,0.6153716900000056,5.173101558481745,1.1822606863529406,0.29586757639556327
6251,MoSSe,0,49,0.6111284975000169,0.40941543541471703,1.8260745918961419,0.3059453086268956
6252,PtS2,0,28,0.8966300299999865,2.260392048832004,0.9359447746239351,-0.3727400910097115
6253,Pd2Se4,0,25,2.177032482499997,4.756893622999271,0.32271892639486,-0.33806559629750255
6254,NiSe2,1,28,-0.7830920724999989,0.8670807390344227,3.7595735101831043,0.8414933392338042
6255,TiO2,2,49,-0.3156984174999597,-3.6267014816648757,-0.9985928212848303,-0.6757855092731115
6256,P4,4,65,3.017021805000015,40.210859308688136,3.8554550906502127,-1.0223934550600327
6257,Pd2Se4,0,25,2.7029133749999983,4.358453580439251,0.765151886840822,0.2588985648752864
6258,PtSe2,4,28,12.517985880000012,-3.8570177352653108,-5.504865705592053,-3.5916562672680783
6259,PtS2,0,28,1.861666392500004,2.122237492387691,0.17803498981912824,0.2040304827543089
6260,PtSe2,4,28,2.5519810850000244,0.7925247018957275,2.7720078294897217,-0.27686670766034327
6261,MoSSe,0,49,3.794198894999997,0.09613436013204257,-0.21787506789224942,-0.2291955793922904
6262,P4,4,65,-0.1711369633333339,39.99866877790853,6.110299297139689,-0.36807796561157174
6263,PtS2,0,28,1.614305977499983,2.258171394987403,0.2465691919361539,0.33194016965577866
6264,Pd2Se4,0,25,-0.4133144449999975,6.487347307981158,3.9321363997271703,1.0581283004890927
6265,MoSSe,0,49,3.301845322500024,0.293792475809302,0.18097423468991725,-0.1498572930200437
6266,PtS2,0,28,2.8082283750000023,2.440666157521563,0.45997996977742295,-0.4800976132176742
6267,P4,4,65,3.0258378799999885,40.126872716720385,3.9918123268837595,0.1705266022438674
6268,Re4S8,2,49,1.599439709999988,7.551077753684094,0.8636987908494178,3.3495801989050413
6269,MoSSe,0,49,0.5455528300000436,0.41066167742081416,1.2919890283551607,-0.08673717588118784
6270,PtS2,0,28,5.154646849999994,-0.1541013482910092,-3.029276069373061,-1.8001580798329608
6271,TiO2,2,49,3.366684545000025,-5.2190934309558354,-5.035446036775538,-1.3495908070798994
6272,PtSe2,4,28,2.7860282675000025,-0.5445297177207462,1.7393794441648334,-1.4381987269294256
6273,Pd2Se4,0,25,5.633588755000004,4.271188295018306,0.27798417819701715,-0.08547811097738034
6274,P4,4,65,-0.5953679100000153,42.465187551113296,7.1633582925124255,-0.04956650581724542
6275,MoSSe,0,49,2.22806337500004,0.6561548409423428,1.1366251803995366,0.01940716282141164
6276,P4,4,65,-0.7159972424999792,42.39889671759764,8.808923188417744,3.8445287382300615
6277,PtS2,0,28,6.754587894999994,0.13273182876506162,-1.6046220524350936,-1.1352167987068622
6278,PtSe2,4,28,3.0568223800000163,-1.1517247364656737,1.4670444323880862,-2.156479001615108
6279,NiSe2,1,28,0.6892890750000062,0.4334067683786966,2.3322468778859395,0.6149383566151874
6280,TiO2,2,49,-0.4060530449999531,-3.0218239440467793,-1.171828291212205,-0.9085126135693828
6281,Pd2Se4,0,25,2.094354795000009,5.160169197538443,1.693097425916739,0.2715892726371165
6282,TiO2,2,49,2.075178065000016,-4.501610118248103,-3.590197640754817,-1.2922814668198805
6283,PtSe2,4,28,3.587393297500016,-0.5532620884444333,1.0557540915940193,-0.5311630703475094
6284,Pd2Se4,0,25,1.2679604950000058,6.525971942896723,3.1174928881278428,0.796668662384231
6285,PtS2,0,28,2.418125605,0.6085790242622884,-0.46778044642303485,0.04098068136678057
6286,Pd2Se4,0,25,3.5636704700000057,3.7338978512280216,2.10700607927571,-2.1819840209491024
6287,PtS2,0,28,2.7068145950000058,2.501309406820876,0.31307611074441954,0.08336934652322814
6288,MoSSe,0,49,0.0071870300000125,1.0977741665815102,2.1479863114331947,0.6488511748288855
6289,TiO2,2,49,-1.20499755499996,-2.4800809069649654,-0.2728567763344718,-0.36345837952457605
6290,TiO2,2,49,5.314686200000034,-5.559903364357537,-6.846684357501255,-0.7078484505188332
6291,NiSe2,1,28,2.3384567250000003,-0.5105319966064457,0.6425846269541418,1.4432383230143224
6292,Pd2Se4,0,25,3.985555824999995,4.0207348492096,-0.5665420068949332,-0.5789701316406202
6293,PtS2,0,28,-0.2565241000000209,2.566003892912822,0.9407556196991176,0.0348439356628627
6294,Re4S8,2,49,2.4951146450000072,6.057983874643141,-0.03700240516236075,0.13982701238422957
6295,MoSSe,0,49,0.7064430100000457,0.4602922020081127,1.2892194805267896,-0.04486642105147798
6296,Re4S8,2,49,6.198187119999996,3.2272380915885455,-3.7464123638863076,-0.03719576919026224
6297,P4,4,65,1.9889227449999776,40.125757863113634,4.626376916954266,-0.9033957223203308
6298,MoSSe,0,49,3.873875570000037,-0.257007550896033,-0.48419136971317167,0.01547150641597872
6299,MoSSe,0,49,3.4874484650000266,0.1841405121779114,-0.17541934169375217,-0.19988943255984104
6300,PtSe2,4,28,1.810943015000002,0.5302292827956117,2.7670249466292294,-0.21538174905456753
6301,MoSSe,0,49,2.641808865000022,0.33410791801491113,0.8756507659661645,-0.06293372067730862
6302,MoSSe,0,49,0.0172887800000307,-0.005751228120147889,1.3903750421740415,0.019644642088592346
6303,MoSSe,0,49,1.478664475000028,0.37570659586178845,1.240270696763074,0.11459207801409144
6304,NiSe2,1,28,3.5559965400000006,0.4293417505324295,-0.6127300687729904,5.313273784707031
6305,Re4S8,2,49,1.4860756850000143,6.251742238227932,0.9614816848679462,-0.4504114047443788
6306,PtS2,0,28,4.656793893750003,1.3728555228556285,-0.09489764906514786,-1.1331294987355585
6307,Re4S8,2,49,2.5843300750000173,5.897678541129539,-0.1239836146576101,-0.23598606687216916
6308,Re4S8,2,49,6.463329687500004,2.984796787516271,-4.031260942204797,-0.8599493253072144
6309,NiSe2,1,28,1.4188951750000114,1.0356565217773324,1.4010165433685189,-1.556961307863374
6310,PtS2,0,28,6.605365413333322,-2.5582931616955458,-4.616419690753366,-2.7911417264792777
6311,TiO2,2,49,-2.1968433699999528,-1.426794306239061,0.6194346588844335,0.1874221803738947
6312,MoSSe,0,49,2.2725955950000016,0.4808137906811507,0.8433193855704735,1.1896568629366033
6313,Pd2Se4,0,25,1.197602633750006,4.470591699962254,0.6903154809121643,0.4140218852802471
6314,NiSe2,1,28,-0.0793047899999885,2.259588733812041,3.067706600328154,1.7392695104081104
6315,MoSSe,0,49,6.078600550000028,0.37200070986732214,-0.7781369530202511,-0.05368819266970615
6316,Pd2Se4,0,25,5.057820159999997,3.6384620678340696,0.27282770593119654,0.11141220846924149
6317,Re4S8,2,49,5.243217835000023,4.341227164694801,-2.782627234032616,0.2993343182694268
6318,P4,4,65,3.2127664900000266,42.40672190823402,4.2491218232934305,0.9047914329990379
6319,MoSSe,0,49,4.52426872250004,0.7666313489619547,0.4965489546799322,0.28194251063899767
6320,PtSe2,4,28,7.379723880000019,1.1006927358040182,1.7417558696795465,-0.12335842182944567
6321,Pd2Se4,0,25,1.5416101300000014,4.7316195484718815,0.7662872390668727,-0.5195421460547907
6322,P4,4,65,5.401911400000022,40.23440426365558,2.124263979753091,-0.4765933178263566
6323,TiO2,2,49,1.3338972200000072,-4.065009223326423,-3.006568855945645,-0.9552809267286246
6324,Re4S8,2,49,1.1674326599999942,7.268491234246426,1.2916610696549535,0.01855246808482436
6325,TiO2,2,49,1.6423052600000414,-3.914737905161988,-3.1680255384220795,-0.6312129548166308
6326,NiSe2,1,28,-0.2385430037499927,1.0285043417932056,3.27127970253641,0.9191503623645964
6327,P4,4,65,1.6811812450000048,39.44270613496419,4.928804344981074,-0.8003655005999804
6328,TiO2,2,49,-2.4625709599999643,-1.5635553452622837,1.013607556298182,-0.3633586817236685
6329,MoSSe,0,49,6.642762855000028,-0.6614318244722774,-1.5909950289197061,-1.1319459630119102
6330,PtSe2,4,28,5.053548070000009,0.43217478970051193,1.906658677055045,0.10896200715860171
6331,NiSe2,1,28,1.952239495,0.30533915611033113,1.1221339091849771,0.23438081991597515
6332,PtS2,0,28,3.28713543499998,2.6189923357418,0.03189826721457889,-0.27029338762652655
6333,MoSSe,0,49,2.60820692000003,0.0108129857260848,0.4808281936525174,-0.22066912270795624
6334,Pd2Se4,0,25,3.98597601,4.357231508259684,0.8354483947800704,0.12064239438842783
6335,Re4S8,2,49,2.527792552500032,6.1582038209944345,-0.06705015837059713,-0.1594829751939204
6336,MoSSe,0,49,6.001367285000029,0.45481869166419653,-0.5875912051863894,-0.11936286503746363
6337,PtS2,0,28,8.194778170000003,-1.2034553347135448,-3.3865564324562607,-3.1163061914945507
6338,Re4S8,2,49,2.8468556150000417,5.250594323456175,-0.3960067971747243,0.04152705826350811
6339,TiO2,2,49,6.8240446000000405,-9.370046193271932,-8.093097264438924,-7.357684905201253
6340,MoSSe,0,49,2.49044795500004,0.6042122476621099,0.9407121770902105,-0.18180207080407662
6341,PtS2,0,28,4.613458122500001,2.608626876584472,-0.13634129930358974,-0.4748078641178397
6342,P4,4,65,1.5847002449999803,39.447392803095724,4.6578126963604936,-0.14010176890795956
6343,NiSe2,1,28,0.6503265000000077,0.5430164241180343,2.415307353276563,0.10813048515573365
6344,MoSSe,0,49,2.311528832500003,0.6803277425122038,1.1273570152274544,-0.06495339749735818
6345,Re4S8,2,49,5.599742465000035,4.267892944037237,-3.1396449136542097,0.25613334498735085
6346,PtSe2,4,28,1.9037647550000127,0.9580781157122675,3.2228985324806594,-0.24904679305288946
6347,MoSSe,0,49,2.6390814125000106,4.236894991054269,2.711516366456085,1.8747025192321671
6348,Pd2Se4,0,25,3.2221340025000083,5.658026806063225,2.462934604830314,-0.1323496981990644
6349,TiO2,2,49,1.7477382200000084,-3.4881490247485436,-3.4197461780942877,-0.874285953942676
6350,NiSe2,1,28,-1.5581931824999895,3.321077322514638,4.479220763397002,1.7888542568204648
6351,TiO2,2,49,1.1081689999999955,-3.7031564718983923,-2.7987853692474323,-0.5806226736806189
6352,Re4S8,2,49,2.438351654999999,6.008530433979087,0.01840088368103121,0.044342891381633276
6353,MoSSe,0,49,6.560981680000002,-2.0993447393617775,-2.715245414817507,0.17183883086425578
6354,TiO2,2,49,2.512248203333377,-4.044772948002973,-4.179312472717125,-1.0110634616773913
6355,MoSSe,0,49,5.042991225000046,2.410136159185745,1.4721934158843535,1.7849306423705595
6356,PtS2,0,28,-0.2781805400000212,2.3346548680410977,0.8326245351578987,0.18147645433209314
6357,MoSSe,0,49,4.0207562850000365,0.5269805186905563,0.14208479661922624,-0.11509875516910384
6358,MoSSe,0,49,1.859852225000025,0.10836502868497266,1.1595171387847651,0.22502192813718214
6360,MoSSe,0,49,0.6943992762500133,0.2023367098237986,1.4478731166587187,0.3509780179725006
6361,PtSe2,4,28,3.3552918500000266,-0.32513428392946997,1.9007355306253806,-0.5086898074839539
6362,PtSe2,4,28,1.2259760675000118,0.984440527641081,3.0708395662737917,-0.22733131817648478
6363,Re4S8,2,49,4.218239974999992,4.579339790319832,-1.767876497928866,-0.23673545521951533
6364,Pd2Se4,0,25,2.1771617850000022,4.407193887200519,0.8484980145758034,0.47688133315897385
6365,NiSe2,1,28,4.908471590000004,-0.17517773878337017,-2.1213001466965777,-1.5294810987687213
6366,PtS2,0,28,-0.7990220500000179,2.5998209827113015,1.082599333223488,0.08500608930665854
6367,NiSe2,1,28,3.7203360499999993,-0.9221314690572098,-0.6921373309753411,0.47675982097168035
6368,TiO2,2,49,2.071193470000031,-4.014028642017446,-3.7315846417733054,-1.1190671259550276
6369,PtS2,0,28,2.453147740000004,1.8145899665022744,-0.16124813838155516,-0.3856108693614746
6370,NiSe2,1,28,2.6132097600000046,-0.16829192222127753,0.23153293549051446,4.08495963036051
6371,PtSe2,4,28,7.276591905000008,0.7729311306852127,1.3072932083982254,0.07981271739582496
6372,PtS2,0,28,0.1544548749999981,2.4431943416519184,0.9461208899739602,-0.12013324897257296
6373,Re4S8,2,49,3.7805634050000174,6.402545719501529,-1.3069883692690198,1.161614526467675
6374,P4,4,65,-0.2400956825000142,40.02336556470216,6.242128637987583,-0.3304535671490336
6375,PtS2,0,28,2.7776075850000046,2.3563024351924593,0.8044717460801141,-0.23861820003092893
6376,MoSSe,0,49,3.021246125000041,0.031782537999430094,0.5238476497954911,-0.1528472996724859
6377,PtS2,0,28,1.3747825849999802,2.6042650313228553,0.3480614991039219,0.2626222541978145
6378,Re4S8,2,49,2.15925861,6.049407714615478,0.3008491138718665,-0.3555868923562624
6379,PtSe2,4,28,4.918380010000028,0.4051094970393594,1.6448528092392705,-0.16856486387169145
6381,MoSSe,0,49,1.4373517737500068,0.43982208711781134,1.09941610637186,0.26701510889210334
6382,MoSSe,0,49,0.3808433050000417,0.8486933873013907,1.5009957319414866,0.148441172233845
6383,P4,4,65,5.206230620000022,40.46813792044594,2.349258880363646,-0.940816699915386
6384,PtSe2,4,28,1.7816708350000274,0.29220165175025725,2.7725803590002167,-0.44337044793541147
6385,TiO2,2,49,2.2243095949999976,-4.637014857502033,-3.9322529550107808,-1.3226478810819473
6386,PtS2,0,28,3.878573229999999,2.7333840021573907,0.012919693100790663,-0.5873870562430814
6387,PtS2,0,28,2.604515284999989,1.6852717690619006,0.12104808220785612,-0.5082488563704319
6388,Re4S8,2,49,1.525133763750003,6.306091075142616,0.9166711221142547,-0.2764664838707509
6389,PtS2,0,28,5.599270224999991,0.9405941561543871,-1.3748023116902575,-1.6871385975992745
6390,Pd2Se4,0,25,1.0449772750000053,5.014760764970393,0.6599167908569283,-0.02787773556112172
6391,NiSe2,1,28,4.097151100000009,0.5672565108932401,-1.1311439468068536,2.212755382696524
6392,Pd2Se4,0,25,-0.0051418599999966,7.810470229140622,4.984988496454261,1.5930620886402351
6393,NiSe2,1,28,1.946192452500009,-0.2364410451946093,1.068500012964265,0.7579819071394769
6394,MoSSe,0,49,2.174290500000046,0.7033489526163277,0.9497478783975777,0.006467578892979997
6395,NiSe2,1,28,1.7536256350000097,0.13486798237568198,1.192354595967194,1.0526452822566637
6396,Pd2Se4,0,25,2.3565859350000045,4.537156228976029,1.1380805619126337,0.0629024950231889
6397,MoSSe,0,49,0.972132785000034,0.833127118271959,1.5668672493322413,0.02782898855445004
6398,NiSe2,1,28,0.6755078200000035,1.2025340831778937,2.2506401972475145,2.417999549359331
6399,Re4S8,2,49,1.0431173000000264,6.910363738411432,1.4183915303883607,0.10156824655708219
6400,P4,4,65,-1.0023472249999856,40.79016549790852,7.071269943365973,-0.09436337744243795
6401,Pd2Se4,0,25,1.9295386100000087,5.7005457456721915,2.0019692158514317,-0.07854577145834196
6402,PtSe2,4,28,6.85341639500002,-0.784216515035828,-0.6073802628233036,-0.38526434879640714
6403,Pd2Se4,0,25,5.569072275000009,3.5684803042439697,0.22322731352131253,-0.4070261603963301
6404,TiO2,2,49,3.643514655000004,-5.009382746583256,-5.262667200928959,-1.36396680470907
6405,PtS2,0,28,5.872858379999991,1.33425218391399,-1.3853820311230383,-1.5076902853649816
6406,PtS2,0,28,3.0173109299999794,2.5998837225573936,0.4744652979510704,-0.0756283528668007
6407,TiO2,2,49,2.7681634225000247,-4.636830707147649,-4.426594157770207,-1.0764055448322798
6408,P4,4,65,0.8140655150000065,40.10021124382975,5.186751624943434,-0.852065303920091
6409,MoSSe,0,49,1.6942257675000023,0.6786941098701964,1.0911279725563536,0.5943646637133766
6410,P4,4,65,2.510646079999999,39.818228508012695,4.0208875586362725,-0.5621619771150705
6411,P4,4,65,-0.887722009999975,40.30693880178871,6.85470071890297,-0.021888102508163088
6413,PtSe2,4,28,0.7300792150000142,0.9329185076257183,3.3567813622654077,-0.5357614767848856
6414,MoSSe,0,49,1.058869320000006,0.5372078837506042,1.3216873031409646,0.01310106332620653
6415,PtSe2,4,28,2.7339174900000067,1.5876351839756202,3.6018098837589454,-0.1557068182572494
6417,PtS2,0,28,1.7089086124999815,2.0766628831919536,0.32076814276938714,0.003545785973122273
6418,TiO2,2,49,1.6733988825000297,-4.139402817042368,-3.116479307762481,-0.9583316548185518
6419,PtSe2,4,28,3.306884715000022,1.4846892863122338,3.012354504029722,-0.14521577858848245
6420,MoSSe,0,49,8.52834755000001,-1.660692749584971,-2.5562753460459495,-1.5282442352823997
6421,PtS2,0,28,6.475339580000004,2.717655173519689,-0.8533665422802779,-0.29058775148844873
6422,MoSSe,0,49,2.4527828150000444,0.13406337767777154,0.6013176189853477,-0.3048560075964799
6423,TiO2,2,49,-3.0165416424999574,-0.21462011083663102,1.5009609088828106,-0.05716848119795914
6424,Pd2Se4,0,25,3.864580609999997,6.970557075139977,2.0265834544073518,0.529059113459883
6425,P4,4,65,0.6387396849999885,41.40970379135906,5.830685635625317,0.6378603579789341
6426,MoSSe,0,49,2.4397724550000306,0.4390679119992775,0.644800654944631,0.05140200445736687
6428,P4,4,65,-1.2372935975000212,41.1934283936426,7.78319243236432,-0.46904758965919924
6429,PtSe2,4,28,2.007116255000017,0.38764634049457136,3.3927721809995357,-0.4804527529426237
6430,TiO2,2,49,0.2653730275000292,-2.3151575288936654,-1.5175099732245165,-0.778163389540231
6431,Pd2Se4,0,25,0.2600084262499993,5.167964486538391,1.2999196730643725,0.3909367206285611
6432,PtSe2,4,28,5.746715360000019,2.7304470011450004,3.5071295369522915,1.0177671381689262
6433,P4,4,65,6.328746019999977,40.073946139016954,1.5722935008994776,-0.6483415158597596
6434,PtS2,0,28,8.923005114999993,-1.8004013806656838,-3.3219934413905774,-2.9071407427465754
6435,P4,4,65,2.168729984999988,40.22602124587566,4.444849407433178,-0.627820813895557
6436,Re4S8,2,49,2.2315940350000103,6.013776670922435,0.18804833395242282,-0.42593601243734747
6437,MoSSe,0,49,7.755226300000053,-0.20149692479660253,-2.098378743567965,-0.29610332433273534
6438,P4,4,65,1.2403529224999938,41.33679996548015,5.838063067375799,1.135252978582363
6439,MoSSe,0,49,3.4448991425000006,0.5780526988543695,0.6141141447263587,-0.0855579184653732
6440,TiO2,2,49,1.6317919350000256,-3.4230769729944104,-3.150197769833807,-0.8672958072356417
6441,MoSSe,0,49,5.436667807500012,-0.062212196588959934,-0.8550851023201611,0.03175031383787896
6442,MoSSe,0,49,3.933298855000008,0.43216654760314155,0.20476481420470405,-0.010435292098192939
6443,Re4S8,2,49,5.186823360000009,4.187435476110425,-2.71598195222413,0.2637915691992099
6444,PtSe2,4,28,2.7446144925000047,0.5763275914945427,2.5834267431058713,-0.3079387850008186
6445,NiSe2,1,28,1.0111423437500069,0.23996145479837372,2.0075768525695734,0.6159555808003674
6446,TiO2,2,49,0.37768596000004,-2.9029679456008295,-1.951654688383422,-0.8550516921930331
6448,Re4S8,2,49,4.007192515000018,4.689185080265689,-1.5824712740027032,-0.11563196049562308
6449,PtS2,0,28,-0.8909913849999982,2.6222243857553083,1.402456219213255,0.05597712121113918
6450,Re4S8,2,49,3.569249822500021,5.170941637155741,-1.1169334588474737,-0.30023538450665344
6452,MoSSe,0,49,3.357819005000012,-0.021839781748669296,0.41296346570311293,-0.08684842203797594
6454,TiO2,2,49,7.443162250000047,-7.813374407567389,-9.078938531356858,-2.5260282829183414
6455,NiSe2,1,28,1.860535145000008,0.2338020799603191,1.1655137536968914,0.45631209989847
6456,TiO2,2,49,1.1116532525,-3.6340089679337564,-2.7429103096899414,-1.1321733038203938
6457,MoSSe,0,49,6.606341267500013,-0.6428520529207482,-1.6891345827516808,0.12856874379149108
6458,P4,4,65,0.4593963100000122,40.22943501934569,5.87423460945647,-1.2560921781742471
6459,TiO2,2,49,4.807295960000037,-5.547716937274614,-6.4072570024042115,-0.24096409659671636
6460,Re4S8,2,49,-0.3954678233333431,8.37606237887025,2.8504052813716734,-0.12156925043781569
6461,MoSSe,0,49,5.134509975000041,-0.13376086382450403,-0.4642039281962491,0.003638014908813325
6462,NiSe2,1,28,2.3723329150000048,-0.43615454865682435,0.6168133970778356,0.6629882411838737
6463,NiSe2,1,28,0.7699585725000082,0.5186535548040689,2.1883796881506266,1.9292511970668458
6464,PtS2,0,28,-0.7829952975000163,2.6108045120919963,1.4921409229323488,0.06584111252280278
6465,PtSe2,4,28,0.2099336100000028,1.5035644260666883,4.039713212611488,-0.21601852897583287
6466,Re4S8,2,49,3.044922635000036,5.166410321949833,-0.5817943861495314,-0.2636365543217316
6467,NiSe2,1,28,1.6686532925000024,0.024756905393776174,1.294965383367714,0.9917536148994932
6468,MoSSe,0,49,1.3123541950000233,0.08426854224871527,0.9897444368588024,0.05497703166674506
6469,Pd2Se4,0,25,-0.7286376774999974,4.609294873544919,1.8270425618383763,0.026513320276486674
6470,MoSSe,0,49,3.1570481750000488,-0.29336900439152824,-0.056461522244311446,-0.5375445179769369
6471,TiO2,2,49,1.556417825000049,-3.850334288851978,-3.218645773506722,-1.4156570853556807
6472,PtS2,0,28,0.0229151074999955,2.152530091512761,0.875672993569137,-0.1826120043709265
6473,PtSe2,4,28,1.3490860050000102,-0.014003474024668394,2.1598117763720603,-0.2305451616721701
6474,NiSe2,1,28,1.886054065,-0.15514734007019038,1.1121461926192222,1.1021538315504966
6475,NiSe2,1,28,1.6546324125000078,0.5805466144215825,1.4095571010243657,0.43006944347736864
6476,MoSSe,0,49,0.7160162900000294,0.8026093270272533,1.5473533894509592,-0.005893545757679197
6477,PtSe2,4,28,2.5267422900000165,-0.20221478794007997,2.826749413669214,-1.7951138322948368
6478,NiSe2,1,28,3.817426085000008,-0.24137532663819172,-0.8277230655399657,1.4431207582108483
6479,Re4S8,2,49,0.7173531299999943,7.421509479863287,1.7347586705116838,0.1824633830615291
6480,NiSe2,1,28,0.7052768300000034,1.025550064442237,2.2079301446653203,1.7587296734230518
6481,P4,4,65,0.2265563500000109,41.38143709380696,6.337918153199249,1.0089479195999036
6482,TiO2,2,49,8.383208357500008,-10.30644949595826,-9.64350414594707,-6.9628061087995485
6483,MoSSe,0,49,0.697406786250045,0.6005836153358517,1.5111946885119178,-0.0077096000979047785
6484,P4,4,65,1.6730062333333309,41.18990880572917,5.221679591378786,-1.973887221772255
6485,MoSSe,0,49,1.911794335000052,0.39939261441197593,0.9922171529607635,0.23827267651524742
6486,MoSSe,0,49,3.7927760550000222,-0.0718678900219949,0.4031685721260354,-0.21927979276755982
6487,NiSe2,1,28,3.4230724550000087,-0.18259370095642957,-0.43995423880331286,1.3918466988492755
6488,Pd2Se4,0,25,5.407876057500002,4.076990084772947,1.1432876953737363,0.13719395491047948
6489,MoSSe,0,49,4.646903220000048,0.4820921985485356,-0.4989204637032545,-0.19452160912968708
6491,MoSSe,0,49,2.8961381550000533,0.24794383492405947,0.4232240880165077,-0.0013323262697881866
6492,Re4S8,2,49,5.015822340000035,4.264996758154668,-2.565744408913813,0.12021389708085639
6493,PtSe2,4,28,1.6516121100000074,0.9934109180558193,3.058394365448601,-0.2684930037072828
6494,P4,4,65,2.141902137500008,40.454834134676105,4.5736383907974165,0.0009465528508427745
6495,TiO2,2,49,2.764901182500004,-7.153835317937016,-4.170182249394536,-3.9836608781888874
6496,P4,4,65,0.7853673899999816,41.05174503675783,5.699510236101195,-0.5868438685766417
6497,Re4S8,2,49,2.116895925000022,6.041993686562072,0.35015295843808847,0.31063587368060164
6498,TiO2,2,49,-2.4895802924999817,-0.9392335623533303,0.8640979717144592,-0.2693220982979514
6499,NiSe2,1,28,0.7143092925000043,0.5690491622042804,2.1733102823647013,2.285973074570512
6500,NiSe2,1,28,5.446596137500008,-0.47694173635661663,-2.5935393093190595,3.6297553461629155
6501,Re4S8,2,49,0.9019011562500086,6.877576916870108,1.5501860076751623,-0.08147242719269654
6502,NiSe2,1,28,0.222655974999998,0.6184769837300639,2.691410975480145,1.2369516261657734
6503,MoSSe,0,49,5.943481795000039,-0.03772913615604523,-1.2140082836220687,-0.2455802281767161
6504,MoSSe,0,49,-0.599005537499985,0.6611695262491711,1.6157690656880546,0.2033344082733004
6505,Re4S8,2,49,0.5516442150000351,7.072069357819992,1.905408810563523,-0.006764500352106295
6507,P4,4,65,2.4459095700000013,40.20494771963216,4.295348455169371,-1.222295950195619
6508,NiSe2,1,28,1.0498697850000047,2.081524124454341,1.9529572235652624,2.130014489800614
6509,PtSe2,4,28,1.0049122800000057,1.1551545630328313,3.969587899290766,0.03958505098347409
6510,MoSSe,0,49,0.9387820950000468,0.46158874125788774,1.3939880936494489,0.16077395371109404
6511,NiSe2,1,28,0.6649621049999981,0.3503886341611755,2.3423972407539897,0.47931566631398703
6512,Pd2Se4,0,25,2.8315106825000047,4.9979961121116085,1.051782151464025,0.17358368675251823
6513,MoSSe,0,49,2.3373421625000086,0.25727774742227316,0.46612018389484833,0.06979570828856563
6515,PtS2,0,28,5.605029669999984,0.9819889787833818,-2.0365343964098965,-1.758846608400253
6516,P4,4,65,1.0050367500000086,40.21803911669921,5.31516214354705,-0.37520146227010953
6517,MoSSe,0,49,2.493348735000044,0.1839303399867318,0.5201760357366503,-0.16708951932723304
6518,NiSe2,1,28,-0.0099408599999992,0.7000448677209464,3.0176600588627105,0.040280816283568534
6519,Pd2Se4,0,25,3.9395969099999952,4.108736575921229,-0.07673972717935706,-1.9190782891910758
6520,P4,4,65,2.23743180000001,39.8585122867106,4.413592819738251,-0.7650053457738342
6521,TiO2,2,49,-2.5426889149999767,-1.3431403747542552,1.5825488456742116,2.403773614630714
6522,PtSe2,4,28,2.3934580000000247,1.0034141230824543,3.0674217232309733,-0.22630805887351935
6523,PtSe2,4,28,3.745578192500025,-0.41658423625205954,2.3857371182960767,-1.1886389879661299
6524,PtS2,0,28,0.0771172900000029,2.5912013392648285,1.0811913749576794,-0.021270280976972304
6525,TiO2,2,49,-0.2649363049999671,-2.6685040623808107,-1.4207072089974286,-0.5739638637368086
6526,NiSe2,1,28,2.2005334975000004,-0.08669021543619815,0.7435186424180089,0.8871740220312496
6527,PtS2,0,28,3.807014357500005,1.5886781499259395,-1.5193404867775522,-0.8234646831479946
6528,NiSe2,1,28,1.884725625000008,0.024938926417024998,1.1159173104349691,0.8070027285003583
6529,MoSSe,0,49,2.787071737500044,-0.4030523626526321,1.1592049272338425,-0.09199360296330106
6530,PtSe2,4,28,1.5983195950000244,0.1926570882987224,2.2503678948274497,-0.826507593135909
6531,P4,4,65,2.210014792499996,40.21288763263021,4.551086175225121,0.4422878700315387
6532,Re4S8,2,49,2.203683027500036,6.060586562877772,0.2549093078830613,-0.8935846178473259
6533,TiO2,2,49,1.0703023862500376,-3.6387906662284717,-2.6864382218976206,-0.767313181525408
6534,MoSSe,0,49,1.6922684937500465,-0.019899728872727174,0.532714681845555,-0.038251879789780396
6535,Pd2Se4,0,25,0.974590137499998,6.907293801607261,2.2565961729502377,2.603685463569134
6536,TiO2,2,49,4.685338860000037,-5.1681267869918175,-6.310615584497515,-0.7925139717706671
6537,NiSe2,1,28,-0.3770529799999922,1.3084129068595298,3.4140572918794683,0.9351341300549239
6538,NiSe2,1,28,0.2873511100000065,0.9077939009481746,2.657671473007806,1.2166530108267146
6539,PtS2,0,28,3.801682240000003,2.968364788859453,0.6898863253686494,0.06553220129943549
6540,PtSe2,4,28,2.40409829500002,-0.029723468250853813,1.7522968224417936,-0.5934273231295975
6541,Re4S8,2,49,0.9742576149999908,7.0525891117354425,1.4630900355279635,0.12418509841960568
6542,PtS2,0,28,-0.1582260225000011,2.3742059562387094,0.9396401339552827,-0.018237899364826393
6543,Pd2Se4,0,25,0.6953338800000091,4.903348404355155,1.2832630059990346,0.07502635139952707
6544,MoSSe,0,49,1.499913537500033,-0.050930980839063,0.8043945988041867,0.012399033707649387
6545,PtSe2,4,28,-0.888960444999975,0.9426550905637363,4.3000618657203935,-0.36738816492434145
6546,P4,4,65,4.7950693875000185,37.45989099051105,2.155605662917564,-0.6407613068268008
6547,Pd2Se4,0,25,2.0269090025000063,4.856531015200189,1.167497427426548,0.11263015981790536
6548,NiSe2,1,28,2.2340364175000094,-0.5972420888104342,0.7790122313342192,-0.09034495720846492
6549,P4,4,65,1.897681835000016,40.22539810070962,4.791290797090235,-0.18666609396964073
6550,MoSSe,0,49,3.5349726750000383,0.2291987663960393,-0.13895671303511303,-0.1269439134542214
6551,PtSe2,4,28,3.157784335000004,1.5496589817775428,3.207694021679276,-0.10385707237589914
6552,Re4S8,2,49,0.7254554300000349,6.899375054390224,1.7280329993873758,0.25290033534267753
6553,PtS2,0,28,11.401815632500004,-1.9617922102587926,-4.526622513450931,-1.7758816674528024
6554,PtS2,0,28,1.1420664174999915,3.3042575335854165,1.7272514319771408,0.6987436032646772
6555,Pd2Se4,0,25,2.185991075000004,3.908789370098873,0.9576122498901327,0.36047789815978604
6556,MoSSe,0,49,3.1557661325,0.04232736127950032,0.2127661277589925,-0.29314196410400406
6557,P4,4,65,4.784747009999995,38.823038532805995,1.8145044589763435,-0.549343949086909
6558,MoSSe,0,49,4.853990330000041,-0.1911178566011964,0.029133465191406138,0.6405727727221269
6559,MoSSe,0,49,0.6584833900000389,0.507780667159385,1.3217586636676655,0.11012883585038435
6560,PtSe2,4,28,1.943953527500016,0.4929031397007082,3.050212369869369,-0.7936574752030596
6561,PtS2,0,28,0.8005290849999855,2.793412206173314,1.164540089766555,-0.1326076213515074
6562,Pd2Se4,0,25,5.488617105000002,4.700452483979084,0.8136475853991678,0.1745449674995907
6563,P4,4,65,0.914987239999994,41.26619752867676,5.849132265882269,-1.7087116179500266
6564,MoSSe,0,49,2.75188903500004,0.7525310865107837,0.941056842710938,0.06566043208675199
6565,Re4S8,2,49,-0.3259860100000071,7.939412218496101,2.7625557801772125,1.8582665743081737
6566,Pd2Se4,0,25,2.552783585000008,4.460911496075024,0.20709187149209818,-0.3217803005456621
6567,TiO2,2,49,3.1554696950000487,-4.811637996900276,-4.858603278068896,-0.860875248182015
6568,PtS2,0,28,-1.0888693450000004,2.587885153105469,1.1842489359881596,0.09146898171366413
6569,PtSe2,4,28,0.1097427775000043,-0.08789342339182966,2.8909041315779582,-0.6439200013413535
6570,TiO2,2,49,0.4057626749999974,-3.0357206688252742,-1.9832110430725072,-0.549236538601682
6571,Pd2Se4,0,25,4.233954904999999,3.557384969267579,0.32393908647033776,-0.9479025190340162
6572,Re4S8,2,49,4.750151737500031,3.8808117469461765,-2.2945715029724427,-0.2586915731120101
6573,PtS2,0,28,4.738504544999987,2.1592167455883917,-0.7986882290311557,-1.2860108773974481
6574,PtS2,0,28,3.186846885000003,2.8861591091609666,0.6098031273341848,0.09114576089945148
6575,MoSSe,0,49,3.686549909999997,-0.039140470913082925,-0.36709857790771183,0.4328329482763702
6576,TiO2,2,49,5.157963795000018,-8.208422385189634,-6.465977790488503,-6.359587870571715
6577,Pd2Se4,0,25,3.787368544999996,4.778329760765791,0.8978504249808799,0.09450538052694091
6578,PtS2,0,28,0.5509355299999901,1.9464071359902038,0.12512260344320658,0.12206162677898125
6579,Re4S8,2,49,2.9414099850000133,5.682618220871569,-0.4868512151381563,-0.29707916555217784
6580,MoSSe,0,49,0.7187805600000295,0.4052345328497019,1.2695136838125314,-0.049476665957060795
6581,PtS2,0,28,5.617851519999993,-0.5075783177396582,-2.3675932332059664,-0.8587474270841406
6582,Re4S8,2,49,1.7158057350000209,6.551110857915832,0.6985671859899694,1.3522014162857863
6583,TiO2,2,49,-2.281799035,-0.32469912695170056,0.7646637327742514,0.22665520183959975
6584,P4,4,65,1.785833074999981,39.52557083531903,4.426381235963968,-0.4029426915974743
6585,MoSSe,0,49,4.988251580000037,-1.3102036845685188,-0.9644369018078986,-0.9560928078493616
6586,PtSe2,4,28,1.7012578400000171,1.1014635809238515,2.7015210239068432,-0.822377895516578
6587,MoSSe,0,49,1.5248656850000355,0.4850523292084401,1.3713817814051974,0.8395773787359264
6588,NiSe2,1,28,0.2382159150000085,0.34105118946674773,2.8186875267470213,0.4480394208077918
6589,MoSSe,0,49,2.594110985000035,0.3585816031703346,1.0272774503637345,-0.02819921513309165
6590,PtSe2,4,28,2.089370725000019,1.0600773518839328,3.3704303131062634,-0.1478969230692735
6591,MoSSe,0,49,-0.5751370099999622,0.4321233737288034,2.058271716815046,0.34834030348242473
6592,MoSSe,0,49,1.2191044750000062,0.37627805648396184,1.2859862782374,0.19519942381133415
6593,NiSe2,1,28,4.806675490000009,-2.761442081389983,-1.890980140624602,0.8046225942590244
6594,Re4S8,2,49,1.333556245000023,6.557246615259987,1.1151638128053565,-0.1464240851311467
6595,P4,4,65,1.5159241449999772,40.879789661152365,5.852086932245099,-0.5222824903496069
6596,Re4S8,2,49,2.7401841650000085,5.8521243562707435,-0.2806547651281823,-0.4195848474493493
6597,Re4S8,2,49,2.3624359650000013,5.946078312140298,0.0835646110192858,0.06838370535929217
6598,NiSe2,1,28,1.5745448075000057,1.919534384979446,1.3955648936566105,1.4188739655153346
6599,Pd2Se4,0,25,0.8028237037500051,5.539966462786962,1.0140050637085927,0.663118917481074
6600,TiO2,2,49,4.071496260000004,-7.479318789474899,-5.290793271693323,-5.447953712774052
6601,MoSSe,0,49,3.0683539150000065,0.13193612914875663,0.08881717544392265,0.20322670163309065
6602,NiSe2,1,28,0.2595701900000113,2.1078575167184335,2.7730721745019418,0.4125780376916391
6603,PtS2,0,28,5.430376040000003,1.054985536080319,-1.2260551324072297,-0.2528583080155471
6604,MoSSe,0,49,7.21008865000004,-0.05621743163659598,-2.328669070812011,-0.18081545791223075
6605,Pd2Se4,0,25,4.286950590000009,4.51071548284545,0.6326614997928788,0.7450122815515048
6606,Re4S8,2,49,6.634865645000018,3.3456738358451146,-4.1828481787728045,-0.9749266737984392
6607,MoSSe,0,49,5.643501312500009,-0.08945309218343933,-0.4544417371012459,-0.6333639134623299
6608,PtSe2,4,28,6.4267281600000015,0.38960211394612454,1.3055237225530991,0.09017158466959518
6609,PtSe2,4,28,2.6564981725000028,0.19052853324187957,2.361411433797808,-0.36388299725281037
6610,PtSe2,4,28,2.7888840750000017,-0.2640247260670998,1.9355080212015774,-0.6994169071456926
6611,Pd2Se4,0,25,0.3026572300000003,7.204652922053833,2.8529442714648434,0.7051463690397133
6612,TiO2,2,49,1.2985992000000364,-3.914084192663102,-2.985623395989009,-0.7993245090540932
6613,Re4S8,2,49,1.483795430000006,6.849428230786941,0.9752946439033958,-0.3331918972088683
6614,TiO2,2,49,2.9057255300000246,-4.8405395062878664,-4.463639310212427,-0.5348666223004397
6615,NiSe2,1,28,-0.2804305037499941,1.0444406152408794,3.3155938268345073,0.7281031092645205
6616,Re4S8,2,49,2.8497621425000257,6.316380798021214,-0.399417341550929,1.3458506059639226
6617,P4,4,65,0.4988670650000131,40.701588282696925,6.903664797258898,-1.137335131851311
6618,PtSe2,4,28,5.50214763,1.1551882871549486,2.3534867414396166,0.14358175283284513
6619,NiSe2,1,28,1.3289356450000005,0.2879553417604568,1.722247737670084,0.5616419891756179
6620,MoSSe,0,49,4.925312705000037,0.7528780031603635,-0.03799870328087973,-0.034329282402787875
6621,PtS2,0,28,4.356183055000002,2.4981587698494447,-0.13039462065348495,-0.2133167614107272
6622,MoSSe,0,49,2.601405310000005,0.4190018898596142,0.5238850838293407,0.04812573654947405
6623,Re4S8,2,49,2.540564872500019,6.483090224189841,-0.08603900440207823,0.4645348214341034
6624,Re4S8,2,49,2.2367298625000425,6.338162340513059,0.2262451626769595,0.23769640703120753
6625,MoSSe,0,49,5.643718495000044,0.6187771816763883,-0.5424232622272172,-0.29063854021692226
6626,Re4S8,2,49,3.1211644350000287,5.054972217628551,-0.6716831861444379,-0.20110952243289004
6627,MoSSe,0,49,3.0479002050000226,0.4381410229764584,0.5032308845283793,0.04567805415016446
6628,TiO2,2,49,6.132373860000034,-8.451489419260085,-7.509275566059808,-6.350704600928684
6629,PtS2,0,28,5.1266749424999984,3.6566060659025075,1.0728707588448092,0.05427403020202792
6630,MoSSe,0,49,2.3937908125000016,0.6727669922434472,0.8366873152974432,-0.05731877804565588
6631,NiSe2,1,28,0.6160378200000046,0.4947809634421748,2.4492114641084752,0.09030440030639186
6632,Re4S8,2,49,5.860224865000035,3.855465112010057,-3.400820396463658,0.0219335733646302
6633,PtSe2,4,28,1.6544400350000088,0.5848357781027134,3.0410690808548906,-0.8467996414249762
6634,Re4S8,2,49,2.55166094000002,6.000110382886128,-0.08371218537152059,-0.17902613177756743
6635,MoSSe,0,49,3.4641312225000065,0.2059498366379735,0.7339762585028011,-0.15073691440979653
6636,TiO2,2,49,2.4052843700000386,-4.213155552759641,-4.067375068878009,-1.151134654894346
6637,TiO2,2,49,0.8529390600000035,-3.634352615145267,-2.441778749890547,-0.40537902779124296
6638,Re4S8,2,49,2.7040503250000048,5.8652013712687125,-0.24478731815389487,-0.3007531391021776
6639,MoSSe,0,49,4.510036960000042,0.3400438480037016,-0.2259308643681246,0.3171008281367582
6640,TiO2,2,49,2.204469313333368,-3.7249799073834575,-3.8729478022554873,-1.2938772739072002
6641,MoSSe,0,49,2.259711145000016,0.9878313952323245,1.3276666416363367,0.5759248349702806
6642,MoSSe,0,49,2.0968644950000046,0.04655496942921511,0.7763681080731155,0.08699056176269071
6644,TiO2,2,49,0.0833949037500163,-2.9325751650440632,-1.7695337720819255,-0.9229326832401693
6645,MoSSe,0,49,0.7759665262500479,0.15635307512680352,1.1529767898917165,0.16406802219152106
6646,Re4S8,2,49,-0.4914490774999729,7.6448656713695,2.9645030096899143,0.5856385624141168
6647,PtSe2,4,28,0.56495055750001,0.43082800313841774,3.277501332809642,-0.4333461244403176
6648,Re4S8,2,49,3.932490015000017,4.560135221511214,-1.4811475912430994,0.07733672462909258
6649,NiSe2,1,28,2.5772966000000093,-0.47751651729737254,0.42163790736998585,1.0149362631083076
6650,PtSe2,4,28,6.680941365000002,0.02260166224202287,1.1882258834079984,0.19178412175536952
6651,PtS2,0,28,0.1510292349999807,2.520036691551838,0.9461781522884307,-0.0764145512129527
6652,P4,4,65,0.7185706874999889,39.799006801717134,5.320663195721955,-0.8542145670725393
6653,MoSSe,0,49,2.596777835000048,0.496387483171135,0.9333957051153083,-0.10653273116398854
6654,PtS2,0,28,3.528518159999998,2.403024236545412,-0.08064806442911587,-0.2743438480442282
6655,PtSe2,4,28,5.651174040000009,1.188499955971671,2.1627596503889883,-0.17494771019654198
6657,PtSe2,4,28,0.3582844062500245,1.0754202083892577,3.800735063964819,-0.3903433604889161
6658,MoSSe,0,49,1.7066383737500503,0.2876584154192612,1.024133883101146,0.05562007644017597
6659,MoSSe,0,49,3.975706255000034,-1.8861248449099057,-1.0091261819612973,0.02660179579138866
6660,P4,4,65,2.766531829999998,42.10892974836914,4.341555749409284,0.11780535681335635
6661,NiSe2,1,28,3.160880280000004,0.326843149997758,-0.26171051707072346,1.352981217243241
6662,PtS2,0,28,4.137710804999995,1.709021652478846,0.2930289951353,-1.2328936211875354
6663,PtS2,0,28,4.7899654199999855,2.863764972456069,-0.07950110140664268,-0.1951945116442726
6664,Re4S8,2,49,1.826202533750032,5.991475440950896,0.6142451146162604,-0.5696853618902908
6665,TiO2,2,49,7.888574765000023,-12.538025226069767,-8.805122619741438,-9.763013925029115
6666,Re4S8,2,49,1.2529259833333757,7.561913061873329,1.2044027335804832,0.9977387276651595
6667,Pd2Se4,0,25,1.2030594950000024,4.400341649345599,0.663329382232867,0.2665710642854793
6668,TiO2,2,49,4.149032365000019,-6.440543662225971,-5.795035611307392,-2.925676435943215
6669,NiSe2,1,28,2.6319889825,-0.3892423114591468,0.3803164361503093,0.7259057560152185
6670,MoSSe,0,49,1.5343412500000166,0.7091040669504634,1.3898373503112627,0.12387041833240109
6671,NiSe2,1,28,3.3890844250000107,-0.6927515729543159,-0.39060879392192627,0.5159986750010064
6672,MoSSe,0,49,0.8026270650000159,0.8852243639855798,1.689952673299036,0.04831355987282748
6673,TiO2,2,49,2.0172021300000305,-3.8322087039949846,-3.6442626228334856,-0.9595082114539897
6674,P4,4,65,3.1041936675,40.729437212220056,4.33530451861145,2.4190003276578778
6675,Pd2Se4,0,25,5.149314854999998,5.1319926833504255,0.9557678158475769,0.053843523601075916
6676,PtSe2,4,28,-0.6685364649999799,0.7557648029236655,4.000131011635926,-0.3406168216160277
6677,PtSe2,4,28,7.654460767500013,-3.252374350619723,-1.1857349272493618,-2.7899012760245903
6678,PtS2,0,28,3.7663555299999993,2.8010452433662927,0.8269754890836598,-0.026704247371621914
6679,TiO2,2,49,1.9014182875000087,-3.8611320644063403,-3.5839333523752934,-0.642051457309986
6680,MoSSe,0,49,2.145111787500044,-0.10745981155043838,0.5850774564523893,0.0027450043141246105
6681,P4,4,65,3.890506189999981,39.74833162433107,3.1662725985666085,-0.6991422195613417
6682,TiO2,2,49,-2.0361532149999526,-1.264845472744188,0.5219758131393977,-0.23286193824915236
6684,PtSe2,4,28,1.0117468850000044,1.0040462000982622,3.3110308631079057,-0.27034167609446647
6685,MoSSe,0,49,1.0664949800000365,0.6433707490140423,1.2152154062762086,-0.013971565706111466
6686,PtSe2,4,28,2.640226550000019,0.44895399898578026,2.0938292869954234,-0.6698321373235256
6688,PtSe2,4,28,-0.4144384649999808,0.7303663678574435,3.745357015491314,-0.5172679635278512
6689,PtSe2,4,28,1.7330898475000267,0.7983449666352067,3.1331458855322,-0.0445057582208519
6690,PtS2,0,28,2.4385443399999893,2.461150102749034,0.9926379650181176,-0.02464960720681697
6691,PtS2,0,28,4.277492805000007,2.584041949435215,0.1354764663419532,-0.0833204226452704
6692,MoSSe,0,49,11.703641995000046,-4.61425378343185,-5.501353208429815,-0.81107594987472
6693,NiSe2,1,28,2.7702457000000003,-0.7984617441080732,0.004656882168578846,1.1632289996561682
6694,MoSSe,0,49,4.629878485000034,0.4652934434057281,-0.1415775257308276,-0.2214108743229506
6695,P4,4,65,1.8489017774999763,40.20155522323245,4.608615051672794,-0.7027046571513638
6696,Re4S8,2,49,2.886636050000013,6.255206474210598,-0.42560373887839065,2.2881567165710317
6697,Pd2Se4,0,25,5.733043229999998,3.636117740052086,0.9731118317218037,-1.6708461010683164
6699,P4,4,65,-0.8868179299999771,40.13183084910805,6.653753397720009,-0.0737446965208155
6700,PtSe2,4,28,5.092147760000014,-1.7739015543522272,0.9240824258266054,-1.891307525243544
6701,PtS2,0,28,2.0121314124999965,1.9489785436055538,0.5997645460825636,0.18052279981588093
6702,MoSSe,0,49,4.977446320000033,-0.5858158293791025,0.24630299971228808,0.0628335452648594
6703,Re4S8,2,49,4.6912511750000165,4.300900244321679,-2.2458049221771406,-0.13966565965984756
6704,TiO2,2,49,1.9001421525000155,-4.163151859632991,-3.523154138914607,-1.222593704255285
6705,Pd2Se4,0,25,2.9957761775000047,5.338373977885331,1.235747177348221,0.20579512809285028
6706,P4,4,65,1.8773035799999729,40.11902477388186,4.797120511974922,-0.6129153366426323
6707,MoSSe,0,49,1.60855249750003,0.18875630510464525,1.2476460517705998,0.1640557429454248
6708,MoSSe,0,49,0.8551524450000443,0.5943846732759159,1.4614292413377448,0.2961890727662724
6709,PtS2,0,28,1.3750076049999964,2.63691380079224,0.375998044566654,0.2626961713595617
6710,PtSe2,4,28,3.0021625600000235,0.19576690179705514,2.019649799491961,-1.1501652639846018
6711,TiO2,2,49,3.0614366375000106,-5.169786993919892,-4.799437825142426,-3.492146555840058
6712,TiO2,2,49,-3.2254060899999635,-0.4427312219354613,1.635862588463912,-0.1721130216333373
6713,Pd2Se4,0,25,-0.7465436250000037,7.393641689422611,4.392563719553634,2.529321768882755
6714,NiSe2,1,28,1.6589220499999922,2.1731716656677325,1.259218361376961,3.3971203033121826
6715,Pd2Se4,0,25,4.591036150000006,3.9227751998687683,0.07591487055866875,-0.7773516070261697
6716,PtS2,0,28,0.9977674149999816,2.2702260351648134,0.6471694247395001,0.05231097702882703
6717,TiO2,2,49,1.2332750450000194,-3.5996807307427154,-2.93282527629783,-0.9609757552966502
6718,PtS2,0,28,1.911620714999996,2.230676950278121,0.480027259650069,0.281484664740401
6719,TiO2,2,49,-2.347696334999989,-1.2803129843054308,0.652253022672922,-0.30536044549724384
6720,PtS2,0,28,2.3328628849999893,2.530152687230032,0.973088789779267,0.056220738886119115
6721,MoSSe,0,49,6.028391965000001,1.9625090283471671,0.9500900429803458,2.8918284100610343
6723,Re4S8,2,49,-1.3011637549999704,8.201864800989961,3.750552894811168,0.15600721253984662
6724,PtS2,0,28,7.122496595000007,2.347477922822258,-1.5423804025002106,-0.12970080973185993
6725,NiSe2,1,28,1.2500635350000149,2.7561963832128757,1.659749312773219,3.428585890506577
6726,PtSe2,4,28,-0.5704323399999953,0.7227316646714227,3.831333473219396,-0.2897462895572963
6727,MoSSe,0,49,0.7798254500000472,0.24409433104904532,1.4171721130441828,0.2827985276610856
6728,TiO2,2,49,2.4338578033333307,-5.411054019916582,-3.6821692434832736,-1.2136365620181249
6729,MoSSe,0,49,3.620862920000041,0.6884293964367267,0.3635816982250568,0.7168173403403322
6730,PtS2,0,28,0.0688024799999891,2.137164628408621,0.89696236044394,0.162614937526256
6731,MoSSe,0,49,3.4290385750000016,0.8057263188496888,0.7348032288686097,0.12829219231363753
6732,PtSe2,4,28,10.259003845,-4.277477629128826,-2.3332055083351646,-3.262040344023438
6733,NiSe2,1,28,-0.7570522700000015,0.7314829105385351,3.806231029257,0.3242721631376155
6734,PtS2,0,28,3.0653133499999807,2.1393486551066276,0.1042541555186145,-0.2887996940195525
6735,Re4S8,2,49,3.635774715000034,5.5677791205509095,-1.160926206165195,-0.2240375908748713
6736,Re4S8,2,49,0.9111648300000328,6.368504772711963,1.5420700014920732,-0.8012854554959434
6737,PtS2,0,28,2.4651616150000057,2.5762289629520616,0.6574277347466984,0.11384378533975648
6738,P4,4,65,-0.6148602325000232,43.085061089026716,8.397527114379194,1.978745754388756
6739,MoSSe,0,49,7.525062250000026,0.678636544047011,-2.0161642302093767,0.14459037095130878
6740,PtSe2,4,28,3.06351379750002,0.5937597334600628,2.4065533062037963,-1.8356989244404296
6741,Pd2Se4,0,25,0.1708739050000068,4.828983282271111,1.095469768070265,0.11674385788349742
6742,MoSSe,0,49,-0.8842740749999732,0.5176801577890764,2.1228748058959694,0.3732242480600725
6743,Pd2Se4,0,25,2.555703185000005,5.206560589871821,2.534017382067459,0.8823121964951528
6744,Re4S8,2,49,3.0965093250000315,6.1629798933939295,-0.6415317331675525,0.5251351719176931
6745,NiSe2,1,28,0.0747466400000131,1.38574950747364,2.7541495646305205,2.727241961684557
6746,PtS2,0,28,-0.7681751900000211,2.5774647646231292,1.0379407259904183,0.011768326469544177
6747,NiSe2,1,28,0.0576682200000098,0.7715258489086816,2.9975863188539535,-0.005639166629851922
6748,Pd2Se4,0,25,-0.5555561299999983,4.450063935506386,0.9688451206565332,0.3020057594657372
6749,PtS2,0,28,0.5025871199999825,2.3768293854957245,0.7739042835797294,-0.04568358288552127
6750,TiO2,2,49,-0.1867646249999968,-2.0869835344085725,-1.3323597239583365,-0.8694632179667188
6751,MoSSe,0,49,2.854749462500044,0.14678571473079094,0.38031869978226407,-0.3141505137034537
6752,Pd2Se4,0,25,6.186660302499996,3.037900435109867,-0.34352423034118296,-0.7555772590836556
6753,NiSe2,1,28,-0.9268943224999886,0.9417404090020638,3.9590577835493868,0.7153068934533577
6754,TiO2,2,49,4.028738019999997,-4.569141783453163,-5.5886789939176404,-0.797877866165972
6755,NiSe2,1,28,2.7168371500000057,1.6437111873006125,0.19210968202107193,5.764774419722489
6756,NiSe2,1,28,3.565238149999997,-0.6382649660502087,-0.5661538362894665,0.522548206608076
6757,TiO2,2,49,5.069508322500021,-6.662024108988872,-6.746138263168763,-2.1570175572463186
6758,Re4S8,2,49,3.8907964599999914,4.997334045879729,-1.4330890549096593,0.2988024182246991
6759,Pd2Se4,0,25,2.228542750000009,5.435027971944164,2.1769763381093252,0.31547901539102297
6760,Pd2Se4,0,25,4.774251530000006,3.6330835924263454,-0.37905270797852175,-0.29802678965373364
6761,P4,4,65,1.3958208000000152,42.620286759204085,5.520392275319911,2.6170103316172133
6762,MoSSe,0,49,2.6366555225000066,0.1686141161972996,0.2939064173752781,-0.35226992082052266
6763,Re4S8,2,49,3.020913407500032,5.613386188650685,-0.5669115039660966,0.8219337013409103
6764,TiO2,2,49,-2.2570799199999945,-1.1956295164166315,0.6184612918159937,-0.5372406633435114
6765,P4,4,65,0.442158964999976,40.26055722660973,6.376598767709273,-0.7309216139003258
6766,NiSe2,1,28,3.3707847450000084,-1.8875494652809734,-0.5698761000059083,3.3789752469636958
6767,PtSe2,4,28,3.852844080000015,-0.2759843673993072,2.301938533118474,-1.634823124278478
6768,TiO2,2,49,0.9040400800000395,-3.873925548483011,-2.4075070835044747,0.14868670534185913
6769,MoSSe,0,49,3.9524546900000246,0.5322684011254637,0.2569240293298094,0.04938224567909355
6770,TiO2,2,49,0.9738103300000328,-4.8465008486971355,-2.211758509245028,-1.3384403139020105
6771,PtSe2,4,28,2.8196915150000263,-0.6184265772813169,1.7368134498284649,0.7857958316491436
6772,MoSSe,0,49,5.116076280000041,0.6486931151924225,-0.3146949304364428,-0.11607786945723575
6773,MoSSe,0,49,3.5526521200000456,0.20027478594986503,0.5294868951977083,-0.4844649626870168
6774,MoSSe,0,49,4.415236920000026,-0.07616040098757448,-0.3258126277535247,-0.09132191526980105
6775,NiSe2,1,28,-1.143345174999999,1.0604150074839265,4.180249510021971,0.2512376882751455
6776,PtS2,0,28,2.257889323333336,2.4129975111291473,0.5528360477095511,-0.38985090742452266
6777,MoSSe,0,49,4.2403562450000045,0.17092851960774258,-0.4679384612628219,-0.44641665454590296
6778,TiO2,2,49,-1.8169736399999568,-1.6136881972599715,0.1310503020635554,-0.4615329568831814
6779,NiSe2,1,28,3.008502120000008,-0.20181929491150719,-0.0630422773181234,1.2522605714977946
6780,MoSSe,0,49,7.025941835000002,0.8159519968888329,-1.7016305785913106,-0.15747386828450693
6781,Re4S8,2,49,5.1981977599999984,4.096343122110597,-2.7401721455794257,-0.07304898680663907
6782,Re4S8,2,49,3.5621423250000364,5.008826302929651,-1.1268706645131794,0.5722162400125779
6783,PtS2,0,28,1.4710997037499824,2.337613096593849,0.23160452719433322,0.17091777996126023
6784,TiO2,2,49,5.756275370000052,-6.668307656326143,-7.411840790786592,-1.273531153081107
6785,NiSe2,1,28,2.2821575850000086,1.073796346808463,0.6559994966039953,0.9554009388138747
6786,Pd2Se4,0,25,8.643595205000004,2.342551721879879,-0.6335924329866582,-2.8231542768587277
6787,TiO2,2,49,1.7701155750000035,-3.9664980975830115,-3.2968712258382196,-0.6836300698959386
6788,PtSe2,4,28,0.8506742075000219,0.8802182917879012,3.282807930815815,-0.2547702545835586
6789,PtSe2,4,28,1.801448745000016,0.2730640943173057,2.4941892599387456,-0.1871490105665241
6790,PtS2,0,28,2.2934435750000057,2.7728029345519962,1.1952126279520612,-0.0019456292144832688
6791,Pd2Se4,0,25,0.4684301450000053,5.403478003129775,1.3728039826804554,0.35000496763528927
6792,MoSSe,0,49,0.1508129650000276,0.7161263412591277,1.7483743216948169,-0.014646948739244742
6793,TiO2,2,49,-0.3571414949999902,-1.7722119487815444,-1.2945864198101904,1.8619926375653997
6794,MoSSe,0,49,0.9440079900000466,-0.18271879080672793,0.7538159715757793,0.011921368800205667
6795,Re4S8,2,49,0.1512368750000226,7.725545383351621,2.314899660008726,0.08334499285377783
6796,NiSe2,1,28,-0.2705063149999916,1.5010008936793942,3.243944736885164,0.18873931225849583
6797,Pd2Se4,0,25,1.4786230950000068,5.580038127457879,2.3278813135184664,0.4355902444877049
6798,Pd2Se4,0,25,3.261390845000003,4.556347370128578,0.285033067048337,-0.1762133439573188
6799,PtS2,0,28,2.421328944999999,0.6854240069399018,-0.5127733181307974,0.11384153064188718
6800,PtS2,0,28,2.9465254349999874,2.4132354852067186,0.21309906209575624,-0.2973249160740026
6801,PtSe2,4,28,3.5123483950000054,-1.4726341380776016,0.5363928661643422,-1.3038669242561904
6802,P4,4,65,0.038156170000021,40.9235131160921,6.154948454748209,-0.3822924875710252
6803,Pd2Se4,0,25,-0.2494833949999986,5.164049196620482,2.0766331438021837,0.39315808651814643
6804,PtS2,0,28,1.028239017500001,3.2452406825885003,1.4944736105466705,0.8577416283155306
6805,PtS2,0,28,2.1343000724999834,2.2521981403143476,0.3360974793544682,-0.14680782905109013
6806,PtS2,0,28,2.740409285000002,2.5743876395910625,0.19127814951436184,0.017122278440956595
6807,TiO2,2,49,0.327472022500046,-2.917649876402227,-1.9534415913883925,-0.6845384153986056
6808,NiSe2,1,28,0.3118900975000096,1.622514196196076,2.6500815828232733,-0.35598911051067045
6809,PtSe2,4,28,0.0285124566666803,1.9491066747394679,3.661394140470771,0.6184158537276068
6810,PtSe2,4,28,0.1112019000000108,1.3484524709436945,4.183361234511301,0.046355349069203064
6811,PtS2,0,28,2.2555250299999883,1.9506831195920937,0.47239955534241895,-0.026269035839018073
6812,Pd2Se4,0,25,2.5979425750000047,6.576880232312007,2.7484079359151155,0.5294153052744499
6813,PtSe2,4,28,1.9833145575000248,0.2981274886654415,3.1758851571606197,-0.7701541221413415
6814,MoSSe,0,49,3.207360750000017,0.13418944124347254,0.06367666963702723,-0.06269503192140391
6815,NiSe2,1,28,0.0118239950000063,1.1828349202018167,2.9813887048901306,0.8024556010108376
6816,PtS2,0,28,4.6582033250000014,2.6356443948282866,-0.08418731026509718,-0.21634916596272902
6817,Re4S8,2,49,1.242972630000029,6.749467752639538,1.2177866918485223,0.621213259561942
6818,MoSSe,0,49,6.560518820000051,1.0853914430614724,-0.8882269848509221,-0.06099152456955004
6819,TiO2,2,49,3.5948745600000507,-5.68396490729009,-5.291739244422861,-1.510180770517934
6820,Re4S8,2,49,5.356695432500013,4.047490498387845,-2.9072583705544157,0.6435704836885447
6821,TiO2,2,49,1.6634885900000214,-3.538586103198874,-3.255474769351828,-1.2107555898804943
6822,PtSe2,4,28,-0.1391896499999769,0.7633312239059218,3.512852439662656,-0.5104911234171781
6823,PtSe2,4,28,2.733801165000026,0.20041175804990097,2.5725524835035953,-0.217399635687892
6824,Re4S8,2,49,2.225099617500037,6.388870821139285,0.2338691013466021,0.20486365332312362
6825,Pd2Se4,0,25,4.005041287500003,4.291248792252601,0.1342371243652316,0.7703199325419083
6826,PtSe2,4,28,-0.6411436149999984,0.7091009765392033,3.916631514780272,-0.3969106128289811
6827,Pd2Se4,0,25,3.797066280000009,4.100280137109163,-0.3355282035992522,-0.2931636857515554
6828,MoSSe,0,49,8.750044517500028,-1.3582538095939407,-2.5843801625399037,-0.6422243245272092
6829,Pd2Se4,0,25,0.9087022100000034,7.594424888083493,4.311433796673174,2.2785204297196415
6830,P4,4,65,4.622966747499971,39.052876809222035,1.9419548700079634,-0.11694874467200922
6831,PtS2,0,28,1.1610603599999971,2.981459988231001,1.2672340602423124,-0.33703389458404254
6832,NiSe2,1,28,5.024008572500003,-1.1229944034427928,-2.0507263942570018,0.7260225808609997
6833,PtS2,0,28,0.6942425499999864,2.6987673510467665,1.10195140732881,-0.011985215608710353
6834,P4,4,65,-1.2302842150000055,40.347820124016934,6.983026704178981,0.0210692892340143
6835,MoSSe,0,49,4.195670355000031,0.10765927171912626,-0.31005683405988593,-0.4022885050753078
6836,PtSe2,4,28,4.453066780000015,-1.2808046279639842,0.9416092695503586,-0.5912867723197581
6837,Pd2Se4,0,25,2.220228930000008,5.766590973055819,2.763427158511141,0.34678894312824715
6838,TiO2,2,49,-2.114129794999988,-1.3872996038545855,0.41309795117878045,-0.5768684413383092
6839,TiO2,2,49,1.5078466875000358,-3.7718865218404494,-3.164305780593908,-0.5263621154073438
6840,PtS2,0,28,2.8675585149999865,1.953878684910495,0.07886628714438215,-0.2446271935379909
6841,P4,4,65,2.336559012500024,40.32135864598793,4.336080476673866,-0.5677021691874427
6842,Re4S8,2,49,2.792007825000041,5.7139825212727455,-0.36710610113834674,0.694264033215291
6843,NiSe2,1,28,0.1410802150000014,0.6175205762953682,2.9414857284000635,-0.10851382655192196
6844,PtSe2,4,28,2.0667021625000275,1.0078947193664276,3.120966796799696,-0.05527209766288976
6845,NiSe2,1,28,1.9064344475000008,0.38845579730183855,1.0081283341518141,1.8637242407273347
6846,PtS2,0,28,4.788555179999978,2.616386696729351,0.08584082626629819,-0.3079583197501412
6847,PtSe2,4,28,3.1927946750000142,1.533911352984605,1.8626931166971703,-0.10867607033998006
6848,MoSSe,0,49,-0.6826557150000014,0.4827097883337417,2.1590109497819023,0.390564663262534
6849,MoSSe,0,49,2.218033837500004,0.2895971464884397,0.6609934496653196,-0.26431442024587404
6850,PtSe2,4,28,7.0776995675000025,-2.9153979476523872,-2.007810975733645,-1.5790385262402369
6851,MoSSe,0,49,1.1309573925000145,0.05388515428088958,1.637074602001735,0.18123365675789982
6852,NiSe2,1,28,6.553744430000004,-3.4894182231569455,-3.7051699505790237,-3.093359663739221
6853,Re4S8,2,49,2.618645211666663,5.910482704033614,-0.16462192993346836,-0.732666910300493
6854,PtS2,0,28,3.690504644999979,2.5583449058829966,0.12786919406048636,-0.07453164924192235
6855,P4,4,65,2.8338910700000133,39.63760996251138,4.543759270398139,0.4196372070792509
6856,NiSe2,1,28,3.9858439975000106,1.639289914268585,-1.0048519187188827,2.5878368801855363
6857,PtS2,0,28,3.2089879525000047,2.6391546714013625,0.44685975588419113,-0.13744926574768535
6858,Re4S8,2,49,-1.082142844999956,8.180465872292844,3.5287944626859096,0.12555179516983717
6859,P4,4,65,0.1616336900000057,42.46704685707845,7.700079560478103,1.5360296171899357
6860,PtS2,0,28,6.450305947499982,1.3081725350643083,-1.938036847946556,-1.3602541375532855
6861,MoSSe,0,49,9.036704025000027,1.3999058789713263,-2.9012728942728954,1.6378841784301486
6862,PtSe2,4,28,3.4015076200000096,0.4997485439149889,2.017867402252391,-0.9869248111875502
6863,NiSe2,1,28,6.885094329999999,-2.440409427173054,-3.861289983279622,-1.0059356741975902
6864,NiSe2,1,28,1.0623638150000092,1.2602862996952218,1.8111335121687735,2.1671631816125396
6865,MoSSe,0,49,3.1808688450000293,0.10558456101600244,0.23421686806861475,-0.12811460178510403
6866,NiSe2,1,28,3.504890190000012,-0.7226762636847042,-0.4710366591162227,0.3827760354333378
6867,MoSSe,0,49,5.205002810000032,-0.2317447915063795,-0.6779190951969722,-0.4366709643986324
6868,MoSSe,0,49,0.6989184600000304,-0.3416899424676818,1.219890596282013,-0.0005032600844624424
6869,Pd2Se4,0,25,5.755286507500001,4.5799745195182275,0.03736474842549509,0.18607348929565326
6872,NiSe2,1,28,4.629539865000012,-1.545730409764213,-1.7996709920396037,3.5881099127302942
6873,PtS2,0,28,1.7489210849999877,1.970966092149467,0.42606186012432046,-0.12787795921161682
6874,NiSe2,1,28,2.057001137500009,0.2775962911397212,0.9410744272023432,0.9747472368031733
6875,TiO2,2,49,0.6403640225000151,-3.5782852286564277,-2.3135180587040356,-0.752595237341222
6876,P4,4,65,4.876223687500012,39.94314785384114,2.598295644749947,-0.6632321319681926
6877,MoSSe,0,49,4.338038520000039,0.28312802713944674,0.017589970447959402,-0.2213029026802955
6878,MoSSe,0,49,4.466638860000017,0.353250208603499,-0.4257882206567549,-0.15484680423422859
6879,Pd2Se4,0,25,-0.9381808774999962,5.825751735501705,2.091921680900672,-0.09092534210958214
6880,MoSSe,0,49,0.3585523275000086,0.8167151304620275,1.8867495946623654,0.3579936516819168
6881,TiO2,2,49,4.776408755000044,-7.885479056055952,-5.789961341237634,-4.605725530004113
6882,Re4S8,2,49,-0.1617041725000076,8.039243648258878,2.626225342162483,-0.1974247795263596
6883,MoSSe,0,49,7.346134895000012,-0.14272061379070244,-2.4851992864540726,-0.08234826119060479
6884,TiO2,2,49,6.75834328750001,-7.7387189747813006,-8.300412961038218,-3.9368538739207044
6885,P4,4,65,0.3385710700000015,40.0168550825472,5.604588629440001,-0.5681375646238215
6886,Re4S8,2,49,4.405495829999991,4.398552390316578,-1.9623554822013252,-0.39325311543598485
6887,PtSe2,4,28,0.0484165400000062,0.8336253514159078,3.6826085200178977,-0.2720933804642803
6888,MoSSe,0,49,3.478106907500049,-0.03217356552006834,0.2498537585206626,-0.1872530097695395
6889,NiSe2,1,28,-1.3333770049999971,0.6702339265138725,4.372948528666379,0.20917729669718144
6890,MoSSe,0,49,4.357027847500048,-0.5590821891341631,-0.0498457739069087,0.7423810969477866
6891,PtSe2,4,28,4.7786218325000025,-0.46249485012898983,1.7006254196464008,-0.6850326855680366
6892,MoSSe,0,49,3.988978645000033,0.8778764995006996,0.30521295389217906,0.5268769057659584
6893,Re4S8,2,49,7.686558835000005,2.5224611438411415,-5.214895201017665,-0.3567175391219122
6894,NiSe2,1,28,-0.0788726600000013,0.15911306857950977,3.083660661378379,0.8237692705779025
6895,MoSSe,0,49,3.060578010000029,0.39440188654538133,0.7757960344183061,0.02598017303423239
6896,NiSe2,1,28,2.927138975,-0.03040028684895857,0.14378538654683437,0.5230442576253256
6897,Re4S8,2,49,0.0263081400000109,7.470718462427154,2.422285953322743,0.05119490539997282
6898,P4,4,65,3.127371570000004,38.913655499091796,4.443873385062862,-3.486898442634892
6899,TiO2,2,49,2.879242309999998,-4.3546509435500065,-4.3909629673486315,-0.5033889304325339
6900,Re4S8,2,49,3.5671526700000253,5.196863481428197,-1.1019703656177011,0.1716019203523511
6901,NiSe2,1,28,-0.7291536674999941,1.3005054340862978,3.793894802143549,0.7754245148205507
6902,TiO2,2,49,-1.9773385033332949,-1.038237978485858,0.5551353598955915,-0.03816315478844978
6903,TiO2,2,49,0.0117671100000356,-2.8523074793517407,-1.7004492687880808,-0.07377453721561178
6904,PtS2,0,28,0.5461201549999792,2.739654910422079,0.8034925181236983,0.10271995450726357
6905,PtSe2,4,28,1.8723025425000224,0.6211214757240582,2.8078803118344915,-0.3922888540946676
6906,P4,4,65,2.144453812499989,39.88178049637859,4.384762397547416,-0.8406688857676079
6907,MoSSe,0,49,3.1600730875000203,0.7938148519531047,0.7389623662963665,0.6751292885477498
6908,NiSe2,1,28,3.14113735,-0.2732994441162111,-0.15244649688110368,3.4989856994181316
6909,TiO2,2,49,2.54884491500002,-5.710019450751362,-3.6067265087042437,-3.4026438607448526
6910,MoSSe,0,49,4.534957152500036,0.2883413017846319,0.18377631714514653,0.22107642700842778
6911,PtSe2,4,28,3.2345845000000115,-0.23807916005962237,2.2017236455230598,-0.5949213600209671
6912,PtS2,0,28,2.4086583274999795,3.3916584831079306,1.020685372908956,0.09769234871868893
6913,Re4S8,2,49,4.852002520000033,5.969189585611133,-2.3656373606474124,2.7725991620271477
6914,MoSSe,0,49,3.413195300000037,-0.14276139725955828,-0.322413452364132,-0.09200112809451921
6915,TiO2,2,49,-2.2081374799999733,-0.8962279482888045,0.7348158832185605,0.02245979267290643
6916,MoSSe,0,49,0.1550842750000063,0.4402057898117002,1.5527246169321633,-0.0819031226562563
6917,Pd2Se4,0,25,7.117079910000008,4.675244791944978,0.013875865578808266,0.34459350868081895
6918,TiO2,2,49,1.7540275300000143,-4.192385121629043,-3.508165522858901,-0.9519553228670391
6919,PtSe2,4,28,1.8510502550000163,-0.05734193056764325,1.9360680209602703,-1.2043368789547892
6920,NiSe2,1,28,1.4643342600000075,-0.32667888261200706,1.4430363073217698,2.817087878214104
6921,MoSSe,0,49,8.146065065000027,-1.7097023216223413,-2.6234749046301538,0.5609363032047252
6922,MoSSe,0,49,3.3185713400000374,-0.03332615987003251,-0.19405676022708818,-0.19277096882999345
6923,PtS2,0,28,12.316708839999997,-0.30231789456542657,-2.1674725582871464,-2.316547351149085
6924,Re4S8,2,49,2.8392863700000213,5.567373551010315,-0.3924258181659148,-0.24481372328676443
6925,PtS2,0,28,1.6838374749999891,2.3490937733469757,0.4095105115392159,0.2371730987050482
6926,P4,4,65,2.9460311799999714,40.16811473471357,4.608062578265207,0.9885839551928997
6927,NiSe2,1,28,3.511483105000009,-0.4669489780824878,-0.5198843399446704,0.9854115724800527
6928,P4,4,65,3.2705295550000133,40.32701543299641,3.720708959582303,-0.42230745823894544
6929,PtS2,0,28,0.5979360062499981,2.3083185634394345,0.6956531088928242,-0.02649316376647759
6931,PtS2,0,28,4.423128489999988,2.558368003021659,-0.4512168212225225,-0.4587016546219771
6932,Pd2Se4,0,25,5.426196986250008,2.887446469255363,0.47508818525878116,-0.8899467128633702
6933,TiO2,2,49,2.0801871775000467,-2.675069904169358,-3.626115258376715,0.21073621924627073
6934,PtSe2,4,28,2.3829162950000184,0.2325533991375548,2.255844589602846,-0.1520290806572655
6935,P4,4,65,-1.968847647500021,41.015257254433614,8.006503517619752,-0.5615198063930049
6936,MoSSe,0,49,2.2224599750000023,0.4059963791412331,0.9779161382558166,-0.1323116850016297
6937,PtSe2,4,28,2.487747135000027,1.3677116014196509,3.6530831433965796,-0.13466010713239163
6938,NiSe2,1,28,0.9424015599999996,0.03419384176391638,2.0948724032924404,0.15902448509989464
6939,PtSe2,4,28,2.2585273700000226,-0.19839661489341465,2.1411418798524755,-1.0249830600660423
6940,PtSe2,4,28,1.0361801250000269,0.9861401058018735,3.384076410212172,-0.11076592040255373
6941,TiO2,2,49,1.6389695300000382,-4.225619822078692,-3.2786921951509984,-0.9308974636929703
6942,TiO2,2,49,0.6553754000000275,-3.1062367745371775,-2.2880295105906443,-0.47739823541364235
6943,P4,4,65,1.1716307049999957,40.21488586604492,5.112509643434453,-0.5196165686856036
6944,P4,4,65,1.5112284250000048,40.05613594979654,5.15807376037648,-0.18281350800781726
6945,PtS2,0,28,1.7597352549999803,2.027795008264994,0.038177620811278734,0.17674538636507098
6946,Re4S8,2,49,2.3853782050000047,5.775048888505855,0.039315697333572874,-0.5303814045773363
6947,P4,4,65,2.308225887500001,39.72428995620931,4.194483938333637,0.7932757362894685
6948,MoSSe,0,49,2.9550629825000185,0.032871050575949745,0.2494623292879048,-0.2801476687793154
6949,MoSSe,0,49,4.511283597500007,0.3113010315588305,0.2633413859696381,0.01599482580931877
6950,TiO2,2,49,0.2703620450000148,-3.130655512839574,-1.782959367464004,-0.5409925635953925
6951,NiSe2,1,28,0.5080297900000001,0.7761084524036661,2.4512606349827064,1.3683717933536783
6952,Pd2Se4,0,25,0.2794177850000032,5.463977543521725,1.3595188140956591,0.370431709298296
6953,Re4S8,2,49,5.896442560000029,4.08927807446042,-3.426483698331124,-0.09739397728721944
6954,P4,4,65,0.4098817099999987,40.288599531861976,5.876926979435324,0.031122725221355507
6957,Pd2Se4,0,25,2.0669552075000026,5.638895075804848,2.0694614661602757,0.07851811377888751
6958,Re4S8,2,49,2.1658396549999885,5.835054732563082,0.24581465840536643,0.8887716305275588
6959,MoSSe,0,49,0.706331490000049,0.2716485276619993,1.2966486627658607,0.10747536170486638
6960,P4,4,65,4.721258984999991,40.72014027138835,2.8653096487153213,-0.08559674719684907
6961,PtSe2,4,28,2.7402102500000183,-0.2400544434585754,1.5437785436909808,-1.0778367866872334
6962,PtS2,0,28,-0.5989484350000027,2.2413322091216052,0.8972487012658719,0.1338131785506212
6963,Re4S8,2,49,2.688864902500038,5.5196776034000266,-0.23998669370385484,0.09494690513240833
6965,PtS2,0,28,1.7815452174999975,2.2939745826861597,0.38500577641937506,-0.07001671757883465
6966,Re4S8,2,49,6.809751610000026,3.531013707281062,-4.346996327280095,0.49110625183672507
6967,PtSe2,4,28,4.2204163525000045,-1.0753650718425543,0.8285671419407103,-1.5004702859615118
6968,MoSSe,0,49,3.2122534549999973,0.3849187258115667,0.6247795783709744,0.0046855174731472715
6970,NiSe2,1,28,0.5562327050000073,1.332183823701775,2.3675530609657724,2.107919917222893
6971,TiO2,2,49,2.320874382500003,-3.922678162102054,-3.9883239363075793,-0.6783726309181752
6972,PtSe2,4,28,3.244008272500017,-1.4163198963912118,1.5116880241918773,-2.97154125532625
6973,MoSSe,0,49,5.768405337500053,0.6535060610696899,-0.4322019213114956,0.4245660509988891
6974,Re4S8,2,49,0.2538007766666845,7.731604668432192,2.1990065703130925,-0.33164253539471183
6975,NiSe2,1,28,2.1244195525000067,-1.3536646588791976,0.8694707329919367,1.0660547987471451
6976,PtS2,0,28,-0.7648426675000133,3.020464259703789,1.311902680317396,-0.01886216966327614
6977,Re4S8,2,49,-0.7276191100000051,8.096350449772547,3.184276519667974,0.11055813079264831
6978,Re4S8,2,49,3.3639152950000284,5.34529255768145,-0.9029124683093546,-0.4845323667875445
6979,PtSe2,4,28,0.2179878100000065,1.0902576899287857,3.5884958561020848,-0.3419162774326644
6980,MoSSe,0,49,-0.1619008999999482,-0.0635301448964955,1.659208796614023,-0.05909476459660942
6981,PtS2,0,28,4.371879127500007,0.3909277648950127,-0.6206579475378486,-0.7005946108475816
6982,MoSSe,0,49,1.9057883450000457,0.7132768205196687,1.5664548845480906,0.5143695643932649
6983,TiO2,2,49,0.0396407650000112,-2.8565397467301543,-1.6678395476029573,-0.2298433985398468
6984,P4,4,65,1.1150893450000074,40.83082396981933,5.38977554637013,-0.6287313779411898
6985,PtSe2,4,28,2.69713268500002,0.9235847610092978,2.8740549701310023,-0.23398997208904992
6986,NiSe2,1,28,-0.5083636650000011,0.8394780366176362,3.409902752295533,1.2861470588598642
6987,MoSSe,0,49,3.5259612900000388,0.24872043709143243,0.011368701658490021,0.3584953445214456
6988,MoSSe,0,49,0.7250778800000169,0.62686489763365,1.376901494885542,-0.051618668014746794
6989,Pd2Se4,0,25,0.979345497500004,4.059066199251908,0.33655021884927994,0.19199270306914884
6990,MoSSe,0,49,6.757060080000025,0.25503759659502645,-2.170173833000921,-0.04634939554161033
6991,NiSe2,1,28,1.8025811100000064,0.269829513232517,1.2389602279669125,0.4362117862707455
6992,PtSe2,4,28,1.6051402637500276,0.9338875463467131,3.300697113162407,-0.22622821223126954
6993,MoSSe,0,49,0.7949340062500059,0.4581513288457175,1.3616831583618105,0.22011521288146385
6994,MoSSe,0,49,2.345040635000003,0.2979761007126842,0.6069660229182916,-0.016534165273440316
6995,MoSSe,0,49,5.178890960000052,0.17649370771438466,-0.5168794160903429,0.502740128256784
6996,MoSSe,0,49,5.602668440000038,0.4090854370039496,-0.6859044985530973,-0.010204628761431245
6997,P4,4,65,0.8384666537499728,40.298926661883165,5.20618119882978,-0.2280668512241345
6999,Re4S8,2,49,5.665811580000002,4.016926565192462,-3.2101048246797714,-0.1306702708976264
7000,Re4S8,2,49,0.8183462462500333,6.986675834489306,1.6373400845452548,0.15038662734870123
7001,MoSSe,0,49,6.499694820000008,0.7266794882682213,-0.5901013967924076,1.7865651490755132
7002,NiSe2,1,28,1.5412802474999978,1.2709887248968528,1.409428857037966,2.144749345649823
7003,Pd2Se4,0,25,5.464443669999998,4.342473838443199,0.013193620954591978,-0.1490487916125467
7004,NiSe2,1,28,1.2217169850000036,0.19849440962788534,1.739721591380408,0.8471888453832972
7005,PtSe2,4,28,6.110727157500022,-1.2644635898934133,0.1695340411795847,-0.5148503048287161
7006,MoSSe,0,49,0.1302937925000185,-0.22289628387880267,1.1289740145068174,0.19136092462746362
7007,NiSe2,1,28,4.260615300000007,-0.485450377921556,-1.3778468279642806,1.7164334149556408
7008,MoSSe,0,49,2.6112884000000216,0.04804125278623328,-0.041064512238587536,-0.13215956241457238
7009,PtSe2,4,28,1.7102706950000182,0.2342733819195375,2.8653326311616842,-0.8544110577395811
7010,Re4S8,2,49,1.1346419950000062,6.486790547800897,1.3164190153607116,-0.3893896241656556
7012,NiSe2,1,28,0.9670394050000004,0.4445366673749793,1.9753622425677486,1.4340155336342364
7013,PtS2,0,28,5.260036317499994,3.1501838286792054,0.8786410411273256,-0.19566584427408262
7014,MoSSe,0,49,1.075765305000029,0.4923790561780512,1.3905163077141027,0.033439185979483366
7015,Re4S8,2,49,3.6561453200000127,5.265591874061267,-1.2120818949359258,0.34596532020791404
7016,Pd2Se4,0,25,6.743076550000002,5.05162725147298,0.8712666163513161,0.16032689111124476
7017,PtSe2,4,28,5.27503679500002,0.19835267160357706,1.7864527075888885,-0.10368631587404309
7018,NiSe2,1,28,1.4346758100000028,0.22955783480336223,1.5168396261724826,0.612043741086423
7019,PtSe2,4,28,2.1197334000000163,0.536951713906844,2.6420089534393147,-0.2913919159301921
7020,MoSSe,0,49,0.8604482950000178,0.8181768515479355,1.1269623695583928,0.12386304723936203
7021,Re4S8,2,49,2.061218665000028,6.23579191569862,0.39795414015032193,-0.48344580924136116
7022,PtSe2,4,28,3.4432115775000183,-0.26858546551576534,2.428705829217918,-0.9176946701259543
7023,P4,4,65,5.570730765000022,40.138997475966775,1.913222790424986,-0.7106867624670627
7024,MoSSe,0,49,-4.977687244999954,7.299243654199987,7.796623910852819,6.792610293019363
7025,P4,4,65,1.7779316825000118,40.91783349490884,4.77377522763335,-0.5802651169228226
7026,PtS2,0,28,0.0879882800000038,2.4895732176882897,1.1501488062324994,-0.08642520779541396
7027,MoSSe,0,49,1.0608801700000392,0.4101084612484349,1.1303227089519872,-0.032159512969297754
7028,P4,4,65,0.9987899349999942,40.57846404245768,5.575176886034755,-0.8692159142963606
7029,Pd2Se4,0,25,2.966584325000001,3.6421500442779533,-0.46673603868916924,-0.07213071998392806
7030,NiSe2,1,28,1.5435554174999986,0.7875322512367773,1.3552020402331557,1.5235883406380224
7031,TiO2,2,49,-0.7113703049999778,-2.45386843306002,-0.9777473650592263,-0.5152500512418843
7032,PtS2,0,28,4.788027127499984,2.3283060392582353,0.35440619794964157,0.05014514931479397
7033,PtSe2,4,28,3.0534882450000147,1.0962102508648535,2.8754828866426445,-0.2534142239784898
7034,NiSe2,1,28,1.6126819150000091,2.2535724941542474,1.322532207136425,4.496415724719636
7035,Re4S8,2,49,-0.7403653349999786,8.89584842190387,3.1707432952050567,1.3430127587441802
7036,PtSe2,4,28,1.98182004250002,0.6932981256950688,3.061817948451518,-0.18982360320202618
7037,TiO2,2,49,2.04872925500004,-4.530183786351765,-3.694124533930704,-0.7394107125195712
7038,Re4S8,2,49,1.5789688575000316,6.9233606509635095,0.8857254040508717,-0.006748492293630948
7039,PtSe2,4,28,3.264074455000017,0.8262869017352124,2.4485314982165356,-0.18868125507936284
7040,Re4S8,2,49,0.9767588475000204,6.830717196201151,1.4739576480138956,-0.1445841887246908
7041,TiO2,2,49,1.2457609662500349,-3.8609461872863102,-2.9247322568384138,-0.8921867300160058
7042,MoSSe,0,49,2.831192465000015,-0.6066097134080146,0.8294170981917168,-0.2743739002671455
7044,TiO2,2,49,1.9602231000000432,-3.6602722619110537,-3.5809302145376,-1.5621124321355615
7045,PtSe2,4,28,1.9791841400000043,0.5880496608880572,2.6285346456038363,-0.39256754441386343
7046,PtSe2,4,28,-0.2706976499999736,0.8512655662343079,3.307516869589207,-0.33721147310285027
7047,P4,4,65,3.5799020350000066,40.28045016328287,3.6307396272797585,-0.6592850903690657
7048,PtSe2,4,28,2.6523868750000283,-0.03545567497256252,1.4835528820291874,-1.5288628449503865
7049,NiSe2,1,28,-0.4606630199999886,1.2226042145342904,3.501194019501535,0.8044540279955941
7050,PtS2,0,28,2.8936092199999863,1.7589752532920468,0.1940016605338677,-0.2884074988085801
7051,PtS2,0,28,2.76645420999998,3.027665942791361,1.4929510055812778,-0.40400639187965925
7052,MoSSe,0,49,2.1488192300000204,0.3341411530973102,0.7594284792742716,0.015343167384623158
7053,Re4S8,2,49,1.0229114250000098,6.990971212023916,1.4140011910939438,-0.07089765426077232
7054,PtSe2,4,28,2.616322245,1.0692635717012533,3.358722641271159,-0.17308525820393905
7055,P4,4,65,2.001336225000025,40.54283288307289,4.55539579378863,-1.2120012523005417
7056,MoSSe,0,49,0.7719944875000075,0.3548317590794805,1.4961362917663499,0.25153857861378226
7057,PtS2,0,28,0.8173594374999895,2.3414441844279077,0.19724401836141991,0.08652155602519762
7058,NiSe2,1,28,-0.4389434124999971,0.4714014794403047,3.415632989602658,0.7596063083384167
7059,NiSe2,1,28,1.264902707500001,0.38333467983927316,1.7380305562786855,0.6436529988420603
7060,PtS2,0,28,1.9825997025000024,2.267193906483355,0.30822423396239995,0.0038529962075781743
7061,Re4S8,2,49,0.8371991700000434,6.8183289780152965,1.61183027564815,-0.07029882928399933
7062,PtSe2,4,28,2.893868245000024,-0.24550143610872777,2.1796571837719485,-0.5572870148364499
7063,PtS2,0,28,1.8801705974999847,1.6911633671657462,-0.05128750589130138,0.32689554108542396
7064,MoSSe,0,49,4.722506887500028,-0.6384671199168173,-0.6890672512695595,0.1102613938008341
7065,PtS2,0,28,3.0015636124999934,1.4312126001922674,-0.7876594303838029,-0.5005122660390153
7066,PtSe2,4,28,9.990012315000008,-4.342892792905282,-3.5536434522121256,-2.3326109122086676
7067,MoSSe,0,49,7.322654910000031,-0.43417949190921057,-1.8382793536900133,-0.32434418510582486
7068,Pd2Se4,0,25,1.073995592500003,5.615744747414955,1.8445827143338998,0.6517244157143116
7069,MoSSe,0,49,4.857571040000035,-0.19543861787072192,0.17274825334001154,0.6545320407494764
7070,Pd2Se4,0,25,2.258354229999996,4.605771975444339,0.2767818338936401,-0.23562443581562942
7071,NiSe2,1,28,3.670842145000001,-0.9425940256457528,-0.8906418225309252,4.48058575976481
7072,PtS2,0,28,4.300412385000001,2.377620490061034,-0.07394914660176699,-0.23119684888244763
7073,TiO2,2,49,3.2076082199999973,-5.443395770608314,-4.744157867649126,-0.2158809473305232
7074,MoSSe,0,49,0.6123084500000244,0.47159303480730785,1.3782573268249267,-0.11036438490603029
7075,TiO2,2,49,4.3151805050000265,-5.767068589411648,-5.899717852157822,-0.9941633986259215
7077,PtS2,0,28,0.7471767750000058,2.716409078576654,1.0823319666966698,-0.03323718772481865
7078,MoSSe,0,49,2.0812117150000007,0.8578506419488519,1.5734229991265862,0.19861977392720487
7079,TiO2,2,49,2.3337057700000483,-4.284339057429857,-3.9278809497994462,-1.3366175761066157
7080,PtSe2,4,28,0.6577207800000074,1.3034038388481575,4.071174010013624,0.16908250687031323
7081,Pd2Se4,0,25,7.720547654999996,1.8314495297534217,-0.7755472449200402,-6.501617370817765
7082,PtSe2,4,28,2.7573450100000065,-0.2982388825789455,1.3871878294571878,-2.1035728545561794
7083,P4,4,65,0.6676733599999828,40.60543798338381,5.62041722666231,-0.26304647395007635
7084,TiO2,2,49,-0.5369508849999987,-2.6838009171265678,-1.1030483457027194,-0.8749631457108575
7085,NiSe2,1,28,0.8869203149999989,0.2740989307834891,2.1426973124617525,0.695595560498455
7086,TiO2,2,49,-0.2185562099999476,-2.291060562333833,-1.132522061865897,-0.7156017178310664
7087,TiO2,2,49,1.928316345000012,-4.227549940530204,-3.673240651869519,-1.0933521888491942
7088,MoSSe,0,49,2.6242401250000382,-0.20235511141971596,0.25247958821102134,-0.4482637691294733
7089,TiO2,2,49,1.6095417350000425,-3.557889382984865,-3.19156829610132,-1.4490176846053484
7090,PtS2,0,28,-0.8350407450000089,2.2304001419345183,0.92151667362448,-0.04012932691975024
7091,Re4S8,2,49,5.360139157500012,3.9383963484305697,-2.901184266930961,-0.3036144039294557
7092,PtS2,0,28,1.6246525349999956,2.0609393216385947,0.10801979871735057,-0.36175869929646365
7093,Pd2Se4,0,25,1.398164967499996,4.513489504851078,1.2505822382342568,0.28336280603922925
7094,PtS2,0,28,2.6892782150000047,2.5765979192366486,0.5289451183587599,-0.1855263807664027
7095,MoSSe,0,49,3.6373832300000126,0.4834363386340206,0.49663097911151866,0.7763325299131143
7096,PtS2,0,28,2.5399386849999903,2.187752170662038,0.2633987300594174,-0.031093276242462498
7097,PtS2,0,28,-0.48397764000002,2.7820862972011513,1.1624310854345903,0.11857565673891163
7098,Re4S8,2,49,6.701307780000031,3.0777201588427427,-4.246284252854645,0.0336762999967144
7099,PtS2,0,28,12.109615519999982,-2.527318194865705,-4.961794411499819,-1.813567673523746
7100,Re4S8,2,49,1.7749890250000422,6.84186580160925,0.6492945589589016,1.6353899874256985
7101,MoSSe,0,49,6.818948070000018,0.5256173215405093,-0.2463291086657895,-0.034282644381528726
7102,P4,4,65,1.91069822749998,39.615758605385764,4.591374822045308,-0.7612740719467981
7103,TiO2,2,49,0.2414944950000466,-2.113053240702154,-1.8964014831439675,-0.16033561858097922
7104,PtSe2,4,28,0.5308046700000153,2.8882755079428963,4.90008366491006,0.08331787969277438
7105,Pd2Se4,0,25,1.1627317900000005,5.127946393237711,1.658828036532999,0.4034838443460078
7106,MoSSe,0,49,3.1381743450000084,0.8178709647025468,0.7870876293347084,0.11138696481444477
7107,PtSe2,4,28,6.436679220000008,-2.766376670002043,0.10844038347492635,-2.502182499368091
7108,MoSSe,0,49,-0.3617714899999942,0.5248857993109073,1.8669413982056624,0.3903291879319197
7109,NiSe2,1,28,0.4663122650000098,0.3777989391473291,2.5826852961368716,0.5781114741153874
7110,MoSSe,0,49,2.658722755000034,0.28994953961666514,0.9529099894711979,-0.009994304860670322
7111,PtSe2,4,28,1.78062524500002,0.7052626798300987,2.5578375051169644,-0.5464196811369015
7112,MoSSe,0,49,1.430110165000042,0.376339089353799,1.1039805128970932,0.12654667246333684
7114,NiSe2,1,28,4.03250338,-1.0309624012504064,-1.0342668032838946,1.6466204984790043
7115,P4,4,65,0.470482505000013,41.940663658940416,6.84419008430205,2.3571026358640412
7116,MoSSe,0,49,7.560774065000008,0.2830795676090414,-0.4449174175085533,0.3951719036279213
7118,Re4S8,2,49,2.592499865000028,5.738670534983696,-0.13425299813804914,-0.3425144880062132
7119,P4,4,65,0.1111356049999861,40.56560504136232,5.992737608132236,-0.21032901905231358
7120,Re4S8,2,49,3.1192523350000254,5.630132704011611,-0.6652852405786387,0.3105344266017407
7121,Re4S8,2,49,5.684379377500035,3.7690280690433404,-3.2459280873694194,-0.0009434605993998701
7122,NiSe2,1,28,4.090717487500003,-0.07605220175374594,-1.2040176520406116,5.237550881538898
7123,MoSSe,0,49,3.2577069050000382,2.4318320506884383,2.539944068002078,2.393283104307823
7124,PtS2,0,28,3.3240730700000025,3.4654478294547504,1.8499236169354223,0.6234532259798153
7125,MoSSe,0,49,6.060923740000017,0.873304521311832,-1.1078829017584395,-0.0483272917374844
7126,NiSe2,1,28,0.16985924,2.295285473719686,2.7518940870517983,1.5890944902652995
7127,MoSSe,0,49,5.2821641375000015,0.437694985729979,0.4208661308512358,0.688647070589191
7128,P4,4,65,1.6764742250000246,41.01497907293292,4.915113994006831,-0.2968793426707197
7129,P4,4,65,1.9119778625000183,40.39733686528319,4.718654538012677,-0.10800069092002151
7130,MoSSe,0,49,4.5282370025000205,42.3625265981673,19.10081492125181,5.396403335126118
7131,NiSe2,1,28,1.3897171200000074,2.395177664291578,1.5252785503185962,3.6238123396354096
7132,PtSe2,4,28,3.3208014925000184,1.2526047269824034,3.1061660488767315,-0.08807324962587293
7133,PtSe2,4,28,3.9765885550000095,0.9521223824999905,2.7385112565539456,-0.11446776769735667
7134,MoSSe,0,49,3.783313585000032,-0.7495204534896156,-0.12057701019127576,-0.6476805137364008
7135,Re4S8,2,49,0.8434962399999986,7.659759922007652,1.62089149473104,0.07862194695068503
7136,TiO2,2,49,1.058355210000026,-3.7799891211328385,-2.6876991965112564,-0.6969633477665462
7137,NiSe2,1,28,4.549414750000004,0.14626475566609276,-1.5243335923156778,1.3991157650349892
7138,TiO2,2,49,0.99075605,-3.873843128730265,-2.4622833085550946,-1.123995239783732
7139,Re4S8,2,49,2.574042502499992,6.84136722141765,-0.12926294749714362,2.2079141701684653
7140,Re4S8,2,49,3.1560362574999914,5.696244041368823,-0.7066280442024655,0.8853725197369471
7141,NiSe2,1,28,-0.2429682337500023,1.0932395381984479,3.2879094206549095,0.9942000630753604
7142,PtSe2,4,28,4.93155602000002,0.30501243092771446,1.2503708662406217,-0.2979662754321488
7143,MoSSe,0,49,5.630344185000039,0.20157357775630835,-1.0203934836043684,0.014653411740683353
7144,PtS2,0,28,3.2460844949999887,2.4143721624096792,-0.0027610099434296487,-0.6210642294207651
7145,Pd2Se4,0,25,0.11299671,5.793914464456279,1.606219000957845,0.37905278537913006
7146,Re4S8,2,49,5.0379569325,4.46525122790039,-2.601378102416789,-1.166125833307699
7147,MoSSe,0,49,2.5243106900000365,0.4649073860701134,1.0116777997867472,-0.16359673125980212
7148,TiO2,2,49,-0.1976430649999958,-2.106731311932784,-1.3287744288201946,-0.8596656883315064
7149,MoSSe,0,49,6.218812345000018,0.16498243954588077,-1.2707408652026544,-0.06623764686972766
7150,MoSSe,0,49,2.0517600925000385,-0.6112662306658303,1.031569982446047,0.10914236791611964
7151,Pd2Se4,0,25,7.286596704999999,3.7022904460823582,-2.1913635030194083,-0.04145122516194544
7152,MoSSe,0,49,2.2477105550000296,0.8270978836189484,1.2006134100726022,0.02471573233314084
7153,PtS2,0,28,4.848264592499996,2.3219694518929073,-0.4279446379457559,-0.4537828540915898
7154,MoSSe,0,49,2.389951872500021,0.35904462370054047,0.7600899461187534,-0.0913670933964239
7155,MoSSe,0,49,3.57601061250002,2.2165161094543255,2.450385582593771,3.686338675168844
7156,Re4S8,2,49,2.6608835599999887,5.951721693855398,-0.19757935823810735,-0.4301542184930307
7157,MoSSe,0,49,1.122363425000028,-0.025405820909655263,1.1438977155054446,-0.04466535320233933
7158,Re4S8,2,49,2.5708138550000195,5.923436601492086,-0.10897203332948724,-0.11600323564577142
7159,NiSe2,1,28,5.408037315000007,-1.0328829787064686,-2.440254738121141,1.2863151528548107
7160,PtSe2,4,28,-0.5631824399999903,0.7258860335719711,3.823523686922801,-0.21628800372559565
7161,TiO2,2,49,2.2958495533333463,-3.9409785981840137,-3.775737515674655,-0.8998642678922655
7162,MoSSe,0,49,4.976229960000048,-0.29922307955774663,-0.19022279409123488,-0.451384041980436
7163,MoSSe,0,49,10.55404663000003,-3.6174524616548966,-4.980811992421702,2.42244148340329
7165,MoSSe,0,49,4.7911245900000425,0.1366625549787983,-0.45560233569197806,0.29509948913203754
7166,PtS2,0,28,-0.1736125799999957,2.223598862984411,0.9741705112642373,0.2913660857067828
7167,MoSSe,0,49,3.946380135000036,-1.204342600286291,-0.792649027288244,-1.1122144029341996
7168,MoSSe,0,49,4.251050225000004,0.24890240917561446,-0.4119270554189085,-0.25070356438599006
7169,TiO2,2,49,0.2165894137500261,-2.824348968930894,-1.8984744177936053,-0.7248239941078956
7170,PtSe2,4,28,3.580564980000004,0.26236597270792217,2.3988462246559608,-0.06090816288167744
7171,Re4S8,2,49,-0.2888547774999859,7.483996569797349,2.7598716613500835,0.11912625996763726
7172,PtS2,0,28,-0.6990585599999963,2.591905144320065,0.9043127968570926,0.01952483998351684
7173,MoSSe,0,49,2.9025152850000286,0.6553181481512165,0.651713179762341,0.10137586515662811
7174,TiO2,2,49,1.622658445000022,-3.665812207817405,-3.1415593162768776,-0.8739050562772844
7175,PtS2,0,28,2.399543635000004,2.468239037246293,0.16363196378030986,0.08281466171223562
7176,Re4S8,2,49,1.4176154300000174,6.851841274457584,1.0403727527036364,0.29157406445086953
7177,P4,4,65,1.7082608550000191,40.62872187205076,5.014005064049561,-0.36630555085420613
7178,PtSe2,4,28,4.669145740000012,0.03914420115192474,1.073456608327625,-0.67604318949342
7180,TiO2,2,49,2.735115057499998,-4.784740374755653,-4.466658916346026,-3.3324787679034404
7181,P4,4,65,0.5339834262500207,40.402485333922506,5.541926545940836,-1.0126483012805383
7182,MoSSe,0,49,-0.5116994050000017,1.7858238286628232,2.664671984002382,0.8015593356742368
7183,Pd2Se4,0,25,-0.4434518750000049,7.607045167236333,3.059232625910446,2.164037102012639
7184,PtSe2,4,28,0.3510658962500233,1.3237619973250092,4.044409888687517,-0.20583758979759006
7185,Pd2Se4,0,25,6.471876670000008,4.484354924085685,-0.30825699277425933,0.30204243552977683
7186,NiSe2,1,28,5.070051670000002,-0.8335429826627623,-2.0046119689196793,0.48901748664672695
7187,PtSe2,4,28,1.7304859050000223,0.702839743307778,3.3311506223793312,-0.10838992276633896
7188,TiO2,2,49,2.3498467150000444,-4.801591788000634,-4.000812961922855,-0.7406253757742753
7189,PtS2,0,28,1.5438210150000031,1.9181702951196258,0.4042857904834971,-0.3053563019033845
7190,PtS2,0,28,2.978520269999988,2.7347044589021925,0.7351771634716915,-0.7745018361112348
7191,Pd2Se4,0,25,2.985337319999996,3.891302840878503,-0.5797130495608482,-0.40621946556375743
7192,TiO2,2,49,2.080808225000026,-5.101889513655625,-3.509347103758774,-0.9719809519490819
7193,MoSSe,0,49,1.1321006975000338,-0.19494374209893117,0.9193781652624173,-0.06955444429568813
7194,Re4S8,2,49,1.1198355637499988,6.763727557409872,1.3190922456473806,0.0029472626736462004
7195,NiSe2,1,28,4.942145310000006,-0.1492205879642805,-1.9580554586206116,1.6752184608028093
7196,P4,4,65,1.8924565900000017,41.673499525722654,5.463974695540261,2.38577296449422
7197,Re4S8,2,49,1.3778225033333684,7.344718987857224,1.0817520371227678,0.08582835904252684
7198,TiO2,2,49,2.266827575000016,-3.9845034993011637,-3.8857105489888673,-1.2650075273035848
7199,Pd2Se4,0,25,3.697072005000008,3.0765617134905927,-1.2189546979728267,-1.0648007946474283
7200,MoSSe,0,49,2.1580469200000088,0.6919615677014073,0.9997210910931309,-0.029459078012398887
7201,TiO2,2,49,1.7469962800000056,-4.255747553155218,-3.248954650208746,-1.3118549550030574
7202,P4,4,65,7.164654604999987,39.999908256124684,0.7373308018756237,-0.5231445952343616
7203,MoSSe,0,49,0.9806815049999986,0.7576463955686457,1.5120843984729018,-0.10911675909698348
7204,PtS2,0,28,4.444139864999982,3.0311408967187683,0.6958841612349627,0.11734002137290211
7205,NiSe2,1,28,1.6417722499999992,0.25845481985473717,1.302310169077556,1.2781202995147714
7206,Re4S8,2,49,1.0635757500000047,6.94697697420247,1.3952351357472692,0.0895476287536574
7207,TiO2,2,49,5.115831715000027,-6.547622146340562,-6.745881182086819,-1.8181404492580433
7208,PtS2,0,28,3.143246320000003,2.266806694755246,0.23077099808980028,-0.17310061763794238
7209,TiO2,2,49,2.9269593325000054,-4.704980270737513,-4.5930595960955864,-1.0302427378039605
7210,Pd2Se4,0,25,-0.063136937499991,6.805760266662588,3.6422121150105706,2.035900356651297
7211,TiO2,2,49,0.9388201150000022,-3.256040326029055,-2.567362299829714,-1.2824914368688987
7212,MoSSe,0,49,2.1590207775000483,-0.036531444347277287,0.34483039780817926,0.31016656164688383
7213,PtS2,0,28,1.7195412524999931,2.388603030794685,0.41419968918345806,0.14508813535553666
7214,NiSe2,1,28,1.5146978250000087,-0.007686689580798989,1.4445441215382808,0.6453077444579991
7215,PtSe2,4,28,-0.6499442649999794,0.7982902520020342,4.088238755178406,-0.40085884003643835
7216,PtS2,0,28,2.851777409999978,2.1475809261308,0.06341336618919025,-0.0907314772302028
7217,P4,4,65,3.6475920449999872,40.04651183174968,3.4648934829922613,-0.07158555302102387
7218,MoSSe,0,49,3.958035135000016,0.7533343794653162,0.6801134112188563,-0.2086462018182531
7219,NiSe2,1,28,3.1266994500000003,-1.4941194478510542,-0.23046366610514335,3.0411802903971354
7221,PtS2,0,28,3.4944537124999893,2.4502257066996367,0.7458018817535508,-0.32251036584064696
7222,Pd2Se4,0,25,1.9063243325000048,4.661779855147497,1.0713050111686149,0.24036710903594494
7223,MoSSe,0,49,1.61343388750001,0.2561640640711367,1.2248440087453107,0.2565865020568747
7224,TiO2,2,49,-2.032365414999955,-1.261062449710535,0.5048648650477656,-0.09570621102747046
7225,MoSSe,0,49,5.362272363750006,3.8174323023876893,1.7741127591849715,2.0439941666048114
7226,Pd2Se4,0,25,3.3303262949999954,4.994788432020268,0.9024978716158083,0.13204203436605289
7227,MoSSe,0,49,8.436075385000038,-0.010327831492551454,-1.4997207478540417,4.520945692473921
7228,Pd2Se4,0,25,1.880358039999999,6.700776756142579,3.8785306814660654,1.4057810508559174
7229,PtS2,0,28,2.4145025049999904,3.719713485702321,0.5964724585060726,-0.515983147954499
7230,TiO2,2,49,2.4806217050000416,-3.721289683922568,-4.12626533661727,-0.661266535067994
7231,P4,4,65,1.4757001050000147,41.011211668681625,5.496685539912705,1.3069351069445654
7232,PtS2,0,28,5.472300929999983,3.1949589220914874,-0.5805744361645342,-0.3623117637402178
7233,TiO2,2,49,-0.1357825725000037,-2.1237157852728235,-1.4656240017492639,-0.6914903194982873
7234,P4,4,65,7.096142999999992,40.1452669375407,0.8823543462422769,-0.3217848863932211
7235,TiO2,2,49,1.9722878250000035,-5.6775713476059,-3.1970780007558224,-1.5915844949600255
7236,Pd2Se4,0,25,4.351366304999997,2.921595311516116,-0.7344757156038386,-1.20229119424662
7237,Pd2Se4,0,25,6.7645186100000085,2.2540348059342357,-0.9159778270715417,-1.6290491733545007
7238,PtS2,0,28,2.9452235850000066,2.7139847127294856,1.0330762711859065,0.0282847730017024
7239,PtSe2,4,28,6.655971140000028,0.21869555082638836,1.3140911953322068,0.3189656631819382
7240,TiO2,2,49,-2.5357882249999992,-0.9625657331298836,0.8325448104390454,-0.156973514095053
7241,MoSSe,0,49,3.8689308750000215,0.05119619892372507,0.2357943269246201,0.38128099964394035
7242,Re4S8,2,49,-0.9032148149999782,7.80746607257851,3.3523372438940213,0.22683267070778257
7244,TiO2,2,49,-0.1699628562499553,-2.5479040413330525,-1.3713189233571816,-0.3796824881663451
7245,Pd2Se4,0,25,0.2216645400000072,4.450614182127271,0.6338619072961353,0.4089292367028736
7246,PtS2,0,28,6.3273566249999975,2.647258472045901,-0.964146900573728,-1.0649153077596
7247,PtSe2,4,28,3.5640425700000105,-0.5063892620852766,1.3081132552970276,-1.950738908653575
7248,PtSe2,4,28,-0.2843438399999899,0.7087681703934632,3.5840193841029766,-0.32714243599081416
7249,MoSSe,0,49,3.646004880000026,0.8593548491310363,0.4789024546455627,1.0988142842760968
7251,MoSSe,0,49,0.1233363700000187,0.378420457036521,2.1881725637030858,0.3483372775626441
7252,MoSSe,0,49,2.9768383250000263,0.21565201427914849,0.7578742757079815,0.12112898177284137
7253,PtS2,0,28,3.256487800000003,2.7783116963328016,-0.43278482885945957,-2.090531660435489
7254,PtS2,0,28,4.025292919999982,2.5378403197461115,0.24595319536663585,-0.104579256898786
7255,NiSe2,1,28,-1.045646689999997,0.9345170087306692,4.096694174079993,0.26869370805114445
7256,PtS2,0,28,3.1214434350000024,1.1428842500382466,-0.37539204403422266,-0.34517550910176853
7257,Re4S8,2,49,2.8692422550000263,5.689666843307265,-0.39530776352460295,0.17723395018999666
7258,PtS2,0,28,1.366464514999996,2.7993916874434444,0.8199091161594683,-0.2507915690237388
7259,MoSSe,0,49,-0.7500035349999846,0.36237672810504645,2.1250594838932138,0.33234838490436286
7260,Re4S8,2,49,2.2546140949999973,6.173403521271975,0.18469041575236256,1.463263293000491
7261,PtS2,0,28,7.587816809999992,0.08425115010336093,-1.902522181856681,-0.9746299737573159
7262,NiSe2,1,28,0.0688793200000068,0.7518733801698745,2.9891207677380303,-0.05272685863017444
7263,NiSe2,1,28,-0.0987436399999968,1.5228662119451872,2.9846103614711477,2.2202125018977834
7264,PtS2,0,28,0.4863469899999826,2.502336710561541,0.7349432804874849,-0.212699999541812
7265,MoSSe,0,49,2.0403998075000245,0.16241143364987787,0.4999629082211059,-0.10526674768048516
7266,MoSSe,0,49,-0.2730624650000011,-0.04440625766133516,1.7895003531454479,-0.10761730133707575
7267,Pd2Se4,0,25,3.2906273200000085,3.231855393063549,-0.14210534035014666,-0.9771054579699792
7268,Re4S8,2,49,2.580640732500021,5.824922304100728,-0.12203345621929973,-0.10976459508445302
7269,TiO2,2,49,2.737668345000001,-4.117942561334026,-4.321614811445924,-0.5440180993334969
7270,MoSSe,0,49,2.3679375425000075,0.366250457861117,0.6733499591530281,-0.11389181763123313
7271,NiSe2,1,28,0.4186459674999996,0.40350831602355997,2.6359800999794523,0.4620448455645756
7272,TiO2,2,49,5.022190350000021,-6.466271576984681,-6.600008584761577,-3.7713751174052135
7273,MoSSe,0,49,1.7308626950000452,0.48514135875158226,1.2383531749035193,0.771627984422969
7274,NiSe2,1,28,1.8673124600000104,0.5914408873968402,1.0634609571549374,1.377739559755035
7275,Re4S8,2,49,4.065721165000029,5.528892863930635,-1.5886147527482382,2.667449980121228
7276,PtSe2,4,28,2.366065042500006,-0.4806293420834411,1.818031929647618,-1.8501889479997824
7277,Re4S8,2,49,3.0812281800000387,5.234794533979047,-0.6229884656954328,0.3871338334989032
7278,TiO2,2,49,6.255485052500014,-6.901683325205092,-7.957343811426406,-1.2381062454321432
7279,PtSe2,4,28,1.7447015550000096,-0.3754051631949966,2.204121420158682,-1.7294515079520767
7280,Pd2Se4,0,25,-0.0594453599999915,7.073677280242301,3.6955447780043453,1.8594867176761798
7281,MoSSe,0,49,0.0203035600000438,0.7133300774282398,1.855351932146766,0.11618225504817398
7282,Re4S8,2,49,3.329719415000026,5.511225193052546,-0.8770501123775492,1.2915696792891174
7283,MoSSe,0,49,3.4938685475000426,0.3443809769343651,0.26055920340531236,-0.06768953583724135
7284,MoSSe,0,49,2.061115112500033,0.49659768085018685,1.0486512118611326,0.054175449811775245
7285,Re4S8,2,49,2.232606742500024,6.061720516563696,0.22618173190081414,-0.24693077178672662
7286,MoSSe,0,49,7.183443005000043,-1.3656283369804303,-2.73691576233952,-1.6554440807446715
7287,NiSe2,1,28,1.127225254999998,0.0746981153613302,1.8022800137327086,1.5364980548348004
7288,MoSSe,0,49,3.3883956800000306,0.305530336489634,0.5214336186551614,-0.052727116157257115
7289,PtSe2,4,28,4.631654930000002,-0.3037753421907565,1.4490684351479066,-0.660020224138592
7290,MoSSe,0,49,0.7931364875000513,0.05848672976475988,1.145383030080617,0.08438343793533287
7291,MoSSe,0,49,5.6611846450000405,2.491207424498657,1.2169612086783452,2.0786979831229253
7292,MoSSe,0,49,4.5084096300000445,0.5593435260261597,0.2688818268582729,-0.3642827379102007
7293,MoSSe,0,49,6.509769985000003,-0.24183216583699796,-1.0749946325219755,-0.6170861610966014
7294,PtS2,0,28,1.8884642699999912,2.23967212640809,0.6628118574973638,-0.05999030467304611
7295,Re4S8,2,49,3.639268065000028,4.477638418968072,-1.20063168257917,-0.15569502562726578
7296,TiO2,2,49,0.0728331850000066,-2.6717420464781765,-1.6548394805220605,-0.2568263655928614
7297,TiO2,2,49,-2.272837224999983,-0.6075536177556526,0.8413641287882319,0.4328462912638178
7298,P4,4,65,0.9131512974999813,40.77678692983563,5.637043522268288,-0.20567964864795085
7299,MoSSe,0,49,3.4930887600000187,0.41516928074603454,0.5827754755600809,-0.10294329923545176
7300,PtSe2,4,28,5.0910485700000185,-3.2008140201597275,-1.3435786679614443,-2.0510590985644717
7301,Re4S8,2,49,4.1500527875,6.364647784195963,-1.6994667864217123,2.325956899287923
7302,NiSe2,1,28,-0.8859422349999932,0.9337457164198745,3.929773821837762,0.25475964387959127
7303,PtS2,0,28,0.9614837733333332,4.0689217480594895,2.2189138961409505,0.21732813443491628
7304,NiSe2,1,28,1.3863205775000025,0.12971533692107906,1.6498682633660864,0.3512976304315161
7305,MoSSe,0,49,3.167842625000009,0.29968420821634023,0.5410693502248041,-0.1977045520324796
7306,PtS2,0,28,8.079116070000003,0.8012410365266902,-0.6442387538429797,0.8399916850252254
7308,MoSSe,0,49,7.714298885000039,-0.21405792328942663,-2.851995945902952,-0.08726724081465509
7309,Re4S8,2,49,2.367446425000037,6.428424355944787,0.08562262610673388,2.005833384951745
7310,TiO2,2,49,2.7983169200000173,-3.8128004513161384,-4.342185064353248,-0.26729055662721457
7311,P4,4,65,1.6906906899999807,41.10643608001955,4.930923368812478,0.5766952696252634
7312,MoSSe,0,49,2.900862660000005,0.03989135624043305,-0.013027236848353052,-0.2909558276228892
7313,TiO2,2,49,0.4001039349999962,-2.109779326515092,-1.8844007337060509,0.6903213576508624
7314,PtSe2,4,28,0.0990844875000236,0.9365465731002571,3.415123590884376,-0.48724702094220296
7315,TiO2,2,49,1.0895257800000273,-5.3150873193320995,-2.244679451900459,-0.9897234448966744
7316,MoSSe,0,49,2.109251665000051,1.793180697238515,1.8675277959069314,2.2244351636132302
7317,PtSe2,4,28,0.1036396750000108,1.887818105202219,4.0915302506896865,0.274400201619964
7318,PtS2,0,28,2.587102674999991,1.7673019334086195,-0.004846437334178777,-0.0061456596445625955
7319,MoSSe,0,49,0.1624400750000339,0.5331138238113065,1.6327271327178616,-0.011023534854159883
7320,PtSe2,4,28,3.984135120000003,1.5406821877901171,3.2239272903546112,0.059580356989743066
7321,Pd2Se4,0,25,-1.2232492249999978,5.197952457447304,1.5409598630462624,0.17708725549723092
7322,PtSe2,4,28,6.387334540000013,-0.8971131190761437,-0.2708572094742969,-0.5406618461116661
7323,Re4S8,2,49,0.212885780000023,7.018918908771543,2.2343035510546647,-0.11752824273043072
7324,MoSSe,0,49,0.1219767800000124,0.44890856037270893,1.5322220254911172,0.38014069487384833
7325,NiSe2,1,28,3.147057235000005,-1.6885115501855519,-0.19393159921712755,0.3351578516190541
7326,Pd2Se4,0,25,1.4612170875000048,4.6649398783915155,0.764518258976232,0.14864865740864586
7327,PtS2,0,28,4.978427504999985,0.38189791092917336,-1.3784008974865571,-2.20424820532754
7328,MoSSe,0,49,5.130216482500012,0.28297960438353265,-0.43640959582703864,0.07899645644448672
7329,PtSe2,4,28,0.7353961350000222,1.3377917725368025,3.808147362721332,-0.45983996803326604
7330,PtS2,0,28,1.2768488749999882,2.393143730845145,0.4016412471593338,-0.2660869384943527
7331,Pd2Se4,0,25,2.4072530325000003,4.803478553320515,1.04655654671346,-0.02612480081563362
7332,TiO2,2,49,3.89445686750004,-6.120253408078247,-5.54007880302657,-1.5861159206667477
7333,NiSe2,1,28,0.0806925475000051,1.4188120981654815,2.7529419879715933,3.691239895482987
7334,NiSe2,1,28,1.294939167500006,0.3432682283714743,1.7162374186511171,0.36443395694050507
7335,PtSe2,4,28,0.018502010000005,1.458049602218216,4.282920903869217,0.14371858726714587
7336,PtS2,0,28,2.2437290999999826,2.469143723079444,0.6955315417338226,-0.025369152795392758
7337,MoSSe,0,49,3.019745170000018,0.13349932539182774,0.300954203881004,-0.15974511595847352
7338,Re4S8,2,49,3.113057489999992,5.09619693377727,-0.6545703766831381,-0.3408782837876303
7339,Re4S8,2,49,4.766834102499994,3.956070738605149,-2.3198710306768735,0.3223220483178775
7340,TiO2,2,49,4.338068010000028,-5.600137553202746,-6.047240656204659,-0.8807582870996375
7341,PtSe2,4,28,1.823860870000008,0.553516044024345,3.0400982834932373,-1.2403025887372925
7342,PtSe2,4,28,0.8315651000000206,0.4053849001271359,2.8481599906626176,-0.5189280887898968
7343,PtSe2,4,28,3.2931091450000256,1.325510217513199,3.4062706170137274,0.06894043462033572
7344,P4,4,65,0.7269550249999703,41.90396538515628,5.980058343606597,1.0294178638829845
7345,P4,4,65,2.8543065249999784,39.68346024949547,3.745826695354738,-0.7609118481556996
7346,PtSe2,4,28,4.36831083500002,-1.3567053338250936,2.06143762068337,-1.8895297706486205
7347,P4,4,65,-0.8813134800000024,40.01323651975424,6.658364491721295,-0.18812529538044998
7348,TiO2,2,49,1.0124584762500066,-4.420326623146369,-2.429730010851854,0.6541773549470962
7349,PtSe2,4,28,-0.8879523449999963,0.8393864009641483,4.278868692503658,-0.2974137292441851
7350,MoSSe,0,49,9.007663857500049,-0.7965477025114414,-0.866219730735116,0.7071191752351407
7351,PtS2,0,28,2.7045572299999807,2.2742993335681345,0.04947919654420874,-0.06408124161191919
7352,NiSe2,1,28,-0.7498786599999896,2.5630188933577367,3.6800659648146463,1.4467414768105975
7353,NiSe2,1,28,2.731440962500012,0.3320963967376591,0.2114187666310512,2.191514391554757
7354,PtSe2,4,28,4.503285485,-2.154192604115194,-0.3820648963159181,-0.9315704479720055
7355,P4,4,65,1.1987494150000229,41.89929466255531,5.745508360942462,2.01259069450722
7356,PtSe2,4,28,3.888749917500004,-0.07505631462016193,1.9691898026538044,-0.5644680660494021
7357,NiSe2,1,28,-0.4903090399999985,0.6072192591925034,3.5157727800309226,0.4540528856217433
7358,TiO2,2,49,-2.332791454999997,-1.1234282181567412,0.6203144067618787,-0.35943384229207664
7359,PtS2,0,28,9.249923207499988,-0.10721029652993508,-2.1554504813138715,-1.6499562046313354
7360,Pd2Se4,0,25,0.0325617999999954,4.913355885826624,1.42633356539714,0.030247985207117224
7361,PtS2,0,28,2.9318769549999804,2.630277497006042,0.8327129110024205,-0.001833496061381723
7362,PtSe2,4,28,9.075792912500006,-2.531389836328131,-1.3687319396504778,-1.0896558402547258
7363,Re4S8,2,49,0.6379732850000437,7.939983868320269,1.7971724904770476,1.0854846077357554
7364,P4,4,65,3.3152820325000087,39.70908561784993,3.7770457609392203,2.576544120301505
7365,PtS2,0,28,5.401681669999991,2.5867742613456306,-0.21862142130716133,-0.04631210212889769
7366,PtSe2,4,28,4.679546415000003,1.0307527589908831,2.369773567528684,-0.1629483493058297
7367,MoSSe,0,49,-0.5074421549999699,0.32824134679277595,2.054114618417023,0.3135742331707463
7368,MoSSe,0,49,2.03672976750005,0.43686791799596225,0.9355467611763011,-0.13855933604507364
7369,PtSe2,4,28,5.9449369975000215,1.7108263107071728,1.4710411163102002,-0.09812761029299022
7370,P4,4,65,1.8561590750000203,41.539051826896134,5.1120309194941,-0.25849046697033695
7371,NiSe2,1,28,1.16952718500001,0.4488825281093243,1.76323337153889,1.127056388023468
7372,MoSSe,0,49,1.1259177525000077,3.1112589836958744,3.765637556795647,0.9146117767536339
7373,Re4S8,2,49,2.4252886516666794,6.02847864798542,0.030872767883898256,-0.5009506685352707
7375,PtS2,0,28,2.711686515,2.2558902271722414,0.02534184536682149,-0.4990768265590413
7376,NiSe2,1,28,4.957513757500008,-1.2075860778023357,-2.0476864456663084,1.462608548052157
7377,Re4S8,2,49,2.0607197374999955,6.36934557647502,0.390047620644129,-0.11742549050852014
7378,PtS2,0,28,6.1800710399999925,2.157567497089037,-0.542680585389804,-0.6035461465572025
7379,PtS2,0,28,2.506464212500001,1.9254595742991123,0.027057598667397986,-0.298754661642457
7380,Re4S8,2,49,-0.6408372650000076,7.739933245326343,3.0895740915787835,-0.23459411368244687
7381,PtS2,0,28,6.268919247499992,1.523170850563159,-0.31667115103392796,-1.4208637258528567
7382,MoSSe,0,49,2.508276882500033,0.18284501360795868,0.797392266262988,-0.1312248932625657
7383,NiSe2,1,28,0.8436668150000033,1.1478299863763395,2.098346528175249,0.30005416945892005
7384,NiSe2,1,28,1.698624989999999,0.31018672226501565,1.2628189905348726,1.579023617889812
7386,NiSe2,1,28,0.9200438050000042,1.3311053725512654,2.010743122541093,2.6592359356514446
7387,Re4S8,2,49,2.414705225000005,6.782959035864253,0.07184804661152677,0.819220753342687
7388,MoSSe,0,49,-0.4680551250000006,0.052506244105021804,1.7068234641571052,-0.120618705032348
7389,NiSe2,1,28,1.1488450224999975,0.28769486588196047,1.866945996303917,0.6755639457896956
7390,MoSSe,0,49,7.689679800000029,0.6667941227294634,-2.2647486711802456,0.18041767823076515
7391,PtS2,0,28,1.97460471499998,2.323804349610819,0.42546515753826863,0.02938573649487264
7392,TiO2,2,49,0.5203242825000336,-4.316859138660515,-1.9536479042499115,-2.959898842029656
7393,PtSe2,4,28,1.191411325000025,-0.043082106771366924,3.2793136550363933,-0.7566023157659143
7394,MoSSe,0,49,4.105634470000025,-0.13224261921063674,-0.26432500204856835,-0.20386665981427443
7395,NiSe2,1,28,1.9772889825,1.755627531578776,0.8773872641430664,2.062058825066325
7396,MoSSe,0,49,3.59748959000005,0.3736506357283029,0.42613864486323116,-0.1277865514665213
7397,P4,4,65,0.1304370150000116,40.6313580289453,6.027664106584563,-0.22529200564128765
7398,NiSe2,1,28,1.6035110824999976,0.384928676118675,1.4542783226869735,0.39950097861908196
7399,MoSSe,0,49,0.9191145475000172,0.4593533699423046,1.2780831679413684,0.30327209082344886
7400,PtS2,0,28,0.3431607574999995,2.1546176184435026,0.6896912564058435,-0.08148261813130647
7401,Re4S8,2,49,1.0479208675000409,7.001700952949788,1.4186827295051676,-0.556805416640971
7402,NiSe2,1,28,0.6706506850000125,2.2295077997768025,2.225773767463773,3.144423281979968
7403,Re4S8,2,49,3.6319895900000296,4.693404245703501,-1.1867195285071097,0.021858422288381973
7404,MoSSe,0,49,3.0793365850000387,0.2850972598841981,0.4690267032435731,0.0813927437912616
7405,TiO2,2,49,6.567845195000047,-10.209578285082852,-7.454352229301805,-5.47029174314407
7406,MoSSe,0,49,2.403629302500008,0.08722186136412757,0.3607956573185138,-0.2098420456233807
7407,NiSe2,1,28,-1.121561295000001,0.5563030304583749,4.166953649329428,0.2315301956805429
7408,PtSe2,4,28,-0.8208661774999735,0.5164244870550272,3.515936046859308,-0.40699880319765835
7409,PtS2,0,28,1.5604161749999874,2.476624694394951,0.6142389445780561,-0.19896184709878306
7410,MoSSe,0,49,12.637976837500004,-1.06207644178874,-3.8118543151458777,1.6359038031656858
7411,MoSSe,0,49,0.03054248000005,0.7247463990765898,1.8490516870735176,0.06387008523127324
7413,Re4S8,2,49,6.743313524999996,2.8939208449137404,-4.270288203039547,0.430044279616296
7414,TiO2,2,49,1.1396431425000149,-3.814222444969904,-2.608974724887303,-1.0916075208569485
7415,PtS2,0,28,7.989238252499994,-4.169233232994175,-5.703071703771051,-5.447330385704136
7416,NiSe2,1,28,-1.2866983799999896,0.9956197330222472,4.317131557947988,0.8528450716402076
7417,NiSe2,1,28,1.7189864050000043,0.3351091414045162,1.1930739352455606,1.0669242808571329
7418,Re4S8,2,49,0.0243765500000412,7.47829008233435,2.4231006317524817,-0.23539550968123424
7419,NiSe2,1,28,0.4538506250000047,0.5659384349568637,2.398971440353389,2.0539103765869093
7420,Re4S8,2,49,4.26823566,4.815324965712076,-1.805388904018555,-0.06529360652303051
7421,TiO2,2,49,-0.1234327799999883,-2.873996710089428,-1.4543308569069533,0.01717931498330537
7423,PtS2,0,28,0.8830410149999999,2.2930572522373454,0.39967176245564784,0.04657849596852637
7424,MoSSe,0,49,2.9163584425000497,0.6792446261695875,1.0717238074592603,0.45778468112665927
7425,MoSSe,0,49,3.279763877500013,1.4971141615421422,1.6428581673811715,0.8744942147444528
7426,MoSSe,0,49,3.4097754250000527,-0.0539547691772988,-0.08268722792770555,-0.5270324637522905
7427,PtSe2,4,28,4.035462720000027,1.4535763831900779,3.125879265066705,-0.11688862522768773
7428,P4,4,65,0.7424396949999998,42.441772671739905,6.011849653920186,2.0573614162213136
7429,Pd2Se4,0,25,-0.9858738849999952,5.035365767324214,1.455404626373693,0.05718909407083661
7430,P4,4,65,0.9221584100000086,42.11127550418456,5.749367863091625,0.6389550270167963
7431,Pd2Se4,0,25,1.8915095375000008,4.5395539555928535,0.6272424811106354,-0.01868506729787267
7432,P4,4,65,2.1486738749999974,40.73028196606445,5.233382838104251,1.4815106959482853
7433,P4,4,65,2.551748259999981,41.63450942025718,4.5139093159252095,-0.3454825720574761
7434,TiO2,2,49,3.489542580000018,-5.160030063342506,-5.153325653425311,-1.1873486999188412
7435,PtS2,0,28,4.321083989999984,2.3805243499454916,0.19648141934246421,-0.04429599370786974
7436,MoSSe,0,49,2.3917603800000258,0.10350295808896348,0.7873211394447579,-0.30853179189577773
7437,TiO2,2,49,-3.0117876524999736,-0.10342025803774613,1.4496739700709778,-0.05019752231488628
7438,PtSe2,4,28,3.0213915650000085,-0.4104287369996218,1.477558836941927,-1.2255584939271122
7439,PtSe2,4,28,3.087443255000008,0.8791809254758625,2.1448116475217613,-1.062834166102303
7440,PtSe2,4,28,5.1487720500000185,1.0741229364705216,2.300236414813214,-0.12275788094280848
7441,Re4S8,2,49,2.8121881100000192,5.596242307378725,-0.3593821140588571,0.04304285720375667
7442,PtS2,0,28,0.6173156262499933,2.2274253208376127,0.7328795829352892,-0.0402137598457778
7443,PtS2,0,28,5.361031189999983,2.6522372807641768,-0.39227467322548826,-0.13672285819252927
7444,MoSSe,0,49,7.383725265000037,-4.208582420482012,-5.205155987872454,-1.46215734812992
7445,MoSSe,0,49,0.5297956300000248,-0.0631468129376469,1.1605296698987586,-0.012854400497664842
7446,PtSe2,4,28,1.633957037500012,0.9383472907826622,2.7224281935180543,-0.068616558285026
7447,TiO2,2,49,3.8748983950000166,-5.550258995153622,-5.433063627340512,-1.8648907354057989
7448,PtS2,0,28,3.342546339999984,1.4969449478672443,-0.566680705717554,-0.8456921936783695
7449,PtS2,0,28,4.465703644999988,2.3851345393567014,-0.07118097806883572,-0.33668931191079565
7450,MoSSe,0,49,4.856494025000044,0.14932990510452893,-0.7179202195089145,-0.23855868539026215
7452,TiO2,2,49,1.9955394225000505,-4.278390482731577,-3.691729064452565,-1.2747439897735084
7453,Pd2Se4,0,25,1.5756756924999986,5.135158015945233,0.41443959241974015,0.34783120320109195
7454,MoSSe,0,49,1.6187900375000217,0.16958879722440456,1.1894194612233264,0.21942579044187283
7455,Pd2Se4,0,25,3.002193795,3.736091190224406,0.19130068386149057,0.2171998556907142
7456,MoSSe,0,49,6.091191733750034,1.9712106735782529,0.7213495921370097,0.1710006744937811
7457,PtSe2,4,28,7.656377306250012,-2.0720400717529417,-1.0592787173065306,-1.9432460374308391
7458,MoSSe,0,49,0.8559784250000462,0.712597473806208,1.6366975549321032,0.24801538819677194
7459,PtSe2,4,28,2.0847701950000035,-0.3197236779457635,1.9563583609336312,-0.7601540409650711
7460,TiO2,2,49,2.0116572750000365,-4.62850137277327,-3.590414322653235,-1.0549237700689047
7461,TiO2,2,49,1.7760242850000143,-4.149427595775771,-3.277812185924697,-0.9005010754281759
7462,PtS2,0,28,6.7067029099999855,2.5996048826635887,-1.05786359522134,-0.42248761865884
7463,TiO2,2,49,-3.195867059999997,-0.40111748538981384,1.5596223656081107,-0.19347588382731384
7464,P4,4,65,1.882020756249975,39.9061681780762,5.140211537832666,-1.4325000093831128
7465,TiO2,2,49,2.3761168775000403,-4.382637546165608,-4.0666017986375325,-2.874080544415934
7466,P4,4,65,3.8324872000000094,41.52957779735513,3.630941178105154,0.7963438686747142
7467,NiSe2,1,28,0.0766914925000126,0.9385075329719925,2.761503116188342,1.7030199129361854
7468,Pd2Se4,0,25,1.0021101249999995,5.090820748235067,1.9493342624359136,0.5284428185475671
7469,NiSe2,1,28,-0.48046725499999,1.5334124714967754,3.395844315572296,1.6553847939607647
7470,PtS2,0,28,0.8200315650000052,2.155242759417109,0.8151387358015898,-0.09058809436300164
7471,Pd2Se4,0,25,2.8150976199999995,3.819264441818441,1.0314000746512861,0.17347632854227735
7472,PtS2,0,28,2.0549124649999992,2.32820529025411,0.38553693176920634,0.15284683586771708
7473,Re4S8,2,49,3.328316423750008,6.366360134426667,-0.8761410449505695,2.25987460865966
7474,PtSe2,4,28,7.407093910000023,1.0312011364884208,1.3089961333858016,-0.07616860431561534
7475,MoSSe,0,49,2.389035965000037,0.7119801590895221,1.5052668005283238,0.4296353409742877
7476,Re4S8,2,49,-1.130386434999957,8.082533521461341,3.580175482241168,0.04980278313940212
7478,Pd2Se4,0,25,-0.4076311000000021,5.761790693582156,2.345998903891502,0.4647015936981222
7479,PtSe2,4,28,2.230983280000016,-0.24754045690787296,2.219155527296737,-1.6262765952516842
7480,PtSe2,4,28,-0.5178410599999939,0.7982351373010192,3.838988342918288,-0.27469790077474576
7481,Re4S8,2,49,3.305639075000024,5.957929803173804,-0.8614523875305418,4.394688639284237
7482,MoSSe,0,49,13.051827620000044,-2.577110797693729,-4.585891992380619,0.9401688272452358
7483,MoSSe,0,49,1.1261260800000206,-0.3917028399741823,0.6841502296491291,0.014930934465311463
7484,MoSSe,0,49,3.612820395000037,0.46166609906429423,0.15963100575679912,0.034530075224979306
7485,PtS2,0,28,3.3218186499999955,2.224339663751225,0.0003850656422978993,-0.1974617443806923
7486,NiSe2,1,28,1.6698785850000082,0.9100780259975099,1.1525418531306886,2.739327805380851
7487,MoSSe,0,49,6.72565839500002,-0.2748840432442421,-0.6774406215625204,-0.30751591732871475
7488,Re4S8,2,49,0.0716275125000072,7.927254145418287,2.386576041653435,0.5596303394185312
7489,MoSSe,0,49,-0.8682612049999759,0.5101932951234704,2.1561905014935063,0.44779056990374383
7490,NiSe2,1,28,0.0237907000000055,0.8359182449564561,3.031487442293289,-0.006879908602910774
7491,MoSSe,0,49,4.994101485000002,-0.8371937676131198,-0.5530639890690123,-0.48778688945963733
7492,PtS2,0,28,0.9206578899999966,2.013115309717207,0.2162377665856967,-0.575238642054847
7493,Re4S8,2,49,1.1954220750000142,7.630438425335679,1.258259314490749,3.4023285887573103
7494,MoSSe,0,49,2.074340967500008,0.22293751620869173,0.5293543456357748,-0.14044462458669815
7495,MoSSe,0,49,-0.2596357449999602,-0.06680991400170805,1.7933612848432017,-0.09518251964339103
7496,Pd2Se4,0,25,2.4535206699999987,5.699697122510988,2.1614698822664398,-0.006849541726988484
7497,Re4S8,2,49,2.9197923325000006,5.715394657602133,-0.45966768090901766,-0.45052885835347567
7498,TiO2,2,49,5.397340984999998,-6.6578906892338034,-7.0174137471714255,-1.6975179233748352
7499,MoSSe,0,49,2.6716254225000484,0.48580395473790716,0.682349476156161,-0.1207109759871905
7500,NiSe2,1,28,-0.6436812525000006,0.6963063523179124,3.670434439679566,0.6973934615657559
7501,Pd2Se4,0,25,3.737663724999996,6.064326148250331,3.0858181526448605,0.35339206558329694
7502,MoSSe,0,49,6.582160045000028,-1.2047516994596634,-1.5769849313220492,-0.9832567068856068
7503,PtS2,0,28,4.775514582500003,1.2603395981538865,-1.400500595276696,-1.2711740927945994
7504,TiO2,2,49,7.069651772500018,-8.132553746224383,-8.633289267540912,-1.8673925498335953
7505,MoSSe,0,49,0.0662395500000192,0.6653482176009939,1.8199517783665782,0.10663362911781933
7506,P4,4,65,-0.0955710550000184,42.20021964508791,7.050071173891417,1.0330956121136659
7507,P4,4,65,1.6024948124999785,40.279674911010765,5.232410335052512,-0.27148013958483763
7508,TiO2,2,49,4.564499970000046,-5.730842307926275,-6.204440788150884,-1.9033378320148167
7509,NiSe2,1,28,4.404808110000012,-0.5511957665297564,-1.5137331346683873,2.152529650925281
7510,MoSSe,0,49,2.409546332500042,0.46419648633235555,0.8626690338634835,-0.15373678698307414
7511,MoSSe,0,49,3.221906977500012,0.24125417311440822,0.4667958442315552,0.07119385639281006
7512,NiSe2,1,28,3.55865350625,0.5970943047495525,-0.6308491951334636,2.9600394640258787
7513,Re4S8,2,49,2.5777110925000097,5.788484904102367,-0.1210334967256772,-0.6373648515026953
7514,Re4S8,2,49,3.0469178275000246,5.587136992242813,-0.583182644419987,0.7500922763614661
7515,TiO2,2,49,-2.2462569199999782,-1.1639203903078426,0.5485700093707058,-0.436635084648866
7516,PtS2,0,28,1.3275048349999832,2.5439828619655525,0.9693862582541062,0.3499259536759609
7517,MoSSe,0,49,4.210310560000039,0.16284932540645514,-0.3110876297276186,-0.08354371938317673
7518,PtSe2,4,28,4.147911120000009,1.3804101461743077,2.3484339231823643,0.06652080164102347
7519,MoSSe,0,49,0.8548270175000157,0.03908164211709042,1.0937435518562668,0.06421874869464583
7520,MoSSe,0,49,3.0934751649999987,0.11886868672526152,0.9301268438195813,0.6212109903192151
7521,MoSSe,0,49,5.661604665000019,0.28417577119789783,0.037733373762391054,0.5620236970198373
7522,MoSSe,0,49,11.762547050000055,-1.5210366587647037,-3.107746952852432,0.8297791142455502
7523,MoSSe,0,49,5.390653170000035,0.2631215683117327,-1.0355584987506452,-0.12615255201907782
7524,PtS2,0,28,1.216771889999995,3.174979081476242,1.4452000764255826,0.3210926361128792
7525,Re4S8,2,49,4.096278625000043,4.234192413818317,-1.65253253506474,-0.5845837963308127
7526,TiO2,2,49,0.2001934250000366,-2.6988585591120766,-1.868119339128658,-0.4001582662069051
7527,P4,4,65,1.3970385075000156,40.10430744485188,5.115820161463099,-0.24500521822643573
7528,MoSSe,0,49,4.118553830000037,0.31421356120479693,0.17583660998714556,0.03414675314001858
7529,PtSe2,4,28,5.009071980000021,-2.1877178292279265,-0.2441643815045378,-2.3964187245373747
7530,NiSe2,1,28,-1.1113055449999991,0.9089583458778882,4.148466021048787,0.2732841871457917
7531,PtS2,0,28,1.997854963333316,3.0147480017037123,0.9841952965747245,-0.42250471849332993
7532,NiSe2,1,28,1.6230707775000055,0.15637832776275085,1.4282306223667343,0.2645785996870875
7533,MoSSe,0,49,3.622556294999999,0.44495073357971293,0.45490502714864167,0.19377135634175735
7534,TiO2,2,49,-1.8460037699999805,-1.625958125624816,0.14553769346698076,-0.2630563585298862
7535,NiSe2,1,28,3.59856088,-1.8788188202923584,-0.7039719327038574,0.8031564649198408
7536,PtS2,0,28,6.696310399999992,0.8823880761556069,-1.1503018131164469,-1.697098293931063
7539,MoSSe,0,49,6.766360755000028,0.049597903854138536,-1.6980276060437296,-0.38942416035484584
7540,Re4S8,2,49,4.041803225000016,5.265047526241033,-1.5860325735005856,3.270945842942286
7541,Re4S8,2,49,3.326209275000023,5.706068626967344,-0.8877393087473782,0.2824387072794363
7542,TiO2,2,49,-1.1889051349999589,-3.0505211599626065,-0.23860671599287975,-0.12360789854903209
7543,P4,4,65,3.751775489999984,40.0307041140853,3.3092000616052406,-0.5709876087845704
7544,TiO2,2,49,5.834692860000045,-6.738545879078617,-7.481772089354903,-1.5683545910842325
7545,MoSSe,0,49,2.450319750000037,0.286889411122603,0.41406267594397317,-0.07110649634301414
7546,PtSe2,4,28,2.001068125000017,-0.16540444873811522,2.036807447840356,-1.2445154287719897
7547,PtSe2,4,28,2.5548683700000105,-0.26918958594747977,2.4552580617830295,-0.7699050801033633
7548,MoSSe,0,49,0.1530195250000181,0.6950998530898866,1.6560857917978742,0.0446092909688133
7549,PtSe2,4,28,3.2152377500000124,0.8592292732136917,2.5705108906961955,0.09947970173135134
7550,Pd2Se4,0,25,-0.9223242649999944,4.657269959605504,1.222163602666824,0.21494873857177177
7551,Re4S8,2,49,0.5631887800000197,6.756326289325745,1.883876017083517,-0.37719415490846697
7552,PtS2,0,28,3.1662338349999946,1.4857688174861705,-1.0782299611749213,-1.1375099990548652
7553,Re4S8,2,49,0.1454074750000407,7.655160151953084,2.318266355032308,0.07490742508032225
7554,TiO2,2,49,-1.2043936349999569,-2.3917150400030946,-0.29318029701196524,-0.3305672707108993
7555,MoSSe,0,49,0.5578544400000294,0.28764380396766265,1.2761619625624299,0.3736380475894888
7556,PtS2,0,28,-0.3684621800000083,3.058038567405404,1.9840661037976157,0.009588812690437987
7557,Re4S8,2,49,2.3487776975000223,6.665022605641253,0.08571648000038445,2.5245768964127384
7558,Pd2Se4,0,25,0.9850669675000052,5.109070939528193,1.1526486503156481,0.6961357223066151
7559,PtS2,0,28,10.389037325000004,-4.802657955900069,-5.563422077909347,-5.241639647896325
7560,PtS2,0,28,3.0430105449999907,1.642162489667978,-0.05271632693663619,-0.42540247462645553
7561,Re4S8,2,49,4.118027110000038,4.9419677465164815,-1.6799972644444146,1.2123712906245547
7562,PtS2,0,28,2.1281962624999986,2.2202099728769955,0.40587454718221183,-0.175852957548013
7563,PtSe2,4,28,0.5471638450000202,1.6476941894517825,3.98621165663267,-0.1984183399849649
7564,PtS2,0,28,3.0794005574999823,0.8538223721366549,-1.2606278838931098,-1.1454706373034491
7565,Pd2Se4,0,25,2.620567352499996,4.190075565450952,-0.27378379397236774,-0.36630260042988727
7566,TiO2,2,49,-0.3266427374999812,-2.3420701963582546,-1.3260018172739854,-0.396250977404804
7567,TiO2,2,49,4.191395337500026,-5.687702551601181,-5.883543466645331,-1.0014515470642351
7568,NiSe2,1,28,0.7211112975000038,1.3855149747015343,2.3230443796596236,0.4398672979157474
7569,TiO2,2,49,3.60785177,-5.845261043783365,-5.195549752788086,-2.328096892909546
7570,PtS2,0,28,2.2727296199999936,2.063621854126186,0.42829491231812167,-0.036038462976881736
7571,TiO2,2,49,3.679492895000037,-5.560414656194902,-5.263571763230221,-1.785236025048153
7572,PtSe2,4,28,1.78506353750001,0.3531096453053695,2.847114133296702,-0.4446502849873959
7573,MoSSe,0,49,3.431817490000012,0.4252083717401005,0.02209087397805609,-0.12688084258485066
7574,NiSe2,1,28,-0.0223070249999974,1.1837770408437067,3.0173784361328098,0.9472763802652968
7575,Re4S8,2,49,2.835088249999988,5.315293632985446,-0.37425088580321075,-0.06746021604409602
7576,PtS2,0,28,5.036624605,2.211772268474121,-0.45960888717570025,-0.5521140243013507
7577,MoSSe,0,49,7.478525920000004,2.8614732789135706,1.1766115394370482,3.884185986433102
7578,TiO2,2,49,3.346942650000017,-5.445358660538753,-4.998201674937964,-0.711114154974382
7579,PtSe2,4,28,1.1329802500000064,0.003454742154432866,3.29999885690307,-1.1875975754648909
7580,PtSe2,4,28,0.0151794200000243,0.6490807290020509,3.3028975879294595,-0.650654976055729
7581,PtSe2,4,28,6.632331395000002,-3.268881980428876,-0.7754535117246526,-3.792454266398928
7582,Re4S8,2,49,2.3772972875000007,6.0857891586263015,0.07368417052815701,0.0015182044942214645
7583,PtSe2,4,28,2.4350306450000154,-0.2570119955808665,1.632169141504094,-1.7253604986936595
7584,P4,4,65,3.212643234999982,40.390000731674824,3.7408402670701273,-0.5098840485731837
7585,P4,4,65,0.0199910000000191,39.75355903356932,5.728994807100913,-1.0281964138183786
7586,P4,4,65,2.0067729049999707,40.93958545783369,5.078167488765796,0.8083174333891079
7587,PtS2,0,28,5.136162657499996,-0.10610943929422678,-0.7736344923185188,0.10003020469279367
7588,PtS2,0,28,1.6966374399999928,2.5885331945876127,0.7515587327142406,-0.1975422782441132
7589,Pd2Se4,0,25,0.5509305475000035,4.087737830694169,0.36016244909728656,0.41863575797841046
7590,PtS2,0,28,2.725653159999992,2.058968635018522,0.13448096475586757,-0.39120410718932286
7591,PtS2,0,28,0.6760865999999929,2.6867167796946276,0.9239473190165274,0.13522210183309635
7592,PtSe2,4,28,5.04274972750002,1.3687823566471158,2.4276084852888795,-0.2572838512386264
7593,PtSe2,4,28,3.901271465000022,-0.5809046850368467,1.0020524237786645,-1.9219250307247127
7594,NiSe2,1,28,0.0126685500000018,0.3483694990620913,3.022080401594033,0.3551497260874413
7595,TiO2,2,49,1.7474659775000432,-3.975713381598554,-3.4285914594234645,-1.151312837431989
7596,NiSe2,1,28,-0.6406474749999882,2.3857859214899584,3.5713266373433314,1.4967283647018315
7597,PtS2,0,28,3.5783396774999936,3.135339795105394,0.24500399684184382,-0.3772886807195981
7598,Pd2Se4,0,25,0.0680842900000007,5.030470122523905,1.3827851907688389,0.19201980990946382
7599,PtSe2,4,28,1.8573337550000169,0.9490428611600579,2.4364800299171785,-1.4371500964001633
7600,PtS2,0,28,2.4992004449999867,2.1004194204174937,0.41300175430014363,0.15959824961060898
7601,NiSe2,1,28,0.1445499650000093,0.5953215369225981,2.931949099763378,-0.13084121459310827
7602,PtSe2,4,28,1.9501725425000047,0.502719284129634,2.8804198513751174,-0.11381069716563386
7603,Pd2Se4,0,25,1.3498114850000054,5.395956267329503,2.1544674927119902,1.157959212275792
7604,P4,4,65,0.5435028649999971,42.21693796141602,6.7377721689508085,0.7346702637638376
7605,NiSe2,1,28,1.5548176474999984,0.5337573182948829,1.3597641281652848,1.4511197698482277
7606,PtS2,0,28,4.930367809999981,2.727809406847756,-0.0722808266371473,-0.054596605369447104
7607,PtSe2,4,28,3.61703013500002,0.09945369640561985,2.046798396901022,-0.27499253670798707
7608,MoSSe,0,49,-0.657465124999979,0.4538462806497999,2.12372830001066,0.410977030670145
7609,MoSSe,0,49,2.1398220775000154,0.5050815028476814,1.077731776488632,-0.23385663007417312
7610,PtSe2,4,28,5.420219787500014,0.5992288107258972,1.3670556857767604,-0.1558464850402972
7611,P4,4,65,4.226673934999978,40.01114446506512,2.9990477818808206,-0.9888413092929871
7612,NiSe2,1,28,2.893023514999999,-0.29756850426798387,0.12229893182312113,0.6494676031132007
7613,MoSSe,0,49,18.25512632250001,-9.603308682831228,-10.552199607284965,-5.314168935211599
7615,Re4S8,2,49,2.34591320750002,6.069102331033509,0.10538669827695735,-0.35997187690818255
7616,PtS2,0,28,6.752647299999998,2.932323873604332,0.3592033590525334,-0.19689629419148513
7617,Re4S8,2,49,-0.8788979550000051,8.084300806104741,3.327870021243495,-0.0077826480273386345
7618,PtS2,0,28,11.067345767499985,0.4916453467985171,-0.8837349308351499,-2.0995570712109224
7619,NiSe2,1,28,2.452039835,-0.04332832211649551,0.5063954620123292,1.588967524822591
7620,MoSSe,0,49,2.392152542500034,-0.027603303023512105,0.8379252805030992,-0.16281643969648574
7621,Pd2Se4,0,25,12.280869310000003,2.3697905690486625,-1.2193391967797886,-2.98449657847331
7622,Re4S8,2,49,3.734467790000002,6.056670064258217,-1.2773611997290057,1.6674569790836573
7623,P4,4,65,2.4058809837499924,40.47578456393881,5.2072946070830355,0.416864021539721
7625,PtSe2,4,28,3.643588613750009,0.06990703813089105,1.4766101923769033,-0.8003503394936207
7626,MoSSe,0,49,9.102630866250028,-1.4859964973535433,-2.276965471784899,0.22966804834144305
7628,MoSSe,0,49,-0.4562753649999761,0.04354451223711803,1.7006974828690353,-0.10043591137229768
7629,NiSe2,1,28,1.690499722500007,0.17708275761270476,1.3415995244787529,0.5431661411728852
7630,MoSSe,0,49,7.355639190000041,-0.38823561918908656,-1.8313929741797281,-0.3842611814754635
7631,NiSe2,1,28,2.0552349575000046,0.235316863890783,0.9227130723360144,1.1150963616731726
7632,PtS2,0,28,1.7061895949999937,2.219350613816535,0.38421602811808886,0.04587956037516916
7633,NiSe2,1,28,1.6990685800000076,2.344044254294629,1.257344450624382,1.925665344865715
7634,PtSe2,4,28,1.847215855000008,0.6043954651777059,2.5842389624540125,-0.8448338547126342
7635,NiSe2,1,28,-0.4187728349999951,1.3341604654626416,3.3924694642063344,0.8143787567452954
7636,MoSSe,0,49,4.2801800800000205,0.2864076860115352,-0.21569484796470118,-0.03771235869671674
7637,PtSe2,4,28,0.146183965000005,1.4645419941420441,4.127397619294632,0.3236618465259756
7638,Pd2Se4,0,25,1.6215530675000005,5.178138371174926,2.1905080833687336,-0.6439522148515834
7639,NiSe2,1,28,2.1495242025000096,0.30049436236001625,0.9200999035892643,0.32663457537271157
7640,MoSSe,0,49,0.4716088275000361,0.38270335397274224,1.5824966530119473,0.29282932481319635
7641,PtS2,0,28,1.148147127499994,2.0903019691796936,0.18555813881673777,0.03840277446228635
7642,Re4S8,2,49,0.6565832875000142,7.494839372056056,1.8109285253458516,-0.1771922292139831
7643,TiO2,2,49,7.625129627500043,-9.167708642596072,-9.361237294787234,-4.0978019310177025
7644,PtSe2,4,28,-0.0362693299999807,0.7954374780407522,3.500958982125021,-0.22646818258852028
7645,MoSSe,0,49,2.595813935000041,0.6901714553452143,1.1875958194351801,0.28367445369726507
7646,MoSSe,0,49,2.324060642500001,0.012703772605183072,0.41446395339640185,-0.22152781861948734
7647,NiSe2,1,28,-1.3307028850000022,0.6858228286187766,4.3715472459873475,0.26863354842671927
7648,MoSSe,0,49,7.6705782266666676,-0.6643073411991383,-1.4177816562066656,0.7135363566666664
7649,PtSe2,4,28,-1.0570930374999898,1.6102268430928448,4.261444224252309,-0.05967230266928092
7650,PtS2,0,28,1.8005969249999951,2.328484880547083,0.6084685600006152,-0.06217616039479079
7651,MoSSe,0,49,0.0519137400000167,0.6749461077045528,1.8431642832747228,0.028892435867699774
7652,MoSSe,0,49,3.99395760500005,4.263323698405712,4.509233786626943,6.744514697754671
7653,PtSe2,4,28,4.873228492500012,0.3626491803312053,1.5511745391670608,-0.25091340359213454
7654,NiSe2,1,28,3.3512418750000075,-1.1931119445037917,-0.4158056262207106,1.9467176116434661
7655,PtS2,0,28,4.433767502499982,0.33545849224590896,-1.5744598954850075,-3.2683042138749006
7656,Re4S8,2,49,0.0344776600000349,7.479023507297328,2.4113010277949685,0.20389180487423267
7657,Re4S8,2,49,4.015008820000031,4.932432122128469,-1.5517785279976715,0.1827797364167978
7658,NiSe2,1,28,-1.5946767274999951,1.7024811848465935,4.6467233443721465,0.6626006707016959
7659,TiO2,2,49,6.577754005000008,-7.205174191996468,-8.134571457112841,-0.8731921356966224
7660,P4,4,65,3.9453582200000223,38.36848328187172,3.2746317552934547,-2.0861265095660624
7662,PtSe2,4,28,1.8526070525000191,0.2871578127394423,2.5048021863152883,-0.4581788787990506
7663,MoSSe,0,49,3.869256322500016,-0.11591480664104781,-0.005385701772476992,0.0839845489294273
7664,MoSSe,0,49,11.857229097500037,-2.0199424662337613,-4.303678138866614,3.1450549524877562
7665,MoSSe,0,49,4.466555095000022,-1.4882638218829563,-0.5952373904813855,-0.5155804716377985
7666,Re4S8,2,49,0.6485253550000358,8.080250623088343,1.7363687776141,4.257836065949264
7667,PtSe2,4,28,3.1412164300000143,0.5758493016843524,2.489247964887274,-0.569207979174005
7668,PtS2,0,28,8.837725874999997,-2.057388700266517,-3.6188158961334196,-1.5182459326782194
7669,Re4S8,2,49,1.955082802499996,7.006203424408369,0.5011681034906046,2.1447633221490516
7670,PtSe2,4,28,3.90117553500002,-1.1978753370808102,0.6355886098974408,-1.968879735744649
7671,Pd2Se4,0,25,-0.6895256849999982,4.500558457064207,1.1397050234551984,0.26617781449116845
7672,P4,4,65,3.2076071000000184,40.6779131992757,4.079914500723248,-0.4744488294820335
7673,Pd2Se4,0,25,1.8863370674999955,5.114179982925217,0.2699644706495201,-0.20163777054870158
7674,TiO2,2,49,4.200285719999996,-6.565888928541866,-5.87370416240824,-3.160957939594315
7675,P4,4,65,4.7293681100000216,40.15819623122719,2.572133561473164,-1.0025035336602999
7676,MoSSe,0,49,3.043722169999999,0.3726463939699314,0.48320832112955836,-0.01975156605712769
7677,PtSe2,4,28,4.530153945000016,-1.6123563795398113,0.23746995636717116,-1.2996101726204592
7678,PtSe2,4,28,4.269744400000007,0.2941392224873791,1.7657075685109387,-0.3200794098927884
7679,PtSe2,4,28,1.7833065150000045,-0.160330092690129,2.2491658570550492,-0.45420205174062533
7680,Pd2Se4,0,25,1.6326747800000092,6.788755489877106,3.4477840199979566,1.1093557611020821
7681,PtS2,0,28,1.7569778049999902,1.9430882846301367,-0.009245046477956542,0.1978278870369563
7682,PtS2,0,28,4.618300060000003,2.9765736862361623,-0.4418002164025907,-0.05567989703613563
7683,PtSe2,4,28,1.2185910150000043,0.7471050814202838,2.839322765212398,-0.738889297305404
7684,MoSSe,0,49,0.4295661500000289,-0.08213361610008585,1.1453039595580765,0.017584159880545625
7685,PtSe2,4,28,2.0415984450000257,0.6856303554557033,3.0365209124269352,-0.20188753388501524
7686,NiSe2,1,28,0.9871532699999996,0.25603050176920616,2.0737340667309576,0.2256686904492191
7687,MoSSe,0,49,2.3361159250000108,0.13193217070311425,0.7178794458648574,-0.1892027939219263
7688,PtS2,0,28,6.615377599999995,2.1494081666015674,-1.1989443451222686,-0.6485738903340605
7689,PtSe2,4,28,1.273305975000011,1.3200809135040172,3.5844241752227672,0.055407044688913
7690,PtSe2,4,28,1.966247030000004,1.0283174237607788,3.026075891752926,-0.19581757773966868
7691,P4,4,65,0.7796105649999959,40.25996246865072,5.413289933708093,-0.2568605847092651
7692,TiO2,2,49,0.7758836800000516,-3.2358924601615913,-2.469122176780447,-0.6582666291933703
7693,P4,4,65,0.3788294499999818,42.137342959057634,6.736827482195046,2.8187654310577575
7694,P4,4,65,2.288952895000014,40.172870250548485,4.365532012786037,-0.9560969551349019
7695,PtS2,0,28,4.505726429999988,3.067186104077974,1.2595194049863814,-1.2992637288382851
7696,Pd2Se4,0,25,5.385825340000004,4.417859530402014,-0.026072208133548713,0.11288370286702065
7697,NiSe2,1,28,-0.1453259449999979,2.7531276207965067,3.0601676763893617,1.58709518728668
7698,P4,4,65,3.0259098799999737,42.2963735469206,4.864776870412014,4.164430797897162
7699,Re4S8,2,49,2.236037165000037,5.937052975024784,0.1894137957950477,-0.35894023386040863
7700,PtS2,0,28,7.042431356249981,-1.005747478940818,-3.0233411011484597,-1.803047976631654
7701,MoSSe,0,49,7.021086000000016,0.5165625188801917,-0.9606075511322185,0.1482964132283362
7702,MoSSe,0,49,3.5994113925000395,0.3161828673978282,0.09136980345841605,-0.1352080348035063
7703,MoSSe,0,49,5.142649497499999,0.4332021018754082,-0.044707145205077126,0.11038970360066802
7704,NiSe2,1,28,1.0080595799999994,0.5146762143852748,2.029875041175131,0.3843771627825934
7705,MoSSe,0,49,4.156681705000015,0.0427911197324482,-0.38169853735169923,-0.12330048132142579
7706,Pd2Se4,0,25,0.6659448550000029,4.465920845085955,0.7959943209236624,0.16913282813089714
7707,Re4S8,2,49,5.61086508,4.234290000159506,-3.139403704445597,0.1842933062304688
7708,PtS2,0,28,11.332023415000004,-1.2061326831884802,-3.1704085996059206,0.18972512778564088
7710,P4,4,65,1.3415264099999715,41.25474574067548,5.263716597342049,0.8792330612575563
7712,PtSe2,4,28,5.4813825650000165,1.4866435961938311,2.789481365384301,-0.18470449874635442
7713,MoSSe,0,49,0.5884509800000286,0.39085186341173495,1.3131522816297119,0.2450369280454222
7714,PtSe2,4,28,8.840622440000018,-4.37944294514223,-1.897253448783995,-4.668788845359923
7715,P4,4,65,1.9398087049999884,42.1885215257129,5.062536817244783,1.0039802208066928
7716,PtS2,0,28,-0.8004689350000178,2.5668254826735613,1.1495158010990576,0.03871680639894359
7718,PtS2,0,28,1.9702811874999795,2.3856188617096152,0.4098600707397666,-0.14205251515450024
7719,Re4S8,2,49,8.135342640000024,2.6446863389835364,-5.674566787796655,-0.6238398972326902
7720,MoSSe,0,49,3.162176275000037,0.32442372665299857,0.41605259602759137,-0.050352716192664015
7721,TiO2,2,49,5.593505060000032,-5.950596248430818,-7.287824943982373,-1.511890009366284
7722,TiO2,2,49,1.5317380525000406,-4.16083559367334,-3.103802293273559,-1.250264733764282
7723,PtSe2,4,28,-0.8213569574999804,0.4664583457954719,3.6467520647692675,-0.48170095151186043
7724,MoSSe,0,49,5.70122039750005,0.3264655626338202,-0.46007168724919545,0.305987790874787
7725,NiSe2,1,28,1.9173875050000115,0.018326819315377385,1.0175276402382292,1.2776948415982956
7726,Re4S8,2,49,-0.0422662733332919,8.050649626884521,2.4960666336950266,-0.10277074194584222
7727,PtS2,0,28,1.9038062424999884,0.04877166633383312,-1.147345416897775,-2.6162509452842087
7728,NiSe2,1,28,0.079129450000011,2.446437048438506,2.756334312283314,0.40369487556151246
7729,Re4S8,2,49,-0.4758193300000062,7.737543086790168,2.9318752890657613,-0.2408611172605325
7730,NiSe2,1,28,0.1808537750000116,1.9251840801483038,2.6771105817403043,2.146584817910755
7731,Re4S8,2,49,3.2002430050000066,5.319173168299148,-0.7386403171643132,-0.273037362935594
7732,MoSSe,0,49,-0.1457043599999952,-0.0587030935369921,1.65030730882456,-0.021724292445480048
7733,P4,4,65,2.354518424999987,40.16044981128745,4.298247961667901,-0.8170120433293528
7734,MoSSe,0,49,2.47035932500003,0.09474198064368711,0.3980575406666773,0.08143957496843512
7735,PtSe2,4,28,1.9492360650000145,0.6357530853651794,2.6726166508101254,-0.1704874335226585
7736,MoSSe,0,49,0.7144488300000397,0.8865763142590953,1.5166718756045134,-0.0003986165041494072
7737,PtSe2,4,28,2.9288043150000065,-0.3721510140788844,2.213471574714552,0.28570294691202136
7738,MoSSe,0,49,4.407844750000021,-0.14343425424196443,-0.1807371456553355,-0.36604456892905723
7739,NiSe2,1,28,1.6441540125000111,0.8983013428263233,1.4113036589833468,0.4450182315719493
7740,Re4S8,2,49,0.6973415200000112,7.338538250914702,1.7505165751690561,0.20792190391966658
7741,Re4S8,2,49,2.543351370000023,6.159699402349016,-0.1023362854154688,1.5242189984488705
7742,NiSe2,1,28,3.1698423950000034,0.12842345951761525,-0.24730610133443554,1.7119566670930952
7743,MoSSe,0,49,6.456200160000032,-0.5146410042179683,-1.688485500627066,-0.456244346910025
7744,NiSe2,1,28,1.1671395500000026,0.35993240281982164,1.7750905156636532,1.1606040597462948
7745,MoSSe,0,49,0.6402883262500185,0.2892887064749977,1.3243717222347837,0.08314715513934512
7746,NiSe2,1,28,2.6311020350000103,0.6088721458573301,0.3464062715032856,1.955402583326813
7747,MoSSe,0,49,1.928950165000031,0.44954171350949057,0.919004426115285,0.2833113528425799
7748,NiSe2,1,28,0.4412522700000068,1.099629403494968,2.491408468627109,2.4735741231274346
7749,MoSSe,0,49,4.618402620000046,0.3940564991609241,0.8149581950481721,0.8712646366731311
7750,MoSSe,0,49,5.123227710000017,0.9740047907120601,-0.4074099406315277,-0.13776599811647205
7751,P4,4,65,1.4377234037500246,39.963889831723606,4.76350048623665,-0.9335181371154014
7752,Re4S8,2,49,5.425487020000028,4.107290130471978,-2.9698416177274853,0.1695132470287808
7753,PtSe2,4,28,1.6469041300000011,1.3667868979591868,3.487438381494953,-0.1304321082613129
7754,Pd2Se4,0,25,2.0059114050000018,4.2176892209918195,0.39659971484252754,0.00952969480265109
7755,Re4S8,2,49,1.8797479650000064,6.196364782192377,0.590028903820184,0.3460138459385107
7756,PtS2,0,28,11.106372334999984,-2.6468961819441574,-3.6902526005537757,-1.3321051383447102
7757,MoSSe,0,49,6.236199060000054,-0.9371317216923556,-1.4338668176701388,0.31235663203689246
7758,TiO2,2,49,-2.8733013524999524,-0.8754110282271799,1.4300302718470796,0.18298086070918096
7759,Pd2Se4,0,25,5.3727607799999975,4.269713076608075,0.12426121300130433,0.06414094831217731
7760,P4,4,65,0.316176034999982,42.908884110060235,7.366375547654335,2.4686547736395443
7761,PtSe2,4,28,6.416225367500018,-1.7132772740857112,0.5275518757962878,-1.7545130389070813
7762,MoSSe,0,49,-0.5611063974999491,0.7268118796649677,1.7737559813164774,0.20980258165827426
7763,MoSSe,0,49,7.99951261166672,-0.9341892588529994,-1.6258241522703578,2.6580560020214303
7764,NiSe2,1,28,5.524933820000009,-0.23852332932821518,-2.521826351712859,1.7746486613842682
7765,PtS2,0,28,5.874045409999982,2.3475125250789572,0.6126344618770521,-1.6024473093377507
7766,MoSSe,0,49,2.5955125300000508,0.02172170004145313,0.2336077880948384,-0.07832398095830273
7767,PtSe2,4,28,2.386903505000019,0.14532778613513342,2.043512681650575,-1.3509921833600043
7768,Re4S8,2,49,0.8365535850000151,6.950120596620265,1.6144436086543634,-0.08312735107260627
7770,MoSSe,0,49,0.8750398850000032,0.4639448428594939,1.393165519281613,0.10956193054158214
7771,PtS2,0,28,5.45645614749999,2.778080341350922,0.47676479531515437,0.1643468907792256
7772,PtSe2,4,28,0.9984020500000022,0.8966810595377583,3.3792443962280254,0.15734488679809355
7773,Re4S8,2,49,3.473131819999997,5.421116347673749,-1.034119213061317,0.5520289694897489
7774,Pd2Se4,0,25,7.361310620000002,3.431119621902668,-0.5183311093747989,-0.5800366191963722
7775,NiSe2,1,28,0.0601334199999978,2.1744707002545187,2.8788474772676618,1.5517479950492372
7776,NiSe2,1,28,0.5134101650000078,0.285739109826042,2.473316039554232,0.41040655564462514
7777,PtS2,0,28,1.3998042749999833,2.5363992047668624,0.7982856425008307,0.11337486826987342
7778,NiSe2,1,28,4.907589697499999,-1.4330456491906727,-2.025182111720173,1.126249051431886
7779,PtS2,0,28,2.5202845324999803,1.6459670474204708,-0.17265323697792612,-0.6693022638486539
7780,PtSe2,4,28,5.870311345000019,1.0325415081392224,2.0331025070558484,0.011200979015280943
7781,PtSe2,4,28,3.5003191375000107,-0.705900882011933,0.9276417351501358,-1.52623535625764
7782,MoSSe,0,49,0.9367164750000174,0.7307667355636422,1.1566084246734445,-0.03701599231365671
7783,Re4S8,2,49,2.1974002349999906,6.036662436661386,0.25968179815735803,-0.6420021284249784
7784,P4,4,65,2.475814485000015,42.03382716233885,4.570036348257024,0.7454187239741876
7785,P4,4,65,1.359677342499979,40.51583573428225,5.205154709095073,0.7226723949852709
7786,PtS2,0,28,0.0245773900000037,2.602701414779049,1.150441000019731,0.0008708528232791793
7787,P4,4,65,2.7552261149999744,40.263834019887724,4.0426778201145686,-1.1146368380504097
7788,Pd2Se4,0,25,2.9917317850000007,4.86784992390808,1.1906972107682288,0.031160531182453877
7789,MoSSe,0,49,1.047579070000004,0.371143321128536,1.3002364833472655,-0.049075782366743925
7790,PtS2,0,28,3.774695977499984,2.921382958758968,-0.35040841989805527,-0.365053440065088
7791,Pd2Se4,0,25,9.70558099,-0.24221050787312848,-2.633921663446655,-2.7985993628535963
7792,PtS2,0,28,4.4436435250000015,2.761218910658771,-0.18698830878296047,-0.74272413527527
7793,Re4S8,2,49,-0.3527331949999848,8.23905219651569,2.7862386506528574,0.9357582133741099
7794,PtSe2,4,28,2.0688299025000143,1.442908079932033,3.797130695491929,-0.21573131133129286
7795,TiO2,2,49,2.5902921750000294,-4.340213496868926,-4.284548003857451,-0.6811577075571991
7796,P4,4,65,1.050613984999993,42.19115389830079,5.684186711372993,0.8788708989442007
7797,PtSe2,4,28,4.105307515000025,1.4314919158471433,3.2134886428368894,-0.1672252173569988
7798,TiO2,2,49,1.0209854550000077,-3.588627984805509,-2.547128926399951,-0.6455827262834752
7799,Re4S8,2,49,1.4893815975000118,6.26102641616169,0.9600773989548628,-0.5344570935378129
7800,P4,4,65,-0.9100413099999822,42.69654414813475,8.983120299982588,2.8943967994129256
7801,TiO2,2,49,1.0377120662500403,-3.6178961683084507,-2.70234780398706,-0.5975762693852129
7802,MoSSe,0,49,3.855103515000053,-0.4592059675960818,0.6697202300917029,0.10816110927769751
7804,PtSe2,4,28,3.066878450000022,0.8351611573659041,2.7158337711456078,-0.35270680197450943
7805,PtSe2,4,28,7.114016490000013,-1.8007487821753063,-1.534767664290988,-2.8725057808732233
7806,PtSe2,4,28,3.787516675000015,-0.028343361223363228,2.2842608276957046,-1.3302911933309072
7807,P4,4,65,1.4006841949999718,41.60467291152672,5.2014179257173945,0.39543307101921354
7808,NiSe2,1,28,-0.3677150599999992,1.084663489743448,3.3906018925551344,0.9061207168145744
7809,NiSe2,1,28,1.3497213424999988,1.0487783847491468,1.5558418530464695,2.7143503127734387
7810,NiSe2,1,28,-0.4093081999999945,1.416615610240168,3.298946147082514,1.2557495483937526
7811,MoSSe,0,49,2.162798270000001,0.23714937328002827,0.723819946832478,-0.07653385839162308
7812,Re4S8,2,49,0.7939355050000276,7.3715222205248745,1.6447376733548713,0.18160441771420577
7813,PtSe2,4,28,2.4615239550000263,-0.10976122313001069,2.522399639156875,-0.5928701012656921
7814,P4,4,65,1.6400553750000109,40.88851225703938,4.93621190716806,-0.7121947176259468
7815,TiO2,2,49,4.8454699900000335,-6.321273683135613,-6.333698787912631,-1.5644452955572845
7816,MoSSe,0,49,1.283504607500033,0.4700734990622637,1.272094406464302,0.20547079819302128
7817,PtS2,0,28,0.0722014374999859,2.3845782411626324,0.6946024629008116,-0.04554178987628797
7818,PtS2,0,28,2.8918611700000016,2.20459790084147,1.2016971414624007,-0.22970113105194256
7819,TiO2,2,49,2.960941447500048,-6.198168410543261,-3.92076132067408,-0.7087361551162186
7820,NiSe2,1,28,0.7384263374999998,0.05384702497762073,2.2806306184733076,0.4337464075688682
7821,NiSe2,1,28,0.6360443475000057,2.371981378182571,2.353490268970331,1.1136647818334904
7822,PtS2,0,28,2.4451802824999818,2.7397535388602887,0.7283495013847023,-0.06387895892718731
7823,Re4S8,2,49,0.5358785600000386,7.227499027000491,1.9150689631170268,0.31035671526851605
7824,MoSSe,0,49,7.1947109925000445,-0.17379437160974476,-1.2974314120658814,-0.10276915900395078
7825,PtSe2,4,28,7.1646693950000095,-3.0207020049395847,-0.40882488142477325,-2.326170484731862
7826,MoSSe,0,49,3.555889967500004,0.42638837951537667,0.4666158721657263,0.6587063834877478
7827,MoSSe,0,49,5.9772045300000425,0.004761647622435028,-0.8619889105949321,0.00354920967484329
7828,PtS2,0,28,1.141567345000002,1.686282003386127,0.5322020495566795,-0.16387271437713813
7829,MoSSe,0,49,4.847345040000048,-0.393241013841398,-0.6685698884294107,-0.14362145042078378
7830,Pd2Se4,0,25,2.0625887399999963,4.635724575709435,1.0153675391188597,0.14339156090332406
7831,MoSSe,0,49,0.8546191700000021,0.3407818627657042,1.0772262565594461,-0.1417043852506531
7832,Re4S8,2,49,4.001646722500007,5.904759997979323,-1.531774088883878,3.0955117095068285
7833,TiO2,2,49,5.610181555000024,-6.416866843747175,-7.204075003511783,-1.2046417244743077
7835,PtS2,0,28,1.007804705000004,2.6268219219683795,1.162765509589433,-0.3071157865684041
7836,TiO2,2,49,3.9360738200000434,-6.168885191485435,-5.629557252134036,-2.6680366597624134
7837,MoSSe,0,49,3.0315375650000136,0.2414187268344996,0.29258271812681746,-0.09901153287009024
7838,PtSe2,4,28,4.055116375000011,-1.5378955202407951,1.5570527318013392,-2.318058291783662
7839,PtS2,0,28,5.090406205000002,-0.43463336004964326,-2.392398224017539,-1.35467563643209
7840,Pd2Se4,0,25,5.083251594999999,2.7786614502473963,0.6254677380128992,-0.8308941915627024
7841,PtSe2,4,28,4.144628270000012,-0.9518549278674433,2.468009408782134,-1.8727350866097123
7842,PtSe2,4,28,2.9956628800000136,-0.8684273084566381,1.8260373750760772,-2.2260209640428807
7843,P4,4,65,1.61964109,40.494427259202475,5.022060727512512,-0.23349708772135425
7844,NiSe2,1,28,1.4707743950000078,-0.0012560116559934276,1.5524645817964604,0.45492611057453636
7845,TiO2,2,49,0.4196731250000427,-3.216888268839561,-2.1001845201365583,-1.0857312679799827
7846,P4,4,65,0.6185488799999938,40.60853305461101,5.607529232920132,-0.15054437516041447
7847,MoSSe,0,49,2.515124715000023,-0.13134161296450042,0.33461753862139654,-0.35261193576418304
7848,TiO2,2,49,0.6147636350000232,-3.3127729272846707,-2.166844584147565,-0.9732431348169177
7849,PtS2,0,28,-1.0617191250000189,2.591654405481993,1.1467974439137965,0.08642159450787201
7850,Re4S8,2,49,4.933598097500036,4.169496639234989,-2.481753643688391,-0.13486804200890656
7851,PtS2,0,28,-0.7782388950000154,4.2832282011320135,2.7468561753243153,0.6650348131467846
7852,Pd2Se4,0,25,1.7072114375000087,4.650270042144767,1.4190026693776363,0.3748350712890538
7853,NiSe2,1,28,3.1687803550000098,-1.9414488756095476,-0.2527697367901709,0.556201668239126
7854,TiO2,2,49,2.6650246400000075,-4.458142401611946,-4.049046955343228,-2.1350837566814245
7855,Re4S8,2,49,6.986273690000013,2.9119807045312367,-4.529924396609104,-0.23678787940227597
7856,Re4S8,2,49,4.646241515000003,3.5074060667362428,-2.261627762634891,0.9175613630619273
7857,P4,4,65,2.4653163674999816,39.670364149060894,3.8589689012835877,-1.1612605177888813
7858,TiO2,2,49,2.581149695000028,-4.9409989890267205,-4.205715773186063,-4.2717143274158
7859,PtSe2,4,28,1.290841790000008,1.406038272421155,3.2425213933394286,-0.7626203020010456
7860,MoSSe,0,49,2.118365455000029,0.6792174097613235,1.205397359203869,0.324230662655407
7861,Pd2Se4,0,25,1.7554445999999952,4.607758607651779,0.701390510982264,-0.23821822187702968
7862,PtSe2,4,28,5.909318510000025,-1.7423465086063894,0.571985499755427,-1.164815329814071
7863,MoSSe,0,49,-0.5422443099999714,0.4263638206506062,1.971709047574231,0.34375686925493565
7864,NiSe2,1,28,0.1896132249999986,0.5139370342722589,2.858256775203452,0.567903993589784
7865,MoSSe,0,49,2.7051706550000096,0.135122990858755,0.5731231930377101,-0.1264520722109066
7866,MoSSe,0,49,5.881177130000053,-1.7969996359509803,-1.5551653133394892,-0.2899104979199745
7867,MoSSe,0,49,1.1606456550000075,0.376608241395358,1.556731252666517,0.1977750746371385
7868,Re4S8,2,49,1.056743795,6.505852764524536,1.3852330701326498,-0.22743282151468913
7870,Re4S8,2,49,5.936203307500034,3.6210502121939756,-3.4922339783018326,-0.10204250275149906
7871,NiSe2,1,28,4.567988365,-0.2265473297293088,-1.6704072645361325,5.2975451458439125
7872,MoSSe,0,49,10.758685805000043,-2.790466683702843,-4.453121878303266,-1.4144484774243598
7873,MoSSe,0,49,6.969734370000022,0.2608691659700302,-1.6483848286537892,-0.2265254848071505
7874,PtS2,0,28,4.767498999999992,2.363441755208341,-0.8450376492411213,-0.4015449187825437
7875,MoSSe,0,49,6.869248937500017,-1.0742879618530443,-0.9498156616414555,0.02328404691567343
7876,P4,4,65,3.6331198250000254,40.33015862755531,3.292227582658869,-0.8181443248932139
7877,TiO2,2,49,7.8363256750000465,-8.324246436108446,-9.485679099708095,-2.077443629254197
7878,Re4S8,2,49,6.718713045000043,2.313232978305215,-4.255458513775475,-1.7157576082935
7879,P4,4,65,3.0405153025000207,40.29485635073891,3.8807972680718787,-0.49680515019187466
7880,PtSe2,4,28,6.355703840000008,-0.6127801034277427,1.3765891300215571,-0.8025291853572671
7881,PtSe2,4,28,2.823686542500022,0.4849312877764671,2.9164653396716087,-0.13555974005556415
7882,Re4S8,2,49,3.1782472400000183,6.229030820913067,-0.6955177255601175,2.462582164195131
7883,MoSSe,0,49,3.4643417750000385,0.23390708822017636,0.24779616254573789,-0.266900832871539
7884,Pd2Se4,0,25,0.9267675500000004,5.194638091237895,0.714914836398315,0.15393217197214726
7885,PtSe2,4,28,3.1495519450000167,0.2356901992667475,2.5876801043062168,-0.23087270763429402
7886,MoSSe,0,49,5.978408750000027,-0.8260047595723741,-1.1978693168386094,-0.36090129226687306
7887,NiSe2,1,28,3.5535186700000096,-0.7164430391762386,-0.6244343690051366,1.3333224682039289
7888,P4,4,65,1.9082722725000083,42.187259826905915,4.996180488514294,0.9087902643753984
7889,MoSSe,0,49,4.863624535000012,0.22120988170734446,-0.11558664043315847,-0.024047178025727867
7890,NiSe2,1,28,1.221074845000003,0.46457347710540464,1.8081406497916634,0.7363033040325897
7891,Pd2Se4,0,25,0.1443977800000011,5.0049051794421375,1.0955633673083485,-0.01600198417785756
7892,MoSSe,0,49,2.9053881300000493,-0.0004732740430180016,0.4663037327420567,-0.1940624845532719
7893,MoSSe,0,49,5.125636745000024,0.5333412403820557,-0.11069235057049998,0.08119089553342285
7894,MoSSe,0,49,-0.3135696374999464,-0.06674749417831699,1.6206573768086214,0.15165091789036791
7895,Re4S8,2,49,2.361335172500035,6.2094951726537735,0.09903648073889704,0.27415222501176517
7896,PtS2,0,28,7.395279530000006,-1.1642624172680724,-2.469784143876349,-2.5476404461377014
7897,Pd2Se4,0,25,7.215719855000009,3.9065898297534094,-1.2073705953055915,0.05779902520832447
7898,MoSSe,0,49,3.311972055000016,0.14551807129189465,-0.05378094629640273,-0.073704871696183
7899,Re4S8,2,49,5.3209069249999885,3.783060105843111,-2.865305948056019,0.22956342717286304
7900,NiSe2,1,28,0.6884161699999986,0.27019452361368956,2.3752930890332045,-0.07618372332946632
7901,MoSSe,0,49,2.3930618925000298,0.610306564658377,0.86236769327471,-0.02114035319338914
7902,NiSe2,1,28,0.3534633899999999,0.9175477638569134,2.4844138040867105,2.2648244912154136
7903,Re4S8,2,49,2.402264890000013,6.119459493036282,0.060570898726793665,-0.1402530440934373
7904,MoSSe,0,49,1.1467539550000332,-0.009405342850476783,1.0684845366940992,-0.033098507040133285
7905,TiO2,2,49,1.4636515200000055,-4.499296011513576,-3.1383863508563286,-1.3313904821734674
7906,NiSe2,1,28,2.123675287500008,1.338362514242546,0.6946181250264409,6.59224897550048
7907,NiSe2,1,28,6.737326955000006,-1.6404214851055965,-3.6789402317995257,0.33533953110432346
7908,PtSe2,4,28,6.202022150000019,-0.6760831622680854,0.24167943513385115,-1.6759275544087915
7909,MoSSe,0,49,5.5820162200000505,-0.05998936325973503,-1.2185843689309177,-0.2206613921191911
7911,MoSSe,0,49,3.691872210000048,0.6219831996221443,0.42251236171117457,0.9280578983882166
7912,PtS2,0,28,0.3358267399999886,2.4566409336195996,0.317512010203462,0.3289944079187126
7913,MoSSe,0,49,5.249126085000009,-0.9697218421665541,-0.9009575529463794,-0.9585204604832045
7914,MoSSe,0,49,3.5410716650000365,-0.5397894498816282,-0.11330438823612043,-0.6827077187211463
7915,TiO2,2,49,-0.1581591662499901,-2.6880697114533585,-1.4966937803493343,-0.46192647052470875
7916,Pd2Se4,0,25,4.20932241,1.6592153338863112,-2.7792644075280766,-3.8291234942005414
7918,PtSe2,4,28,4.218371450000019,1.1282505402038385,2.879388909446189,0.00888071547646252
7919,PtS2,0,28,4.541643005000003,2.7363397067919895,0.5620476192370578,-0.4648259693249539
7920,Re4S8,2,49,-0.6478329274999703,8.033568359806896,3.1154567176051544,0.6022012009171253
7921,PtSe2,4,28,0.298946767500025,0.3320262934257766,3.1813806002825675,-0.7402399276206713
7922,Re4S8,2,49,2.693999615000028,5.439177824371717,-0.24134739904238645,0.46470561952755984
7923,PtS2,0,28,-0.466349980000017,2.455918531381446,0.6516517607007006,0.1807246017092048
7924,PtSe2,4,28,6.514995315000028,-0.3754667225724564,0.6503612415744762,-0.547125397448351
7925,NiSe2,1,28,-0.571880589999991,0.5112247577093416,3.5790459425034493,-0.22457765432373944
7926,TiO2,2,49,2.128146290000023,-4.064071376339338,-3.695607144848249,-1.0570286901948271
7927,NiSe2,1,28,1.3582709650000044,0.510414201041052,1.5572818100650996,1.556254464407751
7928,PtS2,0,28,4.91923450999998,1.8469404421891475,-0.4406065898492235,-1.831162527934144
7929,PtS2,0,28,0.1498263349999993,2.541967265718181,0.939209255489706,-0.10928921608825615
7930,Re4S8,2,49,2.449959944999998,6.889326859199221,0.023517577532147005,3.2873191522391787
7931,PtS2,0,28,0.9305011549999797,2.429647433816345,1.0171999415347495,0.1735517065315958
7932,MoSSe,0,49,2.7405978150000374,0.16821582050818185,0.5648894998599885,-0.18615683981082842
7933,PtS2,0,28,3.543445815000001,2.5500489181746406,0.4495320425897207,-0.16211087440755323
7934,Re4S8,2,49,1.6406089999999889,6.708982890970876,0.8176449399465038,0.03340942276256409
7935,P4,4,65,0.2350648950000211,41.5580424556673,6.139696527475158,0.7818680295885001
7936,TiO2,2,49,2.433183767500028,-4.693002321424588,-3.8828734736666135,-3.8086703003471145
7937,P4,4,65,0.1128849562500167,40.83461082215168,5.992927195976749,-0.8619331892822433
7939,MoSSe,0,49,2.017465385000037,-0.316365631620215,0.6415430384873084,0.5404519714910521
7940,MoSSe,0,49,1.8972369737500367,0.041150062573510615,0.479574769032556,-0.13142096073174647
7941,PtSe2,4,28,0.6387084962500214,0.7343760488854767,3.4719971178399445,-0.5897614003790497
7942,Pd2Se4,0,25,-0.4563086450000039,7.695726992676598,3.0977410097817017,2.210803709417525
7943,NiSe2,1,28,4.0489663300000025,-0.7538546738110377,-1.0809644875012232,0.935401835334063
7944,PtSe2,4,28,2.1967901150000264,1.5854666471866596,3.7308377663679746,-0.18231985565147513
7945,TiO2,2,49,3.662698365000015,-5.4445014961035305,-5.3210961985062815,-1.141835944600031
7946,Pd2Se4,0,25,2.312589190000008,5.2316689276757735,1.120211261914461,0.30141422987609046
7947,MoSSe,0,49,1.0450045474999976,-0.06074990914601408,1.0244361352290878,0.014166374143577354
7948,PtSe2,4,28,4.690642930000003,-0.34954692614970195,1.153443160723671,-1.6273663212150091
7949,PtS2,0,28,2.2389500049999844,2.064187297398697,0.4543005716550854,-0.03559048059100833
7950,Re4S8,2,49,1.1228063133333763,7.4635271204536515,1.3334144724433976,0.46121982465439637
7951,TiO2,2,49,3.309660785000042,-5.359661770463502,-4.9837987746800145,-2.229906631112611
7952,MoSSe,0,49,1.4695081700000454,1.0316053242372187,1.6657311927166294,0.1736162117011062
7953,Pd2Se4,0,25,3.0313995350000043,5.006360961139523,0.8135493925614377,0.04829600765339759
7954,P4,4,65,3.5947390116666638,39.98585854794434,5.052234558521223,4.307519225536298
7955,P4,4,65,4.069619614999999,41.53169429389486,3.2677036135181696,0.8151525267744963
7956,MoSSe,0,49,0.8386691850000065,1.0045007823334693,1.9446987667110125,-0.0207111479414942
7957,NiSe2,1,28,2.059324380000003,0.17563013609293288,0.9199282763008596,0.5886000432177703
7958,MoSSe,0,49,5.7787416950000345,-2.6235048944883563,-1.3514868592354672,-1.0742934718860209
7959,Re4S8,2,49,1.080495129999995,6.704382329208176,1.3760396530454557,-0.10753652550526438
7960,TiO2,2,49,5.587247935000009,-6.216233657859709,-7.188657688163664,-0.8302187195052166
7961,PtS2,0,28,4.5813807399999815,-0.4405399711858946,-2.527435635718874,-0.9530845236710426
7962,TiO2,2,49,2.8125570425000186,-4.46551869398419,-4.50088459338808,-0.7187945652610455
7963,MoSSe,0,49,2.913231377500013,-0.37126684655518893,-0.03453151851665526,-0.12396296332052925
7964,PtSe2,4,28,2.763316,-0.27196717708841955,2.211478228871663,-0.8245364472223919
7966,PtS2,0,28,2.1555369624999794,2.6379698187601934,0.4780031910034386,-0.06739027594602431
7967,MoSSe,0,49,1.0650763500000473,0.7060626359516942,1.4241486402088965,-0.005817253218634466
7968,NiSe2,1,28,1.0274535150000004,0.3651304512551876,1.9248703985742184,1.0094961195520016
7969,Re4S8,2,49,2.2594400050000143,7.866815666183253,0.18238037807188512,2.863708913151841
7970,SnSe2,0,28,4.45557256,8.061988716753744,4.161558991106771,0.28883970323445585
7971,ZrS2,0,28,2.1508965049999977,-0.3937430734254941,0.8816882416786727,-0.19053343482991303
7972,ZrS2,0,28,0.1607504149999945,-0.12566314744221457,0.7569275438063613,-0.10172965732482361
7973,TiS2,1,28,2.393305850000022,2.5136276165934026,-0.3718006133743508,0.70413486960447
7974,Re4Se8,3,49,2.184746424999984,0.3065898411997634,-0.2930582370829107,-0.7081335789433638
7975,TaS2,4,28,-0.2675267450000014,4.240721662043052,2.3265571983640556,0.6372068317716486
7976,Re4Se8,3,49,5.260366749999973,-1.5600031537195567,-3.3884368263066333,-0.014157287516249006
7977,ZrS2,0,28,-1.413133049999998,0.8190495024078348,2.15891312062276,0.29816880325011996
7978,TaS2,4,28,5.625861777500008,1.460167911017245,-0.16924497846334585,-1.5845114128149493
7979,SnSe2,0,28,1.3443123450000047,5.162983263520503,3.3962261726340692,0.4766603360455275
7980,Re4Se8,3,49,2.7301717849999987,-0.38992606127563345,-0.8547731491357409,-0.24610585495137416
7981,Re4Se8,3,49,6.588876877499969,-3.2653826815618583,-4.724131181114267,-0.5158203386002294
7982,SnSe2,0,28,5.321301365000002,5.51082239140869,3.4070063589990216,0.6504830677290832
7983,SnSe2,0,28,0.5183640262500009,5.015001064438069,3.5271295765026847,-0.17200095862304776
7984,TaS2,4,28,2.3900503399999957,3.948607515987553,2.2135530230371137,1.2631698366967816
7985,Re4Se8,3,49,3.620156967499966,-0.16373805588395873,-1.7339040874035305,0.084550416609531
7986,Re4Se8,3,49,1.9868836624999624,0.5783070898473481,-0.10184528664547021,0.11503594879510204
7987,TaS2,4,28,0.1107077474999886,4.600536358792736,2.902561676938488,0.9144438628744621
7988,ZrS2,0,28,2.8261722225000003,0.5866115989238483,0.23745875576639763,-0.05479656637207064
7989,TiS2,1,28,-0.4677585849999746,3.2054812202691396,2.425618697190221,0.6716705252567291
7990,Re4Se8,3,49,4.048014789999969,-0.6783381602977188,-2.159180869839039,-0.03958287853146292
7991,TaS2,4,28,4.658203840000006,3.6444586915348243,0.8687562150333603,0.17863218015176852
7992,SnS2,0,28,-9.547234502500006,15.31878388629924,14.744404839541225,8.847869363492437
7993,TaS2,4,28,0.970528636250012,2.814111119634794,1.0045171639590333,-0.18133794652731505
7994,TaSe2,0,28,3.3808853574999898,-1.1551204471199443,-1.5532078691729634,-1.1880252310046284
7995,TaS2,4,28,1.2242534450000082,3.1736120093558675,0.9589458414608683,-0.31062458865896414
7996,TaS2,4,28,-2.0730202124999995,4.617148550995889,3.568242701539103,0.7802039709177648
7997,ZrS2,0,28,0.8492175824999886,-0.26167337969542315,0.790803026401989,-0.019431798414396906
7998,TaSe2,0,28,1.5432457075000072,-0.7889913663745189,-0.4764938300331696,-0.517504885343737
7999,ZrS2,0,28,3.3114421874999915,0.3442893315633224,-0.2344516625722166,-0.06096431719461215
8000,ZrS2,0,28,1.6976805074999977,-0.06534782489043955,-0.057804777621254244,-0.20762546300791196
8001,Re4Se8,3,49,5.388852792499998,-1.3705228542472314,-3.5012493903622417,0.24803332734253125
8002,Re4Se8,3,49,2.8650242299999924,0.0997361529701819,-0.8918251803682378,-0.3519448251690598
8003,ZrS2,0,28,1.7732549700000106,0.38548642467874084,0.47637571962096104,0.501941979640899
8004,Re4Se8,3,49,3.4888714699999595,-0.3332963535245361,-1.5680006095822756,0.21660672137577297
8005,SnSe2,0,28,1.0125161800000022,6.669806242663369,4.392648935992226,1.2034826682793152
8006,ZrS2,0,28,2.1617982150000032,-0.5083098571381666,-0.021190142719119454,0.15015612434529313
8007,TiS2,1,28,-0.5199258499999804,3.3187951816777352,2.52623110747933,0.5051093274017138
8008,TiS2,1,28,0.1344447700000181,2.5890932313783592,1.8508321277482933,0.19029532195961735
8009,TaSe2,0,28,5.640761386249981,-1.9558039614503797,-2.3967979062542533,-0.6800820140982884
8010,Re4Se8,3,49,0.1602811949999525,1.6693173510281847,1.7293066444445258,0.07150910918400746
8011,TaSe2,0,28,1.519610919999998,2.1791367148876972,3.301328620863039,0.6178309932868467
8012,ZrS2,0,28,4.749565065000005,-2.689264237973638,-2.1506776214575245,-0.559310058845627
8013,ZrS2,0,28,-0.4490615350000153,0.36076949258566793,1.8340783737095288,0.5496099613102366
8014,ZrS2,0,28,1.88836501,0.9795911514990234,0.9347287221980796,-0.7688497499393718
8015,TaSe2,0,28,-0.8657772300000168,0.8723776099438645,2.1482543306902224,-0.19651900158771096
8016,TiS2,1,28,0.3343943750000182,3.458938996480288,1.660373569018028,0.5061295832061585
8017,Re4Se8,3,49,0.0907802499999672,1.2693538747558921,1.7733601810862551,-0.12799937701921363
8018,TaSe2,0,28,7.227387799999981,-0.24256711620278093,-1.1623858354308894,-0.37746991135862373
8019,TaS2,4,28,2.0480262099999944,5.108173881044114,2.3234160284897927,0.7907623788417619
8020,ZrS2,0,28,-0.0827410750000123,1.1750718089350507,1.6827477348256552,0.6904626421539429
8021,TiS2,1,28,-1.7274869749999802,4.35600579480894,3.7585908641474206,1.010234243676738
8022,TiS2,1,28,-2.708351319999988,5.147887335192655,4.72338154511799,0.6976120729957969
8023,ZrS2,0,28,-2.1220135699999925,0.9998681953840054,2.5835587989581223,0.44624702247903714
8024,ZrS2,0,28,1.6626610249999858,0.3423671433604063,0.3360380042867166,-0.021642991972336878
8025,TaSe2,0,28,2.7740823399999908,-0.35844111164204007,0.09067487995036716,-0.4947834781784981
8026,ZrS2,0,28,0.6424728650000056,0.30242367405232196,0.9156428557488958,0.19598499753610688
8027,TaS2,4,28,4.812977829999999,3.6008195485400405,0.9710650847084565,0.3582087760892758
8028,TaS2,4,28,0.5504609224999886,3.8746545833543005,1.3741173865591545,0.15609031142742025
8029,ZrS2,0,28,4.513317785000006,-1.4458805335911111,-1.2233082069309549,-0.15182308488607354
8030,TaS2,4,28,-1.3375513549999845,4.959382613138006,3.1175053513404185,1.0707660512483568
8031,ZrS2,0,28,2.4555384299999865,0.3143076119972874,0.014394682462375297,0.031918765917778646
8032,Re4Se8,3,49,4.743683534999971,-1.151319422463859,-2.8703858436547565,-0.138853428900525
8033,TaSe2,0,28,1.3596205149999907,0.7182454829502452,1.5442540412235606,0.8910838529555352
8034,TiS2,1,28,0.8390028275000212,2.679321706598286,1.2494013113829339,1.4591551028741243
8035,SnSe2,0,28,2.2937066500000083,8.828498766361482,6.135949935057569,1.2550811822601236
8036,SnS2,0,28,-5.751178722500002,17.30522439968506,12.635071338136193,10.474218031683758
8037,ZrS2,0,28,1.8555488749999856,-0.7378298207778786,0.33275276773581375,0.2581397926152693
8038,ZrS2,0,28,1.5850475424999937,-0.28632992451140726,0.17947230791301094,-0.3744598025555357
8039,SnSe2,0,28,3.2137880150000093,5.151842532205597,3.363397456852611,0.2740148083845937
8040,ZrS2,0,28,0.5693198424999849,0.6674482045148874,1.0122312722181346,0.26501230573406453
8041,TaS2,4,28,1.1101988350000154,3.7976860806697434,1.9518972839269866,0.31621064795591725
8042,SnSe2,0,28,2.768196122499996,5.567252222048548,3.7894194755428097,0.14701960816711823
8043,TaSe2,0,28,2.192462724999988,0.2593753312464515,-0.15732705847065054,0.8302966330881874
8044,TaSe2,0,28,2.9049765424999894,0.03655098308391347,0.2409943583534857,0.44064710964030995
8045,Re4Se8,3,49,2.2338002549999523,0.46066419011418347,-0.28772966339126893,0.045871731897834334
8046,Re4Se8,3,49,2.2549939024999817,0.3170685898706238,-0.3719988533412495,0.00067529394675514
8047,SnSe2,0,28,0.2163741750000003,8.482249720645141,4.5538106597981765,1.5752789812805172
8048,SnSe2,0,28,0.4488007100000066,7.281407448493035,4.793390763642979,0.5901981719758032
8049,ZrS2,0,28,6.784612175000013,-0.4239078324758019,-1.8000494998418297,0.10385036848753604
8050,Re4Se8,3,49,0.8384208599999998,0.5770620981578574,1.0432316541398114,-0.2115167300180052
8051,Re4Se8,3,49,3.5151544349999515,0.11489829047408806,-1.6138926285119144,0.16661922756718717
8052,TaSe2,0,28,3.820966484999995,0.11031651213135252,-0.6439243980808462,-0.6878368088169302
8053,ZrS2,0,28,4.379419173749992,-1.5765271245963457,-1.3106094260540688,-0.7459881364829424
8054,Re4Se8,3,49,4.166167645000005,-1.1299703005379285,-2.234060355367844,-0.9086949709480847
8055,SnSe2,0,28,5.031829840000006,4.632753207231033,0.742581997259923,-0.7369283100520887
8056,SnSe2,0,28,0.5105950800000038,5.805461330471595,3.7758484316449956,-0.016921834887902498
8057,TaS2,4,28,2.142208275000004,4.128587229252112,2.4761262567840534,0.5204750529927531
8058,ZrS2,0,28,3.6407229925000113,-1.1118096535209259,-0.6011002088391226,-0.49136932937338385
8059,TaS2,4,28,1.0368547850000107,5.230623522088205,1.7334812469137466,1.0899107045782364
8060,ZrS2,0,28,2.3934121750000124,-0.5290615381998822,-0.028285485724906412,-0.3673154336415734
8061,SnSe2,0,28,1.5764372225000054,4.954415015837194,3.2277612809942573,0.23049737260802683
8062,SnSe2,0,28,2.1425124050000086,5.563053603885693,3.719188129820548,0.22356414389423795
8063,Re4Se8,3,49,0.0393911266666344,1.6812621688503333,1.8447546497641314,-0.37858526551144234
8064,Re4Se8,3,49,4.2040777299999785,-1.1247872605124702,-2.256236284395018,-1.5790066017905464
8065,SnSe2,0,28,4.112597035000007,5.573402835300286,3.070233616601148,0.38420561290852095
8066,Re4Se8,3,49,-0.5274477500000491,1.9854840932566815,2.410814851351469,-0.09587155796300428
8067,SnSe2,0,28,1.9062229050000008,5.943391317844441,4.160517846266479,0.3230392085711662
8068,TaSe2,0,28,6.869384914999988,-0.6425688965775436,-2.111999899512317,-0.26713513370929753
8069,TiS2,1,28,1.7509187300000004,2.746273255448201,0.29317022969390827,0.43047839015787703
8070,TaS2,4,28,1.3891117024999944,4.706356182835291,3.3983006230411843,0.7772794317620906
8071,TiS2,1,28,-0.6197303199999782,3.274217492762531,2.6578992271655055,1.10275412243935
8072,TaS2,4,28,-2.614775704999996,5.06556189821187,4.490438627859188,1.5304242448610392
8073,Re4Se8,3,49,4.140097799999962,-0.6135462354654568,-2.270369910303205,-0.02612577190344556
8074,TiS2,1,28,0.6584811625000189,2.7821607175353815,1.4346433066212785,0.6302131794774184
8075,TaS2,4,28,1.8116274000000068,3.434733219862867,1.279156831821689,0.06965957872161188
8076,TiS2,1,28,0.1695368400000063,3.0144952822941016,1.9953042556064795,1.4267409135120583
8077,TaSe2,0,28,2.726984174999993,-0.9079674005045504,-0.7827132462992281,-1.2724658965601534
8078,Re4Se8,3,49,4.135675599999953,-0.7286038506306496,-2.176313371288507,-0.11353716336461783
8079,TaS2,4,28,0.9008998899999974,3.202945229476321,1.3074179063892644,0.07205517795247662
8080,TaSe2,0,28,-1.3595649300000183,-0.16044824342120556,1.3178503411989522,-0.6302451394020405
8081,TiS2,1,28,-0.0770186549999909,3.5219796465415354,2.042538798508902,1.1956481900392568
8082,ZrS2,0,28,1.754140039999994,0.40846524564453723,0.45304411578206993,0.213735559861151
8083,ZrS2,0,28,0.6231172800000045,0.7457491636340287,1.3801578362846838,0.5956038316154942
8084,SnSe2,0,28,0.96587323375,5.738467701003418,3.6512273229414873,0.3316444632663982
8086,Re4Se8,3,49,2.6338229224999825,0.5586043153285902,-0.694122080596296,0.13974268774985488
8087,TaSe2,0,28,2.476222869999983,-0.3636423322039626,-0.17874959831215742,-0.12885757013934684
8088,TaS2,4,28,1.5641580900000118,2.9229752540144736,0.5795813321623622,0.14964945311878286
8089,Re4Se8,3,49,1.7076108049999768,1.2830656775185374,0.18075446370729864,1.0924032934853343
8090,SnSe2,0,28,3.8656477275000007,7.943896200010579,1.6433725215488684,-1.343796028942465
8091,TiS2,1,28,4.650902500000023,1.795732428385394,-2.6045000058873726,1.4484373030598725
8092,Re4Se8,3,49,5.3981861599999705,-1.5212178556837679,-3.4046779800174676,-1.3348251510379754
8093,TiS2,1,28,0.4479652675000256,2.3991197713208767,1.5265312957756294,0.23849959850237518
8094,TaSe2,0,28,2.3903621349999797,1.255815276079427,-0.21783557675972487,0.3848624711961057
8095,TaS2,4,28,-0.0669315975000097,4.224502039063934,1.9190984091251726,0.7725455285201106
8096,TiS2,1,28,-0.7909011449999941,4.162299037634067,2.8136418667025698,1.9737652546750837
8097,TaS2,4,28,1.4652110433333465,4.017208447480862,1.1487906281398386,-0.5766166543715545
8098,TiS2,1,28,-1.730457244999985,4.231388349024236,3.742606777635992,0.6502564933774673
8099,TiS2,1,28,-2.102383079999983,5.1727703242245315,4.275541725629866,0.4265917369468013
8100,TaS2,4,28,2.199659990000016,3.0488249394026528,3.114815228454981,1.3859558833367758
8101,TaSe2,0,28,3.4851022674999825,-0.5740046614768297,-0.43509945416074913,-0.4380544140301339
8102,ZrS2,0,28,1.112464117499998,-0.10449505596638797,0.2924222077004006,0.06751453132151486
8103,TaSe2,0,28,1.2680625724999852,-0.567271054606512,0.06556421436779236,-0.4547695128330337
8104,TaSe2,0,28,0.7966462274999928,0.21679024888957432,0.6285417576023429,0.09586911394084374
8105,SnSe2,0,28,0.187107759999999,6.212666076135865,4.109012406778565,-0.12135271061238508
8106,TaSe2,0,28,3.029309039999987,-0.5989012774725211,-0.12150200773273445,-0.7878011124232862
8107,TiS2,1,28,-0.4744195149999904,3.284347693787222,2.430699349111522,0.7995182282390244
8108,Re4Se8,3,49,0.3618454850000034,1.7616203311799077,1.5267846667486538,0.3285247965373705
8109,ZrS2,0,28,4.8899309562500015,-0.18095421064453276,-1.065403772081504,0.1611870997294096
8110,TiS2,1,28,1.5162429625000169,1.9501853571131218,0.44959666190489034,0.40265689152423434
8111,ZrS2,0,28,1.1953490049999962,-0.5112216742199669,0.3031352488833656,-0.13662786000589633
8112,Re4Se8,3,49,1.7143457074999748,0.714550242817408,0.20183820128044094,0.03402784068982423
8113,SnSe2,0,28,-0.5667667900000015,6.335262429165244,3.5783181304210423,-0.27873979861795906
8114,TaSe2,0,28,0.3938158149999804,0.3250318968810214,1.2307739858346753,-0.24794838780983555
8115,TaS2,4,28,0.4669896200000165,2.8243239487510006,0.7662647729417762,-0.2912327681679445
8116,TaSe2,0,28,3.6883681749999857,-1.292090469171637,-1.3906033968627787,0.30240788701173305
8117,ZrS2,0,28,-1.5669877800000016,1.6685349417380795,2.8759371313107316,0.8671578042360449
8118,TiS2,1,28,0.3957629800000157,3.0412797331652675,1.6568102240405116,0.5000223119896288
8119,TaSe2,0,28,0.3478712249999947,0.18605494407756062,0.8945291430547131,-0.5405401397949166
8120,TiS2,1,28,-0.162782244999974,4.174456172307103,2.1394487749733218,1.263000938415298
8121,TaSe2,0,28,-1.3489808350000203,0.8559786587152303,1.8940386085901082,0.5372231115096232
8122,ZrS2,0,28,6.924958839999995,-0.09811239936685734,-1.4248626778397577,0.12712147336466995
8123,SnSe2,0,28,1.7105881149999993,5.780187231755982,4.020239296015829,0.32617932802113936
8124,TaSe2,0,28,0.1101459449999984,-0.24667856956257977,0.5541696760581477,-0.13186301653320154
8125,TaSe2,0,28,0.8381310349999813,1.8393178734879743,2.180154160032774,1.265569722026691
8126,TiS2,1,28,0.04383207000002,3.3339474932680058,1.977257881197286,1.042300416661255
8127,TiS2,1,28,0.3511983000000136,2.0254920082529564,1.563183283531684,0.547585860614
8128,Re4Se8,3,49,5.229549870000007,-1.6294589689430814,-3.2489267042336083,-1.4234161228991766
8129,TiS2,1,28,-2.342591994999994,5.0658820807925355,4.457330141464023,0.7118455509336286
8130,SnSe2,0,28,0.3236673249999997,6.105313542067973,4.09299318252004,0.2928847100138349
8131,SnSe2,0,28,1.8797128050000032,5.699340358528439,3.925808047406816,0.2235578051735403
8132,SnSe2,0,28,1.442272545000007,7.097843367755324,4.386740087369988,0.27725978583088495
8133,TaSe2,0,28,-0.8801355300000171,-0.10206970198443932,1.488861236736264,-0.502081956699405
8135,TaS2,4,28,1.260198297499997,3.922033446630455,2.1306038475042754,0.8257945156103546
8136,SnSe2,0,28,3.616497555000008,5.894954643028557,4.109575869021395,0.7188063873624597
8137,Re4Se8,3,49,1.8871312174999857,0.807208773115859,-0.0032134089672708477,0.2291014955635724
8138,TaS2,4,28,1.6463067350000131,4.223546284714343,3.9903648875941844,1.4592148644516876
8139,Re4Se8,3,49,2.3303989616666203,0.511679684357448,-0.44078489617844085,0.04698681358158918
8141,SnSe2,0,28,-1.062243597499994,5.652436551245518,4.569157974712518,-0.34447036505493767
8142,TaSe2,0,28,4.451939622500001,-0.46629965299214815,-0.7247678040846774,-0.6568169195835378
8143,TiS2,1,28,0.7590248000000255,2.2701862840479277,1.228566347422765,0.4687078981226349
8144,TaS2,4,28,2.767223255000003,3.4908666052803516,1.3260314701383438,0.0615921257322154
8145,TaS2,4,28,0.7516963650000071,3.6941456626641775,1.0149889221576873,0.7143908173628671
8146,TaSe2,0,28,3.3635119600000065,-1.4316640697819076,-1.9325971606276513,-1.5831260286671005
8147,SnSe2,0,28,-2.366446869999999,9.800610758295491,7.976100660791828,3.441565371981098
8148,TiS2,1,28,0.5005414533333465,3.000388538070869,1.569619134295336,0.7201261870347972
8149,TaS2,4,28,0.5218558674999905,4.545331600710866,1.9023679131320286,0.6063523326368301
8150,TaSe2,0,28,4.448486362499986,-1.024784122509752,-0.7676442013213975,-0.7528184598714058
8151,SnSe2,0,28,3.690408520000005,5.192716149392899,3.213483440779821,0.17113656590697746
8152,TaS2,4,28,0.1983128750000165,4.622651461395247,2.740444226694726,1.0519820487823321
8153,Re4Se8,3,49,13.119220621666615,-6.7932240637951145,-11.08197495071223,-3.792927947919871
8154,SnSe2,0,28,2.225427927500008,5.214411515070996,3.4185885767877116,0.46775779930154604
8155,TiS2,1,28,-0.0558300162499874,3.018076712404264,2.073126767590218,-0.23453480550192501
8156,Re4Se8,3,49,0.8270899099999616,2.3013379133846414,1.057434872498716,0.5160429037716041
8157,Re4Se8,3,49,3.8493838599999934,-0.3538065246423274,-1.9155506582737158,-0.09632208860717117
8158,TaS2,4,28,-0.7266929399999942,5.195924227638341,2.895530248883661,1.30682522575388
8159,TaS2,4,28,-0.7317004849999931,4.4002969911187675,3.4249334981530692,0.8495025486240572
8160,TiS2,1,28,3.014340433333337,0.8072368772287968,-0.85488131925863,2.366569327459713
8161,TiS2,1,28,-1.902517439999996,3.282072347480872,3.8664668024369266,0.08693476724507243
8162,Re4Se8,3,49,0.3888523962500048,1.5382824354964144,1.4896304223535108,0.2999996755120802
8163,SnSe2,0,28,-0.0865005300000003,10.83563014324056,7.014949683900147,2.2046316112632245
8164,Re4Se8,3,49,2.3811707449999906,0.5436221805167736,-0.4886012825416979,0.23797989358033167
8165,TaSe2,0,28,0.6001505550000052,0.4693531497068226,1.2292548322426298,-0.35036417804688025
8166,ZrS2,0,28,-2.011735612500006,1.0455476188146018,2.947516614544684,0.6068814738077861
8167,TaS2,4,28,3.161222970000015,3.57538776048908,1.0340019509085954,0.6645319903779963
8168,TaS2,4,28,0.6872567924999937,3.560956657613939,1.494428257828579,0.38136400847199114
8169,TaSe2,0,28,4.222220809999987,-1.8155816711424637,-2.0255954580941644,-0.9202752826053744
8170,TiS2,1,28,0.7303038450000141,3.6831573633434918,1.3866686014416363,1.9774383692028668
8171,TiS2,1,28,1.5819339725000163,2.4844439056890706,0.41946387562925613,0.3695628670232991
8172,TaSe2,0,28,1.2858975049999914,-0.6933838642783524,0.15945528773987672,-0.5275360462216101
8173,TaSe2,0,28,2.8779497499999973,-0.23911018726602906,0.6456294501088489,-0.14228132920837133
8174,ZrS2,0,28,0.5153173462499896,0.09732557774089579,0.8273488426258446,-0.13469686666624936
8175,TiS2,1,28,-2.9506707249999766,4.658477471164934,5.082413202416969,0.019744481535824754
8176,ZrS2,0,28,2.025883695000004,0.27111154743672294,-0.09397794854004315,0.11978385794799395
8177,Re4Se8,3,49,1.7892835274999772,0.8536425296797918,0.1420826777154769,-0.0016830499634579166
8178,SnSe2,0,28,0.1215367449999993,5.429838882517701,4.042876866094158,-0.012176765370482692
8179,Re4Se8,3,49,0.644801627499971,1.1679524074960617,1.2389330358275639,0.1299331874617803
8181,Re4Se8,3,49,8.27381501499996,-4.297115662735555,-6.316742995422933,-1.4487672041275639
8182,TiS2,1,28,8.386690999999999,-3.2813294588877353,-6.23910521063741,-1.0060217240804024
8183,TiS2,1,28,2.1514356250000133,1.751749027328478,-0.0029229436747364446,-0.33108692511241977
8184,TaS2,4,28,-1.4495973200000083,4.188335340261137,2.9266035169757165,0.5463165055112794
8185,TiS2,1,28,-2.4955530949999853,3.209514298893011,4.451115448134141,-0.1458210956484116
8186,TaSe2,0,28,1.1822910174999794,0.10967462606488065,0.2526800766314903,-0.2289663816764117
8187,ZrS2,0,28,14.475197891666651,-6.246621231510401,-6.196337481612126,-6.47126271354572
8188,TaSe2,0,28,5.310423484999999,-0.48500914529866446,-0.827265850264892,-0.6383431271305335
8189,Re4Se8,3,49,2.1080871949999547,0.47247174080123333,-0.216885460457108,-0.261482251724503
8190,TaS2,4,28,3.592810887499992,3.639867207999683,0.693247856294767,-0.2378091200235919
8191,TaSe2,0,28,0.7191478349999929,0.17429030555125624,0.673876410897936,0.05984338738159889
8192,TiS2,1,28,0.8109499300000174,2.2867174859367707,1.2302954510373767,1.2690501923881867
8193,ZrS2,0,28,1.5153809175000068,0.7002805287534517,0.26400651682362186,0.40552304336374245
8194,TaSe2,0,28,5.682872404999998,-0.42998102341837363,-0.700116426097817,-0.46570455069091565
8195,TiS2,1,28,1.819912755000008,2.619025385869133,0.19790430515268143,0.3316533928042522
8196,Re4Se8,3,49,6.760985959999963,-2.2009059085778437,-4.845804680817529,-0.5715039068790322
8197,TiS2,1,28,-0.5902876249999818,3.8280461422653014,2.611745058700543,1.446110585535667
8198,Re4Se8,3,49,3.439157922499996,-0.20899399065337754,-1.5597830210463421,0.01956196682292033
8199,Re4Se8,3,49,4.0342043949999935,-0.932784310364577,-2.18214662013834,-0.14978423852111167
8200,SnSe2,0,28,3.768010875,5.4337411518758145,3.393065193878174,0.07817655760701525
8201,TaSe2,0,28,2.2496425924999963,-0.3296919880612146,0.24934126751587282,-0.25033798002237595
8202,TaSe2,0,28,-0.0285272949999999,0.10874727905456533,1.2885672603116862,-0.8820347434216309
8203,TiS2,1,28,-0.3527390349999848,2.811279871969996,2.3282089421248218,-0.11868014046591685
8204,ZrS2,0,28,0.6849420300000041,0.14108385335672602,0.7662989069150757,-0.025669756618452944
8205,ZrS2,0,28,3.42731399,-1.2441483602952066,-0.9985337521663413,-0.033189323150228045
8206,TaSe2,0,28,3.7089330350000047,-0.3987152571120247,-0.5367504750329637,-0.3579884364841761
8207,SnSe2,0,28,-1.3226213099999988,8.701027953867492,6.496320847913004,0.41070449773905315
8208,TaSe2,0,28,3.809161464999997,-0.22675542099364954,-0.812069694827878,-0.7106494512467418
8209,Re4Se8,3,49,2.788931450000004,0.06258936648508273,-0.9057095058268272,0.22774330700377998
8210,TaS2,4,28,3.074564730000012,4.230673199026274,2.7962107311968873,2.3802843542183307
8211,TaSe2,0,28,1.8666092049999827,-0.33367561220365705,-0.2146369906190826,-0.3373153499686514
8212,TaS2,4,28,-1.2533966149999871,5.422816857309558,3.2412218497310255,1.1363138602290723
8213,TiS2,1,28,1.0641337200000205,6.299346847932108,1.1748333807791949,5.902374827464986
8214,TiS2,1,28,0.5939432625000047,2.623020108141068,1.4088698383148146,0.3224074995493523
8215,TaSe2,0,28,0.6651860237499791,-0.2397982438783564,0.4761712789157313,-0.24956752462990267
8216,SnSe2,0,28,-1.738511584999992,5.940720660291943,4.74773123145385,0.010735931796663545
8217,Re4Se8,3,49,0.7400945399999749,1.5160629774331915,1.1396186774174244,-0.327582038919144
8218,TiS2,1,28,1.27450814,3.259974339095459,0.7325392747796631,0.8542222365614829
8219,TaSe2,0,28,2.210595529999983,-0.441100678569726,0.02422960427736065,-0.5963217434551833
8220,SnSe2,0,28,3.0161992549999983,5.466057634343263,3.485271072377321,0.09879439670796897
8221,SnSe2,0,28,-0.5499696999999908,5.757973220965567,4.293586360435985,0.38941306573281953
8222,SnSe2,0,28,2.1543230450000017,7.028143303012287,3.5512056911145002,-1.1069973544126401
8223,SnSe2,0,28,2.5228599824999955,9.39371894612956,8.802417425464075,2.844728696495773
8224,TiS2,1,28,-1.1436708899999803,3.0879006517594205,3.1038605106537687,0.050376428431783804
8225,TaS2,4,28,-1.8764265450000093,3.7794629407087292,2.33111970346762,0.15415947359396265
8226,ZrS2,0,28,2.4150881399999857,0.7489246894627013,0.6215151518294415,0.16181687213075158
8227,SnSe2,0,28,2.481737787500008,10.002907420222975,5.5161650826782145,2.105706994757072
8228,Re4Se8,3,49,7.599305284999992,-2.945630960646456,-5.697777204695528,-0.1561757455102457
8229,ZrS2,0,28,1.1637818225000078,0.5001183939204836,0.7079960696127241,0.2478717756496096
8230,ZrS2,0,28,0.9317934849999894,0.8080719769852809,0.9766659399725448,0.14724080372427406
8231,TaSe2,0,28,2.8179437450000067,-0.1676959724653182,-0.10049312625611018,-0.8795593312808294
8232,TaS2,4,28,-2.936465219999988,4.809115525430083,3.806617534503976,0.9772405985451134
8233,TaS2,4,28,0.160733594999991,4.820635264608977,2.016255841149606,0.9645887866553843
8234,TaSe2,0,28,0.9731455799999856,-0.3945710020326598,0.03494102189312154,-0.17331887851784855
8235,TiS2,1,28,-2.9019450449999846,4.864768038596379,5.047656069602239,0.45682892243630446
8236,TiS2,1,28,0.166984145000014,2.419748719379869,1.9058771688198712,-0.2034085434222552
8237,ZrS2,0,28,-1.7992657874999989,0.9047662074345896,1.6029045636433907,0.0707562819101959
8238,Re4Se8,3,49,4.429540074999952,-0.9991792411961398,-2.5500682961303234,-0.18281658205968565
8239,ZrS2,0,28,3.0050676749999976,0.6134641084218369,0.19660503796183493,-0.08864880470987702
8240,Re4Se8,3,49,3.065973774999984,0.5734547610972247,-1.1021193031575358,0.12974427500306795
8241,SnSe2,0,28,-1.746988932500001,6.851443926701661,5.691999912470298,0.7520053388771576
8242,ZrS2,0,28,2.884350689999996,-1.011848959081112,-0.38895097648376087,-0.8452344663468385
8243,Re4Se8,3,49,2.5262126749999902,0.3814853999766128,-0.6346576835957747,0.12781335649415038
8244,SnSe2,0,28,2.88340588,8.499148333205973,6.184065624211426,0.43258846216817215
8245,TaS2,4,28,0.0366638800000052,3.5672805805509387,2.233015904774775,0.21452296768676238
8246,Re4Se8,3,49,6.345946745000006,-1.7691747704364076,-4.446169094166876,-0.29613442810547497
8247,TiS2,1,28,3.2992954475000267,3.67103971815956,-1.2067618193541731,2.22644374546262
8248,TaS2,4,28,1.9901006400000048,4.0136174182682245,2.6905085067539423,0.44550146863748696
8250,TaSe2,0,28,1.543528184999989,-0.28577473333474646,0.4289475026627716,-1.1923431016107067
8251,TaSe2,0,28,2.2167908424999982,-0.6140252426134218,-0.3594857528673281,-0.9336091354356875
8252,ZrS2,0,28,0.8532577399999959,-0.0247546081335408,0.6955002502013183,0.08232235465535898
8253,TaS2,4,28,-1.218599492500003,4.444197033037519,3.2547186356681346,0.7024827939170358
8254,SnSe2,0,28,0.0468091299999988,5.400418586445924,3.9166999925306203,-0.11108495105000693
8255,Re4Se8,3,49,3.1679805449999816,-0.6567131213702209,-1.296594255403424,0.0012452272219016791
8256,TaS2,4,28,0.3992235300000129,4.276627179279365,1.5639229976082227,0.6491505268160882
8257,Re4Se8,3,49,2.538685322499973,0.39543068339754894,-0.6524599400129938,0.0005546403957383816
8258,ZrS2,0,28,5.430380354999998,0.02093687586039472,-0.632073889851072,-0.050896496255694146
8259,TiS2,1,28,0.1351458975000206,4.165222332048116,2.0060816259857988,0.47053425030678275
8260,SnSe2,0,28,0.7663432675000071,6.495617954194939,3.642627128223972,0.43782703902363374
8261,Re4Se8,3,49,1.0428631899999552,1.4164617262038617,0.8385066391779012,0.15407902019749353
8262,TiS2,1,28,0.5899475700000281,2.5817641132732874,1.4713299387356287,2.0502356403728967
8263,ZrS2,0,28,-0.4406927749999987,0.7503796741851794,2.1023553138463322,0.04603770628458531
8264,ZrS2,0,28,2.0635414025000083,0.13277404498941214,0.2666334409702471,0.058777421632275395
8265,Re4Se8,3,49,1.7330554437499732,0.4829830614863344,0.13281813146059807,0.017568259252956464
8266,ZrS2,0,28,3.676254215000004,0.6342086571872927,-0.32398087000641285,-0.09088558172974048
8267,TaSe2,0,28,3.2705810000000053,0.033250338882441,-0.6173370609181776,0.053047902435297445
8268,TaSe2,0,28,0.7124455299999987,-0.09784701735046253,0.5627952886594659,-0.20588933696614453
8269,TaS2,4,28,6.574299545000009,3.098709691653638,-1.0758673855761804,0.2686795682608967
8270,TiS2,1,28,0.3455555799999992,2.1167592641314705,1.704463723957622,2.299783670564576
8271,ZrS2,0,28,4.940437869999997,-2.107294635747067,-1.754392064386797,-0.0391505527239957
8272,SnSe2,0,28,0.5493179550000065,7.717186491665439,4.780272286114292,0.3035120576393572
8273,ZrS2,0,28,4.173682784999992,-1.4884796301181962,-1.074745432501619,-0.48844474153278794
8274,TaS2,4,28,-0.2299423299999876,4.484134841240629,2.163877495405261,1.1291459086310707
8275,Re4Se8,3,49,2.0304401599999604,1.020961614088581,-0.141276665889853,0.21516705715295315
8276,ZrS2,0,28,1.3515853049999942,0.5178248522036801,0.4563628074877988,0.15226956579620943
8277,TiS2,1,28,1.1085822375000034,2.096070071917721,0.8714669355372078,0.32509778028920144
8278,TiS2,1,28,-2.269563244999992,3.470206784428703,4.197987841786491,-0.15450671591207676
8279,ZrS2,0,28,0.716907324999986,0.570468204607151,0.9381401711598853,0.45827287176209897
8280,ZrS2,0,28,2.4695422400000084,0.03247891376789536,0.2874590805210282,0.020989284022411958
8281,ZrS2,0,28,1.0091825049999956,-0.38153248249328175,0.40214791676564965,-0.14866671183542446
8282,Re4Se8,3,49,2.7792701549999554,0.14207833730452846,-0.890935165452226,-0.05073704597082118
8283,TaSe2,0,28,2.3880716150000003,-0.6197828039521285,-0.37243079990091976,-0.3509099468583172
8284,TaSe2,0,28,0.3223075862499942,-0.060570080655104885,0.6250379884468645,0.33937561553986173
8285,TiS2,1,28,-1.1756076199999803,3.332353371698792,3.175838051556682,1.2597299598844205
8286,ZrS2,0,28,1.9182857199999948,1.5943318680432181,1.0873559788372855,-0.038596185494786495
8287,TiS2,1,28,2.1222069266666828,2.0280698931982264,-0.025006493253495243,2.076183954553817
8288,TiS2,1,28,2.074157995000009,1.7590893486991281,-0.022750300183419725,1.7942901035005607
8289,Re4Se8,3,49,3.0291743174999763,-0.0312817787935149,-1.1068228379696419,-0.43045702535011454
8290,TaS2,4,28,5.0194834875000085,5.178556838936353,2.146528799639884,2.933875798490389
8291,ZrS2,0,28,0.7976342575000075,0.14008834598001363,0.8994328045600308,0.6833062433951749
8292,ZrS2,0,28,0.5335559174999975,0.41714452449625894,1.4087637538129705,0.643975285134178
8293,ZrS2,0,28,5.270140265000006,0.17663087986693693,-0.7951888785482852,-0.26706244008952496
8294,ZrS2,0,28,0.9976985750000072,-0.04124135746562407,0.9657882951298958,-0.2410038210352652
8295,ZrS2,0,28,3.917789999999997,-0.9407663189951547,-1.1916906678263315,-0.03464816446939789
8296,TiS2,1,28,-3.1886267124999943,4.901087071437575,5.2154244442174225,0.5259948034474635
8297,TaSe2,0,28,1.9997998074999792,0.6477872534283655,1.0639875733543094,-0.7128316955080969
8298,ZrS2,0,28,4.73647878250001,-0.9886737434120785,-1.6907118725828139,0.05781605163695325
8299,TaS2,4,28,0.2837395374999989,4.570362438258871,2.771700570481365,0.8054223353637706
8300,Re4Se8,3,49,1.4342056999999695,0.8522278378011374,0.4557650396825459,0.1994178205332744
8301,TiS2,1,28,-2.402766667499983,4.61808630098387,4.577660761967146,0.8058437930492994
8302,Re4Se8,3,49,7.406443964999964,-2.961856178007573,-5.5122225796799365,-1.729218057356328
8303,SnSe2,0,28,-1.5350406650000026,5.854807106981001,5.265353727667849,0.020461925197959863
8304,TiS2,1,28,4.27659825500002,-0.7321483693137814,-2.18552847719342,2.727630336918925
8305,SnSe2,0,28,-0.1148015599999912,9.24855883335611,5.8526134432906,1.2785801432087112
8306,Re4Se8,3,49,2.6396864049999555,0.17552218900435745,-0.7815884543824831,0.09121292895390187
8307,Re4Se8,3,49,1.4776499849999825,0.674818418180458,0.39604220962078585,0.2420038995698215
8308,ZrS2,0,28,-0.2546857549999908,1.08825635455596,1.7780252252275501,0.45866818768329976
8309,SnSe2,0,28,5.581162440000007,5.867934557578932,2.731178534807732,0.8469011115848728
8310,ZrS2,0,28,2.4345272649999847,0.08313569727774572,0.0716945857131095,-0.1932039926127982
8311,SnSe2,0,28,-1.443378899999998,5.868502353140257,5.179302905508421,0.09108787229512316
8312,TaS2,4,28,-1.839233155000008,3.981193457988696,2.2683180917777586,0.36640699202596827
8313,TaS2,4,28,1.222927927499997,3.082731605047,0.7600993717452016,0.023971319669497726
8314,TaSe2,0,28,-1.2245220425000003,-0.12636771974263472,1.817625371840617,-0.4689582107196042
8315,TiS2,1,28,-1.1343563774999748,3.676657158114192,3.216471431630529,0.5976453999456535
8317,TaS2,4,28,-0.6055849649999914,5.232042656192618,3.793706045398551,1.457285032520133
8318,SnSe2,0,28,-0.8323142974999991,4.973443075957641,4.629531110269571,-0.5886565397751882
8319,SnSe2,0,28,2.394542709999996,5.947964731838587,4.0386775970322715,0.690087302512211
8320,TaS2,4,28,2.360852635000004,4.079491221811519,2.2221414286952674,0.9277681548457806
8321,SnSe2,0,28,2.9515442775000054,5.255395260819901,3.171356764802444,0.4909814272017363
8322,TaS2,4,28,0.5425133975000129,4.743182632163073,2.81585245612751,1.0426900514313633
8323,ZrS2,0,28,5.183084587500003,-1.4592147074595165,-2.1108709377502475,-0.7647599580342641
8324,Re4Se8,3,49,0.8308156249999818,1.0672357561111632,1.043859887313861,-0.06375884195961723
8325,TaSe2,0,28,0.3584797299999947,-0.12070511948058554,0.19763343363017288,0.07136655677368692
8326,TiS2,1,28,-2.1666242999999943,3.311071547187291,4.10727007420552,-0.05595827865906333
8327,Re4Se8,3,49,5.364516519999974,-1.5542984639569846,-3.4619283114835353,-0.49522855231808904
8328,Re4Se8,3,49,0.7402640762499604,1.2663925704785552,1.1397557474601634,0.21565983865940241
8329,SnSe2,0,28,-0.3584781849999925,9.595376448295484,5.6634807154158455,1.3004242146630784
8330,Re4Se8,3,49,2.227853774999999,0.5453144709513356,-0.335149049734496,0.23154481254476034
8331,TaSe2,0,28,1.7845471649999984,0.12932305041595615,0.5124544352655045,-0.036372338695880524
8332,TaSe2,0,28,0.0754625999999814,0.1408431327270694,0.9315817153381534,-0.8707747662139707
8333,TaS2,4,28,0.9820177725000004,4.225177986319579,2.1017402637955724,0.6072604883668006
8334,TaS2,4,28,2.7725381775000097,2.310326901743968,-0.4969636523026626,0.0812752323052881
8335,TiS2,1,28,-2.0052227249999834,5.0223543714741865,4.016718752310673,0.5378046901285642
8336,SnSe2,0,28,6.158097629999999,2.6559934166512056,0.794753665471192,-3.0926447364249667
8337,TaS2,4,28,2.5761890099999984,3.5830498053076187,2.6167050514064547,1.45254567399048
8338,SnSe2,0,28,3.048395524999996,6.233400294600427,2.2322529449249306,-0.6493255402460694
8339,SnSe2,0,28,0.4282731850000072,7.04788670549275,4.979828214739576,0.10398317982238048
8340,TiS2,1,28,0.5601174025000177,2.8029613109170355,1.4127370925485052,0.43443449454893246
8341,TaSe2,0,28,0.7970803149999997,-0.733642932619832,0.28995581781250035,-0.8319739866715491
8342,ZrS2,0,28,0.6412212200000127,2.8368111305401484,2.015862132406807,0.751135692295011
8343,TaSe2,0,28,2.1140025649999847,-0.17769072398893737,0.34887621854392004,-0.17106272722634386
8344,ZrS2,0,28,0.6758927662500045,-0.3875351110426884,0.3982804458013871,-0.04074094288828978
8345,ZrS2,0,28,3.2114478450000083,-2.1534244717140787,-1.661118875044564,-2.02902929991283
8346,SnS2,0,28,-5.2067245275000005,12.12971151175293,10.569480461897381,8.473830901604819
8347,SnSe2,0,28,-1.0626075299999929,6.17819309556701,4.88509965265014,0.2569104862632171
8348,Re4Se8,3,49,2.023419017500005,0.8402963927325389,-0.10418978820872504,-0.19597962986064155
8349,TaSe2,0,28,-0.1972914150000062,1.1344280253490255,1.7325706889868226,0.8032168557882753
8350,TaSe2,0,28,1.883704045000001,-1.0344360854052745,-0.46398514368367616,-0.817465562206829
8351,TiS2,1,28,-0.1128140049999757,3.870196795247575,2.2460836328889733,1.036109463157833
8352,SnSe2,0,28,0.4138254349999988,8.72914798800415,5.684504268013104,0.6347056204504407
8353,ZrS2,0,28,4.923058790000006,-1.6606998463786886,-1.4983187139349425,-1.151076835425421
8354,TaS2,4,28,-0.6870926899999847,4.1875375790685885,2.3600644949367116,0.3200612746964366
8355,TiS2,1,28,-2.2298257949999765,2.9860397778999603,4.157386283382952,-0.1264776584454581
8356,TaSe2,0,28,0.8619563974999966,0.281474193129581,0.4164535206493156,-0.16461058438455878
8357,Re4Se8,3,49,0.9818754549999652,1.5551229758878926,0.945768877249994,-0.2716368393281716
8358,TiS2,1,28,-0.8178804349999744,3.4539168310265858,2.8727063767215726,1.3114491733015694
8359,TaS2,4,28,0.1348109449999972,3.5885929856640653,1.841311513775841,0.1403239363374865
8360,TiS2,1,28,-3.9634755999999953,5.184780493493648,5.970579003409318,0.7878389111317907
8361,ZrS2,0,28,-0.2729091550000113,0.5540710195986034,1.266135683167736,0.11923359881714996
8362,SnSe2,0,28,0.7160877674999959,9.213411143403935,5.33765066760946,2.0581303944008424
8363,TiS2,1,28,0.6885922500000223,2.1768856298421,1.3505084764454938,2.725573882609027
8364,TiS2,1,28,-0.8384989249999929,3.9751005320047943,2.8750490892227103,0.8106626816884288
8365,ZrS2,0,28,2.3566560250000084,-0.9614124200220828,-0.551852653570565,-0.6298220059748416
8366,TaSe2,0,28,2.6687645999999896,-0.4892512250355936,-0.28966809197386656,-0.9229903706324156
8367,Re4Se8,3,49,3.7766269224999953,-0.5037646470585075,-1.8961371757704624,-0.17437769751932297
8368,TiS2,1,28,0.3854831350000072,2.202478816891574,1.521988005225721,0.1577757704107594
8369,TaSe2,0,28,3.2243782600000053,-0.18271588486776258,-0.3751229365899711,0.20248024461323544
8370,Re4Se8,3,49,4.327160754999999,-1.0556257955247994,-2.4747121326143375,-0.24429678837605628
8371,TaS2,4,28,-0.0170552274999886,4.273882105093983,1.9489300192810963,0.8237927696523933
8372,SnSe2,0,28,1.6260232150000018,6.356472649232379,4.7228206774153625,1.0440413932560202
8373,TiS2,1,28,-1.6972966599999797,5.448189775997294,3.757707874828471,0.5061068940698039
8374,TaSe2,0,28,1.0814674725000004,0.038006859037882146,0.6387441525991817,-0.25018847285349566
8375,TaSe2,0,28,2.2277911924999936,-0.8233961287818337,-0.1732652608237646,-0.4544420265835507
8376,Re4Se8,3,49,5.363037929999964,-1.0484305879157159,-3.4445050021689507,0.054766629071894
8377,TiS2,1,28,1.0243213275000205,2.1813304723377276,0.9541692635491739,-0.3332585591996461
8378,TaSe2,0,28,2.1218205649999824,-0.3060613035508044,-0.10149077170571141,-0.4177728056259997
8379,TiS2,1,28,-1.6820064149999894,4.805145518253672,3.742254789938954,1.2122692826096493
8380,ZrS2,0,28,0.860589100000011,0.23006455791319702,0.7088282971811821,0.16631250274504517
8381,ZrS2,0,28,0.5964245699999843,0.05922866829652451,0.9256082472048089,-0.011169821337671415
8382,TiS2,1,28,0.0180499250000121,3.2097238208546837,2.087368359734078,0.7510120774998862
8383,Re4Se8,3,49,3.189102349999981,-0.18964860670113248,-1.3044390065704157,0.011539599971535974
8384,TiS2,1,28,-0.3877127699999789,3.4527219268628735,2.363192531759419,0.9697506162473339
8385,Re4Se8,3,49,2.3194732849999684,0.3608060891226512,-0.47287871293270767,-0.00879814080441177
8386,TaSe2,0,28,2.166541014999986,-0.16795332718972422,0.3389615268599586,-0.04220683861855701
8387,TiS2,1,28,-0.0011924874999924,2.7524241181432014,1.9674243899403814,0.3349576763529384
8388,TaSe2,0,28,0.8282443237499963,0.018035813947859247,0.4258880662722815,0.18645382402374633
8389,Re4Se8,3,49,0.7162042800000016,1.5354110853462712,1.1647153354276516,0.15929949845764002
8390,TiS2,1,28,2.315071780000016,2.8179711118202557,-0.28406135093558316,0.9481183305244798
8391,TaSe2,0,28,5.031140344999988,-1.3212313827502324,1.0182231091829541,-0.3515771405525596
8392,TaS2,4,28,1.6745199925000152,3.947420302401515,1.7589790258512217,0.4845636123126069
8394,TaSe2,0,28,-1.406922580000013,0.019333761132011684,1.3127159289481738,-0.3946123111285271
8395,SnSe2,0,28,2.20003428500001,5.624102528481639,3.5184660112748114,0.3436844503769838
8396,SnSe2,0,28,-1.6537943999999951,6.444386196239212,5.193045330150345,0.5101028602355908
8397,TaSe2,0,28,0.4331919300000049,1.0428107631762646,1.6412955972115024,0.2599288674751742
8398,TiS2,1,28,-1.7873152999999875,3.052030494702136,3.7416769374333576,-0.08238632391663847
8399,TaS2,4,28,-2.2703964750000067,4.036200368407193,2.8679091970153876,0.41842015981954606
8400,SnSe2,0,28,0.1859291349999984,8.324467345560304,5.7305698439327,0.6286404177394629
8401,Re4Se8,3,49,0.0267839766666264,1.7638189855093787,1.8581356667354731,-0.16294721137731977
8402,Re4Se8,3,49,3.4548324449999672,-0.506289373253141,-1.561576615188871,-0.10536270381446089
8403,Re4Se8,3,49,7.851797334999992,-3.0872564242791665,-5.950973423968905,0.03658303355062653
8404,ZrS2,0,28,4.877353972500012,-1.98733201255942,-1.8570300999337892,-2.068299359386609
8405,TaS2,4,28,4.059525465000015,3.4411394049442396,0.894330049526352,0.2688924719608412
8406,ZrS2,0,28,3.2467039849999857,-0.09342865413857604,-0.07656602329445983,0.03788943820761537
8407,Re4Se8,3,49,3.6124554499999535,-0.44369173298436904,-1.7181220079477482,-0.04852573325394127
8408,ZrS2,0,28,1.2154399700000091,1.78217719524759,1.3964924666251535,0.7866591069068307
8409,SnS2,0,28,-6.2457850225,10.226375365975342,9.849429314059854,8.146617000026346
8410,ZrS2,0,28,0.6612665537500079,0.3067103342708255,0.7061306751267419,0.4448194619512861
8411,Re4Se8,3,49,4.077628544999957,-0.7919132431683935,-2.1974272847511367,-0.03177651965002237
8412,SnSe2,0,28,2.4677878700000004,9.868899535904134,4.590080451736653,1.31937443392456
8413,SnSe2,0,28,2.606073659999999,6.662439940031535,4.463363843814698,-1.1411417348621613
8414,ZrS2,0,28,5.439382204999991,-1.1345688994630851,-1.4124126132234611,-0.9161952034537677
8415,ZrS2,0,28,1.5822552433333272,0.038021009095363434,0.2035591214178527,-0.25731372741078085
8416,TaSe2,0,28,1.6566045850000064,-1.0563331216058414,-0.6724881896854719,-1.1955115566135726
8417,ZrS2,0,28,-1.8110812900000035,0.5667071340017735,1.8869300283524613,0.12300773437154477
8418,Re4Se8,3,49,2.9245085149999936,0.14222277899618163,-1.0305415223038674,-0.10305708944762548
8419,SnSe2,0,28,2.1811420100000003,6.102622749699503,4.4390004498693845,0.6943806035253903
8420,TaS2,4,28,0.3313534500000079,3.262549694200635,1.7731515326304037,-0.25266530531617
8421,Re4Se8,3,49,6.054197294999953,-1.590292040000156,-4.15902736136297,-0.0158773894009947
8422,TiS2,1,28,1.5858055875000172,3.3845418169799633,0.510019329657474,1.210598615279117
8423,TaS2,4,28,0.6754935799999906,4.322809038662526,1.5534187735156344,0.7205074808037406
8425,TaSe2,0,28,3.3350604849999885,-0.3534173645521941,-0.3792238710270066,-0.3501468974297981
8426,Re4Se8,3,49,2.6639344199999617,0.26606453413720477,-0.7690395021939722,-0.012044142137412894
8427,TaSe2,0,28,2.797749462499988,-0.04535478629149203,0.2021423749379596,-0.12077778853453403
8428,Re4Se8,3,49,3.1031412924999904,-0.5503166363313707,-1.194093609419953,-1.2075370396847438
8429,TaS2,4,28,-2.311354902499998,4.64170045367289,3.8114922316015605,0.6259844572485331
8430,TaSe2,0,28,2.5380482299999905,0.024261511973886485,0.2521146512154231,-1.1881886347012234
8431,Re4Se8,3,49,3.4609674349999904,-0.8273590143100895,-1.5902732348021347,-0.04926901415750162
8432,Re4Se8,3,49,2.1802779824999883,0.6642840711804316,-0.29372215186237427,0.15881459003012255
8433,SnSe2,0,28,0.9157450249999984,5.156716699281312,3.390285526592511,-0.398762787502033
8434,ZrS2,0,28,3.9087478499999935,-1.0472742896667415,-0.8986876191090838,0.11399521615194308
8435,SnS2,0,28,-9.867721222500007,13.940566443065803,14.425321164389452,8.452981852153938
8436,ZrS2,0,28,2.1706915399999938,-0.7173209291270892,-0.48196845268920274,-0.4751976829341571
8437,TaSe2,0,28,2.1408404549999904,-0.7364290198727321,-0.7947680196209621,-0.9467930437171332
8438,TiS2,1,28,2.9784989875000143,2.3313431221801615,-0.929793290440383,0.5266868550140238
8439,SnSe2,0,28,0.8374391874999976,5.700939090914411,3.399300289021812,0.580243340995791
8440,SnSe2,0,28,1.8371515125000089,8.187031442923981,5.332602515820303,0.05240092178547284
8441,ZrS2,0,28,2.111928434999985,0.13012833214580732,0.3293073457159572,0.09346058782716327
8442,TiS2,1,28,-0.1099325249999774,3.1756549507786844,2.216269118627907,0.360805693309507
8443,ZrS2,0,28,1.711202212499999,-0.4591814163599641,0.050870787772115955,-0.23747927777709865
8444,Re4Se8,3,49,2.023626233749977,0.2771732155348947,-0.15585436981259893,-0.19938467503924273
8445,ZrS2,0,28,1.6787050849999936,0.16342716546794267,0.42279749246379206,0.016413223067328175
8446,TaS2,4,28,4.318311365000005,3.62594096705159,0.21445855344176756,0.9044815783186797
8447,TaS2,4,28,5.451994320000014,1.3445271847200377,-0.8950875403928773,-1.8018561008024228
8448,SnS2,0,28,-0.5980422600000006,9.286119868744304,8.606649488597007,7.059839020559083
8449,ZrS2,0,28,1.1314363850000095,0.056044501777232414,0.5927862353282578,-0.18377220360861146
8451,TaS2,4,28,0.3263628025000091,5.0738126099959215,3.2101180216526193,0.8919404408191844
8452,ZrS2,0,28,2.219546154999997,0.26087244762553174,0.5161878309008818,0.06562233382039695
8453,TaS2,4,28,-0.7437526250000097,5.2961107754821874,4.6700446470693056,1.46745434046937
8454,TiS2,1,28,0.7087161875000176,2.138279643035871,1.2327197456130805,0.2094674571126126
8455,TiS2,1,28,-2.0371015149999807,3.4193941830246795,3.9650349695135305,-0.08058213406312964
8456,ZrS2,0,28,0.0373161349999957,0.7387976135504193,1.4905094589483685,0.6264552559149212
8457,ZrS2,0,28,2.101305254999992,0.1277524543760249,0.42904090016663377,-0.052172311846610864
8458,ZrS2,0,28,0.2017952450000111,0.049184655360096335,1.0883609604951874,0.02267020465107128
8459,ZrS2,0,28,0.1263691199999908,1.1765650895057262,2.3548601057944833,-0.3843040876767893
8460,Re4Se8,3,49,3.214450594999966,-0.18358826360958513,-1.3235330554034084,-0.32208084783810076
8461,TaSe2,0,28,1.7783408249999857,-0.7594756767735655,-0.37148289735970663,-0.3826116805857198
8462,TaSe2,0,28,0.5632043462499925,-0.48435964003254456,0.36279577200562274,-0.016196547101432923
8463,Re4Se8,3,49,0.1262259999999753,1.2033461213023116,1.7333717624257652,-0.317111146458919
8464,TaSe2,0,28,5.011220929999986,-0.06576887565835232,-0.5273512184419618,0.3399318079353977
8465,TiS2,1,28,0.1237234500000132,1.9556805067311474,1.8621481431574372,-0.04472202330323585
8466,TaS2,4,28,2.283433150000013,4.733381240818265,2.7782894464863963,-0.268687556929029
8467,TaSe2,0,28,0.6703887799999997,0.09811905824920686,1.2270371497053023,-1.736196043056437
8468,ZrS2,0,28,1.0453064674999857,0.4455283646914816,0.5797639851901388,-0.10536442546710811
8469,ZrS2,0,28,1.8914886975000087,0.7763535317073482,1.0082809265742916,1.5425396100968336
8470,TiS2,1,28,-0.9585852099999828,4.09865628416787,2.8808103276833936,1.3111795061374747
8471,TiS2,1,28,0.07154394,3.3323380469359334,2.080512118247884,1.1798910219547527
8472,ZrS2,0,28,2.7895417249999905,0.4194215896921887,0.16688282918905584,0.352328773657236
8473,Re4Se8,3,49,2.077070059999958,0.40786856152103823,-0.18721507253759628,-0.33611144882950694
8474,TiS2,1,28,-1.9641383924999885,4.408810500196521,3.9860676168321625,0.48611271768004216
8475,Re4Se8,3,49,0.4942735399999618,1.4607391788365047,1.3792777889769872,0.14356867808119456
8476,TaSe2,0,28,0.0697147950000065,-0.3106398686236637,0.5608340795371435,-0.43202878082459145
8477,TaS2,4,28,1.0915633074999975,5.115540898585207,3.3910283215283226,0.3819022146303328
8478,ZrS2,0,28,2.2890177324999943,-0.6777376885801132,-0.1465476111163273,-0.25763076102630045
8479,Re4Se8,3,49,1.7023231699999624,0.6417893057131319,0.18938480665917656,-0.03533551245296529
8480,TiS2,1,28,-1.3508834674999912,3.4351869657681187,3.3194560443407095,0.004536135499258798
8481,TaS2,4,28,3.5132975762500136,3.6225437933788927,-0.20143415385621477,-1.4717175350004204
8482,Re4Se8,3,49,5.454162514999976,-1.1466226545924645,-3.560536381399105,0.06752149582359124
8483,SnSe2,0,28,0.9478346875000072,5.651696565678907,3.6392223864110234,0.1341043342463104
8484,ZrS2,0,28,0.7541083599999991,0.4806960715973927,1.4761529658361825,-0.48604171533142004
8485,Re4Se8,3,49,2.783689984999993,-0.057031402312615054,-0.9044598830967134,-0.06898801458169856
8486,Re4Se8,3,49,2.8964184749999538,0.02351015519312094,-1.0358409314233954,-0.08886208423762465
8487,Re4Se8,3,49,1.3874239949999607,0.7293342720847966,0.49022272938307565,0.25709779772973484
8488,ZrS2,0,28,1.5687169750000072,0.5127961914276051,1.043113974783318,0.2998855392669606
8489,SnSe2,0,28,6.969075339999996,5.291887464158533,2.002553961706953,0.33221485419352614
8490,TaS2,4,28,-2.180361924999992,4.080399452084343,2.808486479951978,0.5778182530741296
8491,TaS2,4,28,1.198949127500016,3.7405572443159834,1.2111518888624924,0.4073333053740278
8492,Re4Se8,3,49,2.3471224650000013,0.06508724448537073,-0.46578823966329064,-0.4904324555649835
8493,Re4Se8,3,49,4.486409367499971,-0.5736430698416863,-2.5922881179831663,0.3784146096525358
8494,ZrS2,0,28,-1.2849631049999966,1.5382417975633713,2.8078860977062954,0.6843177218009405
8495,ZrS2,0,28,0.0929890950000063,-0.177871036477464,0.9360711098238055,0.021921189678134986
8496,TiS2,1,28,4.238713200000009,1.1612562188435778,-2.2305316677759897,0.6210857082336334
8497,SnSe2,0,28,0.8246210599999966,8.458210052543745,5.369860392306115,1.324501694732771
8498,TaS2,4,28,-0.4659531749999849,3.8243169623331554,2.0314922966277926,0.30353751159869913
8499,Re4Se8,3,49,2.9310581549999712,-0.02056394666409478,-0.9783662820853392,-0.3738996053733028
8500,Re4Se8,3,49,5.5650351099999655,-1.7656197600396384,-3.6940502378177555,0.01178987296105305
8501,TiS2,1,28,-0.6187698474999959,3.2112372350172893,2.5325714381015993,0.14978786622253004
8503,TaS2,4,28,-0.8862378450000108,5.6417090745532334,4.022378270999971,1.652784928854686
8504,SnSe2,0,28,1.9737607950000031,5.155910619693193,3.2782511399161756,0.23318208118001005
8506,TaS2,4,28,1.5535928616666612,5.3785012354707895,3.754507282401739,3.660543659354864
8507,SnSe2,0,28,6.836973735000006,4.725070408676752,1.3585557259069763,0.23798633783528
8508,SnSe2,0,28,0.5108158362500066,5.593883854886672,3.8237284250465833,-0.292500393846849
8509,Re4Se8,3,49,3.186644967499958,0.19357202837508236,-1.299236552023477,0.2416351476276053
8510,ZrS2,0,28,5.5205459725000114,0.33415991751972296,-0.8373061946171179,-0.11037446371094894
8511,TaS2,4,28,0.5686155475000039,4.347570626256913,1.6472531639715537,0.42891161473398454
8512,TiS2,1,28,0.1131372449999998,3.1666859787497965,1.9239340625002037,0.7882424594754031
8513,Re4Se8,3,49,4.230112959999985,-0.6712288161706397,-2.3400158584705464,0.07347892715618354
8514,TaS2,4,28,1.2411119200000158,5.380821063398422,1.7192320766837406,1.042303794899683
8515,SnS2,0,28,-5.61536734250001,11.203988958863535,9.261403093207,8.489999462632456
8516,SnSe2,0,28,4.271917651666674,6.860588083094883,5.217440614527988,-0.8343177542820301
8517,TaS2,4,28,1.55586436499999,2.5994130461429954,0.23118655771170027,-0.15213520437326067
8518,TaS2,4,28,-0.7789291724999876,4.184311408344918,2.641375679318123,0.6482079213301472
8519,TaSe2,0,28,-1.5068305750000008,0.06424073570048106,1.478555085192872,-0.43015150037333094
8520,ZrS2,0,28,1.5143579774999996,-0.2272881005112708,0.2664454645013432,-0.18284270504160527
8521,ZrS2,0,28,1.4904678175000043,0.19464104283375616,0.6060875744474239,0.43313325353983134
8522,Re4Se8,3,49,5.8306956824999725,-1.4883332786303436,-3.943260643615492,0.05214463300092298
8523,ZrS2,0,28,2.6590992000000053,-0.371381460258998,0.20129710572000592,-0.3332613494293266
8524,ZrS2,0,28,3.786243420000005,0.3039553750007076,-0.27307587976766445,-0.0796391776751757
8525,TaSe2,0,28,1.9665313374999835,-0.8678777031107421,-0.10477799296415591,-0.7011963339650307
8526,SnSe2,0,28,2.131531239999997,5.867396512176924,3.7922277436120635,0.449448027756147
8527,ZrS2,0,28,4.7859269749999935,-1.1175035607696469,-1.6664994529764745,-0.47968593953856775
8528,Re4Se8,3,49,4.378595664999984,-0.873126024903955,-2.4049963900467777,-1.0515870997330565
8529,SnSe2,0,28,-1.664727612500004,7.1051840823537225,6.027780894601952,1.043352290158085
8530,Re4Se8,3,49,0.1505530049999768,1.69068481816846,1.7391540039976225,0.26885257456697875
8531,ZrS2,0,28,4.252311990000008,0.37895865704894227,-0.10912049346883901,-0.12099230819662221
8532,ZrS2,0,28,3.1637318149999887,-0.3396772559281298,-0.4553968127366015,0.17579531512696445
8533,TiS2,1,28,0.9389806949999996,3.219304604936931,1.1119388377758792,1.136908097673747
8534,Re4Se8,3,49,4.632856547499981,-0.9588636355253919,-2.731899122064597,-0.03734312421608621
8535,TaSe2,0,28,6.038415910000005,-0.6959352505151415,-1.5946353288435917,-1.0197394700789433
8536,TiS2,1,28,-0.5080664649999882,2.8043763334946576,2.4493099943197514,0.01089410934813273
8537,TiS2,1,28,-0.0886500499999805,3.997736158207683,2.127363147572307,1.209485711888103
8538,SnS2,0,28,-7.42885107500001,14.172226217415375,12.478295353081268,9.684531437383534
8539,ZrS2,0,28,-1.0372826300000066,0.677140875849616,1.582887971593431,0.19519250014771172
8540,TaSe2,0,28,-1.3634542924999933,-0.003898193156745,1.2512262963096044,-0.598923812027798
8541,SnSe2,0,28,-0.7874607149999946,7.35557984354512,5.750086695377192,1.2949590587855986
8542,ZrS2,0,28,2.8045723649999936,0.40378353862549465,0.3224013037342388,0.2318985250451724
8543,TaSe2,0,28,3.9422265699999866,-0.31610512847675265,-0.15862600122862425,-0.3323072603838977
8544,ZrS2,0,28,3.282858364999985,-1.3600452276276502,-0.9720282487280123,-0.11071983299721788
8545,TaS2,4,28,2.9589009300000018,4.063452878085123,0.9230487331622297,0.6673406744870993
8546,TiS2,1,28,2.845913247500023,1.4488793251572445,-0.7143472793044259,2.2206142780838802
8547,ZrS2,0,28,-2.098326944999991,0.791039808286327,2.034675224317211,0.2540183302691559
8548,TaS2,4,28,-1.829576599999995,3.699850269560745,2.18011080066833,0.2173710151560415
8549,ZrS2,0,28,2.5861255650000112,-0.5713486993587353,-0.21255885802470997,0.11557297664122412
8550,ZrS2,0,28,1.45147914,0.5119915574029541,0.49042258354380297,0.13512009076629639
8551,Re4Se8,3,49,5.027751024999956,-1.3681118254251676,-3.1551427607126437,-0.16440397147212416
8552,ZrS2,0,28,5.346299615000007,-1.793353325619615,-2.0466615820867986,-0.7091707850439519
8553,TaSe2,0,28,0.0292039299999791,-0.22943246215533392,0.8054301356280726,0.04613864570904597
8554,ZrS2,0,28,-1.2291269450000148,0.8495231617104233,2.799778357010208,0.4685842343778631
8555,TiS2,1,28,-0.587990733749987,3.292616380023282,2.61369905150664,1.3590769497228874
8556,SnSe2,0,28,1.5252975050000008,5.9584440963081855,4.3210955238950595,0.787657397648925
8557,SnSe2,0,28,0.6740958774999957,7.287139168886723,4.2089246427102704,0.43198207170603875
8558,TaS2,4,28,-0.1730253450000036,4.875239903919274,2.609999115459497,1.0631847135150183
8559,SnSe2,0,28,1.5946280125000047,5.985939029532873,4.050202134925329,0.6505270835540724
8560,TiS2,1,28,3.593973250000012,2.1997551015930057,-1.5189521022720456,0.9766587308959842
8561,SnSe2,0,28,2.93395797,9.421016776704102,5.998966618521322,1.6213057082328293
8563,TiS2,1,28,-2.9458510724999933,4.419361099431756,4.885402704109592,0.8374953119256525
8564,TiS2,1,28,2.494749017500011,2.2495799581774794,-0.4613295276394762,0.9675716281502171
8565,TaS2,4,28,2.669322359999992,3.9783076957454506,2.3769949789434897,1.6387753998826176
8566,SnSe2,0,28,3.652416799999997,7.9394895886006704,5.7120139454427115,2.3245195403320342
8567,TaSe2,0,28,-0.2262612675000151,-0.634791642986842,0.44867703262656133,-1.1068973844876966
8568,TaS2,4,28,0.6448015599999927,3.5589221885249906,1.454353548133959,0.03540736143250245
8569,ZrS2,0,28,4.522656995000012,0.49138999189777444,-0.317744729858207,-0.08701061997966697
8570,Re4Se8,3,49,1.3125766199999735,0.13142807462079475,0.5680349188870504,-0.5035640082929219
8571,Re4Se8,3,49,3.786818274999982,-0.1408981573038557,-1.8854297887735825,0.0638487248169124
8572,ZrS2,0,28,1.8109151037500029,-1.1780526153212514,0.26477794727030135,-0.3827806226378405
8573,Re4Se8,3,49,2.594034734999955,0.31551672653772433,-0.667705996469478,0.00036598877527316276
8574,SnSe2,0,28,0.7105220300000091,5.132171298857413,3.7238586602567456,-1.0702777844708344
8575,Re4Se8,3,49,-0.8513023450000444,1.9181882534447667,2.731837550205326,-0.13118477721776967
8576,Re4Se8,3,49,-0.8772353075000376,1.7319803776396046,2.763471895660235,0.7111069899849823
8577,TaS2,4,28,0.4609459550000015,4.275911300299884,1.5735982347710151,0.7982968975288884
8578,ZrS2,0,28,0.3107349224999982,0.5545993498846453,1.4177585693085752,0.5404157888774637
8579,SnSe2,0,28,5.2373686675000055,4.5300006028247015,0.6595196680458519,-0.1758555614717663
8580,TaSe2,0,28,3.9575375849999817,-0.3563676809269021,-0.6107336019474099,-0.5980307395257385
8581,ZrS2,0,28,-0.3849195049999956,1.0421776579617266,2.0655803091127476,0.24765724011250376
8582,SnSe2,0,28,2.0658513025000085,5.136859087590934,3.4585248514459144,-0.15604552781128778
8583,TiS2,1,28,0.3276126600000009,3.0832422359096263,1.740470745494689,1.566284356843159
8584,SnSe2,0,28,0.0884450150000084,6.765384766214388,4.789558780941662,0.6914630857639483
8585,Re4Se8,3,49,0.0514771599999752,1.8294453561870567,1.8199970265794112,0.1988517384298954
8586,TaS2,4,28,0.3908447849999881,4.045626915668347,1.9461493066697302,0.28473392841706513
8587,TiS2,1,28,-2.8934500149999787,5.020345919540994,4.920770757607095,0.7411155633245636
8588,SnSe2,0,28,5.204512375000006,5.279899977244052,2.9795852329304955,0.432388049957269
8589,SnS2,0,28,-3.089547050000002,9.584685695172121,8.53145270745036,7.643940818310549
8590,TaSe2,0,28,1.4097852899999943,0.29380371229136726,1.5621572937198949,-0.21714037600870206
8591,TaSe2,0,28,5.769654624999991,-0.23052632147215935,-1.8800155652974362,-1.29471400712076
8592,TiS2,1,28,2.931035370000023,1.9762246505739105,-0.8611217840192897,0.38189680341102816
8593,SnSe2,0,28,0.9564748550000042,6.769647047465816,5.060481553818558,1.0141316707390298
8594,TiS2,1,28,0.0275248700000032,2.2785288479311085,1.9100065615160082,0.21867163840758957
8595,Re4Se8,3,49,0.3848732575000058,1.3756667113084862,1.5160155828574569,-0.4773439828774065
8596,TaS2,4,28,2.2526896625000044,2.4580372344217896,-0.20248443178711373,-0.07671966445821576
8597,Re4Se8,3,49,4.4152736199999785,-0.7742889258369741,-2.545065197657042,-0.19636658162920995
8599,TaS2,4,28,1.3822787449999936,4.110689019536546,2.0697704308982403,0.8744101279731304
8600,TaS2,4,28,0.7607888900000015,3.77327357503194,1.511652258757933,0.6739355203749577
8601,TaSe2,0,28,3.1608758850000047,-0.16588346988973468,0.1498184121547399,-0.26061774125712533
8602,TaS2,4,28,1.2227743900000043,3.1480466091455037,1.1198404991448931,-0.18502720556447771
8603,SnSe2,0,28,1.0483875300000047,5.9726592674344845,3.4959573720385695,0.407868660935766
8604,ZrS2,0,28,-2.1668827924999885,1.0671907657258999,2.6526934697104783,0.5203342829022102
8605,TiS2,1,28,-0.7720342449999862,3.719718970125617,2.8421377711154037,0.5717219484505071
8606,ZrS2,0,28,4.951772970000009,-0.22561001980215334,-0.8742916206907241,-0.8362885733833911
8607,SnSe2,0,28,-1.314222339999997,9.264859203708493,7.068774545403643,1.4585659545782441
8608,TaSe2,0,28,3.0529555849999817,-0.046063062823874734,-0.554825342970156,-0.24548629649188447
8609,ZrS2,0,28,3.6399198399999886,0.3718927277108879,-0.13380019138446952,0.009506620266124699
8610,TiS2,1,28,0.361719757500012,2.984195401089669,1.7268188494615564,0.35588646910317806
8611,TaSe2,0,28,-1.7137931750000006,0.13122699318135633,1.4323886797607428,-0.40499101422424255
8612,Re4Se8,3,49,5.711435810000002,-0.33603113419840724,-3.6729213548404966,0.8531206297176084
8613,SnSe2,0,28,-0.0455152500000017,7.84292947335307,3.9664059786326105,0.7701228765970882
8614,TaS2,4,28,1.5123897899999914,3.3069062521244392,0.7202961335763636,-0.44584772088276314
8615,Re4Se8,3,49,2.7127828549999755,0.018456662529830137,-0.8456440321265422,0.36105863733502597
8616,TaSe2,0,28,4.1529117349999884,-0.6064057274875778,-0.7866490606683234,0.050872095006928575
8617,TiS2,1,28,1.4326006700000224,4.089813855349912,0.6132480969626646,1.4058936308422627
8618,TiS2,1,28,0.6451641050000094,1.9288203987460233,1.428592748739411,0.9639808210711576
8619,ZrS2,0,28,0.0555692799999994,0.0016498279457606915,1.0991744708900966,-0.053453553529052136
8620,TiS2,1,28,-0.3008860349999986,3.531378785803628,2.311098933254393,0.8613714377430202
8621,TiS2,1,28,2.358950135000013,2.088305794311103,-0.3788559803242115,0.2924951743210724
8622,TaS2,4,28,1.1425241533333463,4.278491109270414,1.4428616460746126,0.2862523492759066
8623,ZrS2,0,28,-1.899282345000009,0.7409583417804044,2.187783766610523,0.14907039088318763
8624,TaSe2,0,28,3.0304383474999814,-0.607467973074729,-0.5359772084568091,-0.45516093953591064
8625,TaSe2,0,28,1.3596357374999872,0.005441360710665366,0.2895892193303553,-0.5392238566889317
8626,SnS2,0,28,-7.54478860500001,11.274053818012705,11.028675800587168,8.951950953429371
8627,TiS2,1,28,0.6238378250000176,2.8264375166697007,1.4348077413045073,0.4219047264856799
8628,TaS2,4,28,3.783501237500003,2.890185107918291,-0.6207224228663155,0.14537269883524262
8629,TiS2,1,28,0.5585802300000147,2.7490784820691787,1.4666038847740537,0.4098034795896256
8630,TaSe2,0,28,4.125586830000003,-0.6163215661246775,-0.528544905205488,-0.6828734898765085
8631,TaSe2,0,28,2.9973224949999904,-0.4313501668139552,0.4782797344362484,0.8448599028424169
8632,TiS2,1,28,-3.1605596149999786,5.114523530506977,5.165109078589965,0.805614829563984
8633,ZrS2,0,28,3.373469005000003,-1.1004036764019807,-0.5918014545951364,-0.03879091140767743
8634,Re4Se8,3,49,2.3184625474999923,0.44653704083059464,-0.4089139867216922,0.020544591705940363
8635,TaSe2,0,28,3.1615423649999856,0.6865929473982892,0.03624762192831854,0.3997671315617004
8636,TiS2,1,28,1.4123843225000232,2.983058401727882,0.7342673826060764,2.041998256031878
8637,TaS2,4,28,0.8632124599999953,2.694693611345016,1.1896970731827845,-0.02849526576069683
8638,Re4Se8,3,49,0.7820198549999791,1.5476841117765507,1.0750247623350226,0.25181126453737446
8639,TaS2,4,28,1.2634216225000134,4.608716400876451,2.804632656191596,1.1842785600968289
8640,SnS2,0,28,-6.498854244999999,15.907799646509602,13.96357012316874,10.222002034637246
8641,TiS2,1,28,1.0087926000000076,2.846222518916822,1.0004198938964768,0.5839759896555508
8642,ZrS2,0,28,4.548318099999996,0.24890093800964763,-0.3794752280161502,0.019790140763350728
8643,SnSe2,0,28,0.0497323550000095,6.582315099516084,5.0353322945819,0.9012402020678616
8644,SnSe2,0,28,1.7898353700000005,8.91880377489746,6.397378209813638,2.097614132944946
8645,TaSe2,0,28,0.1147491250000021,-0.31238453721618864,0.5247093723653137,-0.04138399298604539
8646,TiS2,1,28,2.38506727000002,2.3296229384350386,-0.3442237037412714,0.7181505701946822
8647,TiS2,1,28,-0.0578653999999765,2.3951705087061326,2.0655031789179246,0.47841550795590915
8648,TaS2,4,28,1.4802816499999951,4.404025257653814,3.34898585183106,0.723376136051437
8649,TaSe2,0,28,0.8594878999999818,0.6469040623693012,0.9710157226908549,0.5827272247660502
8650,SnSe2,0,28,1.2749434049999993,4.712027377279969,3.216885314774883,-0.17074471077087328
8651,SnSe2,0,28,0.8710728149999971,6.133317424715579,4.341145390134077,0.9535866120070422
8653,TaSe2,0,28,3.1466909499999987,-1.7438193015294379,-1.8305783522165922,-1.903865640564472
8654,Re4Se8,3,49,-0.6414796950000352,1.9691274604775335,2.5135956249215035,-0.18165814463517804
8655,SnSe2,0,28,4.995171734999998,5.22383369077108,2.886309594600019,0.3323249525712102
8656,Re4Se8,3,49,2.687905091666668,0.22309539852193083,-0.8008531119659434,-0.1434802399312347
8658,TaSe2,0,28,7.215721092499999,-1.1211344022330723,-1.5989025849875889,-1.3730037628389473
8659,TiS2,1,28,0.5781066600000084,2.405433398135978,1.4592880225663163,0.4917838788514117
8660,TaS2,4,28,1.411130345000002,2.9152812201448546,1.077175859477944,-0.07637238118367695
8661,Re4Se8,3,49,5.347182079999987,-1.9260299651318231,-3.45896860445474,-0.5555378246797558
8662,TiS2,1,28,0.2147712633333527,3.555229750740337,1.7466568226295787,0.9049415265200611
8663,TaS2,4,28,-0.7356165650000035,4.295993288607384,2.623180787017928,0.6806600493699172
8664,TiS2,1,28,-1.2177065062499848,3.790391112166326,3.1920916088399096,0.8398309397674408
8665,SnSe2,0,28,-0.7887757075000019,5.161397164282025,4.661887352880658,-0.2906282492311585
8666,TiS2,1,28,1.808235580000007,1.2404669381452362,0.3064950960152113,-0.3225782854087391
8667,TaS2,4,28,-0.6810690850000012,5.036600618559165,2.71809652348165,0.5114803602278658
8668,SnSe2,0,28,1.6427080925000008,6.0289785568225085,3.916487267047932,0.10563378575520743
8669,SnSe2,0,28,1.9093629974999968,5.970301741472984,3.461675518862511,0.45503532301595384
8670,Re4Se8,3,49,0.5219327999999797,2.512434880549642,1.3628383086273397,0.6283104823181356
8671,ZrS2,0,28,5.700170737499987,-0.7090534985015742,-1.285226645067329,-0.16538912256061522
8672,TaS2,4,28,0.5922442849999907,3.7981766286962984,2.716348431852833,0.15921773746348988
8673,TaSe2,0,28,0.4360101699999985,-0.4569015979937729,0.33180414833903144,-0.1980687459480779
8674,Re4Se8,3,49,1.3828664149999916,0.5009648475885093,0.4942764911889732,-0.3836100822846392
8675,TaS2,4,28,6.070222620000008,2.966685211827791,-0.7263121642962727,-1.436918818781339
8676,TiS2,1,28,-0.6105355699999755,3.282259094729386,2.7135016401751466,1.6468408386055255
8677,TaS2,4,28,2.219754090000009,3.10697806866088,0.5008699595045893,-0.16356955974183007
8678,Re4Se8,3,49,5.9858396399999725,-1.779114996292697,-4.087951853770521,-0.2448609221960174
8679,Re4Se8,3,49,0.6003795062499679,1.416710019608593,1.2797062004608475,0.1928822999201777
8680,SnSe2,0,28,3.0248085650000043,5.679986875038042,3.2777746526208453,0.21315606512694885
8681,ZrS2,0,28,-1.5246646325000075,0.7854779084730096,2.3825655301618522,0.4757563988574294
8682,TaSe2,0,28,1.980595089999981,-0.4467597584010632,0.47093536654298784,-0.03872948687091182
8683,TaS2,4,28,-1.6581052999999848,5.08350031190184,3.509471780191533,1.2395716569132336
8684,TaS2,4,28,0.2789302424999955,3.835683767357182,2.803979977328292,0.5786704066979009
8685,TaS2,4,28,3.5958608775000163,2.2931676716943197,-0.4071003584723063,-0.6279754627406984
8686,TiS2,1,28,2.168057145000004,2.606965759078162,-0.13129756979197582,1.1796064165030882
8687,TaSe2,0,28,2.4845033999999995,0.4780210935353604,-0.020686439347330055,1.1475546641428633
8688,ZrS2,0,28,5.234547629999987,-0.20386244361387895,-1.0270468940813062,-0.019774292953681716
8689,TaS2,4,28,2.864333619999992,4.603271335037443,-0.1535899940412313,-0.6637750370583011
8690,TaSe2,0,28,1.6009945249999964,-0.502616581961056,-0.14766551816914508,-0.520872213090003
8691,ZrS2,0,28,1.0295840262500096,-0.1117088158058771,0.729819242246186,-0.42286755235271134
8692,TiS2,1,28,7.0258120825000265,-1.5017373691109475,-4.859608146558966,0.1751216918123104
8693,SnSe2,0,28,-0.1427201799999966,5.680849430208534,3.751357512916256,0.2800964884411587
8694,SnSe2,0,28,0.0997715149999996,5.852533285351461,4.276917720369365,-0.006282742289835219
8695,TaSe2,0,28,1.4177953950000022,0.18683098242360208,0.6299761383302795,0.9196202207175677
8697,TaSe2,0,28,0.5238572949999991,-0.3061913842791739,0.6029960915610768,-0.2486016149157706
8698,Re4Se8,3,49,1.291296377499959,0.4961206766763715,0.5925142221450197,-0.04562701257075985
8699,TiS2,1,28,1.7207811650000195,1.9031045857705493,0.30999223626035644,1.9530217671034555
8700,ZrS2,0,28,2.303252160000003,-0.842206417965091,0.29446011836608577,-0.3128837540221181
8701,SnSe2,0,28,2.161258729999996,7.326959259603681,4.061363823507492,0.4881861679695678
8702,SnS2,0,28,-8.637713770000008,16.12439936392294,14.424463291891286,9.408351957726348
8703,TiS2,1,28,-2.5653022049999894,3.207285555117991,4.5188834189511,0.003775191221302876
8704,TaS2,4,28,-1.3581301499999927,3.8687176833150154,2.744282020091749,0.23884567912393484
8705,ZrS2,0,28,4.492287587499988,-0.8594869289560836,-0.8718365345163863,-0.6028440310322964
8706,TaSe2,0,28,1.1612069574999992,0.3286693127941902,0.7067730458569343,-0.18594141483388194
8707,TaSe2,0,28,2.588009162499986,0.8534793021733744,0.5361683728749735,0.6635021728729389
8708,TiS2,1,28,1.6818875550000063,1.821400316678664,0.3916242044400977,1.589381845914504
8709,Re4Se8,3,49,0.7978918249999651,1.4791813199127546,1.1280960544352563,0.1999131346151065
8710,TaS2,4,28,0.1332789049999965,3.6396214379412877,2.1655094040972935,0.15783471003601424
8711,TaS2,4,28,13.445963607499989,0.49068539711833736,-3.4622639678617233,-0.6950655641853736
8712,TiS2,1,28,-2.15827831,3.8994088209659834,4.120669567286072,0.38695407281229666
8713,Re4Se8,3,49,2.086584514999985,0.42060086466411795,-0.19803256454527318,-0.13976878585874974
8714,TaSe2,0,28,0.5589722349999906,0.3517090921840508,0.9489187444489637,0.27477686059886597
8715,ZrS2,0,28,0.0848394849999998,0.3600716770585126,0.9926308175817873,0.27483878343261736
8716,TiS2,1,28,2.0678383350000136,2.4425067266200626,-0.056770189565952034,0.45304045680906846
8717,SnSe2,0,28,4.067022467500006,6.0832568954964135,3.6566806784808286,0.8785670748889096
8718,TiS2,1,28,-0.7739164799999738,4.119970239256972,2.8999135464977766,1.7443990678143049
8719,Re4Se8,3,49,7.108886750000003,-1.9119357580515572,-5.208438984013878,0.17835105314127375
8720,SnS2,0,28,-10.201078370000005,12.805808260823369,13.618418966516932,8.65342413861064
8721,ZrS2,0,28,2.6999723250000063,0.45206084506428423,0.09597073651071542,-0.09522876484477338
8722,TaSe2,0,28,2.365434609999981,-0.48901669497363387,0.11124892716534296,-0.4489002259082857
8723,Re4Se8,3,49,2.9068467424999738,0.04556717408785582,-1.034511546958592,0.0742952220945492
8724,TaSe2,0,28,3.010098429999996,-1.1011524721803754,-0.6049829845450807,-0.6316751763048263
8725,Re4Se8,3,49,3.4811641749999787,-0.6473084665598337,-1.631039339031961,-0.25273493699847327
8726,TaSe2,0,28,3.0265888224999933,-0.17340960611510559,-0.5269847562870211,0.28911981473755555
8727,TiS2,1,28,2.7232721600000205,2.7131858713364463,-0.69252387216331,1.4460870471532998
8728,TaS2,4,28,3.863862133750016,3.3809333476139165,2.594272994271224,1.1251337362044107
8729,Re4Se8,3,49,6.029958609999998,-1.5373209359862239,-4.117590232950234,0.37563844098470245
8730,TiS2,1,28,-0.3825247224999924,3.543628368460482,2.3777125216358366,0.18409187960957088
8731,TiS2,1,28,2.0047356350000007,1.6490224934840896,0.09725506476806567,2.5966979600215647
8732,Re4Se8,3,49,3.1273075899999827,-0.32050599272265945,-1.2341117621979605,-0.08551901196653544
8733,SnS2,0,28,-2.7373593900000035,9.250872319280603,7.134132569372155,7.427535082240401
8734,Re4Se8,3,49,2.5023568049999865,0.14203636090628402,-0.6573644057842882,-0.032631911430040184
8735,ZrS2,0,28,-2.167388902499992,1.064400262032666,2.7425714993424397,0.5706908567694011
8737,TaS2,4,28,0.2434162250000025,4.7516500998697895,2.7104880858622207,0.920593346075437
8738,TaSe2,0,28,3.4556673649999903,-1.9159270409796045,-1.5486573263062444,-1.5683963183615015
8739,TiS2,1,28,0.5242448975000258,3.355335997605972,1.5572686662918849,1.3104414215332791
8740,SnSe2,0,28,-1.6839863450000023,5.821491796838178,4.802289485004478,0.014194408125612679
8742,SnS2,0,28,-8.969322864999997,14.60328088679972,14.205235346943763,9.795132224550473
8743,TiS2,1,28,3.097058130000028,1.5344809763689904,-1.1681903528114093,-0.10923337210614781
8744,ZrS2,0,28,1.6431969350000015,-0.09151939008829912,0.43117253527842037,-0.10448725476064191
8745,TaS2,4,28,1.2437974724999976,3.24144060275635,0.5513011501399763,-0.07017748691955328
8747,TaSe2,0,28,2.20396738,-0.7850341473746745,-0.25700959312204996,-0.6541285191703288
8748,TaSe2,0,28,-1.1065882400000069,0.02603152943889042,0.8314178342942371,-0.37559211697936323
8749,TaSe2,0,28,3.349118469999992,-0.9818348475761844,-0.46542342389301794,-0.7059131451912357
8750,Re4Se8,3,49,0.6622391566666346,1.1810702457991857,1.2213615154194453,-0.30094715208136846
8751,ZrS2,0,28,4.135340669999996,-0.0033649000033530996,-0.04922634288716221,-0.17778537596313093
8752,SnS2,0,28,-3.689773385000003,9.938318554830325,10.491833035421145,8.293280426931155
8753,Re4Se8,3,49,3.5934135249999617,-0.2497571837651189,-1.700718853051211,-0.07970302619014724
8754,Re4Se8,3,49,7.044250495000004,-2.865867383046269,-5.144011663162033,-0.27920342163574663
8755,SnSe2,0,28,2.844186417499996,9.561837879578455,7.72611646628398,2.2561275638741085
8756,ZrS2,0,28,0.2300968225000108,0.9562375490667616,1.5249315048061007,0.597044224024037
8757,TaS2,4,28,4.774677164999994,2.2999782088912006,0.6903569224989887,0.6562105341272035
8758,ZrS2,0,28,-0.4945881149999956,1.6186977010799108,2.284202514274186,0.6085018100174924
8759,TaS2,4,28,-2.683072989999985,4.617210175414617,3.737512137313421,0.6457538861232353
8760,TaS2,4,28,0.9838167650000093,4.117359655847566,1.6373930948480133,0.9418206391239329
8761,TiS2,1,28,0.1895629450000049,2.094448021618851,1.8310892696860708,-0.09317587656942221
8762,Re4Se8,3,49,4.590740179999996,-0.9021949926856441,-2.6961757898175005,-0.16445968149535695
8763,ZrS2,0,28,5.012541330000008,-0.06681684269532084,-0.3668447694582193,0.25899962967609813
8764,ZrS2,0,28,-2.115346007500002,0.9267547259270243,2.49085344170919,0.389490736478477
8765,SnSe2,0,28,3.63342626,5.835784205749105,3.0846800893092854,0.9309027283931477
8766,SnSe2,0,28,0.9730874400000068,8.320039778882235,5.174932827486566,0.38308969133493387
8767,ZrS2,0,28,1.4680908333333265,1.4727684844462146,0.8680432030487131,-0.055790564524325736
8768,TaSe2,0,28,1.691335004999995,-0.36904629313425197,0.11350444710775243,-0.16017266356424464
8769,SnSe2,0,28,-1.2696622324999949,6.454012007814326,5.059128057262975,0.5696529659645538
8770,ZrS2,0,28,-1.409793489999997,0.5901397802704845,1.4472966530198133,0.22315553210916872
8771,ZrS2,0,28,1.1240921099999976,0.10778100490377018,0.8608248154303002,0.5237620989462304
8772,Re4Se8,3,49,2.8226858649999618,0.1298857257415138,-0.92130059742438,-0.05712984744218197
8773,ZrS2,0,28,3.652206520000005,-1.2267751095284067,-1.1409046846219937,-0.2654020187843882
8774,Re4Se8,3,49,1.180882962499985,0.1478569190155179,0.7475140572041978,-0.3043192545125176
8775,TiS2,1,28,-2.9955969024999987,4.542217827767536,4.996214724511311,0.32371578308980187
8776,Re4Se8,3,49,2.8102159499999724,0.0762929121775584,-0.9180427392201465,-0.11012148855893233
8777,TaSe2,0,28,0.9981416224999948,-0.08709575330850716,0.3951269627050833,-0.6622068245772246
8778,ZrS2,0,28,1.2447625999999936,-0.6183727786295509,0.1576940809336409,-0.3834255343032773
8779,TaSe2,0,28,5.150230729999978,-0.5022942269075301,-0.9317446593670438,-0.20844825548215606
8780,SnSe2,0,28,0.0475510800000043,5.268640990643103,3.9669222787900758,-0.029403929324548567
8781,SnSe2,0,28,2.186820116666672,6.495850556067907,4.002474062613927,-1.8853052129623464
8782,Re4Se8,3,49,2.222925614999955,0.1494517408934981,-0.35320193736476213,-0.2153202212723344
8783,TaSe2,0,28,-1.6726963374999937,0.28959686100361504,1.411197727321364,0.08235993524271024
8784,TaS2,4,28,2.4559009400000047,2.6768258882572384,0.8095959497501579,-0.3369384931514534
8785,TaSe2,0,28,-0.3911645533333348,-0.09385822994608417,0.7436773897896336,-0.17949897828796246
8786,TiS2,1,28,3.27442061,3.583876738022461,-1.215267728695577,2.751308092545166
8787,SnSe2,0,28,0.6778796950000074,5.407066579757378,3.8700162928285646,-0.09051804135417407
8788,ZrS2,0,28,2.0385497699999897,-0.03274852939686079,0.43171402903158596,-0.027222781461883283
8789,TaSe2,0,28,2.777416964999988,-0.08092882298643822,0.15352119939311892,-0.30960204266722435
8790,TiS2,1,28,-0.4065799424999774,3.9188145508322934,2.456880938008807,0.3602988829169493
8791,SnSe2,0,28,-0.9480850049999924,9.335963581914461,6.079009388799228,1.4120142608034185
8792,Re4Se8,3,49,1.0602996799999782,1.3897251632159642,0.822602743540773,0.1615068064476739
8793,ZrS2,0,28,3.154598812500004,-1.0917274358266238,-0.23581959827677812,0.09898946658833419
8794,SnSe2,0,28,1.2156129874999966,6.365459342974857,3.0216471157257114,0.2612438004994744
8795,SnSe2,0,28,0.3895905624999987,7.510591207824708,4.818016706787111,0.3124886541392021
8796,ZrS2,0,28,-1.4294763949999911,1.344669952739249,2.7001063175489213,0.8835865405688388
8797,Re4Se8,3,49,1.3472619737499627,0.8670192673490769,0.5333759898629116,0.0786296243157314
8798,TaS2,4,28,1.3256234000000156,4.468426975620509,1.4055900901682379,0.8404074043161871
8799,SnSe2,0,28,-0.7904810249999912,7.27592843176879,5.690820231059765,0.7114525775309156
8801,TaS2,4,28,3.6984513624999895,2.774656929125987,0.9969201858347683,-0.04037348672687768
8802,Re4Se8,3,49,1.3498353299999677,1.3753368717924312,0.5341540835793372,0.33101942762688363
8803,ZrS2,0,28,1.5164456549999918,0.02551394862753087,0.5096145685794149,0.22895044250112706
8804,TiS2,1,28,-2.4103863049999945,3.7273229568656356,4.369041185523676,-0.046785214597377056
8805,TaSe2,0,28,5.25646948,-0.399930707416992,-1.1828614789267986,-0.4319800454398601
8806,ZrS2,0,28,2.9875197249999967,0.29783838606364244,0.09215904888000814,-0.05542594575398452
8807,Re4Se8,3,49,2.6142155349999774,0.4623467901597311,-0.7193142991016417,-0.088826340511452
8808,TaSe2,0,28,0.4998283462499873,-0.1716708418503698,0.3557845675175094,0.20237182808167775
8809,Re4Se8,3,49,11.853485855000002,-7.142606131769004,-9.822265418903811,-6.354161533253176
8810,ZrS2,0,28,0.4224552450000089,-0.08847834044882075,1.0436875683646558,0.07761540637226488
8811,TaSe2,0,28,2.825166199999991,0.2932694609980353,0.5664497470876149,-0.021287256874584326
8812,TaS2,4,28,2.536390100000011,4.026790346624745,3.3042922476155487,1.7792011558237606
8813,ZrS2,0,28,2.542167555000009,-1.452641497756662,-0.8512151745017589,-0.19416830013754183
8814,TiS2,1,28,0.0807776000000179,2.0733275864623844,1.893585011770612,-0.08749973236492675
8815,ZrS2,0,28,3.54167053,1.0702012688332108,0.19552861754231765,-0.10087653891113302
8816,TaSe2,0,28,3.440575849999991,-0.47605710425973635,-0.10095096825560645,-0.08454260427753857
8817,SnS2,0,28,-8.676244125,11.153938119839987,12.007023399304709,8.84430617613729
8819,Re4Se8,3,49,2.01713316749996,1.1991737573199863,-0.0938098541047776,0.7630672344419751
8820,SnS2,0,28,-9.615227177499996,12.077255204080807,12.572699342925615,8.682087694366045
8821,ZrS2,0,28,3.5426681124999955,-1.3260057055786088,-0.7463480714792841,-0.16437269089965367
8822,TaSe2,0,28,4.555661127500004,-0.3879392202022336,-0.6838564132971232,0.24946013536824108
8823,TiS2,1,28,2.234561920000017,2.6021483740877107,-0.22943139059633033,0.8368683657716711
8824,ZrS2,0,28,0.9492993050000028,0.10343503026356726,0.915112724584246,-0.025346010245974493
8825,Re4Se8,3,49,3.4866016299999707,-0.7006270082272046,-1.6044448605653596,-0.09226008171607569
8826,TiS2,1,28,-3.701888752499995,5.505553993105667,5.729580673098344,0.806333971539912
8827,TaSe2,0,28,0.2339675549999889,-0.01665156328042508,0.6510208324257517,-0.007185153597197541
8828,Re4Se8,3,49,0.6429609499999982,1.3684113380681375,1.2304903623830177,0.09323981974233175
8829,TaS2,4,28,0.9583801075000072,3.3036673422477145,1.4912861144365368,0.13368912099018637
8830,Re4Se8,3,49,1.109337869999953,1.2405545078534406,0.7854583027778588,0.3337641718803368
8831,TiS2,1,28,-2.210763137499989,4.870639086723825,4.366921703974904,1.1556410799031467
8832,TaS2,4,28,6.432010489999988,3.6140557941796994,0.5042730984094357,0.5451200820011515
8833,Re4Se8,3,49,2.571662002499977,0.4409250282286812,-0.6238063709895603,0.46381078790021
8834,TaS2,4,28,6.379701206249994,3.0382821667561917,0.45377692663371416,3.390517642932135
8835,SnSe2,0,28,1.810034847500008,5.094557984429517,3.2556737102646816,-0.22028121972290848
8836,TaSe2,0,28,5.6492500975,-0.3561006262170414,-1.1187406256066899,-0.1270935410526537
8837,SnSe2,0,28,-1.4642488950000032,5.644926944723311,5.090116659155073,-0.033357144047238
8838,TaS2,4,28,0.9845732599999976,5.467774177540693,3.6514477182918315,1.1514117170863876
8839,ZrS2,0,28,0.5310521000000064,0.10292610790608092,0.634804460071303,-0.15198308958333967
8840,Re4Se8,3,49,3.573428904999984,-0.3706904609895676,-1.6900688369966475,-0.12446518340676294
8841,Re4Se8,3,49,2.7600385449999782,0.04870687895276005,-0.9010801417305283,-0.13303463684262962
8842,SnSe2,0,28,3.2405959100000032,9.436654316338702,5.633364902886553,1.712620483788652
8843,ZrS2,0,28,-1.2848938149999976,1.5550295355708796,2.669151370007932,0.9360608898392717
8844,SnSe2,0,28,-1.3564591599999989,5.565274973064574,4.806180257946166,-0.03627147341776649
8845,ZrS2,0,28,2.1831640199999933,-1.153900364655348,-0.17009347639291716,-0.07900681060363102
8846,TaS2,4,28,1.348159697499996,2.948723408731693,0.8387684555380288,-0.02298739239287939
8847,Re4Se8,3,49,1.779283264999964,0.8678225082900346,0.12267615425052436,0.20863002565962274
8849,TaSe2,0,28,-0.8976955524999986,-0.19524477800537254,1.6587267827907293,-0.5083804814101169
8850,Re4Se8,3,49,4.424558947499987,-0.8988089462284212,-2.513778676605619,0.04705350596070623
8851,Re4Se8,3,49,8.513994929999964,-4.177565016161259,-6.619170504620528,-1.6577136494823854
8852,TiS2,1,28,0.8248480600000132,3.666124220502306,1.2918771861115386,1.0515234031398386
8853,ZrS2,0,28,3.0276047600000084,1.0451344437709467,-0.3452614359745363,0.3874026723018309
8854,TiS2,1,28,-0.1449789299999757,4.346703618212053,2.145344783309607,1.244773158871639
8855,SnSe2,0,28,3.571462340000009,5.149691555060212,3.3896159064345204,0.35990529572691976
8856,Re4Se8,3,49,4.342302459999956,-0.737915017729041,-2.4738548383365444,0.11499375251428567
8857,TiS2,1,28,1.8923647725000112,2.0286600268469126,0.09057335819660328,0.4109305219437549
8858,ZrS2,0,28,2.943960250000009,1.1954774254760654,-0.03750616369629789,-0.26599572159831597
8860,TaS2,4,28,-0.1520677350000028,4.036478911045739,2.544644469224958,0.01030539890482865
8861,ZrS2,0,28,-1.2133451800000037,0.6246128579429154,1.898008316800134,0.23970505599691128
8862,SnSe2,0,28,1.030252525000008,5.45265290261484,3.5241154146311366,0.47076683363494065
8864,Re4Se8,3,49,3.922138494999973,-1.0881663190839368,-2.048216146977512,0.11534678662641085
8865,Re4Se8,3,49,6.042285177500004,-2.344398789992883,-4.172137750576888,-0.0018433465470417687
8866,Re4Se8,3,49,2.451575122500002,0.1636757431183855,-0.5734529517338076,-0.035515866900026616
8867,ZrS2,0,28,1.6511179424999884,0.692280866932995,0.5491090399346024,0.3192759138664869
8868,SnSe2,0,28,-0.073359804999999,5.514464376024576,4.185893533281656,0.22601771121439515
8869,TiS2,1,28,-0.6816354149999784,3.26264448507851,2.5827377194585965,0.9309130067053006
8870,Re4Se8,3,49,3.236638789999972,-0.35175244572608655,-1.3468809978450238,-0.07133102976132433
8871,TaS2,4,28,0.6972856062500088,3.1830889048329585,1.562195029075105,0.20543003699695983
8872,TaS2,4,28,2.3955526550000164,2.7645724416389807,-0.1407624283815676,-0.4410070776328696
8873,Re4Se8,3,49,3.9874510649999855,-0.2533170267105973,-2.0377817833583434,0.059077910168878756
8874,TaS2,4,28,0.8659767749999989,3.4033979134663905,1.8137328184549977,0.08734742372284043
8875,TaS2,4,28,-2.536897922499991,4.684705441141144,3.9985615660190748,0.78874248757364
8876,TaSe2,0,28,-1.2411861549999998,-0.014478432020874177,1.053415390967,-0.507646786055298
8877,TaSe2,0,28,1.5715661374999867,-0.6199767518315501,-0.05103388709562884,-0.46241914513446747
8878,ZrS2,0,28,0.8714814825000015,0.24489857324544118,0.7706510381756577,0.27978596656107446
8879,Re4Se8,3,49,4.916123912499963,-1.5406972624526611,-3.0241732257272993,-0.25985483901363526
8880,Re4Se8,3,49,11.53296675999999,-6.426035312017202,-9.52835200945576,-4.387125161489248
8881,TaSe2,0,28,1.970347057499989,0.38250349887360713,0.03123095560222433,0.4911282353416042
8882,TiS2,1,28,0.3037653800000178,2.213734027132449,1.6506202185005519,0.0831011100461655
8883,SnSe2,0,28,0.5334458599999969,8.524919326055505,4.865632429667769,1.5602885633195016
8884,SnSe2,0,28,0.5161394475000074,5.356215338101291,3.6128804486893644,0.13964333155781328
8885,ZrS2,0,28,0.3504385450000012,0.1492836178824858,1.1937225363140858,0.17350805813924036
8886,ZrS2,0,28,0.018450029999995,2.1954722321917775,2.36722714870077,0.09993003973267102
8887,TaSe2,0,28,-0.1150246100000025,0.3275014198195419,1.335473382112531,-0.9315679434566217
8888,TiS2,1,28,-0.0229532549999742,3.3714388042909493,1.9851151933493802,0.570429387710749
8889,Re4Se8,3,49,5.569262847499966,-1.5219261499215362,-3.672244255937059,-0.2864581994185045
8890,Re4Se8,3,49,0.6500029199999642,0.8500175839978386,1.2153206632850497,-0.19039162334621662
8891,ZrS2,0,28,-0.2920610250000095,1.2847987553441462,1.4467245480382378,-0.39097824285786
8892,ZrS2,0,28,0.8057171850000091,0.38699325436410636,0.871928538024995,0.5680985104447338
8893,TaS2,4,28,2.2963414399999973,4.637551127952476,1.8980838249943064,0.23737190075928005
8894,ZrS2,0,28,3.757195499999989,-0.7210529520746753,-0.5474549407399385,-0.3812768732147105
8895,TiS2,1,28,-0.8196088049999766,2.8186893834861015,2.8015692605765556,-0.1648997094043203
8896,TiS2,1,28,-3.1095812199999915,5.484272944777214,5.095543491690361,0.6585791785011716
8897,ZrS2,0,28,-2.394894750000005,1.2801904987106374,2.792299420715337,0.5536771526743622
8898,TaSe2,0,28,-0.3068064225000155,0.06988876782675704,0.6449389628849439,-0.014409842860498845
8899,ZrS2,0,28,0.8562449650000108,0.6043239398766982,1.0095094406574396,0.20755564808541815
8901,TaSe2,0,28,0.8356431600000018,0.20919606322590956,0.8839911345098859,-0.03331878548319678
8902,TaSe2,0,28,2.835375589999986,-1.381477636966539,-1.3819360761577213,-1.2630424130692408
8903,ZrS2,0,28,-1.7995882149999942,0.515116663422744,1.6854227499629661,0.013640494790236657
8904,TaS2,4,28,-1.5993204399999843,3.851005900408513,2.1427150850551193,0.3445329154587653
8905,TaS2,4,28,2.0989390900000067,4.370219082607415,2.1579028874373303,0.8380475153263278
8906,TaS2,4,28,0.7526642425000123,4.124435271507556,2.470027929232572,1.0767623639961628
8907,TaS2,4,28,3.6290962800000113,2.5427143469836313,1.208472559391061,-0.026001940629283737
8909,TaS2,4,28,0.1962324250000087,4.383646858905021,2.6846132011952633,0.8806376985453201
8910,Re4Se8,3,49,4.082054674999965,-0.8333626393249158,-2.2184986873239803,-0.4527520143757786
8911,SnSe2,0,28,4.032455900000007,5.819592020227044,3.770037036452223,0.4455331378316174
8912,TaSe2,0,28,0.0553400699999846,-0.2632014934924162,0.7710942243827464,-0.12061391122211187
8913,SnS2,0,28,-3.637677340000008,12.784920521864429,10.107882249642545,7.637585628319914
8914,TiS2,1,28,0.2054927862500082,2.011330394266553,1.7340564611737996,0.23315758339415685
8915,TiS2,1,28,0.1683286350000221,3.0103921968710106,1.8331517059576194,0.8789740084580264
8916,ZrS2,0,28,1.0785109324999866,0.306196121002414,0.5651256120455048,0.15277563296276164
8917,Re4Se8,3,49,3.247180159999991,-0.07135424625283937,-1.2846567790846672,-0.2292191347619541
8918,TiS2,1,28,-0.6390327099999737,4.7423251354735045,2.6755384091576886,0.6233359460076642
8919,SnSe2,0,28,6.638816170000004,5.0977182665437795,2.4441310047080442,0.39657229969604124
8921,TaSe2,0,28,5.547235199999981,-2.0616197081329153,-1.676076600146465,-1.1625099472127083
8922,Re4Se8,3,49,4.161085024999991,-0.12764427614948648,-2.1869532024139318,0.4926024521118251
8923,TiS2,1,28,2.8872711675000016,1.6049778444934066,-0.9293381389609798,0.38783526255370937
8924,SnSe2,0,28,7.065583000000002,5.796387265706379,1.6881947423858623,1.6634352113647441
8925,TaSe2,0,28,-0.7481599175000122,2.165000589992993,1.3543006105287803,0.13893758486349694
8926,TaS2,4,28,0.9690253000000004,3.3228005508046463,1.106824074135335,-0.19920437142639202
8927,TaS2,4,28,0.9777093299999944,4.19273420485108,3.1048777531807508,0.7399675877118994
8928,Re4Se8,3,49,2.6813577824999784,0.2751977429618542,-0.7915823871066068,0.062095163845032886
8929,ZrS2,0,28,3.727351959999985,-1.5019405448998873,-0.6611208681827647,-0.6535538598463799
8930,SnSe2,0,28,1.2902129750000046,6.211735540574133,4.449080282395422,0.9569906134857131
8931,SnSe2,0,28,-0.0305360700000045,7.429038022489221,5.35536389999675,0.9980135903069096
8932,Re4Se8,3,49,0.054166879999983,1.3204814525958422,1.8303441139575365,-0.44088038479124275
8933,SnS2,0,28,-9.40060346000001,14.12549718889202,14.141619053210867,8.823852625217091
8934,Re4Se8,3,49,3.108439955000004,0.18026610922423902,-1.2143665878811687,0.041925397630611094
8935,SnS2,0,28,-8.989887585000002,14.574898113564455,13.521225084618532,9.7148715553242
8936,ZrS2,0,28,3.0953224533333303,-2.0251325402194187,-1.312578244361671,-0.29557363525369995
8937,Re4Se8,3,49,2.5227385649999725,0.33049644133242495,-0.6125608573278534,0.05678865413658363
8938,SnSe2,0,28,0.2454836900000025,6.236332800491229,4.006404386464333,0.18794531276183832
8939,Re4Se8,3,49,-0.4362436949999958,1.5386241296720335,2.3173177261940467,-0.24380906226318777
8940,ZrS2,0,28,1.827749499999994,0.09912779994456589,0.3251263207957009,0.023407529469813948
8941,Re4Se8,3,49,-0.4979922075000411,1.6678296823230392,2.3903050520943605,0.12013706554244019
8942,ZrS2,0,28,5.9431290999999975,-2.710608638917539,-2.3886334474833144,-1.0710715031575493
8943,Re4Se8,3,49,5.504221634999967,-2.0623894899448314,-3.5625947683414383,-1.8977148899794183
8944,TaSe2,0,28,5.725391895,-1.0647335354724117,-1.1827527189491773,-1.7503965203204341
8945,TaS2,4,28,0.7377046050000127,3.9625140725207393,1.524936109645373,0.9827997186414466
8946,SnSe2,0,28,1.3985190125000042,5.025422480534359,3.1295417019037846,0.19255577209675678
8947,TiS2,1,28,-1.3205581499999812,2.8596667442586075,3.374006906535829,-0.3217682049804875
8948,TaS2,4,28,8.922889594999992,4.061779136689461,0.4116444937705559,0.17731169385905687
8949,Re4Se8,3,49,0.0574294699999731,1.8565607891705591,1.813514274977342,-0.06892966963579666
8950,TiS2,1,28,0.5769602150000201,2.774295480025106,1.4426860719643964,0.4583797365151776
8951,TaS2,4,28,3.289190205000015,3.6216723997770037,1.3523032744107928,0.2158665735898695
8952,ZrS2,0,28,2.1643575900000123,0.253421617229602,0.5385940796929809,-0.1341063254278687
8953,SnSe2,0,28,2.079181994999999,9.047239933405763,5.787916336451417,1.4676472286328135
8954,ZrS2,0,28,-0.4629232174999993,0.7224876172192376,1.4594089276440423,-0.30665531885152253
8955,Re4Se8,3,49,-0.2895928400000389,1.7467276431362286,2.1753887511531964,-0.14707380759314148
8956,SnSe2,0,28,0.8266250900000083,6.826057214382316,4.334933776500846,0.9478141256600869
8957,TaS2,4,28,4.2809680849999925,2.554352228771573,0.9546739508022126,-0.6996809393853685
8958,TaSe2,0,28,2.931996539999992,0.8655042292972897,0.4806238454878824,0.6835006517470377
8959,ZrS2,0,28,3.843640175,-3.2888697053344726,-2.302482373053996,-2.9251689578445434
8960,TiS2,1,28,0.4158196200000033,3.8611331632667003,1.6921127489142829,0.19486211249562257
8961,Re4Se8,3,49,1.4077245674999703,0.509723714741851,0.4831753291217338,-0.4460627518566598
8962,TaS2,4,28,-1.4270126249999997,4.798546416224161,3.8342803544413244,1.364940824768066
8963,Re4Se8,3,49,3.4880655200000046,-0.43064900147074825,-1.6242812067981003,-0.06956358658427364
8964,TaS2,4,28,2.1376624425000026,3.028038628921303,0.11561664742767075,-0.2911581516013617
8965,TaS2,4,28,4.843302164999997,3.7285692746158876,0.99988341875041,0.4216827605879745
8966,TaSe2,0,28,2.434394219999985,-0.5337908461545668,-0.3219733829155329,-0.820921400671677
8967,TaSe2,0,28,1.1739064949999918,0.34320830322795426,0.8154220483451418,0.4726508360852133
8968,SnSe2,0,28,0.9823705399999962,5.69258649697205,4.217643018069869,0.3996382907062823
8969,TaS2,4,28,0.6836003099999949,3.2824839318670707,0.9419536953049775,0.10593449720520531
8970,ZrS2,0,28,-0.3681771624999881,0.42451348592019483,0.9690538117207727,0.20025514254149201
8971,TaSe2,0,28,-1.5330169900000068,0.027828206990159865,1.465629885965583,-0.5576125081638521
8972,TaSe2,0,28,0.5693863949999844,0.580694444792903,1.2630458750500644,-0.23480780142800367
8973,SnSe2,0,28,1.9633180200000064,5.504826317336216,3.708148171609694,0.1282333633363788
8974,ZrS2,0,28,0.3517809300000021,1.2555173249667337,1.4640181076154561,0.8441076687599669
8975,TiS2,1,28,1.3784760750000071,3.3072589917317634,0.6585173490976897,1.1840364817118254
8976,TiS2,1,28,-1.2355287574999925,4.147096207069694,3.3431557519508797,1.1471620900703863
8977,TaSe2,0,28,-1.484985875000001,-0.006092263351439531,1.165533907124838,-0.4821272225087474
8979,ZrS2,0,28,2.217527555000005,-0.980884717475591,-0.1300273801597136,-0.3430552945248464
8980,TaS2,4,28,1.969758109999992,3.753248138474129,0.9543658129838133,0.017221374558113567
8981,SnSe2,0,28,1.0543576399999983,4.985771266567893,3.698748079884238,0.01973395342448092
8982,ZrS2,0,28,-1.3006145233333322,1.7499284023463937,3.0396445268810006,0.49030026539367555
8983,ZrS2,0,28,0.0420879900000121,-0.005992688689790748,1.007406991765735,-0.18396111126160877
8984,TiS2,1,28,-1.776219724999987,4.0742857847483185,3.818617621448758,1.0719386333099234
8985,TiS2,1,28,-0.7446792724999778,4.238659441796242,2.7931465907169373,1.0188619100325298
8986,TaS2,4,28,-1.2104874975000053,4.222265693199061,3.1423674947534233,0.39669248725118533
8987,TiS2,1,28,0.4452831050000077,3.4300059377907233,1.624695887144259,1.0341779291389896
8988,TiS2,1,28,-1.1857334349999764,3.8250644181619027,3.158383724535499,1.198471344952776
8989,TiS2,1,28,-1.2687021849999836,3.556864972755314,3.246675050104659,0.7246328948388507
8990,TaSe2,0,28,1.3229049024999908,-0.3030787684540721,0.30588110506328237,-0.3250659682373972
8991,ZrS2,0,28,-1.5518911750000002,0.5516112715881349,1.6244740556559247,-0.0029828478017168703
8992,TaSe2,0,28,1.3055582124999885,-0.2960590599985644,0.42949254522604496,-0.42374496450143295
8993,ZrS2,0,28,1.2476400875000038,-0.07327838171997447,0.24545638333282094,0.03707818757018666
8994,TaSe2,0,28,0.6831424975000022,0.16840752526102476,0.5808625277278623,-0.024733219901939107
8995,SnSe2,0,28,0.3635446599999978,5.903216881366579,3.913557492506513,-0.43097650725443304
8996,TiS2,1,28,1.1166913850000038,2.771418934773352,0.9548904157787033,0.6454157488653527
8997,Re4Se8,3,49,13.692534434999985,-8.614818163917423,-11.649154810315332,-6.93500167946613
8998,TaS2,4,28,4.869025977500014,3.1055627345564636,1.0152255375705836,0.938566096576321
8999,ZrS2,0,28,3.214930984999992,0.8455398344732745,0.8228885594742921,-0.032895459360140045
9000,TiS2,1,28,1.2372309600000015,2.600644406210936,0.7684163814103173,0.772809442412413
9001,ZrS2,0,28,3.2598013575000064,-1.4809643124662337,-1.2773598924400902,0.17115890034809755
9002,Re4Se8,3,49,0.0028993149999791,2.089411789138713,1.8731598992741094,0.3227426349715378
9003,TiS2,1,28,0.3196359950000023,3.2515530906424943,1.720526170959674,1.0508503439333066
9004,TiS2,1,28,0.9270706025000246,2.8400377584262855,1.087715919093705,0.6634027712309527
9005,Re4Se8,3,49,1.7397123675000064,0.7447938421913594,0.17668023700998314,0.317703276827793
9006,TiS2,1,28,0.4425865825000046,2.911024926505224,1.6182694816606604,-0.045245609281722554
9007,TaSe2,0,28,0.9417447849999804,0.3553151483445428,0.820477306356933,-0.38537166564573233
9008,TaSe2,0,28,6.420774270000009,-1.285428016287037,-1.907940038941252,-2.2150956480721113
9009,ZrS2,0,28,1.0020472100000075,1.4763670076310145,1.6636570403356858,0.12576473845834624
9010,Re4Se8,3,49,0.905568544999986,1.3655949980654032,0.9569250494875221,0.2435081154741554
9011,TiS2,1,28,0.5215447200000236,2.804944370919471,1.512921109531328,0.8690599746843228
9012,Re4Se8,3,49,2.986857927499996,-0.5014505353160565,-1.055168744582719,-1.249263164062089
9013,TiS2,1,28,1.6161739650000158,3.358220833278793,0.4084940530231571,1.2955534634362635
9015,SnSe2,0,28,6.183338600000008,5.318988683223463,1.9529595001535967,0.1641801619527099
9016,Re4Se8,3,49,3.7453891549999687,-0.59529273852658,-1.8021319820975437,-1.4754223142559502
9017,TaS2,4,28,4.851213085000009,3.4392475015478423,0.2348087357041333,0.08960888053547222
9018,TaSe2,0,28,2.508495549999997,0.4115629388458282,0.3874477737711617,-0.05898513460489596
9019,TiS2,1,28,5.685969245000001,0.9156016791231272,-3.6589470024539192,0.8038184925284826
9020,SnSe2,0,28,-0.6950176449999956,8.31378586017944,4.930156140763138,0.7640556387489784
9021,SnSe2,0,28,1.996987705000008,5.355274474056795,3.8731410060646483,0.19843899749938165
9022,ZrS2,0,28,2.877152997500003,0.013680300865271722,0.30661010916401876,0.6339128829575569
9023,TaSe2,0,28,-0.7799460699999929,-0.07517458887451878,1.2779333403552176,-0.41273603728963915
9024,TaSe2,0,28,0.7724393700000072,1.2560171192450895,1.005163064158318,0.1858895128531829
9025,Re4Se8,3,49,-0.174189455000024,1.5466475950553626,2.047911928780338,-0.3466667665169031
9026,SnS2,0,28,-9.056490685000009,13.987787271990365,14.186390504691985,9.083728497678027
9027,Re4Se8,3,49,2.087019417499961,0.609645909254291,-0.2055539029990252,0.11402903614892423
9029,Re4Se8,3,49,2.327246161666668,0.5940629120994045,-0.4392951849770117,0.08571102980061696
9030,SnSe2,0,28,0.2063106199999964,9.552990486135053,7.239484200785526,0.9964981574912553
9031,ZrS2,0,28,6.458388234999988,-3.741457090603524,-2.2530425248813764,-1.282278285252266
9032,Re4Se8,3,49,4.60345858,-1.0461495882499183,-2.7169722483781937,0.07988673784057632
9033,TaS2,4,28,0.0895563850000007,4.579481433908691,2.643012753209024,1.4879468193457024
9034,TaS2,4,28,0.4466341049999985,3.9940527566739927,2.407050161408286,0.5218711583285538
9035,TiS2,1,28,1.8581384033333337,1.533589838905029,0.260218659006449,-0.4665455828479008
9036,TaS2,4,28,1.3095416975000056,4.355465734801833,2.6550417788844753,1.0673306830745388
9037,TiS2,1,28,-0.0016118262499871,2.6639378840019607,1.9725089047640862,0.17142315450214368
9038,ZrS2,0,28,4.448198847499993,0.43848286814738646,-0.19333606216063792,-0.35895893228799824
9039,SnSe2,0,28,1.1935490100000052,11.546308663645014,7.037700719792271,2.1805164686427765
9040,ZrS2,0,28,2.6258776049999986,-2.4955468039898667,-1.6591733158815498,-2.562260296065469
9041,Re4Se8,3,49,2.0104147649999766,0.6840618394616933,-0.09362718037727569,-0.27969913256131695
9042,SnSe2,0,28,2.300708730000009,5.643950344147533,3.867409985286246,0.6741047313037019
9043,TaS2,4,28,-0.4499943749999922,3.931742002258293,1.7247852978006921,0.2610286570485355
9044,TiS2,1,28,1.1314734225000027,2.117182294078163,0.8824236785843884,-0.2767713869139635
9045,ZrS2,0,28,2.0133273299999868,2.161209613435682,1.4689905150266651,0.16935001845480668
9046,TiS2,1,28,0.8962427100000152,3.6659576773189135,1.123618113949163,1.3355553030513359
9047,TaS2,4,28,-0.1821082049999916,4.742329877058097,2.851304174899487,0.2172020688051267
9048,ZrS2,0,28,-0.5723418700000014,0.8280296630959079,1.2897742894590265,0.253015310297446
9050,Re4Se8,3,49,4.412749684999955,-1.3773778648680177,-2.5371846329674845,-0.3527921807274943
9051,SnSe2,0,28,0.3510525162499962,5.742300993652957,4.067033456218063,-0.10234029446858348
9052,Re4Se8,3,49,6.429439917499975,-2.466467117563045,-4.556837852095719,-0.31585937271034314
9053,Re4Se8,3,49,3.220516817499984,-0.13714172117887813,-1.3217957583365727,0.050035261382868956
9054,Re4Se8,3,49,2.778920432500001,-0.09555079596435645,-0.8998538857419851,-0.25740585781331493
9055,SnSe2,0,28,0.3530834650000081,5.405513233443087,3.7181685631473718,0.2060724760095134
9056,TaS2,4,28,0.399280900000015,5.948451802891017,2.410934732120753,1.3988757588083753
9057,ZrS2,0,28,3.876562620000011,0.011905645533436093,-0.7923659729917509,0.018296773437692426
9058,TaS2,4,28,0.6766321362499954,2.9939176538144983,0.9079054095899501,-0.2858837943717402
9059,TaS2,4,28,1.0989434049999989,3.408603337757162,0.9884436402245089,0.07220986222463077
9060,TaSe2,0,28,3.5916140274999986,-0.08743860292419292,-0.9974265294073472,-0.7051230467159004
9061,TaS2,4,28,0.6766520250000017,3.333834100946043,0.9427444628718042,-0.12205770692800055
9062,TaSe2,0,28,-1.4631151150000137,-0.09591676887551537,1.4098102838130833,-0.5841002672580835
9063,ZrS2,0,28,1.3122824024999882,0.5828628945504879,0.8420186050887164,0.3133896200016395
9064,TaSe2,0,28,1.8601545974999865,-0.41137831264636904,0.23657515790162487,-0.29300154103738074
9065,ZrS2,0,28,0.8011306574999963,0.3948842633704668,0.7871225226859575,0.5345795898576899
9066,TiS2,1,28,-3.275609592499988,5.005644420686023,5.380022505822437,0.14823788394794546
9067,Re4Se8,3,49,3.467753359999985,-0.5888955089715426,-1.5357570939528251,-0.29387882284992006
9068,TiS2,1,28,0.5436798500000201,2.0005035631876424,1.4365057779372967,-0.004415449199950849
9069,Re4Se8,3,49,2.736722484999979,0.5756735644995326,-0.757124201232279,-0.2850058235467321
9070,SnSe2,0,28,-1.0520529625000017,6.417395261643476,5.293679503319806,0.5774425543528257
9071,TaSe2,0,28,3.959339286249989,-2.623324061793202,-2.278254454694305,-1.6013874067486462
9072,Re4Se8,3,49,0.1458995949999737,1.6905699757957213,1.7421098737144225,0.24047924957908715
9073,TaSe2,0,28,2.1382161899999867,1.5113440230890025,2.009421495139987,1.6963368927840303
9074,ZrS2,0,28,2.600346274999991,-1.135216422705069,-0.27921051564635313,-0.08849798423867883
9076,Re4Se8,3,49,5.177676857499957,-1.4208272904045187,-3.283337574192564,0.11916381022465217
9077,Re4Se8,3,49,1.0371964199999877,0.5761308447857789,0.8281049506207399,-0.33370652036467274
9078,ZrS2,0,28,-0.2279684650000036,1.0137884723242223,2.102938384522607,0.11218135626078647
9079,TaS2,4,28,3.4252684400000017,2.7417695238671858,0.7390714997532131,0.13844542845906416
9080,ZrS2,0,28,2.655446484999988,0.9579469806779088,0.15019619930075256,0.2633618162898883
9081,ZrS2,0,28,1.5294787600000124,1.8920665071050902,1.3047246422013221,0.051639903152046474
9082,TaS2,4,28,1.3257260700000053,4.430472813056635,1.3846775313285264,0.7973556935854034
9083,ZrS2,0,28,-2.064796405000004,0.790852861565861,2.061366515321049,0.22869415776184487
9084,TaS2,4,28,-1.8215465000000093,3.8025389364090056,2.3812291871236257,0.3506335666503999
9085,TaS2,4,28,2.267774742500004,4.09663851891357,1.856174626294755,0.6281669123411011
9087,TaS2,4,28,2.678393895000003,4.124589706888018,2.1068944388928195,0.558076486418861
9088,ZrS2,0,28,1.6569675400000072,-0.2480868293982006,0.29351550398853843,-0.010108649148668603
9089,ZrS2,0,28,5.6166962100000015,-1.672049692564292,-1.8797412030826837,-0.7267089002262388
9090,TaSe2,0,28,3.3274689749999897,-1.0133403774225767,-0.9180503126108701,0.24144710738221242
9091,TiS2,1,28,-0.7408311224999728,4.14380199283587,2.7784581042352023,1.3332025068027478
9092,SnSe2,0,28,5.126616330000008,4.983157464809969,2.6463584790108152,0.06043560201700071
9093,TaSe2,0,28,-0.00608315000001,-0.16164384356078101,0.865271070888275,-0.00286597083942685
9094,TiS2,1,28,-0.3279141337499962,2.856693640433346,2.310743386628821,1.1568042587067628
9095,TiS2,1,28,1.8500620850000185,1.8483183455394308,0.15256596326098837,0.0578399570710062
9096,SnSe2,0,28,0.1208876949999968,8.61716872627991,5.393094442044274,1.4263838745699087
9097,ZrS2,0,28,2.176191232499994,0.5601724963411518,0.060438730421148446,-0.019087415831801735
9098,TaS2,4,28,0.4106717949999945,3.957904890587571,1.7133800540473483,0.3984365417665664
9099,SnSe2,0,28,2.030368587500009,4.55093337980295,2.2284865964192617,-0.31885578346863674
9100,SnSe2,0,28,0.6826442224999969,7.153315132536421,4.537302877185672,1.0366727368811066
9101,TaSe2,0,28,0.3577023824999888,1.451476327483837,1.9977187632570508,0.8869684854199331
9102,TiS2,1,28,-3.5440592424999853,5.148837134930608,5.519608582748093,0.969254856996852
9103,TaSe2,0,28,2.5592730299999893,1.417259985569062,2.808413877450369,0.5541319592425644
9104,SnSe2,0,28,-0.4125134833333368,5.484257448482262,4.136982747681685,0.429800181356815
9105,Re4Se8,3,49,2.6234933650000047,-0.1612604176504564,-0.6885217940313768,-0.9503327325486295
9106,TaSe2,0,28,4.647477222499979,-0.25317374171588014,-0.045788996435932816,0.23417775529848317
9107,TaS2,4,28,0.6424271600000132,3.7810327672409945,1.645789470617764,0.08140369886636045
9108,Re4Se8,3,49,3.0565282125000044,0.0655188541885332,-1.1656961062276248,-0.24646198935547314
9109,ZrS2,0,28,0.7339167299999965,1.2420198417570023,1.3582907812660763,0.37874359854716344
9110,SnSe2,0,28,2.469603545,5.953305635323282,3.8632342750531006,0.3029646808605957
9111,SnSe2,0,28,0.2716111599999982,7.172800554871726,5.102871074319053,0.8745571911734027
9112,SnS2,0,28,-6.430590745,13.735653356897785,11.594269232141926,7.295550143905436
9113,ZrS2,0,28,3.8250162033333255,-1.625162544657178,-0.747120641479281,-0.17607881904580935
9114,TaSe2,0,28,5.039154315,-1.5000502904308068,-2.1355454365464275,2.892802611981608
9115,Re4Se8,3,49,-0.6884536550000119,1.7775070076738602,2.5700282857373167,-0.25374613150409786
9116,TaS2,4,28,-1.7943416633333362,4.287663558932701,2.853560308429161,0.44505566339945757
9117,ZrS2,0,28,3.671828759999995,-0.18816400894713858,-0.13306460111531093,0.07350936204997227
9118,Re4Se8,3,49,-0.9232287474999988,1.970890767229613,2.814634647819416,0.17570194289387908
9119,TaS2,4,28,1.0123563150000072,3.57244361048624,0.8453387876916432,0.5755302171477181
9120,ZrS2,0,28,5.485669040000006,0.08311321008646111,-1.138002935365403,0.031612810179030504
9121,Re4Se8,3,49,3.3649848250000014,-0.40597636972351214,-1.4380786366709406,0.2812377664001451
9122,Re4Se8,3,49,3.1637683749999628,0.061576282897986445,-1.203735196670495,0.5063509105835333
9123,ZrS2,0,28,3.253770980000004,-0.9351096081331423,-0.7125784484143107,-0.6782241590415485
9124,SnSe2,0,28,0.5724729025000017,9.099894908703002,6.370561110612384,1.1964617050057966
9125,TaS2,4,28,1.9690564949999976,3.432427676549482,1.5062235514630151,0.12251149816406492
9126,SnSe2,0,28,-1.1198223549999928,9.142030568806145,6.6709943730511405,1.2177012879528737
9127,Re4Se8,3,49,0.0432848500000053,1.8659524950597073,1.829019986908971,0.3716706070515897
9128,TiS2,1,28,-2.1583655549999827,4.476538804562564,4.264465398978865,0.15893672644265044
9129,TaS2,4,28,1.6069784549999933,3.3364870957405666,0.9340283882490097,0.08448255180034048
9130,ZrS2,0,28,4.986624970000012,-1.218945914468192,-1.021163636407279,-0.5031011243274044
9131,Re4Se8,3,49,2.5074406199999952,0.748620854482223,-0.5412295791852777,0.5276368723960414
9132,ZrS2,0,28,-1.8023661275000016,0.9173399904659033,1.6684720018794774,0.04535336288716785
9133,Re4Se8,3,49,-0.0093416800000045,1.494325879206039,1.893976850300806,-0.3886584013802038
9134,SnSe2,0,28,1.8167368499999992,5.60165151669922,3.7613514335388194,0.12265194172007332
9135,SnSe2,0,28,0.2687725950000095,7.556418425965567,4.857346541810293,1.6629381250622464
9136,TiS2,1,28,0.6739107600000178,3.6268067527665027,1.3268747100088323,1.4767760603480862
9137,TaS2,4,28,1.1213818625000074,3.967417614123528,1.8851299846781338,-0.07133557750651787
9138,ZrS2,0,28,5.575035704999987,-2.4120510159232453,-1.6926537889538444,-0.8724849758841833
9139,Re4Se8,3,49,0.9545123174999915,0.9426720544482506,0.939236999033415,-0.1065451299364133
9140,TaS2,4,28,1.462219584999989,4.208279898744315,1.5015276779547229,0.5560702591950588
9142,TaS2,4,28,1.9884090524999896,2.7292133865665797,0.2488441365869245,-0.12825490058348565
9143,TaS2,4,28,3.059430325000009,3.3441799044921785,1.1831542214070545,0.4640636007303782
9144,TaSe2,0,28,4.896574169999992,-1.5606795853442303,-1.244011472271517,-1.3728510445422284
9145,TaS2,4,28,1.888752630000014,2.5972849422249205,1.2620656384580344,0.19267685150633374
9146,TiS2,1,28,2.2816175000000096,1.2586826705805363,-0.1568520244089857,1.2955151224009098
9147,SnSe2,0,28,0.6113950300000024,6.166420788786619,4.329771529855141,0.8284882418531268
9148,ZrS2,0,28,-1.773237432499995,0.9488728100660148,2.3697556311490837,0.39011896199014817
9149,SnSe2,0,28,-0.267357399999991,6.871799122234081,5.101992856403087,0.9421839425364086
9150,TiS2,1,28,3.8979082650000105,1.8027406785831603,-1.9137271787776797,0.8814755533085021
9151,TaSe2,0,28,-1.6801169049999998,0.1398692262432859,1.4100256097576902,-0.46143451012552905
9153,TaSe2,0,28,3.202180715000005,-0.7569522972855678,-0.6874634540035043,-0.6630594050838265
9154,ZrS2,0,28,4.485514394999997,-1.8663056617592342,-1.3589378124092586,-0.6043983226631648
9155,Re4Se8,3,49,9.340297560000002,-2.749794662101645,-7.3627950550154635,1.873839199440102
9156,Re4Se8,3,49,3.5787273224999665,-0.69356540608507,-1.659367598773058,-1.3643227395226716
9157,TaSe2,0,28,2.01540065,-0.660756987229411,-0.46557843873443616,-0.8168447831227621
9158,SnSe2,0,28,0.8048844300000078,5.6398216126076175,3.5658731895398894,0.035939419042248955
9159,Re4Se8,3,49,3.7535962849999898,-0.9933625648563535,-1.8738724579558206,-1.5738309810703428
9160,SnS2,0,28,-7.220648905000001,11.538810630997926,10.612358550589194,8.839242836198121
9161,SnSe2,0,28,2.959265197499999,8.83149865748047,5.276092325464479,0.41847097358663055
9162,TiS2,1,28,6.716469370000023,-1.2901111470385969,-4.794321102571942,-3.3091690566862204
9163,ZrS2,0,28,-0.0318374099999951,-0.1815879878729297,1.2175928217838494,0.031576262183019184
9164,TaS2,4,28,0.3300249737499969,4.108917617599287,2.220229768554487,0.6914882498980743
9165,TaS2,4,28,-0.9622996574999912,2.677652431166373,2.557021531101269,0.037382198012076207
9166,TiS2,1,28,-0.0584628349999798,3.376946147924683,2.0803148117125247,0.45151843294106053
9167,TiS2,1,28,0.3207583350000052,2.2984969693365427,1.6437559602601064,0.02678069253193649
9168,TiS2,1,28,-0.1180091699999952,3.515194892986852,2.2479752700569615,2.664731343690791
9169,TaS2,4,28,3.145043773333333,2.2283335498173016,-0.8561797170640055,-1.0263590841294352
9170,TaSe2,0,28,2.5097508624999905,-0.5797742402363999,-0.2712878580698552,-0.5294069643625801
9171,ZrS2,0,28,-1.8526544150000093,0.6683444555883882,2.060164727398284,0.1004154261236665
9172,TiS2,1,28,4.322656885000021,-1.0068473172306525,-2.1782597851871954,-5.174768542460551
9173,TaSe2,0,28,3.1068747874999905,-1.106430216322826,-1.2405980862085884,-0.6597797112569079
9174,ZrS2,0,28,1.6811676774999866,-0.0352919056595733,0.24084580395804145,-0.049638028401272516
9175,TaSe2,0,28,1.5262420924999842,0.0016909884911249229,0.14880764956290227,0.019503439217952057
9176,SnSe2,0,28,0.4043644800000079,5.259134795843295,3.4443051284340336,-0.3609827095481443
9177,TaSe2,0,28,-4.080573899999999,10.020999454911294,9.559719188467406,7.608005626455688
9178,TiS2,1,28,0.537059285000006,2.9272288702378275,1.520964485650222,0.45666804139312145
9179,TaS2,4,28,2.888255857499997,4.913570937442223,3.5760535964642366,1.2881246178621448
9180,ZrS2,0,28,6.509232364999999,-1.2286962696986885,-1.9504315087276192,-0.560126148569335
9181,ZrS2,0,28,1.9847107674999869,0.0101161851163869,-0.23117676837482404,0.06883125043671967
9182,TiS2,1,28,1.3919716750000166,2.500767620959456,0.681752555130497,1.7552058622822915
9183,TaS2,4,28,0.9928669350000012,4.194379387631835,2.3757571164119455,0.6113915625560493
9184,Re4Se8,3,49,0.7107437149999782,1.3145383898101008,1.1688271665256973,0.10518931385693497
9185,TiS2,1,28,2.599179435,1.8681849556911212,-0.6773890338591511,0.5881485062587486
9186,TiS2,1,28,-2.3625954449999798,4.615645136518127,4.3717491289802854,0.6290198624957073
9187,TiS2,1,28,1.70364378250001,2.2379121943676656,0.2735232278073021,0.22149894280872617
9188,TaSe2,0,28,2.5147007349999893,-1.021077120688771,-0.031267408914580574,-0.9441587968540339
9189,ZrS2,0,28,3.640726659999992,-0.006607626186515336,-0.5152050796217775,-0.6525264723168864
9190,TaSe2,0,28,2.61614017499999,-1.3503980320047917,-1.28415410532073,-0.7278200468770246
9191,Re4Se8,3,49,0.5898666749999879,1.6730595061574423,1.275121175189221,0.373172325829073
9192,ZrS2,0,28,1.830918879999988,0.10667275220724659,0.5188445134021116,0.07034209202302222
9193,TaSe2,0,28,2.8835228249999885,-0.08471893922219698,-0.4920246566904587,-0.23009848252664034
9194,TiS2,1,28,4.146676445000011,1.6767218271964408,-2.116278115900992,0.8775556246512748
9195,Re4Se8,3,49,6.694547117499992,-3.78144317939727,-4.728278180706982,-2.5871907281363855
9196,TaSe2,0,28,0.6117693949999818,0.42662211564556674,0.9031608532605162,-0.10839799734576638
9197,SnSe2,0,28,-1.2835549449999997,8.33707443238098,6.633552306501057,1.721260779706624
9198,SnS2,0,28,-6.390769475000001,15.048847668664552,13.148240877486167,8.840022318856812
9199,ZrS2,0,28,2.5374617100000094,1.495830027238557,0.6905800978104559,0.5139244874080311
9200,SnSe2,0,28,3.926887680000002,6.23378546147949,4.249166718218788,0.881691764885252
9201,TaSe2,0,28,0.1199922449999908,-0.3511481173449615,0.5586143446352224,0.3557632875826101
9202,TaS2,4,28,1.889227234999991,4.047283645788176,0.4606565995209846,0.4295842610988454
9203,TiS2,1,28,-0.3645549999999751,2.923390029602026,2.377376873029048,0.740443506571427
9204,TaSe2,0,28,18.19735497,-10.059234954537759,-10.689305402459514,-9.921853718779296
9205,TiS2,1,28,3.331878035000022,2.745392472812478,-1.235082952907737,0.533256045251036
9206,SnSe2,0,28,-0.0226477350000005,6.846453385075277,4.592724756916708,1.6380068823897302
9207,SnSe2,0,28,3.3091827550000072,4.775673039906609,3.0585985662076753,-0.28176056528748283
9208,ZrS2,0,28,-2.007446052499988,1.001778882611174,2.9937090097550336,0.6235109188838586
9209,TaSe2,0,28,-0.3042876700000068,-0.10653480098286267,0.6472192584908107,-0.17147906825581188
9210,TaSe2,0,28,1.7282814399999955,0.20217968855275914,0.11658082240794321,-0.6889113402965246
9212,Re4Se8,3,49,-0.4390756750000179,1.819230205207334,2.3132919136576513,-0.22906012695107258
9213,Re4Se8,3,49,2.376055827499956,0.4376739355310497,-0.4945780741786263,-0.1556129761154752
9214,TaS2,4,28,-0.7996502149999967,5.544682525485836,3.930720193078203,1.129549367119951
9215,TiS2,1,28,1.702906070000017,1.1082359772462804,0.28418781573962737,-0.07412407581615876
9216,TaS2,4,28,1.5700856250000106,3.9973329502868546,2.6121589142608537,0.3174514570363256
9217,Re4Se8,3,49,4.173953069999987,-0.6889198757759476,-2.2910630044889198,0.3511449359305958
9218,TaSe2,0,28,4.617838419999994,0.23065595077840761,-2.0404666637642355,-0.07954474044473692
9219,TaS2,4,28,-0.3218551950000004,4.122504837944336,2.601771560941366,0.6681916789553837
9220,TaS2,4,28,3.8059180374999886,3.7588288191894645,1.7030867938140983,1.114160240087902
9221,TiS2,1,28,-0.9068774162499862,3.427927392598863,2.8818067092467103,0.7435229399570581
9222,Re4Se8,3,49,4.100816599999951,-0.7118420923502113,-2.123949957365877,0.011369196101936652
9223,ZrS2,0,28,4.300424897500006,0.7015984815079692,-0.16584213955017724,-0.3172672627648989
9224,SnSe2,0,28,-1.3784583174999991,7.052531695745035,5.801449553550922,-0.2081412708941659
9225,SnSe2,0,28,1.7307577300000077,7.279238684184563,4.632558805949699,0.6582178902697677
9226,SnSe2,0,28,0.9144995125000004,6.135750540905761,3.9092640964324947,0.4863345313206986
9227,TiS2,1,28,2.3613874437500018,1.3720574456364933,-0.280314954329429,2.001196193487547
9228,TaS2,4,28,11.451909047500004,-2.2187967122949264,-3.957270525033981,-1.4268156509952838
9229,Re4Se8,3,49,1.0612912299999726,2.0953256961932647,0.8249925650388865,0.364686238490628
9230,ZrS2,0,28,3.702706297499999,1.0479278164475518,1.0305991567541515,0.3267937101293956
9231,ZrS2,0,28,1.198948044999996,0.2715724513684121,1.0121601627026406,-0.036246199830928694
9232,Re4Se8,3,49,3.605822719999997,-0.18233338780090014,-1.683456180362749,0.21547182612732252
9233,TaSe2,0,28,0.1715729499999794,0.023110840206929772,0.4393054380869753,0.1532730792816368
9234,Re4Se8,3,49,1.1388687550000007,0.6952206036476636,0.7373540938922112,-0.20238175580617346
9235,TiS2,1,28,3.411596433333336,-0.323102887483218,-1.2448055505869577,1.0112358172617566
9236,TaS2,4,28,3.5611283999999994,4.095625775821941,1.6663208581685387,0.4071293451070157
9237,TaS2,4,28,3.8307857250000095,3.1589198375915433,1.708647833781932,1.1131749416564847
9238,TiS2,1,28,-2.3346973199999743,3.368825826978327,4.2960987030820466,0.0189982989784494
9239,TaS2,4,28,3.809540380000016,2.887058626652816,-0.14823002513144523,-0.26722124115520796
9240,Re4Se8,3,49,5.63470281,-1.533467499763387,-3.7369501276320394,-0.15194190378051786
9241,SnSe2,0,28,0.3525368650000078,7.982869994715772,5.318742009079379,1.6494826993107017
9242,TaS2,4,28,4.998589115000014,16.868029995107406,10.8424877358911,8.230277462148424
9243,Re4Se8,3,49,1.9157968849999911,0.5506937015987232,-0.024914075043122708,0.21005085199443418
9244,TiS2,1,28,-1.1129026499999828,3.7879114238036937,3.1615765579157338,1.1821542667958405
9245,ZrS2,0,28,0.0643810074999871,0.2054365037406542,0.8611278095369596,0.1528559881970344
9246,TaS2,4,28,1.0071119200000034,4.383012400983883,1.8650824496339893,0.43113134992034574
9247,TaSe2,0,28,2.712179089999984,-0.08569513302722598,-0.702405716396163,0.0841867273879151
9248,TaS2,4,28,1.9826957574999968,3.2904982376578813,0.5011499929908274,0.1447280852480095
9249,TiS2,1,28,1.9314553950000053,1.8922733650835113,0.1674215581249947,2.3974989042909693
9250,TaSe2,0,28,3.939000069999997,0.07920493691732045,-0.2863125204089325,0.20085499693522468
9251,TiS2,1,28,-1.4503682749999898,4.686610728257232,3.5296955006851096,0.7405539649261372
9252,SnSe2,0,28,0.2522712100000017,8.849049692506508,6.474681978578286,1.6615407518097924
9253,TaSe2,0,28,0.6587613749999948,-0.697941097468053,0.2709002168477429,-0.8892917164662627
9254,TiS2,1,28,0.1398229025000064,2.985399979135024,1.8500359235014787,0.45885060010416023
9255,ZrS2,0,28,2.774661219999992,1.0168358913205036,0.10451293301005826,0.011269493017789678
9256,TiS2,1,28,-0.3186405249999744,2.74277501787412,2.3619675783879344,2.437888994670588
9257,SnS2,0,28,-6.9727047924999965,14.458459759235836,13.253431543191727,8.996171896140234
9258,ZrS2,0,28,0.2217824049999981,0.4514854363391132,1.2340486061363747,0.651032488722536
9259,Re4Se8,3,49,1.815225137499996,1.0018479692657511,0.09364603635864666,-0.038444214292395085
9260,SnSe2,0,28,-0.7984191399999918,5.886637272654818,4.209262909709261,0.36864239197854815
9262,TaSe2,0,28,-0.5231819349999967,1.1687317886427784,1.6163330275292935,0.2758605677362027
9263,Re4Se8,3,49,1.7752735674999778,0.07692630483482032,0.10606634014620142,-0.5267301460725689
9264,TaS2,4,28,5.479499902499991,2.762870067185882,-0.05727379140583366,-0.2966593962642321
9265,ZrS2,0,28,-1.566932210000001,1.465595015557252,2.9501028544422416,0.9420584129012054
9266,TiS2,1,28,2.9057838650000263,0.49486178840675255,-0.831681383793768,1.4178804823307032
9267,ZrS2,0,28,6.596008345000009,-1.6353631461779878,-2.644821926466684,-0.5349706456184986
9268,ZrS2,0,28,4.186096467499995,-2.9897265016288204,-2.6893749216447906,-3.100289819563492
9269,TaSe2,0,28,2.0882375074999997,-0.8934857679980466,-0.859179400759684,-1.073534631091105
9270,TaS2,4,28,0.141007215000001,3.722496956371459,1.9725751576654043,0.015428274654540025
9271,TaS2,4,28,3.572808607499992,4.268170014936532,1.2522921322969642,0.15471169940511897
9272,Re4Se8,3,49,2.302621064999998,0.25853155213663914,-0.4163253887686138,-0.2719631775411968
9273,TiS2,1,28,-3.761844059999973,4.876621625002414,5.745565276519646,0.7676386646193172
9274,TiS2,1,28,2.405871880000003,0.6611022433189873,-0.35738580618815385,1.0760880987394175
9275,TaSe2,0,28,0.7542371149999869,0.11025410928895352,0.8076997403161752,-0.08355198265542307
9276,ZrS2,0,28,-0.2465686049999967,0.44260510275186843,1.324035649194536,0.2117645787141894
9277,ZrS2,0,28,4.060586617500004,0.619181785871171,-0.1168644488954711,0.5012718775764933
9278,TiS2,1,28,0.3990026250000174,3.4381232326710847,1.644808338630659,0.81834424192554
9279,SnSe2,0,28,1.6942458075000069,7.504772035110671,4.861425884394524,2.1407912649995864
9280,TaSe2,0,28,2.1755217750000067,0.22662313390502264,0.7015927593780451,-0.28987416020305035
9281,TiS2,1,28,-1.5248245449999842,4.1973971180260055,3.532347326689946,0.1392830264707281
9282,Re4Se8,3,49,7.560155279999996,-2.204734928971553,-5.658665704296057,0.04276906692383253
9283,TaSe2,0,28,2.256755130000003,-0.8149723773271715,-0.44540565858988734,-0.767598367241112
9284,ZrS2,0,28,1.1312248349999852,0.48772922746186786,0.8706217963680163,0.4357461094046169
9285,SnSe2,0,28,2.1818326800000056,8.658248217013341,4.214070509977004,-0.24948800493591872
9286,TiS2,1,28,-1.007169534999976,3.5375320615757,3.0541368029900884,1.7381404740004238
9287,SnSe2,0,28,-0.0651500150000021,8.653727126562096,6.002863876465456,1.9368952040309673
9288,TaSe2,0,28,2.183313182499988,-0.498859893785897,-0.4099377110669844,-0.4157419319023521
9289,TiS2,1,28,0.2537030375000047,2.9518962705139113,1.7225600485010737,0.20786535779672788
9290,Re4Se8,3,49,5.753685029999988,-1.3534368203645712,-3.8414175040091845,0.3302109711800245
9291,TiS2,1,28,1.3492249950000144,1.826753387428473,0.7258279021354022,-2.0030552053678528
9292,ZrS2,0,28,0.6003379000000016,0.27969392411193683,0.6387331910161319,-0.012160536922202203
9293,TaSe2,0,28,0.3096897749999847,3.338335658222468,3.3696439913014884,3.1915247292419586
9294,TaSe2,0,28,0.5073252749999799,1.370805081470764,1.6881812977234087,0.5362167127370399
9295,TaS2,4,28,0.8364316900000042,6.238800180015458,2.6881746968204707,0.236253154334916
9296,Re4Se8,3,49,2.263773554999953,0.32170336004165234,-0.41799795075190627,0.11466992453801073
9297,TaS2,4,28,3.240996555000008,3.923546914746899,1.6472505375648923,0.33522952049030774
9298,TiS2,1,28,-0.6734137374999993,3.4317784944020584,2.6939965723795565,0.4004157224141432
9299,SnSe2,0,28,-1.4694114650000016,5.986767701775717,4.78634628898987,0.1677338406154394
9300,Re4Se8,3,49,3.3871126299999736,-0.44795275985226857,-1.4793814148408753,-0.7710877384645327
9301,Re4Se8,3,49,0.7041204399999991,1.5440779500070199,1.1721793783568328,0.11876249043772469
9303,ZrS2,0,28,0.9123010150000068,-0.11392373953308788,0.8741415032342461,-0.2040412735347562
9304,TiS2,1,28,0.1950920300000076,5.363944542774243,1.9235037688103156,3.1237959189898605
9305,TaSe2,0,28,1.4119036299999888,0.08295233021017556,0.47417401244080715,0.05703249543742994
9306,TaSe2,0,28,-1.3553272700000023,-0.024947820535479392,1.1359073932655865,-0.6007934594464088
9307,TiS2,1,28,1.5776882325000177,2.941893800657331,0.46561056828631875,1.1593839968853583
9308,SnSe2,0,28,1.5937646350000083,6.460790622161451,3.7591593940323813,0.3834125080969155
9309,SnSe2,0,28,-1.9737556700000023,6.4742294077166775,5.4872086767443875,0.6904238784401471
9310,SnSe2,0,28,0.8920200750000085,7.306672207040906,4.07945576461486,-3.7996447762367325e-05
9311,TaS2,4,28,-2.147383074999988,3.927016279142241,2.7096886843851604,0.14834906760964794
9312,TiS2,1,28,-1.9630618799999968,3.2819545178885874,3.904234360583188,0.02148039234435717
9313,Re4Se8,3,49,0.3526607666666217,1.4228075827901654,1.5312666580821168,-0.06755049171595845
9314,ZrS2,0,28,7.157832709999999,0.053670954652507596,-1.2747917255283605,-0.5636036476017248
9315,Re4Se8,3,49,3.3184234149999856,-0.11003985481932155,-1.426310921484971,0.08535895270631322
9316,SnSe2,0,28,5.2376701674999975,5.897803560679934,3.2791592436887633,0.8055034635323102
9317,TaS2,4,28,-1.7945852600000047,4.7385431451064095,3.5718086086175584,0.8095532578688606
9318,TaS2,4,28,2.506197815000016,3.905084406476221,1.7554470252404624,0.5640434773176923
9319,TaSe2,0,28,1.035300040000002,-0.12721687928171999,0.4916828634805277,-0.11987867330841273
9320,TaS2,4,28,3.763004134999992,1.4702604702042725,0.45966157227031257,-1.058176508453768
9321,TiS2,1,28,0.0383740950000008,2.144323042196858,2.043974053028055,2.359937639199523
9322,TiS2,1,28,0.168553545000008,2.024855023700147,1.7948544483166424,-0.1016291319547606
9323,Re4Se8,3,49,4.237739289999963,-0.6492944610128415,-2.3426776381343215,0.027798130908647245
9324,ZrS2,0,28,3.575502470000006,0.13961418980020524,-0.005322848621425624,-0.3949792334073954
9325,ZrS2,0,28,-0.7523162075000096,0.10594905496806784,1.6157733309385267,-0.01349094429442399
9326,Re4Se8,3,49,3.152846744999952,-0.3174850656049122,-1.2691989455080699,0.04766010111007368
9327,SnSe2,0,28,2.0776652600000087,7.697893847462556,5.758270173705639,1.5128392273555415
9328,Re4Se8,3,49,4.485826764999965,-1.015027875204026,-2.5371559008947404,-2.0688286170354875
9329,TaSe2,0,28,1.4115135749999963,-0.605697798810828,0.19666257691142142,-0.811216441872148
9330,ZrS2,0,28,0.6873943333333217,0.8439198410008866,0.9797180171305455,0.11257379010265245
9331,SnSe2,0,28,0.1183154575000047,5.686059793634231,3.891438802881058,0.19212389072082048
9332,ZrS2,0,28,-1.7498976200000118,0.6832948733544022,1.8047746627703976,0.14146032027161826
9333,ZrS2,0,28,1.5243459399999946,0.11307837004842658,0.5413595183231661,0.043355717613123845
9334,ZrS2,0,28,0.7178850400000112,0.22743779147174992,1.0974309218377574,0.20403744503365984
9335,Re4Se8,3,49,1.226307532499951,0.0793925709419232,0.7060435798657716,-0.3633141331977864
9336,Re4Se8,3,49,5.649196384999996,-1.5744288749037638,-3.7590036378839073,-0.3561788386641398
9337,TiS2,1,28,2.4007303275000265,2.8260791741479228,-0.33532146188926815,0.5779033941694887
9338,TaS2,4,28,0.8579778000000111,4.536226180763742,1.6781484559890636,1.0438200111902762
9339,Re4Se8,3,49,2.430785000000001,0.32711849642435586,-0.5390044646199554,0.08081644805908095
9340,SnS2,0,28,-4.993344662499997,12.236521599603268,10.06295088719584,7.97391625038045
9341,TaS2,4,28,-2.6456933425000084,4.36136480233379,3.7478934929898156,0.777618845912891
9342,SnSe2,0,28,0.0629024899999981,5.275460203786623,3.896839301089378,-0.18855289588378715
9343,TaSe2,0,28,-0.8217157875000192,-0.6907092378041393,0.7571699176727487,-0.19397811546934118
9344,Re4Se8,3,49,2.187177472499955,0.6923960316300906,-0.2992597154656531,0.2279314466437219
9345,TaS2,4,28,3.3132840900000087,3.6192006957157306,1.0474376570804766,0.259974151017651
9346,ZrS2,0,28,1.4853592250000105,1.498878128006988,0.7110038664688005,0.4397345052907202
9347,SnS2,0,28,-7.888648680000001,10.892443270632121,11.448762110023194,8.574032079327598
9348,SnSe2,0,28,0.7366259650000078,5.566153789002881,3.887242103059277,-0.26975025292318483
9349,SnS2,0,28,-2.3412624125000026,9.214477769962567,7.095794829161583,7.170217585992434
9350,Re4Se8,3,49,2.806763074999962,0.7371799327871069,-0.8342662475565212,0.4428757208526992
9351,TaSe2,0,28,2.4941711249999816,-0.8024078034413471,-0.6323406123173847,-1.175155343915285
9352,ZrS2,0,28,1.4493720100000056,0.06790300551309669,0.41954291207844485,0.026199860803827413
9353,Re4Se8,3,49,1.072901599999987,1.3665074970357391,0.8088999257517628,0.034892605347710104
9354,TiS2,1,28,-1.0892116699999903,4.9242306624240015,3.207536386885875,1.570177800892426
9355,TiS2,1,28,4.0685450262500105,0.9076877408550921,-1.9129234181516623,2.3584922128246966
9356,ZrS2,0,28,1.5866644725000052,-0.5411498094394991,-0.06445606001170368,0.06387973380136613
9357,ZrS2,0,28,0.5561242849999849,0.8069947608933664,1.2160759020473377,0.5202371327704008
9358,TaSe2,0,28,0.6814854800000045,1.0593770087466385,2.217615618378495,0.8348775447116044
9359,TaSe2,0,28,0.6335585599999852,-0.13366902727496893,0.4092475885290675,-0.07063369809202624
9360,TaS2,4,28,2.268987474999994,3.903338612951666,0.9004735368866026,1.139694076615403
9361,TiS2,1,28,-3.1055586199999787,5.754660672052795,5.128561641875995,0.5874757628680207
9362,TaSe2,0,28,5.389400757500002,-0.22182817970560897,-0.3473345012947604,0.28669011876139194
9363,SnSe2,0,28,0.0570251449999972,5.58246224074982,4.541694054498497,0.36988001018188754
9365,TaS2,4,28,2.5769539100000056,4.531497774315993,2.5225202021927844,1.018666245334467
9366,TaS2,4,28,3.3972284000000013,3.371293862573241,0.38476975750121944,0.15310589463704316
9367,Re4Se8,3,49,1.795703799999961,1.0241526052582177,0.08871738962609688,0.19328126164554682
9368,TiS2,1,28,0.6213806575000276,2.138017246578138,1.3196709845999888,0.43763553048571047
9369,ZrS2,0,28,0.9086416249999996,0.2400718445053105,0.7371898407211308,0.3512713029454553
9370,ZrS2,0,28,-0.4506207250000101,0.39443245951742545,1.8326298338612974,0.5094760201812845
9371,TaSe2,0,28,1.8306243449999888,-1.0259686738802989,-0.5087812374585867,-0.37605150844196467
9372,ZrS2,0,28,-0.3864655950000042,0.9751851219266806,1.9613367774417156,0.10600023054382746
9373,Re4Se8,3,49,3.268971149999971,-0.9119323739201577,-1.3712740191609412,-0.2822826950540889
9374,ZrS2,0,28,0.1316619850000111,0.6231457256475719,1.4508714540004364,0.17600924404458526
9375,TiS2,1,28,-1.5807569333333282,3.7523227839090936,3.734277437966914,-0.9293524117848764
9376,ZrS2,0,28,6.389904319999994,-0.22520802394388273,-1.5120080905739277,-0.1400298871183212
9378,TiS2,1,28,-0.7180130249999745,4.067356761966426,2.7473879423482006,1.9235030975682321
9379,Re4Se8,3,49,2.5643672175000027,0.519158678572385,-0.6474862920035835,0.5041900449206516
9380,TaSe2,0,28,7.439011374999987,-1.9043917257486855,-2.048062920461006,1.0819459359944794
9381,ZrS2,0,28,1.6979786174999862,-0.26204065655740005,-0.02402695193958171,-0.21008336717955167
9382,ZrS2,0,28,0.7547843725000116,0.08349757686115378,1.136903259107044,0.5219836761043177
9383,ZrS2,0,28,6.601728005000012,-4.3378141351422235,-4.522517207054353,-4.717927259989636
9384,SnS2,0,28,-5.770238440000008,14.876579484108081,12.338199497027189,9.648317139111946
9385,ZrS2,0,28,0.8176832349999958,0.055243238617557866,0.771125857839563,-0.20071364958129467
9386,Re4Se8,3,49,3.2157926899999763,-0.5300635042598234,-1.332584097267229,-0.16731146403256902
9387,TaSe2,0,28,0.0356482249999849,-0.15787001277057408,0.6525513745839588,-0.32246609355060335
9388,TaSe2,0,28,4.416498927499983,-0.40907934131834267,-0.9290759049118891,-0.05955198230955361
9389,Re4Se8,3,49,0.2659273099999621,1.6416069714127983,1.608785753240089,0.2025664695003634
9390,TaS2,4,28,4.440652159999992,3.116883170454517,1.6103946882971272,0.6522203006831946
9391,Re4Se8,3,49,5.9085471624999855,-2.6183558300007994,-3.985622961806219,-2.6560983652740333
9392,Re4Se8,3,49,4.835509474999951,-1.1729852516723147,-2.9337937990101643,-0.12019079519038112
9393,SnSe2,0,28,1.2860311775000084,5.359139550865573,3.3255616318592245,0.034378040970247215
9394,TaS2,4,28,3.395028644999996,3.2442820328462765,2.448953415750329,2.5243788816520225
9395,SnSe2,0,28,-1.2163938849999938,5.58736914096618,4.600620207174066,-0.0488139619594381
9396,TiS2,1,28,1.7896973850000206,0.9667999583812255,0.2590205111435746,0.02894860886848938
9397,Re4Se8,3,49,4.253067549999969,-1.072701987561004,-2.313116408324656,-1.3721119333668717
9398,ZrS2,0,28,0.0670620499999996,0.6871063809641524,1.1175584893473312,-0.005870252743529869
9399,Re4Se8,3,49,3.277852984999951,-0.17978021774226072,-1.3951755093885823,0.025250779851937022
9400,Re4Se8,3,49,1.176470334999988,0.9489420496689978,0.7009659055141313,0.16937301986095354
9401,Re4Se8,3,49,2.8784416800000066,0.557089618319492,-0.9300559645153874,0.7128756557645604
9402,SnSe2,0,28,-1.0708334800000034,5.842962220946456,4.408959265191857,0.25115151766886734
9403,ZrS2,0,28,-1.4136081999999976,0.8094552026651994,2.172352916644285,0.33109804654744224
9404,TaS2,4,28,-1.922600035000008,3.803581520048938,2.297622287400724,0.18586286319112943
9405,SnSe2,0,28,0.5308540950000085,7.266949704311312,6.165440927964469,0.35418086352151656
9406,Re4Se8,3,49,1.3844567449999832,1.05475140490999,0.5189248410748459,0.9367046046144782
9408,TaSe2,0,28,0.2605505675000026,-0.22800730565409602,0.42960175971964254,-0.18841337064127867
9409,Re4Se8,3,49,7.45070041999997,-2.9758442022977407,-5.558370647686535,-0.2990550774910181
9410,ZrS2,0,28,3.845321039999993,-0.052299241866142765,-0.035803179587395206,0.4557746046329827
9411,TaS2,4,28,0.8399370449999992,3.8364809415519217,3.0737686218599456,1.1074180267035938
9413,W2Te4,2,55,5.611454000000007,3.3443703751525806,-2.801233361089078,0.2933147848408941
9414,ZrSe2,1,28,0.8193996324999939,0.3685975894467224,0.9362780675427307,-0.3115643635256897
9415,ZrSe2,1,28,3.581463207499993,-0.987431953049513,-1.9031923509605846,-0.25937361488422983
9416,W2Te4,2,55,1.6288527399999886,5.572631940175793,1.1966968625085563,1.129310712148449
9417,W2Se4,3,97,3.846712977499944,3.13429618794602,-1.4149515537531991,1.0172309172042389
9418,Si2,3,19,1.269940035000003,6.81273256097778,1.7684527472113007,-1.8409832879449493
9419,W2Te4,2,55,2.9549732250000207,4.800531701045715,-0.14829254567873162,0.8625132201090286
9420,ZrSe2,1,28,1.53706004,0.6463120601942953,0.3839029294620768,0.5103629253676352
9421,ZrSe2,1,28,0.1106351749999969,0.9467247588531525,1.7036299966868114,0.13231931756897283
9422,W2Te4,2,55,1.571134922499993,6.332527123296719,1.2448393130346749,0.8532968783422921
9423,W2Te4,2,55,3.429031057499984,5.516905304448665,-0.6183935039670656,0.16026075348939584
9424,ZrSe2,1,28,3.2114398249999767,-0.7908351191894298,-1.2331011860585297,-0.21074054330747183
9425,ZrSe2,1,28,1.3448301699999927,1.9972347669557773,0.5410994145031811,2.5879809312776767
9426,Sn2,1,19,-1.7625216100000012,5.335235302982992,3.1574314289671843,0.6068932467085786
9427,Sn2,1,19,6.370858330000003,0.8146494046165946,-4.887600956825971,-0.7190792346681745
9428,ZrSe2,1,28,0.9456733399999812,1.1200547283517643,0.9779209758467798,0.42358820295605326
9429,W2Se4,3,97,6.029420119999973,1.9760943427889277,-3.5652355178983286,1.1529090578564727
9430,Sn2,1,19,3.5203915300000013,0.5346582470309436,-1.9546989065436822,1.5080696084073884
9431,Si2,3,19,-1.108392196666665,9.148295678468017,4.173118390412596,0.5442584730898014
9432,ZrSe2,1,28,0.0364133449999886,0.6707130737495027,1.7597771155229809,-0.10359970059080892
9433,W2Te4,2,55,3.423021310000024,5.3462557857946535,-0.6123690539880613,0.4109825358506023
9434,Si2,3,19,0.5918177837499998,6.9121878867974855,2.4232095008721926,0.34091455992370623
9435,Sn2,1,19,1.5832908650000022,0.3094486693780496,0.011221359197385539,-0.6222595472891257
9436,Sn2,1,19,1.1203441750000014,2.0410888064910875,0.31650915434061555,1.3110942710449205
9437,ZrSe2,1,28,0.9617169049999807,0.680813774702778,1.0939175141233508,0.13985966169618624
9438,W2Te4,2,55,2.4030171724999807,5.249068767543151,0.4162326164201038,0.05210291416994117
9439,Si2,3,19,0.6107735849999978,7.581189531327923,2.466068723044436,0.6910755020793682
9440,Sn2,1,19,-0.4546366033333362,2.3126373586433946,1.9228395121671578,-0.454297830921628
9441,W2Te4,2,55,3.0008641650000287,4.727267923979056,-0.21405257480532658,-0.19976216253827728
9442,W2Te4,2,55,5.123691052500002,4.016921867625324,-2.3211490812933366,0.16068970133504035
9443,ZrSe2,1,28,0.2326768249999977,0.18871505948588285,1.4641829321055118,-0.2738147587310768
9444,W2Se4,3,97,1.0145582849999188,4.638885091223328,1.4069660012702228,0.036725193736958595
9445,ZrSe2,1,28,-1.2880227800000046,1.0581707791277104,2.9852342442461186,-0.008904831033117233
9446,Si2,3,19,0.8853179450000059,7.7664229238863065,2.2685756847098735,-0.460833811279608
9448,Si2,3,19,6.628073049999998,0.03868095733947996,-3.702878945487465,-3.9154909783777847
9449,W2Se4,3,97,4.347500929999951,2.6167409720335373,-1.9378933606233235,-0.2093368071005779
9450,Si2,3,19,1.3866627550000068,6.576449758224277,1.6783449316149834,0.5530757570391778
9451,W2Te4,2,55,11.112266847500008,-1.243156104295256,-8.321180571127734,-3.8246060897994054
9452,W2Se4,3,97,2.125088005000019,3.7242479038897516,0.26659422245257725,0.013366869356568944
9453,ZrSe2,1,28,2.5816365225,0.4612943984187825,-0.6820441626392622,0.4392898735520423
9454,W2Te4,2,55,0.1715280850000047,7.662412420981441,2.6481777191890417,0.09653001633615663
9455,Si2,3,19,0.5858699725000074,7.4550990814042075,2.485103423801262,0.3004088554851204
9456,Si2,3,19,2.1218562649999946,5.611664878595383,0.9083717934971163,-0.016228489807733837
9457,ZrSe2,1,28,4.373252544999991,-0.2442792199064039,-2.4423410437513136,0.3404398022086683
9458,Sn2,1,19,0.0015552499999976,2.9632462204386414,1.4523849825948103,2.116068555999758
9459,Si2,3,19,-0.2857032899999998,8.405929355317788,3.373622207338053,0.6505558376455687
9460,Si2,3,19,2.5653843449999982,6.5187802744458025,0.5428801807314065,0.7926128340313738
9461,W2Te4,2,55,-0.1015472099999772,7.157923667214333,2.9095600928684258,0.5914295599679338
9462,W2Se4,3,97,0.0528188599999302,5.24921488226895,2.3563563770199267,0.09362005652432112
9463,W2Se4,3,97,-0.623945043333402,6.635725821900398,3.061427559304268,1.880600219814013
9464,ZrSe2,1,28,-0.13887874,1.4391001831762695,2.204765436179708,0.22283871683207196
9465,Si2,3,19,-0.1926368400000058,8.623168182824307,3.3128640179378315,0.20235136395121836
9466,W2Te4,2,55,2.6713008800000244,6.434159286931128,0.14616498163836278,0.4455331247200278
9467,W2Se4,3,97,-1.4274322250000666,6.068683431398076,3.8354177533102067,0.3184646823517512
9468,W2Se4,3,97,-0.8575639275000038,5.223172659405623,3.2806398418829383,0.2406331248368364
9469,ZrSe2,1,28,0.6420444799999867,1.7455611076414113,1.2156185951292044,0.5933928337156302
9470,Sn2,1,19,0.0154464899999986,2.00141288245687,1.4954201519982924,1.8306340118742892
9471,ZrSe2,1,28,2.9549924237499825,-0.42083777020078816,-1.028827319837629,0.15851341655153117
9472,Sn2,1,19,1.0353377074999996,1.3356625824169925,0.3520180174705001,0.4206920255220543
9473,W2Te4,2,55,4.750762374999992,3.9901444993387933,-1.948091657760612,0.42206343829346515
9474,W2Se4,3,97,7.401025269999941,0.2663755272082087,-4.987380240931948,-0.07293428438389338
9476,Sn2,1,19,-0.4829512750000014,2.2630546008438124,1.9948133543024713,0.4059234773010268
9477,W2Te4,2,55,-0.3899601375000055,8.393692341937262,3.2065285916066544,0.9623413160380101
9478,Si2,3,19,1.5870410400000008,6.77495298809143,1.401464482410074,-1.8131548362341317
9479,Si2,3,19,0.3205776049999942,6.930422004629319,2.702536678879604,0.2713409429482073
9480,Si2,3,19,-0.1423184450000025,8.124322849067996,3.1809643482694523,0.19957577939127855
9481,Si2,3,19,1.2520961650000038,6.763019016605017,1.7555230570052047,0.26172039034108097
9482,W2Te4,2,55,5.036166940000006,3.6499238472517845,-2.226681663459886,0.3067770462569106
9483,Si2,3,19,4.619188197500007,4.133042923563226,-1.642919667608039,-1.0439232667749092
9484,ZrSe2,1,28,-2.099125700000016,1.6364859708180906,3.958888726237504,0.33666602452902805
9485,ZrSe2,1,28,1.858739784999992,0.37105030651459536,-0.06514816646208921,0.09442971980144033
9486,Sn2,1,19,3.8848058499999976,0.6526172838501001,-2.418998650521848,0.3013598801584907
9487,ZrSe2,1,28,1.1226954674999965,0.8219800177930741,0.6853448335050492,0.11997240620046323
9488,Si2,3,19,1.8131234350000005,6.234193751991373,1.2555512088344316,0.3421783743109126
9489,ZrSe2,1,28,3.0782984749999764,-0.769929831875078,-1.1135634438720468,0.017196431107608046
9490,ZrSe2,1,28,6.101591734999992,-3.150904803389885,-4.126044023945508,-0.32742753517089085
9491,W2Te4,2,55,2.027046622500015,6.093641498024073,0.7900472266821139,0.33965227835854606
9492,W2Te4,2,55,3.597167314999988,5.351871985282809,-0.7663058260219202,0.29549640226990936
9493,Si2,3,19,-0.9266640599999976,8.61336217884562,3.956351703051145,-0.5320501867498804
9494,W2Te4,2,55,0.8089671199999917,6.321780834050708,2.006065203201506,0.5994005138195884
9495,W2Te4,2,55,5.582682936250027,2.3822987786344134,-2.7622189609794376,-0.7828238098411324
9496,ZrSe2,1,28,3.3511301899999784,-1.1889670118739613,-1.3890174453507271,-0.5982632860591419
9497,ZrSe2,1,28,0.5768146024999994,0.8177887691201788,1.204611270938518,0.17018493941843726
9498,ZrSe2,1,28,0.7279896749999786,0.6072082505676484,1.282046515350872,0.34950689336193963
9499,Sn2,1,19,0.7356985474999982,1.5041694178803524,0.7018444870535296,-0.27641038749379293
9500,Si2,3,19,0.6681453725000015,8.173996573656819,2.4276772796809882,-0.14443079037465567
9501,W2Te4,2,55,3.1401653400000065,5.425667433844394,-0.3355949829952052,-0.1440390856003888
9502,ZrSe2,1,28,1.6435801399999956,0.4056923177585898,0.2231830544020632,0.31119467683095725
9503,W2Te4,2,55,5.295256140000012,2.8982958772119023,-2.4806493939622105,-0.3160897912247842
9504,W2Te4,2,55,5.989580926666667,4.81873737040161,-3.194287516047567,-0.5887649629215499
9505,ZrSe2,1,28,1.6473120574999849,0.6626660302431386,0.19671065361807738,0.6560952142030996
9506,ZrSe2,1,28,1.6551379350000008,0.4807759138769523,0.27009372043874014,0.5681840591457106
9507,W2Te4,2,55,4.2243495200000165,4.402486144113347,-1.4229343149981855,0.16683226685504504
9508,Sn2,1,19,-1.976994597500004,3.7177328304305055,3.3752738670363405,1.1170838709527628
9509,W2Se4,3,97,7.266660122499994,0.46270729261027643,-4.849343526786697,-4.052593100494278
9510,W2Se4,3,97,7.103422910000001,0.662852893248087,-4.682740082368369,-0.03880638880045684
9511,Sn2,1,19,-0.505029499999998,2.2441295191370627,1.8484256073557517,1.199341555905658
9512,W2Se4,3,97,4.193159490000029,2.6877700595350866,-1.773815462162911,0.005930513967256523
9513,Si2,3,19,0.4756976949999938,7.628715178586026,2.587146899319668,-0.8029169825544169
9515,Si2,3,19,-0.3482278850000036,7.647889203461104,3.367983327937219,0.3292205995640092
9516,Sn2,1,19,0.3007130650000009,1.3780232243422434,1.1351001235528555,-0.10508164041402271
9517,ZrSe2,1,28,2.3049995624999813,0.041776843470274105,-0.3740470135192684,0.16696400205486883
9518,W2Te4,2,55,2.474995804999998,5.42212069712606,0.34892841858195167,-0.5755222968009421
9519,ZrSe2,1,28,1.3267324249999923,1.0565363286875482,0.6416460393809078,0.1827353754582799
9520,Sn2,1,19,0.7090101449999988,1.9361172706570446,0.8461485893215954,1.325366476246339
9521,W2Te4,2,55,3.036535189999978,5.393921130444764,-0.21477119769040787,1.2202296987634496
9522,W2Se4,3,97,3.224863967499985,3.2898230938098294,-0.8060052804170588,-0.00043070435708125743
9523,Sn2,1,19,6.217052230000002,-0.05502812937846091,-4.750158358374738,0.028986842672524382
9524,Sn2,1,19,1.6062255250000024,1.1449933502492247,-0.25499180422058343,0.35294441912739827
9525,ZrSe2,1,28,2.013463509999984,1.093196776585506,-0.10101176592039396,-0.024982266548547516
9526,Sn2,1,19,0.8393357324999964,1.8109261464672888,0.557896362900496,1.703925080259403
9527,ZrSe2,1,28,2.7339588549999787,-0.6659929898647858,-0.724428231246113,-0.4195444730190827
9528,Si2,3,19,-0.0712481949999963,7.715490163790687,3.1531979058459436,0.7266935720319583
9529,Si2,3,19,-1.5276856537499952,8.876279524548742,4.575343381945186,0.5880665894189405
9530,W2Se4,3,97,2.3424439000000192,4.52474638155007,0.1301258040557669,0.5075064930409559
9531,Si2,3,19,0.990832129999994,7.661936958745123,2.1449080706785133,0.5656137864937396
9532,W2Se4,3,97,1.6076277950000115,5.296921088438099,0.8470819732952766,0.9202821196524948
9533,Si2,3,19,0.7164101375000076,7.495206934923292,2.429971638038119,-0.09942799536947378
9534,W2Se4,3,97,5.344660810000019,1.7379579828517464,-2.9348837250136506,0.10852903985349638
9535,W2Se4,3,97,-1.6505438950000209,6.061216480169495,4.063215063645244,0.4568992124336959
9536,Sn2,1,19,-0.0122237200000006,3.1246763064919034,1.4941083187319952,0.8222794924634812
9537,Sn2,1,19,2.325343,1.6551694203364051,-0.8565914900156659,0.36523514280192027
9538,Sn2,1,19,-0.1955502450000068,3.204596958511156,1.7771615206729194,4.348916890177212
9539,W2Se4,3,97,2.8936088899999444,3.9533437073002675,-0.43980471494094386,0.7679190615584868
9540,Sn2,1,19,0.5620986224999962,1.9762854574331703,0.8987282910157306,0.7349537609228554
9541,W2Se4,3,97,0.1647759599999436,4.597318497944291,2.24931205078802,0.3041581388795527
9542,W2Se4,3,97,3.608232844999927,3.33234879460782,-1.1827136964912195,0.05198316859056762
9543,Si2,3,19,0.38810468,7.211390254082032,2.653673804980265,0.019961195371297202
9544,Si2,3,19,0.4854358900000033,7.587327235101721,2.547974738636675,0.03186960335479405
9545,ZrSe2,1,28,-2.629144177500004,2.0361040290828494,4.485870426559045,0.40203387107808863
9546,W2Te4,2,55,3.633403973750004,4.603149218388667,-0.847702380986739,0.4277418881935584
9547,Sn2,1,19,2.7267324575000025,0.5965094121085586,-1.3619706678602117,1.4072787316428608
9548,W2Te4,2,55,2.092765059999982,6.731000217862567,0.71067996131146,0.43912481572989703
9549,Si2,3,19,-0.7107002633333315,7.964396069200844,3.748499780646971,0.2816135781526674
9550,W2Te4,2,55,3.526136077500025,4.506710532251358,-0.7202186555232997,1.2597594290409098
9551,Si2,3,19,2.0946157800000016,6.644326207355549,1.1073613140144842,-1.11157075830709
9552,Si2,3,19,-1.2511279699999978,8.102678310652463,4.299025149921466,0.3739411947924782
9553,Sn2,1,19,-1.2060893466666671,4.266096203585002,2.6185764561688236,0.7932741731996669
9554,W2Se4,3,97,1.5942846174999958,4.548099315567326,0.8436790271634969,0.20502948403707277
9555,ZrSe2,1,28,1.0956152174999845,0.0472525066007643,0.5963104273745883,0.033850283013728166
9556,W2Se4,3,97,4.770716835,2.1845176925878906,-2.3601892083266196,-0.02670654548990914
9557,Si2,3,19,3.195356094999997,5.091971591945599,-0.2145123125750703,-0.13023412641275733
9558,W2Se4,3,97,0.7616511349999573,4.912773155657086,1.6423055961605246,0.12033488699558714
9559,W2Te4,2,55,3.9212444050000177,4.197364864460026,-1.108026447185483,-0.518260819006569
9560,Si2,3,19,2.475959912499997,5.785540128190107,0.5833371723083527,0.23096778436381316
9561,Sn2,1,19,0.114127950000002,3.105795228354897,1.3464564918207784,0.29772373425241905
9562,W2Te4,2,55,7.788556149999983,2.740710843204769,-4.973644387126651,-0.34495787958372315
9563,ZrSe2,1,28,1.0769788399999882,1.0715092842116412,0.9216362262104407,-0.061321653491809514
9564,W2Te4,2,55,1.6655617074999909,6.454352506316333,1.1434424403475028,0.29708724053365976
9565,W2Te4,2,55,1.7920463275000047,6.907764018467606,1.0230013339634147,0.3490705300286818
9566,ZrSe2,1,28,3.3862842662499903,-0.4105376346276759,-1.4418111188577174,0.27093212372396813
9567,W2Te4,2,55,2.118365335000025,5.3368537748530835,0.6987421040411128,0.1422504906530513
9568,Sn2,1,19,0.81125884,1.7614632771061196,0.6303310320423381,-0.07896980388498942
9569,ZrSe2,1,28,0.5549526762499997,0.3504178770845544,1.3401268570090743,-0.02547031159545865
9570,ZrSe2,1,28,2.244991234999985,-0.3209325592339938,-0.5605305553099418,-0.09224932597288538
9571,W2Te4,2,55,2.093069887499981,5.999408069907652,0.7288322286397491,0.08224565154217389
9572,W2Se4,3,97,1.468076193749963,4.25309860267236,0.9403912579814009,0.2407095785736455
9573,W2Se4,3,97,8.274099864999926,-0.5542429670100164,-5.754149872502163,-2.919378795663988
9574,Sn2,1,19,0.7878426199999986,1.478105437174684,0.620919477358705,0.19804542403940972
9575,W2Te4,2,55,0.3084373349999996,7.728971493735352,2.482377382610678,0.14205886174682658
9577,W2Te4,2,55,3.34423673499999,5.15393475344402,-0.5025684470869858,-0.6360797519423325
9578,W2Te4,2,55,2.2706039450000324,6.195762981828987,0.548881083584766,0.21205618963334993
9579,W2Se4,3,97,1.7253571074999474,4.5733249066474935,0.7234694439374305,-0.2857231420076989
9580,W2Te4,2,55,0.0852731262500046,7.77698769223144,2.7202284937247674,0.29988712123483835
9581,Sn2,1,19,2.156755367499996,2.126684626358341,-0.591135978283891,2.061957677620243
9582,Si2,3,19,4.312794915000003,4.9748281725651005,-1.1848165106370065,1.0366513816918914
9583,Si2,3,19,0.9153685350000024,7.354950608931068,2.008484465005084,-1.2815354445357283
9584,Si2,3,19,0.6083781325000022,7.430439908983558,2.456925113680214,-0.3605264428434266
9585,Sn2,1,19,4.090620037499999,1.6443425053517666,-2.5980839695373525,-0.425106760446166
9586,W2Se4,3,97,3.0744027650000056,2.875305974916478,-0.6654900268357395,0.22600679043517502
9587,W2Se4,3,97,2.4051847424999417,3.7461824450000583,0.009801788439796066,-0.0805393821890692
9588,W2Se4,3,97,5.408109474999961,1.9849518449870187,-2.983841308775799,-0.11974268041377911
9589,Si2,3,19,-0.0258037199999998,7.389795139474284,3.0391297291145833,0.18210569525024395
9590,W2Te4,2,55,0.2874270774999965,6.834043850692142,2.5277784170627884,0.9344448945840489
9591,W2Te4,2,55,4.011081150000001,5.011124679620361,-1.2070542284098313,0.3493400307250969
9592,Sn2,1,19,-1.2492094950000037,2.2035923914233435,2.702142329625248,0.048219930740156736
9593,W2Se4,3,97,1.7902193600000242,4.245603309664995,0.6454564994512697,0.9889734850266276
9594,W2Te4,2,55,4.376510405000003,3.87717745358154,-1.5757289165814239,-0.7991963460603873
9595,Sn2,1,19,-1.2213369700000063,2.116064637172756,2.7513431800092634,2.1158276093686994
9596,W2Se4,3,97,2.8118830449999246,3.5807481678703557,-0.3904357679308328,-0.10762253678052369
9597,Si2,3,19,3.2379492799999934,5.256304911716519,-0.21271847492085127,0.08495467100912135
9598,Si2,3,19,-0.5732656799999951,8.54205406539123,3.6477061592785596,0.6749663833030143
9599,W2Se4,3,97,3.146997829999981,3.676574169867776,-0.696522773033835,0.7761180592313828
9600,Si2,3,19,-1.295754742499993,8.12583135751566,4.36063336519083,0.25963377145608835
9601,ZrSe2,1,28,-1.888202972499999,1.4549678040429677,3.6356197071954335,0.32426777212666713
9602,Si2,3,19,3.602778109999996,5.30401683539897,-0.5374712875410932,1.4779165654455606
9603,Sn2,1,19,-0.8694557725000038,2.868811009189254,2.45710853523092,2.1094853459405556
9604,Sn2,1,19,1.588060482499997,1.9621701000551381,-0.12787050421834012,0.3399654784222441
9605,W2Te4,2,55,4.136334365000014,4.386246258626695,-1.3473350459234759,0.3541207856042341
9606,W2Te4,2,55,3.0659173725000333,5.055813431943326,-0.25447396416975154,-0.020104527269930728
9607,W2Te4,2,55,3.4533434224999926,5.030807464035652,-0.6418741854903085,0.21754619351258064
9608,W2Se4,3,97,3.8403074400000072,3.4155900024997896,-1.3485544975968495,0.08901655113972273
9609,W2Se4,3,97,2.762959845000004,3.4726130494142615,-0.3583762319222048,-0.07649418426900656
9610,W2Se4,3,97,1.4151392949999302,4.584588709137745,1.005081397952544,0.656145158074207
9611,Si2,3,19,0.3852276075000009,7.919567498752034,2.7172882489249663,0.5438944033668001
9612,W2Se4,3,97,1.492847825000024,3.907062744190955,0.9128439576334393,-0.2396521021021767
9613,ZrSe2,1,28,4.497146377499987,-1.2689885393143583,-2.7378945048015204,0.32593416220338245
9614,W2Se4,3,97,2.693896910000019,3.692398289394207,-0.26580045665122354,0.19661269540769588
9615,ZrSe2,1,28,2.2319347899999884,0.902103578860892,-0.4018284918712245,0.493619199410412
9616,ZrSe2,1,28,1.0625832224999758,0.7879060760026284,0.8437739863877602,0.408741419999312
9617,ZrSe2,1,28,0.8496688549999796,0.9528304790174562,1.0460175727521974,0.40245358692761246
9618,Sn2,1,19,2.845500695000001,1.4281040953696689,-1.4037596655785125,0.12766298920918695
9619,Si2,3,19,-1.3608362349999994,8.192483313196208,4.379655010812784,0.1904845707747389
9620,W2Te4,2,55,0.7486264500000196,7.301888406974264,2.0564189162872117,-0.5015462828654167
9621,Sn2,1,19,-3.2442202775,4.745742659600423,4.743062596352742,2.5365634171484377
9622,Sn2,1,19,-0.3702274950000026,3.1506509772591174,1.9360064657183864,3.644946653808393
9623,W2Se4,3,97,3.1135033399999616,3.2436850437382385,-0.6970386138697942,-0.05738262644812231
9624,W2Se4,3,97,0.3472572199999275,4.942326979587577,2.0709590879580397,0.20431093052039723
9625,Si2,3,19,-1.9144223799999984,10.034115659266355,5.040941344767455,0.8235886365867091
9626,W2Te4,2,55,4.351979660000009,4.05328058500528,-1.5298668613092135,-0.3281241327579849
9627,ZrSe2,1,28,-1.1914671200000235,1.9223391152901441,3.1097630994998404,-0.05818844462603434
9628,Sn2,1,19,0.1414017500000011,1.7997189937515248,1.278372305480956,0.13077372098795464
9629,W2Se4,3,97,4.226483989999964,2.1425075439152383,-1.7744731200201054,-1.6312223367356
9630,ZrSe2,1,28,0.6845447999999997,0.13141731592356387,0.989161572578939,-0.09159866797587046
9631,ZrSe2,1,28,2.414990489999992,0.1356605039829586,-0.4907135022884035,0.14921396442200496
9632,W2Te4,2,55,2.4311241799999834,5.9276960994393075,0.38149121459230173,-0.042860874971703655
9633,W2Se4,3,97,2.688203475000029,3.679376700399751,-0.26956508668419277,0.19324264812313974
9634,W2Te4,2,55,4.480198655000012,4.3367236917508825,-1.6716639533347695,-0.22691690273153853
9635,ZrSe2,1,28,5.296305154999985,-0.6854514829723968,-3.457939520717555,0.42409788048178587
9636,ZrSe2,1,28,-0.4210156850000111,0.8158667337874459,2.307218020357677,0.03765458384949838
9637,W2Te4,2,55,3.084252035,5.492925966403808,-0.2717743668735757,-0.33400853015787746
9638,Sn2,1,19,-0.7099136425000003,0.8898727807344567,2.1738486998221846,1.9253913077654015
9639,ZrSe2,1,28,2.063186402499995,0.2817273980574595,-0.35951089400084957,-0.06006669539245113
9640,ZrSe2,1,28,3.3192470599999955,-0.6232262978743446,-1.2062298983127802,0.20183152657837367
9641,ZrSe2,1,28,0.9401001074999744,0.5407288135001884,0.7835136712501274,-0.09136155636014287
9642,ZrSe2,1,28,3.099721314999991,-0.3201235954895947,-1.1002374117508864,-0.23686945686095306
9643,W2Te4,2,55,6.367541195000015,3.5353706270011234,-3.5514411539284416,0.02016079322019948
9644,Sn2,1,19,-0.9146036400000016,3.0007391068935156,2.367769647995607,-0.1607740627130111
9645,ZrSe2,1,28,3.747306704999975,-1.029561877729467,-2.034052531403275,-0.03144220558998123
9646,W2Te4,2,55,1.55371840250003,6.695259417578502,1.2660764907647406,1.1975208178012802
9647,W2Te4,2,55,2.3516524525000344,6.334010770766567,0.46418278500301735,0.029670010853440676
9648,Si2,3,19,0.101113065000006,7.134292539044591,2.9733254274570657,0.13719067581928926
9649,Si2,3,19,1.945856075000001,5.535095552095539,1.0782439107584625,-2.085339685788982
9650,W2Te4,2,55,3.162895745000018,4.786236856420067,-0.3517583866524432,0.5167992254487941
9651,ZrSe2,1,28,0.8194796350000013,1.0221578969162992,1.104632367054849,0.3314457628729235
9652,ZrSe2,1,28,0.3472635837499896,0.5849952606256208,1.4427298215921125,-0.013192265441477224
9653,Sn2,1,19,1.0941174875000017,2.228778993060301,0.33860802150777003,0.11537408329060694
9654,Sn2,1,19,-1.0148073850000032,2.7609488981886834,2.455060722224328,-0.19791141967732417
9655,Si2,3,19,3.1884065550000065,4.563429109113356,-0.2206613303652003,-1.4342522304684513
9656,W2Se4,3,97,0.6715630262500016,4.716751340090635,1.741928779144489,0.18063342875182942
9657,ZrSe2,1,28,1.872595439999975,-0.1174707915879063,-0.11280803943641704,-0.3816413190460972
9658,W2Se4,3,97,1.9948642450000007,3.927131593483174,0.4220866166129549,0.14565155929077078
9659,W2Te4,2,55,-1.750937577500005,8.779165701482752,4.5719499949753875,0.6920702024440559
9661,W2Te4,2,55,1.6274005237500235,6.063283159009579,1.1772663927793139,0.6064461009422577
9662,W2Te4,2,55,7.125223450000028,1.9029250421772996,-4.316995116208931,-0.7729232829162882
9664,ZrSe2,1,28,0.6145677899999875,0.4455373748457969,1.212080842685356,0.0042895142551800935
9665,Si2,3,19,0.2198885075000021,7.86150521121948,2.8864786037060526,0.8339826075487242
9666,W2Se4,3,97,-0.1903812174999837,4.786997406185083,2.6348691071077313,-0.06448419044374187
9667,Sn2,1,19,-1.0783744949999996,3.6917323568367513,2.461519151817118,1.2541005113625077
9668,Sn2,1,19,-0.7588158925000015,2.4811125675462864,2.3163822968426526,-0.34877955122558446
9669,ZrSe2,1,28,3.1261883824999845,-0.2450805753405607,-1.1711097011899667,-0.05911193787413005
9670,W2Te4,2,55,2.96003037499998,5.60019527070111,-0.14021410353595032,0.4475764651336869
9671,Si2,3,19,0.7163336649999971,7.110504430982872,2.2963466271295196,-1.4356199478572562
9672,ZrSe2,1,28,0.7118585899999754,0.8227402373620851,1.2080163960128012,0.022556265639164352
9673,ZrSe2,1,28,-1.69034602000002,1.088176903661926,3.393203792509277,0.03964711977724167
9674,W2Se4,3,97,1.4945709849999975,4.778990333715416,0.9398878270778428,1.4566389574997989
9675,W2Se4,3,97,3.655332439999995,2.894596264897568,-1.2362952568741812,-0.11354688193521634
9676,Sn2,1,19,-1.2046522400000024,2.9668288331447368,2.6707927486517358,1.2552556297399926
9677,ZrSe2,1,28,-0.2693203950000162,1.0273421470396076,2.1169741018685055,0.20824502548300775
9678,Si2,3,19,3.6495576350000016,4.486041183461098,-0.5843228944248469,-2.1914378849771134
9679,Sn2,1,19,-3.420523015000001,5.318949150381064,4.910125262873943,3.1217284672832246
9680,Si2,3,19,-1.5917209049999967,8.1404101909141,4.62731163312398,0.31344485888285
9681,W2Se4,3,97,0.7143756200000005,4.91272878158844,1.698801154978637,0.00815041371938019
9682,Si2,3,19,2.5944589250000067,6.257403823463942,0.5234098958262057,0.2829652356394381
9683,Si2,3,19,-0.7856677900000046,7.548886033916833,3.815348280493779,0.27330070041056775
9684,ZrSe2,1,28,2.434943799999981,-0.24242548627419147,-0.4766824293411065,-0.02599831901751859
9685,Sn2,1,19,3.44067976,1.395618109682312,-1.980006030421346,-1.3109062226820885
9686,ZrSe2,1,28,0.4025197149999746,1.1736180661432138,1.380832938185552,0.8599521595549773
9687,ZrSe2,1,28,1.3446157699999883,0.7311777744514072,0.6693330679160678,0.1393079036297724
9688,ZrSe2,1,28,1.0488181049999925,0.04014103259868107,0.6140060886365839,-0.05540338510049703
9689,Sn2,1,19,0.549679590000002,3.112600413229775,0.9914623968469218,5.091808326310626
9690,W2Te4,2,55,5.74072832499999,3.95595603550416,-2.9271285795674546,0.09064075713298525
9691,Si2,3,19,2.8291522237499978,5.1025672383268255,0.20697160831685624,-1.122963227117104
9692,W2Se4,3,97,0.186843750000012,5.480315886815377,2.240526798248279,1.3606902786890547
9693,W2Te4,2,55,4.510627037500027,4.229774548396784,-1.691723511829657,1.2141660787516013
9694,ZrSe2,1,28,1.2997381199999951,1.0686988125637866,0.528012960195114,0.42436763548808276
9695,W2Te4,2,55,1.4914838550000242,6.124124837169165,1.3170252564043947,0.14225613300911077
9696,W2Te4,2,55,2.8639414949999984,5.553495899460044,-0.04908933677144223,-0.1068696025795477
9697,W2Te4,2,55,2.2060442599999828,5.422777430877296,0.6013807621252614,0.40608844823162515
9698,W2Te4,2,55,1.3221903750000084,6.094246138264966,1.4930202852986572,0.8830699812672851
9699,ZrSe2,1,28,2.552095319999978,-0.1890382629371934,-0.5707731109596541,-0.060589617663348694
9700,W2Te4,2,55,5.381731220000002,3.4383614580700668,-2.5653322020302345,0.9630913457145169
9701,W2Se4,3,97,3.3695184424999614,3.2490180298205953,-0.9547811384482441,0.11904771770206501
9702,W2Se4,3,97,4.051815764999991,2.477728032175099,-1.651710129674877,-0.0761072008774728
9703,ZrSe2,1,28,5.501471925000002,-1.4321312191284203,-3.7833359323140483,-0.20888289632365176
9704,Si2,3,19,3.719754135000001,4.947812164438476,-0.6787603650364185,-0.054642593251954086
9705,W2Se4,3,97,2.78941719749994,3.691571225529642,-0.3437213204247449,0.18289604763759248
9706,ZrSe2,1,28,0.4998229262499794,0.0882771494717613,1.1782704673937177,0.006613103820007515
9707,ZrSe2,1,28,0.7276817349999751,0.7599665534089401,1.1636754087200158,0.27994670585695847
9708,W2Se4,3,97,1.874778540000028,4.397465118701551,0.5484916060520144,0.5926728734724656
9709,ZrSe2,1,28,0.7992072699999895,1.2350654404822898,1.000558793690196,0.2165735365414534
9710,W2Te4,2,55,1.4254218975000033,6.722732520173743,1.400657073727007,0.5117302497930876
9711,W2Se4,3,97,0.4212414549999721,5.269430743931404,2.0219423644529493,0.5994716756330642
9712,ZrSe2,1,28,5.537500039999976,-1.9365790449234788,-3.6055034163249475,-0.7022952797664148
9713,W2Te4,2,55,0.4457215650000101,6.926924131004221,2.3657680170617574,0.9788133121413065
9714,W2Te4,2,55,4.243804509999997,4.386479481495771,-1.4283416823175017,1.1389320139461292
9715,W2Se4,3,97,1.0347099000000164,4.67228248777159,1.3837112889902585,0.069709490360498
9716,ZrSe2,1,28,0.8340393074999795,0.537662568822449,1.0255683890332237,0.4063494435299888
9717,Si2,3,19,0.8499123100000059,7.2701759493790625,2.2439904368363384,-0.28495739336385684
9718,W2Te4,2,55,1.8614274950000145,6.367999206863593,0.9575399268495544,0.17012871392841178
9719,W2Se4,3,97,1.994875637499975,4.566384585888697,0.4521453700378668,-0.4593598125462599
9720,W2Te4,2,55,0.3236891362499849,7.479683087921972,2.4837668008176825,0.3777808811831816
9721,Sn2,1,19,5.3682540375,0.7850492280715944,-3.8620797115570067,-1.163980416258748
9722,Si2,3,19,6.053995195000003,3.7333812088085905,-2.946621401080122,0.8242803583854137
9723,W2Te4,2,55,0.3944702750000033,7.641287743493649,2.3958571150349903,0.7393492653416918
9724,ZrSe2,1,28,-0.2490011350000181,0.5228308335626402,1.971397906113096,-0.050534536869895647
9725,W2Se4,3,97,2.0236405225000085,4.153125992278129,0.4138435034551917,0.0018801995713211284
9726,Sn2,1,19,1.6550588775,2.422466618982849,-0.0715977120718383,1.4726278614678956
9727,W2Se4,3,97,2.219627515000017,3.3878295664768308,0.1888973956089104,0.03290790764300899
9728,Sn2,1,19,0.1266968449999925,2.5896130600521925,1.3430888055711947,2.2487757006237867
9729,Sn2,1,19,-1.7955267299999984,3.6377168367097967,3.357258863229572,0.22061235405903967
9730,W2Se4,3,97,2.441988442500006,3.827091481129755,-0.02302946066813716,-0.027972672541509702
9731,W2Se4,3,97,6.883659321666587,1.199681005278399,-4.3709229216981225,-2.5334483371186547
9732,Sn2,1,19,-1.343007774999998,2.418426326762897,2.807451339414976,0.5771963316711406
9733,W2Se4,3,97,3.03158556499998,3.017109681378601,-0.6182488906276249,-0.4278610853246869
9734,Sn2,1,19,0.5206715200000014,2.4612980352190132,1.130173014238178,3.423757718637287
9735,W2Se4,3,97,4.276449434999994,2.4357763995286117,-1.861629479174188,-0.1636958847884049
9736,Si2,3,19,4.460687420000001,3.912092823555703,-1.3978406004402681,-2.0122527889702364
9737,Si2,3,19,1.0774017599999972,7.0688925159195986,1.98235507530172,0.6462855708817574
9738,Si2,3,19,1.5773004600000018,6.441083599270222,1.4511810234594709,0.4502916426865622
9739,Sn2,1,19,0.526671052499998,2.5580888981378194,0.8981855705138162,1.2370469564950581
9740,ZrSe2,1,28,-2.6283227375000218,2.1667773495961726,4.5843946706105765,0.2830828597992161
9741,W2Se4,3,97,1.5307800899999284,4.872641153031891,0.8962662089807845,0.47636897056729177
9742,Si2,3,19,6.050059740000003,3.426943119115598,-2.987142666432294,0.8182216244409153
9743,ZrSe2,1,28,0.6349329849999874,0.573495874710706,1.06599546463075,0.1520709692516199
9744,W2Se4,3,97,4.449842840000025,2.9626673961043037,-2.013952165408961,0.7152110044518789
9745,W2Se4,3,97,4.288537940000017,3.884047865257145,-1.8058302805965343,0.49336071748085875
9746,W2Se4,3,97,1.9909022749999568,4.0243227778336,0.44256455684310136,0.2028696436147488
9747,W2Te4,2,55,4.425434855000023,4.323804430786924,-1.6339392934002914,0.15760506453529644
9748,W2Te4,2,55,3.7108454125000296,4.967193025661185,-0.9002197798960663,0.22696977686154263
9749,W2Se4,3,97,2.530818774999992,3.4375017934026157,-0.13156930079243212,-0.03228171140135938
9750,Si2,3,19,1.0471143875000042,8.384397491467281,2.089238628399654,0.09415593212076412
9751,W2Se4,3,97,1.7303598149999404,3.8359141524250884,0.6798405424371934,-0.1292372370148127
9752,Si2,3,19,0.4953851449999993,7.4561721733695485,2.5998443217561857,-0.10171546027201267
9753,W2Te4,2,55,4.736215469999994,4.7146736405651914,-1.9065020459531596,0.9398555380464737
9754,Sn2,1,19,-0.8979925900000012,3.3008935242193616,2.481577812562155,3.073160865833131
9755,ZrSe2,1,28,2.6892079424999995,-0.37344995261657665,-0.9887115470710242,0.18538110334248925
9756,Sn2,1,19,0.2965850650000004,2.2754383267236324,1.109040198849894,1.2790016513340248
9757,W2Se4,3,97,5.5985546649999645,2.1814143914473823,-3.1774190804866183,0.008675203570999379
9758,ZrSe2,1,28,3.177840594999996,-0.22728757515848397,-1.4475124722252362,0.1316333963940468
9759,W2Te4,2,55,1.379458505000012,6.22806366474893,1.4013560632016886,1.1734106559700401
9760,Sn2,1,19,1.5156423650000008,1.0285998183674103,0.0022771754052726134,0.826171795346984
9761,W2Te4,2,55,-0.7625021199999924,7.885704761805005,3.5778878590085776,0.6854162276405767
9762,W2Se4,3,97,2.9526758224999408,3.3343137471640607,-0.5036047330732645,-0.15193581891412533
9763,Si2,3,19,0.6597131375000074,7.178841960079948,2.3893778042470224,-0.0972277605061923
9764,ZrSe2,1,28,1.487345094999997,0.07313804276652336,0.28240486430989886,-0.1664046401990733
9765,W2Te4,2,55,0.702931509999987,7.323228253336195,2.101838721246961,0.03165933828695966
9766,Sn2,1,19,-4.090077217500004,5.755926028967492,5.580662306229862,2.218764519771529
9767,W2Se4,3,97,3.0954776300000013,2.9514100856575505,-0.673891195953574,-0.29496928980021275
9768,Sn2,1,19,-0.4050397900000025,1.6354545779282659,1.8509527074550398,-0.04478970892679601
9769,W2Te4,2,55,2.034060847499987,5.813248265048841,0.7906606478104785,0.04603476152914743
9770,Sn2,1,19,-0.3212113374999941,3.770777542842605,1.8995227013559919,4.054480949494419
9771,W2Te4,2,55,2.1733833250000334,5.610048204998746,0.6458605829284334,1.5089538796152415
9772,ZrSe2,1,28,0.6850447599999846,-0.008134995392237165,0.9978006735530752,-0.19006084848570237
9773,ZrSe2,1,28,1.4842864974999903,0.7482825214997451,0.3901289796169123,0.6275990501379491
9774,W2Se4,3,97,2.3781632049999706,3.543050302652312,0.03889701126793321,-0.6228948696575634
9775,W2Se4,3,97,1.088305477499974,4.959499593377101,1.3391013898452002,0.45457855443158524
9776,ZrSe2,1,28,1.749462559999999,0.06412705264292518,0.07582037132782093,-0.0032979599455758013
9777,W2Te4,2,55,4.118516695000015,4.361631143592514,-1.3117803052040764,0.08835211247475705
9778,ZrSe2,1,28,3.007926464999983,0.41424353825522564,-1.0619358230881584,0.46808926172527743
9779,ZrSe2,1,28,1.9953211549999743,0.1130412018217215,-0.24303499898139935,0.24486029107546514
9780,W2Te4,2,55,2.8412623449999983,5.861895556763917,-0.029277408603717525,-0.13507461993285963
9781,Si2,3,19,1.098397762499994,7.422237047629807,1.9730239402028462,1.4032102118703267
9782,ZrSe2,1,28,1.790129702499983,0.10992061971477951,-0.0702234916006299,0.03316430130454173
9783,W2Se4,3,97,1.8526168949999529,5.026858936985521,0.6088154824974021,0.8000445874931297
9784,ZrSe2,1,28,0.7749655124999806,0.7192773145975944,1.0548716905258373,-0.04084589853462817
9785,W2Te4,2,55,4.687611839999995,3.875598170528569,-1.8672006347082473,-0.1859451351863557
9786,W2Se4,3,97,-0.7485887125000252,5.713685980922469,3.1606564437215425,0.9531854306523894
9787,ZrSe2,1,28,0.6620947774999895,0.8634511374678653,1.0782935364292505,0.1470334274814965
9788,Si2,3,19,-0.7026974799999965,7.613710288481849,3.679611329512732,0.242636645115353
9789,W2Te4,2,55,6.066987245000021,3.5804779840344025,-3.250099707361675,-0.03750790031414919
9790,W2Te4,2,55,2.222514519999991,6.104295839954843,0.5959496002290945,0.5685490271344085
9791,Sn2,1,19,-0.9304448700000012,2.7437377707212334,2.3858215347974663,0.07634599368265904
9792,ZrSe2,1,28,1.6919965049999952,0.15649997180918862,0.17834241177856924,0.20654959466278555
9793,ZrSe2,1,28,0.8669161449999965,0.16706939030375523,0.7880152015754227,-0.2696954062711553
9794,W2Te4,2,55,2.224217382499988,6.296743584246023,0.5910160070365515,0.12730673210877663
9795,Si2,3,19,0.0674529249999969,7.176746271497603,3.0019964202707956,0.11849934105733546
9796,W2Te4,2,55,3.739835654999984,4.467122638914811,-0.9318277789216962,0.8892549720345211
9797,ZrSe2,1,28,2.1504717449999844,0.09066250119040475,-0.403915542429387,0.015209060842097166
9798,Si2,3,19,2.0990833049999966,5.645979999901126,0.9630657428515659,-1.0367096668469205
9800,Sn2,1,19,-0.3279038583333329,3.017330081770324,1.784097067027791,1.250747115919494
9801,ZrSe2,1,28,0.7008547037499939,0.41749174896301877,0.9988336911144062,0.2238772660833801
9802,Sn2,1,19,-0.7692308350000006,2.697248212853394,2.2125188433719893,-0.08680018548238067
9803,W2Se4,3,97,2.7847486850000203,4.258003183565856,-0.3229682958500364,-0.02163613998659253
9804,Si2,3,19,2.143762960000002,6.133100297090248,0.8916072309383121,-0.10792856808817719
9805,Si2,3,19,2.5367470150000004,5.232872688292846,0.5175707772566729,-1.4445204302475998
9806,W2Se4,3,97,0.6787568962499253,4.722010469841486,1.7419731382603691,0.11425027887773986
9807,Sn2,1,19,0.9930471649999966,-0.15043116323506334,0.45187027541443214,4.030301484342858
9808,W2Se4,3,97,2.34675539500003,3.903178841208568,0.07425962918515072,0.1787247959128524
9809,Si2,3,19,0.3300441150000051,8.719451105184321,2.795265511261388,0.21542361933684795
9810,Si2,3,19,-0.6189760600000049,7.793734653241379,3.68155434076681,0.027004821545821955
9811,W2Te4,2,55,1.9030440037500087,5.864978851372875,0.9017819379715895,-0.06827860922130191
9812,W2Te4,2,55,1.6287071033333178,6.944314467508153,1.179524727263606,0.3519447521354322
9813,ZrSe2,1,28,2.300667449999997,0.9067567932912222,-0.4826529872110974,1.1893828658569365
9814,Si2,3,19,1.7661160574999997,6.604041184321289,1.2919058058015955,0.6116467369946292
9815,Si2,3,19,0.5889324325000014,6.778722844752195,2.4594470682069893,0.22993040306620138
9816,ZrSe2,1,28,1.4287545299999982,0.26692541276682724,0.46527560388316025,0.20709395244985118
9817,Sn2,1,19,-0.8604139750000013,3.445397403319297,2.2133860851125093,1.1205398504730237
9819,Si2,3,19,0.5172621025000042,7.419153728747961,2.5582496709273235,-0.03434264792541919
9820,Sn2,1,19,0.3395177474999984,2.1985515404358944,1.140967056017661,-0.535308833061115
9821,Si2,3,19,2.916132182499993,5.982128569860032,0.17818906841553428,-1.6572752899142387
9822,W2Te4,2,55,3.1832387850000208,5.338146248925354,-0.3642459318353479,1.0349299505041296
9823,W2Se4,3,97,3.749400307499924,3.664522081848424,-1.3077577846880342,0.9405255220695752
9824,Si2,3,19,1.0121667650000037,8.31535233391764,2.1205634805902065,-0.525480336612044
9825,W2Te4,2,55,3.739809900000013,5.070371399845364,-0.9270379438741179,-0.5696221882843147
9826,ZrSe2,1,28,-0.2699530700000183,1.5155809500964539,2.3589803953123147,0.3898263552935974
9827,ZrSe2,1,28,1.665319894999988,0.4074088978263466,0.06758215501832265,0.128080352891756
9828,Sn2,1,19,0.0161056000000021,2.2683748128011048,1.4182960313552835,0.9983418903742453
9829,Sn2,1,19,0.2972560966666629,0.6806577598396848,1.0970066940132688,1.4539988989972978
9830,ZrSe2,1,28,3.906808204999975,-0.29062142724932416,-1.9196336145713049,0.17462858800946535
9831,Sn2,1,19,-0.6936745650000021,2.9552814569499737,2.2580795294470235,0.26906959279642956
9832,W2Se4,3,97,12.688078940000016,-2.701287170336524,-10.106722414578874,-5.526211480384945
9833,Sn2,1,19,0.8896013850000006,1.2822159574402865,0.5185617651515699,2.4355052357885736
9834,W2Se4,3,97,0.7482712299999456,4.888130701444859,1.6657547919574518,-0.00579079303908947
9835,Si2,3,19,0.2190398150000057,7.838144881197504,2.865231774914952,0.055167697537632676
9836,Si2,3,19,3.087071614999993,5.3824027006433175,0.036934338470872685,-1.279087183415317
9837,ZrSe2,1,28,-0.7345915000000207,0.8892466386515506,2.57611792885846,-0.30721543626401737
9838,W2Te4,2,55,-0.2550066400000093,8.085343210739754,3.0571569689540703,0.43438276533570264
9839,Si2,3,19,-1.4038426000000042,8.13834594866842,4.432064604572554,0.14592789790242922
9840,W2Te4,2,55,3.4893390600000167,4.362018558967676,-0.6734257801487389,-0.42698687951905967
9841,ZrSe2,1,28,2.0022068449999813,0.5037509174003278,-0.168157540673606,-0.03536594203570709
9842,ZrSe2,1,28,0.179145774999978,0.4227300070129615,1.549947577953615,0.15819171889650638
9843,Sn2,1,19,-0.9865997000000002,3.404268400218201,2.5825745029708864,2.3864476048411056
9844,W2Te4,2,55,5.113912225000004,4.281332055497228,-2.3011935951629683,0.3962507642984985
9845,ZrSe2,1,28,-0.0694705950000238,0.9909495817401361,1.9445762939034255,0.19078885582867777
9846,W2Te4,2,55,1.4741012349999894,6.248870681198741,1.3310156568609726,0.21620685902466885
9847,W2Te4,2,55,2.2584335649999883,6.0104139005151485,0.543546056251436,0.322586551806042
9848,W2Te4,2,55,2.8493479250000098,5.792206907458486,-0.03629248918356298,-0.0988710083689468
9849,ZrSe2,1,28,0.4429920824999836,0.9457853324576988,1.520946829255896,0.6078775413200035
9850,ZrSe2,1,28,2.111113097499995,-0.03491825484354161,-0.11193317793924495,-0.19349728646992514
9852,W2Te4,2,55,3.021183234999984,6.123903053452164,-0.2255845691267746,-0.2385909383996423
9853,W2Se4,3,97,3.041920182500016,3.3137012745998984,-0.6314374579923663,0.04545227945473629
9854,W2Se4,3,97,3.6968273199999486,3.6756840668713893,-1.216965663175201,0.5369366926546735
9855,W2Te4,2,55,4.316557845000026,4.1777674749259175,-1.510048270745672,0.2529777283235415
9856,W2Se4,3,97,3.84668999249997,3.6887378957344863,-1.3761775228903912,-0.06541122332475835
9857,W2Se4,3,97,3.2704680650000206,2.917258671068705,-0.8759881544673873,0.06258433177427136
9858,ZrSe2,1,28,2.7799908650000003,-0.13294191480468776,-0.9582649799266563,0.25099170882710764
9859,Si2,3,19,1.5013890550000024,6.556459319048866,1.5312212819394913,0.09084647044911454
9861,W2Te4,2,55,3.934193680000024,4.352513244438453,-1.1211453967409502,1.091065337944312
9862,W2Te4,2,55,5.747448760000024,3.518443586700009,-2.9346055167189777,0.3420313221939866
9863,ZrSe2,1,28,3.0373767874999795,-0.941181049979126,-1.105407542225118,-1.2865512234334104
9864,Si2,3,19,0.9327077299999964,6.537992772395634,2.1115941772214795,-0.3274610669064295
9865,ZrSe2,1,28,3.549727484999975,-0.9017822796293902,-1.5861879641005203,-0.10556638779131644
9866,ZrSe2,1,28,4.029992800000001,-1.1635308474726371,-2.341459056777447,-0.09202724798787587
9867,Sn2,1,19,-0.8288142949999973,2.8598129223447644,2.331784672604164,2.6700880796374484
9868,W2Te4,2,55,3.000153747500022,5.6232585437088805,-0.18744544913474703,0.1797616011887393
9869,ZrSe2,1,28,4.1522965700000025,-0.0035368870267769026,-2.261558678802798,0.27391955548827873
9870,Sn2,1,19,-0.6454880800000007,4.656438565865276,2.136364476497091,0.3407457437268073
9871,Sn2,1,19,-0.1229902574999979,2.0686162381950863,1.5822781790876241,2.22980392670471
9872,ZrSe2,1,28,1.9716764549999768,0.29471792175478395,0.015686327160464364,0.42148984863466676
9873,Si2,3,19,-0.6235067499999989,8.013776665262856,3.6743353658243803,0.6657107724075306
9874,ZrSe2,1,28,2.4576919699999813,-0.11248340460589779,-0.733801307806683,0.12779348837404214
9875,Si2,3,19,-1.1215836974999942,7.903655446869298,4.171761669022008,-0.6020847188411516
9876,Sn2,1,19,4.996258719999997,0.8489814755922476,-3.5142630182101406,0.33892188048421534
9877,W2Te4,2,55,4.169893090000016,4.882157023677962,-1.3567177296382815,0.15346767100665648
9878,W2Se4,3,97,0.8348631249999761,5.4591089301173135,1.6051206402842442,0.08458536991121779
9879,Sn2,1,19,2.2670196349999987,1.6738604251959242,-0.7942971046350085,-0.1784209862929269
9880,Sn2,1,19,0.4155009099999978,2.4240519693334983,1.1088809659918235,6.468648323500165
9881,Si2,3,19,-0.5004229849999922,8.307546646041253,3.5569327182000654,0.44285165334003934
9882,Sn2,1,19,-0.1507587333333353,2.2336338261576354,1.6093221803319315,-0.07058263820291957
9883,W2Te4,2,55,5.749017522500006,3.8022090934057555,-2.943066086139329,0.20201193713541077
9884,ZrSe2,1,28,-0.1605584050000183,0.8889012560030294,2.0652429088732074,0.06519598014955444
9885,W2Te4,2,55,5.045487600000025,4.498856666255672,-2.239054796528142,0.080623430578588
9887,W2Se4,3,97,3.655784819999935,2.8521668369774007,-1.2474271997606774,-0.23993592905958705
9888,W2Te4,2,55,2.580425877499989,6.25631874886313,0.22355200933574482,1.3184006421482448
9889,Si2,3,19,2.9199861249999977,5.451348904602053,0.1299734551035585,0.31349027537536855
9890,ZrSe2,1,28,5.797513852499983,-1.8242429594030591,-4.112768103662194,-0.06419615942543899
9891,W2Te4,2,55,2.433402670000005,6.368481981184077,0.39293617747822607,1.1709776197135366
9892,W2Te4,2,55,0.1718578450000043,7.64773431299967,2.647647926001176,0.01139290013752825
9893,Si2,3,19,0.5714467924999989,7.6342749037178566,2.503121399664104,0.6841152347954316
9894,Si2,3,19,0.3011479749999957,6.9480285272277875,2.729533158270268,-0.0033653552057859026
9895,ZrSe2,1,28,6.9784989349999815,-1.9169108065921856,-5.248660047149538,0.01981433302573432
9896,W2Se4,3,97,4.951928014999933,2.3649652446843117,-2.527169660177139,-0.21573213283847537
9897,Si2,3,19,4.549067815000001,4.963390032595214,-1.4531341392340096,0.5835636458256017
9898,W2Se4,3,97,3.9563141974999336,2.849892426213242,-1.5220597101443833,0.9616288032935234
9899,ZrSe2,1,28,0.3292559399999799,1.0546726371052244,1.51057191542808,0.3626303260726113
9900,W2Te4,2,55,4.747967633333337,4.345901734901933,-1.93372336300863,-0.2848915186787959
9901,Sn2,1,19,-1.2012414537499976,4.219567497832639,2.662780126197202,1.9454625052840147
9902,Si2,3,19,4.3080537450000085,5.073609736394441,-1.2211001050158776,0.36536859157836066
9904,W2Se4,3,97,0.6203472650000244,5.126558618153255,1.8149510188948326,0.3306695981871298
9905,W2Se4,3,97,1.5817341974999422,4.35198110623897,0.8339199849341399,0.2633786428346323
9906,Si2,3,19,0.7435693474999994,7.903220362226969,2.4128322072434494,-0.3635649017882277
9907,Sn2,1,19,1.6051878549999985,0.07074065820902664,-0.08171836717396896,1.4774825952105728
9908,W2Te4,2,55,5.1474833850000135,3.848850531982002,-2.345377004537367,0.157931450611966
9909,Si2,3,19,1.8264032600000009,6.739413937163899,1.279229204090982,0.07345982415730701
9910,W2Se4,3,97,7.754223549999956,0.35128962532861685,-5.335189068951372,0.2156476531046989
9911,Si2,3,19,2.7104264375000007,5.891126843648275,0.43407763278198175,-0.4975238915710456
9912,ZrSe2,1,28,3.8103724600000017,-2.0837004066629046,-1.824424056323651,-1.172816066058758
9913,Sn2,1,19,0.2740994249999993,1.9896506115575163,1.174226526894125,-0.12271141561075774
9914,W2Te4,2,55,5.399272692499998,4.225524651707766,-2.581665210225624,-3.5127333922172017
9915,Si2,3,19,0.9020221650000028,6.415769376417437,2.118926165561317,0.1553029200041679
9916,Si2,3,19,0.1821904449999953,7.438024494117436,2.8040548692801965,0.41200277513855454
9917,ZrSe2,1,28,2.304090134999999,0.1196622523647064,-0.3341364788034049,-0.05127623945658266
9918,W2Te4,2,55,0.7932073275000295,7.445574283624644,2.0358891487369495,0.6781057119617422
9919,ZrSe2,1,28,-1.0577556400000243,1.232398520757674,2.8034382371603637,0.28393539870770657
9920,ZrSe2,1,28,2.939812344999988,-0.1279133187650432,-1.2165979968427412,0.11154341430278691
9921,Sn2,1,19,2.158069699999997,0.8002072870758088,-0.6369962791575083,1.3140198290374787
9922,ZrSe2,1,28,0.5235541374999872,1.3989674536865362,1.3567344634216436,0.30821723624879205
9923,Si2,3,19,5.177753804999994,3.81270516030152,-2.0898994196240173,-2.145581522463169
9924,Si2,3,19,0.7171078250000056,6.871627675971471,2.3523589248270613,0.16798506923624112
9925,ZrSe2,1,28,-1.991676395000008,0.9915244428922607,3.6937269616732866,0.00533944851258128
9926,ZrSe2,1,28,3.930612714999981,-0.7858734050532852,-1.967298261239198,-0.13088710299538286
9927,W2Te4,2,55,3.793074325000029,5.386344556734183,-0.962475255404692,0.2932936000081088
9928,W2Te4,2,55,1.0906860900000344,6.052701386603156,1.7239449747328353,1.203562729351162
9929,W2Te4,2,55,1.966151214999996,5.656704925136722,0.8636803057163531,-0.3808458818624838
9930,ZrSe2,1,28,-2.2615503050000143,2.0781025466432843,4.113123653045363,0.47286824157940077
9931,W2Te4,2,55,-1.0881814249999822,7.913000195090722,3.9010545500762763,0.7138746667551499
9932,Sn2,1,19,-0.4700240724999978,1.3390263352512592,1.9651261204202248,-0.16731051268982156
9933,ZrSe2,1,28,2.783292122499988,0.48118815042888574,-0.7764080244470093,0.12030833183045653
9934,W2Te4,2,55,3.3948174800000253,4.947810045329565,-0.5903107807558441,-0.22275190408246326
9935,ZrSe2,1,28,3.3060929799999905,-0.30862196534138064,-1.3167347932781888,0.14921402683594698
9936,ZrSe2,1,28,3.7665370599999743,-0.7946445441816965,-2.085311005172602,-0.0031844274773913384
9937,W2Te4,2,55,4.486010346666693,4.528479780896784,-1.6612253525413267,1.5525211156847885
9938,W2Te4,2,55,0.050340750000017,7.465817036051416,2.752529523590071,-0.08654143232220124
9939,W2Se4,3,97,-0.6631966000000478,5.453294114788358,3.0687400068044504,0.5546387399434886
9940,Si2,3,19,-1.0513150525000037,7.909299436400964,4.091047906071577,0.28098819970154176
9941,ZrSe2,1,28,-2.033929602500022,1.8090895972611711,3.8237527769766455,0.19970323264223389
9942,Sn2,1,19,-1.7571942999999992,4.123137453699238,3.2110234295369455,1.123993892971801
9943,W2Se4,3,97,0.1656279349999457,5.0560403084082575,2.253226460548557,0.19697600755325664
9944,W2Te4,2,55,2.6036928549999896,6.306668752869477,0.21079444332968178,1.4402686699633893
9945,W2Te4,2,55,0.0810815174999974,7.441030375200198,2.7482116540647406,0.8214445432401556
9946,ZrSe2,1,28,0.0506538699999756,0.4220245529278808,1.6205506572191608,-0.35087292899045414
9947,Sn2,1,19,-1.1333199449999976,2.457474957766518,2.7020972280327324,2.4304560133441138
9948,W2Te4,2,55,1.5945120949999818,5.744058340841896,1.2209846675936056,0.9812980990155211
9949,Si2,3,19,3.894464380000008,5.142057054783928,-0.8061054214377927,-1.843253817611906
9950,W2Te4,2,55,4.829269250000023,4.021605650817848,-2.0279994008585844,-0.19346237159222746
9951,ZrSe2,1,28,-1.457388190000014,2.2856413002498512,3.252850957283136,0.30899002906556583
9952,W2Se4,3,97,5.3450107924999575,1.8219061342019058,-2.9253068320812563,-0.18803441056229442
9953,W2Se4,3,97,1.5058474249999314,4.691414862139961,0.9191240760325798,0.1653322669505488
9954,W2Se4,3,97,2.0328388524999443,4.230659771665908,0.42002905279892433,-0.25572771956028784
9956,W2Te4,2,55,0.9133219000000292,6.545272104313122,1.8906305555206007,0.5356366161208814
9957,ZrSe2,1,28,2.584102149999998,1.1347091235748312,-0.619719819423419,0.11250647286885807
9958,Sn2,1,19,0.4679629749999981,1.435179795131431,1.0087519539449075,2.3858398649149595
9959,Sn2,1,19,2.7845840249999987,1.4736499990478529,-1.2637098426167792,-0.2874825194025661
9960,W2Se4,3,97,3.5368685675000084,3.2840157397255365,-1.119837756190194,0.07857458270242468
9961,W2Se4,3,97,1.3424222925000318,4.457434886823801,1.0686908107307627,0.5973335843589973
9962,Sn2,1,19,1.4421283050000002,1.4980581955493162,0.13215696378356911,1.593502636390991
9963,Si2,3,19,1.6745480100000023,7.5359713038122536,1.3837092519120255,-0.39790580666900865
9964,Si2,3,19,-0.3322571050000047,7.91459750442424,3.3144528002412974,-0.022038069280797712
9965,W2Te4,2,55,7.612527530000026,1.8054992351875558,-4.773161014522527,-0.9927303002331804
9966,Si2,3,19,-0.8287073637499955,8.318995541876014,3.8731070225889033,-0.565944764469609
9967,ZrSe2,1,28,3.218240337499976,0.11933708495994422,-1.356641567676266,0.2092398038218417
9968,W2Se4,3,97,-1.3087457200000177,6.076945958545753,3.723588961373715,0.46789115469748677
9969,Si2,3,19,-0.4358248325000016,8.22550054508545,3.5710978917091896,1.1453723521838395
9970,W2Se4,3,97,4.648302260000007,1.917288360040887,-2.238297167379157,-0.3108755975549382
9971,Sn2,1,19,1.368183469999999,2.3416353700268564,0.10677638031128023,-0.12879738830444243
9972,W2Te4,2,55,1.0464392400000044,6.725783278920894,1.7645969493971718,-0.013562510034794473
9973,ZrSe2,1,28,-1.8902375325000256,1.528396330717799,3.6732187692757416,0.32780603810508735
9974,Sn2,1,19,-1.490058125000001,2.5691691447703056,2.996530235748292,1.991315981686911
9975,W2Se4,3,97,3.149187264999976,3.430418234903385,-0.725457050563127,-0.04836267050229548
9976,Si2,3,19,2.607701930000001,5.745830225354817,0.5006269687477611,-1.439101331028952
9977,Si2,3,19,0.5319465799999982,7.020132620744631,2.5071364239978045,0.015807866665447756
9978,W2Se4,3,97,1.3936121600000098,5.337665941603181,1.0603284699590967,1.401328073230581
9979,W2Se4,3,97,1.8903027825000067,4.279528255021356,0.5382215527254166,0.19945688521443028
9980,Sn2,1,19,4.586516077499997,-1.723054940682065,-2.9862386536413545,0.08830911399780561
9981,W2Se4,3,97,0.1174250349999646,5.149798482100052,2.294242153008662,0.5657440120377958
9982,Sn2,1,19,2.7162963949999988,-1.3977110389234404,-1.2193539145948271,1.1625649528342703
9983,Sn2,1,19,-0.5181913749999998,2.7439420994745887,2.028905230425517,2.9992265280710853
9984,W2Te4,2,55,1.107196319999992,7.268248092231453,1.69458493699362,0.657118291752836
9985,W2Te4,2,55,2.0697390649999967,5.586348969311934,0.7465363726729364,0.019108174812218603
9986,Sn2,1,19,-0.0329169666666699,4.072855337053429,1.5181898112991365,-0.2225197716654427
9987,W2Se4,3,97,1.413068137500007,4.5586850226587865,1.0211259504821708,0.3333475570546398
9988,Sn2,1,19,3.7326349375,0.07716461446380629,-2.312796350056966,2.048990810180664
9989,W2Se4,3,97,2.40797152000001,4.865821223682851,0.07823485257892893,-0.5149713146421406
9990,ZrSe2,1,28,-1.7823339150000008,1.0912522321590177,3.470314090018311,-0.002719735538125878
9991,Sn2,1,19,0.1838740137499969,1.3905357890047232,1.1895345422345,2.674141523511966
9992,W2Se4,3,97,3.976602254999959,2.502069057332194,-1.5628977007600504,-0.20100039113887513
9993,Si2,3,19,1.4659111849999995,6.223979199674073,1.5041022745235195,0.0029556401037602598
9994,Si2,3,19,1.1586734500000002,8.47323941722819,1.9836390767028806,0.6486253692240396
9995,Si2,3,19,1.2093249125000032,6.613697929907223,1.8589386977040578,0.35159830622710864
9996,W2Te4,2,55,-0.4109812949999992,8.34328265735555,3.199008899420979,1.155133920401814
9997,Sn2,1,19,-0.9226044500000032,3.015507626943464,2.397333034289554,1.3392467582351717
9998,W2Te4,2,55,7.588309250000017,2.732639350769026,-4.7725866255391605,0.03607865003457
9999,W2Te4,2,55,-0.8736829349999682,7.8458420027896825,3.6834553469821865,0.6732346603875414
10000,W2Te4,2,55,1.3879107675000188,7.215429063534323,1.43914508411843,0.6066983897443456
10001,ZrSe2,1,28,2.022822354999988,-0.23889014598509561,-0.03708689885120475,0.08158118052501573
10002,W2Se4,3,97,1.5567242349999333,4.1755082164389705,0.8814605031592464,-0.15901434876692133
10003,W2Te4,2,55,2.644906382500026,5.523784457903212,0.17617430216183916,0.5670612447074119
10004,Sn2,1,19,0.2869205399999963,1.7664138948271726,1.1827076350996943,-0.052452795172725775
10005,ZrSe2,1,28,0.4238418562499961,0.5621469196390827,1.5004380719574013,0.1091112471333861
10006,W2Se4,3,97,13.982592614999945,1.5070949867253152,-11.341277870050604,-1.1693226819351654
10007,W2Se4,3,97,1.6863143499999236,4.466048552959264,0.7306435052246858,0.11724471486518873
10008,Sn2,1,19,4.101554255000002,0.6252033508705628,-2.622003297320253,0.15796039470906376
10009,ZrSe2,1,28,5.3869658999999865,-1.1533262623707952,-3.64801230960692,-0.12695597542926684
10010,W2Se4,3,97,1.4790945649999685,4.674899399195283,0.9734741249821277,-0.8013428251801239
10011,W2Te4,2,55,0.4346851349999869,7.631522909687919,2.3560116448868946,0.26603191682394706
10012,W2Te4,2,55,2.2756941325000266,5.827205895728733,0.5405503902304827,0.13501763278928003
10014,W2Te4,2,55,1.1930306150000227,6.242240807068256,1.618901312998838,0.18806765541623705
10015,ZrSe2,1,28,2.6820831199999944,0.9710511465354466,-0.7808294197436467,0.3528167505546116
10016,W2Te4,2,55,6.0605914900000135,3.7291334957584494,-3.2481535583034398,0.05437267727700501
10017,ZrSe2,1,28,2.9925158074999856,-0.3803619197512673,-1.0100785942380635,0.1439552255963279
10018,Si2,3,19,3.4186441199999944,5.298425267435919,-0.3301502165220076,-0.010503699086298113
10019,Sn2,1,19,0.4279617837499972,1.4717045256066923,0.9242590694197619,3.197310490267337
10020,W2Te4,2,55,-0.018556583750009,7.859464475341398,2.825167009063323,0.3321208048142587
10021,W2Se4,3,97,1.9948766574999883,4.567700470910351,0.4521716887015903,-0.4593808597069178
10022,Sn2,1,19,2.502715107499993,1.1060604287192857,-0.973587072590427,3.03229968080974
10023,W2Te4,2,55,0.5780668049999917,7.7213141332120845,2.2208859334440185,0.4387459566246623
10024,ZrSe2,1,28,0.1219135449999804,0.5064733895983066,1.5752888990765577,0.07105220092592292
10025,Si2,3,19,1.5295728999999962,8.30528027230225,1.6463177841278114,-0.4470640578496259
10026,Sn2,1,19,2.8905977349999947,1.594818677353521,-1.4029568375670316,0.7138900020198622
10027,Sn2,1,19,0.0437265400000019,2.060193522383014,1.3863883650394675,-0.6688481334753437
10028,W2Se4,3,97,2.056884282499923,4.079782730668412,0.36022480957669645,0.13197406761807828
10029,Sn2,1,19,0.3958501850000013,1.9203676348496486,1.0981774693299344,2.949464397188923
10030,Si2,3,19,0.117617420000001,7.251370935000812,2.89550490017517,0.0626062039115387
10031,W2Se4,3,97,1.5673042124999403,4.286448440304117,0.8971385174500108,-0.8612145569416721
10032,W2Te4,2,55,1.3457830275000169,6.258886225531397,1.4668210024733312,0.4697327291070388
10033,W2Te4,2,55,4.648696570000032,4.469510566789925,-1.8471785271177485,-0.11119968533613278
10034,Sn2,1,19,-1.3720917149999976,2.3633663102606177,2.8285444820542374,0.18312798387003348
10035,W2Se4,3,97,2.8921683299999907,3.1573477120735767,-0.4756382771791494,-0.40231947784239797
10036,W2Se4,3,97,2.697606384999947,3.548174639297131,-0.2762046458794636,0.507077713561658
10037,Si2,3,19,2.651060659999996,5.744998932564905,0.4546674894140663,-1.5139686657144127
10038,ZrSe2,1,28,-0.9303744275000064,0.8498246310776838,2.643230322860317,-0.08456241700784684
10039,W2Se4,3,97,0.9541024099999396,5.591319508233296,1.463407622653869,0.2699685363755895
10040,ZrSe2,1,28,-1.522908072500018,1.1255526749577003,3.3452818997985,0.2779294061944759
10041,Si2,3,19,-0.8839190725000051,7.805742017776901,3.950406543762619,-0.08530665203816223
10042,Sn2,1,19,-1.4255670250000032,2.5686877112131787,2.919349426084903,2.2150750101150543
10043,ZrSe2,1,28,1.5710843249999966,0.20724083534444504,0.18950018834635762,-0.03428767570291824
10044,Si2,3,19,6.535113865000006,0.7444877884169454,-3.6434550820410214,-2.648292038700974
10045,Si2,3,19,1.8417674499999992,7.067543844555665,1.2202798725911468,1.173315862988282
10046,W2Se4,3,97,2.9401595050000138,3.5105646199084335,-0.484821821640232,-0.9450099323096859
10047,Sn2,1,19,0.0244940274999976,2.8605509446018496,1.4421000724984765,1.519084398543195
10048,W2Te4,2,55,7.336094470000027,3.106362093313776,-4.520926486627021,0.15205390137855446
10049,W2Se4,3,97,2.569578334999987,3.6017037179937876,-0.15040549170266404,-0.17258199583779588
10050,W2Se4,3,97,0.8320533850000063,4.528106051861668,1.5741683226619405,0.3736976764395079
10051,W2Te4,2,55,6.016592890000029,3.7958384454491894,-3.193887859558745,0.2911786337935087
10052,Sn2,1,19,3.624455410000003,0.7198133093552626,-2.159725306189375,-0.500291385011193
10053,ZrSe2,1,28,3.29031514749998,0.5488468843095089,-1.337945139667135,0.7785627084367066
10054,W2Se4,3,97,3.690004319999941,2.955254980867776,-1.2700097273333149,0.0019655515210552643
10055,ZrSe2,1,28,3.904408019999997,0.44058286923136736,-1.9626596393389861,0.6322680689689162
10056,ZrSe2,1,28,0.4274404824999838,1.008956990517391,1.4640132604809732,0.23358818081737864
10057,Sn2,1,19,4.43675805,0.6870018952336627,-2.924395212208557,0.601250163043213
10058,Sn2,1,19,0.463304804999999,1.6710398125257373,0.9805641897128305,2.8363962498909516
10059,W2Se4,3,97,3.390041744999989,3.5201855537365834,-0.9556967380572399,0.6551346815696322
10060,ZrSe2,1,28,-0.3842552650000037,1.4609235274816932,2.166188652120568,0.11741472761088423
10061,Si2,3,19,1.353662744999994,6.831027094680996,1.5871062916109273,-2.55167247438537
10062,W2Te4,2,55,2.4403248250000145,5.718720394421372,0.3427650511749123,0.20151690448200066
10063,W2Te4,2,55,-0.2537285300000167,7.401584606558448,3.0696173322105063,0.6903711370531376
10064,ZrSe2,1,28,6.756733649999976,-2.6919263144642906,-5.035903368424456,-1.4373969177713795
10065,W2Te4,2,55,0.0106885399999907,7.343394998055429,2.790914697787892,0.5420873595692027
10066,Si2,3,19,-1.2901724250000002,8.064881411282348,4.309925960588583,0.2601805598419191
10067,Si2,3,19,0.9063815775000008,7.113491962106728,2.1548819042759186,0.3745825188872265
10068,ZrSe2,1,28,2.623399144999981,0.25637828648805616,-0.8127204245257378,0.06713385721762988
10069,Si2,3,19,3.8757949199999953,5.1358898156160535,-0.787053538036901,-1.7965822147057042
10070,W2Te4,2,55,1.925780880000032,6.081771743748748,0.8811724707028894,1.2616192226153244
10071,Sn2,1,19,-0.1765169250000022,2.3761352645385765,1.7259630309570335,0.39380462438151265
10072,W2Se4,3,97,0.5103437699999303,4.758672336923491,1.9093890390668422,0.11335470297675432
10073,Sn2,1,19,-0.9322697650000018,2.3569921186173524,2.4635173410777806,2.591708613495485
10074,Si2,3,19,-1.850947060000004,9.70453007798503,4.924939471295577,0.03890665154765216
10075,W2Se4,3,97,2.144818427499924,4.564976093831863,0.30459948148648586,0.29049726095120754
10076,W2Te4,2,55,1.3059507549999867,5.993642057856052,1.5117470879158663,1.1465348858437228
10077,W2Te4,2,55,3.293379642499985,4.560889544155696,-0.46773689779987127,-0.3182328720226901
10078,Si2,3,19,2.744344347500002,5.219099964913531,0.2684784394669575,-2.1009788054060894
10079,W2Te4,2,55,3.588324634999993,5.183616391051847,-0.7742966103265312,-0.10904670632974556
10080,ZrSe2,1,28,4.161045077499974,-0.25988968517107613,-2.397422555145848,0.1692616114445249
10081,ZrSe2,1,28,1.9646021899999804,0.17111822193646153,-0.2279524780732023,0.0619893891193839
10082,W2Te4,2,55,2.484372474999996,6.553350430476893,0.3567659673573855,0.9421603498341922
10083,W2Te4,2,55,2.2750067049999894,6.075645512865001,0.5380867983162543,0.46735174112122646
10084,ZrSe2,1,28,-1.3382723850000071,1.2062511167911856,3.129390212097582,0.40426577349386295
10085,ZrSe2,1,28,-1.3987312950000046,2.2926652269864953,3.2954004443988083,0.48560276004720515
10086,ZrSe2,1,28,2.034214612499986,0.39873135422059525,-0.06296725735675657,0.03829622600862015
10087,W2Te4,2,55,3.3523014974999814,5.32491773442344,-0.5333340756504126,-0.32212509636167574
10088,W2Se4,3,97,1.0604229875000166,4.1738508038131545,1.3538780105519448,0.1600726338633054
10089,Si2,3,19,-0.1254255500000016,6.941729915793866,3.1343578225931816,0.13093595967305663
10090,ZrSe2,1,28,1.4630876474999768,-0.042373348615902806,0.25435295766359745,-0.04149811401202097
10091,W2Te4,2,55,2.7147486599999846,5.9302025245906735,0.10322066220460524,-0.17001291043740308
10092,Sn2,1,19,-1.0592826599999998,3.6211080943668614,2.5146108066166177,-0.03187819370381684
10093,ZrSe2,1,28,0.6788522749999888,0.29858124754232895,0.9526745130757761,-0.07448255517678726
10094,Si2,3,19,0.1015114850000023,7.041690978785805,2.9660279685064674,0.11322291034504979
10095,ZrSe2,1,28,1.0891079649999904,0.4884315187061661,0.725320086312774,0.3377541158919366
10096,W2Te4,2,55,1.6573332950000044,5.54814982369303,1.1569811498598184,1.0828510915712442
10097,Si2,3,19,2.6163485049999937,5.549222787241421,0.41427834830709465,0.28538664184041984
10098,Si2,3,19,1.4884616600000076,7.369382851667879,1.5552728904760666,-1.1178894903782222
10099,Si2,3,19,2.755485617499996,5.801287568229984,0.3905684914375853,-0.469072901588131
10101,ZrSe2,1,28,0.2671575337499776,0.4450017819950582,1.441146791989565,-0.01792913574480995
10102,Sn2,1,19,-1.165706024999997,3.1511487428700735,2.611462023293556,-0.0358761683746367
10103,W2Te4,2,55,2.6069655750000305,5.991896119335907,0.19745235305986553,1.5608087843851424
10104,W2Se4,3,97,3.1858189899999783,3.1491568089247854,-0.738431135741759,-0.984701275753864
10105,W2Se4,3,97,5.178721329999952,2.019717632300666,-2.757620793017734,-0.16976155979731544
10106,W2Te4,2,55,-1.6626596475000008,8.838192942177734,4.48271505279887,0.7544122561171477
10107,W2Se4,3,97,1.341741874999996,4.420259639434819,1.0830873696136514,0.5534005610275308
10108,W2Te4,2,55,0.8932796337499811,6.666145402362487,1.9109380227034696,0.9300558548873072
10109,W2Se4,3,97,13.664643014999928,23.706001872288486,-10.909147228333058,1.0031750544580795
10110,W2Te4,2,55,1.3739918833333378,7.4885307187479615,1.4407549733561154,0.12621860053557898
10111,Sn2,1,19,0.2956014362499988,1.7392169746234143,1.2878269863599663,3.690066984541627
10113,Sn2,1,19,4.007141319999995,0.46277764629333973,-2.452007460683487,2.3889824071626835
10114,ZrSe2,1,28,4.102864479999999,-0.5210522572013336,-2.350312209110717,-0.07488272188232337
10115,Si2,3,19,-0.7955429425000062,8.962032066798102,3.902908868606777,1.0681319107769838
10116,Si2,3,19,1.329060592499999,6.512636623533936,1.7220434762561045,0.2967462159716807
10117,ZrSe2,1,28,1.0824104899999931,-0.41700434236103645,0.6508754934035306,-0.3302613054551119
10118,ZrSe2,1,28,0.8672906199999835,1.1162590940884565,1.0812745849382692,-0.006844882161238353
10119,Si2,3,19,1.432349212500006,6.842575383650711,1.6412027602071069,0.43514763560637837
10120,Sn2,1,19,-1.408267962500004,2.8946302608296754,2.996310102507023,-0.1681144361053426
10121,W2Te4,2,55,1.9590343150000036,6.061210919171545,0.8619244582950809,0.724739202608639
10122,W2Te4,2,55,3.147659259999996,4.966900231475428,-0.31473465558410263,-0.3293964445245323
10123,W2Se4,3,97,3.5750196574999347,3.5302852989362226,-1.1567354797197833,1.3415683310356288
10124,ZrSe2,1,28,0.3373631399999749,0.1750911313165534,1.3492650427291104,0.0138200360406745
10125,ZrSe2,1,28,-1.5721419700000172,1.0206565507266407,3.277547602654843,-0.1084268045412018
10126,W2Se4,3,97,3.2933139749999345,2.986421272294174,-0.8741177666818598,-0.22571324791863567
10127,Sn2,1,19,0.2170210399999979,1.4740655701582865,1.2465620320265727,-0.23458978720255322
10128,ZrSe2,1,28,2.0487232049999866,-0.09471391049009892,-0.17205932147286673,0.3956225871346164
10129,Sn2,1,19,-0.2134978050000029,2.452109940251366,1.6725611362861155,0.7695807689434844
10130,Si2,3,19,-1.5126559549999938,8.023673754377436,4.548189224246413,0.3183619791699157
10131,W2Se4,3,97,0.6984490699999831,4.886673912660947,1.7161466134157477,0.09687859342164773
10132,W2Te4,2,55,6.47771879750003,3.41381648463498,-3.6762094171594537,-0.21526476460208066
10133,ZrSe2,1,28,1.2280099599999812,0.14727586413993166,0.7400503745235376,0.14606851245536134
10134,W2Te4,2,55,0.1544708899999944,7.59917421218303,2.6503219910119684,0.035438329741826896
10135,Si2,3,19,5.690051650000006,1.8317871739542584,-2.682247733068854,-2.8752452681386376
10136,Si2,3,19,-1.1269598375000038,7.866438187185673,4.176896370474247,-0.5544257590932171
10137,Sn2,1,19,-0.8532088250000065,2.8357310742218083,2.355223064629116,3.0191633353708967
10138,ZrSe2,1,28,1.0230350749999877,0.24858738409374204,0.7539241455683514,-0.0014448024144366745
10139,Sn2,1,19,-0.1229379775000065,2.051002323813483,1.657354255703335,2.3558993937445134
10140,W2Se4,3,97,2.1690629999999693,3.6470471341247865,0.245490880691559,-0.01598205975338729
10141,W2Te4,2,55,5.165638037500028,3.9195702195393602,-2.3484826763244913,0.6036729137328818
10142,ZrSe2,1,28,1.7206921050000008,-0.1468024918484505,0.15698891192199627,-0.40585580160695467
10143,ZrSe2,1,28,3.3848743599999924,0.4360758302262444,-1.478239433204033,0.44410545007894653
10144,W2Te4,2,55,7.733763859999981,1.1138903237056672,-4.927326049737937,-2.4911274972883923
10145,ZrSe2,1,28,2.415677562499979,0.1099983303299159,-0.46288837506864366,0.16761047130332507
10146,ZrSe2,1,28,1.1119961174999986,0.4172025687818415,0.7942198681160495,-0.22276145544402937
10147,Si2,3,19,2.861585600000004,5.543355323055009,0.23221065320434153,-1.762359999439498
10148,W2Te4,2,55,1.6095004850000043,6.1616602765152955,1.2063300636043253,1.2866191890468301
10149,W2Se4,3,97,-0.9606776625000448,5.943234323470096,3.382907667764327,0.6750483900391073
10150,W2Se4,3,97,5.361772270000022,1.8576979925274442,-2.930042635397157,-0.0735235720833547
10151,W2Te4,2,55,4.180138205000009,4.063873356075836,-1.3730727180920503,-1.0318844462516368
10152,W2Te4,2,55,7.078573230000013,2.7140281964424515,-4.2646861107068,0.011489865092760176
10153,W2Se4,3,97,7.860942149999963,0.7612893334595094,-5.4356672215891155,-0.26623911146643486
10154,W2Te4,2,55,1.6269344050000123,6.5913242937813195,1.183315718341866,0.7135328095843383
10156,W2Te4,2,55,3.8057350100000047,4.36438745449788,-0.989686705760096,1.0568820058386184
10157,W2Se4,3,97,5.263793059999979,2.331598849281434,-2.797974336957173,-1.0815718857598666
10158,W2Te4,2,55,4.3859198350000295,3.844890330405244,-1.5726305900303434,1.187135432333955
10159,Si2,3,19,0.8250062499999935,6.720704472605394,2.222561832809455,-0.024557276026401342
10160,ZrSe2,1,28,0.8463736324999895,0.6954901268587343,0.9731198996807966,0.19854705040711496
10161,W2Te4,2,55,3.148291769999989,4.813453333200288,-0.32664285439126495,0.5611037975761013
10162,ZrSe2,1,28,1.6211833649999772,0.8439448581013207,0.32273263790936535,0.16822361011039466
10163,W2Se4,3,97,4.92580205749996,1.9867310270515333,-2.50288429410783,-0.16777227870153943
10164,W2Te4,2,55,3.816916705,4.1816949041410325,-1.0101742752667238,0.10564803994934069
10165,Sn2,1,19,3.536162645000001,0.8300433651826973,-2.0611532433606987,0.23025748096130272
10166,W2Te4,2,55,2.3918409125000157,5.763464790981024,0.4249886894236088,0.42079935709735583
10167,Sn2,1,19,-1.69763733,5.560404748225606,3.1539068326397706,0.9517709518516032
10168,ZrSe2,1,28,0.1583291899999874,1.2870435504276656,1.6752693045297367,-0.4842508844376502
10169,Sn2,1,19,2.7092874224999988,1.1842906300207532,-1.2432456588764433,0.626351895330405
10170,ZrSe2,1,28,-0.2628553150000128,1.0754193701249313,2.133376900146599,0.049560729454155045
10171,Si2,3,19,0.003148439999995,7.8717596893741915,3.0595619246596324,0.1850724583103484
10172,W2Se4,3,97,3.5711978074999284,3.4218874179232484,-1.0945004420570168,-0.7431051529538264
10173,ZrSe2,1,28,1.193672119999999,0.1891481286038219,0.6364275024085502,0.3560767378160614
10174,Si2,3,19,-4.094646437499997,10.361028575434364,7.165762487584429,0.8211908971608453
10175,Si2,3,19,-1.1596351466666674,9.189068873931072,4.2077116968324795,0.09933058441589426
10176,ZrSe2,1,28,0.8060292849999828,0.40563523272055746,1.047436510516985,0.2282204578258431
10177,W2Te4,2,55,8.763184147500024,0.7500528520116951,-5.949793097797061,-3.1699710661401603
10178,W2Te4,2,55,2.727961859999993,5.871795652410489,0.08151888658712458,0.7604722957820709
10179,ZrSe2,1,28,2.6481596799999867,0.3262747752358126,-0.6668989829530709,0.20888453997071643
10180,Sn2,1,19,0.9197662349999992,1.0972011808096322,0.5058622284272266,1.999136559520061
10181,Sn2,1,19,-0.5614567233333311,3.0746495359350563,1.957711302559507,-0.4970484939009626
10182,W2Te4,2,55,4.779294850000033,4.147166210841846,-1.9580919360799487,-0.67354556080529
10183,W2Te4,2,55,4.111827882500031,4.754751014340383,-1.3105992002999174,0.7307842250947765
10184,ZrSe2,1,28,-1.046671190000011,0.6786427479350898,2.748926280077729,0.01630151086691356
10185,W2Te4,2,55,13.976997329999984,-2.2441656929353684,-11.193820113152245,-2.3630764824251145
10186,W2Se4,3,97,2.4177279999999954,4.121021059041345,0.034998523081466004,0.10919692802938297
10187,W2Te4,2,55,10.92373883749998,-0.5155094864562795,-8.125275175034567,0.3687607047363475
10188,Si2,3,19,0.8651608449999948,7.284362810573532,2.2103353517468314,-0.7034713648542225
10189,Si2,3,19,0.6230061425000041,7.233466349718014,2.4346409267952436,0.00522085296813557
10190,Sn2,1,19,0.2796142699999983,1.978381295732322,1.2124985255118834,-0.05177678691182283
10191,ZrSe2,1,28,2.087859344999975,0.9956888829459882,-0.1408403242836258,0.8387749666760502
10192,Si2,3,19,1.7823349524999998,6.562631141199137,1.3097859333489992,-1.2097036331360878
10193,Si2,3,19,-0.0443074399999963,8.044868359443761,3.1259970361761438,0.14578220196288694
10194,ZrSe2,1,28,4.063755959999981,-0.17239822023354234,-1.9834349659407366,-0.2510210382267064
10195,W2Se4,3,97,8.313710579999963,0.05573172397546067,-5.832203040250818,-2.129611859449426
10196,W2Se4,3,97,6.3693192474999725,0.8495813535691603,-3.958729711468885,-0.3416288368859588
10197,W2Te4,2,55,0.3968814099999929,6.650028399112556,2.4111502284633453,0.22280761746837052
10198,ZrSe2,1,28,5.036487259999985,-2.12010415249673,-3.3242847110192724,-1.256356635228867
10199,Sn2,1,19,0.2296313849999967,2.202142198094282,1.2487852168168165,0.921315033444319
10200,Sn2,1,19,-1.4314989137500018,3.7969595082451395,2.8771140861361713,1.0764961925992858
10201,Si2,3,19,2.121628360000006,4.7963221112422625,0.8584491451116882,-2.4924910823968567
10202,Si2,3,19,0.108521234999996,8.681794075160322,2.987357922384241,0.7215110341599568
10204,W2Te4,2,55,5.036746493750028,3.0980820737548544,-2.2365995961161578,0.3888910693196328
10205,W2Te4,2,55,0.495182467499985,6.518154190977798,2.322463320692764,0.7050578266386056
10206,W2Se4,3,97,2.199444087499957,3.9252583661133245,0.21543793662927513,-0.0641843797311985
10207,ZrSe2,1,28,2.4948517199999776,-0.39690928823219584,-0.5742888169136331,0.07501231465273239
10208,W2Se4,3,97,-1.1603044050000249,5.857420382605208,3.5691839235089358,0.32115008205792683
10209,Si2,3,19,2.996850482499993,4.7804686309135,0.08440384082357477,-1.7438787935936413
10210,W2Se4,3,97,-0.8064561874999834,5.183993438018782,3.228393971059147,0.33313705437722135
10211,ZrSe2,1,28,-0.7370308900000219,2.71925428153292,2.6765696072699194,0.7435879572353328
10212,Sn2,1,19,0.1330198700000018,2.5175819143882223,1.3288293029100526,1.0189780935874413
10213,W2Te4,2,55,2.0669312200000203,6.029620198304423,0.7314164915630901,0.02374850501116965
10214,Sn2,1,19,0.6395419916666643,1.6659463166041082,0.9219885586542789,3.7657274721903504
10215,W2Te4,2,55,3.050174375000009,4.721506139017732,-0.24483376703898996,1.284493943430574
10216,Si2,3,19,2.095212684999996,5.6472787192155,0.9670690825272663,-1.0303199558765626
10217,Si2,3,19,5.691031259999997,3.7445869816280144,-2.606638076609698,0.44530538449056234
10218,W2Se4,3,97,6.085334359999997,1.3090487525895211,-3.6578810010318983,0.5157608395849635
10219,Si2,3,19,3.953415367499996,5.165066427493086,-0.8682549531221477,0.10216318220296605
10220,ZrSe2,1,28,3.9775660299999966,-1.0591628813488736,-1.9698684477551236,-0.2532769306245899
10221,W2Te4,2,55,5.364762992499997,3.2302998991422553,-2.547286719916989,-3.2836181033042364
10222,Si2,3,19,0.4124518850000074,6.805781541411939,2.605643528843783,-0.15382200663798756
10223,Si2,3,19,1.447846414999999,6.3495955443811045,1.588798043770753,-0.1498476687638337
10224,ZrSe2,1,28,0.454726505,0.7511841379417927,1.4048873506798298,0.12074743934610999
10225,Si2,3,19,1.5588849475000028,7.225587597487994,1.460568021733192,0.4788758665309625
10226,ZrSe2,1,28,-2.257615550000011,1.573520167309581,4.004023893315136,0.2113358811920274
10227,ZrSe2,1,28,6.071828294999998,-4.266644129363299,-4.284861375101011,-5.146442064849139
10228,Si2,3,19,0.4222047899999961,6.716371399676925,2.5847707813144973,-0.3617875352341677
10229,W2Te4,2,55,4.144842724999993,3.702701468267829,-1.3358838766825287,-0.02035230497639251
10231,ZrSe2,1,28,-1.6909106250000092,0.8625477627309256,3.386079358596811,0.21417781466167107
10232,Sn2,1,19,4.568655165000001,-0.33448615865234466,-3.0311799366903696,2.223663814899088
10233,W2Te4,2,55,2.7193418124999966,5.7730438928120975,0.09487043026225095,-0.15525068637593264
10234,W2Te4,2,55,7.383545585000028,1.1811286334956597,-4.611071455005318,-0.4513294175500766
10235,W2Te4,2,55,2.668666245000006,5.781550684117832,0.1665462241009461,0.8167179808453309
10236,ZrSe2,1,28,1.89780885499998,0.8493852762154335,0.04165344911531532,0.33789087809836804
10237,Si2,3,19,-1.0165026900000005,8.5033035195695,4.051925889335735,-0.7185125433577468
10238,W2Te4,2,55,-0.449530190000004,7.089623675514328,3.2675433812231485,1.356942242154545
10239,ZrSe2,1,28,1.176469202499979,0.47894470327954175,0.6226089838530686,0.014328563549723894
10240,ZrSe2,1,28,-1.2131325550000156,1.8274588731050776,3.062047655097672,-0.154235745755803
10241,W2Te4,2,55,-0.6725861449999909,7.484750928477774,3.4859790225787264,0.47719886103901277
10242,ZrSe2,1,28,1.3075596824999858,0.7393105888648619,0.58280635518668,0.09496892137167756
10243,ZrSe2,1,28,0.4883307599999807,0.6935767745993235,1.2314594205242095,0.5548872168880401
10244,W2Se4,3,97,0.1751402299999551,4.773388695577845,2.2310061373909957,0.39452663248783787
10245,W2Te4,2,55,0.0720421800000243,7.46274404436521,2.7312218816098794,0.10894299258959567
10246,ZrSe2,1,28,-0.1206756925000134,0.8943008279217664,1.86799634450807,0.03832488213115762
10247,Si2,3,19,0.5339265774999953,6.506412971882532,2.501247712839157,-0.009704362483312301
10248,Sn2,1,19,-1.3817296199999989,5.078412867884113,2.8359385105970247,1.3920552505058785
10249,W2Se4,3,97,0.1692205750000246,5.044609856302364,2.2484597679921223,0.1685467875945799
10250,W2Te4,2,55,1.5015654375000302,6.511746743336966,1.326196530476858,1.0573253820495303
10251,W2Se4,3,97,1.931150455000032,4.923712314444751,0.5249829901039313,1.413200359819304
10252,ZrSe2,1,28,7.467972767499982,-3.4419597110628075,-5.5133515319704,1.1404520549894377
10253,W2Te4,2,55,1.2647565375000072,6.706521017329908,1.5587935278584728,0.736960910734551
10254,Si2,3,19,0.761541234999997,6.926991435338952,2.2981237296759063,0.0040519361196929005
10255,ZrSe2,1,28,0.1040207099999994,0.40461187043925023,1.5719866402858484,-0.43190808614949483
10256,Sn2,1,19,2.1137544150000016,1.5479622448637884,-0.6292575036332211,0.8251432741835516
10257,Si2,3,19,2.200148110000006,6.22995455621907,0.8627819971166932,1.2309368407649681
10258,W2Te4,2,55,3.4380978899999786,4.926591460128195,-0.6363589920405874,0.6351017000472217
10259,W2Te4,2,55,4.889548890000009,3.3984833238468326,-2.082314443792327,-0.3631705762996509
10260,ZrSe2,1,28,1.7871433299999957,0.8376808760343466,0.09156062183563662,0.18954775708699967
10261,W2Te4,2,55,2.892276455000028,5.635050605699435,-0.08884550038475325,0.18619965609412858
10262,Si2,3,19,-2.6507096750000017,10.088875816510011,5.715088731294761,0.016775892422487004
10263,ZrSe2,1,28,4.369834879999976,-0.9679546157177494,-2.3917784094468955,-0.13159050540687733
10264,Sn2,1,19,-0.3267381200000034,2.431286375602522,1.8595821866198765,2.594704112291772
10265,Sn2,1,19,0.4930013349999998,1.4075522093623862,0.9534521965831504,-0.12465647174418115
10266,Sn2,1,19,1.5318419150000002,1.9198553550754798,-0.030560454873759246,-0.595619202801107
10267,Sn2,1,19,1.1584910549999972,0.8909360966799955,0.35558227715077995,0.30815867600026725
10268,W2Se4,3,97,-0.6192790533333671,7.246028568866814,3.091696805281406,2.6955834890633477
10269,W2Se4,3,97,2.2620615274999665,4.031302401294894,0.174861658484327,0.5590856759454681
10270,W2Se4,3,97,2.2346981424999512,3.8398701291370116,0.1794415256468178,0.1672627867348715
10271,Si2,3,19,2.9813783475,5.766513237532145,0.11154155848042802,-1.4442804960646567
10272,W2Se4,3,97,3.4220050249999776,3.3832460965210185,-0.952605572790505,-0.5936849191294127
10273,W2Te4,2,55,2.1952938550000205,6.2510556068733525,0.583114433955668,1.5676457570706988
10274,W2Te4,2,55,2.021389382499999,6.4905181950146495,0.7863621936057545,1.7325441266908785
10275,Si2,3,19,-1.0191474350000018,8.648533701072592,4.006646274696251,0.6818065237705504
10276,W2Se4,3,97,3.7667165250000094,2.6887827266835433,-1.3534501046356295,0.23671463624470057
10277,Si2,3,19,-0.8163559449999989,8.359118224510496,3.8797237886279285,0.996399801302896
10278,Sn2,1,19,-0.4611891600000035,3.062776217113651,1.876173942536828,2.7210270258294713
10279,ZrSe2,1,28,3.905866057499976,0.02242558119224425,-2.0955794163790653,-0.236693611566952
10280,Si2,3,19,2.7236650200000057,5.883043983448481,0.3927336323946071,0.3611368923077336
10281,W2Se4,3,97,-0.851565430000021,5.6991643800681775,3.266684919034038,0.33001326465069647
10282,Sn2,1,19,2.2840602450000045,1.1623605835013788,-0.7311242076185145,1.8858234830273393
10283,Si2,3,19,1.0450554275000048,8.388767363281652,2.0911665376540074,0.08147895500223323
10284,W2Se4,3,97,1.0198828249999794,4.897723687705506,1.4177684118520308,0.916012657699097
10285,W2Se4,3,97,-1.4045596450000288,5.852372321429778,3.816982143067249,0.24155572349123977
10286,Sn2,1,19,-0.3656076700000019,3.0877550950157695,1.8786866377302063,1.8643671383965066
10287,Sn2,1,19,0.4096943125000019,2.8036710038909893,1.0885799343516014,0.6883855675786317
10288,W2Se4,3,97,3.926096890000002,2.7013623181705713,-1.4875013566290303,0.14639825261881345
10289,W2Se4,3,97,3.0716736500000152,4.269315780745427,-0.5798289164439034,0.05278068934528113
10290,ZrSe2,1,28,1.637424097499986,0.45753051237092457,0.4276134709102517,0.32385267213807545
10291,Sn2,1,19,2.4518057249999963,1.1025857385976194,-0.9972479882853154,0.504519249695845
10292,W2Te4,2,55,0.6896875225000292,6.667044369132051,2.140181429933239,-0.3877618235839118
10293,W2Se4,3,97,2.2792413350000267,4.304749715720188,0.1698301517909484,0.8319375399694557
10294,Si2,3,19,0.8218119000000023,6.719955299834186,2.222984169463092,-0.3374004219573997
10295,W2Se4,3,97,3.6684107799999657,3.4774196128375587,-1.2025635262005272,-0.35901419517127087
10296,W2Se4,3,97,2.84362480249998,3.6268033066690264,-0.4229219477077031,-0.16689202395078562
10297,Sn2,1,19,2.024413845000001,0.7251844991670726,-0.506299158987733,0.6994427630729154
10299,W2Se4,3,97,0.7292289149999895,4.5648993042866115,1.682992357786469,0.12109364944296297
10301,Si2,3,19,-0.6418718033333397,7.869048946430263,3.680569920271613,0.1830671164691226
10302,Sn2,1,19,1.4683493249999993,2.299715412319947,0.006794624190776366,-0.4110521349695835
10303,ZrSe2,1,28,4.355862924999984,-0.6190355514953456,-2.217306643274419,-0.055454402711979434
10304,W2Te4,2,55,0.8407387700000077,7.9531842900992755,1.9713354938905767,0.3927572601717044
10305,Sn2,1,19,-1.1866108866666651,4.4003990781441225,2.6807729693387845,1.4632584146792587
10306,Si2,3,19,-1.1849685899999958,8.006977120298865,4.233468253670853,0.3778191002793333
10307,Si2,3,19,3.0471703899999945,5.970126401076666,0.12165968685343964,0.37376770445699625
10308,W2Te4,2,55,6.3562392162500085,2.7164070837479564,-3.543971833310352,0.016903185127351783
10309,ZrSe2,1,28,-1.4413756550000216,1.1837960104789442,3.1348080258216564,-0.08325568629839952
10310,ZrSe2,1,28,1.2347321874999877,-0.06328407596586905,0.465433998196932,0.05437783727011314
10311,Sn2,1,19,0.8418599837500027,2.0009399182122776,0.5821038014215061,-0.16307783856771108
10312,Si2,3,19,0.9639149400000075,7.475756814837029,2.1630032169417244,-0.9164534302954177
10313,W2Se4,3,97,0.8796905949999345,4.79926058895494,1.5242949053357588,-0.05312433593367072
10314,Si2,3,19,5.880308079999998,4.37393020760783,-2.7735192858003725,0.6139895833707705
10315,W2Te4,2,55,10.159815885,-0.7501870168969731,-7.38520266351359,-4.236895181112061
10316,Sn2,1,19,-0.8632377250000065,2.661612258653266,2.373127446870429,2.8427195810282457
10317,W2Te4,2,55,-0.4139963950000181,7.40924852741579,3.2248947784584736,0.6337096855324481
10318,W2Te4,2,55,1.3878835275000103,7.195782161332591,1.4396368429833881,0.6001348262801003
10319,W2Te4,2,55,2.1482844674999924,6.122032451191007,0.657998370685636,0.14862383162822201
10320,ZrSe2,1,28,0.7253866849999886,0.5763456167120475,1.1248717845816154,-0.13252892679584638
10321,Si2,3,19,-0.0504371750000034,7.399113777045699,2.9781208463155147,0.4014949031316155
10322,W2Se4,3,97,0.5819431349999604,4.873882352772664,1.8329944406582022,0.2545582646760446
10323,Si2,3,19,0.4659236799999953,7.112425274518641,2.593016174304,0.041639632848413766
10324,ZrSe2,1,28,1.3873766524999946,0.43369664118591844,0.3404636518747002,0.20221095647319065
10325,ZrSe2,1,28,3.0007067774999854,-1.4695736820766048,-1.2827369625636653,-0.44391237251646487
10326,W2Se4,3,97,2.159621262499977,4.329731599540225,0.28434600040387226,0.6125147899495675
10327,W2Te4,2,55,3.5179327599999826,4.665321958780535,-0.6985110712843658,1.0964344071549657
10328,W2Se4,3,97,5.319057927499923,2.001111759771195,-2.89637969530693,-0.12532566584220817
10329,W2Te4,2,55,4.314062325000027,4.083106788159153,-1.5059570946686058,-0.1691739239685326
10330,Sn2,1,19,1.5820218350000026,1.3561149810247777,-0.08311840151815031,1.525873618770953
10331,ZrSe2,1,28,1.6141972249999963,0.6885851913436927,0.37240802186177935,0.04363345044301714
10332,ZrSe2,1,28,2.259112674999975,-0.6552283754038244,-0.32874023815864617,0.3394204785339605
10333,W2Te4,2,55,2.7025218124999806,5.633325883168558,0.11426050307212243,-0.1232636884663707
10334,W2Te4,2,55,2.396883717499989,5.832099048969331,0.4150819864642443,0.5959166771940212
10335,Sn2,1,19,1.5342246825000048,1.2811728184918165,-0.08206046963735414,1.2360700632631383
10336,W2Te4,2,55,-0.1183710433333209,7.960166487821846,2.9441058176049677,3.1924996711104203
10337,Si2,3,19,-0.7583140199999949,8.197793291570836,3.803484883469437,0.2700682148954214
10338,W2Te4,2,55,3.776206645000004,4.243135777485348,-0.9476397759000688,-0.5997464583595824
10339,Si2,3,19,-2.8691298675000008,9.204196027066244,5.931355447715455,-0.32797736809061595
10340,Si2,3,19,-0.3606616166666696,8.814613929136152,3.4163154271677683,0.04030318135376271
10341,ZrSe2,1,28,2.769162924999978,-0.2715147256006656,-1.0387954234232366,0.1775929610779028
10342,W2Te4,2,55,11.808140367499984,-1.916173229845361,-9.002427985501287,-1.17324313544432
10343,Si2,3,19,9.509862004999992,-2.2315243674165766,-6.58038192916381,-3.7426925294445716
10344,ZrSe2,1,28,-1.0461853549999995,1.730746766539713,2.981556356561482,0.10374818306396438
10345,Si2,3,19,-0.6331173249999926,8.555084036680087,3.702363219749952,0.8672365416010465
10346,ZrSe2,1,28,0.1404210049999781,0.22171980946331946,1.555998313517071,-0.14201332321693771
10347,ZrSe2,1,28,-0.4433340600000111,0.5729594201710112,2.132965045260021,0.20437601912680145
10348,W2Te4,2,55,2.6565105925000214,5.521586496631652,0.15445526341631988,0.7301622221870718
10349,W2Se4,3,97,0.6755188574999538,4.644494546392563,1.7445014049003553,0.08888504201074776
10350,W2Te4,2,55,2.6196226049999933,5.593315544770109,0.1727875302691717,1.4104724954028387
10351,W2Se4,3,97,2.245764950000007,3.983025372939548,0.17246534518126744,0.718159060594679
10352,W2Te4,2,55,4.672541089999985,4.224582405737726,-1.826087264367254,-1.1546516698085383
10353,W2Te4,2,55,0.1440189650000141,7.681906067297756,2.675371252463161,0.17080382800688287
10354,Si2,3,19,-0.3419995050000004,7.406314983006999,3.3627099732922368,-0.4456144431862382
10355,W2Te4,2,55,5.849196604999984,2.1456729450691885,-3.080459765705551,-1.2897110105684249
10356,Sn2,1,19,0.4087837899999961,2.072663906685795,1.0327290728412923,-0.08768963468841162
10357,Si2,3,19,1.2856447900000072,6.946519354515984,1.7987495060103282,-0.08956327087311511
10358,W2Se4,3,97,0.0462559499999732,5.256436105702236,2.363579865429714,-0.0827087202331275
10359,W2Te4,2,55,0.7587721699999872,6.429722353366305,2.0496820256583783,0.11616711273520164
10360,ZrSe2,1,28,1.7502774299999952,0.2949154077151537,0.14647480827362536,0.19784117720317052
10361,ZrSe2,1,28,2.518935039999998,0.28467504644104213,-0.5968275818853739,0.06885783338257045
10362,Sn2,1,19,1.425552757500002,1.8175811847861714,-0.005712977964072552,0.049146978141477504
10363,Sn2,1,19,1.9229730449999984,1.572051397672731,-0.4699298225726303,-0.3856447620079533
10364,W2Se4,3,97,2.008840927499933,3.9615926652963926,0.404428671778835,-0.05037821235100726
10365,W2Se4,3,97,-1.0194006249999945,5.752017446924841,3.428816029001866,0.34431857721963965
10366,W2Se4,3,97,-0.5921998175000533,5.0853665026044235,3.0129296135917687,0.012112950485486329
10367,ZrSe2,1,28,0.9709759699999898,0.9550394070446879,0.7422782035967102,-0.057660355935455265
10368,Sn2,1,19,0.6877743399999972,2.707523505204674,0.9000463886198962,4.7893945379195175
10369,ZrSe2,1,28,1.4175168899999786,1.1167644432875785,0.4090996356500458,0.18210901535483903
10370,Sn2,1,19,1.8032958500000007,1.7684956399190261,-0.3476310563496914,-0.34445122802378414
10371,ZrSe2,1,28,1.290825293750001,-0.2910929583414724,0.6919217047190338,0.3383786615824371
10372,Si2,3,19,3.5283025200000058,5.262548675653274,-0.4373641903033505,0.7899819915661563
10374,Si2,3,19,1.5127965274999973,7.253208988552249,1.5805578566044134,0.3248498376657132
10375,W2Se4,3,97,3.067158009999992,3.7256177798966554,-0.5917427802026287,-0.37874963521361504
10376,Si2,3,19,-0.1128500550000035,7.699399496019698,3.1140570093202755,0.6894086449353063
10377,Si2,3,19,4.716945317500004,4.131305866327715,-1.6962309550376422,0.7676859029996708
10378,ZrSe2,1,28,1.0471095374999797,0.7980354893427735,0.9632090596578167,0.18878522199607328
10379,Si2,3,19,-0.0545588150000009,7.447353185651246,3.1303067022934985,-0.2115712350233959
10380,ZrSe2,1,28,2.4646192450000024,-0.5514710007779973,-0.5139223792824323,0.2664786916302466
10381,Sn2,1,19,-2.1826581350000027,4.403538007639977,3.7094285677901233,2.079563239319257
10382,ZrSe2,1,28,-1.9215841750000149,0.9523162106369167,3.6155430535171655,-0.021861428052760257
10383,Sn2,1,19,6.790989575000002,-0.2045486939066592,-5.309705950033063,-0.2533629906290713
10384,W2Te4,2,55,2.994894772500024,5.66852987832802,-0.17994915418845991,-0.17128287725669722
10385,Si2,3,19,-1.9860174299999944,9.469470862718907,5.023339156481114,0.5609584293489527
10386,W2Se4,3,97,2.0329848799999217,5.185262454162473,0.44832095763130386,0.5615404572193166
10387,ZrSe2,1,28,3.854353169999983,-0.41666521668679124,-1.7959112926348708,0.15250565568361063
10388,W2Te4,2,55,1.124177344999996,7.138353299734705,1.6914444284019,1.0882686690864092
10389,ZrSe2,1,28,2.259833022499996,-0.11346364472798287,-0.5515753870655276,0.05742167975016654
10390,ZrSe2,1,28,-2.169514935000024,3.6997200258406817,4.160504937950057,1.5691353090438067
10391,W2Te4,2,55,0.7224459949999869,6.969321061783053,2.0734879668682993,0.13934851647716562
10392,W2Te4,2,55,-0.8019847750000165,7.606110878719091,3.615034727189144,0.5492075959177818
10393,ZrSe2,1,28,-1.2279329550000249,1.250852927737655,3.1543002378674565,0.12124747551800996
10394,Sn2,1,19,-1.298016322499999,2.183902514821776,2.844597272919107,-0.052834895405681426
10395,W2Te4,2,55,2.5721756000000333,5.57749245775957,0.23381382438758047,0.5578829269927645
10396,W2Te4,2,55,5.974501996666652,5.290930837958592,-3.183304935127956,-1.3999604279105489
10397,W2Se4,3,97,-0.1919234900000777,4.982640376520464,2.594704658619869,0.17046685102811318
10398,W2Te4,2,55,0.0904306400000072,7.42915449259887,2.712877052209872,0.4116284620584034
10399,ZrSe2,1,28,-1.769371612500008,1.7018947836069824,3.587264680495715,0.3245631293762288
10400,Si2,3,19,-0.6172550225000057,7.480599294477748,3.6536921365797994,-0.05449639720315991
10401,W2Se4,3,97,6.867375325000018,1.2082125039540434,-4.409756373202533,-0.3115531115092143
10402,ZrSe2,1,28,2.639390037499989,-0.22165251378528783,-0.7097419560384004,0.019364390727753644
10403,Sn2,1,19,0.2881890350000011,1.8683755185786937,1.1662939574901314,5.264178493279621
10404,W2Te4,2,55,1.0159305575000148,6.837277984370102,1.8113077638043065,0.4208853798601129
10405,W2Se4,3,97,3.731984199999939,3.0819517156291303,-1.2714427132598267,0.37874756066086857
10406,Si2,3,19,-0.1572828649999977,7.6744497974239065,3.2245813567958557,0.25127001201334404
10407,Si2,3,19,3.0514984799999985,4.820328327657879,0.06945086781392584,-2.9755390756904077
10408,ZrSe2,1,28,-0.4508520200000001,1.4103134705767824,2.3790553246086628,0.15881040038126637
10409,Si2,3,19,-0.3549465799999982,8.542232480115965,3.4310321474743635,0.8716054026954123
10410,ZrSe2,1,28,3.232067024999993,-0.09464772174173275,-1.3271091742258638,-0.2041660113077728
10411,ZrSe2,1,28,-0.6487191099999983,1.5804389694411198,2.4944047112344343,0.29496228487080717
10412,W2Se4,3,97,4.566054292500022,2.708524199346699,-2.1329433401227025,0.37369621994097724
10413,W2Se4,3,97,3.0167236399999524,3.332960518961026,-0.5853978069972263,0.045774134759975826
10414,Si2,3,19,-2.113049724999996,9.499991634790035,5.16437901984049,0.5523885680277469
10416,Si2,3,19,0.0850224149999938,7.196642115436204,2.934931869032192,0.2009614653609274
10417,Sn2,1,19,0.9625965049999978,1.8431998798114035,0.46393775034566453,-0.03289521645883975
10418,ZrSe2,1,28,0.3883132524999926,1.0644466491825433,1.4815530789183626,0.19479489448537934
10419,Sn2,1,19,0.4583198649999991,2.3204774436039233,1.0037207977655038,0.6343607481998708
10420,ZrSe2,1,28,-0.3495473550000234,1.6288043346244538,2.3148506965476714,0.117985376341983
10421,W2Se4,3,97,1.9667383624999952,3.955161591977951,0.44304086825358535,0.2015476431559291
10422,W2Te4,2,55,4.699845580000028,4.4849612437304405,-1.882147339719877,0.10593991702959382
10423,Si2,3,19,7.607602655000003,1.1015877931252014,-4.679388104981692,-3.0524681996370466
10424,ZrSe2,1,28,3.5233867399999816,0.12999270030763554,-1.5287872387080708,0.32648084232118535
10425,Sn2,1,19,-0.7770035624999991,2.89878697797648,2.3660974463322946,2.3258124550679513
10426,Si2,3,19,-0.4523074550000044,8.18715603377096,3.4418924572633918,-0.21168423468200243
10427,ZrSe2,1,28,4.1965936549999965,-1.480034880687659,-2.2483848461010707,0.007705079664920511
10428,W2Se4,3,97,3.2936556549999696,2.7022281674411315,-0.8832151305808207,-0.18464988590613807
10429,Si2,3,19,-0.689623023749999,8.35500397849243,3.7348202722088613,-0.22196866504191182
10430,W2Se4,3,97,-1.016762810000016,5.840089795041317,3.4320553909224607,0.31815361683391885
10431,Sn2,1,19,5.028508014999998,0.5745035136509218,-3.561870363874408,-0.1841330404313135
10432,W2Te4,2,55,4.467342189999979,3.4634792287622282,-1.6510277311529329,-1.1242475232010691
10433,W2Se4,3,97,6.006480499999922,0.4867276699372116,-3.5904213238728064,-2.651979014175337
10434,W2Se4,3,97,-1.2870579549999888,5.74030188613453,3.699956177605376,0.3487746704947804
10435,W2Te4,2,55,1.0790420400000111,6.70710110397175,1.7324763907098277,0.060424762279143396
10436,Sn2,1,19,-1.5003635900000027,1.9097632583756539,3.074591956216026,1.4396028137981187
10437,Sn2,1,19,5.063800635,0.6565254310171511,-3.5520313402612302,0.20726221595214867
10438,Sn2,1,19,0.8419930425000013,3.133110097377318,0.6273923430133044,0.29898374411346307
10439,W2Se4,3,97,-1.3119091900000366,6.0740656765112675,3.7351214798102172,0.8015674662400675
10440,W2Se4,3,97,4.6072009699999565,2.278180092825564,-2.189017166441607,0.07274545257694776
10441,Si2,3,19,4.575814067500007,3.2035323985644464,-1.5727546008201156,-2.7208676926068183
10442,Sn2,1,19,0.5469929849999993,1.4242824240627041,0.9177505894603482,0.9652129733663948
10443,W2Se4,3,97,2.1628654549999258,4.34920194243558,0.26989597574043067,0.6616949488239268
10444,ZrSe2,1,28,-1.832028987500004,2.1801922743448934,3.808108769350183,0.3167202894816121
10445,W2Se4,3,97,1.3453105350000136,4.438687000705553,1.098146909508857,0.2231273591853704
10446,Sn2,1,19,3.3869010050000017,1.0481643439430726,-1.9459916193188493,0.06947371970601246
10447,W2Te4,2,55,2.2495451133333177,5.883781417123226,0.5637531915423741,1.538735453200089
10448,W2Te4,2,55,8.572887750000014,1.5053321405944686,-5.783491702407851,1.062341678609199
10449,W2Se4,3,97,0.5504606049999801,4.721000365242838,1.861500394170959,0.027632764801859167
10451,Si2,3,19,-0.318446333333336,7.514709964518231,3.3609259278818793,0.24263454986063904
10452,Sn2,1,19,-0.0002926049999976,3.1211209156485977,1.4583519953859432,0.821009423173724
10453,Si2,3,19,10.52395208,-2.0357010296866864,-7.5879261426017255,-5.094180020877279
10454,W2Te4,2,55,1.6713572999999888,6.932458096626802,1.1295121648742787,0.07722104974925847
10455,Si2,3,19,4.4490903299999935,5.013526431525479,-1.314524658715,0.5012551862048404
10456,Si2,3,19,-0.8853701099999955,7.751852924153031,3.9322010820357214,0.17236051412902387
10457,W2Se4,3,97,1.4599819374999772,4.7126719362615175,0.9830295847931136,0.2148682482122013
10458,ZrSe2,1,28,-1.7268196650000136,1.166158825919203,3.4193306274862807,-0.04846994999530696
10459,ZrSe2,1,28,1.690120727499989,-0.1563211189515068,-0.009833922664987282,-0.007359694123931115
10460,Sn2,1,19,-1.2704759462499975,3.4085623446925837,2.755007905147906,1.6233188732290624
10461,W2Se4,3,97,2.0217411549999422,4.27777639705796,0.4029988415922614,1.1087181536243254
10462,W2Se4,3,97,0.8436293849999774,4.829654668802513,1.5622085482224752,0.22011968993593567
10463,Si2,3,19,0.4347550149999968,6.9751264178511585,2.493550213551232,-0.23775172990986823
10464,Si2,3,19,3.119734010000008,6.547021030486646,0.01393632004759926,1.2213816236466393
10465,Si2,3,19,1.0330718724999972,6.844867669634605,2.0257840584641547,-0.8553392459029107
10466,W2Te4,2,55,6.989430224999977,2.136816704168724,-4.198685522978696,-3.59170058976133
10467,W2Te4,2,55,5.906880530000031,3.853044358610809,-3.089375567714671,1.3573362109260758
10468,ZrSe2,1,28,4.517371794999999,-0.615757764797769,-2.429687600753071,0.12481262145304495
10469,Sn2,1,19,-0.8993209699999998,3.0588199794502766,2.430371691804301,2.028045425833435
10470,ZrSe2,1,28,2.4546161899999746,0.4395508358840181,-0.43009976645668013,-0.012173057599461856
10471,W2Te4,2,55,-0.5640311349999849,7.526811451670721,3.3744035670729424,0.47388435498594683
10472,W2Te4,2,55,2.294873257500002,6.091448763984372,0.5122201243817117,0.3911068240582254
10473,W2Te4,2,55,1.3335116075000162,7.222388489393294,1.489719930636784,0.4354132645804689
10474,W2Se4,3,97,-0.5858962525000087,5.775860070096444,3.011092582252613,0.4022948731054774
10475,W2Se4,3,97,6.167585134999982,1.7124444638718854,-3.745483398931256,0.18936451226767748
10476,ZrSe2,1,28,2.298043369999996,0.8136154415692181,-0.4611083266650349,0.8704940877840213
10477,Si2,3,19,0.950635044999994,6.797564179472052,2.0111623513419654,0.22830223120443305
10478,W2Se4,3,97,2.051115234999997,3.493163823774315,0.3703807589320913,-0.4888115726998872
10479,Sn2,1,19,0.4287833500000026,1.5280738941736831,0.9864396921702041,0.21659293491719306
10480,ZrSe2,1,28,-0.0448451450000115,1.0865539720187494,1.7269893895119337,1.441062968028576
10481,W2Se4,3,97,2.176645950000028,4.192985737800061,0.24239679622596455,0.2973546628946657
10482,ZrSe2,1,28,2.6348635399999765,0.4371120090621168,-0.8135426088832365,0.7577315127191397
10483,Sn2,1,19,1.7535869250000058,1.4546749622324566,-0.24554562263692792,1.7324340373972515
10484,W2Te4,2,55,1.5754935375000247,6.687108791754126,1.2455600469166828,0.4346658755197912
10485,W2Se4,3,97,9.55079179500001,-2.0553633917814222,-7.024955883567108,-5.794992660427662
10486,W2Te4,2,55,0.5789189850000216,7.483031698593728,2.21489599201007,0.42294083886269007
10488,Si2,3,19,5.309926705000005,2.2287275429197138,-2.4106587930889942,-2.609634236929021
10489,W2Te4,2,55,0.9744446150000066,6.438517026947422,1.8377479839786717,0.31535197580504715
10490,ZrSe2,1,28,4.934431094999988,-0.598766663745919,-2.878258644616484,-0.2437687109667852
10491,W2Te4,2,55,5.735462440000028,3.8478530914127322,-2.924124651100288,0.1584721277693406
10492,Si2,3,19,2.0517001500000003,6.274636869602457,1.0511311342051184,0.02238270140991183
10493,Si2,3,19,5.701327199999995,3.930018787319951,-2.65115765260111,-2.634412323697912
10494,W2Te4,2,55,1.49013121499999,6.603534225877289,1.3285648070337015,0.3370866420429586
10495,Si2,3,19,1.7322043300000054,7.582737394141434,1.5093320488604682,-1.4360815803535008
10496,W2Se4,3,97,1.2528487574999492,4.659886506006623,1.1798076101198833,0.43191546877772
10497,W2Te4,2,55,8.931785545000002,-0.4950468949959337,-6.145439109453127,0.6852716195100896
10498,W2Te4,2,55,0.8088849250000294,7.417433593320689,1.978903704531831,0.3642368054865226
10499,ZrSe2,1,28,-0.3991589050000108,0.9510428409283556,2.2648697595303453,0.23501899843466248
10500,Sn2,1,19,2.7241718775000017,0.6276729895705144,-1.3517519638901792,1.2023603910241683
10501,W2Se4,3,97,0.3736897050000074,5.35580057515136,2.0475015105151293,1.1647157133959887
10502,Sn2,1,19,1.8001262150000006,1.5208212334125766,-0.26135148622497617,1.1409078635980219
10503,Sn2,1,19,-1.2201302500000035,3.179406926177982,2.7270517400334713,-0.21574913944498353
10504,Si2,3,19,2.8633332866666645,5.9136684916180435,0.2240759712221294,-2.1519165255862407
10505,Si2,3,19,0.0435003000000042,7.329009497414139,2.9694564782084103,0.22309959356994208
10506,W2Te4,2,55,1.6388114775000255,6.086672416848119,1.1702007765791576,0.5824860250176747
10507,W2Te4,2,55,4.743964300000021,4.657028570330789,-1.9406426205668343,-0.2671986673706268
10509,W2Se4,3,97,2.648258079999992,3.6020905674355137,-0.22727412970295457,-0.0444244046154707
10510,W2Se4,3,97,1.7422950049999395,4.382816813313659,0.6965810675657749,1.0092489142454624
10511,Si2,3,19,0.7513325200000036,7.215560993997392,2.2704450303794315,-0.22581573183522907
10512,ZrSe2,1,28,-2.890316587500004,2.410098653845219,4.79029431125743,0.8592330831410768
10513,W2Se4,3,97,2.005189379999968,4.378876526206799,0.40455607478823996,-0.14112401102973293
10514,Sn2,1,19,-0.2536900575000009,2.9909788901644907,1.7969958916344206,1.8143050407407644
10515,ZrSe2,1,28,0.1738548674999955,0.43451670817342575,1.5369764170230147,0.1676842770159957
10516,Si2,3,19,0.2288256675000057,6.858706932267043,2.835323632757359,-0.07928158740153565
10517,W2Se4,3,97,2.8082115350000065,4.215945114907424,-0.34855235594828926,-0.07250838456869158
10518,ZrSe2,1,28,0.8482469949999922,0.3689544763287431,0.9174080060045446,0.02248519322480025
10519,W2Se4,3,97,6.413358230000022,0.9902522379107443,-3.9948135401857727,-0.31509353578615507
10520,Sn2,1,19,2.663796467499999,1.3300457369118255,-1.2159370212923168,-0.9429326483776848
10521,Sn2,1,19,0.7906407124999997,1.6614882541493738,0.6113306674158736,1.1782550009882613
10522,W2Te4,2,55,7.839242310000023,2.9187113337988055,-5.021533658775251,-0.4828639136478907
10523,Si2,3,19,0.997872969999996,7.772757389649662,2.103948293631189,-1.0862313722521932
10524,W2Se4,3,97,3.579641885000028,2.9594157671555306,-1.1640059018508175,-0.24049550934390007
10525,W2Te4,2,55,5.8204777700000285,3.769719793171358,-2.997531857320992,0.314018283059867
10526,ZrSe2,1,28,5.470319347499993,-0.48566635143676073,-3.599038518388258,0.3463741174149648
10527,W2Se4,3,97,4.296139049999948,2.712497504082286,-1.8745093827178438,0.04712314558720987
10528,W2Se4,3,97,0.0451173699999989,5.26520161657481,2.3644873383536793,0.011855928390707482
10529,ZrSe2,1,28,7.2020312999999785,-1.6558733041401963,-5.465222721826659,-0.28209003362221186
10530,Sn2,1,19,2.371530120000001,1.2024536287538647,-0.893950963442282,1.6190522666526275
10531,Sn2,1,19,0.0438318150000016,1.3130559229099512,1.4980544351780176,1.0882947150114932
10532,Si2,3,19,0.4011999250000001,7.6898634155049645,2.6615429440592444,-0.6980289499506633
10533,Si2,3,19,5.965306745000002,2.6240932285514296,-2.9819349309080017,-1.9663953642321799
10534,W2Te4,2,55,2.463220245000012,5.565106743220203,0.31788304810098067,0.35034119451414814
10535,W2Te4,2,55,-0.4260185600000159,7.560651942161474,3.242204829124365,0.45147641903932256
10536,Sn2,1,19,1.608400114999998,1.079112362238975,-0.25635151925363986,0.20844367282908327
10537,ZrSe2,1,28,3.3905656199999936,-0.003735131159254834,-1.4638997575986672,0.08488886939006157
10538,W2Se4,3,97,3.920527597499996,2.6173068878719112,-1.4993817609877484,-0.003101011348872973
10539,Si2,3,19,-1.0307996649999949,7.83008269264892,4.0491177617966665,0.1200425207077992
10540,Si2,3,19,0.8751189175000049,6.979850107158198,2.190089676504308,-0.15273768333099857
10541,ZrSe2,1,28,0.8723751449999799,1.096620108245056,1.029342597284159,0.317122604010742
10542,Si2,3,19,4.652452340000002,4.856934517350666,-1.6728132071824153,-1.8466499947241228
10543,W2Te4,2,55,0.7091182199999956,7.260365950277918,2.095753974925948,0.0006781292075646039
10544,Sn2,1,19,-1.995730687500001,3.700364002904257,3.3953280541509,1.061883180658977
10545,Sn2,1,19,0.0299644050000003,2.3080096665026852,1.4474198046328732,0.5446912867826331
10546,W2Se4,3,97,1.7823776399999325,4.318960786272142,0.6585618658950465,1.1281632586410182
10547,ZrSe2,1,28,-1.8097817833333585,1.7677629724253587,3.511397991091944,0.7426770463694505
10548,W2Se4,3,97,0.5708370299999741,4.779607644491908,1.8413019089038345,-0.01248146016049656
10549,ZrSe2,1,28,7.734643719999991,-0.908464851388338,-5.627273899723095,-0.21491410574217884
10550,Si2,3,19,-1.092200769999999,9.472336941976724,4.135231190939127,0.34325767956115616
10551,ZrSe2,1,28,1.0237739899999987,0.9106933256738294,1.0448044122013358,0.23922169017323935
10552,Sn2,1,19,-0.5255330900000021,2.130133916899213,1.8743974466767397,0.9419426222291079
10553,ZrSe2,1,28,2.340861137499987,-0.27019283750710743,-0.17332201777952783,0.1869480850392793
10554,Sn2,1,19,1.1576781024999951,2.7181305338474573,0.35327373440389476,2.421550537102666
10555,W2Te4,2,55,2.9872216100000024,5.164594122320148,-0.17797363941894773,0.23720036799682376
10556,W2Te4,2,55,3.5641734349999883,4.9631417047705195,-0.7487257866336958,-0.018740470039254387
10557,ZrSe2,1,28,0.5207829599999751,1.1028629019435876,1.3515697195705407,0.47477061297264045
10558,ZrSe2,1,28,2.182946207499977,0.5430471078788477,-0.2536799931292495,0.4912427242830635
10559,W2Se4,3,97,0.5703770249999769,5.631326682377139,1.8508928686462633,1.424723473199486
10560,ZrSe2,1,28,0.8829286299999959,0.9235088226341797,0.9427448706968222,0.6896031496071411
10561,ZrSe2,1,28,1.2788802549999758,1.1444448067981199,0.6408891513186887,0.7724796368915037
10562,Si2,3,19,3.7740345899999954,5.148897955344038,-0.7037050828080194,-3.0007706189891517
10563,Si2,3,19,0.3852625725000056,8.12133073435933,2.695539311833287,0.020200924343968196
10564,ZrSe2,1,28,1.893055482499976,-0.18958052376228474,-0.17329653480964802,-0.12528006612576936
10565,ZrSe2,1,28,0.96116444499998,-0.18606850536374953,0.7154257989753415,-0.5090546313097944
10566,W2Se4,3,97,0.4121851974999637,4.560724968286779,1.9987105474595495,0.08094079750023975
10567,Si2,3,19,-0.6384351399999975,7.365811998393349,3.636065418269447,0.24448356503865304
10568,ZrSe2,1,28,14.579034834999996,-12.418645530838925,-12.621643255054114,-13.565990676382341
10569,W2Te4,2,55,3.0172290899999874,5.5062533916386025,-0.19907340393939998,0.059239854549573145
10570,ZrSe2,1,28,0.6116979749999736,0.5183212129272725,1.1993815271057393,0.7893530694641377
10571,Si2,3,19,4.610690917500007,4.094285800131015,-1.6402136543672756,-1.092033392119554
10572,ZrSe2,1,28,0.6998747649999959,0.6786534326064086,1.191019608257959,-0.18750461570546062
10573,ZrSe2,1,28,5.787827094999988,-0.8169128900846241,-3.6682809994697965,-0.15122882585529407
10574,W2Te4,2,55,1.79605612250002,6.53998739429482,1.018819718640727,0.3399905652619224
10575,W2Se4,3,97,0.9279359050000268,4.802509400506362,1.5259660216764055,-0.19523301396812576
10576,Si2,3,19,1.157399665000003,6.875689257500607,1.8857407463769502,0.58935939204498
10577,Si2,3,19,5.274734857500004,3.9449712010021933,-2.2022331981066934,-2.4557757008278442
10579,Sn2,1,19,-0.0799855783333325,2.833901563758646,1.5317184522499585,0.557489752247924
10580,W2Te4,2,55,2.8013758600000287,4.722859706457084,0.0048021534836544255,0.7248791912949337
10581,Sn2,1,19,0.7001578774999984,1.5135560863264992,0.6927171581038427,0.38347506851440594
10582,Si2,3,19,1.019587729999996,6.835051641236169,1.9682774795794717,-0.8190827515021729
10583,Si2,3,19,0.5905808549999971,7.469867473653974,2.4362669048826118,-0.48563734112975787
10584,W2Se4,3,97,5.786905480000009,1.6912235890104084,-3.364033890339364,-0.11165701605144118
10585,W2Se4,3,97,0.5030435062499836,4.907378779147864,1.9148174785522625,0.28287111351370864
10586,ZrSe2,1,28,1.474675419999988,-0.0032526682553999375,0.2388604848843503,-0.0681421389915855
10587,W2Te4,2,55,-1.1653076275000072,8.592788007240404,3.986453241488248,0.5872739418158031
10588,Si2,3,19,0.0398692700000005,7.177634198195597,3.0197859989870195,0.06864579392161002
10589,Sn2,1,19,-0.9270832850000028,2.865770490314639,2.538819224979556,1.6602421515644354
10590,W2Te4,2,55,2.0290644133333218,6.750077807481702,0.783336404537772,0.20159952201010256
10592,Sn2,1,19,0.4866982099999966,2.1303603055487095,0.9699780744721511,2.9481423102229853
10593,Sn2,1,19,6.629154849999999,0.11042228445027735,-5.172900367730712,-0.16806555683797075
10594,ZrSe2,1,28,2.4019831699999994,0.5367306984590665,-0.5649345996849562,0.47336062959106506
10595,Si2,3,19,0.6808789724999964,6.910671298216354,2.364923859149784,0.3742573504751623
10596,W2Te4,2,55,2.6231963499999784,5.416425321040875,0.2013297215484835,-0.3669835989293202
10597,ZrSe2,1,28,1.032302699999995,-0.05560632796782938,0.641705629709376,0.0015021934936574333
10598,Sn2,1,19,1.2915076099999987,0.5918175694179293,0.10678989855763876,1.8235981779130057
10599,Sn2,1,19,-0.8427922850000027,4.155714603776452,2.228247734422203,1.9775897388803128
10600,ZrSe2,1,28,2.8016595149999883,0.6881868734989536,-0.8245484933223353,-0.027430465317371144
10601,Si2,3,19,1.073995652499994,6.869344807959397,2.0074858042565977,-0.15525271763722148
10602,ZrSe2,1,28,1.602202682499987,0.7279516569724656,0.34929515043407466,0.058348865504163294
10603,W2Te4,2,55,4.326677989999991,4.526195494293628,-1.5049178123876867,0.173800436615406
10604,W2Se4,3,97,1.6217349424999834,4.650827481841855,0.8346675182340659,0.409680281575334
10605,W2Se4,3,97,12.362608337499935,-4.825882339575131,-9.864480479655901,-6.200514539180436
10606,ZrSe2,1,28,-0.7517941600000073,1.6468142475600254,2.7082657621219965,0.7930285737827628
10607,Sn2,1,19,0.124497147499996,3.1289378681784097,1.3185883640254759,0.37198248297027986
10608,ZrSe2,1,28,2.503892689999999,0.2877180277734386,-0.5471399129003895,0.2004331449100758
10609,ZrSe2,1,28,-1.2938506700000107,0.9500960605741482,2.994433015326752,-0.02656013792743872
10610,Si2,3,19,5.401980069999994,3.3653334898500633,-2.3570710696032657,-2.6338014480720973
10611,W2Se4,3,97,3.478164424999933,3.164657800888637,-1.0571093464934633,-0.10731179565626459
10612,W2Se4,3,97,1.0419042850000042,5.02071949397898,1.3894665296413127,0.4035277024445556
10613,Si2,3,19,-1.2829468849999954,7.789093633860672,4.31855589188171,0.22251786825093123
10614,W2Te4,2,55,6.3634035975000085,3.3095401535172435,-3.5660644759993576,-0.15930934650310125
10615,ZrSe2,1,28,-1.4335111800000095,1.6414690040712578,3.3518244448468115,0.002265455639861358
10616,Si2,3,19,1.0913709749999985,7.319905206538902,2.0274180620686866,-0.5936507334533676
10617,W2Te4,2,55,-0.1468929099999956,7.966331367489009,2.9483001677158565,0.3841166146559608
10618,Si2,3,19,-1.807307969999996,8.579928568475134,4.839455536477454,0.38938444005716577
10619,ZrSe2,1,28,2.1776429899999776,-0.14586385970009141,-0.202164976643451,0.4776556403965473
10620,Si2,3,19,-0.6302669774999936,7.4391492139807065,3.5683982304245947,-1.9300805000950176
10621,ZrSe2,1,28,1.1397715649999878,0.5589119750263591,0.7394597289961873,0.20191766401154787
10622,ZrSe2,1,28,0.0705980199999753,1.705658382333602,1.902650461750513,-0.3051894245969398
10623,W2Se4,3,97,-0.5381766500000242,5.659661168051172,2.947926316849796,0.48665375927329896
10624,ZrSe2,1,28,-0.3548521250000247,1.0116767932485193,2.1487025866419724,0.015196566731795536
10625,W2Te4,2,55,10.614576499999984,-1.3340187086079762,-7.825401466430648,-2.6478632304483893
10626,W2Te4,2,55,4.380016755000012,4.667593051060779,-1.5692333687695434,0.8205067804105513
10627,W2Se4,3,97,3.0454264599999625,3.0615179420589564,-0.630804471067671,0.1596811494309862
10628,W2Se4,3,97,2.325787634999936,3.6802090691016267,0.07128118341030198,0.037931033619855725
10629,Si2,3,19,3.738428673333337,4.368388810568641,-0.6904145888352495,-2.7237841300034624
10630,W2Te4,2,55,5.628162297499981,4.013876206782652,-2.8108793029117645,-0.16273569354693684
10631,ZrSe2,1,28,6.365526189999992,-1.4483052001369137,-4.6281543479335445,-0.031335344510489804
10632,W2Te4,2,55,1.2773741350000138,6.149274958627916,1.532265716252224,0.2211357488806014
10633,W2Se4,3,97,5.813183799999994,1.9343080365478578,-3.3842378612538595,0.3670054916361556
10634,W2Te4,2,55,7.592854499999982,2.413323402221698,-4.779631376449567,-0.2628264429015932
10635,ZrSe2,1,28,0.8507063699999833,0.7263911253969486,1.0899776306510585,-0.05449918044004676
10636,W2Se4,3,97,1.7690248724999351,4.5185186229961785,0.6500627758917885,1.0287755889512773
10637,W2Se4,3,97,1.7144574549999767,4.174390293438541,0.6864833606077299,0.9531868867867259
10638,ZrSe2,1,28,1.238785874999989,0.6107362785364898,0.5368598181432198,0.940632053059907
10639,W2Se4,3,97,2.26046144750003,4.388625345763723,0.1938758315018414,0.02488649103756746
10640,Si2,3,19,0.3052864549999992,7.680775197501425,2.7343643825803636,-0.029184945269978002
