{
  "experiment": "p0",
  "fold": "MoS2",
  "seed": 42,
  "tag": "loho_MoS2_s42_nouae",
  "n_train": 9300,
  "n_val": 1033,
  "n_test": 308,
  "best_val_mae": 0.44218674302101135,
  "test_mae": 0.5395660400390625,
  "test_rmse": 1.0390812158584595,
  "naive_baseline_mae": 3.5073226145997283,
  "wall_min": 21.702188781897227,
  "per_host_mae": {
    "MoS2": 0.5395660400390625
  },
  "model_kwargs": {
    "atom_fea_len": 9,
    "hidden_dim": 128,
    "n_local_layers": 3,
    "n_global_layers": 2,
    "num_heads": 4,
    "rcut_local": 5.0,
    "dmax_global": 12.0,
    "defect_embedding": true,
    "dropout": 0.1,
    "ct_uae_path": null
  },
  "config": {
    "epochs": 150,
    "lr": 0.0005,
    "batch_size": 64,
    "warmup": 10,
    "swa_start": 120
  }
}